<?xml version="1.0" encoding="utf-8"?>
<COLLADA xmlns="http://www.collada.org/2005/11/COLLADASchema" version="1.4.1">
  <asset>
    <contributor>
      <author>Mixamo</author>
      <authoring_tool>COLLADA Mixamo exporter</authoring_tool>
      <comments/>
    </contributor>
    <created>2025-06-24T13:58:11Z</created>
    <modified>2025-06-24T13:58:11Z</modified>
    <revision/>
    <title/>
    <unit meter="0.010000"/>
    <up_axis>Y_UP</up_axis>
  </asset>
  <library_animations>
    <animation id="mixamorig_Hips-anim" name="mixamorig_Hips">
      <source id="mixamorig_Hips-Matrix-animation-input">
        <float_array id="mixamorig_Hips-Matrix-animation-input-array" count="23">

0.000000 0.033333 0.066667 0.100000 0.133333 0.166667 0.200000 0.233333 0.266667 0.300000 0.333333 0.366667 0.400000 0.433333 0.466667 0.500000
0.533333 0.566667 0.600000 0.633333 0.666667 0.700000 0.733333</float_array>
        <technique_common>
          <accessor source="#mixamorig_Hips-Matrix-animation-input-array" count="23">
            <param name="TIME" type="float"/>
          </accessor>
        </technique_common>
      </source>
      <source id="mixamorig_Hips-Matrix-animation-output-transform">
        <float_array id="mixamorig_Hips-Matrix-animation-output-transform-array" count="368">

0.815167 -0.029329 -0.578482 -0.448932 -0.034265 0.994526 -0.098708 95.185791 0.578211 0.100285 0.809701 0.949514 0.000000 0.000000 0.000000 1.000000
0.826639 -0.037587 -0.561476 -0.107704 -0.027901 0.993802 -0.107607 97.531143 0.562040 0.104618 0.820467 -0.588245 0.000000 0.000000 0.000000 1.000000
0.834788 -0.046987 -0.548563 0.296693 -0.021058 0.992898 -0.117092 99.980446 0.550169 0.109299 0.827870 -1.187013 0.000000 0.000000 0.000000 1.000000
0.834841 -0.054199 -0.547816 0.719125 -0.018226 0.991874 -0.125909 101.968994 0.550189 0.115099 0.827070 -1.427008 0.000000 0.000000 0.000000 1.000000
0.824400 -0.054872 -0.563342 1.118632 -0.022525 0.991321 -0.129522 103.012787 0.565560 0.119467 0.816008 -1.601088 0.000000 0.000000 0.000000 1.000000
0.804655 -0.047053 -0.591876 1.491032 -0.032787 0.991813 -0.123422 103.056267 0.592837 0.118718 0.796524 -1.558231 0.000000 0.000000 0.000000 1.000000
0.778789 -0.031234 -0.626508 1.880359 -0.046036 0.993220 -0.106743 102.013458 0.625594 0.111972 0.772071 -1.142500 0.000000 0.000000 0.000000 1.000000
0.751214 -0.012609 -0.659939 2.258764 -0.056678 0.994892 -0.083526 100.143044 0.657621 0.100150 0.746662 -0.628060 0.000000 0.000000 0.000000 1.000000
0.728534 0.005527 -0.684988 2.657840 -0.066079 0.995871 -0.062245 98.200134 0.681815 0.090611 0.725891 -0.171168 0.000000 0.000000 0.000000 1.000000
0.716861 0.017522 -0.696996 3.010240 -0.076438 0.995633 -0.053587 96.953796 0.693013 0.091691 0.715070 -0.267085 0.000000 0.000000 0.000000 1.000000
0.712228 0.018740 -0.701698 3.264596 -0.092062 0.993503 -0.066910 97.168953 0.695885 0.112255 0.709325 -0.404411 0.000000 0.000000 0.000000 1.000000
0.712021 0.009752 -0.702091 3.377173 -0.113591 0.988332 -0.101470 98.510086 0.692909 0.152000 0.704821 -0.703562 0.000000 0.000000 0.000000 1.000000
0.713801 -0.010363 -0.700272 3.454248 -0.129921 0.980576 -0.146943 100.261925 0.688192 0.195868 0.698589 -0.849531 0.000000 0.000000 0.000000 1.000000
0.721613 -0.034596 -0.691431 3.502212 -0.134766 0.972624 -0.189315 101.676498 0.679052 0.229794 0.697196 -1.052083 0.000000 0.000000 0.000000 1.000000
0.738532 -0.059306 -0.671605 3.474992 -0.120080 0.968628 -0.217581 102.401054 0.663439 0.241337 0.708241 -1.334738 0.000000 0.000000 0.000000 1.000000
0.760792 -0.075073 -0.644639 3.248974 -0.097083 0.968946 -0.227417 102.255936 0.641693 0.235601 0.729878 -1.576170 0.000000 0.000000 0.000000 1.000000
0.782525 -0.080859 -0.617346 2.743124 -0.073589 0.972570 -0.220663 101.184113 0.618255 0.218104 0.755110 -1.687991 0.000000 0.000000 0.000000 1.000000
0.799575 -0.078048 -0.595474 1.991122 -0.055877 0.977551 -0.203156 99.273155 0.597962 0.195711 0.777264 -1.378492 0.000000 0.000000 0.000000 1.000000
0.810102 -0.070919 -0.581983 1.150695 -0.043316 0.982704 -0.180045 96.747917 0.584686 0.171064 0.793019 -0.916840 0.000000 0.000000 0.000000 1.000000
0.815152 -0.062350 -0.575882 0.446549 -0.035440 0.986959 -0.157022 94.339897 0.578162 0.148406 0.802312 -0.614983 0.000000 0.000000 0.000000 1.000000
0.816358 -0.052131 -0.575189 -0.073654 -0.033121 0.990053 -0.136740 93.015839 0.576596 0.130680 0.806511 -0.607265 0.000000 0.000000 0.000000 1.000000
0.815879 -0.040729 -0.576786 -0.418582 -0.033599 0.992491 -0.117610 93.077171 0.577245 0.115335 0.808385 0.125424 0.000000 0.000000 0.000000 1.000000
0.815167 -0.029329 -0.578482 -0.448909 -0.034265 0.994526 -0.098708 95.185799 0.578211 0.100285 0.809701 0.949511 0.000000 0.000000 0.000000 1.000000</float_array>
        <technique_common>
          <accessor source="#mixamorig_Hips-Matrix-animation-output-transform-array" count="23" stride="16">
            <param type="float4x4"/>
          </accessor>
        </technique_common>
      </source>
      <source id="mixamorig_Hips-Interpolations">
        <Name_array id="mixamorig_Hips-Interpolations-array" count="23">
 LINEAR LINEAR LINEAR LINEAR LINEAR LINEAR LINEAR LINEAR LINEAR LINEAR LINEAR
LINEAR LINEAR LINEAR LINEAR LINEAR LINEAR LINEAR LINEAR LINEAR LINEAR LINEAR LINEAR</Name_array>
        <technique_common>
          <accessor source="#mixamorig_Hips-Interpolations-array" count="23">
            <param type="name"/>
          </accessor>
        </technique_common>
      </source>
      <sampler id="mixamorig_Hips-Matrix-animation-transform">
        <input semantic="INPUT" source="#mixamorig_Hips-Matrix-animation-input"/>
        <input semantic="OUTPUT" source="#mixamorig_Hips-Matrix-animation-output-transform"/>
        <input semantic="INTERPOLATION" source="#mixamorig_Hips-Interpolations"/>
      </sampler>
      <channel source="#mixamorig_Hips-Matrix-animation-transform" target="mixamorig_Hips/matrix"/>
    </animation>
    <animation id="mixamorig_Spine-anim" name="mixamorig_Spine">
      <source id="mixamorig_Spine-Matrix-animation-input">
        <float_array id="mixamorig_Spine-Matrix-animation-input-array" count="23">

0.000000 0.033333 0.066667 0.100000 0.133333 0.166667 0.200000 0.233333 0.266667 0.300000 0.333333 0.366667 0.400000 0.433333 0.466667 0.500000
0.533333 0.566667 0.600000 0.633333 0.666667 0.700000 0.733333</float_array>
        <technique_common>
          <accessor source="#mixamorig_Spine-Matrix-animation-input-array" count="23">
            <param name="TIME" type="float"/>
          </accessor>
        </technique_common>
      </source>
      <source id="mixamorig_Spine-Matrix-animation-output-transform">
        <float_array id="mixamorig_Spine-Matrix-animation-output-transform-array" count="368">

0.999742 -0.000415 -0.022708 -0.038100 -0.001753 0.995440 -0.095375 9.490500 0.022644 0.095390 0.995182 -1.392100 0.000000 0.000000 0.000000 1.000000
0.999776 0.000568 -0.021136 -0.038100 -0.002516 0.995732 -0.092255 9.490500 0.020994 0.092288 0.995511 -1.392100 0.000000 0.000000 0.000000 1.000000
0.999806 0.003416 -0.019382 -0.038100 -0.005139 0.995970 -0.089535 9.490500 0.018998 0.089618 0.995795 -1.392100 0.000000 0.000000 0.000000 1.000000
0.999853 0.006834 -0.015742 -0.038100 -0.008191 0.996104 -0.087801 9.490500 0.015081 0.087917 0.996014 -1.392100 0.000000 0.000000 0.000000 1.000000
0.999874 0.011042 -0.011371 -0.038100 -0.011999 0.996057 -0.087904 9.490500 0.010356 0.088029 0.996064 -1.392100 0.000000 0.000000 0.000000 1.000000
0.999851 0.015641 -0.007296 -0.038100 -0.016241 0.995706 -0.091138 9.490500 0.005839 0.091243 0.995812 -1.392100 0.000000 0.000000 0.000000 1.000000
0.999837 0.018018 0.000595 -0.038100 -0.017872 0.994966 -0.098602 9.490500 -0.002369 0.098575 0.995127 -1.392100 0.000000 0.000000 0.000000 1.000000
0.999781 0.018154 0.010387 -0.038100 -0.016920 0.993936 -0.108650 9.490500 -0.012297 0.108450 0.994026 -1.392100 0.000000 0.000000 0.000000 1.000000
0.999696 0.016209 0.018581 -0.038100 -0.013883 0.992784 -0.119109 9.490500 -0.020377 0.118815 0.992707 -1.392100 0.000000 0.000000 0.000000 1.000000
0.999606 0.015444 0.023430 -0.038100 -0.012323 0.991705 -0.127940 9.490500 -0.025211 0.127601 0.991505 -1.392100 0.000000 0.000000 0.000000 1.000000
0.999533 0.012009 0.028087 -0.038100 -0.008232 0.991360 -0.130913 9.490500 -0.029416 0.130621 0.990996 -1.392100 0.000000 0.000000 0.000000 1.000000
0.999263 0.008113 0.037522 -0.038100 -0.003287 0.991908 -0.126915 9.490500 -0.038248 0.126698 0.991204 -1.392100 0.000000 0.000000 0.000000 1.000000
0.998820 0.001819 0.048536 -0.038100 0.003984 0.992863 -0.119196 9.490500 -0.048406 0.119248 0.991684 -1.392100 0.000000 0.000000 0.000000 1.000000
0.998422 -0.002279 0.056117 -0.038100 0.008613 0.993570 -0.112892 9.490500 -0.055499 0.113198 0.992021 -1.392100 0.000000 0.000000 0.000000 1.000000
0.998451 -0.002704 0.055581 -0.038100 0.008819 0.993885 -0.110067 9.490500 -0.054943 0.110386 0.992369 -1.392100 0.000000 0.000000 0.000000 1.000000
0.998906 -0.001555 0.046737 -0.038100 0.006652 0.994008 -0.109103 9.490500 -0.046287 0.109295 0.992931 -1.392100 0.000000 0.000000 0.000000 1.000000
0.999402 -0.000845 0.034579 -0.038100 0.004639 0.993945 -0.109784 9.490500 -0.034277 0.109879 0.993354 -1.392100 0.000000 0.000000 0.000000 1.000000
0.999752 -0.000401 0.022276 -0.038100 0.002870 0.993828 -0.110892 9.490500 -0.022094 0.110929 0.993583 -1.392100 0.000000 0.000000 0.000000 1.000000
0.999930 -0.000030 0.011816 -0.038100 0.001336 0.993875 -0.110500 9.490500 -0.011740 0.110508 0.993806 -1.392100 0.000000 0.000000 0.000000 1.000000
0.999997 0.000582 0.002528 -0.038100 -0.000306 0.994198 -0.107565 9.490500 -0.002576 0.107564 0.994195 -1.392100 0.000000 0.000000 0.000000 1.000000
0.999982 0.000465 -0.005982 -0.038100 -0.001082 0.994617 -0.103614 9.490500 0.005902 0.103619 0.994600 -1.392100 0.000000 0.000000 0.000000 1.000000
0.999898 -0.000035 -0.014264 -0.038100 -0.001382 0.995054 -0.099328 9.490500 0.014197 0.099338 0.994952 -1.392100 0.000000 0.000000 0.000000 1.000000
0.999742 -0.000415 -0.022708 -0.038100 -0.001753 0.995440 -0.095374 9.490500 0.022644 0.095390 0.995182 -1.392100 0.000000 0.000000 0.000000 1.000000</float_array>
        <technique_common>
          <accessor source="#mixamorig_Spine-Matrix-animation-output-transform-array" count="23" stride="16">
            <param type="float4x4"/>
          </accessor>
        </technique_common>
      </source>
      <source id="mixamorig_Spine-Interpolations">
        <Name_array id="mixamorig_Spine-Interpolations-array" count="23">
 LINEAR LINEAR LINEAR LINEAR LINEAR LINEAR LINEAR LINEAR LINEAR LINEAR LINEAR
LINEAR LINEAR LINEAR LINEAR LINEAR LINEAR LINEAR LINEAR LINEAR LINEAR LINEAR LINEAR</Name_array>
        <technique_common>
          <accessor source="#mixamorig_Spine-Interpolations-array" count="23">
            <param type="name"/>
          </accessor>
        </technique_common>
      </source>
      <sampler id="mixamorig_Spine-Matrix-animation-transform">
        <input semantic="INPUT" source="#mixamorig_Spine-Matrix-animation-input"/>
        <input semantic="OUTPUT" source="#mixamorig_Spine-Matrix-animation-output-transform"/>
        <input semantic="INTERPOLATION" source="#mixamorig_Spine-Interpolations"/>
      </sampler>
      <channel source="#mixamorig_Spine-Matrix-animation-transform" target="mixamorig_Spine/matrix"/>
    </animation>
    <animation id="mixamorig_Spine1-anim" name="mixamorig_Spine1">
      <source id="mixamorig_Spine1-Matrix-animation-input">
        <float_array id="mixamorig_Spine1-Matrix-animation-input-array" count="23">

0.000000 0.033333 0.066667 0.100000 0.133333 0.166667 0.200000 0.233333 0.266667 0.300000 0.333333 0.366667 0.400000 0.433333 0.466667 0.500000
0.533333 0.566667 0.600000 0.633333 0.666667 0.700000 0.733333</float_array>
        <technique_common>
          <accessor source="#mixamorig_Spine1-Matrix-animation-input-array" count="23">
            <param name="TIME" type="float"/>
          </accessor>
        </technique_common>
      </source>
      <source id="mixamorig_Spine1-Matrix-animation-output-transform">
        <float_array id="mixamorig_Spine1-Matrix-animation-output-transform-array" count="368">

0.998617 0.019402 -0.048858 0.000000 -0.028880 0.979066 -0.201485 11.190800 0.043925 0.202618 0.978272 0.000000 0.000000 0.000000 0.000000 1.000000
0.998645 0.022261 -0.047028 0.000000 -0.031050 0.980244 -0.195341 11.190800 0.041751 0.196537 0.979607 0.000000 0.000000 0.000000 0.000000 1.000000
0.998691 0.025831 -0.044141 0.000000 -0.033779 0.981192 -0.190054 11.190800 0.038401 0.191296 0.980781 0.000000 0.000000 0.000000 0.000000 1.000000
0.998892 0.029317 -0.036815 -0.000000 -0.035699 0.981747 -0.186812 11.190800 0.030666 0.187920 0.981706 -0.000000 0.000000 0.000000 0.000000 1.000000
0.999082 0.032937 -0.027400 -0.000000 -0.037495 0.981603 -0.187217 11.190800 0.020729 0.188073 0.981936 0.000000 0.000000 0.000000 0.000000 1.000000
0.999083 0.037440 -0.020769 -0.000000 -0.040751 0.980332 -0.193105 11.190800 0.013131 0.193774 0.980958 0.000000 0.000000 0.000000 0.000000 1.000000
0.998825 0.043484 -0.021385 0.000000 -0.046933 0.977938 -0.203557 11.190800 0.012062 0.204321 0.978830 0.000000 0.000000 0.000000 0.000000 1.000000
0.998331 0.049744 -0.029345 0.000000 -0.054932 0.974734 -0.216507 11.190800 0.017834 0.217758 0.975840 0.000000 0.000000 0.000000 0.000000 1.000000
0.997519 0.054263 -0.044839 0.000000 -0.063153 0.971239 -0.229580 11.190800 0.031092 0.231842 0.972256 -0.000000 0.000000 0.000000 0.000000 1.000000
0.996345 0.056129 -0.064384 -0.000000 -0.070082 0.968104 -0.240547 11.190800 0.048828 0.244180 0.968500 -0.000000 0.000000 0.000000 0.000000 1.000000
0.995053 0.049000 -0.086421 0.000000 -0.068625 0.968024 -0.241289 11.190800 0.071834 0.246026 0.966598 0.000000 0.000000 0.000000 0.000000 1.000000
0.993664 0.038904 -0.105448 -0.000000 -0.062302 0.971511 -0.228659 11.190800 0.093548 0.233780 0.967779 0.000000 0.000000 0.000000 0.000000 1.000000
0.992128 0.027878 -0.122089 0.000000 -0.053265 0.976266 -0.209922 11.190800 0.113339 0.214772 0.970066 0.000000 0.000000 0.000000 0.000000 1.000000
0.990003 0.021964 -0.139326 0.000000 -0.049131 0.979637 -0.194673 11.190800 0.132213 0.199572 0.970923 0.000000 0.000000 0.000000 0.000000 1.000000
0.987235 0.019556 -0.158064 0.000000 -0.049409 0.981075 -0.187216 11.190800 0.151412 0.192636 0.969518 0.000000 0.000000 0.000000 0.000000 1.000000
0.984701 0.019367 -0.173176 -0.000000 -0.051908 0.981288 -0.185415 11.190800 0.166344 0.191567 0.967281 -0.000000 0.000000 0.000000 0.000000 1.000000
0.983647 0.019831 -0.179012 -0.000000 -0.054206 0.980434 -0.189239 11.190800 0.171757 0.195848 0.965476 0.000000 0.000000 0.000000 0.000000 1.000000
0.984675 0.020548 -0.173185 -0.000000 -0.054908 0.979061 -0.196024 11.190800 0.165531 0.202530 0.965185 -0.000000 0.000000 0.000000 0.000000 1.000000
0.987785 0.020260 -0.154500 0.000000 -0.051630 0.978057 -0.201839 11.190800 0.147021 0.207351 0.967156 -0.000000 0.000000 0.000000 0.000000 1.000000
0.991301 0.020025 -0.130080 -0.000000 -0.046444 0.977998 -0.203379 11.190800 0.123145 0.207651 0.970421 -0.000000 0.000000 0.000000 0.000000 1.000000
0.994450 0.019813 -0.103326 0.000000 -0.040594 0.978316 -0.203100 11.190800 0.097061 0.206167 0.973691 -0.000000 0.000000 0.000000 0.000000 1.000000
0.996934 0.019610 -0.075744 -0.000000 -0.034606 0.978755 -0.202090 11.190800 0.070172 0.204092 0.976433 0.000000 0.000000 0.000000 0.000000 1.000000
0.998617 0.019402 -0.048858 0.000000 -0.028880 0.979066 -0.201486 11.190800 0.043926 0.202618 0.978272 0.000000 0.000000 0.000000 0.000000 1.000000</float_array>
        <technique_common>
          <accessor source="#mixamorig_Spine1-Matrix-animation-output-transform-array" count="23" stride="16">
            <param type="float4x4"/>
          </accessor>
        </technique_common>
      </source>
      <source id="mixamorig_Spine1-Interpolations">
        <Name_array id="mixamorig_Spine1-Interpolations-array" count="23">
 LINEAR LINEAR LINEAR LINEAR LINEAR LINEAR LINEAR LINEAR LINEAR LINEAR LINEAR
LINEAR LINEAR LINEAR LINEAR LINEAR LINEAR LINEAR LINEAR LINEAR LINEAR LINEAR LINEAR</Name_array>
        <technique_common>
          <accessor source="#mixamorig_Spine1-Interpolations-array" count="23">
            <param type="name"/>
          </accessor>
        </technique_common>
      </source>
      <sampler id="mixamorig_Spine1-Matrix-animation-transform">
        <input semantic="INPUT" source="#mixamorig_Spine1-Matrix-animation-input"/>
        <input semantic="OUTPUT" source="#mixamorig_Spine1-Matrix-animation-output-transform"/>
        <input semantic="INTERPOLATION" source="#mixamorig_Spine1-Interpolations"/>
      </sampler>
      <channel source="#mixamorig_Spine1-Matrix-animation-transform" target="mixamorig_Spine1/matrix"/>
    </animation>
    <animation id="mixamorig_Spine2-anim" name="mixamorig_Spine2">
      <source id="mixamorig_Spine2-Matrix-animation-input">
        <float_array id="mixamorig_Spine2-Matrix-animation-input-array" count="23">

0.000000 0.033333 0.066667 0.100000 0.133333 0.166667 0.200000 0.233333 0.266667 0.300000 0.333333 0.366667 0.400000 0.433333 0.466667 0.500000
0.533333 0.566667 0.600000 0.633333 0.666667 0.700000 0.733333</float_array>
        <technique_common>
          <accessor source="#mixamorig_Spine2-Matrix-animation-input-array" count="23">
            <param name="TIME" type="float"/>
          </accessor>
        </technique_common>
      </source>
      <source id="mixamorig_Spine2-Matrix-animation-output-transform">
        <float_array id="mixamorig_Spine2-Matrix-animation-output-transform-array" count="368">

0.998536 0.026306 -0.047263 -0.000000 -0.032754 0.989425 -0.141296 12.789500 0.043047 0.142637 0.988839 0.000000 0.000000 0.000000 0.000000 1.000000
0.998553 0.029047 -0.045262 0.000000 -0.034928 0.990217 -0.135091 12.789500 0.040895 0.136477 0.989799 0.000000 0.000000 0.000000 0.000000 1.000000
0.998584 0.032432 -0.042161 0.000000 -0.037659 0.990830 -0.129757 12.789500 0.037566 0.131161 0.990649 0.000000 0.000000 0.000000 0.000000 1.000000
0.998771 0.035462 -0.034634 -0.000000 -0.039579 0.991178 -0.126488 12.789500 0.029843 0.127704 0.991363 -0.000000 0.000000 0.000000 0.000000 1.000000
0.998946 0.038497 -0.025014 0.000000 -0.041370 0.991052 -0.126902 12.789500 0.019904 0.127804 0.991600 0.000000 0.000000 0.000000 0.000000 1.000000
0.998929 0.042584 -0.018119 0.000000 -0.044618 0.990130 -0.132858 12.789500 0.012283 0.133524 0.990969 0.000000 0.000000 0.000000 0.000000 1.000000
0.998647 0.048653 -0.018363 0.000000 -0.050789 0.988355 -0.143438 12.789500 0.011170 0.144177 0.989489 0.000000 0.000000 0.000000 0.000000 1.000000
0.998128 0.055389 -0.025923 0.000000 -0.058777 0.985918 -0.156563 12.789500 0.016886 0.157793 0.987328 0.000000 0.000000 0.000000 0.000000 1.000000
0.997300 0.060848 -0.041109 -0.000000 -0.066988 0.983194 -0.169828 12.789500 0.030085 0.172123 0.984616 -0.000000 0.000000 0.000000 0.000000 1.000000
0.996120 0.063908 -0.060503 -0.000000 -0.073911 0.980708 -0.180967 12.789500 0.047770 0.184737 0.981626 0.000000 0.000000 0.000000 0.000000 1.000000
0.994857 0.058143 -0.082937 0.000000 -0.072463 0.980678 -0.181713 12.789500 0.070770 0.186788 0.979848 0.000000 0.000000 0.000000 0.000000 1.000000
0.993509 0.049231 -0.102549 0.000000 -0.066163 0.983412 -0.168889 12.789500 0.092533 0.174578 0.980286 -0.000000 0.000000 0.000000 0.000000 1.000000
0.992018 0.039243 -0.119837 -0.000000 -0.057154 0.987049 -0.149893 12.789500 0.112403 0.155545 0.981413 -0.000000 0.000000 0.000000 0.000000 1.000000
0.989918 0.034392 -0.137406 0.000000 -0.053042 0.989498 -0.134465 12.789500 0.131339 0.140397 0.981345 0.000000 0.000000 0.000000 0.000000 1.000000
0.987161 0.033130 -0.156258 0.000000 -0.053333 0.990476 -0.126933 12.789500 0.150564 0.133637 0.979526 -0.000000 0.000000 0.000000 0.000000 1.000000
0.984628 0.033860 -0.171353 0.000000 -0.055839 0.990569 -0.125121 12.789500 0.165500 0.132766 0.977232 -0.000000 0.000000 0.000000 0.000000 1.000000
0.983573 0.034678 -0.177150 0.000000 -0.058135 0.989940 -0.128991 12.789500 0.170895 0.137171 0.975694 0.000000 0.000000 0.000000 0.000000 1.000000
0.984597 0.035040 -0.171290 0.000000 -0.058829 0.988981 -0.135848 12.789500 0.164642 0.143833 0.975810 0.000000 0.000000 0.000000 0.000000 1.000000
0.987707 0.033615 -0.152657 0.000000 -0.055540 0.988348 -0.141714 12.789500 0.146114 0.148450 0.978066 -0.000000 0.000000 0.000000 0.000000 1.000000
0.991223 0.031893 -0.128296 0.000000 -0.050344 0.988405 -0.143254 12.789500 0.122240 0.148455 0.981335 0.000000 0.000000 0.000000 0.000000 1.000000
0.994371 0.030048 -0.101605 0.000000 -0.044485 0.988729 -0.142955 12.789500 0.096164 0.146671 0.984500 0.000000 0.000000 0.000000 0.000000 1.000000
0.996854 0.028159 -0.074087 -0.000000 -0.038489 0.989130 -0.141920 12.789500 0.069285 0.144325 0.987102 -0.000000 0.000000 0.000000 0.000000 1.000000
0.998536 0.026306 -0.047263 -0.000000 -0.032754 0.989425 -0.141296 12.789500 0.043047 0.142637 0.988839 0.000000 0.000000 0.000000 0.000000 1.000000</float_array>
        <technique_common>
          <accessor source="#mixamorig_Spine2-Matrix-animation-output-transform-array" count="23" stride="16">
            <param type="float4x4"/>
          </accessor>
        </technique_common>
      </source>
      <source id="mixamorig_Spine2-Interpolations">
        <Name_array id="mixamorig_Spine2-Interpolations-array" count="23">
 LINEAR LINEAR LINEAR LINEAR LINEAR LINEAR LINEAR LINEAR LINEAR LINEAR LINEAR
LINEAR LINEAR LINEAR LINEAR LINEAR LINEAR LINEAR LINEAR LINEAR LINEAR LINEAR LINEAR</Name_array>
        <technique_common>
          <accessor source="#mixamorig_Spine2-Interpolations-array" count="23">
            <param type="name"/>
          </accessor>
        </technique_common>
      </source>
      <sampler id="mixamorig_Spine2-Matrix-animation-transform">
        <input semantic="INPUT" source="#mixamorig_Spine2-Matrix-animation-input"/>
        <input semantic="OUTPUT" source="#mixamorig_Spine2-Matrix-animation-output-transform"/>
        <input semantic="INTERPOLATION" source="#mixamorig_Spine2-Interpolations"/>
      </sampler>
      <channel source="#mixamorig_Spine2-Matrix-animation-transform" target="mixamorig_Spine2/matrix"/>
    </animation>
    <animation id="mixamorig_Neck-anim" name="mixamorig_Neck">
      <source id="mixamorig_Neck-Matrix-animation-input">
        <float_array id="mixamorig_Neck-Matrix-animation-input-array" count="23">

0.000000 0.033333 0.066667 0.100000 0.133333 0.166667 0.200000 0.233333 0.266667 0.300000 0.333333 0.366667 0.400000 0.433333 0.466667 0.500000
0.533333 0.566667 0.600000 0.633333 0.666667 0.700000 0.733333</float_array>
        <technique_common>
          <accessor source="#mixamorig_Neck-Matrix-animation-input-array" count="23">
            <param name="TIME" type="float"/>
          </accessor>
        </technique_common>
      </source>
      <source id="mixamorig_Neck-Matrix-animation-output-transform">
        <float_array id="mixamorig_Neck-Matrix-animation-output-transform-array" count="368">

0.962562 -0.169664 0.211399 -0.056900 0.010960 0.803610 0.595056 14.235800 -0.270841 -0.570461 0.775383 -2.088100 0.000000 0.000000 0.000000 1.000000
0.965779 -0.168655 0.197046 -0.056900 0.016367 0.797832 0.602658 14.235800 -0.258851 -0.578809 0.773289 -2.088100 0.000000 0.000000 0.000000 1.000000
0.968492 -0.167304 0.184480 -0.056900 0.021862 0.795004 0.606211 14.235800 -0.248084 -0.583077 0.773612 -2.088100 0.000000 0.000000 0.000000 1.000000
0.970548 -0.166100 0.174489 -0.056900 0.027456 0.795848 0.604873 14.235800 -0.239336 -0.582268 0.776970 -2.088100 0.000000 0.000000 0.000000 1.000000
0.971221 -0.170034 0.166787 -0.056900 0.035873 0.796696 0.603314 14.235800 -0.235462 -0.579969 0.779868 -2.088100 0.000000 0.000000 0.000000 1.000000
0.969363 -0.183611 0.163164 -0.056900 0.047982 0.793006 0.607322 14.235800 -0.240901 -0.580886 0.777520 -2.088100 0.000000 0.000000 0.000000 1.000000
0.963547 -0.210305 0.165378 -0.056900 0.065190 0.784064 0.617247 14.235800 -0.259477 -0.583965 0.769192 -2.088100 0.000000 0.000000 0.000000 1.000000
0.954724 -0.240705 0.174823 -0.056900 0.078392 0.770440 0.632674 14.235800 -0.286978 -0.590324 0.754427 -2.088100 0.000000 0.000000 0.000000 1.000000
0.944676 -0.268305 0.188678 -0.056900 0.083218 0.752460 0.653360 14.235800 -0.317272 -0.601512 0.733159 -2.088100 0.000000 0.000000 0.000000 1.000000
0.934931 -0.288362 0.206763 -0.056900 0.076328 0.732512 0.676461 14.235800 -0.346522 -0.616663 0.706859 -2.088100 0.000000 0.000000 0.000000 1.000000
0.925422 -0.306286 0.223121 -0.056900 0.075926 0.726738 0.682706 14.235800 -0.371254 -0.614851 0.695794 -2.088100 0.000000 0.000000 0.000000 1.000000
0.915487 -0.321452 0.241974 -0.056900 0.083440 0.740017 0.667392 14.235800 -0.393599 -0.590799 0.704298 -2.088100 0.000000 0.000000 0.000000 1.000000
0.905708 -0.336781 0.257433 -0.056900 0.099204 0.758826 0.643694 14.235800 -0.412131 -0.557460 0.720684 -2.088100 0.000000 0.000000 0.000000 1.000000
0.898186 -0.348107 0.268483 -0.056900 0.106890 0.765325 0.634707 14.235800 -0.426422 -0.541387 0.724613 -2.088100 0.000000 0.000000 0.000000 1.000000
0.894206 -0.350221 0.278820 -0.056900 0.099106 0.762268 0.639629 14.235800 -0.436548 -0.544328 0.716333 -2.088100 0.000000 0.000000 0.000000 1.000000
0.895882 -0.338578 0.287681 -0.056900 0.080971 0.761083 0.643581 14.235800 -0.436852 -0.553279 0.709255 -2.088100 0.000000 0.000000 0.000000 1.000000
0.902929 -0.314296 0.293152 -0.056900 0.058530 0.765646 0.640594 14.235800 -0.425787 -0.561253 0.709719 -2.088100 0.000000 0.000000 0.000000 1.000000
0.913265 -0.279488 0.296367 -0.056900 0.032532 0.775235 0.630834 14.235800 -0.406065 -0.566477 0.717088 -2.088100 0.000000 0.000000 0.000000 1.000000
0.924051 -0.244815 0.293590 -0.056900 0.006647 0.778194 0.627988 14.235800 -0.382210 -0.578342 0.720719 -2.088100 0.000000 0.000000 0.000000 1.000000
0.933255 -0.214372 0.288236 -0.056900 -0.018333 0.772935 0.634221 14.235800 -0.358747 -0.597174 0.717415 -2.088100 0.000000 0.000000 0.000000 1.000000
0.941279 -0.192731 0.277215 -0.056900 -0.032673 0.765214 0.642947 14.235800 -0.336045 -0.614250 0.713982 -2.088100 0.000000 0.000000 0.000000 1.000000
0.949848 -0.174647 0.259399 -0.056900 -0.030940 0.772954 0.633707 14.235800 -0.311178 -0.609951 0.728785 -2.088100 0.000000 0.000000 0.000000 1.000000
0.962561 -0.169665 0.211402 -0.056900 0.010966 0.803624 0.595036 14.235800 -0.270844 -0.570441 0.775397 -2.088100 0.000000 0.000000 0.000000 1.000000</float_array>
        <technique_common>
          <accessor source="#mixamorig_Neck-Matrix-animation-output-transform-array" count="23" stride="16">
            <param type="float4x4"/>
          </accessor>
        </technique_common>
      </source>
      <source id="mixamorig_Neck-Interpolations">
        <Name_array id="mixamorig_Neck-Interpolations-array" count="23">
 LINEAR LINEAR LINEAR LINEAR LINEAR LINEAR LINEAR LINEAR LINEAR LINEAR LINEAR
LINEAR LINEAR LINEAR LINEAR LINEAR LINEAR LINEAR LINEAR LINEAR LINEAR LINEAR LINEAR</Name_array>
        <technique_common>
          <accessor source="#mixamorig_Neck-Interpolations-array" count="23">
            <param type="name"/>
          </accessor>
        </technique_common>
      </source>
      <sampler id="mixamorig_Neck-Matrix-animation-transform">
        <input semantic="INPUT" source="#mixamorig_Neck-Matrix-animation-input"/>
        <input semantic="OUTPUT" source="#mixamorig_Neck-Matrix-animation-output-transform"/>
        <input semantic="INTERPOLATION" source="#mixamorig_Neck-Interpolations"/>
      </sampler>
      <channel source="#mixamorig_Neck-Matrix-animation-transform" target="mixamorig_Neck/matrix"/>
    </animation>
    <animation id="mixamorig_Head-anim" name="mixamorig_Head">
      <source id="mixamorig_Head-Matrix-animation-input">
        <float_array id="mixamorig_Head-Matrix-animation-input-array" count="23">

0.000000 0.033333 0.066667 0.100000 0.133333 0.166667 0.200000 0.233333 0.266667 0.300000 0.333333 0.366667 0.400000 0.433333 0.466667 0.500000
0.533333 0.566667 0.600000 0.633333 0.666667 0.700000 0.733333</float_array>
        <technique_common>
          <accessor source="#mixamorig_Head-Matrix-animation-input-array" count="23">
            <param name="TIME" type="float"/>
          </accessor>
        </technique_common>
      </source>
      <source id="mixamorig_Head-Matrix-animation-output-transform">
        <float_array id="mixamorig_Head-Matrix-animation-output-transform-array" count="368">

0.922497 0.071904 0.379249 -0.000000 0.042299 0.957750 -0.284475 3.280200 -0.383680 0.278469 0.880479 0.313300 0.000000 0.000000 0.000000 1.000000
0.925245 0.068410 0.373151 -0.000000 0.049084 0.953752 -0.296559 3.280200 -0.376181 0.292706 0.879097 0.313300 0.000000 0.000000 0.000000 1.000000
0.927169 0.066582 0.368679 0.000000 0.051724 0.951907 -0.301989 3.280200 -0.371055 0.299064 0.879135 0.313300 0.000000 0.000000 0.000000 1.000000
0.928269 0.065138 0.366162 0.000000 0.051428 0.952603 -0.299838 3.280200 -0.368338 0.297161 0.880921 0.313300 0.000000 0.000000 0.000000 1.000000
0.927629 0.067678 0.367320 0.000000 0.046981 0.954493 -0.294510 3.280200 -0.370536 0.290453 0.882236 0.313300 0.000000 0.000000 0.000000 1.000000
0.924145 0.075810 0.374444 0.000000 0.040857 0.954882 -0.294161 3.280200 -0.379850 0.287146 0.879353 0.313300 0.000000 0.000000 0.000000 1.000000
0.916100 0.090743 0.390548 0.000000 0.034799 0.952383 -0.302913 3.280200 -0.399438 0.291089 0.869320 0.313300 0.000000 0.000000 0.000000 1.000000
0.905134 0.101977 0.412713 0.000000 0.033147 0.950919 -0.307659 3.280200 -0.423831 0.292153 0.857329 0.313300 0.000000 0.000000 0.000000 1.000000
0.893498 0.101560 0.437433 0.000000 0.040923 0.951623 -0.304531 3.280200 -0.447200 0.289999 0.846117 0.313300 0.000000 0.000000 0.000000 1.000000
0.882720 0.090641 0.461075 0.000000 0.053158 0.955658 -0.289640 3.280200 -0.466884 0.280181 0.838760 0.313300 0.000000 0.000000 0.000000 1.000000
0.873912 0.091409 0.477412 0.000000 0.053431 0.958143 -0.281259 3.280200 -0.483139 0.271304 0.832449 0.313300 0.000000 0.000000 0.000000 1.000000
0.866723 0.105768 0.487447 0.000000 0.039313 0.959733 -0.278149 3.280200 -0.497238 0.260241 0.827665 0.313300 0.000000 0.000000 0.000000 1.000000
0.859608 0.131129 0.493840 0.000000 0.014065 0.960069 -0.279409 3.280200 -0.510760 0.247128 0.823439 0.313300 0.000000 0.000000 0.000000 1.000000
0.854606 0.147188 0.497980 0.000000 -0.001785 0.959814 -0.280630 3.280200 -0.519273 0.238939 0.820526 0.313300 0.000000 0.000000 0.000000 1.000000
0.853451 0.146976 0.500020 0.000000 -0.002898 0.960735 -0.277451 3.280200 -0.521166 0.235342 0.820366 0.313300 0.000000 0.000000 0.000000 1.000000
0.857228 0.134196 0.497144 -0.000000 0.004022 0.963671 -0.267063 3.280200 -0.514922 0.230934 0.825545 0.313300 0.000000 0.000000 0.000000 1.000000
0.865536 0.112705 0.488001 0.000000 0.015306 0.967945 -0.250695 3.280200 -0.500613 0.224455 0.836066 0.313300 0.000000 0.000000 0.000000 1.000000
0.876897 0.080916 0.473820 0.000000 0.035415 0.972175 -0.231564 3.280200 -0.479373 0.219838 0.849631 0.313300 0.000000 0.000000 0.000000 1.000000
0.888570 0.051190 0.455876 0.000000 0.060455 0.972020 -0.226985 3.280200 -0.454740 0.229252 0.860613 0.313300 0.000000 0.000000 0.000000 1.000000
0.898842 0.029517 0.437279 0.000000 0.083887 0.967696 -0.237754 3.280200 -0.430171 0.250385 0.867330 0.313300 0.000000 0.000000 0.000000 1.000000
0.907483 0.027719 0.419172 -0.000000 0.091024 0.961141 -0.260621 3.280200 -0.410108 0.274664 0.869696 0.313300 0.000000 0.000000 0.000000 1.000000
0.915482 0.041354 0.400229 -0.000000 0.078026 0.957575 -0.277420 3.280200 -0.394722 0.285201 0.873416 0.313300 0.000000 0.000000 0.000000 1.000000
0.922497 0.071909 0.379248 0.000000 0.042287 0.957754 -0.284461 3.280200 -0.383682 0.278452 0.880484 0.313300 0.000000 0.000000 0.000000 1.000000</float_array>
        <technique_common>
          <accessor source="#mixamorig_Head-Matrix-animation-output-transform-array" count="23" stride="16">
            <param type="float4x4"/>
          </accessor>
        </technique_common>
      </source>
      <source id="mixamorig_Head-Interpolations">
        <Name_array id="mixamorig_Head-Interpolations-array" count="23">
 LINEAR LINEAR LINEAR LINEAR LINEAR LINEAR LINEAR LINEAR LINEAR LINEAR LINEAR
LINEAR LINEAR LINEAR LINEAR LINEAR LINEAR LINEAR LINEAR LINEAR LINEAR LINEAR LINEAR</Name_array>
        <technique_common>
          <accessor source="#mixamorig_Head-Interpolations-array" count="23">
            <param type="name"/>
          </accessor>
        </technique_common>
      </source>
      <sampler id="mixamorig_Head-Matrix-animation-transform">
        <input semantic="INPUT" source="#mixamorig_Head-Matrix-animation-input"/>
        <input semantic="OUTPUT" source="#mixamorig_Head-Matrix-animation-output-transform"/>
        <input semantic="INTERPOLATION" source="#mixamorig_Head-Interpolations"/>
      </sampler>
      <channel source="#mixamorig_Head-Matrix-animation-transform" target="mixamorig_Head/matrix"/>
    </animation>
    <animation id="mixamorig_LeftShoulder-anim" name="mixamorig_LeftShoulder">
      <source id="mixamorig_LeftShoulder-Matrix-animation-input">
        <float_array id="mixamorig_LeftShoulder-Matrix-animation-input-array" count="23">

0.000000 0.033333 0.066667 0.100000 0.133333 0.166667 0.200000 0.233333 0.266667 0.300000 0.333333 0.366667 0.400000 0.433333 0.466667 0.500000
0.533333 0.566667 0.600000 0.633333 0.666667 0.700000 0.733333</float_array>
        <technique_common>
          <accessor source="#mixamorig_LeftShoulder-Matrix-animation-input-array" count="23">
            <param name="TIME" type="float"/>
          </accessor>
        </technique_common>
      </source>
      <source id="mixamorig_LeftShoulder-Matrix-animation-output-transform">
        <float_array id="mixamorig_LeftShoulder-Matrix-animation-output-transform-array" count="368">

0.040322 0.952916 -0.300540 6.728800 0.083147 -0.302942 -0.949375 11.756600 -0.995721 0.013291 -0.091447 -2.058500 0.000000 0.000000 0.000000 1.000000
0.049300 0.956560 -0.287336 6.728800 0.080606 -0.290558 -0.953456 11.756600 -0.995526 0.023845 -0.091429 -2.058500 0.000000 0.000000 0.000000 1.000000
0.049087 0.959601 -0.277050 6.728800 0.078957 -0.280244 -0.956676 11.756600 -0.995669 0.025085 -0.089524 -2.058500 0.000000 0.000000 0.000000 1.000000
0.063643 0.958599 -0.277557 6.728800 0.078890 -0.282083 -0.956141 11.756600 -0.994850 0.038956 -0.093576 -2.058500 0.000000 0.000000 0.000000 1.000000
0.078322 0.955876 -0.283137 6.728800 0.079607 -0.289099 -0.953983 11.756600 -0.993745 0.052178 -0.098738 -2.058500 0.000000 0.000000 0.000000 1.000000
0.086494 0.957231 -0.276095 6.728800 0.078600 -0.282826 -0.955945 11.756600 -0.993147 0.060982 -0.099701 -2.058500 0.000000 0.000000 0.000000 1.000000
0.072833 0.960044 -0.270207 6.728800 0.078475 -0.275603 -0.958063 11.756600 -0.994252 0.048574 -0.095413 -2.058500 0.000000 0.000000 0.000000 1.000000
0.061859 0.956060 -0.286571 6.728800 0.081366 -0.290996 -0.953258 11.756600 -0.994763 0.035650 -0.095791 -2.058500 0.000000 0.000000 0.000000 1.000000
0.092480 0.944180 -0.316184 6.728800 0.084286 -0.323828 -0.942354 11.756600 -0.992141 0.060499 -0.109529 -2.058500 0.000000 0.000000 0.000000 1.000000
0.139430 0.949982 -0.279451 6.728800 0.079718 -0.292060 -0.953072 11.756600 -0.987018 0.110610 -0.116452 -2.058500 0.000000 0.000000 0.000000 1.000000
0.118412 0.966093 -0.229440 6.728800 0.071270 -0.238738 -0.968465 11.756600 -0.990404 0.098325 -0.097123 -2.058500 0.000000 0.000000 0.000000 1.000000
0.124002 0.964562 -0.232904 6.728800 0.072536 -0.242899 -0.967336 11.756600 -0.989627 0.103058 -0.100085 -2.058500 0.000000 0.000000 0.000000 1.000000
0.112579 0.962143 -0.248208 6.728800 0.076392 -0.257437 -0.963271 11.756600 -0.990702 0.089483 -0.102482 -2.058500 0.000000 0.000000 0.000000 1.000000
0.103734 0.963428 -0.247075 6.728800 0.076850 -0.255437 -0.963767 11.756600 -0.991632 0.080988 -0.100537 -2.058500 0.000000 0.000000 0.000000 1.000000
0.092833 0.965936 -0.241558 6.728800 0.077282 -0.248864 -0.965450 11.756600 -0.992678 0.070958 -0.097753 -2.058500 0.000000 0.000000 0.000000 1.000000
0.098350 0.964146 -0.246474 6.728800 0.078369 -0.254410 -0.963916 11.756600 -0.992061 0.075485 -0.100580 -2.058500 0.000000 0.000000 0.000000 1.000000
0.129446 0.958612 -0.253589 6.728800 0.078369 -0.264831 -0.961105 11.756600 -0.988485 0.104537 -0.109407 -2.058500 0.000000 0.000000 0.000000 1.000000
0.143281 0.947458 -0.285996 6.728800 0.080307 -0.299155 -0.950819 11.756600 -0.986419 0.113267 -0.118950 -2.058500 0.000000 0.000000 0.000000 1.000000
0.142928 0.933843 -0.327885 6.728800 0.083133 -0.341443 -0.936219 11.756600 -0.986236 0.106553 -0.126435 -2.058500 0.000000 0.000000 0.000000 1.000000
0.140623 0.932898 -0.331552 6.728800 0.083134 -0.344824 -0.934979 11.756600 -0.986567 0.103916 -0.126045 -2.058500 0.000000 0.000000 0.000000 1.000000
0.081764 0.941806 -0.326061 6.728800 0.085007 -0.332554 -0.939245 11.756600 -0.993020 0.049079 -0.107251 -2.058500 0.000000 0.000000 0.000000 1.000000
0.050152 0.944414 -0.324910 6.728800 0.086348 -0.328201 -0.940653 11.756600 -0.995002 0.019120 -0.098008 -2.058500 0.000000 0.000000 0.000000 1.000000
0.040322 0.952916 -0.300541 6.728800 0.083147 -0.302942 -0.949375 11.756600 -0.995721 0.013291 -0.091447 -2.058500 0.000000 0.000000 0.000000 1.000000</float_array>
        <technique_common>
          <accessor source="#mixamorig_LeftShoulder-Matrix-animation-output-transform-array" count="23" stride="16">
            <param type="float4x4"/>
          </accessor>
        </technique_common>
      </source>
      <source id="mixamorig_LeftShoulder-Interpolations">
        <Name_array id="mixamorig_LeftShoulder-Interpolations-array" count="23">
 LINEAR LINEAR LINEAR LINEAR LINEAR LINEAR LINEAR LINEAR LINEAR LINEAR LINEAR
LINEAR LINEAR LINEAR LINEAR LINEAR LINEAR LINEAR LINEAR LINEAR LINEAR LINEAR LINEAR</Name_array>
        <technique_common>
          <accessor source="#mixamorig_LeftShoulder-Interpolations-array" count="23">
            <param type="name"/>
          </accessor>
        </technique_common>
      </source>
      <sampler id="mixamorig_LeftShoulder-Matrix-animation-transform">
        <input semantic="INPUT" source="#mixamorig_LeftShoulder-Matrix-animation-input"/>
        <input semantic="OUTPUT" source="#mixamorig_LeftShoulder-Matrix-animation-output-transform"/>
        <input semantic="INTERPOLATION" source="#mixamorig_LeftShoulder-Interpolations"/>
      </sampler>
      <channel source="#mixamorig_LeftShoulder-Matrix-animation-transform" target="mixamorig_LeftShoulder/matrix"/>
    </animation>
    <animation id="mixamorig_LeftArm-anim" name="mixamorig_LeftArm">
      <source id="mixamorig_LeftArm-Matrix-animation-input">
        <float_array id="mixamorig_LeftArm-Matrix-animation-input-array" count="23">

0.000000 0.033333 0.066667 0.100000 0.133333 0.166667 0.200000 0.233333 0.266667 0.300000 0.333333 0.366667 0.400000 0.433333 0.466667 0.500000
0.533333 0.566667 0.600000 0.633333 0.666667 0.700000 0.733333</float_array>
        <technique_common>
          <accessor source="#mixamorig_LeftArm-Matrix-animation-input-array" count="23">
            <param name="TIME" type="float"/>
          </accessor>
        </technique_common>
      </source>
      <source id="mixamorig_LeftArm-Matrix-animation-output-transform">
        <float_array id="mixamorig_LeftArm-Matrix-animation-output-transform-array" count="368">

0.980653 -0.152863 0.122284 0.000000 0.187253 0.914625 -0.358325 14.448800 -0.057069 0.374291 0.925554 0.000000 0.000000 0.000000 0.000000 1.000000
0.976784 -0.164385 0.137370 0.000000 0.203155 0.914270 -0.350483 14.448800 -0.067979 0.370254 0.926440 0.000000 0.000000 0.000000 0.000000 1.000000
0.971165 -0.189677 0.144438 0.000000 0.229143 0.909883 -0.345841 14.448800 -0.065823 0.368966 0.927109 -0.000000 0.000000 0.000000 0.000000 1.000000
0.971068 -0.196338 0.135932 0.000000 0.231632 0.912856 -0.336214 14.448800 -0.058075 0.357973 0.931924 0.000000 0.000000 0.000000 0.000000 1.000000
0.971935 -0.205282 0.114899 0.000000 0.231378 0.922407 -0.309240 14.448800 -0.042502 0.327146 0.944018 0.000000 0.000000 0.000000 0.000000 1.000000
0.972929 -0.206703 0.103360 0.000000 0.228201 0.929943 -0.288322 14.448800 -0.036522 0.304104 0.951939 0.000000 0.000000 0.000000 0.000000 1.000000
0.970951 -0.223296 0.085986 -0.000000 0.238337 0.934398 -0.264756 14.448800 -0.021226 0.277559 0.960474 0.000000 0.000000 0.000000 0.000000 1.000000
0.970957 -0.234260 0.048622 -0.000000 0.239205 0.946443 -0.216855 14.448800 0.004782 0.222188 0.974992 0.000000 0.000000 0.000000 0.000000 1.000000
0.980444 -0.196796 -0.000768 0.000000 0.194620 0.970165 -0.144580 14.448800 0.029198 0.141603 0.989493 0.000000 0.000000 0.000000 0.000000 1.000000
0.988156 -0.152943 -0.012476 0.000000 0.150699 0.982551 -0.109007 14.448800 0.028930 0.105836 0.993963 0.000000 0.000000 0.000000 0.000000 1.000000
0.980609 -0.195957 -0.002487 0.000000 0.194239 0.973540 -0.120377 14.448800 0.026010 0.117560 0.992725 0.000000 0.000000 0.000000 0.000000 1.000000
0.983046 -0.183160 -0.008491 0.000000 0.181237 0.977660 -0.106463 14.448800 0.027801 0.103119 0.994280 0.000000 0.000000 0.000000 0.000000 1.000000
0.981759 -0.189679 0.013074 -0.000000 0.189893 0.974802 -0.117054 14.448800 0.009458 0.117401 0.993040 -0.000000 0.000000 0.000000 0.000000 1.000000
0.983906 -0.172595 0.046251 -0.000000 0.177102 0.976328 -0.124174 14.448800 -0.023724 0.130366 0.991182 0.000000 0.000000 0.000000 0.000000 1.000000
0.985141 -0.154915 0.074154 0.000000 0.163199 0.978878 -0.123138 14.448800 -0.053512 0.133410 0.989615 0.000000 0.000000 0.000000 0.000000 1.000000
0.987504 -0.122207 0.099508 0.000000 0.133403 0.984373 -0.114954 14.448800 -0.083905 0.126792 0.988374 0.000000 0.000000 0.000000 0.000000 1.000000
0.988953 -0.060906 0.135136 0.000000 0.075904 0.991166 -0.108759 14.448800 -0.127318 0.117815 0.984840 0.000000 0.000000 0.000000 0.000000 1.000000
0.988976 -0.030148 0.144973 -0.000000 0.045379 0.993653 -0.102930 14.448800 -0.140949 0.108375 0.984067 0.000000 0.000000 0.000000 0.000000 1.000000
0.992219 -0.032253 0.120254 0.000000 0.044669 0.993778 -0.102029 14.448800 -0.116215 0.106607 0.987486 0.000000 0.000000 0.000000 0.000000 1.000000
0.994464 -0.028487 0.101142 0.000000 0.042721 0.989017 -0.141492 14.448800 -0.096000 0.145030 0.984759 0.000000 0.000000 0.000000 0.000000 1.000000
0.989594 -0.097438 0.105871 0.000000 0.120479 0.963396 -0.239487 14.448800 -0.078660 0.249750 0.965110 0.000000 0.000000 0.000000 0.000000 1.000000
0.985114 -0.134513 0.107034 0.000000 0.161680 0.936521 -0.311107 14.448800 -0.058392 0.323782 0.944328 -0.000000 0.000000 0.000000 0.000000 1.000000
0.980653 -0.152861 0.122284 0.000000 0.187251 0.914626 -0.358324 14.448800 -0.057070 0.374290 0.925554 -0.000000 0.000000 0.000000 0.000000 1.000000</float_array>
        <technique_common>
          <accessor source="#mixamorig_LeftArm-Matrix-animation-output-transform-array" count="23" stride="16">
            <param type="float4x4"/>
          </accessor>
        </technique_common>
      </source>
      <source id="mixamorig_LeftArm-Interpolations">
        <Name_array id="mixamorig_LeftArm-Interpolations-array" count="23">
 LINEAR LINEAR LINEAR LINEAR LINEAR LINEAR LINEAR LINEAR LINEAR LINEAR LINEAR
LINEAR LINEAR LINEAR LINEAR LINEAR LINEAR LINEAR LINEAR LINEAR LINEAR LINEAR LINEAR</Name_array>
        <technique_common>
          <accessor source="#mixamorig_LeftArm-Interpolations-array" count="23">
            <param type="name"/>
          </accessor>
        </technique_common>
      </source>
      <sampler id="mixamorig_LeftArm-Matrix-animation-transform">
        <input semantic="INPUT" source="#mixamorig_LeftArm-Matrix-animation-input"/>
        <input semantic="OUTPUT" source="#mixamorig_LeftArm-Matrix-animation-output-transform"/>
        <input semantic="INTERPOLATION" source="#mixamorig_LeftArm-Interpolations"/>
      </sampler>
      <channel source="#mixamorig_LeftArm-Matrix-animation-transform" target="mixamorig_LeftArm/matrix"/>
    </animation>
    <animation id="mixamorig_LeftForeArm-anim" name="mixamorig_LeftForeArm">
      <source id="mixamorig_LeftForeArm-Matrix-animation-input">
        <float_array id="mixamorig_LeftForeArm-Matrix-animation-input-array" count="23">

0.000000 0.033333 0.066667 0.100000 0.133333 0.166667 0.200000 0.233333 0.266667 0.300000 0.333333 0.366667 0.400000 0.433333 0.466667 0.500000
0.533333 0.566667 0.600000 0.633333 0.666667 0.700000 0.733333</float_array>
        <technique_common>
          <accessor source="#mixamorig_LeftForeArm-Matrix-animation-input-array" count="23">
            <param name="TIME" type="float"/>
          </accessor>
        </technique_common>
      </source>
      <source id="mixamorig_LeftForeArm-Matrix-animation-output-transform">
        <float_array id="mixamorig_LeftForeArm-Matrix-animation-output-transform-array" count="368">

0.260950 -0.949070 -0.176553 0.000000 0.923790 0.298590 -0.239701 23.160299 0.280210 -0.100548 0.954658 0.000000 0.000000 0.000000 0.000000 1.000000
0.317974 -0.928181 -0.193319 0.000000 0.912831 0.354810 -0.202112 23.160299 0.256189 -0.112201 0.960093 0.000000 0.000000 0.000000 0.000000 1.000000
0.379021 -0.902910 -0.202725 0.000000 0.896955 0.412339 -0.159525 23.160299 0.227628 -0.121372 0.966154 0.000000 0.000000 0.000000 0.000000 1.000000
0.407577 -0.891239 -0.198933 0.000000 0.891070 0.435798 -0.126782 23.160299 0.199688 -0.125589 0.971778 0.000000 0.000000 0.000000 0.000000 1.000000
0.421784 -0.886410 -0.190725 0.000000 0.887077 0.446947 -0.115468 23.160299 0.187596 -0.120485 0.974829 0.000000 0.000000 0.000000 0.000000 1.000000
0.417907 -0.888271 -0.190599 -0.000000 0.887866 0.443779 -0.121463 23.160299 0.192476 -0.118466 0.974125 0.000000 0.000000 0.000000 0.000000 1.000000
0.404176 -0.896342 -0.182245 0.000000 0.891086 0.430819 -0.142693 23.160299 0.206416 -0.104722 0.972844 0.000000 0.000000 0.000000 0.000000 1.000000
0.365813 -0.916249 -0.163304 0.000000 0.902260 0.392174 -0.179241 23.160299 0.228273 -0.081774 0.970157 0.000000 0.000000 0.000000 0.000000 1.000000
0.282042 -0.948121 -0.146693 0.000000 0.922535 0.309994 -0.229855 23.160299 0.263404 -0.070501 0.962106 0.000000 0.000000 0.000000 0.000000 1.000000
0.209882 -0.968695 -0.132586 0.000000 0.924438 0.240768 -0.295712 23.160299 0.318377 -0.060503 0.946032 0.000000 0.000000 0.000000 0.000000 1.000000
0.226155 -0.966571 -0.120807 0.000000 0.907768 0.254109 -0.333746 23.160299 0.353287 -0.034187 0.934890 0.000000 0.000000 0.000000 0.000000 1.000000
0.202913 -0.972144 -0.117316 -0.000000 0.919381 0.230378 -0.318848 23.160299 0.336993 -0.043160 0.940517 0.000000 0.000000 0.000000 0.000000 1.000000
0.179367 -0.973856 -0.139395 0.000000 0.938128 0.211981 -0.273824 23.160299 0.296215 -0.081656 0.951625 0.000000 0.000000 0.000000 0.000000 1.000000
0.132421 -0.980486 -0.145302 0.000000 0.958361 0.164069 -0.233720 23.160299 0.252998 -0.108302 0.961386 0.000000 0.000000 0.000000 0.000000 1.000000
0.091157 -0.986026 -0.139441 0.000000 0.970007 0.119602 -0.211615 23.160299 0.225335 -0.115968 0.967355 -0.000000 0.000000 0.000000 0.000000 1.000000
0.049878 -0.989329 -0.136897 -0.000000 0.976765 0.076924 -0.200031 23.160299 0.208427 -0.123739 0.970179 0.000000 0.000000 0.000000 0.000000 1.000000
0.013600 -0.991169 -0.131904 0.000000 0.978815 0.040149 -0.200770 23.160299 0.204293 -0.126380 0.970718 -0.000000 0.000000 0.000000 0.000000 1.000000
0.008056 -0.993015 -0.117717 0.000000 0.981478 0.030385 -0.189149 23.160299 0.191404 -0.114013 0.974867 0.000000 0.000000 0.000000 0.000000 1.000000
0.042645 -0.996088 -0.077400 0.000000 0.982694 0.055797 -0.176634 23.160299 0.180262 -0.068528 0.981229 0.000000 0.000000 0.000000 0.000000 1.000000
0.091173 -0.995766 -0.011765 -0.000000 0.975839 0.091692 -0.198323 23.160299 0.198562 0.006601 0.980066 -0.000000 0.000000 0.000000 0.000000 1.000000
0.175956 -0.983480 -0.042508 0.000000 0.965350 0.180844 -0.188135 23.160299 0.192714 -0.007932 0.981223 -0.000000 0.000000 0.000000 0.000000 1.000000
0.233204 -0.965694 -0.114240 0.000000 0.946553 0.252347 -0.200893 23.160299 0.222830 -0.061285 0.972929 0.000000 0.000000 0.000000 0.000000 1.000000
0.260949 -0.949071 -0.176552 0.000000 0.923790 0.298589 -0.239701 23.160299 0.280209 -0.100548 0.954658 0.000000 0.000000 0.000000 0.000000 1.000000</float_array>
        <technique_common>
          <accessor source="#mixamorig_LeftForeArm-Matrix-animation-output-transform-array" count="23" stride="16">
            <param type="float4x4"/>
          </accessor>
        </technique_common>
      </source>
      <source id="mixamorig_LeftForeArm-Interpolations">
        <Name_array id="mixamorig_LeftForeArm-Interpolations-array" count="23">
 LINEAR LINEAR LINEAR LINEAR LINEAR LINEAR LINEAR LINEAR LINEAR LINEAR LINEAR
LINEAR LINEAR LINEAR LINEAR LINEAR LINEAR LINEAR LINEAR LINEAR LINEAR LINEAR LINEAR</Name_array>
        <technique_common>
          <accessor source="#mixamorig_LeftForeArm-Interpolations-array" count="23">
            <param type="name"/>
          </accessor>
        </technique_common>
      </source>
      <sampler id="mixamorig_LeftForeArm-Matrix-animation-transform">
        <input semantic="INPUT" source="#mixamorig_LeftForeArm-Matrix-animation-input"/>
        <input semantic="OUTPUT" source="#mixamorig_LeftForeArm-Matrix-animation-output-transform"/>
        <input semantic="INTERPOLATION" source="#mixamorig_LeftForeArm-Interpolations"/>
      </sampler>
      <channel source="#mixamorig_LeftForeArm-Matrix-animation-transform" target="mixamorig_LeftForeArm/matrix"/>
    </animation>
    <animation id="mixamorig_LeftHand-anim" name="mixamorig_LeftHand">
      <source id="mixamorig_LeftHand-Matrix-animation-input">
        <float_array id="mixamorig_LeftHand-Matrix-animation-input-array" count="23">

0.000000 0.033333 0.066667 0.100000 0.133333 0.166667 0.200000 0.233333 0.266667 0.300000 0.333333 0.366667 0.400000 0.433333 0.466667 0.500000
0.533333 0.566667 0.600000 0.633333 0.666667 0.700000 0.733333</float_array>
        <technique_common>
          <accessor source="#mixamorig_LeftHand-Matrix-animation-input-array" count="23">
            <param name="TIME" type="float"/>
          </accessor>
        </technique_common>
      </source>
      <source id="mixamorig_LeftHand-Matrix-animation-output-transform">
        <float_array id="mixamorig_LeftHand-Matrix-animation-output-transform-array" count="368">

0.891055 -0.453820 -0.008256 0.000000 0.446465 0.873047 0.196107 24.071800 -0.081790 -0.178428 0.980548 0.000000 0.000000 0.000000 0.000000 1.000000
0.877513 -0.479122 -0.020324 0.000000 0.472676 0.857002 0.205245 24.071800 -0.080919 -0.189712 0.978500 0.000000 0.000000 0.000000 0.000000 1.000000
0.863837 -0.502729 -0.032400 -0.000000 0.497911 0.842238 0.206687 24.071800 -0.076619 -0.194676 0.977871 0.000000 0.000000 0.000000 0.000000 1.000000
0.860277 -0.507909 -0.044183 0.000000 0.504941 0.836857 0.211438 24.071800 -0.070416 -0.204205 0.976392 0.000000 0.000000 0.000000 0.000000 1.000000
0.867544 -0.494446 -0.053763 -0.000000 0.492938 0.840411 0.225214 24.071800 -0.066174 -0.221885 0.972825 0.000000 0.000000 0.000000 0.000000 1.000000
0.882913 -0.465503 -0.061406 0.000000 0.465009 0.848775 0.251691 24.071800 -0.065044 -0.250776 0.965858 -0.000000 0.000000 0.000000 0.000000 1.000000
0.911073 -0.408263 -0.057168 0.000000 0.407503 0.870915 0.274679 24.071800 -0.062353 -0.273548 0.959835 0.000000 0.000000 0.000000 0.000000 1.000000
0.947383 -0.317572 -0.040174 0.000000 0.315010 0.902637 0.293283 24.071800 -0.056875 -0.290506 0.955181 0.000000 0.000000 0.000000 0.000000 1.000000
0.980758 -0.194996 -0.009466 0.000000 0.187965 0.930076 0.315638 24.071800 -0.052743 -0.311344 0.948832 0.000000 0.000000 0.000000 0.000000 1.000000
0.995178 -0.096854 0.015513 -0.000000 0.084394 0.926058 0.367824 24.071800 -0.049991 -0.364741 0.929766 0.000000 0.000000 0.000000 0.000000 1.000000
0.996379 -0.081181 0.025267 -0.000000 0.064086 0.912394 0.404264 24.071800 -0.055872 -0.401181 0.914293 0.000000 0.000000 0.000000 0.000000 1.000000
0.996685 -0.075883 0.029342 -0.000000 0.058982 0.922341 0.381847 24.071800 -0.056039 -0.378851 0.923759 0.000000 0.000000 0.000000 0.000000 1.000000
0.994403 -0.099499 0.035544 0.000000 0.082003 0.938928 0.334201 24.071800 -0.066625 -0.329416 0.941831 0.000000 0.000000 0.000000 0.000000 1.000000
0.991506 -0.127071 0.027740 0.000000 0.112557 0.945175 0.306553 24.071800 -0.065173 -0.300826 0.951449 0.000000 0.000000 0.000000 0.000000 1.000000
0.986286 -0.164218 0.016525 0.000000 0.151904 0.942340 0.298195 24.071800 -0.064541 -0.291595 0.954362 0.000000 0.000000 0.000000 0.000000 1.000000
0.981448 -0.191374 0.011637 0.000000 0.179066 0.936633 0.301089 24.071800 -0.068520 -0.293419 0.953525 0.000000 0.000000 0.000000 0.000000 1.000000
0.976472 -0.215636 0.002063 -0.000000 0.202282 0.919229 0.337786 24.071800 -0.074736 -0.329421 0.941221 0.000000 0.000000 0.000000 0.000000 1.000000
0.971258 -0.237921 -0.007115 0.000000 0.223779 0.902522 0.367935 24.071800 -0.081118 -0.358952 0.929824 0.000000 0.000000 0.000000 0.000000 1.000000
0.963164 -0.267806 -0.024413 0.000000 0.256066 0.885626 0.387424 24.071800 -0.082133 -0.379404 0.921579 0.000000 0.000000 0.000000 0.000000 1.000000
0.947435 -0.316929 -0.043858 -0.000000 0.305490 0.855337 0.418420 24.071800 -0.095096 -0.409823 0.907194 -0.000000 0.000000 0.000000 0.000000 1.000000
0.924935 -0.377332 -0.046009 0.000000 0.367948 0.858329 0.357611 24.071800 -0.095447 -0.347696 0.932737 0.000000 0.000000 0.000000 0.000000 1.000000
0.904130 -0.426534 -0.024836 0.000000 0.417652 0.870055 0.261860 24.071800 -0.090084 -0.247128 0.964786 0.000000 0.000000 0.000000 0.000000 1.000000
0.891055 -0.453820 -0.008256 0.000000 0.446465 0.873047 0.196108 24.071800 -0.081790 -0.178429 0.980548 0.000000 0.000000 0.000000 0.000000 1.000000</float_array>
        <technique_common>
          <accessor source="#mixamorig_LeftHand-Matrix-animation-output-transform-array" count="23" stride="16">
            <param type="float4x4"/>
          </accessor>
        </technique_common>
      </source>
      <source id="mixamorig_LeftHand-Interpolations">
        <Name_array id="mixamorig_LeftHand-Interpolations-array" count="23">
 LINEAR LINEAR LINEAR LINEAR LINEAR LINEAR LINEAR LINEAR LINEAR LINEAR LINEAR
LINEAR LINEAR LINEAR LINEAR LINEAR LINEAR LINEAR LINEAR LINEAR LINEAR LINEAR LINEAR</Name_array>
        <technique_common>
          <accessor source="#mixamorig_LeftHand-Interpolations-array" count="23">
            <param type="name"/>
          </accessor>
        </technique_common>
      </source>
      <sampler id="mixamorig_LeftHand-Matrix-animation-transform">
        <input semantic="INPUT" source="#mixamorig_LeftHand-Matrix-animation-input"/>
        <input semantic="OUTPUT" source="#mixamorig_LeftHand-Matrix-animation-output-transform"/>
        <input semantic="INTERPOLATION" source="#mixamorig_LeftHand-Interpolations"/>
      </sampler>
      <channel source="#mixamorig_LeftHand-Matrix-animation-transform" target="mixamorig_LeftHand/matrix"/>
    </animation>
    <animation id="mixamorig_LeftHandThumb1-anim" name="mixamorig_LeftHandThumb1">
      <source id="mixamorig_LeftHandThumb1-Matrix-animation-input">
        <float_array id="mixamorig_LeftHandThumb1-Matrix-animation-input-array" count="23">

0.000000 0.033333 0.066667 0.100000 0.133333 0.166667 0.200000 0.233333 0.266667 0.300000 0.333333 0.366667 0.400000 0.433333 0.466667 0.500000
0.533333 0.566667 0.600000 0.633333 0.666667 0.700000 0.733333</float_array>
        <technique_common>
          <accessor source="#mixamorig_LeftHandThumb1-Matrix-animation-input-array" count="23">
            <param name="TIME" type="float"/>
          </accessor>
        </technique_common>
      </source>
      <source id="mixamorig_LeftHandThumb1-Matrix-animation-output-transform">
        <float_array id="mixamorig_LeftHandThumb1-Matrix-animation-output-transform-array" count="368">

0.199504 -0.315790 0.927618 -1.509000 0.700073 0.708305 0.090564 4.173400 -0.685635 0.631332 0.362386 1.926500 0.000000 0.000000 0.000000 1.000000
0.282198 -0.338740 0.897563 -1.509000 0.690726 0.721026 0.054947 4.173400 -0.665779 0.604464 0.437449 1.926500 0.000000 0.000000 0.000000 1.000000
0.366190 -0.362814 0.856896 -1.509000 0.679862 0.733071 0.019850 4.173400 -0.635368 0.575302 0.515107 1.926500 0.000000 0.000000 0.000000 1.000000
0.425819 -0.380562 0.820884 -1.509000 0.671370 0.741108 -0.004683 4.173400 -0.606581 0.553111 0.571075 1.926500 0.000000 0.000000 0.000000 1.000000
0.442309 -0.385594 0.809741 -1.509000 0.668911 0.743255 -0.011448 4.173400 -0.597429 0.546708 0.586676 1.926500 0.000000 0.000000 0.000000 1.000000
0.423156 -0.379755 0.822633 -1.509000 0.671763 0.740758 -0.003590 4.173400 -0.608008 0.554134 0.568561 1.926500 0.000000 0.000000 0.000000 1.000000
0.380107 -0.366900 0.849060 -1.509000 0.677936 0.734985 0.014107 4.173400 -0.629223 0.570247 0.528108 1.926500 0.000000 0.000000 0.000000 1.000000
0.323626 -0.350499 0.878872 -1.509000 0.685532 0.727075 0.037528 4.173400 -0.652160 0.590350 0.475579 1.926500 0.000000 0.000000 0.000000 1.000000
0.265674 -0.334104 0.904318 -1.509000 0.692706 0.718553 0.061966 4.173400 -0.670504 0.609964 0.422337 1.926500 0.000000 0.000000 0.000000 1.000000
0.219648 -0.321327 0.921143 -1.509000 0.697927 0.711485 0.081769 4.173400 -0.681654 0.624931 0.380539 1.926500 0.000000 0.000000 0.000000 1.000000
0.199504 -0.315790 0.927618 -1.509000 0.700073 0.708305 0.090564 4.173400 -0.685636 0.631332 0.362386 1.926500 0.000000 0.000000 0.000000 1.000000
0.205962 -0.317562 0.925599 -1.509000 0.699395 0.709330 0.087735 4.173400 -0.684417 0.629289 0.368196 1.926500 0.000000 0.000000 0.000000 1.000000
0.227850 -0.323590 0.918354 -1.509000 0.697029 0.712765 0.078210 4.173400 -0.679878 0.622299 0.387955 1.926500 0.000000 0.000000 0.000000 1.000000
0.261018 -0.332802 0.906152 -1.509000 0.693253 0.717851 0.063952 4.173400 -0.671766 0.611501 0.418088 1.926500 0.000000 0.000000 0.000000 1.000000
0.301240 -0.344120 0.889289 -1.509000 0.688379 0.723832 0.046911 4.173400 -0.659839 0.598037 0.454933 1.926500 0.000000 0.000000 0.000000 1.000000
0.344351 -0.356463 0.868537 -1.509000 0.682813 0.730022 0.028897 4.173400 -0.644352 0.583097 0.494781 1.926500 0.000000 0.000000 0.000000 1.000000
0.386398 -0.368757 0.845408 -1.509000 0.677054 0.735843 0.011515 4.173400 -0.626334 0.567938 0.533997 1.926500 0.000000 0.000000 0.000000 1.000000
0.423787 -0.379946 0.822220 -1.509000 0.671670 0.740841 -0.003850 4.173400 -0.607671 0.553892 0.569157 1.926500 0.000000 0.000000 0.000000 1.000000
0.435532 -0.384321 0.814008 -1.509000 0.670789 0.741597 -0.008770 4.173400 -0.600295 0.549847 0.580788 1.926500 0.000000 0.000000 0.000000 1.000000
0.396580 -0.376166 0.837391 -1.509000 0.680444 0.732767 0.006916 4.173400 -0.616214 0.567055 0.546561 1.926500 0.000000 0.000000 0.000000 1.000000
0.334369 -0.360533 0.870755 -1.509000 0.692078 0.721077 0.032802 4.173400 -0.639707 0.591663 0.490622 1.926500 0.000000 0.000000 0.000000 1.000000
0.264724 -0.339110 0.902732 -1.509000 0.699112 0.712271 0.062551 4.173400 -0.664202 0.614552 0.425631 1.926500 0.000000 0.000000 0.000000 1.000000
0.199504 -0.315790 0.927618 -1.509000 0.700073 0.708305 0.090563 4.173400 -0.685635 0.631332 0.362386 1.926500 0.000000 0.000000 0.000000 1.000000</float_array>
        <technique_common>
          <accessor source="#mixamorig_LeftHandThumb1-Matrix-animation-output-transform-array" count="23" stride="16">
            <param type="float4x4"/>
          </accessor>
        </technique_common>
      </source>
      <source id="mixamorig_LeftHandThumb1-Interpolations">
        <Name_array id="mixamorig_LeftHandThumb1-Interpolations-array" count="23">
 LINEAR LINEAR LINEAR LINEAR LINEAR LINEAR LINEAR LINEAR LINEAR LINEAR LINEAR
LINEAR LINEAR LINEAR LINEAR LINEAR LINEAR LINEAR LINEAR LINEAR LINEAR LINEAR LINEAR</Name_array>
        <technique_common>
          <accessor source="#mixamorig_LeftHandThumb1-Interpolations-array" count="23">
            <param type="name"/>
          </accessor>
        </technique_common>
      </source>
      <sampler id="mixamorig_LeftHandThumb1-Matrix-animation-transform">
        <input semantic="INPUT" source="#mixamorig_LeftHandThumb1-Matrix-animation-input"/>
        <input semantic="OUTPUT" source="#mixamorig_LeftHandThumb1-Matrix-animation-output-transform"/>
        <input semantic="INTERPOLATION" source="#mixamorig_LeftHandThumb1-Interpolations"/>
      </sampler>
      <channel source="#mixamorig_LeftHandThumb1-Matrix-animation-transform" target="mixamorig_LeftHandThumb1/matrix"/>
    </animation>
    <animation id="mixamorig_LeftHandThumb2-anim" name="mixamorig_LeftHandThumb2">
      <source id="mixamorig_LeftHandThumb2-Matrix-animation-input">
        <float_array id="mixamorig_LeftHandThumb2-Matrix-animation-input-array" count="23">

0.000000 0.033333 0.066667 0.100000 0.133333 0.166667 0.200000 0.233333 0.266667 0.300000 0.333333 0.366667 0.400000 0.433333 0.466667 0.500000
0.533333 0.566667 0.600000 0.633333 0.666667 0.700000 0.733333</float_array>
        <technique_common>
          <accessor source="#mixamorig_LeftHandThumb2-Matrix-animation-input-array" count="23">
            <param name="TIME" type="float"/>
          </accessor>
        </technique_common>
      </source>
      <source id="mixamorig_LeftHandThumb2-Matrix-animation-output-transform">
        <float_array id="mixamorig_LeftHandThumb2-Matrix-animation-output-transform-array" count="368">

0.963623 0.184734 -0.193142 0.000000 -0.204876 0.974646 -0.089952 3.870400 0.171628 0.126250 0.977039 -0.000000 0.000000 0.000000 0.000000 1.000000
0.965722 0.174506 -0.192168 0.000000 -0.194720 0.976559 -0.091747 3.870400 0.171653 0.126021 0.977064 -0.000000 0.000000 0.000000 0.000000 1.000000
0.967828 0.163700 -0.191078 0.000000 -0.183982 0.978461 -0.093621 3.870400 0.171636 0.125764 0.977100 0.000000 0.000000 0.000000 0.000000 1.000000
0.969320 0.155664 -0.190228 -0.000000 -0.175990 0.979797 -0.094999 3.870400 0.171597 0.125563 0.977133 0.000000 0.000000 0.000000 0.000000 1.000000
0.969734 0.153373 -0.189979 0.000000 -0.173710 0.980166 -0.095389 3.870400 0.171581 0.125503 0.977143 0.000000 0.000000 0.000000 0.000000 1.000000
0.969254 0.156031 -0.190267 0.000000 -0.176355 0.979738 -0.094936 3.870400 0.171599 0.125572 0.977131 0.000000 0.000000 0.000000 0.000000 1.000000
0.968176 0.161856 -0.190886 0.000000 -0.182148 0.978774 -0.093938 3.870400 0.171629 0.125718 0.977107 0.000000 0.000000 0.000000 0.000000 1.000000
0.966763 0.169240 -0.191644 0.000000 -0.189488 0.977501 -0.092663 3.870400 0.171650 0.125897 0.977080 -0.000000 0.000000 0.000000 0.000000 1.000000
0.965306 0.176576 -0.192369 0.000000 -0.196777 0.976180 -0.091385 3.870400 0.171650 0.126068 0.977058 -0.000000 0.000000 0.000000 0.000000 1.000000
0.964138 0.182271 -0.192913 0.000000 -0.202432 0.975116 -0.090386 3.870400 0.171637 0.126196 0.977044 0.000000 0.000000 0.000000 0.000000 1.000000
0.963623 0.184734 -0.193142 0.000000 -0.204876 0.974646 -0.089952 3.870400 0.171628 0.126250 0.977039 0.000000 0.000000 0.000000 0.000000 1.000000
0.963788 0.183946 -0.193069 0.000000 -0.204095 0.974797 -0.090091 3.870400 0.171631 0.126233 0.977040 0.000000 0.000000 0.000000 0.000000 1.000000
0.964347 0.181264 -0.192817 0.000000 -0.201432 0.975307 -0.090563 3.870400 0.171640 0.126173 0.977047 -0.000000 0.000000 0.000000 0.000000 1.000000
0.965188 0.177157 -0.192425 0.000000 -0.197354 0.976073 -0.091283 3.870400 0.171650 0.126082 0.977057 0.000000 0.000000 0.000000 0.000000 1.000000
0.966201 0.172099 -0.191930 0.000000 -0.192329 0.976993 -0.092167 3.870400 0.171653 0.125965 0.977071 0.000000 0.000000 0.000000 0.000000 1.000000
0.967282 0.166561 -0.191373 0.000000 -0.186826 0.977969 -0.093127 3.870400 0.171645 0.125833 0.977089 0.000000 0.000000 0.000000 0.000000 1.000000
0.968334 0.161016 -0.190798 0.000000 -0.181313 0.978915 -0.094082 3.870400 0.171626 0.125697 0.977110 0.000000 0.000000 0.000000 0.000000 1.000000
0.969269 0.155944 -0.190258 0.000000 -0.176268 0.979752 -0.094951 3.870400 0.171599 0.125569 0.977132 -0.000000 0.000000 0.000000 0.000000 1.000000
0.969575 0.154257 -0.190076 0.000000 -0.174590 0.980025 -0.095237 3.870400 0.171588 0.125525 0.977139 0.000000 0.000000 0.000000 0.000000 1.000000
0.968650 0.159308 -0.190624 0.000000 -0.179614 0.979200 -0.094368 3.870400 0.171625 0.125649 0.977117 0.000000 0.000000 0.000000 0.000000 1.000000
0.967136 0.167304 -0.191459 0.000000 -0.187564 0.977841 -0.092987 3.870400 0.171659 0.125842 0.977086 0.000000 0.000000 0.000000 0.000000 1.000000
0.965367 0.176264 -0.192348 0.000000 -0.196467 0.976238 -0.091430 3.870400 0.171662 0.126054 0.977058 -0.000000 0.000000 0.000000 0.000000 1.000000
0.963623 0.184734 -0.193142 0.000000 -0.204876 0.974646 -0.089952 3.870400 0.171628 0.126250 0.977039 -0.000000 0.000000 0.000000 0.000000 1.000000</float_array>
        <technique_common>
          <accessor source="#mixamorig_LeftHandThumb2-Matrix-animation-output-transform-array" count="23" stride="16">
            <param type="float4x4"/>
          </accessor>
        </technique_common>
      </source>
      <source id="mixamorig_LeftHandThumb2-Interpolations">
        <Name_array id="mixamorig_LeftHandThumb2-Interpolations-array" count="23">
 LINEAR LINEAR LINEAR LINEAR LINEAR LINEAR LINEAR LINEAR LINEAR LINEAR LINEAR
LINEAR LINEAR LINEAR LINEAR LINEAR LINEAR LINEAR LINEAR LINEAR LINEAR LINEAR LINEAR</Name_array>
        <technique_common>
          <accessor source="#mixamorig_LeftHandThumb2-Interpolations-array" count="23">
            <param type="name"/>
          </accessor>
        </technique_common>
      </source>
      <sampler id="mixamorig_LeftHandThumb2-Matrix-animation-transform">
        <input semantic="INPUT" source="#mixamorig_LeftHandThumb2-Matrix-animation-input"/>
        <input semantic="OUTPUT" source="#mixamorig_LeftHandThumb2-Matrix-animation-output-transform"/>
        <input semantic="INTERPOLATION" source="#mixamorig_LeftHandThumb2-Interpolations"/>
      </sampler>
      <channel source="#mixamorig_LeftHandThumb2-Matrix-animation-transform" target="mixamorig_LeftHandThumb2/matrix"/>
    </animation>
    <animation id="mixamorig_LeftHandThumb3-anim" name="mixamorig_LeftHandThumb3">
      <source id="mixamorig_LeftHandThumb3-Matrix-animation-input">
        <float_array id="mixamorig_LeftHandThumb3-Matrix-animation-input-array" count="23">

0.000000 0.033333 0.066667 0.100000 0.133333 0.166667 0.200000 0.233333 0.266667 0.300000 0.333333 0.366667 0.400000 0.433333 0.466667 0.500000
0.533333 0.566667 0.600000 0.633333 0.666667 0.700000 0.733333</float_array>
        <technique_common>
          <accessor source="#mixamorig_LeftHandThumb3-Matrix-animation-input-array" count="23">
            <param name="TIME" type="float"/>
          </accessor>
        </technique_common>
      </source>
      <source id="mixamorig_LeftHandThumb3-Matrix-animation-output-transform">
        <float_array id="mixamorig_LeftHandThumb3-Matrix-animation-output-transform-array" count="368">

0.952137 0.301742 -0.048857 0.000000 -0.305668 0.939075 -0.157181 4.710600 -0.001548 0.164592 0.986360 0.000000 0.000000 0.000000 0.000000 1.000000
0.958275 0.283016 -0.040131 0.000000 -0.285834 0.947387 -0.144074 4.710600 -0.002756 0.149533 0.988753 0.000000 0.000000 0.000000 0.000000 1.000000
0.964276 0.263026 -0.031450 0.000000 -0.264868 0.955495 -0.129899 4.710600 -0.004116 0.133588 0.991028 0.000000 0.000000 0.000000 0.000000 1.000000
0.968421 0.248028 -0.025355 -0.000000 -0.249267 0.961077 -0.119148 4.710600 -0.005184 0.121706 0.992553 0.000000 0.000000 0.000000 0.000000 1.000000
0.969554 0.243732 -0.023675 0.000000 -0.244818 0.962599 -0.116052 4.710600 -0.005496 0.118315 0.992961 0.000000 0.000000 0.000000 0.000000 1.000000
0.968237 0.248715 -0.025627 0.000000 -0.249980 0.960831 -0.119642 4.710600 -0.005133 0.122249 0.992486 0.000000 0.000000 0.000000 0.000000 1.000000
0.965251 0.259594 -0.030024 0.000000 -0.261288 0.956810 -0.127447 4.710600 -0.004357 0.130863 0.991391 0.000000 0.000000 0.000000 0.000000 1.000000
0.961261 0.273300 -0.035831 -0.000000 -0.275617 0.951425 -0.137206 4.710600 -0.003408 0.141767 0.989894 0.000000 0.000000 0.000000 0.000000 1.000000
0.957068 0.286824 -0.041858 0.000000 -0.289852 0.945753 -0.146753 4.710600 -0.002505 0.152586 0.988287 0.000000 0.000000 0.000000 0.000000 1.000000
0.953656 0.297252 -0.046711 0.000000 -0.300895 0.941132 -0.154054 4.710600 -0.001832 0.160970 0.986958 0.000000 0.000000 0.000000 0.000000 1.000000
0.952137 0.301743 -0.048857 -0.000000 -0.305669 0.939074 -0.157181 4.710600 -0.001548 0.164592 0.986361 0.000000 0.000000 0.000000 0.000000 1.000000
0.952626 0.300307 -0.048168 0.000000 -0.304141 0.939737 -0.156183 4.710600 -0.001638 0.163434 0.986553 -0.000000 0.000000 0.000000 0.000000 1.000000
0.954270 0.295412 -0.045842 0.000000 -0.298941 0.941964 -0.152769 4.710600 -0.001949 0.159487 0.987198 0.000000 0.000000 0.000000 0.000000 1.000000
0.956726 0.287891 -0.042346 0.000000 -0.290979 0.945291 -0.147502 4.710600 -0.002435 0.153441 0.988155 0.000000 0.000000 0.000000 0.000000 1.000000
0.959654 0.278582 -0.038149 0.000000 -0.281165 0.949253 -0.140945 4.710600 -0.003051 0.145985 0.989282 0.000000 0.000000 0.000000 0.000000 1.000000
0.962736 0.268337 -0.033693 0.000000 -0.270418 0.953417 -0.133682 4.710600 -0.003748 0.137812 0.990451 0.000000 0.000000 0.000000 0.000000 1.000000
0.965690 0.258030 -0.029381 0.000000 -0.259659 0.957402 -0.126327 4.710600 -0.004467 0.129622 0.991553 0.000000 0.000000 0.000000 0.000000 1.000000
0.968281 0.248552 -0.025563 0.000000 -0.249810 0.960889 -0.119526 4.710600 -0.005146 0.122120 0.992502 0.000000 0.000000 0.000000 0.000000 1.000000
0.969118 0.245395 -0.024330 -0.000000 -0.246539 0.962014 -0.117251 4.710600 -0.005367 0.119629 0.992804 0.000000 0.000000 0.000000 0.000000 1.000000
0.966566 0.254868 -0.028138 0.000000 -0.256374 0.958582 -0.124066 4.710600 -0.004648 0.127132 0.991875 -0.000000 0.000000 0.000000 0.000000 1.000000
0.962314 0.269758 -0.034380 0.000000 -0.271916 0.952847 -0.134697 4.710600 -0.003577 0.138969 0.990290 0.000000 0.000000 0.000000 0.000000 1.000000
0.957238 0.286283 -0.041674 0.000000 -0.289290 0.945984 -0.146377 4.710600 -0.002482 0.152173 0.988351 0.000000 0.000000 0.000000 0.000000 1.000000
0.952137 0.301743 -0.048858 0.000000 -0.305668 0.939074 -0.157181 4.710600 -0.001547 0.164592 0.986360 0.000000 0.000000 0.000000 0.000000 1.000000</float_array>
        <technique_common>
          <accessor source="#mixamorig_LeftHandThumb3-Matrix-animation-output-transform-array" count="23" stride="16">
            <param type="float4x4"/>
          </accessor>
        </technique_common>
      </source>
      <source id="mixamorig_LeftHandThumb3-Interpolations">
        <Name_array id="mixamorig_LeftHandThumb3-Interpolations-array" count="23">
 LINEAR LINEAR LINEAR LINEAR LINEAR LINEAR LINEAR LINEAR LINEAR LINEAR LINEAR
LINEAR LINEAR LINEAR LINEAR LINEAR LINEAR LINEAR LINEAR LINEAR LINEAR LINEAR LINEAR</Name_array>
        <technique_common>
          <accessor source="#mixamorig_LeftHandThumb3-Interpolations-array" count="23">
            <param type="name"/>
          </accessor>
        </technique_common>
      </source>
      <sampler id="mixamorig_LeftHandThumb3-Matrix-animation-transform">
        <input semantic="INPUT" source="#mixamorig_LeftHandThumb3-Matrix-animation-input"/>
        <input semantic="OUTPUT" source="#mixamorig_LeftHandThumb3-Matrix-animation-output-transform"/>
        <input semantic="INTERPOLATION" source="#mixamorig_LeftHandThumb3-Interpolations"/>
      </sampler>
      <channel source="#mixamorig_LeftHandThumb3-Matrix-animation-transform" target="mixamorig_LeftHandThumb3/matrix"/>
    </animation>
    <animation id="mixamorig_LeftHandIndex1-anim" name="mixamorig_LeftHandIndex1">
      <source id="mixamorig_LeftHandIndex1-Matrix-animation-input">
        <float_array id="mixamorig_LeftHandIndex1-Matrix-animation-input-array" count="23">

0.000000 0.033333 0.066667 0.100000 0.133333 0.166667 0.200000 0.233333 0.266667 0.300000 0.333333 0.366667 0.400000 0.433333 0.466667 0.500000
0.533333 0.566667 0.600000 0.633333 0.666667 0.700000 0.733333</float_array>
        <technique_common>
          <accessor source="#mixamorig_LeftHandIndex1-Matrix-animation-input-array" count="23">
            <param name="TIME" type="float"/>
          </accessor>
        </technique_common>
      </source>
      <source id="mixamorig_LeftHandIndex1-Matrix-animation-output-transform">
        <float_array id="mixamorig_LeftHandIndex1-Matrix-animation-output-transform-array" count="368">

0.986395 -0.045836 0.157875 -2.855500 0.131996 0.793267 -0.594394 14.669400 -0.097992 0.607146 0.788525 0.398800 0.000000 0.000000 0.000000 1.000000
0.986632 -0.046762 0.156109 -2.855500 0.131036 0.797158 -0.589380 14.669400 -0.096883 0.601957 0.792629 0.398800 0.000000 0.000000 0.000000 1.000000
0.987237 -0.049046 0.151517 -2.855500 0.128546 0.807049 -0.576323 14.669400 -0.094015 0.588444 0.803053 0.398800 0.000000 0.000000 0.000000 1.000000
0.988045 -0.051922 0.145160 -2.855500 0.125109 0.820234 -0.558178 14.669400 -0.090084 0.569666 0.816924 0.398800 0.000000 0.000000 0.000000 1.000000
0.988900 -0.054721 0.138140 -2.855500 0.121316 0.834148 -0.538033 14.669400 -0.085788 0.548820 0.831527 0.398800 0.000000 0.000000 0.000000 1.000000
0.989663 -0.056961 0.131615 -2.855500 0.117769 0.846498 -0.519202 14.669400 -0.081838 0.529335 0.844456 0.398800 0.000000 0.000000 0.000000 1.000000
0.990213 -0.058347 0.126786 -2.855500 0.115084 0.855287 -0.505212 14.669400 -0.078961 0.514858 0.853631 0.398800 0.000000 0.000000 0.000000 1.000000
0.990471 -0.058766 0.124558 -2.855500 0.113708 0.859214 -0.498820 14.669400 -0.077708 0.508230 0.857709 0.398800 0.000000 0.000000 0.000000 1.000000
0.990577 -0.058597 0.123790 -2.855500 0.112983 0.860488 -0.496784 14.669400 -0.077410 0.506089 0.859000 0.398800 0.000000 0.000000 0.000000 1.000000
0.990579 -0.058040 0.124031 -2.855500 0.112712 0.859957 -0.497765 14.669400 -0.077771 0.507055 0.858398 0.398800 0.000000 0.000000 0.000000 1.000000
0.990497 -0.057221 0.125065 -2.855500 0.112839 0.857998 -0.501106 14.669400 -0.078632 0.510456 0.856301 0.398800 0.000000 0.000000 0.000000 1.000000
0.990348 -0.056253 0.126677 -2.855500 0.113305 0.854976 -0.506140 14.669400 -0.079834 0.515608 0.853097 0.398800 0.000000 0.000000 0.000000 1.000000
0.990149 -0.055253 0.128657 -2.855500 0.114056 0.851259 -0.512200 14.669400 -0.081220 0.521828 0.849175 0.398800 0.000000 0.000000 0.000000 1.000000
0.989919 -0.054342 0.130798 -2.855500 0.115035 0.847227 -0.518626 14.669400 -0.082633 0.528444 0.844937 0.398800 0.000000 0.000000 0.000000 1.000000
0.989658 -0.053590 0.133062 -2.855500 0.116268 0.842966 -0.525252 14.669400 -0.084018 0.535291 0.840479 0.398800 0.000000 0.000000 0.000000 1.000000
0.989282 -0.052707 0.136170 -2.855500 0.118126 0.837075 -0.534184 14.669400 -0.085829 0.544544 0.834329 0.398800 0.000000 0.000000 0.000000 1.000000
0.988810 -0.051650 0.139951 -2.855500 0.120467 0.829795 -0.544911 14.669400 -0.087986 0.555673 0.826732 0.398800 0.000000 0.000000 0.000000 1.000000
0.988282 -0.050454 0.144062 -2.855500 0.123064 0.821718 -0.556448 14.669400 -0.090303 0.567656 0.818298 0.398800 0.000000 0.000000 0.000000 1.000000
0.987739 -0.049187 0.148165 -2.855500 0.125689 0.813482 -0.567847 14.669400 -0.092599 0.579507 0.809690 0.398800 0.000000 0.000000 0.000000 1.000000
0.987228 -0.047950 0.151926 -2.855500 0.128116 0.805775 -0.578198 14.669400 -0.094693 0.590277 0.801627 0.398800 0.000000 0.000000 0.000000 1.000000
0.986800 -0.046876 0.155014 -2.855500 0.130124 0.799330 -0.586634 14.669400 -0.096408 0.599061 0.794878 0.398800 0.000000 0.000000 0.000000 1.000000
0.986504 -0.046120 0.157105 -2.855500 0.131491 0.794907 -0.592312 14.669400 -0.097567 0.604976 0.790243 0.398800 0.000000 0.000000 0.000000 1.000000
0.986395 -0.045836 0.157874 -2.855500 0.131995 0.793267 -0.594394 14.669400 -0.097992 0.607146 0.788525 0.398800 0.000000 0.000000 0.000000 1.000000</float_array>
        <technique_common>
          <accessor source="#mixamorig_LeftHandIndex1-Matrix-animation-output-transform-array" count="23" stride="16">
            <param type="float4x4"/>
          </accessor>
        </technique_common>
      </source>
      <source id="mixamorig_LeftHandIndex1-Interpolations">
        <Name_array id="mixamorig_LeftHandIndex1-Interpolations-array" count="23">
 LINEAR LINEAR LINEAR LINEAR LINEAR LINEAR LINEAR LINEAR LINEAR LINEAR LINEAR
LINEAR LINEAR LINEAR LINEAR LINEAR LINEAR LINEAR LINEAR LINEAR LINEAR LINEAR LINEAR</Name_array>
        <technique_common>
          <accessor source="#mixamorig_LeftHandIndex1-Interpolations-array" count="23">
            <param type="name"/>
          </accessor>
        </technique_common>
      </source>
      <sampler id="mixamorig_LeftHandIndex1-Matrix-animation-transform">
        <input semantic="INPUT" source="#mixamorig_LeftHandIndex1-Matrix-animation-input"/>
        <input semantic="OUTPUT" source="#mixamorig_LeftHandIndex1-Matrix-animation-output-transform"/>
        <input semantic="INTERPOLATION" source="#mixamorig_LeftHandIndex1-Interpolations"/>
      </sampler>
      <channel source="#mixamorig_LeftHandIndex1-Matrix-animation-transform" target="mixamorig_LeftHandIndex1/matrix"/>
    </animation>
    <animation id="mixamorig_LeftHandIndex2-anim" name="mixamorig_LeftHandIndex2">
      <source id="mixamorig_LeftHandIndex2-Matrix-animation-input">
        <float_array id="mixamorig_LeftHandIndex2-Matrix-animation-input-array" count="23">

0.000000 0.033333 0.066667 0.100000 0.133333 0.166667 0.200000 0.233333 0.266667 0.300000 0.333333 0.366667 0.400000 0.433333 0.466667 0.500000
0.533333 0.566667 0.600000 0.633333 0.666667 0.700000 0.733333</float_array>
        <technique_common>
          <accessor source="#mixamorig_LeftHandIndex2-Matrix-animation-input-array" count="23">
            <param name="TIME" type="float"/>
          </accessor>
        </technique_common>
      </source>
      <source id="mixamorig_LeftHandIndex2-Matrix-animation-output-transform">
        <float_array id="mixamorig_LeftHandIndex2-Matrix-animation-output-transform-array" count="368">

0.997605 -0.006902 0.068820 0.000000 0.066702 0.359188 -0.930879 3.248600 -0.018294 0.933240 0.358788 0.000000 0.000000 0.000000 0.000000 1.000000
0.997656 -0.007255 0.068038 0.000000 0.065895 0.369683 -0.926819 3.248600 -0.018428 0.929130 0.369294 0.000000 0.000000 0.000000 0.000000 1.000000
0.997787 -0.008083 0.066001 0.000000 0.063790 0.396534 -0.915801 3.248600 -0.018770 0.917985 0.396172 0.000000 0.000000 0.000000 0.000000 1.000000
0.997962 -0.009022 0.063177 0.000000 0.060855 0.432718 -0.899473 3.248600 -0.019223 0.901484 0.432385 0.000000 0.000000 0.000000 0.000000 1.000000
0.998147 -0.009789 0.060064 -0.000000 0.057580 0.471382 -0.880047 3.248600 -0.019699 0.881875 0.471072 0.000000 0.000000 0.000000 0.000000 1.000000
0.998311 -0.010242 0.057184 -0.000000 0.054496 0.506122 -0.860738 3.248600 -0.020126 0.862401 0.505826 0.000000 0.000000 0.000000 0.000000 1.000000
0.998429 -0.010393 0.055066 0.000000 0.052171 0.531069 -0.845721 3.248600 -0.020454 0.847265 0.530777 0.000000 0.000000 0.000000 0.000000 1.000000
0.998482 -0.010328 0.054095 0.000000 0.051046 0.542229 -0.838679 3.248600 -0.020670 0.840167 0.541933 0.000000 0.000000 0.000000 0.000000 1.000000
0.998502 -0.010128 0.053764 -0.000000 0.050573 0.545757 -0.836416 3.248600 -0.020871 0.837883 0.545451 0.000000 0.000000 0.000000 0.000000 1.000000
0.998499 -0.009850 0.053871 0.000000 0.050552 0.544071 -0.837515 3.248600 -0.021060 0.838981 0.543753 0.000000 0.000000 0.000000 0.000000 1.000000
0.998478 -0.009531 0.054320 0.000000 0.050903 0.538286 -0.841224 3.248600 -0.021222 0.842708 0.537952 0.000000 0.000000 0.000000 0.000000 1.000000
0.998443 -0.009205 0.055018 0.000000 0.051541 0.529489 -0.846750 3.248600 -0.021337 0.848267 0.529139 -0.000000 0.000000 0.000000 0.000000 1.000000
0.998398 -0.008907 0.055875 -0.000000 0.052383 0.518773 -0.853306 3.248600 -0.021386 0.854866 0.518409 0.000000 0.000000 0.000000 0.000000 1.000000
0.998348 -0.008675 0.056802 -0.000000 0.053347 0.507258 -0.860142 3.248600 -0.021352 0.861751 0.506882 0.000000 0.000000 0.000000 0.000000 1.000000
0.998292 -0.008542 0.057787 -0.000000 0.054428 0.495216 -0.867063 3.248600 -0.021210 0.868728 0.494835 0.000000 0.000000 0.000000 0.000000 1.000000
0.998214 -0.008432 0.059145 -0.000000 0.055959 0.478713 -0.876186 3.248600 -0.020926 0.877931 0.478330 -0.000000 0.000000 0.000000 0.000000 1.000000
0.998115 -0.008291 0.060810 0.000000 0.057838 0.458483 -0.886819 3.248600 -0.020527 0.888664 0.458099 0.000000 0.000000 0.000000 0.000000 1.000000
0.998004 -0.008090 0.062631 -0.000000 0.059881 0.436218 -0.897846 3.248600 -0.020058 0.899804 0.435832 -0.000000 0.000000 0.000000 0.000000 1.000000
0.997890 -0.007824 0.064459 -0.000000 0.061916 0.413700 -0.908306 3.248600 -0.019560 0.910380 0.413311 0.000000 0.000000 0.000000 0.000000 1.000000
0.997782 -0.007517 0.066143 0.000000 0.063775 0.392792 -0.917413 3.248600 -0.019084 0.919597 0.392400 0.000000 0.000000 0.000000 0.000000 1.000000
0.997691 -0.007218 0.067530 0.000000 0.065296 0.375427 -0.924549 3.248600 -0.018679 0.926824 0.375032 0.000000 0.000000 0.000000 0.000000 1.000000
0.997629 -0.006991 0.068472 0.000000 0.066323 0.363571 -0.929203 3.248600 -0.018399 0.931540 0.363172 0.000000 0.000000 0.000000 0.000000 1.000000
0.997605 -0.006902 0.068819 -0.000000 0.066701 0.359188 -0.930878 3.248600 -0.018294 0.933240 0.358789 0.000000 0.000000 0.000000 0.000000 1.000000</float_array>
        <technique_common>
          <accessor source="#mixamorig_LeftHandIndex2-Matrix-animation-output-transform-array" count="23" stride="16">
            <param type="float4x4"/>
          </accessor>
        </technique_common>
      </source>
      <source id="mixamorig_LeftHandIndex2-Interpolations">
        <Name_array id="mixamorig_LeftHandIndex2-Interpolations-array" count="23">
 LINEAR LINEAR LINEAR LINEAR LINEAR LINEAR LINEAR LINEAR LINEAR LINEAR LINEAR
LINEAR LINEAR LINEAR LINEAR LINEAR LINEAR LINEAR LINEAR LINEAR LINEAR LINEAR LINEAR</Name_array>
        <technique_common>
          <accessor source="#mixamorig_LeftHandIndex2-Interpolations-array" count="23">
            <param type="name"/>
          </accessor>
        </technique_common>
      </source>
      <sampler id="mixamorig_LeftHandIndex2-Matrix-animation-transform">
        <input semantic="INPUT" source="#mixamorig_LeftHandIndex2-Matrix-animation-input"/>
        <input semantic="OUTPUT" source="#mixamorig_LeftHandIndex2-Matrix-animation-output-transform"/>
        <input semantic="INTERPOLATION" source="#mixamorig_LeftHandIndex2-Interpolations"/>
      </sampler>
      <channel source="#mixamorig_LeftHandIndex2-Matrix-animation-transform" target="mixamorig_LeftHandIndex2/matrix"/>
    </animation>
    <animation id="mixamorig_LeftHandIndex3-anim" name="mixamorig_LeftHandIndex3">
      <source id="mixamorig_LeftHandIndex3-Matrix-animation-input">
        <float_array id="mixamorig_LeftHandIndex3-Matrix-animation-input-array" count="23">

0.000000 0.033333 0.066667 0.100000 0.133333 0.166667 0.200000 0.233333 0.266667 0.300000 0.333333 0.366667 0.400000 0.433333 0.466667 0.500000
0.533333 0.566667 0.600000 0.633333 0.666667 0.700000 0.733333</float_array>
        <technique_common>
          <accessor source="#mixamorig_LeftHandIndex3-Matrix-animation-input-array" count="23">
            <param name="TIME" type="float"/>
          </accessor>
        </technique_common>
      </source>
      <source id="mixamorig_LeftHandIndex3-Matrix-animation-output-transform">
        <float_array id="mixamorig_LeftHandIndex3-Matrix-animation-output-transform-array" count="368">

0.998568 -0.016911 0.050757 0.000000 0.052787 0.465790 -0.883319 2.659600 -0.008704 0.884733 0.466016 0.000000 0.000000 0.000000 0.000000 1.000000
0.998595 -0.017064 0.050163 0.000000 0.052252 0.474245 -0.878841 2.659600 -0.008793 0.880228 0.474470 0.000000 0.000000 0.000000 0.000000 1.000000
0.998665 -0.017413 0.048625 0.000000 0.050856 0.495848 -0.866919 2.659600 -0.009015 0.868234 0.496072 0.000000 0.000000 0.000000 0.000000 1.000000
0.998760 -0.017778 0.046502 -0.000000 0.048908 0.524906 -0.849754 2.659600 -0.009303 0.850975 0.525124 -0.000000 0.000000 0.000000 0.000000 1.000000
0.998861 -0.018025 0.044172 0.000000 0.046734 0.555897 -0.829936 2.659600 -0.009595 0.831056 0.556106 -0.000000 0.000000 0.000000 0.000000 1.000000
0.998953 -0.018109 0.042021 0.000000 0.044685 0.583699 -0.810739 2.659600 -0.009846 0.811768 0.583897 0.000000 0.000000 0.000000 0.000000 1.000000
0.999019 -0.018065 0.040439 -0.000000 0.043141 0.603646 -0.796084 2.659600 -0.010030 0.797048 0.603833 -0.000000 0.000000 0.000000 0.000000 1.000000
0.999050 -0.017974 0.039709 0.000000 0.042392 0.612564 -0.789283 2.659600 -0.010138 0.790217 0.612744 0.000000 0.000000 0.000000 0.000000 1.000000
0.999062 -0.017849 0.039451 0.000000 0.042076 0.615382 -0.787105 2.659600 -0.010228 0.788027 0.615556 0.000000 0.000000 0.000000 0.000000 1.000000
0.999062 -0.017710 0.039518 0.000000 0.042061 0.614033 -0.788159 2.659600 -0.010307 0.789082 0.614202 -0.000000 0.000000 0.000000 0.000000 1.000000
0.999052 -0.017571 0.039841 0.000000 0.042291 0.609408 -0.791728 2.659600 -0.010368 0.792662 0.609573 0.000000 0.000000 0.000000 0.000000 1.000000
0.999033 -0.017444 0.040353 0.000000 0.042713 0.602373 -0.797071 2.659600 -0.010403 0.798024 0.602536 0.000000 0.000000 0.000000 0.000000 1.000000
0.999009 -0.017340 0.040987 0.000000 0.043271 0.593805 -0.803445 2.659600 -0.010406 0.804422 0.593967 0.000000 0.000000 0.000000 0.000000 1.000000
0.998982 -0.017274 0.041679 0.000000 0.043909 0.584594 -0.810137 2.659600 -0.010371 0.811142 0.584758 -0.000000 0.000000 0.000000 0.000000 1.000000
0.998951 -0.017261 0.042421 0.000000 0.044627 0.574961 -0.816963 2.659600 -0.010288 0.817999 0.575128 0.000000 0.000000 0.000000 0.000000 1.000000
0.998906 -0.017278 0.043448 0.000000 0.045646 0.561753 -0.826044 2.659600 -0.010134 0.827124 0.561928 -0.000000 0.000000 0.000000 0.000000 1.000000
0.998851 -0.017291 0.044705 -0.000000 0.046894 0.545551 -0.836765 2.659600 -0.009920 0.837899 0.545735 0.000000 0.000000 0.000000 0.000000 1.000000
0.998788 -0.017274 0.046081 0.000000 0.048253 0.527704 -0.848056 2.659600 -0.009668 0.849252 0.527899 -0.000000 0.000000 0.000000 0.000000 1.000000
0.998725 -0.017218 0.047462 0.000000 0.049606 0.509633 -0.858961 2.659600 -0.009398 0.860220 0.509837 0.000000 0.000000 0.000000 0.000000 1.000000
0.998665 -0.017129 0.048734 -0.000000 0.050842 0.492835 -0.868636 2.659600 -0.009139 0.869954 0.493048 0.000000 0.000000 0.000000 0.000000 1.000000
0.998615 -0.017028 0.049783 0.000000 0.051853 0.478867 -0.876355 2.659600 -0.008917 0.877723 0.479086 -0.000000 0.000000 0.000000 0.000000 1.000000
0.998581 -0.016945 0.050495 0.000000 0.052537 0.469321 -0.881463 2.659600 -0.008762 0.882865 0.469545 -0.000000 0.000000 0.000000 0.000000 1.000000
0.998568 -0.016911 0.050757 0.000000 0.052787 0.465791 -0.883319 2.659600 -0.008705 0.884733 0.466016 0.000000 0.000000 0.000000 0.000000 1.000000</float_array>
        <technique_common>
          <accessor source="#mixamorig_LeftHandIndex3-Matrix-animation-output-transform-array" count="23" stride="16">
            <param type="float4x4"/>
          </accessor>
        </technique_common>
      </source>
      <source id="mixamorig_LeftHandIndex3-Interpolations">
        <Name_array id="mixamorig_LeftHandIndex3-Interpolations-array" count="23">
 LINEAR LINEAR LINEAR LINEAR LINEAR LINEAR LINEAR LINEAR LINEAR LINEAR LINEAR
LINEAR LINEAR LINEAR LINEAR LINEAR LINEAR LINEAR LINEAR LINEAR LINEAR LINEAR LINEAR</Name_array>
        <technique_common>
          <accessor source="#mixamorig_LeftHandIndex3-Interpolations-array" count="23">
            <param type="name"/>
          </accessor>
        </technique_common>
      </source>
      <sampler id="mixamorig_LeftHandIndex3-Matrix-animation-transform">
        <input semantic="INPUT" source="#mixamorig_LeftHandIndex3-Matrix-animation-input"/>
        <input semantic="OUTPUT" source="#mixamorig_LeftHandIndex3-Matrix-animation-output-transform"/>
        <input semantic="INTERPOLATION" source="#mixamorig_LeftHandIndex3-Interpolations"/>
      </sampler>
      <channel source="#mixamorig_LeftHandIndex3-Matrix-animation-transform" target="mixamorig_LeftHandIndex3/matrix"/>
    </animation>
    <animation id="mixamorig_LeftHandMiddle1-anim" name="mixamorig_LeftHandMiddle1">
      <source id="mixamorig_LeftHandMiddle1-Matrix-animation-input">
        <float_array id="mixamorig_LeftHandMiddle1-Matrix-animation-input-array" count="23">

0.000000 0.033333 0.066667 0.100000 0.133333 0.166667 0.200000 0.233333 0.266667 0.300000 0.333333 0.366667 0.400000 0.433333 0.466667 0.500000
0.533333 0.566667 0.600000 0.633333 0.666667 0.700000 0.733333</float_array>
        <technique_common>
          <accessor source="#mixamorig_LeftHandMiddle1-Matrix-animation-input-array" count="23">
            <param name="TIME" type="float"/>
          </accessor>
        </technique_common>
      </source>
      <source id="mixamorig_LeftHandMiddle1-Matrix-animation-output-transform">
        <float_array id="mixamorig_LeftHandMiddle1-Matrix-animation-output-transform-array" count="368">

0.987961 -0.105332 0.113303 0.000000 0.154576 0.701568 -0.695636 14.409800 -0.006217 0.704775 0.709404 0.000000 0.000000 0.000000 0.000000 1.000000
0.988114 -0.104226 0.112995 0.000000 0.153522 0.706676 -0.690681 14.409800 -0.007864 0.699819 0.714277 0.000000 0.000000 0.000000 0.000000 1.000000
0.988490 -0.101378 0.112297 0.000000 0.150803 0.719677 -0.677734 14.409800 -0.012110 0.686868 0.726681 0.000000 0.000000 0.000000 0.000000 1.000000
0.988963 -0.097500 0.111560 0.000000 0.147075 0.737042 -0.659650 14.409800 -0.017909 0.668777 0.743247 0.000000 0.000000 0.000000 0.000000 1.000000
0.989425 -0.093308 0.111049 -0.000000 0.143009 0.755410 -0.639456 14.409800 -0.024221 0.648574 0.760766 0.000000 0.000000 0.000000 0.000000 1.000000
0.989797 -0.089507 0.110862 0.000000 0.139286 0.771756 -0.620477 14.409800 -0.030021 0.629588 0.776349 0.000000 0.000000 0.000000 0.000000 1.000000
0.990032 -0.086775 0.110935 -0.000000 0.136603 0.783402 -0.606317 14.409800 -0.034294 0.615428 0.787447 0.000000 0.000000 0.000000 0.000000 1.000000
0.990113 -0.085592 0.111135 -0.000000 0.135496 0.788578 -0.599822 14.409800 -0.036299 0.608949 0.792378 0.000000 0.000000 0.000000 0.000000 1.000000
0.990104 -0.085301 0.111436 -0.000000 0.135352 0.790190 -0.597729 14.409800 -0.037069 0.606897 0.793916 -0.000000 0.000000 0.000000 0.000000 1.000000
0.990036 -0.085620 0.111793 0.000000 0.135869 0.789373 -0.598690 14.409800 -0.036987 0.607914 0.793141 -0.000000 0.000000 0.000000 0.000000 1.000000
0.989926 -0.086400 0.112165 0.000000 0.136873 0.786648 -0.602039 14.409800 -0.036218 0.611327 0.790549 -0.000000 0.000000 0.000000 0.000000 1.000000
0.989790 -0.087500 0.112516 0.000000 0.138190 0.782517 -0.607100 14.409800 -0.034925 0.616450 0.786619 0.000000 0.000000 0.000000 0.000000 1.000000
0.989643 -0.088775 0.112812 0.000000 0.139644 0.777488 -0.613198 14.409800 -0.033273 0.622600 0.781833 0.000000 0.000000 0.000000 0.000000 1.000000
0.989502 -0.090087 0.113007 -0.000000 0.141063 0.772083 -0.619668 14.409800 -0.031427 0.629104 0.776686 0.000000 0.000000 0.000000 0.000000 1.000000
0.989376 -0.091394 0.113057 0.000000 0.142373 0.766432 -0.626348 14.409800 -0.029407 0.635790 0.771302 0.000000 0.000000 0.000000 0.000000 1.000000
0.989219 -0.093127 0.113016 0.000000 0.144011 0.758675 -0.635353 14.409800 -0.026573 0.644779 0.763907 0.000000 0.000000 0.000000 0.000000 1.000000
0.989027 -0.095224 0.112955 0.000000 0.145923 0.749129 -0.646152 14.409800 -0.023089 0.655544 0.754804 0.000000 0.000000 0.000000 0.000000 1.000000
0.988807 -0.097511 0.112927 0.000000 0.147951 0.738570 -0.657742 14.409800 -0.019267 0.667087 0.744730 0.000000 0.000000 0.000000 0.000000 1.000000
0.988574 -0.099810 0.112957 0.000000 0.149944 0.727831 -0.669163 14.409800 -0.015425 0.678454 0.734481 -0.000000 0.000000 0.000000 0.000000 1.000000
0.988347 -0.101935 0.113043 0.000000 0.151751 0.717803 -0.679507 14.409800 -0.011877 0.688744 0.724908 0.000000 0.000000 0.000000 0.000000 1.000000
0.988151 -0.103693 0.113159 0.000000 0.153222 0.709432 -0.687917 14.409800 -0.008946 0.697104 0.716914 0.000000 0.000000 0.000000 0.000000 1.000000
0.988013 -0.104890 0.113261 -0.000000 0.154213 0.703694 -0.693566 14.409800 -0.006953 0.702719 0.711434 0.000000 0.000000 0.000000 0.000000 1.000000
0.987961 -0.105332 0.113303 0.000000 0.154576 0.701568 -0.695636 14.409800 -0.006217 0.704775 0.709404 0.000000 0.000000 0.000000 0.000000 1.000000</float_array>
        <technique_common>
          <accessor source="#mixamorig_LeftHandMiddle1-Matrix-animation-output-transform-array" count="23" stride="16">
            <param type="float4x4"/>
          </accessor>
        </technique_common>
      </source>
      <source id="mixamorig_LeftHandMiddle1-Interpolations">
        <Name_array id="mixamorig_LeftHandMiddle1-Interpolations-array" count="23">
 LINEAR LINEAR LINEAR LINEAR LINEAR LINEAR LINEAR LINEAR LINEAR LINEAR LINEAR
LINEAR LINEAR LINEAR LINEAR LINEAR LINEAR LINEAR LINEAR LINEAR LINEAR LINEAR LINEAR</Name_array>
        <technique_common>
          <accessor source="#mixamorig_LeftHandMiddle1-Interpolations-array" count="23">
            <param type="name"/>
          </accessor>
        </technique_common>
      </source>
      <sampler id="mixamorig_LeftHandMiddle1-Matrix-animation-transform">
        <input semantic="INPUT" source="#mixamorig_LeftHandMiddle1-Matrix-animation-input"/>
        <input semantic="OUTPUT" source="#mixamorig_LeftHandMiddle1-Matrix-animation-output-transform"/>
        <input semantic="INTERPOLATION" source="#mixamorig_LeftHandMiddle1-Interpolations"/>
      </sampler>
      <channel source="#mixamorig_LeftHandMiddle1-Matrix-animation-transform" target="mixamorig_LeftHandMiddle1/matrix"/>
    </animation>
    <animation id="mixamorig_LeftHandMiddle2-anim" name="mixamorig_LeftHandMiddle2">
      <source id="mixamorig_LeftHandMiddle2-Matrix-animation-input">
        <float_array id="mixamorig_LeftHandMiddle2-Matrix-animation-input-array" count="23">

0.000000 0.033333 0.066667 0.100000 0.133333 0.166667 0.200000 0.233333 0.266667 0.300000 0.333333 0.366667 0.400000 0.433333 0.466667 0.500000
0.533333 0.566667 0.600000 0.633333 0.666667 0.700000 0.733333</float_array>
        <technique_common>
          <accessor source="#mixamorig_LeftHandMiddle2-Matrix-animation-input-array" count="23">
            <param name="TIME" type="float"/>
          </accessor>
        </technique_common>
      </source>
      <source id="mixamorig_LeftHandMiddle2-Matrix-animation-output-transform">
        <float_array id="mixamorig_LeftHandMiddle2-Matrix-animation-output-transform-array" count="368">

0.998228 -0.039529 0.044467 0.000000 0.055901 0.367262 -0.928436 3.259100 0.020370 0.929277 0.368821 0.000000 0.000000 0.000000 0.000000 1.000000
0.998252 -0.039477 0.043994 -0.000000 0.055639 0.376283 -0.924833 3.259100 0.019955 0.925663 0.377822 0.000000 0.000000 0.000000 0.000000 1.000000
0.998311 -0.039317 0.042782 0.000000 0.054947 0.399385 -0.915135 3.259100 0.018894 0.915940 0.400870 0.000000 0.000000 0.000000 0.000000 1.000000
0.998390 -0.039040 0.041142 0.000000 0.053963 0.430571 -0.900942 3.259100 0.017458 0.901712 0.431985 -0.000000 0.000000 0.000000 0.000000 1.000000
0.998476 -0.038662 0.039383 0.000000 0.052844 0.463987 -0.884264 3.259100 0.015914 0.884998 0.465323 0.000000 0.000000 0.000000 0.000000 1.000000
0.998553 -0.038246 0.037794 0.000000 0.051772 0.494109 -0.867857 3.259100 0.014517 0.868558 0.495374 0.000000 0.000000 0.000000 0.000000 1.000000
0.998609 -0.037897 0.036649 0.000000 0.050960 0.515807 -0.855188 3.259100 0.013505 0.855866 0.517021 0.000000 0.000000 0.000000 0.000000 1.000000
0.998635 -0.037722 0.036134 -0.000000 0.050580 0.525533 -0.849268 3.259100 0.013046 0.849936 0.526724 0.000000 0.000000 0.000000 0.000000 1.000000
0.998643 -0.037652 0.035970 -0.000000 0.050451 0.528608 -0.847365 3.259100 0.012891 0.848030 0.529791 0.000000 0.000000 0.000000 0.000000 1.000000
0.998640 -0.037659 0.036043 0.000000 0.050495 0.527133 -0.848281 3.259100 0.012945 0.848948 0.528318 0.000000 0.000000 0.000000 0.000000 1.000000
0.998628 -0.037726 0.036307 -0.000000 0.050677 0.522082 -0.851388 3.259100 0.013165 0.852060 0.523278 0.000000 0.000000 0.000000 0.000000 1.000000
0.998610 -0.037837 0.036707 0.000000 0.050956 0.514410 -0.856029 3.259100 0.013507 0.856709 0.515623 0.000000 0.000000 0.000000 0.000000 1.000000
0.998586 -0.037973 0.037195 0.000000 0.051297 0.505079 -0.861547 3.259100 0.013929 0.862237 0.506313 0.000000 0.000000 0.000000 0.000000 1.000000
0.998561 -0.038119 0.037720 0.000000 0.051661 0.495066 -0.867318 3.259100 0.014387 0.868019 0.496323 0.000000 0.000000 0.000000 0.000000 1.000000
0.998534 -0.038272 0.038269 0.000000 0.052040 0.484611 -0.873180 3.259100 0.014873 0.873892 0.485893 0.000000 0.000000 0.000000 0.000000 1.000000
0.998497 -0.038476 0.039024 0.000000 0.052553 0.470307 -0.880937 3.259100 0.015542 0.881664 0.471622 0.000000 0.000000 0.000000 0.000000 1.000000
0.998452 -0.038708 0.039948 0.000000 0.053164 0.452801 -0.890025 3.259100 0.016363 0.890771 0.454158 0.000000 0.000000 0.000000 0.000000 1.000000
0.998402 -0.038937 0.040963 -0.000000 0.053815 0.433571 -0.899511 3.259100 0.017264 0.900278 0.434973 0.000000 0.000000 0.000000 0.000000 1.000000
0.998351 -0.039143 0.041989 0.000000 0.054451 0.414155 -0.908576 3.259100 0.018174 0.909364 0.415603 0.000000 0.000000 0.000000 0.000000 1.000000
0.998304 -0.039309 0.042940 -0.000000 0.055022 0.396153 -0.916535 3.259100 0.019017 0.917343 0.397644 -0.000000 0.000000 0.000000 0.000000 1.000000
0.998265 -0.039430 0.043730 0.000000 0.055483 0.381217 -0.922819 3.259100 0.019716 0.923644 0.382743 0.000000 0.000000 0.000000 0.000000 1.000000
0.998238 -0.039503 0.044268 0.000000 0.055789 0.371027 -0.926945 3.259100 0.020193 0.927782 0.372577 -0.000000 0.000000 0.000000 0.000000 1.000000
0.998229 -0.039529 0.044466 0.000000 0.055901 0.367262 -0.928436 3.259100 0.020369 0.929277 0.368821 0.000000 0.000000 0.000000 0.000000 1.000000</float_array>
        <technique_common>
          <accessor source="#mixamorig_LeftHandMiddle2-Matrix-animation-output-transform-array" count="23" stride="16">
            <param type="float4x4"/>
          </accessor>
        </technique_common>
      </source>
      <source id="mixamorig_LeftHandMiddle2-Interpolations">
        <Name_array id="mixamorig_LeftHandMiddle2-Interpolations-array" count="23">
 LINEAR LINEAR LINEAR LINEAR LINEAR LINEAR LINEAR LINEAR LINEAR LINEAR LINEAR
LINEAR LINEAR LINEAR LINEAR LINEAR LINEAR LINEAR LINEAR LINEAR LINEAR LINEAR LINEAR</Name_array>
        <technique_common>
          <accessor source="#mixamorig_LeftHandMiddle2-Interpolations-array" count="23">
            <param type="name"/>
          </accessor>
        </technique_common>
      </source>
      <sampler id="mixamorig_LeftHandMiddle2-Matrix-animation-transform">
        <input semantic="INPUT" source="#mixamorig_LeftHandMiddle2-Matrix-animation-input"/>
        <input semantic="OUTPUT" source="#mixamorig_LeftHandMiddle2-Matrix-animation-output-transform"/>
        <input semantic="INTERPOLATION" source="#mixamorig_LeftHandMiddle2-Interpolations"/>
      </sampler>
      <channel source="#mixamorig_LeftHandMiddle2-Matrix-animation-transform" target="mixamorig_LeftHandMiddle2/matrix"/>
    </animation>
    <animation id="mixamorig_LeftHandMiddle3-anim" name="mixamorig_LeftHandMiddle3">
      <source id="mixamorig_LeftHandMiddle3-Matrix-animation-input">
        <float_array id="mixamorig_LeftHandMiddle3-Matrix-animation-input-array" count="23">

0.000000 0.033333 0.066667 0.100000 0.133333 0.166667 0.200000 0.233333 0.266667 0.300000 0.333333 0.366667 0.400000 0.433333 0.466667 0.500000
0.533333 0.566667 0.600000 0.633333 0.666667 0.700000 0.733333</float_array>
        <technique_common>
          <accessor source="#mixamorig_LeftHandMiddle3-Matrix-animation-input-array" count="23">
            <param name="TIME" type="float"/>
          </accessor>
        </technique_common>
      </source>
      <source id="mixamorig_LeftHandMiddle3-Matrix-animation-output-transform">
        <float_array id="mixamorig_LeftHandMiddle3-Matrix-animation-output-transform-array" count="368">

0.999366 -0.034588 0.008487 0.000000 0.031645 0.753100 -0.657145 2.639900 0.016337 0.656997 0.753716 -0.000000 0.000000 0.000000 0.000000 1.000000
0.999371 -0.034433 0.008537 0.000000 0.031631 0.755922 -0.653897 2.639900 0.016062 0.653755 0.756536 0.000000 0.000000 0.000000 0.000000 1.000000
0.999383 -0.034039 0.008670 0.000000 0.031592 0.763139 -0.645462 2.639900 0.015354 0.645338 0.763743 0.000000 0.000000 0.000000 0.000000 1.000000
0.999399 -0.033514 0.008859 -0.000000 0.031535 0.772856 -0.633797 2.639900 0.014394 0.633695 0.773449 -0.000000 0.000000 0.000000 0.000000 1.000000
0.999416 -0.032957 0.009075 0.000000 0.031467 0.783245 -0.620916 2.639900 0.013356 0.620838 0.783825 -0.000000 0.000000 0.000000 0.000000 1.000000
0.999430 -0.032465 0.009282 -0.000000 0.031402 0.792599 -0.608934 2.639900 0.012413 0.608878 0.793166 0.000000 0.000000 0.000000 0.000000 1.000000
0.999439 -0.032120 0.009437 -0.000000 0.031355 0.799335 -0.600068 2.639900 0.011731 0.600027 0.799894 0.000000 0.000000 0.000000 0.000000 1.000000
0.999443 -0.031979 0.009508 -0.000000 0.031343 0.802355 -0.596024 2.639900 0.011431 0.595990 0.802910 0.000000 0.000000 0.000000 0.000000 1.000000
0.999444 -0.031957 0.009528 -0.000000 0.031356 0.803309 -0.594736 2.639900 0.011352 0.594704 0.803865 0.000000 0.000000 0.000000 0.000000 1.000000
0.999442 -0.032016 0.009515 -0.000000 0.031387 0.802851 -0.595353 2.639900 0.011422 0.595319 0.803408 0.000000 0.000000 0.000000 0.000000 1.000000
0.999439 -0.032137 0.009473 -0.000000 0.031428 0.801282 -0.597460 2.639900 0.011610 0.597422 0.801843 0.000000 0.000000 0.000000 0.000000 1.000000
0.999434 -0.032299 0.009413 -0.000000 0.031475 0.798901 -0.600639 2.639900 0.011880 0.600595 0.799465 0.000000 0.000000 0.000000 0.000000 1.000000
0.999429 -0.032481 0.009344 0.000000 0.031521 0.796004 -0.604470 2.639900 0.012196 0.604419 0.796573 0.000000 0.000000 0.000000 0.000000 1.000000
0.999423 -0.032662 0.009272 0.000000 0.031558 0.792896 -0.608540 2.639900 0.012525 0.608481 0.793469 -0.000000 0.000000 0.000000 0.000000 1.000000
0.999418 -0.032835 0.009199 0.000000 0.031584 0.789650 -0.612743 2.639900 0.012856 0.612678 0.790228 0.000000 0.000000 0.000000 0.000000 1.000000
0.999412 -0.033059 0.009104 0.000000 0.031607 0.785208 -0.618425 2.639900 0.013296 0.618349 0.785791 0.000000 0.000000 0.000000 0.000000 1.000000
0.999404 -0.033326 0.008991 -0.000000 0.031627 0.779769 -0.625268 2.639900 0.013827 0.625179 0.780359 -0.000000 0.000000 0.000000 0.000000 1.000000
0.999395 -0.033618 0.008871 -0.000000 0.031644 0.773790 -0.632652 2.639900 0.014404 0.632550 0.774386 0.000000 0.000000 0.000000 0.000000 1.000000
0.999387 -0.033910 0.008753 0.000000 0.031656 0.767744 -0.639974 2.639900 0.014981 0.639859 0.768346 0.000000 0.000000 0.000000 0.000000 1.000000
0.999378 -0.034183 0.008649 -0.000000 0.031664 0.762130 -0.646649 2.639900 0.015513 0.646521 0.762739 -0.000000 0.000000 0.000000 0.000000 1.000000
0.999371 -0.034410 0.008564 -0.000000 0.031669 0.757465 -0.652108 2.639900 0.015952 0.651969 0.758078 0.000000 0.000000 0.000000 0.000000 1.000000
0.999366 -0.034564 0.008508 -0.000000 0.031671 0.754278 -0.655791 2.639900 0.016249 0.655645 0.754894 -0.000000 0.000000 0.000000 0.000000 1.000000
0.999364 -0.034621 0.008487 0.000000 0.031671 0.753099 -0.657144 2.639900 0.016359 0.656995 0.753717 -0.000000 0.000000 0.000000 0.000000 1.000000</float_array>
        <technique_common>
          <accessor source="#mixamorig_LeftHandMiddle3-Matrix-animation-output-transform-array" count="23" stride="16">
            <param type="float4x4"/>
          </accessor>
        </technique_common>
      </source>
      <source id="mixamorig_LeftHandMiddle3-Interpolations">
        <Name_array id="mixamorig_LeftHandMiddle3-Interpolations-array" count="23">
 LINEAR LINEAR LINEAR LINEAR LINEAR LINEAR LINEAR LINEAR LINEAR LINEAR LINEAR
LINEAR LINEAR LINEAR LINEAR LINEAR LINEAR LINEAR LINEAR LINEAR LINEAR LINEAR LINEAR</Name_array>
        <technique_common>
          <accessor source="#mixamorig_LeftHandMiddle3-Interpolations-array" count="23">
            <param type="name"/>
          </accessor>
        </technique_common>
      </source>
      <sampler id="mixamorig_LeftHandMiddle3-Matrix-animation-transform">
        <input semantic="INPUT" source="#mixamorig_LeftHandMiddle3-Matrix-animation-input"/>
        <input semantic="OUTPUT" source="#mixamorig_LeftHandMiddle3-Matrix-animation-output-transform"/>
        <input semantic="INTERPOLATION" source="#mixamorig_LeftHandMiddle3-Interpolations"/>
      </sampler>
      <channel source="#mixamorig_LeftHandMiddle3-Matrix-animation-transform" target="mixamorig_LeftHandMiddle3/matrix"/>
    </animation>
    <animation id="mixamorig_LeftHandRing1-anim" name="mixamorig_LeftHandRing1">
      <source id="mixamorig_LeftHandRing1-Matrix-animation-input">
        <float_array id="mixamorig_LeftHandRing1-Matrix-animation-input-array" count="23">

0.000000 0.033333 0.066667 0.100000 0.133333 0.166667 0.200000 0.233333 0.266667 0.300000 0.333333 0.366667 0.400000 0.433333 0.466667 0.500000
0.533333 0.566667 0.600000 0.633333 0.666667 0.700000 0.733333</float_array>
        <technique_common>
          <accessor source="#mixamorig_LeftHandRing1-Matrix-animation-input-array" count="23">
            <param name="TIME" type="float"/>
          </accessor>
        </technique_common>
      </source>
      <source id="mixamorig_LeftHandRing1-Matrix-animation-output-transform">
        <float_array id="mixamorig_LeftHandRing1-Matrix-animation-output-transform-array" count="368">

0.989344 -0.141469 -0.034436 3.304900 0.065673 0.644668 -0.761637 13.191500 0.129948 0.751259 0.647089 -0.322000 0.000000 0.000000 0.000000 1.000000
0.989706 -0.138976 -0.034185 3.304900 0.065246 0.650727 -0.756503 13.191500 0.127381 0.746485 0.653096 -0.322000 0.000000 0.000000 0.000000 1.000000
0.990607 -0.132609 -0.033364 3.304900 0.064150 0.666160 -0.743044 13.191500 0.120760 0.733925 0.668410 -0.322000 0.000000 0.000000 0.000000 1.000000
0.991764 -0.124056 -0.031850 3.304900 0.062654 0.686804 -0.724137 13.191500 0.111708 0.716177 0.688920 -0.322000 0.000000 0.000000 0.000000 1.000000
0.992926 -0.114965 -0.029685 3.304900 0.061039 0.708679 -0.702886 13.191500 0.101844 0.696102 0.710683 -0.322000 0.000000 0.000000 0.000000 1.000000
0.993901 -0.106870 -0.027208 3.304900 0.059607 0.728177 -0.682792 13.191500 0.092782 0.677005 0.730106 -0.322000 0.000000 0.000000 0.000000 1.000000
0.994555 -0.101160 -0.025035 3.304900 0.058673 0.742091 -0.667726 13.191500 0.086125 0.662621 0.743986 -0.322000 0.000000 0.000000 0.000000 1.000000
0.994826 -0.098776 -0.023768 3.304900 0.058510 0.748287 -0.660790 13.191500 0.083055 0.655980 0.750194 -0.322000 0.000000 0.000000 0.000000 1.000000
0.994889 -0.098325 -0.022963 3.304900 0.058946 0.750231 -0.658544 13.191500 0.081978 0.653824 0.752192 -0.322000 0.000000 0.000000 0.000000 1.000000
0.994815 -0.099186 -0.022498 3.304900 0.059788 0.749274 -0.659555 13.191500 0.082276 0.654790 0.751319 -0.322000 0.000000 0.000000 0.000000 1.000000
0.994633 -0.101027 -0.022348 3.304900 0.060877 0.746036 -0.663117 13.191500 0.083665 0.658198 0.748182 -0.322000 0.000000 0.000000 0.000000 1.000000
0.994373 -0.103527 -0.022473 3.304900 0.062051 0.741115 -0.668504 13.191500 0.085863 0.663348 0.743369 -0.322000 0.000000 0.000000 0.000000 1.000000
0.994064 -0.106368 -0.022842 3.304900 0.063150 0.735117 -0.674993 13.191500 0.088589 0.669544 0.737471 -0.322000 0.000000 0.000000 0.000000 1.000000
0.993740 -0.109232 -0.023438 3.304900 0.064012 0.728665 -0.681872 13.191500 0.091561 0.676103 0.731096 -0.322000 0.000000 0.000000 0.000000 1.000000
0.993410 -0.112006 -0.024317 3.304900 0.064530 0.721914 -0.688967 13.191500 0.094723 0.682858 0.724384 -0.322000 0.000000 0.000000 0.000000 1.000000
0.992960 -0.115633 -0.025699 3.304900 0.064911 0.712647 -0.698513 13.191500 0.099085 0.691927 0.715135 -0.322000 0.000000 0.000000 0.000000 1.000000
0.992395 -0.120009 -0.027397 3.304900 0.065202 0.701251 -0.709926 13.191500 0.104410 0.702740 0.703743 -0.322000 0.000000 0.000000 0.000000 1.000000
0.991752 -0.124805 -0.029184 3.304900 0.065413 0.688661 -0.722127 13.191500 0.110223 0.714262 0.691145 -0.322000 0.000000 0.000000 0.000000 1.000000
0.991078 -0.129657 -0.030876 3.304900 0.065551 0.675871 -0.734099 13.191500 0.116050 0.725525 0.678340 -0.322000 0.000000 0.000000 0.000000 1.000000
0.990430 -0.134176 -0.032332 3.304900 0.065630 0.663945 -0.744896 13.191500 0.121413 0.735645 0.666397 -0.322000 0.000000 0.000000 0.000000 1.000000
0.989876 -0.137939 -0.033454 3.304900 0.065665 0.654000 -0.753639 13.191500 0.125835 0.743812 0.656436 -0.322000 0.000000 0.000000 0.000000 1.000000
0.989488 -0.140516 -0.034177 3.304900 0.065674 0.647190 -0.759495 13.191500 0.128840 0.749267 0.649615 -0.322000 0.000000 0.000000 0.000000 1.000000
0.989344 -0.141469 -0.034436 3.304900 0.065673 0.644668 -0.761637 13.191500 0.129947 0.751259 0.647089 -0.322000 0.000000 0.000000 0.000000 1.000000</float_array>
        <technique_common>
          <accessor source="#mixamorig_LeftHandRing1-Matrix-animation-output-transform-array" count="23" stride="16">
            <param type="float4x4"/>
          </accessor>
        </technique_common>
      </source>
      <source id="mixamorig_LeftHandRing1-Interpolations">
        <Name_array id="mixamorig_LeftHandRing1-Interpolations-array" count="23">
 LINEAR LINEAR LINEAR LINEAR LINEAR LINEAR LINEAR LINEAR LINEAR LINEAR LINEAR
LINEAR LINEAR LINEAR LINEAR LINEAR LINEAR LINEAR LINEAR LINEAR LINEAR LINEAR LINEAR</Name_array>
        <technique_common>
          <accessor source="#mixamorig_LeftHandRing1-Interpolations-array" count="23">
            <param type="name"/>
          </accessor>
        </technique_common>
      </source>
      <sampler id="mixamorig_LeftHandRing1-Matrix-animation-transform">
        <input semantic="INPUT" source="#mixamorig_LeftHandRing1-Matrix-animation-input"/>
        <input semantic="OUTPUT" source="#mixamorig_LeftHandRing1-Matrix-animation-output-transform"/>
        <input semantic="INTERPOLATION" source="#mixamorig_LeftHandRing1-Interpolations"/>
      </sampler>
      <channel source="#mixamorig_LeftHandRing1-Matrix-animation-transform" target="mixamorig_LeftHandRing1/matrix"/>
    </animation>
    <animation id="mixamorig_LeftHandRing2-anim" name="mixamorig_LeftHandRing2">
      <source id="mixamorig_LeftHandRing2-Matrix-animation-input">
        <float_array id="mixamorig_LeftHandRing2-Matrix-animation-input-array" count="23">

0.000000 0.033333 0.066667 0.100000 0.133333 0.166667 0.200000 0.233333 0.266667 0.300000 0.333333 0.366667 0.400000 0.433333 0.466667 0.500000
0.533333 0.566667 0.600000 0.633333 0.666667 0.700000 0.733333</float_array>
        <technique_common>
          <accessor source="#mixamorig_LeftHandRing2-Matrix-animation-input-array" count="23">
            <param name="TIME" type="float"/>
          </accessor>
        </technique_common>
      </source>
      <source id="mixamorig_LeftHandRing2-Matrix-animation-output-transform">
        <float_array id="mixamorig_LeftHandRing2-Matrix-animation-output-transform-array" count="368">

0.999492 -0.029132 0.012930 -0.000000 0.029102 0.668698 -0.742964 2.717600 0.012997 0.742963 0.669206 0.000000 0.000000 0.000000 0.000000 1.000000
0.999498 -0.029031 0.012670 0.000000 0.028907 0.672486 -0.739545 2.717600 0.012949 0.739540 0.672988 -0.000000 0.000000 0.000000 0.000000 1.000000
0.999514 -0.028759 0.012000 -0.000000 0.028400 0.682176 -0.730636 2.717600 0.012827 0.730622 0.682662 0.000000 0.000000 0.000000 0.000000 1.000000
0.999536 -0.028366 0.011087 0.000000 0.027697 0.695236 -0.718247 2.717600 0.012666 0.718221 0.695700 0.000000 0.000000 0.000000 0.000000 1.000000
0.999559 -0.027911 0.010098 0.000000 0.026921 0.709215 -0.704478 2.717600 0.012501 0.704439 0.709654 0.000000 0.000000 0.000000 0.000000 1.000000
0.999580 -0.027465 0.009195 0.000000 0.026195 0.721814 -0.691591 2.717600 0.012358 0.691542 0.722230 0.000000 0.000000 0.000000 0.000000 1.000000
0.999596 -0.027120 0.008535 -0.000000 0.025654 0.730894 -0.682009 2.717600 0.012258 0.681952 0.731294 0.000000 0.000000 0.000000 0.000000 1.000000
0.999603 -0.026953 0.008235 -0.000000 0.025400 0.734966 -0.677628 2.717600 0.012212 0.677568 0.735359 -0.000000 0.000000 0.000000 0.000000 1.000000
0.999605 -0.026887 0.008134 0.000000 0.025306 0.736255 -0.676231 2.717600 0.012193 0.676170 0.736645 0.000000 0.000000 0.000000 0.000000 1.000000
0.999605 -0.026890 0.008170 0.000000 0.025322 0.735636 -0.676903 2.717600 0.012192 0.676843 0.736027 0.000000 0.000000 0.000000 0.000000 1.000000
0.999602 -0.026951 0.008315 -0.000000 0.025426 0.733521 -0.679191 2.717600 0.012206 0.679132 0.733914 0.000000 0.000000 0.000000 0.000000 1.000000
0.999597 -0.027055 0.008538 -0.000000 0.025597 0.730309 -0.682637 2.717600 0.012233 0.682581 0.730708 0.000000 0.000000 0.000000 0.000000 1.000000
0.999592 -0.027186 0.008813 0.000000 0.025811 0.726404 -0.686783 2.717600 0.012269 0.686730 0.726809 0.000000 0.000000 0.000000 0.000000 1.000000
0.999585 -0.027333 0.009111 0.000000 0.026048 0.722215 -0.691178 2.717600 0.012312 0.691129 0.722627 0.000000 0.000000 0.000000 0.000000 1.000000
0.999578 -0.027491 0.009423 -0.000000 0.026301 0.717841 -0.695710 2.717600 0.012361 0.695664 0.718261 -0.000000 0.000000 0.000000 0.000000 1.000000
0.999567 -0.027709 0.009855 0.000000 0.026653 0.711858 -0.701817 2.717600 0.012432 0.701776 0.712289 0.000000 0.000000 0.000000 0.000000 1.000000
0.999555 -0.027972 0.010383 -0.000000 0.027082 0.704537 -0.709150 2.717600 0.012522 0.709115 0.704981 0.000000 0.000000 0.000000 0.000000 1.000000
0.999541 -0.028252 0.010959 0.000000 0.027548 0.696493 -0.717035 2.717600 0.012624 0.717008 0.696951 0.000000 0.000000 0.000000 0.000000 1.000000
0.999527 -0.028523 0.011540 0.000000 0.028011 0.688365 -0.724824 2.717600 0.012730 0.724804 0.688838 0.000000 0.000000 0.000000 0.000000 1.000000
0.999513 -0.028764 0.012075 0.000000 0.028435 0.680821 -0.731897 2.717600 0.012831 0.731885 0.681308 -0.000000 0.000000 0.000000 0.000000 1.000000
0.999502 -0.028958 0.012517 -0.000000 0.028782 0.674557 -0.737661 2.717600 0.012917 0.737654 0.675055 0.000000 0.000000 0.000000 0.000000 1.000000
0.999495 -0.029085 0.012819 0.000000 0.029015 0.670280 -0.741541 2.717600 0.012976 0.741538 0.670785 0.000000 0.000000 0.000000 0.000000 1.000000
0.999492 -0.029133 0.012929 0.000000 0.029102 0.668698 -0.742964 2.717600 0.012999 0.742963 0.669207 0.000000 0.000000 0.000000 0.000000 1.000000</float_array>
        <technique_common>
          <accessor source="#mixamorig_LeftHandRing2-Matrix-animation-output-transform-array" count="23" stride="16">
            <param type="float4x4"/>
          </accessor>
        </technique_common>
      </source>
      <source id="mixamorig_LeftHandRing2-Interpolations">
        <Name_array id="mixamorig_LeftHandRing2-Interpolations-array" count="23">
 LINEAR LINEAR LINEAR LINEAR LINEAR LINEAR LINEAR LINEAR LINEAR LINEAR LINEAR
LINEAR LINEAR LINEAR LINEAR LINEAR LINEAR LINEAR LINEAR LINEAR LINEAR LINEAR LINEAR</Name_array>
        <technique_common>
          <accessor source="#mixamorig_LeftHandRing2-Interpolations-array" count="23">
            <param type="name"/>
          </accessor>
        </technique_common>
      </source>
      <sampler id="mixamorig_LeftHandRing2-Matrix-animation-transform">
        <input semantic="INPUT" source="#mixamorig_LeftHandRing2-Matrix-animation-input"/>
        <input semantic="OUTPUT" source="#mixamorig_LeftHandRing2-Matrix-animation-output-transform"/>
        <input semantic="INTERPOLATION" source="#mixamorig_LeftHandRing2-Interpolations"/>
      </sampler>
      <channel source="#mixamorig_LeftHandRing2-Matrix-animation-transform" target="mixamorig_LeftHandRing2/matrix"/>
    </animation>
    <animation id="mixamorig_LeftHandRing3-anim" name="mixamorig_LeftHandRing3">
      <source id="mixamorig_LeftHandRing3-Matrix-animation-input">
        <float_array id="mixamorig_LeftHandRing3-Matrix-animation-input-array" count="23">

0.000000 0.033333 0.066667 0.100000 0.133333 0.166667 0.200000 0.233333 0.266667 0.300000 0.333333 0.366667 0.400000 0.433333 0.466667 0.500000
0.533333 0.566667 0.600000 0.633333 0.666667 0.700000 0.733333</float_array>
        <technique_common>
          <accessor source="#mixamorig_LeftHandRing3-Matrix-animation-input-array" count="23">
            <param name="TIME" type="float"/>
          </accessor>
        </technique_common>
      </source>
      <source id="mixamorig_LeftHandRing3-Matrix-animation-output-transform">
        <float_array id="mixamorig_LeftHandRing3-Matrix-animation-output-transform-array" count="368">

0.999383 -0.030510 0.017424 0.000000 0.032116 0.592178 -0.805167 2.134500 0.014247 0.805229 0.592792 0.000000 0.000000 0.000000 0.000000 1.000000
0.999390 -0.030437 0.017131 0.000000 0.031916 0.596636 -0.801877 2.134500 0.014186 0.801935 0.597243 0.000000 0.000000 0.000000 0.000000 1.000000
0.999409 -0.030239 0.016376 0.000000 0.031396 0.608048 -0.793279 2.134500 0.014031 0.793324 0.608637 0.000000 0.000000 0.000000 0.000000 1.000000
0.999434 -0.029944 0.015346 0.000000 0.030675 0.623454 -0.781258 2.134500 0.013827 0.781286 0.624020 0.000000 0.000000 0.000000 0.000000 1.000000
0.999461 -0.029587 0.014225 0.000000 0.029873 0.639976 -0.767814 2.134500 0.013614 0.767825 0.640514 -0.000000 0.000000 0.000000 0.000000 1.000000
0.999486 -0.029227 0.013196 -0.000000 0.029121 0.654894 -0.755160 2.134500 0.013429 0.755156 0.655408 0.000000 0.000000 0.000000 0.000000 1.000000
0.999504 -0.028940 0.012444 0.000000 0.028558 0.665663 -0.745706 2.134500 0.013297 0.745691 0.666159 0.000000 0.000000 0.000000 0.000000 1.000000
0.999512 -0.028796 0.012099 -0.000000 0.028292 0.670499 -0.741371 2.134500 0.013236 0.741351 0.670987 0.000000 0.000000 0.000000 0.000000 1.000000
0.999515 -0.028735 0.011981 0.000000 0.028191 0.672029 -0.739988 2.134500 0.013212 0.739967 0.672513 0.000000 0.000000 0.000000 0.000000 1.000000
0.999515 -0.028732 0.012017 0.000000 0.028202 0.671294 -0.740654 2.134500 0.013213 0.740634 0.671779 0.000000 0.000000 0.000000 0.000000 1.000000
0.999512 -0.028775 0.012178 -0.000000 0.028305 0.668782 -0.742920 2.134500 0.013233 0.742902 0.669270 0.000000 0.000000 0.000000 0.000000 1.000000
0.999506 -0.028854 0.012430 -0.000000 0.028478 0.664969 -0.746328 2.134500 0.013269 0.746313 0.665463 -0.000000 0.000000 0.000000 0.000000 1.000000
0.999499 -0.028958 0.012740 0.000000 0.028697 0.660336 -0.750422 2.134500 0.013318 0.750412 0.660836 -0.000000 0.000000 0.000000 0.000000 1.000000
0.999492 -0.029075 0.013077 -0.000000 0.028940 0.655369 -0.754755 2.134500 0.013375 0.754749 0.655877 0.000000 0.000000 0.000000 0.000000 1.000000
0.999483 -0.029205 0.013435 -0.000000 0.029204 0.650187 -0.759213 2.134500 0.013438 0.759213 0.650704 0.000000 0.000000 0.000000 0.000000 1.000000
0.999471 -0.029386 0.013927 0.000000 0.029571 0.643103 -0.765209 2.134500 0.013529 0.765216 0.643632 -0.000000 0.000000 0.000000 0.000000 1.000000
0.999456 -0.029600 0.014528 -0.000000 0.030017 0.634443 -0.772387 2.134500 0.013646 0.772403 0.634986 0.000000 0.000000 0.000000 0.000000 1.000000
0.999440 -0.029825 0.015185 0.000000 0.030501 0.624937 -0.780079 2.134500 0.013776 0.780105 0.625496 0.000000 0.000000 0.000000 0.000000 1.000000
0.999423 -0.030040 0.015846 -0.000000 0.030984 0.615343 -0.787650 2.134500 0.013910 0.787687 0.615919 0.000000 0.000000 0.000000 0.000000 1.000000
0.999408 -0.030229 0.016454 0.000000 0.031424 0.606451 -0.794499 2.134500 0.014039 0.794546 0.607042 0.000000 0.000000 0.000000 0.000000 1.000000
0.999395 -0.030377 0.016957 -0.000000 0.031784 0.599073 -0.800063 2.134500 0.014145 0.800118 0.599676 0.000000 0.000000 0.000000 0.000000 1.000000
0.999386 -0.030475 0.017298 0.000000 0.032027 0.594038 -0.803799 2.134500 0.014220 0.803859 0.594650 0.000000 0.000000 0.000000 0.000000 1.000000
0.999383 -0.030510 0.017424 0.000000 0.032117 0.592178 -0.805167 2.134500 0.014247 0.805229 0.592792 0.000000 0.000000 0.000000 0.000000 1.000000</float_array>
        <technique_common>
          <accessor source="#mixamorig_LeftHandRing3-Matrix-animation-output-transform-array" count="23" stride="16">
            <param type="float4x4"/>
          </accessor>
        </technique_common>
      </source>
      <source id="mixamorig_LeftHandRing3-Interpolations">
        <Name_array id="mixamorig_LeftHandRing3-Interpolations-array" count="23">
 LINEAR LINEAR LINEAR LINEAR LINEAR LINEAR LINEAR LINEAR LINEAR LINEAR LINEAR
LINEAR LINEAR LINEAR LINEAR LINEAR LINEAR LINEAR LINEAR LINEAR LINEAR LINEAR LINEAR</Name_array>
        <technique_common>
          <accessor source="#mixamorig_LeftHandRing3-Interpolations-array" count="23">
            <param type="name"/>
          </accessor>
        </technique_common>
      </source>
      <sampler id="mixamorig_LeftHandRing3-Matrix-animation-transform">
        <input semantic="INPUT" source="#mixamorig_LeftHandRing3-Matrix-animation-input"/>
        <input semantic="OUTPUT" source="#mixamorig_LeftHandRing3-Matrix-animation-output-transform"/>
        <input semantic="INTERPOLATION" source="#mixamorig_LeftHandRing3-Interpolations"/>
      </sampler>
      <channel source="#mixamorig_LeftHandRing3-Matrix-animation-transform" target="mixamorig_LeftHandRing3/matrix"/>
    </animation>
    <animation id="mixamorig_LeftHandPinky1-anim" name="mixamorig_LeftHandPinky1">
      <source id="mixamorig_LeftHandPinky1-Matrix-animation-input">
        <float_array id="mixamorig_LeftHandPinky1-Matrix-animation-input-array" count="23">

0.000000 0.033333 0.066667 0.100000 0.133333 0.166667 0.200000 0.233333 0.266667 0.300000 0.333333 0.366667 0.400000 0.433333 0.466667 0.500000
0.533333 0.566667 0.600000 0.633333 0.666667 0.700000 0.733333</float_array>
        <technique_common>
          <accessor source="#mixamorig_LeftHandPinky1-Matrix-animation-input-array" count="23">
            <param name="TIME" type="float"/>
          </accessor>
        </technique_common>
      </source>
      <source id="mixamorig_LeftHandPinky1-Matrix-animation-output-transform">
        <float_array id="mixamorig_LeftHandPinky1-Matrix-animation-output-transform-array" count="368">

0.991104 -0.127702 -0.037494 5.614200 0.099030 0.895798 -0.433288 11.636400 0.088919 0.425721 0.900475 0.516600 0.000000 0.000000 0.000000 1.000000
0.991254 -0.127165 -0.035264 5.614200 0.099876 0.897600 -0.429347 11.636400 0.086251 0.422070 0.902451 0.516600 0.000000 0.000000 0.000000 1.000000
0.991606 -0.125887 -0.029499 5.614200 0.102066 0.902175 -0.419121 11.636400 0.079375 0.412592 0.907451 0.516600 0.000000 0.000000 0.000000 1.000000
0.992000 -0.124378 -0.021584 5.614200 0.105067 0.908260 -0.405000 11.636400 0.069977 0.399492 0.914062 0.516600 0.000000 0.000000 0.000000 1.000000
0.992315 -0.123058 -0.012923 5.614200 0.108356 0.914660 -0.389431 11.636400 0.059743 0.385038 0.920965 0.516600 0.000000 0.000000 0.000000 1.000000
0.992498 -0.122164 -0.004950 5.614200 0.111410 0.920320 -0.374965 11.636400 0.050363 0.371600 0.927026 0.516600 0.000000 0.000000 0.000000 1.000000
0.992559 -0.121759 0.000898 5.614200 0.113719 0.924330 -0.364255 11.636400 0.043521 0.361647 0.931299 0.516600 0.000000 0.000000 0.000000 1.000000
0.992550 -0.121788 0.003546 5.614200 0.114918 0.926105 -0.359338 11.636400 0.040479 0.357068 0.933201 0.516600 0.000000 0.000000 0.000000 1.000000
0.992507 -0.122111 0.004379 5.614200 0.115587 0.926655 -0.357700 11.636400 0.039621 0.355526 0.933826 0.516600 0.000000 0.000000 0.000000 1.000000
0.992446 -0.122617 0.003965 5.614200 0.115886 0.926374 -0.358331 11.636400 0.040265 0.356084 0.933586 0.516600 0.000000 0.000000 0.000000 1.000000
0.992375 -0.123228 0.002577 5.614200 0.115853 0.925439 -0.360750 11.636400 0.042070 0.358298 0.932659 0.516600 0.000000 0.000000 0.000000 1.000000
0.992299 -0.123869 0.000488 5.614200 0.115525 0.924022 -0.364470 11.636400 0.044696 0.361719 0.931215 0.516600 0.000000 0.000000 0.000000 1.000000
0.992222 -0.124466 -0.002030 5.614200 0.114939 0.922294 -0.369003 11.636400 0.047800 0.365899 0.929426 0.516600 0.000000 0.000000 0.000000 1.000000
0.992153 -0.124938 -0.004707 5.614200 0.114133 0.920434 -0.373865 11.636400 0.051043 0.370394 0.927471 0.516600 0.000000 0.000000 0.000000 1.000000
0.992100 -0.125225 -0.007480 5.614200 0.113076 0.918485 -0.378944 11.636400 0.054323 0.375104 0.925389 0.516600 0.000000 0.000000 0.000000 1.000000
0.992034 -0.125465 -0.011243 5.614200 0.111451 0.915803 -0.385854 11.636400 0.058708 0.381527 0.922491 0.516600 0.000000 0.000000 0.000000 1.000000
0.991938 -0.125734 -0.015805 5.614200 0.109383 0.912490 -0.394205 11.636400 0.063987 0.389298 0.918887 0.516600 0.000000 0.000000 0.000000 1.000000
0.991805 -0.126064 -0.020765 5.614200 0.107073 0.908810 -0.403237 11.636400 0.069705 0.397709 0.914860 0.516600 0.000000 0.000000 0.000000 1.000000
0.991638 -0.126458 -0.025721 5.614200 0.104724 0.905051 -0.412208 11.636400 0.075406 0.406068 0.910726 0.516600 0.000000 0.000000 0.000000 1.000000
0.991455 -0.126886 -0.030273 5.614200 0.102540 0.901528 -0.420396 11.636400 0.080634 0.413700 0.906835 0.516600 0.000000 0.000000 0.000000 1.000000
0.991282 -0.127287 -0.034019 5.614200 0.100726 0.898577 -0.427098 11.636400 0.084933 0.419948 0.903565 0.516600 0.000000 0.000000 0.000000 1.000000
0.991153 -0.127587 -0.036559 5.614200 0.099488 0.896550 -0.431625 11.636400 0.087846 0.424170 0.901312 0.516600 0.000000 0.000000 0.000000 1.000000
0.991104 -0.127701 -0.037494 5.614200 0.099030 0.895798 -0.433289 11.636400 0.088919 0.425721 0.900475 0.516600 0.000000 0.000000 0.000000 1.000000</float_array>
        <technique_common>
          <accessor source="#mixamorig_LeftHandPinky1-Matrix-animation-output-transform-array" count="23" stride="16">
            <param type="float4x4"/>
          </accessor>
        </technique_common>
      </source>
      <source id="mixamorig_LeftHandPinky1-Interpolations">
        <Name_array id="mixamorig_LeftHandPinky1-Interpolations-array" count="23">
 LINEAR LINEAR LINEAR LINEAR LINEAR LINEAR LINEAR LINEAR LINEAR LINEAR LINEAR
LINEAR LINEAR LINEAR LINEAR LINEAR LINEAR LINEAR LINEAR LINEAR LINEAR LINEAR LINEAR</Name_array>
        <technique_common>
          <accessor source="#mixamorig_LeftHandPinky1-Interpolations-array" count="23">
            <param type="name"/>
          </accessor>
        </technique_common>
      </source>
      <sampler id="mixamorig_LeftHandPinky1-Matrix-animation-transform">
        <input semantic="INPUT" source="#mixamorig_LeftHandPinky1-Matrix-animation-input"/>
        <input semantic="OUTPUT" source="#mixamorig_LeftHandPinky1-Matrix-animation-output-transform"/>
        <input semantic="INTERPOLATION" source="#mixamorig_LeftHandPinky1-Interpolations"/>
      </sampler>
      <channel source="#mixamorig_LeftHandPinky1-Matrix-animation-transform" target="mixamorig_LeftHandPinky1/matrix"/>
    </animation>
    <animation id="mixamorig_LeftHandPinky2-anim" name="mixamorig_LeftHandPinky2">
      <source id="mixamorig_LeftHandPinky2-Matrix-animation-input">
        <float_array id="mixamorig_LeftHandPinky2-Matrix-animation-input-array" count="23">

0.000000 0.033333 0.066667 0.100000 0.133333 0.166667 0.200000 0.233333 0.266667 0.300000 0.333333 0.366667 0.400000 0.433333 0.466667 0.500000
0.533333 0.566667 0.600000 0.633333 0.666667 0.700000 0.733333</float_array>
        <technique_common>
          <accessor source="#mixamorig_LeftHandPinky2-Matrix-animation-input-array" count="23">
            <param name="TIME" type="float"/>
          </accessor>
        </technique_common>
      </source>
      <source id="mixamorig_LeftHandPinky2-Matrix-animation-output-transform">
        <float_array id="mixamorig_LeftHandPinky2-Matrix-animation-output-transform-array" count="368">

0.999596 -0.025381 0.012796 0.000000 0.026902 0.699402 -0.714222 1.559400 0.009178 0.714278 0.699802 0.000000 0.000000 0.000000 0.000000 1.000000
0.999603 -0.025266 0.012492 -0.000000 0.026651 0.703011 -0.710679 1.559400 0.009174 0.710730 0.703405 -0.000000 0.000000 0.000000 0.000000 1.000000
0.999620 -0.024956 0.011711 -0.000000 0.025999 0.712235 -0.701459 1.559400 0.009165 0.701497 0.712614 0.000000 0.000000 0.000000 0.000000 1.000000
0.999643 -0.024505 0.010649 -0.000000 0.025100 0.724655 -0.688654 1.559400 0.009159 0.688676 0.725012 0.000000 0.000000 0.000000 0.000000 1.000000
0.999667 -0.023978 0.009500 -0.000000 0.024110 0.737930 -0.674447 1.559400 0.009161 0.674451 0.738262 0.000000 0.000000 0.000000 0.000000 1.000000
0.999689 -0.023459 0.008454 0.000000 0.023188 0.749875 -0.661173 1.559400 0.009171 0.661163 0.750186 0.000000 0.000000 0.000000 0.000000 1.000000
0.999705 -0.023054 0.007694 0.000000 0.022504 0.758474 -0.651315 1.559400 0.009180 0.651295 0.758769 -0.000000 0.000000 0.000000 0.000000 1.000000
0.999712 -0.022855 0.007349 0.000000 0.022183 0.762328 -0.646810 1.559400 0.009180 0.646787 0.762616 0.000000 0.000000 0.000000 0.000000 1.000000
0.999715 -0.022770 0.007237 0.000000 0.022063 0.763547 -0.645375 1.559400 0.009169 0.645350 0.763832 0.000000 0.000000 0.000000 0.000000 1.000000
0.999714 -0.022766 0.007286 0.000000 0.022082 0.762963 -0.646065 1.559400 0.009149 0.646042 0.763247 0.000000 0.000000 0.000000 0.000000 1.000000
0.999712 -0.022828 0.007460 0.000000 0.022215 0.760961 -0.648417 1.559400 0.009125 0.648396 0.761249 -0.000000 0.000000 0.000000 0.000000 1.000000
0.999707 -0.022940 0.007725 -0.000000 0.022430 0.757921 -0.651960 1.559400 0.009102 0.651943 0.758214 0.000000 0.000000 0.000000 0.000000 1.000000
0.999701 -0.023086 0.008047 0.000000 0.022700 0.754224 -0.656225 1.559400 0.009080 0.656211 0.754523 0.000000 0.000000 0.000000 0.000000 1.000000
0.999694 -0.023253 0.008395 0.000000 0.022999 0.750256 -0.660748 1.559400 0.009066 0.660739 0.750561 0.000000 0.000000 0.000000 0.000000 1.000000
0.999687 -0.023437 0.008758 0.000000 0.023322 0.746112 -0.665412 1.559400 0.009061 0.665408 0.746425 0.000000 0.000000 0.000000 0.000000 1.000000
0.999676 -0.023696 0.009254 0.000000 0.023769 0.740438 -0.671704 1.559400 0.009065 0.671707 0.740761 0.000000 0.000000 0.000000 0.000000 1.000000
0.999663 -0.024006 0.009861 0.000000 0.024315 0.733490 -0.679265 1.559400 0.009073 0.679276 0.733827 0.000000 0.000000 0.000000 0.000000 1.000000
0.999648 -0.024337 0.010525 0.000000 0.024908 0.725849 -0.687403 1.559400 0.009090 0.687423 0.726200 0.000000 0.000000 0.000000 0.000000 1.000000
0.999633 -0.024658 0.011192 0.000000 0.025501 0.718123 -0.695449 1.559400 0.009111 0.695480 0.718488 0.000000 0.000000 0.000000 0.000000 1.000000
0.999619 -0.024945 0.011810 -0.000000 0.026044 0.710947 -0.702763 1.559400 0.009134 0.702803 0.711326 0.000000 0.000000 0.000000 0.000000 1.000000
0.999607 -0.025174 0.012320 0.000000 0.026489 0.704983 -0.708729 1.559400 0.009156 0.708777 0.705373 0.000000 0.000000 0.000000 0.000000 1.000000
0.999599 -0.025326 0.012668 0.000000 0.026790 0.700909 -0.712748 1.559400 0.009172 0.712801 0.701306 -0.000000 0.000000 0.000000 0.000000 1.000000
0.999596 -0.025381 0.012796 0.000000 0.026902 0.699402 -0.714222 1.559400 0.009178 0.714277 0.699802 0.000000 0.000000 0.000000 0.000000 1.000000</float_array>
        <technique_common>
          <accessor source="#mixamorig_LeftHandPinky2-Matrix-animation-output-transform-array" count="23" stride="16">
            <param type="float4x4"/>
          </accessor>
        </technique_common>
      </source>
      <source id="mixamorig_LeftHandPinky2-Interpolations">
        <Name_array id="mixamorig_LeftHandPinky2-Interpolations-array" count="23">
 LINEAR LINEAR LINEAR LINEAR LINEAR LINEAR LINEAR LINEAR LINEAR LINEAR LINEAR
LINEAR LINEAR LINEAR LINEAR LINEAR LINEAR LINEAR LINEAR LINEAR LINEAR LINEAR LINEAR</Name_array>
        <technique_common>
          <accessor source="#mixamorig_LeftHandPinky2-Interpolations-array" count="23">
            <param type="name"/>
          </accessor>
        </technique_common>
      </source>
      <sampler id="mixamorig_LeftHandPinky2-Matrix-animation-transform">
        <input semantic="INPUT" source="#mixamorig_LeftHandPinky2-Matrix-animation-input"/>
        <input semantic="OUTPUT" source="#mixamorig_LeftHandPinky2-Matrix-animation-output-transform"/>
        <input semantic="INTERPOLATION" source="#mixamorig_LeftHandPinky2-Interpolations"/>
      </sampler>
      <channel source="#mixamorig_LeftHandPinky2-Matrix-animation-transform" target="mixamorig_LeftHandPinky2/matrix"/>
    </animation>
    <animation id="mixamorig_LeftHandPinky3-anim" name="mixamorig_LeftHandPinky3">
      <source id="mixamorig_LeftHandPinky3-Matrix-animation-input">
        <float_array id="mixamorig_LeftHandPinky3-Matrix-animation-input-array" count="23">

0.000000 0.033333 0.066667 0.100000 0.133333 0.166667 0.200000 0.233333 0.266667 0.300000 0.333333 0.366667 0.400000 0.433333 0.466667 0.500000
0.533333 0.566667 0.600000 0.633333 0.666667 0.700000 0.733333</float_array>
        <technique_common>
          <accessor source="#mixamorig_LeftHandPinky3-Matrix-animation-input-array" count="23">
            <param name="TIME" type="float"/>
          </accessor>
        </technique_common>
      </source>
      <source id="mixamorig_LeftHandPinky3-Matrix-animation-output-transform">
        <float_array id="mixamorig_LeftHandPinky3-Matrix-animation-output-transform-array" count="368">

0.999702 -0.024382 0.001161 0.000000 0.020824 0.827072 -0.561710 1.540600 0.012736 0.561567 0.827333 0.000000 0.000000 0.000000 0.000000 1.000000
0.999700 -0.024470 0.000862 0.000000 0.020707 0.826117 -0.563118 1.540600 0.013067 0.562967 0.826376 0.000000 0.000000 0.000000 0.000000 1.000000
0.999695 -0.024703 0.000095 0.000000 0.020407 0.823644 -0.566740 1.540600 0.013922 0.566569 0.823897 0.000000 0.000000 0.000000 0.000000 1.000000
0.999686 -0.025033 -0.000953 0.000000 0.019995 0.820237 -0.571675 1.540600 0.015092 0.571476 0.820480 0.000000 0.000000 0.000000 0.000000 1.000000
0.999675 -0.025410 -0.002090 0.000000 0.019547 0.816490 -0.577029 1.540600 0.016369 0.576801 0.816721 0.000000 0.000000 0.000000 0.000000 1.000000
0.999663 -0.025773 -0.003131 0.000000 0.019138 0.813018 -0.581924 1.540600 0.017544 0.581668 0.813237 0.000000 0.000000 0.000000 0.000000 1.000000
0.999653 -0.026052 -0.003892 0.000000 0.018842 0.810457 -0.585495 1.540600 0.018408 0.585219 0.810666 0.000000 0.000000 0.000000 0.000000 1.000000
0.999648 -0.026189 -0.004235 -0.000000 0.018715 0.809291 -0.587109 1.540600 0.018803 0.586824 0.809496 0.000000 0.000000 0.000000 0.000000 1.000000
0.999646 -0.026248 -0.004342 -0.000000 0.018688 0.808921 -0.587620 1.540600 0.018936 0.587331 0.809125 0.000000 0.000000 0.000000 0.000000 1.000000
0.999646 -0.026253 -0.004287 0.000000 0.018730 0.809099 -0.587373 1.540600 0.018889 0.587085 0.809305 0.000000 0.000000 0.000000 0.000000 1.000000
0.999648 -0.026214 -0.004104 -0.000000 0.018825 0.809708 -0.586531 1.540600 0.018698 0.586248 0.809916 0.000000 0.000000 0.000000 0.000000 1.000000
0.999651 -0.026140 -0.003830 -0.000000 0.018955 0.810626 -0.585257 1.540600 0.018403 0.584980 0.810839 0.000000 0.000000 0.000000 0.000000 1.000000
0.999655 -0.026042 -0.003498 -0.000000 0.019103 0.811733 -0.583717 1.540600 0.018041 0.583448 0.811950 -0.000000 0.000000 0.000000 0.000000 1.000000
0.999659 -0.025931 -0.003148 0.000000 0.019254 0.812909 -0.582072 1.540600 0.017652 0.581813 0.813131 0.000000 0.000000 0.000000 0.000000 1.000000
0.999663 -0.025807 -0.002784 0.000000 0.019400 0.814126 -0.580364 1.540600 0.017244 0.580114 0.814353 0.000000 0.000000 0.000000 0.000000 1.000000
0.999669 -0.025630 -0.002291 0.000000 0.019590 0.815772 -0.578042 1.540600 0.016684 0.577805 0.816004 0.000000 0.000000 0.000000 0.000000 1.000000
0.999676 -0.025417 -0.001694 0.000000 0.019817 0.817758 -0.575221 1.540600 0.016005 0.575000 0.817997 0.000000 0.000000 0.000000 0.000000 1.000000
0.999682 -0.025187 -0.001043 0.000000 0.020060 0.819907 -0.572146 1.540600 0.015265 0.571943 0.820151 0.000000 0.000000 0.000000 0.000000 1.000000
0.999688 -0.024959 -0.000392 -0.000000 0.020301 0.822042 -0.569065 1.540600 0.014526 0.568880 0.822292 0.000000 0.000000 0.000000 0.000000 1.000000
0.999694 -0.024754 0.000207 0.000000 0.020521 0.823994 -0.566227 1.540600 0.013846 0.566058 0.824249 0.000000 0.000000 0.000000 0.000000 1.000000
0.999697 -0.024587 0.000701 0.000000 0.020701 0.825593 -0.563886 1.540600 0.013286 0.563730 0.825852 0.000000 0.000000 0.000000 0.000000 1.000000
0.999700 -0.024476 0.001036 -0.000000 0.020822 0.826674 -0.562295 1.540600 0.012906 0.562148 0.826936 0.000000 0.000000 0.000000 0.000000 1.000000
0.999701 -0.024435 0.001161 0.000000 0.020868 0.827072 -0.561709 1.540600 0.012765 0.561565 0.827334 -0.000000 0.000000 0.000000 0.000000 1.000000</float_array>
        <technique_common>
          <accessor source="#mixamorig_LeftHandPinky3-Matrix-animation-output-transform-array" count="23" stride="16">
            <param type="float4x4"/>
          </accessor>
        </technique_common>
      </source>
      <source id="mixamorig_LeftHandPinky3-Interpolations">
        <Name_array id="mixamorig_LeftHandPinky3-Interpolations-array" count="23">
 LINEAR LINEAR LINEAR LINEAR LINEAR LINEAR LINEAR LINEAR LINEAR LINEAR LINEAR
LINEAR LINEAR LINEAR LINEAR LINEAR LINEAR LINEAR LINEAR LINEAR LINEAR LINEAR LINEAR</Name_array>
        <technique_common>
          <accessor source="#mixamorig_LeftHandPinky3-Interpolations-array" count="23">
            <param type="name"/>
          </accessor>
        </technique_common>
      </source>
      <sampler id="mixamorig_LeftHandPinky3-Matrix-animation-transform">
        <input semantic="INPUT" source="#mixamorig_LeftHandPinky3-Matrix-animation-input"/>
        <input semantic="OUTPUT" source="#mixamorig_LeftHandPinky3-Matrix-animation-output-transform"/>
        <input semantic="INTERPOLATION" source="#mixamorig_LeftHandPinky3-Interpolations"/>
      </sampler>
      <channel source="#mixamorig_LeftHandPinky3-Matrix-animation-transform" target="mixamorig_LeftHandPinky3/matrix"/>
    </animation>
    <animation id="mixamorig_RightShoulder-anim" name="mixamorig_RightShoulder">
      <source id="mixamorig_RightShoulder-Matrix-animation-input">
        <float_array id="mixamorig_RightShoulder-Matrix-animation-input-array" count="23">

0.000000 0.033333 0.066667 0.100000 0.133333 0.166667 0.200000 0.233333 0.266667 0.300000 0.333333 0.366667 0.400000 0.433333 0.466667 0.500000
0.533333 0.566667 0.600000 0.633333 0.666667 0.700000 0.733333</float_array>
        <technique_common>
          <accessor source="#mixamorig_RightShoulder-Matrix-animation-input-array" count="23">
            <param name="TIME" type="float"/>
          </accessor>
        </technique_common>
      </source>
      <source id="mixamorig_RightShoulder-Matrix-animation-output-transform">
        <float_array id="mixamorig_RightShoulder-Matrix-animation-output-transform-array" count="368">

0.014325 -0.913274 0.407093 -6.728800 -0.115723 -0.405913 -0.906555 11.756700 0.993178 -0.034124 -0.111502 -2.058500 0.000000 0.000000 0.000000 1.000000
0.012721 -0.913778 0.406014 -6.728800 -0.116094 -0.404650 -0.907072 11.756700 0.993157 -0.035597 -0.111232 -2.058500 0.000000 0.000000 0.000000 1.000000
0.012277 -0.913742 0.406109 -6.728800 -0.116340 -0.404687 -0.907025 11.756700 0.993134 -0.036111 -0.111274 -2.058500 0.000000 0.000000 0.000000 1.000000
0.010167 -0.911744 0.410634 -6.728800 -0.116885 -0.408924 -0.905052 11.756700 0.993093 -0.038796 -0.110727 -2.058500 0.000000 0.000000 0.000000 1.000000
0.009538 -0.909952 0.414604 -6.728800 -0.117250 -0.412781 -0.903252 11.756700 0.993057 -0.039998 -0.110629 -2.058500 0.000000 0.000000 0.000000 1.000000
0.011589 -0.910544 0.413249 -6.728800 -0.117237 -0.411664 -0.903764 11.756700 0.993036 -0.037974 -0.111520 -2.058500 0.000000 0.000000 0.000000 1.000000
0.018930 -0.915603 0.401638 -6.728800 -0.116076 -0.401006 -0.908692 11.756700 0.993060 -0.029419 -0.113870 -2.058500 0.000000 0.000000 0.000000 1.000000
0.020441 -0.926158 0.376581 -6.728800 -0.115168 -0.376333 -0.919298 11.756700 0.993136 -0.024579 -0.114357 -2.058500 0.000000 0.000000 0.000000 1.000000
0.015943 -0.941137 0.337650 -6.728800 -0.114299 -0.337194 -0.934471 11.756700 0.993319 -0.023695 -0.112946 -2.058500 0.000000 0.000000 0.000000 1.000000
0.001721 -0.951203 0.308560 -6.728800 -0.114566 -0.306716 -0.944881 11.756700 0.993414 -0.033724 -0.109503 -2.058500 0.000000 0.000000 0.000000 1.000000
-0.005496 -0.951498 0.307607 -6.728800 -0.115300 -0.304957 -0.945361 11.756700 0.993316 -0.040663 -0.108031 -2.058500 0.000000 0.000000 0.000000 1.000000
-0.005941 -0.944687 0.327918 -6.728800 -0.116299 -0.325046 -0.938520 11.756700 0.993196 -0.043712 -0.107935 -2.058500 0.000000 0.000000 0.000000 1.000000
-0.000889 -0.934879 0.354964 -6.728800 -0.117180 -0.352422 -0.928476 11.756700 0.993110 -0.042420 -0.109236 -2.058500 0.000000 0.000000 0.000000 1.000000
-0.002180 -0.929590 0.368588 -6.728800 -0.118320 -0.365760 -0.923158 11.756700 0.992973 -0.045624 -0.109192 -2.058500 0.000000 0.000000 0.000000 1.000000
-0.010302 -0.931430 0.363774 -6.728800 -0.119381 -0.360046 -0.925265 11.756700 0.992795 -0.052960 -0.107486 -2.058500 0.000000 0.000000 0.000000 1.000000
-0.022883 -0.937506 0.347216 -6.728800 -0.120026 -0.342218 -0.931923 11.756700 0.992507 -0.063000 -0.104694 -2.058500 0.000000 0.000000 0.000000 1.000000
-0.033223 -0.942866 0.331510 -6.728800 -0.119592 -0.325560 -0.937928 11.756700 0.992267 -0.070806 -0.101943 -2.058500 0.000000 0.000000 0.000000 1.000000
-0.039047 -0.945057 0.324564 -6.728800 -0.118710 -0.318124 -0.940588 11.756700 0.992161 -0.075256 -0.099766 -2.058500 0.000000 0.000000 0.000000 1.000000
-0.038901 -0.943693 0.328529 -6.728800 -0.118362 -0.322111 -0.939274 11.756700 0.992208 -0.075424 -0.099167 -2.058500 0.000000 0.000000 0.000000 1.000000
-0.034765 -0.941429 0.335413 -6.728800 -0.118050 -0.329398 -0.936782 11.756700 0.992399 -0.072163 -0.099684 -2.058500 0.000000 0.000000 0.000000 1.000000
-0.022317 -0.937959 0.346026 -6.728800 -0.117266 -0.341267 -0.932623 11.756700 0.992850 -0.061391 -0.102375 -2.058500 0.000000 0.000000 0.000000 1.000000
-0.003356 -0.932454 0.361273 -6.728800 -0.115538 -0.358494 -0.926355 11.756700 0.993297 -0.044850 -0.106531 -2.058500 0.000000 0.000000 0.000000 1.000000
0.014326 -0.913272 0.407098 -6.728800 -0.115766 -0.405917 -0.906548 11.756700 0.993173 -0.034141 -0.111541 -2.058500 0.000000 0.000000 0.000000 1.000000</float_array>
        <technique_common>
          <accessor source="#mixamorig_RightShoulder-Matrix-animation-output-transform-array" count="23" stride="16">
            <param type="float4x4"/>
          </accessor>
        </technique_common>
      </source>
      <source id="mixamorig_RightShoulder-Interpolations">
        <Name_array id="mixamorig_RightShoulder-Interpolations-array" count="23">
 LINEAR LINEAR LINEAR LINEAR LINEAR LINEAR LINEAR LINEAR LINEAR LINEAR LINEAR
LINEAR LINEAR LINEAR LINEAR LINEAR LINEAR LINEAR LINEAR LINEAR LINEAR LINEAR LINEAR</Name_array>
        <technique_common>
          <accessor source="#mixamorig_RightShoulder-Interpolations-array" count="23">
            <param type="name"/>
          </accessor>
        </technique_common>
      </source>
      <sampler id="mixamorig_RightShoulder-Matrix-animation-transform">
        <input semantic="INPUT" source="#mixamorig_RightShoulder-Matrix-animation-input"/>
        <input semantic="OUTPUT" source="#mixamorig_RightShoulder-Matrix-animation-output-transform"/>
        <input semantic="INTERPOLATION" source="#mixamorig_RightShoulder-Interpolations"/>
      </sampler>
      <channel source="#mixamorig_RightShoulder-Matrix-animation-transform" target="mixamorig_RightShoulder/matrix"/>
    </animation>
    <animation id="mixamorig_RightArm-anim" name="mixamorig_RightArm">
      <source id="mixamorig_RightArm-Matrix-animation-input">
        <float_array id="mixamorig_RightArm-Matrix-animation-input-array" count="23">

0.000000 0.033333 0.066667 0.100000 0.133333 0.166667 0.200000 0.233333 0.266667 0.300000 0.333333 0.366667 0.400000 0.433333 0.466667 0.500000
0.533333 0.566667 0.600000 0.633333 0.666667 0.700000 0.733333</float_array>
        <technique_common>
          <accessor source="#mixamorig_RightArm-Matrix-animation-input-array" count="23">
            <param name="TIME" type="float"/>
          </accessor>
        </technique_common>
      </source>
      <source id="mixamorig_RightArm-Matrix-animation-output-transform">
        <float_array id="mixamorig_RightArm-Matrix-animation-output-transform-array" count="368">

0.995910 0.058665 -0.068721 -0.000000 -0.084671 0.871445 -0.483131 14.448800 0.031544 0.486973 0.872847 -0.000000 0.000000 0.000000 0.000000 1.000000
0.994480 0.072303 -0.076036 -0.000000 -0.100855 0.858587 -0.502650 14.448800 0.028941 0.507544 0.861139 -0.000000 0.000000 0.000000 0.000000 1.000000
0.991073 0.102592 -0.085138 0.000000 -0.132035 0.843677 -0.520361 14.448800 0.018444 0.526957 0.849692 -0.000000 0.000000 0.000000 0.000000 1.000000
0.987666 0.129041 -0.088679 -0.000000 -0.156467 0.834389 -0.528501 14.448800 0.005794 0.535857 0.844289 0.000000 0.000000 0.000000 0.000000 1.000000
0.985967 0.142393 -0.087139 0.000000 -0.166928 0.834600 -0.524955 14.448800 -0.002024 0.532134 0.846658 0.000000 0.000000 0.000000 0.000000 1.000000
0.985493 0.151295 -0.076896 0.000000 -0.169241 0.842247 -0.511837 14.448800 -0.012673 0.517426 0.855634 0.000000 0.000000 0.000000 0.000000 1.000000
0.987170 0.148399 -0.058931 0.000000 -0.158061 0.855935 -0.492334 14.448800 -0.022621 0.495332 0.868409 0.000000 0.000000 0.000000 0.000000 1.000000
0.989757 0.138667 -0.033957 0.000000 -0.137884 0.866822 -0.479174 14.448800 -0.037011 0.478947 0.877063 0.000000 0.000000 0.000000 0.000000 1.000000
0.989949 0.140618 -0.015110 -0.000000 -0.130196 0.864395 -0.485665 14.448800 -0.055232 0.482751 0.874015 0.000000 0.000000 0.000000 0.000000 1.000000
0.986467 0.163962 0.000032 -0.000000 -0.141620 0.852147 -0.503774 14.448800 -0.082627 0.496952 0.863835 0.000000 0.000000 0.000000 0.000000 1.000000
0.981645 0.190232 0.013633 0.000000 -0.156998 0.846596 -0.508554 14.448800 -0.108285 0.497079 0.860922 0.000000 0.000000 0.000000 0.000000 1.000000
0.977777 0.209292 0.012228 -0.000000 -0.174457 0.844606 -0.506168 14.448800 -0.116265 0.492785 0.862349 -0.000000 0.000000 0.000000 0.000000 1.000000
0.977789 0.209296 0.011112 -0.000000 -0.176201 0.849573 -0.497172 14.448800 -0.113497 0.484171 0.867581 0.000000 0.000000 0.000000 0.000000 1.000000
0.975879 0.218301 -0.001989 0.000000 -0.188375 0.837426 -0.513062 14.448800 -0.110336 0.501062 0.858349 0.000000 0.000000 0.000000 0.000000 1.000000
0.971551 0.236018 -0.019599 0.000000 -0.207510 0.808469 -0.550743 14.448800 -0.114140 0.539142 0.834445 0.000000 0.000000 0.000000 0.000000 1.000000
0.963490 0.264458 -0.041828 0.000000 -0.237278 0.770992 -0.590991 14.448800 -0.124043 0.579339 0.805593 0.000000 0.000000 0.000000 0.000000 1.000000
0.959933 0.272202 -0.066595 0.000000 -0.256568 0.758126 -0.599515 14.448800 -0.112702 0.592580 0.797588 0.000000 0.000000 0.000000 0.000000 1.000000
0.965868 0.245503 -0.082624 -0.000000 -0.247453 0.780187 -0.574521 14.448800 -0.076584 0.575357 0.814309 0.000000 0.000000 0.000000 0.000000 1.000000
0.981058 0.175354 -0.082319 0.000000 -0.191962 0.822994 -0.534632 14.448800 -0.026002 0.540307 0.841066 -0.000000 0.000000 0.000000 0.000000 1.000000
0.991736 0.106175 -0.072013 -0.000000 -0.128060 0.853061 -0.505854 14.448800 0.007722 0.510895 0.859608 0.000000 0.000000 0.000000 0.000000 1.000000
0.995616 0.065561 -0.066718 0.000000 -0.090069 0.864392 -0.494685 14.448800 0.025239 0.498525 0.866508 0.000000 0.000000 0.000000 0.000000 1.000000
0.996967 0.038854 -0.067439 0.000000 -0.067153 0.867445 -0.492981 14.448800 0.039346 0.496014 0.867423 0.000000 0.000000 0.000000 0.000000 1.000000
0.995909 0.058692 -0.068709 0.000000 -0.084688 0.871449 -0.483120 14.448800 0.031522 0.486962 0.872854 0.000000 0.000000 0.000000 0.000000 1.000000</float_array>
        <technique_common>
          <accessor source="#mixamorig_RightArm-Matrix-animation-output-transform-array" count="23" stride="16">
            <param type="float4x4"/>
          </accessor>
        </technique_common>
      </source>
      <source id="mixamorig_RightArm-Interpolations">
        <Name_array id="mixamorig_RightArm-Interpolations-array" count="23">
 LINEAR LINEAR LINEAR LINEAR LINEAR LINEAR LINEAR LINEAR LINEAR LINEAR LINEAR
LINEAR LINEAR LINEAR LINEAR LINEAR LINEAR LINEAR LINEAR LINEAR LINEAR LINEAR LINEAR</Name_array>
        <technique_common>
          <accessor source="#mixamorig_RightArm-Interpolations-array" count="23">
            <param type="name"/>
          </accessor>
        </technique_common>
      </source>
      <sampler id="mixamorig_RightArm-Matrix-animation-transform">
        <input semantic="INPUT" source="#mixamorig_RightArm-Matrix-animation-input"/>
        <input semantic="OUTPUT" source="#mixamorig_RightArm-Matrix-animation-output-transform"/>
        <input semantic="INTERPOLATION" source="#mixamorig_RightArm-Interpolations"/>
      </sampler>
      <channel source="#mixamorig_RightArm-Matrix-animation-transform" target="mixamorig_RightArm/matrix"/>
    </animation>
    <animation id="mixamorig_RightForeArm-anim" name="mixamorig_RightForeArm">
      <source id="mixamorig_RightForeArm-Matrix-animation-input">
        <float_array id="mixamorig_RightForeArm-Matrix-animation-input-array" count="23">

0.000000 0.033333 0.066667 0.100000 0.133333 0.166667 0.200000 0.233333 0.266667 0.300000 0.333333 0.366667 0.400000 0.433333 0.466667 0.500000
0.533333 0.566667 0.600000 0.633333 0.666667 0.700000 0.733333</float_array>
        <technique_common>
          <accessor source="#mixamorig_RightForeArm-Matrix-animation-input-array" count="23">
            <param name="TIME" type="float"/>
          </accessor>
        </technique_common>
      </source>
      <source id="mixamorig_RightForeArm-Matrix-animation-output-transform">
        <float_array id="mixamorig_RightForeArm-Matrix-animation-output-transform-array" count="368">

0.280640 0.934195 0.220275 0.000000 -0.861107 0.346429 -0.372132 23.160299 -0.423953 -0.085245 0.901663 0.000000 0.000000 0.000000 0.000000 1.000000
0.392327 0.885115 0.250304 -0.000000 -0.824385 0.459054 -0.331148 23.160299 -0.408007 -0.076429 0.909774 0.000000 0.000000 0.000000 0.000000 1.000000
0.502613 0.820437 0.272513 0.000000 -0.770752 0.568031 -0.288588 23.160299 -0.391564 -0.064992 0.917853 0.000000 0.000000 0.000000 0.000000 1.000000
0.577010 0.767372 0.279642 -0.000000 -0.724359 0.638991 -0.258833 23.160299 -0.377310 -0.053212 0.924557 0.000000 0.000000 0.000000 0.000000 1.000000
0.607427 0.747414 0.269081 -0.000000 -0.704943 0.663319 -0.251122 23.160299 -0.366179 -0.037148 0.929803 0.000000 0.000000 0.000000 0.000000 1.000000
0.616254 0.749001 0.243370 0.000000 -0.700598 0.662530 -0.264983 23.160299 -0.359712 -0.007208 0.933036 -0.000000 0.000000 0.000000 0.000000 1.000000
0.611971 0.762945 0.208341 0.000000 -0.701955 0.645336 -0.301332 23.160299 -0.364350 0.038160 0.930480 0.000000 0.000000 0.000000 0.000000 1.000000
0.594293 0.786517 0.167950 0.000000 -0.713058 0.611877 -0.342279 23.160299 -0.371973 0.083656 0.924466 0.000000 0.000000 0.000000 0.000000 1.000000
0.556156 0.820411 0.132727 -0.000000 -0.739621 0.561434 -0.371151 23.160299 -0.379014 0.108250 0.919038 0.000000 0.000000 0.000000 0.000000 1.000000
0.519859 0.846145 0.117409 0.000000 -0.763755 0.521941 -0.379811 23.160299 -0.382656 0.107776 0.917583 0.000000 0.000000 0.000000 0.000000 1.000000
0.495594 0.860275 0.119636 0.000000 -0.781267 0.501720 -0.371346 23.160299 -0.379484 0.090569 0.920755 0.000000 0.000000 0.000000 0.000000 1.000000
0.487944 0.861852 0.138285 0.000000 -0.786572 0.502832 -0.358419 23.160299 -0.378438 0.066118 0.923262 0.000000 0.000000 0.000000 0.000000 1.000000
0.467193 0.872456 0.143356 0.000000 -0.800500 0.486235 -0.350394 23.160299 -0.375408 0.048945 0.925566 -0.000000 0.000000 0.000000 0.000000 1.000000
0.440105 0.885159 0.150996 0.000000 -0.819100 0.464649 -0.336417 23.160299 -0.367943 0.024378 0.929529 0.000000 0.000000 0.000000 0.000000 1.000000
0.414884 0.895537 0.160888 0.000000 -0.838097 0.444970 -0.315586 23.160299 -0.354210 -0.003908 0.935158 0.000000 0.000000 0.000000 0.000000 1.000000
0.406141 0.895998 0.179547 0.000000 -0.845522 0.442992 -0.298078 23.160299 -0.346616 -0.030749 0.937503 0.000000 0.000000 0.000000 0.000000 1.000000
0.382243 0.904475 0.189249 0.000000 -0.847702 0.424744 -0.317796 23.160299 -0.367821 -0.038952 0.929080 0.000000 0.000000 0.000000 0.000000 1.000000
0.336103 0.924393 0.180367 0.000000 -0.846695 0.380435 -0.371989 23.160299 -0.412482 -0.027690 0.910545 0.000000 0.000000 0.000000 0.000000 1.000000
0.254134 0.956586 0.142687 0.000000 -0.856560 0.291117 -0.426094 23.160299 -0.449135 -0.013935 0.893355 0.000000 0.000000 0.000000 0.000000 1.000000
0.185572 0.976869 0.106254 0.000000 -0.866754 0.213671 -0.450647 23.160299 -0.462927 -0.008468 0.886356 -0.000000 0.000000 0.000000 0.000000 1.000000
0.158339 0.981477 0.107848 -0.000000 -0.876279 0.190018 -0.442750 23.160299 -0.455042 -0.024400 0.890135 -0.000000 0.000000 0.000000 0.000000 1.000000
0.189247 0.970946 0.146455 0.000000 -0.875911 0.234338 -0.421740 23.160299 -0.443807 -0.048468 0.894811 0.000000 0.000000 0.000000 0.000000 1.000000
0.280652 0.934190 0.220281 0.000000 -0.861099 0.346443 -0.372136 23.160299 -0.423961 -0.085243 0.901660 0.000000 0.000000 0.000000 0.000000 1.000000</float_array>
        <technique_common>
          <accessor source="#mixamorig_RightForeArm-Matrix-animation-output-transform-array" count="23" stride="16">
            <param type="float4x4"/>
          </accessor>
        </technique_common>
      </source>
      <source id="mixamorig_RightForeArm-Interpolations">
        <Name_array id="mixamorig_RightForeArm-Interpolations-array" count="23">
 LINEAR LINEAR LINEAR LINEAR LINEAR LINEAR LINEAR LINEAR LINEAR LINEAR LINEAR
LINEAR LINEAR LINEAR LINEAR LINEAR LINEAR LINEAR LINEAR LINEAR LINEAR LINEAR LINEAR</Name_array>
        <technique_common>
          <accessor source="#mixamorig_RightForeArm-Interpolations-array" count="23">
            <param type="name"/>
          </accessor>
        </technique_common>
      </source>
      <sampler id="mixamorig_RightForeArm-Matrix-animation-transform">
        <input semantic="INPUT" source="#mixamorig_RightForeArm-Matrix-animation-input"/>
        <input semantic="OUTPUT" source="#mixamorig_RightForeArm-Matrix-animation-output-transform"/>
        <input semantic="INTERPOLATION" source="#mixamorig_RightForeArm-Interpolations"/>
      </sampler>
      <channel source="#mixamorig_RightForeArm-Matrix-animation-transform" target="mixamorig_RightForeArm/matrix"/>
    </animation>
    <animation id="mixamorig_RightHand-anim" name="mixamorig_RightHand">
      <source id="mixamorig_RightHand-Matrix-animation-input">
        <float_array id="mixamorig_RightHand-Matrix-animation-input-array" count="23">

0.000000 0.033333 0.066667 0.100000 0.133333 0.166667 0.200000 0.233333 0.266667 0.300000 0.333333 0.366667 0.400000 0.433333 0.466667 0.500000
0.533333 0.566667 0.600000 0.633333 0.666667 0.700000 0.733333</float_array>
        <technique_common>
          <accessor source="#mixamorig_RightHand-Matrix-animation-input-array" count="23">
            <param name="TIME" type="float"/>
          </accessor>
        </technique_common>
      </source>
      <source id="mixamorig_RightHand-Matrix-animation-output-transform">
        <float_array id="mixamorig_RightHand-Matrix-animation-output-transform-array" count="368">

0.945188 0.325727 -0.022840 0.000000 -0.323869 0.944104 0.061456 24.071699 0.041581 -0.050691 0.997848 0.000000 0.000000 0.000000 0.000000 1.000000
0.917189 0.398279 -0.011740 0.000000 -0.396891 0.915805 0.061476 24.071699 0.035236 -0.051726 0.998039 0.000000 0.000000 0.000000 0.000000 1.000000
0.887695 0.460431 -0.000882 0.000000 -0.459118 0.885304 0.073807 24.071699 0.034763 -0.065113 0.997272 0.000000 0.000000 0.000000 0.000000 1.000000
0.868417 0.495796 0.006208 0.000000 -0.494204 0.864479 0.091854 24.071699 0.040174 -0.082836 0.995753 0.000000 0.000000 0.000000 0.000000 1.000000
0.866628 0.498838 0.010832 -0.000000 -0.496885 0.860853 0.109712 24.071699 0.045404 -0.100462 0.993904 0.000000 0.000000 0.000000 0.000000 1.000000
0.876105 0.481933 0.013428 -0.000000 -0.479978 0.869250 0.118431 24.071699 0.045404 -0.110203 0.992872 0.000000 0.000000 0.000000 0.000000 1.000000
0.887653 0.460247 0.015636 0.000000 -0.458820 0.880975 0.115618 24.071699 0.039438 -0.109803 0.993171 0.000000 0.000000 0.000000 0.000000 1.000000
0.901290 0.433024 0.012886 0.000000 -0.432203 0.896752 0.095060 24.071699 0.029607 -0.091246 0.995388 0.000000 0.000000 0.000000 0.000000 1.000000
0.921193 0.389011 0.008606 0.000000 -0.388684 0.918938 0.066920 24.071699 0.018125 -0.064992 0.997721 -0.000000 0.000000 0.000000 0.000000 1.000000
0.937240 0.348678 0.002201 0.000000 -0.348627 0.936951 0.024138 24.071699 0.006355 -0.023391 0.999706 -0.000000 0.000000 0.000000 0.000000 1.000000
0.946642 0.322154 -0.009254 0.000000 -0.322286 0.946292 -0.025746 24.071699 0.000463 0.027355 0.999626 0.000000 0.000000 0.000000 0.000000 1.000000
0.948346 0.316424 -0.022732 -0.000000 -0.317239 0.945820 -0.069169 24.071699 -0.000387 0.072807 0.997346 0.000000 0.000000 0.000000 0.000000 1.000000
0.949846 0.310971 -0.033014 -0.000000 -0.312706 0.945449 -0.091327 24.071699 0.002812 0.097071 0.995274 0.000000 0.000000 0.000000 0.000000 1.000000
0.951685 0.304474 -0.039888 -0.000000 -0.307011 0.946083 -0.103301 24.071699 0.006285 0.110556 0.993850 -0.000000 0.000000 0.000000 0.000000 1.000000
0.953228 0.298819 -0.045432 0.000000 -0.302093 0.946799 -0.110956 24.071699 0.009859 0.119490 0.992786 0.000000 0.000000 0.000000 0.000000 1.000000
0.954111 0.295136 -0.050672 0.000000 -0.299146 0.947058 -0.116589 24.071699 0.013579 0.126398 0.991887 -0.000000 0.000000 0.000000 0.000000 1.000000
0.955418 0.290981 -0.050058 -0.000000 -0.294554 0.951027 -0.093731 24.071699 0.020332 0.104297 0.994338 0.000000 0.000000 0.000000 0.000000 1.000000
0.956166 0.289443 -0.044384 0.000000 -0.291474 0.955305 -0.049351 24.071699 0.028116 0.060124 0.997795 0.000000 0.000000 0.000000 0.000000 1.000000
0.961308 0.273370 -0.033983 0.000000 -0.273366 0.961898 0.004865 24.071699 0.034018 0.004614 0.999411 0.000000 0.000000 0.000000 0.000000 1.000000
0.967874 0.250154 -0.025357 -0.000000 -0.248848 0.967461 0.045765 24.071699 0.035980 -0.037984 0.998630 0.000000 0.000000 0.000000 0.000000 1.000000
0.971123 0.237749 -0.019884 0.000000 -0.235888 0.969311 0.069229 24.071699 0.035733 -0.062540 0.997403 0.000000 0.000000 0.000000 0.000000 1.000000
0.962837 0.269456 -0.018422 0.000000 -0.267451 0.960729 0.073966 24.071699 0.037629 -0.066290 0.997091 0.000000 0.000000 0.000000 0.000000 1.000000
0.945193 0.325712 -0.022842 0.000000 -0.323854 0.944109 0.061451 24.071699 0.041581 -0.050685 0.997849 -0.000000 0.000000 0.000000 0.000000 1.000000</float_array>
        <technique_common>
          <accessor source="#mixamorig_RightHand-Matrix-animation-output-transform-array" count="23" stride="16">
            <param type="float4x4"/>
          </accessor>
        </technique_common>
      </source>
      <source id="mixamorig_RightHand-Interpolations">
        <Name_array id="mixamorig_RightHand-Interpolations-array" count="23">
 LINEAR LINEAR LINEAR LINEAR LINEAR LINEAR LINEAR LINEAR LINEAR LINEAR LINEAR
LINEAR LINEAR LINEAR LINEAR LINEAR LINEAR LINEAR LINEAR LINEAR LINEAR LINEAR LINEAR</Name_array>
        <technique_common>
          <accessor source="#mixamorig_RightHand-Interpolations-array" count="23">
            <param type="name"/>
          </accessor>
        </technique_common>
      </source>
      <sampler id="mixamorig_RightHand-Matrix-animation-transform">
        <input semantic="INPUT" source="#mixamorig_RightHand-Matrix-animation-input"/>
        <input semantic="OUTPUT" source="#mixamorig_RightHand-Matrix-animation-output-transform"/>
        <input semantic="INTERPOLATION" source="#mixamorig_RightHand-Interpolations"/>
      </sampler>
      <channel source="#mixamorig_RightHand-Matrix-animation-transform" target="mixamorig_RightHand/matrix"/>
    </animation>
    <animation id="mixamorig_RightHandThumb1-anim" name="mixamorig_RightHandThumb1">
      <source id="mixamorig_RightHandThumb1-Matrix-animation-input">
        <float_array id="mixamorig_RightHandThumb1-Matrix-animation-input-array" count="23">

0.000000 0.033333 0.066667 0.100000 0.133333 0.166667 0.200000 0.233333 0.266667 0.300000 0.333333 0.366667 0.400000 0.433333 0.466667 0.500000
0.533333 0.566667 0.600000 0.633333 0.666667 0.700000 0.733333</float_array>
        <technique_common>
          <accessor source="#mixamorig_RightHandThumb1-Matrix-animation-input-array" count="23">
            <param name="TIME" type="float"/>
          </accessor>
        </technique_common>
      </source>
      <source id="mixamorig_RightHandThumb1-Matrix-animation-output-transform">
        <float_array id="mixamorig_RightHandThumb1-Matrix-animation-output-transform-array" count="368">

0.168316 0.403239 -0.899482 1.509000 -0.684490 0.704441 0.187717 4.173400 0.709326 0.584090 0.394582 1.927000 0.000000 0.000000 0.000000 1.000000
0.168316 0.403239 -0.899482 1.509000 -0.684489 0.704441 0.187717 4.173400 0.709327 0.584090 0.394581 1.927000 0.000000 0.000000 0.000000 1.000000
0.168316 0.403239 -0.899482 1.509000 -0.684489 0.704441 0.187717 4.173400 0.709327 0.584090 0.394582 1.927000 0.000000 0.000000 0.000000 1.000000
0.168316 0.403240 -0.899482 1.509000 -0.684489 0.704441 0.187717 4.173400 0.709326 0.584090 0.394582 1.927000 0.000000 0.000000 0.000000 1.000000
0.168316 0.403239 -0.899482 1.509000 -0.684490 0.704441 0.187716 4.173400 0.709326 0.584090 0.394582 1.927000 0.000000 0.000000 0.000000 1.000000
0.168316 0.403239 -0.899482 1.509000 -0.684489 0.704441 0.187716 4.173400 0.709326 0.584090 0.394582 1.927000 0.000000 0.000000 0.000000 1.000000
0.168316 0.403239 -0.899482 1.509000 -0.684489 0.704441 0.187717 4.173400 0.709326 0.584090 0.394582 1.927000 0.000000 0.000000 0.000000 1.000000
0.168316 0.403239 -0.899482 1.509000 -0.684490 0.704441 0.187716 4.173400 0.709326 0.584090 0.394582 1.927000 0.000000 0.000000 0.000000 1.000000
0.168316 0.403239 -0.899482 1.509000 -0.684489 0.704441 0.187716 4.173400 0.709326 0.584090 0.394582 1.927000 0.000000 0.000000 0.000000 1.000000
0.168316 0.403239 -0.899482 1.509000 -0.684489 0.704441 0.187717 4.173400 0.709327 0.584090 0.394582 1.927000 0.000000 0.000000 0.000000 1.000000
0.168316 0.403239 -0.899482 1.509000 -0.684489 0.704441 0.187716 4.173400 0.709326 0.584090 0.394582 1.927000 0.000000 0.000000 0.000000 1.000000
0.168316 0.403239 -0.899482 1.509000 -0.684490 0.704440 0.187716 4.173400 0.709326 0.584091 0.394581 1.927000 0.000000 0.000000 0.000000 1.000000
0.168316 0.403239 -0.899482 1.509000 -0.684489 0.704441 0.187716 4.173400 0.709326 0.584090 0.394581 1.927000 0.000000 0.000000 0.000000 1.000000
0.168316 0.403239 -0.899482 1.509000 -0.684489 0.704441 0.187716 4.173400 0.709326 0.584090 0.394582 1.927000 0.000000 0.000000 0.000000 1.000000
0.168316 0.403239 -0.899482 1.509000 -0.684489 0.704441 0.187717 4.173400 0.709327 0.584090 0.394582 1.927000 0.000000 0.000000 0.000000 1.000000
0.168316 0.403239 -0.899482 1.509000 -0.684489 0.704441 0.187716 4.173400 0.709327 0.584090 0.394581 1.927000 0.000000 0.000000 0.000000 1.000000
0.168316 0.403239 -0.899482 1.509000 -0.684490 0.704441 0.187716 4.173400 0.709326 0.584090 0.394582 1.927000 0.000000 0.000000 0.000000 1.000000
0.168316 0.403239 -0.899482 1.509000 -0.684489 0.704441 0.187716 4.173400 0.709326 0.584090 0.394582 1.927000 0.000000 0.000000 0.000000 1.000000
0.168316 0.403239 -0.899482 1.509000 -0.684489 0.704441 0.187716 4.173400 0.709326 0.584090 0.394582 1.927000 0.000000 0.000000 0.000000 1.000000
0.168316 0.403239 -0.899482 1.509000 -0.684489 0.704441 0.187717 4.173400 0.709327 0.584090 0.394581 1.927000 0.000000 0.000000 0.000000 1.000000
0.168316 0.403239 -0.899482 1.509000 -0.684490 0.704441 0.187716 4.173400 0.709326 0.584091 0.394582 1.927000 0.000000 0.000000 0.000000 1.000000
0.168316 0.403239 -0.899482 1.509000 -0.684489 0.704441 0.187716 4.173400 0.709327 0.584090 0.394581 1.927000 0.000000 0.000000 0.000000 1.000000
0.168316 0.403239 -0.899482 1.509000 -0.684489 0.704441 0.187716 4.173400 0.709326 0.584090 0.394582 1.927000 0.000000 0.000000 0.000000 1.000000</float_array>
        <technique_common>
          <accessor source="#mixamorig_RightHandThumb1-Matrix-animation-output-transform-array" count="23" stride="16">
            <param type="float4x4"/>
          </accessor>
        </technique_common>
      </source>
      <source id="mixamorig_RightHandThumb1-Interpolations">
        <Name_array id="mixamorig_RightHandThumb1-Interpolations-array" count="23">
 LINEAR LINEAR LINEAR LINEAR LINEAR LINEAR LINEAR LINEAR LINEAR LINEAR LINEAR
LINEAR LINEAR LINEAR LINEAR LINEAR LINEAR LINEAR LINEAR LINEAR LINEAR LINEAR LINEAR</Name_array>
        <technique_common>
          <accessor source="#mixamorig_RightHandThumb1-Interpolations-array" count="23">
            <param type="name"/>
          </accessor>
        </technique_common>
      </source>
      <sampler id="mixamorig_RightHandThumb1-Matrix-animation-transform">
        <input semantic="INPUT" source="#mixamorig_RightHandThumb1-Matrix-animation-input"/>
        <input semantic="OUTPUT" source="#mixamorig_RightHandThumb1-Matrix-animation-output-transform"/>
        <input semantic="INTERPOLATION" source="#mixamorig_RightHandThumb1-Interpolations"/>
      </sampler>
      <channel source="#mixamorig_RightHandThumb1-Matrix-animation-transform" target="mixamorig_RightHandThumb1/matrix"/>
    </animation>
    <animation id="mixamorig_RightHandThumb2-anim" name="mixamorig_RightHandThumb2">
      <source id="mixamorig_RightHandThumb2-Matrix-animation-input">
        <float_array id="mixamorig_RightHandThumb2-Matrix-animation-input-array" count="23">

0.000000 0.033333 0.066667 0.100000 0.133333 0.166667 0.200000 0.233333 0.266667 0.300000 0.333333 0.366667 0.400000 0.433333 0.466667 0.500000
0.533333 0.566667 0.600000 0.633333 0.666667 0.700000 0.733333</float_array>
        <technique_common>
          <accessor source="#mixamorig_RightHandThumb2-Matrix-animation-input-array" count="23">
            <param name="TIME" type="float"/>
          </accessor>
        </technique_common>
      </source>
      <source id="mixamorig_RightHandThumb2-Matrix-animation-output-transform">
        <float_array id="mixamorig_RightHandThumb2-Matrix-animation-output-transform-array" count="368">

0.966645 -0.168865 0.192565 0.000000 0.187882 0.978501 -0.085066 3.870400 -0.174060 0.118408 0.977590 0.000000 0.000000 0.000000 0.000000 1.000000
0.966645 -0.168865 0.192565 -0.000000 0.187882 0.978501 -0.085065 3.870400 -0.174061 0.118407 0.977590 0.000000 0.000000 0.000000 0.000000 1.000000
0.966645 -0.168865 0.192565 0.000000 0.187882 0.978501 -0.085065 3.870400 -0.174061 0.118407 0.977590 0.000000 0.000000 0.000000 0.000000 1.000000
0.966645 -0.168865 0.192565 0.000000 0.187882 0.978501 -0.085065 3.870400 -0.174060 0.118407 0.977590 0.000000 0.000000 0.000000 0.000000 1.000000
0.966645 -0.168865 0.192565 0.000000 0.187882 0.978501 -0.085065 3.870400 -0.174061 0.118407 0.977590 -0.000000 0.000000 0.000000 0.000000 1.000000
0.966645 -0.168865 0.192565 0.000000 0.187882 0.978501 -0.085066 3.870400 -0.174060 0.118408 0.977590 0.000000 0.000000 0.000000 0.000000 1.000000
0.966645 -0.168865 0.192565 -0.000000 0.187882 0.978501 -0.085065 3.870400 -0.174061 0.118407 0.977590 0.000000 0.000000 0.000000 0.000000 1.000000
0.966645 -0.168865 0.192565 0.000000 0.187882 0.978501 -0.085065 3.870400 -0.174061 0.118407 0.977590 0.000000 0.000000 0.000000 0.000000 1.000000
0.966645 -0.168865 0.192565 0.000000 0.187882 0.978501 -0.085065 3.870400 -0.174061 0.118408 0.977590 0.000000 0.000000 0.000000 0.000000 1.000000
0.966645 -0.168865 0.192565 0.000000 0.187882 0.978501 -0.085066 3.870400 -0.174061 0.118408 0.977590 -0.000000 0.000000 0.000000 0.000000 1.000000
0.966645 -0.168865 0.192565 0.000000 0.187882 0.978501 -0.085065 3.870400 -0.174061 0.118407 0.977590 -0.000000 0.000000 0.000000 0.000000 1.000000
0.966645 -0.168865 0.192565 -0.000000 0.187882 0.978501 -0.085065 3.870400 -0.174061 0.118408 0.977590 0.000000 0.000000 0.000000 0.000000 1.000000
0.966645 -0.168865 0.192565 0.000000 0.187882 0.978501 -0.085065 3.870400 -0.174061 0.118408 0.977590 0.000000 0.000000 0.000000 0.000000 1.000000
0.966646 -0.168865 0.192565 0.000000 0.187881 0.978501 -0.085065 3.870400 -0.174060 0.118407 0.977590 0.000000 0.000000 0.000000 0.000000 1.000000
0.966645 -0.168865 0.192566 0.000000 0.187882 0.978501 -0.085066 3.870400 -0.174061 0.118408 0.977590 0.000000 0.000000 0.000000 0.000000 1.000000
0.966645 -0.168865 0.192565 -0.000000 0.187882 0.978501 -0.085065 3.870400 -0.174061 0.118407 0.977590 0.000000 0.000000 0.000000 0.000000 1.000000
0.966645 -0.168865 0.192565 0.000000 0.187882 0.978501 -0.085065 3.870400 -0.174061 0.118408 0.977590 0.000000 0.000000 0.000000 0.000000 1.000000
0.966645 -0.168865 0.192565 0.000000 0.187882 0.978501 -0.085065 3.870400 -0.174061 0.118407 0.977590 0.000000 0.000000 0.000000 0.000000 1.000000
0.966645 -0.168865 0.192565 -0.000000 0.187881 0.978501 -0.085065 3.870400 -0.174060 0.118407 0.977590 0.000000 0.000000 0.000000 0.000000 1.000000
0.966645 -0.168865 0.192565 0.000000 0.187882 0.978501 -0.085065 3.870400 -0.174061 0.118407 0.977590 0.000000 0.000000 0.000000 0.000000 1.000000
0.966645 -0.168865 0.192565 -0.000000 0.187882 0.978501 -0.085065 3.870400 -0.174061 0.118407 0.977590 0.000000 0.000000 0.000000 0.000000 1.000000
0.966645 -0.168865 0.192565 0.000000 0.187882 0.978501 -0.085065 3.870400 -0.174060 0.118408 0.977590 0.000000 0.000000 0.000000 0.000000 1.000000
0.966645 -0.168865 0.192565 0.000000 0.187882 0.978501 -0.085066 3.870400 -0.174061 0.118408 0.977590 0.000000 0.000000 0.000000 0.000000 1.000000</float_array>
        <technique_common>
          <accessor source="#mixamorig_RightHandThumb2-Matrix-animation-output-transform-array" count="23" stride="16">
            <param type="float4x4"/>
          </accessor>
        </technique_common>
      </source>
      <source id="mixamorig_RightHandThumb2-Interpolations">
        <Name_array id="mixamorig_RightHandThumb2-Interpolations-array" count="23">
 LINEAR LINEAR LINEAR LINEAR LINEAR LINEAR LINEAR LINEAR LINEAR LINEAR LINEAR
LINEAR LINEAR LINEAR LINEAR LINEAR LINEAR LINEAR LINEAR LINEAR LINEAR LINEAR LINEAR</Name_array>
        <technique_common>
          <accessor source="#mixamorig_RightHandThumb2-Interpolations-array" count="23">
            <param type="name"/>
          </accessor>
        </technique_common>
      </source>
      <sampler id="mixamorig_RightHandThumb2-Matrix-animation-transform">
        <input semantic="INPUT" source="#mixamorig_RightHandThumb2-Matrix-animation-input"/>
        <input semantic="OUTPUT" source="#mixamorig_RightHandThumb2-Matrix-animation-output-transform"/>
        <input semantic="INTERPOLATION" source="#mixamorig_RightHandThumb2-Interpolations"/>
      </sampler>
      <channel source="#mixamorig_RightHandThumb2-Matrix-animation-transform" target="mixamorig_RightHandThumb2/matrix"/>
    </animation>
    <animation id="mixamorig_RightHandThumb3-anim" name="mixamorig_RightHandThumb3">
      <source id="mixamorig_RightHandThumb3-Matrix-animation-input">
        <float_array id="mixamorig_RightHandThumb3-Matrix-animation-input-array" count="23">

0.000000 0.033333 0.066667 0.100000 0.133333 0.166667 0.200000 0.233333 0.266667 0.300000 0.333333 0.366667 0.400000 0.433333 0.466667 0.500000
0.533333 0.566667 0.600000 0.633333 0.666667 0.700000 0.733333</float_array>
        <technique_common>
          <accessor source="#mixamorig_RightHandThumb3-Matrix-animation-input-array" count="23">
            <param name="TIME" type="float"/>
          </accessor>
        </technique_common>
      </source>
      <source id="mixamorig_RightHandThumb3-Matrix-animation-output-transform">
        <float_array id="mixamorig_RightHandThumb3-Matrix-animation-output-transform-array" count="368">

0.834257 -0.546506 0.073116 -0.000000 0.548569 0.809319 -0.209939 4.710300 0.055559 0.215253 0.974977 0.000000 0.000000 0.000000 0.000000 1.000000
0.834257 -0.546506 0.073116 -0.000000 0.548569 0.809319 -0.209940 4.710300 0.055559 0.215253 0.974977 -0.000000 0.000000 0.000000 0.000000 1.000000
0.834257 -0.546506 0.073116 0.000000 0.548569 0.809319 -0.209940 4.710300 0.055559 0.215253 0.974977 0.000000 0.000000 0.000000 0.000000 1.000000
0.834257 -0.546506 0.073116 -0.000000 0.548569 0.809319 -0.209940 4.710300 0.055559 0.215253 0.974977 0.000000 0.000000 0.000000 0.000000 1.000000
0.834257 -0.546506 0.073116 -0.000000 0.548569 0.809319 -0.209940 4.710300 0.055559 0.215253 0.974977 0.000000 0.000000 0.000000 0.000000 1.000000
0.834257 -0.546506 0.073116 -0.000000 0.548569 0.809319 -0.209939 4.710300 0.055559 0.215252 0.974977 0.000000 0.000000 0.000000 0.000000 1.000000
0.834257 -0.546507 0.073116 0.000000 0.548570 0.809319 -0.209940 4.710300 0.055559 0.215253 0.974977 0.000000 0.000000 0.000000 0.000000 1.000000
0.834257 -0.546506 0.073116 0.000000 0.548569 0.809319 -0.209940 4.710300 0.055559 0.215253 0.974977 -0.000000 0.000000 0.000000 0.000000 1.000000
0.834257 -0.546506 0.073116 0.000000 0.548569 0.809319 -0.209940 4.710300 0.055559 0.215253 0.974977 -0.000000 0.000000 0.000000 0.000000 1.000000
0.834257 -0.546506 0.073116 0.000000 0.548569 0.809319 -0.209939 4.710300 0.055559 0.215253 0.974977 0.000000 0.000000 0.000000 0.000000 1.000000
0.834257 -0.546506 0.073116 0.000000 0.548569 0.809319 -0.209940 4.710300 0.055559 0.215253 0.974977 0.000000 0.000000 0.000000 0.000000 1.000000
0.834257 -0.546506 0.073116 0.000000 0.548569 0.809319 -0.209939 4.710300 0.055559 0.215253 0.974977 0.000000 0.000000 0.000000 0.000000 1.000000
0.834257 -0.546506 0.073116 0.000000 0.548569 0.809319 -0.209939 4.710300 0.055559 0.215253 0.974977 0.000000 0.000000 0.000000 0.000000 1.000000
0.834257 -0.546506 0.073116 0.000000 0.548569 0.809319 -0.209940 4.710300 0.055559 0.215253 0.974977 0.000000 0.000000 0.000000 0.000000 1.000000
0.834257 -0.546507 0.073116 -0.000000 0.548570 0.809319 -0.209939 4.710300 0.055559 0.215253 0.974977 0.000000 0.000000 0.000000 0.000000 1.000000
0.834257 -0.546506 0.073116 -0.000000 0.548569 0.809319 -0.209939 4.710300 0.055559 0.215253 0.974977 -0.000000 0.000000 0.000000 0.000000 1.000000
0.834257 -0.546507 0.073116 0.000000 0.548570 0.809319 -0.209939 4.710300 0.055559 0.215253 0.974977 -0.000000 0.000000 0.000000 0.000000 1.000000
0.834257 -0.546506 0.073116 -0.000000 0.548569 0.809319 -0.209940 4.710300 0.055559 0.215253 0.974977 0.000000 0.000000 0.000000 0.000000 1.000000
0.834257 -0.546507 0.073116 -0.000000 0.548570 0.809319 -0.209940 4.710300 0.055559 0.215253 0.974977 0.000000 0.000000 0.000000 0.000000 1.000000
0.834257 -0.546506 0.073116 -0.000000 0.548569 0.809319 -0.209940 4.710300 0.055559 0.215253 0.974977 0.000000 0.000000 0.000000 0.000000 1.000000
0.834257 -0.546507 0.073116 -0.000000 0.548570 0.809319 -0.209940 4.710300 0.055559 0.215253 0.974977 0.000000 0.000000 0.000000 0.000000 1.000000
0.834257 -0.546506 0.073116 0.000000 0.548569 0.809319 -0.209940 4.710300 0.055559 0.215253 0.974977 0.000000 0.000000 0.000000 0.000000 1.000000
0.834257 -0.546506 0.073116 0.000000 0.548569 0.809319 -0.209940 4.710300 0.055559 0.215253 0.974977 0.000000 0.000000 0.000000 0.000000 1.000000</float_array>
        <technique_common>
          <accessor source="#mixamorig_RightHandThumb3-Matrix-animation-output-transform-array" count="23" stride="16">
            <param type="float4x4"/>
          </accessor>
        </technique_common>
      </source>
      <source id="mixamorig_RightHandThumb3-Interpolations">
        <Name_array id="mixamorig_RightHandThumb3-Interpolations-array" count="23">
 LINEAR LINEAR LINEAR LINEAR LINEAR LINEAR LINEAR LINEAR LINEAR LINEAR LINEAR
LINEAR LINEAR LINEAR LINEAR LINEAR LINEAR LINEAR LINEAR LINEAR LINEAR LINEAR LINEAR</Name_array>
        <technique_common>
          <accessor source="#mixamorig_RightHandThumb3-Interpolations-array" count="23">
            <param type="name"/>
          </accessor>
        </technique_common>
      </source>
      <sampler id="mixamorig_RightHandThumb3-Matrix-animation-transform">
        <input semantic="INPUT" source="#mixamorig_RightHandThumb3-Matrix-animation-input"/>
        <input semantic="OUTPUT" source="#mixamorig_RightHandThumb3-Matrix-animation-output-transform"/>
        <input semantic="INTERPOLATION" source="#mixamorig_RightHandThumb3-Interpolations"/>
      </sampler>
      <channel source="#mixamorig_RightHandThumb3-Matrix-animation-transform" target="mixamorig_RightHandThumb3/matrix"/>
    </animation>
    <animation id="mixamorig_RightHandIndex1-anim" name="mixamorig_RightHandIndex1">
      <source id="mixamorig_RightHandIndex1-Matrix-animation-input">
        <float_array id="mixamorig_RightHandIndex1-Matrix-animation-input-array" count="23">

0.000000 0.033333 0.066667 0.100000 0.133333 0.166667 0.200000 0.233333 0.266667 0.300000 0.333333 0.366667 0.400000 0.433333 0.466667 0.500000
0.533333 0.566667 0.600000 0.633333 0.666667 0.700000 0.733333</float_array>
        <technique_common>
          <accessor source="#mixamorig_RightHandIndex1-Matrix-animation-input-array" count="23">
            <param name="TIME" type="float"/>
          </accessor>
        </technique_common>
      </source>
      <source id="mixamorig_RightHandIndex1-Matrix-animation-output-transform">
        <float_array id="mixamorig_RightHandIndex1-Matrix-animation-output-transform-array" count="368">

0.986236 0.047426 -0.158394 2.855500 -0.133553 0.793266 -0.594048 14.669400 0.097475 0.607026 0.788681 0.399000 0.000000 0.000000 0.000000 1.000000
0.986236 0.047426 -0.158394 2.855500 -0.133553 0.793266 -0.594047 14.669400 0.097476 0.607025 0.788682 0.399000 0.000000 0.000000 0.000000 1.000000
0.986236 0.047426 -0.158394 2.855500 -0.133553 0.793266 -0.594047 14.669400 0.097475 0.607025 0.788682 0.399000 0.000000 0.000000 0.000000 1.000000
0.986236 0.047426 -0.158394 2.855500 -0.133553 0.793266 -0.594047 14.669400 0.097475 0.607025 0.788682 0.399000 0.000000 0.000000 0.000000 1.000000
0.986236 0.047426 -0.158394 2.855500 -0.133553 0.793266 -0.594048 14.669400 0.097475 0.607026 0.788681 0.399000 0.000000 0.000000 0.000000 1.000000
0.986236 0.047426 -0.158394 2.855500 -0.133553 0.793266 -0.594048 14.669400 0.097475 0.607025 0.788682 0.399000 0.000000 0.000000 0.000000 1.000000
0.986236 0.047426 -0.158394 2.855500 -0.133553 0.793266 -0.594047 14.669400 0.097476 0.607025 0.788682 0.399000 0.000000 0.000000 0.000000 1.000000
0.986236 0.047426 -0.158394 2.855500 -0.133553 0.793266 -0.594047 14.669400 0.097475 0.607025 0.788682 0.399000 0.000000 0.000000 0.000000 1.000000
0.986236 0.047426 -0.158394 2.855500 -0.133553 0.793267 -0.594047 14.669400 0.097476 0.607025 0.788682 0.399000 0.000000 0.000000 0.000000 1.000000
0.986236 0.047426 -0.158394 2.855500 -0.133553 0.793266 -0.594047 14.669400 0.097476 0.607025 0.788682 0.399000 0.000000 0.000000 0.000000 1.000000
0.986236 0.047426 -0.158394 2.855500 -0.133553 0.793266 -0.594048 14.669400 0.097475 0.607026 0.788681 0.399000 0.000000 0.000000 0.000000 1.000000
0.986236 0.047426 -0.158394 2.855500 -0.133553 0.793266 -0.594047 14.669400 0.097476 0.607025 0.788682 0.399000 0.000000 0.000000 0.000000 1.000000
0.986236 0.047426 -0.158394 2.855500 -0.133553 0.793266 -0.594048 14.669400 0.097475 0.607025 0.788682 0.399000 0.000000 0.000000 0.000000 1.000000
0.986236 0.047426 -0.158394 2.855500 -0.133553 0.793266 -0.594048 14.669400 0.097475 0.607025 0.788682 0.399000 0.000000 0.000000 0.000000 1.000000
0.986236 0.047426 -0.158394 2.855500 -0.133553 0.793266 -0.594047 14.669400 0.097475 0.607025 0.788682 0.399000 0.000000 0.000000 0.000000 1.000000
0.986236 0.047426 -0.158394 2.855500 -0.133553 0.793266 -0.594047 14.669400 0.097475 0.607025 0.788682 0.399000 0.000000 0.000000 0.000000 1.000000
0.986236 0.047426 -0.158394 2.855500 -0.133553 0.793266 -0.594048 14.669400 0.097475 0.607025 0.788682 0.399000 0.000000 0.000000 0.000000 1.000000
0.986236 0.047425 -0.158393 2.855500 -0.133552 0.793266 -0.594048 14.669400 0.097475 0.607026 0.788682 0.399000 0.000000 0.000000 0.000000 1.000000
0.986236 0.047426 -0.158394 2.855500 -0.133553 0.793266 -0.594048 14.669400 0.097475 0.607025 0.788682 0.399000 0.000000 0.000000 0.000000 1.000000
0.986236 0.047426 -0.158394 2.855500 -0.133553 0.793266 -0.594048 14.669400 0.097476 0.607025 0.788682 0.399000 0.000000 0.000000 0.000000 1.000000
0.986236 0.047426 -0.158394 2.855500 -0.133553 0.793266 -0.594048 14.669400 0.097475 0.607025 0.788682 0.399000 0.000000 0.000000 0.000000 1.000000
0.986236 0.047425 -0.158394 2.855500 -0.133553 0.793266 -0.594047 14.669400 0.097476 0.607025 0.788682 0.399000 0.000000 0.000000 0.000000 1.000000
0.986236 0.047426 -0.158394 2.855500 -0.133553 0.793266 -0.594047 14.669400 0.097475 0.607025 0.788682 0.399000 0.000000 0.000000 0.000000 1.000000</float_array>
        <technique_common>
          <accessor source="#mixamorig_RightHandIndex1-Matrix-animation-output-transform-array" count="23" stride="16">
            <param type="float4x4"/>
          </accessor>
        </technique_common>
      </source>
      <source id="mixamorig_RightHandIndex1-Interpolations">
        <Name_array id="mixamorig_RightHandIndex1-Interpolations-array" count="23">
 LINEAR LINEAR LINEAR LINEAR LINEAR LINEAR LINEAR LINEAR LINEAR LINEAR LINEAR
LINEAR LINEAR LINEAR LINEAR LINEAR LINEAR LINEAR LINEAR LINEAR LINEAR LINEAR LINEAR</Name_array>
        <technique_common>
          <accessor source="#mixamorig_RightHandIndex1-Interpolations-array" count="23">
            <param type="name"/>
          </accessor>
        </technique_common>
      </source>
      <sampler id="mixamorig_RightHandIndex1-Matrix-animation-transform">
        <input semantic="INPUT" source="#mixamorig_RightHandIndex1-Matrix-animation-input"/>
        <input semantic="OUTPUT" source="#mixamorig_RightHandIndex1-Matrix-animation-output-transform"/>
        <input semantic="INTERPOLATION" source="#mixamorig_RightHandIndex1-Interpolations"/>
      </sampler>
      <channel source="#mixamorig_RightHandIndex1-Matrix-animation-transform" target="mixamorig_RightHandIndex1/matrix"/>
    </animation>
    <animation id="mixamorig_RightHandIndex2-anim" name="mixamorig_RightHandIndex2">
      <source id="mixamorig_RightHandIndex2-Matrix-animation-input">
        <float_array id="mixamorig_RightHandIndex2-Matrix-animation-input-array" count="23">

0.000000 0.033333 0.066667 0.100000 0.133333 0.166667 0.200000 0.233333 0.266667 0.300000 0.333333 0.366667 0.400000 0.433333 0.466667 0.500000
0.533333 0.566667 0.600000 0.633333 0.666667 0.700000 0.733333</float_array>
        <technique_common>
          <accessor source="#mixamorig_RightHandIndex2-Matrix-animation-input-array" count="23">
            <param name="TIME" type="float"/>
          </accessor>
        </technique_common>
      </source>
      <source id="mixamorig_RightHandIndex2-Matrix-animation-output-transform">
        <float_array id="mixamorig_RightHandIndex2-Matrix-animation-output-transform-array" count="368">

0.997469 0.009348 -0.070489 0.000000 -0.069137 0.359192 -0.930699 3.248600 0.016619 0.933217 0.358929 0.000000 0.000000 0.000000 0.000000 1.000000
0.997469 0.009348 -0.070489 0.000000 -0.069137 0.359191 -0.930700 3.248600 0.016619 0.933217 0.358928 0.000000 0.000000 0.000000 0.000000 1.000000
0.997469 0.009348 -0.070489 -0.000000 -0.069137 0.359191 -0.930700 3.248600 0.016619 0.933217 0.358928 0.000000 0.000000 0.000000 0.000000 1.000000
0.997469 0.009348 -0.070489 -0.000000 -0.069137 0.359191 -0.930700 3.248600 0.016619 0.933217 0.358928 0.000000 0.000000 0.000000 0.000000 1.000000
0.997469 0.009348 -0.070489 -0.000000 -0.069137 0.359191 -0.930700 3.248600 0.016619 0.933217 0.358928 0.000000 0.000000 0.000000 0.000000 1.000000
0.997469 0.009349 -0.070489 0.000000 -0.069137 0.359191 -0.930700 3.248600 0.016618 0.933217 0.358928 0.000000 0.000000 0.000000 0.000000 1.000000
0.997469 0.009348 -0.070489 -0.000000 -0.069137 0.359191 -0.930700 3.248600 0.016618 0.933217 0.358928 0.000000 0.000000 0.000000 0.000000 1.000000
0.997469 0.009348 -0.070490 0.000000 -0.069137 0.359191 -0.930700 3.248600 0.016619 0.933217 0.358928 0.000000 0.000000 0.000000 0.000000 1.000000
0.997469 0.009348 -0.070489 0.000000 -0.069137 0.359191 -0.930700 3.248600 0.016619 0.933217 0.358928 0.000000 0.000000 0.000000 0.000000 1.000000
0.997469 0.009348 -0.070489 -0.000000 -0.069137 0.359191 -0.930700 3.248600 0.016619 0.933217 0.358928 -0.000000 0.000000 0.000000 0.000000 1.000000
0.997469 0.009348 -0.070489 0.000000 -0.069137 0.359191 -0.930700 3.248600 0.016618 0.933217 0.358928 0.000000 0.000000 0.000000 0.000000 1.000000
0.997469 0.009348 -0.070489 0.000000 -0.069137 0.359191 -0.930700 3.248600 0.016619 0.933217 0.358928 0.000000 0.000000 0.000000 0.000000 1.000000
0.997469 0.009348 -0.070489 0.000000 -0.069137 0.359191 -0.930700 3.248600 0.016619 0.933217 0.358928 0.000000 0.000000 0.000000 0.000000 1.000000
0.997469 0.009348 -0.070489 -0.000000 -0.069137 0.359191 -0.930700 3.248600 0.016619 0.933217 0.358928 0.000000 0.000000 0.000000 0.000000 1.000000
0.997469 0.009348 -0.070489 0.000000 -0.069137 0.359191 -0.930700 3.248600 0.016618 0.933217 0.358928 0.000000 0.000000 0.000000 0.000000 1.000000
0.997469 0.009348 -0.070489 0.000000 -0.069137 0.359191 -0.930700 3.248600 0.016619 0.933217 0.358928 0.000000 0.000000 0.000000 0.000000 1.000000
0.997469 0.009348 -0.070489 0.000000 -0.069137 0.359191 -0.930700 3.248600 0.016619 0.933217 0.358928 0.000000 0.000000 0.000000 0.000000 1.000000
0.997469 0.009348 -0.070489 0.000000 -0.069137 0.359191 -0.930700 3.248600 0.016619 0.933217 0.358928 0.000000 0.000000 0.000000 0.000000 1.000000
0.997469 0.009348 -0.070490 0.000000 -0.069137 0.359190 -0.930700 3.248600 0.016619 0.933217 0.358928 0.000000 0.000000 0.000000 0.000000 1.000000
0.997469 0.009348 -0.070489 0.000000 -0.069137 0.359191 -0.930700 3.248600 0.016619 0.933217 0.358928 0.000000 0.000000 0.000000 0.000000 1.000000
0.997469 0.009348 -0.070489 0.000000 -0.069137 0.359191 -0.930700 3.248600 0.016619 0.933217 0.358929 0.000000 0.000000 0.000000 0.000000 1.000000
0.997469 0.009348 -0.070489 0.000000 -0.069137 0.359191 -0.930699 3.248600 0.016619 0.933217 0.358929 0.000000 0.000000 0.000000 0.000000 1.000000
0.997469 0.009348 -0.070489 0.000000 -0.069137 0.359191 -0.930700 3.248600 0.016618 0.933217 0.358928 0.000000 0.000000 0.000000 0.000000 1.000000</float_array>
        <technique_common>
          <accessor source="#mixamorig_RightHandIndex2-Matrix-animation-output-transform-array" count="23" stride="16">
            <param type="float4x4"/>
          </accessor>
        </technique_common>
      </source>
      <source id="mixamorig_RightHandIndex2-Interpolations">
        <Name_array id="mixamorig_RightHandIndex2-Interpolations-array" count="23">
 LINEAR LINEAR LINEAR LINEAR LINEAR LINEAR LINEAR LINEAR LINEAR LINEAR LINEAR
LINEAR LINEAR LINEAR LINEAR LINEAR LINEAR LINEAR LINEAR LINEAR LINEAR LINEAR LINEAR</Name_array>
        <technique_common>
          <accessor source="#mixamorig_RightHandIndex2-Interpolations-array" count="23">
            <param type="name"/>
          </accessor>
        </technique_common>
      </source>
      <sampler id="mixamorig_RightHandIndex2-Matrix-animation-transform">
        <input semantic="INPUT" source="#mixamorig_RightHandIndex2-Matrix-animation-input"/>
        <input semantic="OUTPUT" source="#mixamorig_RightHandIndex2-Matrix-animation-output-transform"/>
        <input semantic="INTERPOLATION" source="#mixamorig_RightHandIndex2-Interpolations"/>
      </sampler>
      <channel source="#mixamorig_RightHandIndex2-Matrix-animation-transform" target="mixamorig_RightHandIndex2/matrix"/>
    </animation>
    <animation id="mixamorig_RightHandIndex3-anim" name="mixamorig_RightHandIndex3">
      <source id="mixamorig_RightHandIndex3-Matrix-animation-input">
        <float_array id="mixamorig_RightHandIndex3-Matrix-animation-input-array" count="23">

0.000000 0.033333 0.066667 0.100000 0.133333 0.166667 0.200000 0.233333 0.266667 0.300000 0.333333 0.366667 0.400000 0.433333 0.466667 0.500000
0.533333 0.566667 0.600000 0.633333 0.666667 0.700000 0.733333</float_array>
        <technique_common>
          <accessor source="#mixamorig_RightHandIndex3-Matrix-animation-input-array" count="23">
            <param name="TIME" type="float"/>
          </accessor>
        </technique_common>
      </source>
      <source id="mixamorig_RightHandIndex3-Matrix-animation-output-transform">
        <float_array id="mixamorig_RightHandIndex3-Matrix-animation-output-transform-array" count="368">

0.998454 0.019227 -0.052153 0.000000 -0.055101 0.465791 -0.883178 2.659600 0.007312 0.884686 0.466130 -0.000000 0.000000 0.000000 0.000000 1.000000
0.998454 0.019226 -0.052153 -0.000000 -0.055101 0.465791 -0.883178 2.659600 0.007312 0.884686 0.466130 0.000000 0.000000 0.000000 0.000000 1.000000
0.998454 0.019226 -0.052154 -0.000000 -0.055101 0.465791 -0.883178 2.659600 0.007312 0.884686 0.466130 0.000000 0.000000 0.000000 0.000000 1.000000
0.998454 0.019226 -0.052153 0.000000 -0.055101 0.465791 -0.883178 2.659600 0.007312 0.884686 0.466130 0.000000 0.000000 0.000000 0.000000 1.000000
0.998454 0.019227 -0.052153 0.000000 -0.055101 0.465791 -0.883177 2.659600 0.007312 0.884686 0.466131 0.000000 0.000000 0.000000 0.000000 1.000000
0.998454 0.019226 -0.052153 0.000000 -0.055101 0.465791 -0.883178 2.659600 0.007313 0.884686 0.466130 0.000000 0.000000 0.000000 0.000000 1.000000
0.998454 0.019226 -0.052154 0.000000 -0.055101 0.465791 -0.883178 2.659600 0.007313 0.884686 0.466130 -0.000000 0.000000 0.000000 0.000000 1.000000
0.998454 0.019227 -0.052153 0.000000 -0.055101 0.465792 -0.883177 2.659600 0.007312 0.884686 0.466131 -0.000000 0.000000 0.000000 0.000000 1.000000
0.998454 0.019226 -0.052154 0.000000 -0.055102 0.465791 -0.883177 2.659600 0.007313 0.884686 0.466131 0.000000 0.000000 0.000000 0.000000 1.000000
0.998454 0.019226 -0.052153 -0.000000 -0.055101 0.465791 -0.883178 2.659600 0.007313 0.884686 0.466130 0.000000 0.000000 0.000000 0.000000 1.000000
0.998454 0.019227 -0.052153 -0.000000 -0.055101 0.465791 -0.883178 2.659600 0.007312 0.884686 0.466130 0.000000 0.000000 0.000000 0.000000 1.000000
0.998454 0.019226 -0.052153 -0.000000 -0.055101 0.465791 -0.883178 2.659600 0.007312 0.884686 0.466130 0.000000 0.000000 0.000000 0.000000 1.000000
0.998454 0.019226 -0.052153 0.000000 -0.055101 0.465791 -0.883177 2.659600 0.007312 0.884686 0.466131 -0.000000 0.000000 0.000000 0.000000 1.000000
0.998454 0.019226 -0.052153 0.000000 -0.055101 0.465791 -0.883178 2.659600 0.007313 0.884686 0.466130 0.000000 0.000000 0.000000 0.000000 1.000000
0.998454 0.019226 -0.052153 0.000000 -0.055101 0.465791 -0.883178 2.659600 0.007312 0.884686 0.466130 -0.000000 0.000000 0.000000 0.000000 1.000000
0.998454 0.019226 -0.052153 0.000000 -0.055101 0.465791 -0.883177 2.659600 0.007312 0.884686 0.466130 0.000000 0.000000 0.000000 0.000000 1.000000
0.998454 0.019226 -0.052153 0.000000 -0.055101 0.465791 -0.883178 2.659600 0.007312 0.884686 0.466130 0.000000 0.000000 0.000000 0.000000 1.000000
0.998454 0.019226 -0.052154 0.000000 -0.055101 0.465791 -0.883177 2.659600 0.007313 0.884686 0.466130 0.000000 0.000000 0.000000 0.000000 1.000000
0.998454 0.019226 -0.052153 0.000000 -0.055101 0.465791 -0.883177 2.659600 0.007312 0.884686 0.466130 0.000000 0.000000 0.000000 0.000000 1.000000
0.998454 0.019226 -0.052154 0.000000 -0.055102 0.465791 -0.883178 2.659600 0.007312 0.884686 0.466130 0.000000 0.000000 0.000000 0.000000 1.000000
0.998454 0.019226 -0.052153 0.000000 -0.055101 0.465791 -0.883178 2.659600 0.007312 0.884686 0.466130 0.000000 0.000000 0.000000 0.000000 1.000000
0.998454 0.019226 -0.052153 0.000000 -0.055101 0.465791 -0.883177 2.659600 0.007313 0.884686 0.466131 0.000000 0.000000 0.000000 0.000000 1.000000
0.998454 0.019226 -0.052153 0.000000 -0.055101 0.465791 -0.883178 2.659600 0.007312 0.884686 0.466130 0.000000 0.000000 0.000000 0.000000 1.000000</float_array>
        <technique_common>
          <accessor source="#mixamorig_RightHandIndex3-Matrix-animation-output-transform-array" count="23" stride="16">
            <param type="float4x4"/>
          </accessor>
        </technique_common>
      </source>
      <source id="mixamorig_RightHandIndex3-Interpolations">
        <Name_array id="mixamorig_RightHandIndex3-Interpolations-array" count="23">
 LINEAR LINEAR LINEAR LINEAR LINEAR LINEAR LINEAR LINEAR LINEAR LINEAR LINEAR
LINEAR LINEAR LINEAR LINEAR LINEAR LINEAR LINEAR LINEAR LINEAR LINEAR LINEAR LINEAR</Name_array>
        <technique_common>
          <accessor source="#mixamorig_RightHandIndex3-Interpolations-array" count="23">
            <param type="name"/>
          </accessor>
        </technique_common>
      </source>
      <sampler id="mixamorig_RightHandIndex3-Matrix-animation-transform">
        <input semantic="INPUT" source="#mixamorig_RightHandIndex3-Matrix-animation-input"/>
        <input semantic="OUTPUT" source="#mixamorig_RightHandIndex3-Matrix-animation-output-transform"/>
        <input semantic="INTERPOLATION" source="#mixamorig_RightHandIndex3-Interpolations"/>
      </sampler>
      <channel source="#mixamorig_RightHandIndex3-Matrix-animation-transform" target="mixamorig_RightHandIndex3/matrix"/>
    </animation>
    <animation id="mixamorig_RightHandMiddle1-anim" name="mixamorig_RightHandMiddle1">
      <source id="mixamorig_RightHandMiddle1-Matrix-animation-input">
        <float_array id="mixamorig_RightHandMiddle1-Matrix-animation-input-array" count="23">

0.000000 0.033333 0.066667 0.100000 0.133333 0.166667 0.200000 0.233333 0.266667 0.300000 0.333333 0.366667 0.400000 0.433333 0.466667 0.500000
0.533333 0.566667 0.600000 0.633333 0.666667 0.700000 0.733333</float_array>
        <technique_common>
          <accessor source="#mixamorig_RightHandMiddle1-Matrix-animation-input-array" count="23">
            <param name="TIME" type="float"/>
          </accessor>
        </technique_common>
      </source>
      <source id="mixamorig_RightHandMiddle1-Matrix-animation-output-transform">
        <float_array id="mixamorig_RightHandMiddle1-Matrix-animation-output-transform-array" count="368">

0.999391 0.026673 -0.022485 0.000000 -0.034761 0.706713 -0.706646 14.409800 -0.002958 0.706998 0.707210 -0.000000 0.000000 0.000000 0.000000 1.000000
0.999391 0.026674 -0.022486 -0.000000 -0.034761 0.706713 -0.706646 14.409800 -0.002958 0.706998 0.707210 0.000000 0.000000 0.000000 0.000000 1.000000
0.999391 0.026674 -0.022485 0.000000 -0.034761 0.706712 -0.706646 14.409800 -0.002958 0.706998 0.707209 0.000000 0.000000 0.000000 0.000000 1.000000
0.999391 0.026674 -0.022485 0.000000 -0.034760 0.706713 -0.706646 14.409800 -0.002959 0.706997 0.707210 0.000000 0.000000 0.000000 0.000000 1.000000
0.999391 0.026673 -0.022484 -0.000000 -0.034760 0.706713 -0.706646 14.409800 -0.002958 0.706998 0.707210 0.000000 0.000000 0.000000 0.000000 1.000000
0.999391 0.026673 -0.022485 0.000000 -0.034760 0.706713 -0.706646 14.409800 -0.002958 0.706998 0.707210 0.000000 0.000000 0.000000 0.000000 1.000000
0.999391 0.026673 -0.022485 0.000000 -0.034760 0.706713 -0.706646 14.409800 -0.002959 0.706998 0.707210 0.000000 0.000000 0.000000 0.000000 1.000000
0.999391 0.026674 -0.022484 -0.000000 -0.034761 0.706713 -0.706646 14.409800 -0.002959 0.706998 0.707210 0.000000 0.000000 0.000000 0.000000 1.000000
0.999391 0.026673 -0.022485 -0.000000 -0.034760 0.706713 -0.706646 14.409800 -0.002958 0.706997 0.707210 0.000000 0.000000 0.000000 0.000000 1.000000
0.999391 0.026673 -0.022485 0.000000 -0.034760 0.706713 -0.706646 14.409800 -0.002958 0.706998 0.707210 0.000000 0.000000 0.000000 0.000000 1.000000
0.999391 0.026673 -0.022485 0.000000 -0.034760 0.706712 -0.706647 14.409800 -0.002958 0.706998 0.707209 0.000000 0.000000 0.000000 0.000000 1.000000
0.999391 0.026673 -0.022485 0.000000 -0.034760 0.706712 -0.706647 14.409800 -0.002958 0.706998 0.707209 0.000000 0.000000 0.000000 0.000000 1.000000
0.999391 0.026673 -0.022485 0.000000 -0.034760 0.706713 -0.706646 14.409800 -0.002958 0.706998 0.707210 0.000000 0.000000 0.000000 0.000000 1.000000
0.999391 0.026674 -0.022485 0.000000 -0.034761 0.706712 -0.706647 14.409800 -0.002958 0.706998 0.707209 0.000000 0.000000 0.000000 0.000000 1.000000
0.999391 0.026673 -0.022485 0.000000 -0.034761 0.706713 -0.706646 14.409800 -0.002958 0.706998 0.707210 0.000000 0.000000 0.000000 0.000000 1.000000
0.999391 0.026673 -0.022485 0.000000 -0.034760 0.706713 -0.706646 14.409800 -0.002958 0.706997 0.707210 0.000000 0.000000 0.000000 0.000000 1.000000
0.999391 0.026673 -0.022485 0.000000 -0.034760 0.706712 -0.706647 14.409800 -0.002958 0.706998 0.707209 0.000000 0.000000 0.000000 0.000000 1.000000
0.999391 0.026673 -0.022484 0.000000 -0.034760 0.706712 -0.706646 14.409800 -0.002959 0.706998 0.707209 -0.000000 0.000000 0.000000 0.000000 1.000000
0.999391 0.026674 -0.022485 0.000000 -0.034761 0.706712 -0.706647 14.409800 -0.002958 0.706998 0.707209 0.000000 0.000000 0.000000 0.000000 1.000000
0.999391 0.026673 -0.022486 0.000000 -0.034761 0.706713 -0.706646 14.409800 -0.002958 0.706998 0.707210 0.000000 0.000000 0.000000 0.000000 1.000000
0.999391 0.026674 -0.022485 0.000000 -0.034761 0.706712 -0.706646 14.409800 -0.002959 0.706998 0.707209 0.000000 0.000000 0.000000 0.000000 1.000000
0.999391 0.026673 -0.022485 0.000000 -0.034760 0.706713 -0.706646 14.409800 -0.002958 0.706998 0.707210 0.000000 0.000000 0.000000 0.000000 1.000000
0.999391 0.026673 -0.022485 -0.000000 -0.034760 0.706713 -0.706646 14.409800 -0.002958 0.706998 0.707210 -0.000000 0.000000 0.000000 0.000000 1.000000</float_array>
        <technique_common>
          <accessor source="#mixamorig_RightHandMiddle1-Matrix-animation-output-transform-array" count="23" stride="16">
            <param type="float4x4"/>
          </accessor>
        </technique_common>
      </source>
      <source id="mixamorig_RightHandMiddle1-Interpolations">
        <Name_array id="mixamorig_RightHandMiddle1-Interpolations-array" count="23">
 LINEAR LINEAR LINEAR LINEAR LINEAR LINEAR LINEAR LINEAR LINEAR LINEAR LINEAR
LINEAR LINEAR LINEAR LINEAR LINEAR LINEAR LINEAR LINEAR LINEAR LINEAR LINEAR LINEAR</Name_array>
        <technique_common>
          <accessor source="#mixamorig_RightHandMiddle1-Interpolations-array" count="23">
            <param type="name"/>
          </accessor>
        </technique_common>
      </source>
      <sampler id="mixamorig_RightHandMiddle1-Matrix-animation-transform">
        <input semantic="INPUT" source="#mixamorig_RightHandMiddle1-Matrix-animation-input"/>
        <input semantic="OUTPUT" source="#mixamorig_RightHandMiddle1-Matrix-animation-output-transform"/>
        <input semantic="INTERPOLATION" source="#mixamorig_RightHandMiddle1-Interpolations"/>
      </sampler>
      <channel source="#mixamorig_RightHandMiddle1-Matrix-animation-transform" target="mixamorig_RightHandMiddle1/matrix"/>
    </animation>
    <animation id="mixamorig_RightHandMiddle2-anim" name="mixamorig_RightHandMiddle2">
      <source id="mixamorig_RightHandMiddle2-Matrix-animation-input">
        <float_array id="mixamorig_RightHandMiddle2-Matrix-animation-input-array" count="23">

0.000000 0.033333 0.066667 0.100000 0.133333 0.166667 0.200000 0.233333 0.266667 0.300000 0.333333 0.366667 0.400000 0.433333 0.466667 0.500000
0.533333 0.566667 0.600000 0.633333 0.666667 0.700000 0.733333</float_array>
        <technique_common>
          <accessor source="#mixamorig_RightHandMiddle2-Matrix-animation-input-array" count="23">
            <param name="TIME" type="float"/>
          </accessor>
        </technique_common>
      </source>
      <source id="mixamorig_RightHandMiddle2-Matrix-animation-output-transform">
        <float_array id="mixamorig_RightHandMiddle2-Matrix-animation-output-transform-array" count="368">

0.998054 0.041962 -0.046116 -0.000000 -0.058334 0.367264 -0.928286 3.259100 -0.022016 0.929170 0.368997 0.000000 0.000000 0.000000 0.000000 1.000000
0.998054 0.041961 -0.046117 0.000000 -0.058334 0.367264 -0.928286 3.259100 -0.022015 0.929170 0.368998 0.000000 0.000000 0.000000 0.000000 1.000000
0.998054 0.041962 -0.046116 0.000000 -0.058334 0.367265 -0.928285 3.259100 -0.022016 0.929169 0.368998 0.000000 0.000000 0.000000 0.000000 1.000000
0.998054 0.041962 -0.046117 0.000000 -0.058335 0.367264 -0.928286 3.259100 -0.022015 0.929170 0.368997 0.000000 0.000000 0.000000 0.000000 1.000000
0.998054 0.041961 -0.046117 0.000000 -0.058334 0.367265 -0.928285 3.259100 -0.022015 0.929170 0.368998 0.000000 0.000000 0.000000 0.000000 1.000000
0.998054 0.041962 -0.046117 0.000000 -0.058334 0.367264 -0.928286 3.259100 -0.022015 0.929170 0.368997 0.000000 0.000000 0.000000 0.000000 1.000000
0.998054 0.041961 -0.046117 -0.000000 -0.058334 0.367264 -0.928286 3.259100 -0.022015 0.929170 0.368998 0.000000 0.000000 0.000000 0.000000 1.000000
0.998054 0.041961 -0.046117 0.000000 -0.058334 0.367264 -0.928286 3.259100 -0.022015 0.929170 0.368997 0.000000 0.000000 0.000000 0.000000 1.000000
0.998054 0.041962 -0.046117 -0.000000 -0.058334 0.367264 -0.928286 3.259100 -0.022016 0.929170 0.368997 0.000000 0.000000 0.000000 0.000000 1.000000
0.998054 0.041961 -0.046117 0.000000 -0.058334 0.367265 -0.928285 3.259100 -0.022015 0.929169 0.368998 -0.000000 0.000000 0.000000 0.000000 1.000000
0.998054 0.041962 -0.046117 0.000000 -0.058334 0.367264 -0.928286 3.259100 -0.022015 0.929170 0.368997 -0.000000 0.000000 0.000000 0.000000 1.000000
0.998054 0.041962 -0.046117 -0.000000 -0.058334 0.367264 -0.928286 3.259100 -0.022016 0.929170 0.368997 -0.000000 0.000000 0.000000 0.000000 1.000000
0.998054 0.041962 -0.046117 0.000000 -0.058334 0.367264 -0.928286 3.259100 -0.022016 0.929170 0.368997 0.000000 0.000000 0.000000 0.000000 1.000000
0.998054 0.041962 -0.046116 0.000000 -0.058334 0.367264 -0.928286 3.259100 -0.022016 0.929170 0.368997 -0.000000 0.000000 0.000000 0.000000 1.000000
0.998054 0.041962 -0.046117 -0.000000 -0.058334 0.367264 -0.928286 3.259100 -0.022016 0.929170 0.368997 0.000000 0.000000 0.000000 0.000000 1.000000
0.998054 0.041961 -0.046117 0.000000 -0.058334 0.367264 -0.928286 3.259100 -0.022015 0.929170 0.368997 0.000000 0.000000 0.000000 0.000000 1.000000
0.998054 0.041962 -0.046117 0.000000 -0.058334 0.367265 -0.928285 3.259100 -0.022016 0.929169 0.368998 0.000000 0.000000 0.000000 0.000000 1.000000
0.998054 0.041962 -0.046117 0.000000 -0.058334 0.367265 -0.928285 3.259100 -0.022015 0.929170 0.368998 -0.000000 0.000000 0.000000 0.000000 1.000000
0.998054 0.041962 -0.046117 0.000000 -0.058334 0.367265 -0.928285 3.259100 -0.022016 0.929169 0.368998 -0.000000 0.000000 0.000000 0.000000 1.000000
0.998054 0.041962 -0.046117 -0.000000 -0.058334 0.367264 -0.928286 3.259100 -0.022016 0.929170 0.368997 0.000000 0.000000 0.000000 0.000000 1.000000
0.998054 0.041962 -0.046117 -0.000000 -0.058334 0.367264 -0.928286 3.259100 -0.022016 0.929170 0.368998 0.000000 0.000000 0.000000 0.000000 1.000000
0.998054 0.041961 -0.046117 -0.000000 -0.058334 0.367265 -0.928285 3.259100 -0.022015 0.929169 0.368998 0.000000 0.000000 0.000000 0.000000 1.000000
0.998054 0.041962 -0.046116 0.000000 -0.058334 0.367265 -0.928285 3.259100 -0.022015 0.929169 0.368998 -0.000000 0.000000 0.000000 0.000000 1.000000</float_array>
        <technique_common>
          <accessor source="#mixamorig_RightHandMiddle2-Matrix-animation-output-transform-array" count="23" stride="16">
            <param type="float4x4"/>
          </accessor>
        </technique_common>
      </source>
      <source id="mixamorig_RightHandMiddle2-Interpolations">
        <Name_array id="mixamorig_RightHandMiddle2-Interpolations-array" count="23">
 LINEAR LINEAR LINEAR LINEAR LINEAR LINEAR LINEAR LINEAR LINEAR LINEAR LINEAR
LINEAR LINEAR LINEAR LINEAR LINEAR LINEAR LINEAR LINEAR LINEAR LINEAR LINEAR LINEAR</Name_array>
        <technique_common>
          <accessor source="#mixamorig_RightHandMiddle2-Interpolations-array" count="23">
            <param type="name"/>
          </accessor>
        </technique_common>
      </source>
      <sampler id="mixamorig_RightHandMiddle2-Matrix-animation-transform">
        <input semantic="INPUT" source="#mixamorig_RightHandMiddle2-Matrix-animation-input"/>
        <input semantic="OUTPUT" source="#mixamorig_RightHandMiddle2-Matrix-animation-output-transform"/>
        <input semantic="INTERPOLATION" source="#mixamorig_RightHandMiddle2-Interpolations"/>
      </sampler>
      <channel source="#mixamorig_RightHandMiddle2-Matrix-animation-transform" target="mixamorig_RightHandMiddle2/matrix"/>
    </animation>
    <animation id="mixamorig_RightHandMiddle3-anim" name="mixamorig_RightHandMiddle3">
      <source id="mixamorig_RightHandMiddle3-Matrix-animation-input">
        <float_array id="mixamorig_RightHandMiddle3-Matrix-animation-input-array" count="23">

0.000000 0.033333 0.066667 0.100000 0.133333 0.166667 0.200000 0.233333 0.266667 0.300000 0.333333 0.366667 0.400000 0.433333 0.466667 0.500000
0.533333 0.566667 0.600000 0.633333 0.666667 0.700000 0.733333</float_array>
        <technique_common>
          <accessor source="#mixamorig_RightHandMiddle3-Matrix-animation-input-array" count="23">
            <param name="TIME" type="float"/>
          </accessor>
        </technique_common>
      </source>
      <source id="mixamorig_RightHandMiddle3-Matrix-animation-output-transform">
        <float_array id="mixamorig_RightHandMiddle3-Matrix-animation-output-transform-array" count="368">

0.999299 0.036306 -0.009133 0.000000 -0.033367 0.753100 -0.657059 2.639800 -0.016977 0.656903 0.753784 0.000000 0.000000 0.000000 0.000000 1.000000
0.999299 0.036307 -0.009133 0.000000 -0.033367 0.753100 -0.657059 2.639800 -0.016977 0.656903 0.753784 -0.000000 0.000000 0.000000 0.000000 1.000000
0.999299 0.036306 -0.009133 0.000000 -0.033367 0.753100 -0.657059 2.639800 -0.016977 0.656904 0.753783 0.000000 0.000000 0.000000 0.000000 1.000000
0.999299 0.036306 -0.009133 0.000000 -0.033367 0.753100 -0.657059 2.639800 -0.016977 0.656903 0.753784 0.000000 0.000000 0.000000 0.000000 1.000000
0.999299 0.036307 -0.009134 0.000000 -0.033367 0.753100 -0.657060 2.639800 -0.016977 0.656904 0.753783 -0.000000 0.000000 0.000000 0.000000 1.000000
0.999299 0.036307 -0.009133 0.000000 -0.033367 0.753100 -0.657059 2.639800 -0.016977 0.656903 0.753784 0.000000 0.000000 0.000000 0.000000 1.000000
0.999299 0.036307 -0.009134 0.000000 -0.033367 0.753100 -0.657059 2.639800 -0.016977 0.656903 0.753784 0.000000 0.000000 0.000000 0.000000 1.000000
0.999299 0.036307 -0.009133 0.000000 -0.033367 0.753100 -0.657059 2.639800 -0.016977 0.656903 0.753784 0.000000 0.000000 0.000000 0.000000 1.000000
0.999299 0.036307 -0.009133 0.000000 -0.033367 0.753100 -0.657059 2.639800 -0.016978 0.656904 0.753783 0.000000 0.000000 0.000000 0.000000 1.000000
0.999299 0.036307 -0.009134 0.000000 -0.033367 0.753100 -0.657059 2.639800 -0.016977 0.656903 0.753784 0.000000 0.000000 0.000000 0.000000 1.000000
0.999299 0.036306 -0.009133 -0.000000 -0.033367 0.753100 -0.657059 2.639800 -0.016977 0.656903 0.753784 0.000000 0.000000 0.000000 0.000000 1.000000
0.999299 0.036307 -0.009133 0.000000 -0.033367 0.753100 -0.657059 2.639800 -0.016977 0.656903 0.753784 0.000000 0.000000 0.000000 0.000000 1.000000
0.999299 0.036307 -0.009133 0.000000 -0.033367 0.753101 -0.657059 2.639800 -0.016978 0.656903 0.753784 0.000000 0.000000 0.000000 0.000000 1.000000
0.999299 0.036306 -0.009134 0.000000 -0.033367 0.753100 -0.657059 2.639800 -0.016977 0.656903 0.753784 0.000000 0.000000 0.000000 0.000000 1.000000
0.999299 0.036307 -0.009133 -0.000000 -0.033367 0.753100 -0.657059 2.639800 -0.016977 0.656903 0.753784 0.000000 0.000000 0.000000 0.000000 1.000000
0.999299 0.036307 -0.009133 0.000000 -0.033367 0.753100 -0.657059 2.639800 -0.016978 0.656903 0.753784 -0.000000 0.000000 0.000000 0.000000 1.000000
0.999299 0.036306 -0.009133 -0.000000 -0.033366 0.753100 -0.657059 2.639800 -0.016977 0.656903 0.753784 0.000000 0.000000 0.000000 0.000000 1.000000
0.999299 0.036306 -0.009133 -0.000000 -0.033367 0.753100 -0.657059 2.639800 -0.016977 0.656903 0.753784 0.000000 0.000000 0.000000 0.000000 1.000000
0.999299 0.036306 -0.009133 0.000000 -0.033367 0.753100 -0.657059 2.639800 -0.016977 0.656903 0.753784 0.000000 0.000000 0.000000 0.000000 1.000000
0.999299 0.036307 -0.009133 0.000000 -0.033367 0.753100 -0.657059 2.639800 -0.016977 0.656903 0.753784 0.000000 0.000000 0.000000 0.000000 1.000000
0.999299 0.036307 -0.009133 0.000000 -0.033367 0.753100 -0.657059 2.639800 -0.016977 0.656903 0.753784 0.000000 0.000000 0.000000 0.000000 1.000000
0.999299 0.036306 -0.009133 0.000000 -0.033367 0.753100 -0.657059 2.639800 -0.016977 0.656903 0.753784 -0.000000 0.000000 0.000000 0.000000 1.000000
0.999299 0.036306 -0.009134 0.000000 -0.033367 0.753100 -0.657059 2.639800 -0.016977 0.656903 0.753784 0.000000 0.000000 0.000000 0.000000 1.000000</float_array>
        <technique_common>
          <accessor source="#mixamorig_RightHandMiddle3-Matrix-animation-output-transform-array" count="23" stride="16">
            <param type="float4x4"/>
          </accessor>
        </technique_common>
      </source>
      <source id="mixamorig_RightHandMiddle3-Interpolations">
        <Name_array id="mixamorig_RightHandMiddle3-Interpolations-array" count="23">
 LINEAR LINEAR LINEAR LINEAR LINEAR LINEAR LINEAR LINEAR LINEAR LINEAR LINEAR
LINEAR LINEAR LINEAR LINEAR LINEAR LINEAR LINEAR LINEAR LINEAR LINEAR LINEAR LINEAR</Name_array>
        <technique_common>
          <accessor source="#mixamorig_RightHandMiddle3-Interpolations-array" count="23">
            <param type="name"/>
          </accessor>
        </technique_common>
      </source>
      <sampler id="mixamorig_RightHandMiddle3-Matrix-animation-transform">
        <input semantic="INPUT" source="#mixamorig_RightHandMiddle3-Matrix-animation-input"/>
        <input semantic="OUTPUT" source="#mixamorig_RightHandMiddle3-Matrix-animation-output-transform"/>
        <input semantic="INTERPOLATION" source="#mixamorig_RightHandMiddle3-Interpolations"/>
      </sampler>
      <channel source="#mixamorig_RightHandMiddle3-Matrix-animation-transform" target="mixamorig_RightHandMiddle3/matrix"/>
    </animation>
    <animation id="mixamorig_RightHandRing1-anim" name="mixamorig_RightHandRing1">
      <source id="mixamorig_RightHandRing1-Matrix-animation-input">
        <float_array id="mixamorig_RightHandRing1-Matrix-animation-input-array" count="23">

0.000000 0.033333 0.066667 0.100000 0.133333 0.166667 0.200000 0.233333 0.266667 0.300000 0.333333 0.366667 0.400000 0.433333 0.466667 0.500000
0.533333 0.566667 0.600000 0.633333 0.666667 0.700000 0.733333</float_array>
        <technique_common>
          <accessor source="#mixamorig_RightHandRing1-Matrix-animation-input-array" count="23">
            <param name="TIME" type="float"/>
          </accessor>
        </technique_common>
      </source>
      <source id="mixamorig_RightHandRing1-Matrix-animation-output-transform">
        <float_array id="mixamorig_RightHandRing1-Matrix-animation-output-transform-array" count="368">

0.995315 0.092206 0.029094 -3.304900 -0.023463 0.522248 -0.852471 13.191500 -0.093797 0.847794 0.521965 -0.322000 0.000000 0.000000 0.000000 1.000000
0.995315 0.092207 0.029094 -3.304900 -0.023463 0.522249 -0.852470 13.191500 -0.093797 0.847794 0.521966 -0.322000 0.000000 0.000000 0.000000 1.000000
0.995315 0.092206 0.029094 -3.304900 -0.023463 0.522249 -0.852470 13.191500 -0.093797 0.847794 0.521966 -0.322000 0.000000 0.000000 0.000000 1.000000
0.995315 0.092207 0.029094 -3.304900 -0.023463 0.522249 -0.852470 13.191500 -0.093797 0.847794 0.521965 -0.322000 0.000000 0.000000 0.000000 1.000000
0.995315 0.092207 0.029095 -3.304900 -0.023462 0.522248 -0.852471 13.191500 -0.093798 0.847794 0.521965 -0.322000 0.000000 0.000000 0.000000 1.000000
0.995315 0.092206 0.029095 -3.304900 -0.023462 0.522249 -0.852470 13.191500 -0.093798 0.847794 0.521965 -0.322000 0.000000 0.000000 0.000000 1.000000
0.995315 0.092206 0.029094 -3.304900 -0.023463 0.522248 -0.852471 13.191500 -0.093797 0.847794 0.521965 -0.322000 0.000000 0.000000 0.000000 1.000000
0.995315 0.092207 0.029094 -3.304900 -0.023463 0.522248 -0.852471 13.191500 -0.093798 0.847794 0.521965 -0.322000 0.000000 0.000000 0.000000 1.000000
0.995315 0.092206 0.029094 -3.304900 -0.023463 0.522249 -0.852470 13.191500 -0.093797 0.847794 0.521966 -0.322000 0.000000 0.000000 0.000000 1.000000
0.995315 0.092207 0.029094 -3.304900 -0.023463 0.522249 -0.852470 13.191500 -0.093798 0.847794 0.521965 -0.322000 0.000000 0.000000 0.000000 1.000000
0.995315 0.092207 0.029094 -3.304900 -0.023463 0.522248 -0.852471 13.191500 -0.093798 0.847794 0.521965 -0.322000 0.000000 0.000000 0.000000 1.000000
0.995315 0.092206 0.029094 -3.304900 -0.023462 0.522249 -0.852470 13.191500 -0.093797 0.847794 0.521965 -0.322000 0.000000 0.000000 0.000000 1.000000
0.995315 0.092206 0.029094 -3.304900 -0.023463 0.522248 -0.852471 13.191500 -0.093797 0.847794 0.521965 -0.322000 0.000000 0.000000 0.000000 1.000000
0.995315 0.092206 0.029094 -3.304900 -0.023463 0.522249 -0.852470 13.191500 -0.093797 0.847794 0.521965 -0.322000 0.000000 0.000000 0.000000 1.000000
0.995315 0.092206 0.029094 -3.304900 -0.023463 0.522249 -0.852470 13.191500 -0.093797 0.847794 0.521966 -0.322000 0.000000 0.000000 0.000000 1.000000
0.995315 0.092206 0.029093 -3.304900 -0.023463 0.522250 -0.852470 13.191500 -0.093797 0.847793 0.521966 -0.322000 0.000000 0.000000 0.000000 1.000000
0.995315 0.092206 0.029094 -3.304900 -0.023463 0.522248 -0.852471 13.191500 -0.093797 0.847794 0.521965 -0.322000 0.000000 0.000000 0.000000 1.000000
0.995315 0.092206 0.029095 -3.304900 -0.023462 0.522249 -0.852470 13.191500 -0.093798 0.847794 0.521965 -0.322000 0.000000 0.000000 0.000000 1.000000
0.995315 0.092206 0.029094 -3.304900 -0.023463 0.522248 -0.852471 13.191500 -0.093797 0.847794 0.521965 -0.322000 0.000000 0.000000 0.000000 1.000000
0.995315 0.092206 0.029094 -3.304900 -0.023463 0.522249 -0.852470 13.191500 -0.093797 0.847794 0.521965 -0.322000 0.000000 0.000000 0.000000 1.000000
0.995315 0.092206 0.029094 -3.304900 -0.023463 0.522249 -0.852470 13.191500 -0.093798 0.847794 0.521965 -0.322000 0.000000 0.000000 0.000000 1.000000
0.995315 0.092206 0.029094 -3.304900 -0.023463 0.522249 -0.852470 13.191500 -0.093797 0.847793 0.521966 -0.322000 0.000000 0.000000 0.000000 1.000000
0.995315 0.092206 0.029095 -3.304900 -0.023462 0.522249 -0.852470 13.191500 -0.093798 0.847794 0.521965 -0.322000 0.000000 0.000000 0.000000 1.000000</float_array>
        <technique_common>
          <accessor source="#mixamorig_RightHandRing1-Matrix-animation-output-transform-array" count="23" stride="16">
            <param type="float4x4"/>
          </accessor>
        </technique_common>
      </source>
      <source id="mixamorig_RightHandRing1-Interpolations">
        <Name_array id="mixamorig_RightHandRing1-Interpolations-array" count="23">
 LINEAR LINEAR LINEAR LINEAR LINEAR LINEAR LINEAR LINEAR LINEAR LINEAR LINEAR
LINEAR LINEAR LINEAR LINEAR LINEAR LINEAR LINEAR LINEAR LINEAR LINEAR LINEAR LINEAR</Name_array>
        <technique_common>
          <accessor source="#mixamorig_RightHandRing1-Interpolations-array" count="23">
            <param type="name"/>
          </accessor>
        </technique_common>
      </source>
      <sampler id="mixamorig_RightHandRing1-Matrix-animation-transform">
        <input semantic="INPUT" source="#mixamorig_RightHandRing1-Matrix-animation-input"/>
        <input semantic="OUTPUT" source="#mixamorig_RightHandRing1-Matrix-animation-output-transform"/>
        <input semantic="INTERPOLATION" source="#mixamorig_RightHandRing1-Interpolations"/>
      </sampler>
      <channel source="#mixamorig_RightHandRing1-Matrix-animation-transform" target="mixamorig_RightHandRing1/matrix"/>
    </animation>
    <animation id="mixamorig_RightHandRing2-anim" name="mixamorig_RightHandRing2">
      <source id="mixamorig_RightHandRing2-Matrix-animation-input">
        <float_array id="mixamorig_RightHandRing2-Matrix-animation-input-array" count="23">

0.000000 0.033333 0.066667 0.100000 0.133333 0.166667 0.200000 0.233333 0.266667 0.300000 0.333333 0.366667 0.400000 0.433333 0.466667 0.500000
0.533333 0.566667 0.600000 0.633333 0.666667 0.700000 0.733333</float_array>
        <technique_common>
          <accessor source="#mixamorig_RightHandRing2-Matrix-animation-input-array" count="23">
            <param name="TIME" type="float"/>
          </accessor>
        </technique_common>
      </source>
      <source id="mixamorig_RightHandRing2-Matrix-animation-output-transform">
        <float_array id="mixamorig_RightHandRing2-Matrix-animation-output-transform-array" count="368">

0.999422 0.031078 -0.013791 -0.000000 -0.031045 0.668701 -0.742883 2.717600 -0.013865 0.742882 0.669279 0.000000 0.000000 0.000000 0.000000 1.000000
0.999422 0.031078 -0.013790 0.000000 -0.031044 0.668701 -0.742883 2.717600 -0.013866 0.742882 0.669279 0.000000 0.000000 0.000000 0.000000 1.000000
0.999422 0.031079 -0.013790 0.000000 -0.031044 0.668700 -0.742884 2.717600 -0.013867 0.742882 0.669278 0.000000 0.000000 0.000000 0.000000 1.000000
0.999422 0.031078 -0.013791 0.000000 -0.031045 0.668700 -0.742884 2.717600 -0.013866 0.742882 0.669278 0.000000 0.000000 0.000000 0.000000 1.000000
0.999422 0.031077 -0.013790 0.000000 -0.031044 0.668700 -0.742884 2.717600 -0.013865 0.742882 0.669278 0.000000 0.000000 0.000000 0.000000 1.000000
0.999422 0.031078 -0.013792 -0.000000 -0.031045 0.668700 -0.742884 2.717600 -0.013865 0.742882 0.669278 0.000000 0.000000 0.000000 0.000000 1.000000
0.999422 0.031078 -0.013791 -0.000000 -0.031045 0.668700 -0.742884 2.717600 -0.013866 0.742882 0.669279 0.000000 0.000000 0.000000 0.000000 1.000000
0.999422 0.031078 -0.013791 -0.000000 -0.031045 0.668700 -0.742884 2.717600 -0.013866 0.742882 0.669279 0.000000 0.000000 0.000000 0.000000 1.000000
0.999422 0.031079 -0.013791 -0.000000 -0.031045 0.668701 -0.742883 2.717600 -0.013866 0.742882 0.669279 -0.000000 0.000000 0.000000 0.000000 1.000000
0.999422 0.031077 -0.013791 0.000000 -0.031044 0.668701 -0.742883 2.717600 -0.013865 0.742882 0.669279 0.000000 0.000000 0.000000 0.000000 1.000000
0.999422 0.031078 -0.013790 0.000000 -0.031044 0.668701 -0.742883 2.717600 -0.013866 0.742882 0.669279 0.000000 0.000000 0.000000 0.000000 1.000000
0.999422 0.031078 -0.013791 0.000000 -0.031045 0.668700 -0.742884 2.717600 -0.013866 0.742882 0.669279 -0.000000 0.000000 0.000000 0.000000 1.000000
0.999422 0.031078 -0.013790 0.000000 -0.031045 0.668700 -0.742884 2.717600 -0.013866 0.742882 0.669278 0.000000 0.000000 0.000000 0.000000 1.000000
0.999422 0.031078 -0.013790 0.000000 -0.031044 0.668700 -0.742884 2.717600 -0.013866 0.742882 0.669278 -0.000000 0.000000 0.000000 0.000000 1.000000
0.999422 0.031078 -0.013791 0.000000 -0.031045 0.668701 -0.742883 2.717600 -0.013865 0.742882 0.669279 0.000000 0.000000 0.000000 0.000000 1.000000
0.999422 0.031078 -0.013791 0.000000 -0.031045 0.668700 -0.742884 2.717600 -0.013866 0.742882 0.669278 -0.000000 0.000000 0.000000 0.000000 1.000000
0.999422 0.031078 -0.013790 0.000000 -0.031044 0.668700 -0.742884 2.717600 -0.013865 0.742882 0.669279 0.000000 0.000000 0.000000 0.000000 1.000000
0.999422 0.031077 -0.013791 0.000000 -0.031044 0.668700 -0.742884 2.717600 -0.013865 0.742882 0.669278 0.000000 0.000000 0.000000 0.000000 1.000000
0.999422 0.031078 -0.013790 -0.000000 -0.031044 0.668701 -0.742883 2.717600 -0.013866 0.742882 0.669279 -0.000000 0.000000 0.000000 0.000000 1.000000
0.999422 0.031079 -0.013790 0.000000 -0.031045 0.668701 -0.742883 2.717600 -0.013866 0.742882 0.669279 -0.000000 0.000000 0.000000 0.000000 1.000000
0.999422 0.031078 -0.013791 0.000000 -0.031045 0.668701 -0.742883 2.717600 -0.013865 0.742882 0.669279 0.000000 0.000000 0.000000 0.000000 1.000000
0.999422 0.031078 -0.013790 0.000000 -0.031044 0.668701 -0.742883 2.717600 -0.013866 0.742882 0.669279 0.000000 0.000000 0.000000 0.000000 1.000000
0.999422 0.031078 -0.013791 -0.000000 -0.031045 0.668700 -0.742884 2.717600 -0.013865 0.742882 0.669278 0.000000 0.000000 0.000000 0.000000 1.000000</float_array>
        <technique_common>
          <accessor source="#mixamorig_RightHandRing2-Matrix-animation-output-transform-array" count="23" stride="16">
            <param type="float4x4"/>
          </accessor>
        </technique_common>
      </source>
      <source id="mixamorig_RightHandRing2-Interpolations">
        <Name_array id="mixamorig_RightHandRing2-Interpolations-array" count="23">
 LINEAR LINEAR LINEAR LINEAR LINEAR LINEAR LINEAR LINEAR LINEAR LINEAR LINEAR
LINEAR LINEAR LINEAR LINEAR LINEAR LINEAR LINEAR LINEAR LINEAR LINEAR LINEAR LINEAR</Name_array>
        <technique_common>
          <accessor source="#mixamorig_RightHandRing2-Interpolations-array" count="23">
            <param type="name"/>
          </accessor>
        </technique_common>
      </source>
      <sampler id="mixamorig_RightHandRing2-Matrix-animation-transform">
        <input semantic="INPUT" source="#mixamorig_RightHandRing2-Matrix-animation-input"/>
        <input semantic="OUTPUT" source="#mixamorig_RightHandRing2-Matrix-animation-output-transform"/>
        <input semantic="INTERPOLATION" source="#mixamorig_RightHandRing2-Interpolations"/>
      </sampler>
      <channel source="#mixamorig_RightHandRing2-Matrix-animation-transform" target="mixamorig_RightHandRing2/matrix"/>
    </animation>
    <animation id="mixamorig_RightHandRing3-anim" name="mixamorig_RightHandRing3">
      <source id="mixamorig_RightHandRing3-Matrix-animation-input">
        <float_array id="mixamorig_RightHandRing3-Matrix-animation-input-array" count="23">

0.000000 0.033333 0.066667 0.100000 0.133333 0.166667 0.200000 0.233333 0.266667 0.300000 0.333333 0.366667 0.400000 0.433333 0.466667 0.500000
0.533333 0.566667 0.600000 0.633333 0.666667 0.700000 0.733333</float_array>
        <technique_common>
          <accessor source="#mixamorig_RightHandRing3-Matrix-animation-input-array" count="23">
            <param name="TIME" type="float"/>
          </accessor>
        </technique_common>
      </source>
      <source id="mixamorig_RightHandRing3-Matrix-animation-output-transform">
        <float_array id="mixamorig_RightHandRing3-Matrix-animation-output-transform-array" count="368">

0.999297 0.032616 -0.018493 -0.000000 -0.034227 0.592178 -0.805080 2.134500 -0.015307 0.805147 0.592878 0.000000 0.000000 0.000000 0.000000 1.000000
0.999297 0.032616 -0.018493 0.000000 -0.034227 0.592178 -0.805080 2.134500 -0.015307 0.805147 0.592878 0.000000 0.000000 0.000000 0.000000 1.000000
0.999297 0.032616 -0.018493 -0.000000 -0.034227 0.592178 -0.805080 2.134500 -0.015307 0.805147 0.592878 0.000000 0.000000 0.000000 0.000000 1.000000
0.999297 0.032615 -0.018493 0.000000 -0.034227 0.592178 -0.805080 2.134500 -0.015307 0.805147 0.592878 0.000000 0.000000 0.000000 0.000000 1.000000
0.999297 0.032616 -0.018494 0.000000 -0.034227 0.592178 -0.805080 2.134500 -0.015307 0.805147 0.592878 -0.000000 0.000000 0.000000 0.000000 1.000000
0.999297 0.032616 -0.018493 0.000000 -0.034227 0.592178 -0.805080 2.134500 -0.015307 0.805147 0.592878 0.000000 0.000000 0.000000 0.000000 1.000000
0.999297 0.032615 -0.018493 0.000000 -0.034227 0.592178 -0.805080 2.134500 -0.015307 0.805147 0.592878 -0.000000 0.000000 0.000000 0.000000 1.000000
0.999297 0.032616 -0.018493 0.000000 -0.034227 0.592178 -0.805080 2.134500 -0.015307 0.805147 0.592878 -0.000000 0.000000 0.000000 0.000000 1.000000
0.999297 0.032616 -0.018493 -0.000000 -0.034226 0.592178 -0.805080 2.134500 -0.015307 0.805147 0.592878 -0.000000 0.000000 0.000000 0.000000 1.000000
0.999297 0.032616 -0.018494 0.000000 -0.034227 0.592178 -0.805080 2.134500 -0.015307 0.805147 0.592878 0.000000 0.000000 0.000000 0.000000 1.000000
0.999297 0.032615 -0.018493 -0.000000 -0.034227 0.592178 -0.805080 2.134500 -0.015307 0.805147 0.592878 0.000000 0.000000 0.000000 0.000000 1.000000
0.999297 0.032616 -0.018493 0.000000 -0.034227 0.592178 -0.805080 2.134500 -0.015307 0.805147 0.592878 -0.000000 0.000000 0.000000 0.000000 1.000000
0.999297 0.032616 -0.018493 -0.000000 -0.034227 0.592178 -0.805080 2.134500 -0.015307 0.805147 0.592878 0.000000 0.000000 0.000000 0.000000 1.000000
0.999297 0.032616 -0.018494 0.000000 -0.034227 0.592178 -0.805080 2.134500 -0.015307 0.805147 0.592878 -0.000000 0.000000 0.000000 0.000000 1.000000
0.999297 0.032616 -0.018494 -0.000000 -0.034227 0.592178 -0.805080 2.134500 -0.015307 0.805147 0.592878 -0.000000 0.000000 0.000000 0.000000 1.000000
0.999297 0.032616 -0.018493 0.000000 -0.034227 0.592178 -0.805080 2.134500 -0.015307 0.805147 0.592878 0.000000 0.000000 0.000000 0.000000 1.000000
0.999297 0.032616 -0.018494 0.000000 -0.034227 0.592178 -0.805080 2.134500 -0.015307 0.805147 0.592878 0.000000 0.000000 0.000000 0.000000 1.000000
0.999297 0.032616 -0.018493 0.000000 -0.034227 0.592178 -0.805080 2.134500 -0.015307 0.805147 0.592878 0.000000 0.000000 0.000000 0.000000 1.000000
0.999297 0.032615 -0.018494 -0.000000 -0.034227 0.592178 -0.805080 2.134500 -0.015306 0.805147 0.592878 -0.000000 0.000000 0.000000 0.000000 1.000000
0.999297 0.032615 -0.018493 0.000000 -0.034227 0.592179 -0.805080 2.134500 -0.015307 0.805146 0.592878 0.000000 0.000000 0.000000 0.000000 1.000000
0.999297 0.032616 -0.018493 0.000000 -0.034227 0.592178 -0.805080 2.134500 -0.015307 0.805147 0.592878 -0.000000 0.000000 0.000000 0.000000 1.000000
0.999297 0.032616 -0.018494 0.000000 -0.034227 0.592177 -0.805080 2.134500 -0.015307 0.805147 0.592877 -0.000000 0.000000 0.000000 0.000000 1.000000
0.999297 0.032616 -0.018493 0.000000 -0.034227 0.592178 -0.805080 2.134500 -0.015307 0.805147 0.592878 0.000000 0.000000 0.000000 0.000000 1.000000</float_array>
        <technique_common>
          <accessor source="#mixamorig_RightHandRing3-Matrix-animation-output-transform-array" count="23" stride="16">
            <param type="float4x4"/>
          </accessor>
        </technique_common>
      </source>
      <source id="mixamorig_RightHandRing3-Interpolations">
        <Name_array id="mixamorig_RightHandRing3-Interpolations-array" count="23">
 LINEAR LINEAR LINEAR LINEAR LINEAR LINEAR LINEAR LINEAR LINEAR LINEAR LINEAR
LINEAR LINEAR LINEAR LINEAR LINEAR LINEAR LINEAR LINEAR LINEAR LINEAR LINEAR LINEAR</Name_array>
        <technique_common>
          <accessor source="#mixamorig_RightHandRing3-Interpolations-array" count="23">
            <param type="name"/>
          </accessor>
        </technique_common>
      </source>
      <sampler id="mixamorig_RightHandRing3-Matrix-animation-transform">
        <input semantic="INPUT" source="#mixamorig_RightHandRing3-Matrix-animation-input"/>
        <input semantic="OUTPUT" source="#mixamorig_RightHandRing3-Matrix-animation-output-transform"/>
        <input semantic="INTERPOLATION" source="#mixamorig_RightHandRing3-Interpolations"/>
      </sampler>
      <channel source="#mixamorig_RightHandRing3-Matrix-animation-transform" target="mixamorig_RightHandRing3/matrix"/>
    </animation>
    <animation id="mixamorig_RightHandPinky1-anim" name="mixamorig_RightHandPinky1">
      <source id="mixamorig_RightHandPinky1-Matrix-animation-input">
        <float_array id="mixamorig_RightHandPinky1-Matrix-animation-input-array" count="23">

0.000000 0.033333 0.066667 0.100000 0.133333 0.166667 0.200000 0.233333 0.266667 0.300000 0.333333 0.366667 0.400000 0.433333 0.466667 0.500000
0.533333 0.566667 0.600000 0.633333 0.666667 0.700000 0.733333</float_array>
        <technique_common>
          <accessor source="#mixamorig_RightHandPinky1-Matrix-animation-input-array" count="23">
            <param name="TIME" type="float"/>
          </accessor>
        </technique_common>
      </source>
      <source id="mixamorig_RightHandPinky1-Matrix-animation-output-transform">
        <float_array id="mixamorig_RightHandPinky1-Matrix-animation-output-transform-array" count="368">

0.977811 -0.008475 0.209318 -5.922000 0.161024 0.669554 -0.725099 11.636400 -0.134005 0.742715 0.656062 0.517000 0.000000 0.000000 0.000000 1.000000
0.977811 -0.008475 0.209318 -5.922000 0.161024 0.669554 -0.725100 11.636400 -0.134004 0.742715 0.656061 0.517000 0.000000 0.000000 0.000000 1.000000
0.977811 -0.008475 0.209318 -5.922000 0.161024 0.669554 -0.725100 11.636400 -0.134004 0.742715 0.656061 0.517000 0.000000 0.000000 0.000000 1.000000
0.977811 -0.008475 0.209318 -5.922000 0.161024 0.669553 -0.725100 11.636400 -0.134005 0.742715 0.656061 0.517000 0.000000 0.000000 0.000000 1.000000
0.977811 -0.008475 0.209319 -5.922000 0.161025 0.669553 -0.725100 11.636400 -0.134005 0.742716 0.656061 0.517000 0.000000 0.000000 0.000000 1.000000
0.977811 -0.008475 0.209318 -5.922000 0.161024 0.669554 -0.725099 11.636400 -0.134004 0.742715 0.656062 0.517000 0.000000 0.000000 0.000000 1.000000
0.977811 -0.008475 0.209318 -5.922000 0.161024 0.669553 -0.725100 11.636400 -0.134004 0.742716 0.656061 0.517000 0.000000 0.000000 0.000000 1.000000
0.977811 -0.008475 0.209319 -5.922000 0.161024 0.669553 -0.725100 11.636400 -0.134005 0.742716 0.656061 0.517000 0.000000 0.000000 0.000000 1.000000
0.977811 -0.008476 0.209319 -5.922000 0.161025 0.669554 -0.725099 11.636400 -0.134005 0.742715 0.656062 0.517000 0.000000 0.000000 0.000000 1.000000
0.977811 -0.008475 0.209318 -5.922000 0.161024 0.669554 -0.725099 11.636400 -0.134004 0.742715 0.656062 0.517000 0.000000 0.000000 0.000000 1.000000
0.977811 -0.008475 0.209318 -5.922000 0.161024 0.669553 -0.725100 11.636400 -0.134005 0.742716 0.656061 0.517000 0.000000 0.000000 0.000000 1.000000
0.977811 -0.008476 0.209318 -5.922000 0.161024 0.669553 -0.725100 11.636400 -0.134004 0.742716 0.656061 0.517000 0.000000 0.000000 0.000000 1.000000
0.977811 -0.008475 0.209319 -5.922000 0.161025 0.669553 -0.725100 11.636400 -0.134005 0.742716 0.656061 0.517000 0.000000 0.000000 0.000000 1.000000
0.977811 -0.008475 0.209319 -5.922000 0.161025 0.669553 -0.725100 11.636400 -0.134005 0.742716 0.656061 0.517000 0.000000 0.000000 0.000000 1.000000
0.977811 -0.008475 0.209318 -5.922000 0.161024 0.669554 -0.725099 11.636400 -0.134004 0.742715 0.656062 0.517000 0.000000 0.000000 0.000000 1.000000
0.977811 -0.008475 0.209318 -5.922000 0.161024 0.669554 -0.725099 11.636400 -0.134004 0.742715 0.656062 0.517000 0.000000 0.000000 0.000000 1.000000
0.977811 -0.008475 0.209318 -5.922000 0.161024 0.669553 -0.725100 11.636400 -0.134005 0.742716 0.656061 0.517000 0.000000 0.000000 0.000000 1.000000
0.977811 -0.008475 0.209318 -5.922000 0.161024 0.669554 -0.725099 11.636400 -0.134004 0.742715 0.656061 0.517000 0.000000 0.000000 0.000000 1.000000
0.977811 -0.008476 0.209318 -5.922000 0.161024 0.669553 -0.725100 11.636400 -0.134004 0.742716 0.656061 0.517000 0.000000 0.000000 0.000000 1.000000
0.977811 -0.008475 0.209318 -5.922000 0.161024 0.669554 -0.725099 11.636400 -0.134005 0.742715 0.656061 0.517000 0.000000 0.000000 0.000000 1.000000
0.977811 -0.008475 0.209319 -5.922000 0.161024 0.669553 -0.725100 11.636400 -0.134005 0.742716 0.656061 0.517000 0.000000 0.000000 0.000000 1.000000
0.977811 -0.008475 0.209318 -5.922000 0.161024 0.669554 -0.725099 11.636400 -0.134004 0.742715 0.656062 0.517000 0.000000 0.000000 0.000000 1.000000
0.977811 -0.008475 0.209318 -5.922000 0.161024 0.669554 -0.725099 11.636400 -0.134004 0.742715 0.656061 0.517000 0.000000 0.000000 0.000000 1.000000</float_array>
        <technique_common>
          <accessor source="#mixamorig_RightHandPinky1-Matrix-animation-output-transform-array" count="23" stride="16">
            <param type="float4x4"/>
          </accessor>
        </technique_common>
      </source>
      <source id="mixamorig_RightHandPinky1-Interpolations">
        <Name_array id="mixamorig_RightHandPinky1-Interpolations-array" count="23">
 LINEAR LINEAR LINEAR LINEAR LINEAR LINEAR LINEAR LINEAR LINEAR LINEAR LINEAR
LINEAR LINEAR LINEAR LINEAR LINEAR LINEAR LINEAR LINEAR LINEAR LINEAR LINEAR LINEAR</Name_array>
        <technique_common>
          <accessor source="#mixamorig_RightHandPinky1-Interpolations-array" count="23">
            <param type="name"/>
          </accessor>
        </technique_common>
      </source>
      <sampler id="mixamorig_RightHandPinky1-Matrix-animation-transform">
        <input semantic="INPUT" source="#mixamorig_RightHandPinky1-Matrix-animation-input"/>
        <input semantic="OUTPUT" source="#mixamorig_RightHandPinky1-Matrix-animation-output-transform"/>
        <input semantic="INTERPOLATION" source="#mixamorig_RightHandPinky1-Interpolations"/>
      </sampler>
      <channel source="#mixamorig_RightHandPinky1-Matrix-animation-transform" target="mixamorig_RightHandPinky1/matrix"/>
    </animation>
    <animation id="mixamorig_RightHandPinky2-anim" name="mixamorig_RightHandPinky2">
      <source id="mixamorig_RightHandPinky2-Matrix-animation-input">
        <float_array id="mixamorig_RightHandPinky2-Matrix-animation-input-array" count="23">

0.000000 0.033333 0.066667 0.100000 0.133333 0.166667 0.200000 0.233333 0.266667 0.300000 0.333333 0.366667 0.400000 0.433333 0.466667 0.500000
0.533333 0.566667 0.600000 0.633333 0.666667 0.700000 0.733333</float_array>
        <technique_common>
          <accessor source="#mixamorig_RightHandPinky2-Matrix-animation-input-array" count="23">
            <param name="TIME" type="float"/>
          </accessor>
        </technique_common>
      </source>
      <source id="mixamorig_RightHandPinky2-Matrix-animation-output-transform">
        <float_array id="mixamorig_RightHandPinky2-Matrix-animation-output-transform-array" count="368">

0.999536 0.027251 -0.013579 -0.000000 -0.028771 0.699405 -0.714147 1.559300 -0.009964 0.714206 0.699865 0.000000 0.000000 0.000000 0.000000 1.000000
0.999536 0.027251 -0.013579 0.000000 -0.028771 0.699404 -0.714147 1.559300 -0.009964 0.714206 0.699864 -0.000000 0.000000 0.000000 0.000000 1.000000
0.999536 0.027252 -0.013579 0.000000 -0.028771 0.699404 -0.714147 1.559300 -0.009965 0.714207 0.699864 0.000000 0.000000 0.000000 0.000000 1.000000
0.999536 0.027252 -0.013580 0.000000 -0.028771 0.699405 -0.714147 1.559300 -0.009964 0.714206 0.699864 -0.000000 0.000000 0.000000 0.000000 1.000000
0.999536 0.027251 -0.013579 0.000000 -0.028770 0.699405 -0.714146 1.559300 -0.009964 0.714206 0.699865 0.000000 0.000000 0.000000 0.000000 1.000000
0.999536 0.027252 -0.013579 0.000000 -0.028771 0.699405 -0.714147 1.559300 -0.009965 0.714206 0.699864 0.000000 0.000000 0.000000 0.000000 1.000000
0.999536 0.027252 -0.013580 -0.000000 -0.028771 0.699405 -0.714147 1.559300 -0.009964 0.714206 0.699864 -0.000000 0.000000 0.000000 0.000000 1.000000
0.999536 0.027251 -0.013579 -0.000000 -0.028770 0.699405 -0.714146 1.559300 -0.009964 0.714206 0.699865 0.000000 0.000000 0.000000 0.000000 1.000000
0.999536 0.027251 -0.013579 0.000000 -0.028770 0.699404 -0.714147 1.559300 -0.009964 0.714207 0.699864 0.000000 0.000000 0.000000 0.000000 1.000000
0.999536 0.027252 -0.013579 0.000000 -0.028771 0.699405 -0.714147 1.559300 -0.009965 0.714206 0.699864 0.000000 0.000000 0.000000 0.000000 1.000000
0.999536 0.027251 -0.013579 -0.000000 -0.028771 0.699405 -0.714146 1.559300 -0.009964 0.714206 0.699865 0.000000 0.000000 0.000000 0.000000 1.000000
0.999536 0.027252 -0.013579 0.000000 -0.028771 0.699405 -0.714146 1.559300 -0.009965 0.714206 0.699865 0.000000 0.000000 0.000000 0.000000 1.000000
0.999536 0.027251 -0.013580 0.000000 -0.028771 0.699405 -0.714146 1.559300 -0.009964 0.714206 0.699865 0.000000 0.000000 0.000000 0.000000 1.000000
0.999536 0.027251 -0.013579 0.000000 -0.028771 0.699405 -0.714146 1.559300 -0.009964 0.714206 0.699865 0.000000 0.000000 0.000000 0.000000 1.000000
0.999536 0.027252 -0.013579 0.000000 -0.028771 0.699405 -0.714146 1.559300 -0.009965 0.714206 0.699865 -0.000000 0.000000 0.000000 0.000000 1.000000
0.999536 0.027252 -0.013579 -0.000000 -0.028771 0.699404 -0.714147 1.559300 -0.009964 0.714206 0.699864 -0.000000 0.000000 0.000000 0.000000 1.000000
0.999536 0.027251 -0.013579 0.000000 -0.028771 0.699405 -0.714146 1.559300 -0.009964 0.714206 0.699865 -0.000000 0.000000 0.000000 0.000000 1.000000
0.999536 0.027252 -0.013579 0.000000 -0.028771 0.699404 -0.714147 1.559300 -0.009964 0.714207 0.699864 -0.000000 0.000000 0.000000 0.000000 1.000000
0.999536 0.027252 -0.013579 0.000000 -0.028771 0.699404 -0.714147 1.559300 -0.009965 0.714207 0.699864 0.000000 0.000000 0.000000 0.000000 1.000000
0.999536 0.027251 -0.013579 0.000000 -0.028770 0.699405 -0.714146 1.559300 -0.009964 0.714206 0.699865 0.000000 0.000000 0.000000 0.000000 1.000000
0.999536 0.027252 -0.013579 0.000000 -0.028771 0.699404 -0.714147 1.559300 -0.009964 0.714206 0.699864 -0.000000 0.000000 0.000000 0.000000 1.000000
0.999536 0.027252 -0.013579 0.000000 -0.028771 0.699405 -0.714147 1.559300 -0.009965 0.714206 0.699865 -0.000000 0.000000 0.000000 0.000000 1.000000
0.999536 0.027252 -0.013579 -0.000000 -0.028771 0.699404 -0.714147 1.559300 -0.009965 0.714207 0.699864 0.000000 0.000000 0.000000 0.000000 1.000000</float_array>
        <technique_common>
          <accessor source="#mixamorig_RightHandPinky2-Matrix-animation-output-transform-array" count="23" stride="16">
            <param type="float4x4"/>
          </accessor>
        </technique_common>
      </source>
      <source id="mixamorig_RightHandPinky2-Interpolations">
        <Name_array id="mixamorig_RightHandPinky2-Interpolations-array" count="23">
 LINEAR LINEAR LINEAR LINEAR LINEAR LINEAR LINEAR LINEAR LINEAR LINEAR LINEAR
LINEAR LINEAR LINEAR LINEAR LINEAR LINEAR LINEAR LINEAR LINEAR LINEAR LINEAR LINEAR</Name_array>
        <technique_common>
          <accessor source="#mixamorig_RightHandPinky2-Interpolations-array" count="23">
            <param type="name"/>
          </accessor>
        </technique_common>
      </source>
      <sampler id="mixamorig_RightHandPinky2-Matrix-animation-transform">
        <input semantic="INPUT" source="#mixamorig_RightHandPinky2-Matrix-animation-input"/>
        <input semantic="OUTPUT" source="#mixamorig_RightHandPinky2-Matrix-animation-output-transform"/>
        <input semantic="INTERPOLATION" source="#mixamorig_RightHandPinky2-Interpolations"/>
      </sampler>
      <channel source="#mixamorig_RightHandPinky2-Matrix-animation-transform" target="mixamorig_RightHandPinky2/matrix"/>
    </animation>
    <animation id="mixamorig_RightHandPinky3-anim" name="mixamorig_RightHandPinky3">
      <source id="mixamorig_RightHandPinky3-Matrix-animation-input">
        <float_array id="mixamorig_RightHandPinky3-Matrix-animation-input-array" count="23">

0.000000 0.033333 0.066667 0.100000 0.133333 0.166667 0.200000 0.233333 0.266667 0.300000 0.333333 0.366667 0.400000 0.433333 0.466667 0.500000
0.533333 0.566667 0.600000 0.633333 0.666667 0.700000 0.733333</float_array>
        <technique_common>
          <accessor source="#mixamorig_RightHandPinky3-Matrix-animation-input-array" count="23">
            <param name="TIME" type="float"/>
          </accessor>
        </technique_common>
      </source>
      <source id="mixamorig_RightHandPinky3-Matrix-animation-output-transform">
        <float_array id="mixamorig_RightHandPinky3-Matrix-animation-output-transform-array" count="368">

0.999844 0.017560 0.001869 -0.000000 -0.015128 0.906317 -0.422328 1.540600 -0.009110 0.422234 0.906441 0.000000 0.000000 0.000000 0.000000 1.000000
0.999844 0.017561 0.001870 0.000000 -0.015129 0.906317 -0.422328 1.540600 -0.009111 0.422234 0.906441 0.000000 0.000000 0.000000 0.000000 1.000000
0.999844 0.017561 0.001869 -0.000000 -0.015128 0.906317 -0.422328 1.540600 -0.009111 0.422234 0.906441 0.000000 0.000000 0.000000 0.000000 1.000000
0.999844 0.017561 0.001869 0.000000 -0.015128 0.906317 -0.422328 1.540600 -0.009111 0.422234 0.906441 0.000000 0.000000 0.000000 0.000000 1.000000
0.999844 0.017561 0.001869 -0.000000 -0.015128 0.906317 -0.422328 1.540600 -0.009110 0.422234 0.906441 -0.000000 0.000000 0.000000 0.000000 1.000000
0.999844 0.017561 0.001869 -0.000000 -0.015128 0.906317 -0.422328 1.540600 -0.009111 0.422234 0.906441 0.000000 0.000000 0.000000 0.000000 1.000000
0.999844 0.017561 0.001869 0.000000 -0.015128 0.906317 -0.422328 1.540600 -0.009111 0.422234 0.906441 0.000000 0.000000 0.000000 0.000000 1.000000
0.999844 0.017560 0.001869 0.000000 -0.015128 0.906317 -0.422328 1.540600 -0.009111 0.422234 0.906441 0.000000 0.000000 0.000000 0.000000 1.000000
0.999844 0.017561 0.001869 0.000000 -0.015129 0.906317 -0.422328 1.540600 -0.009110 0.422233 0.906441 -0.000000 0.000000 0.000000 0.000000 1.000000
0.999844 0.017561 0.001869 0.000000 -0.015129 0.906317 -0.422328 1.540600 -0.009111 0.422234 0.906441 -0.000000 0.000000 0.000000 0.000000 1.000000
0.999844 0.017561 0.001870 0.000000 -0.015128 0.906317 -0.422328 1.540600 -0.009111 0.422234 0.906441 -0.000000 0.000000 0.000000 0.000000 1.000000
0.999844 0.017560 0.001869 0.000000 -0.015128 0.906317 -0.422329 1.540600 -0.009110 0.422234 0.906441 0.000000 0.000000 0.000000 0.000000 1.000000
0.999844 0.017561 0.001869 0.000000 -0.015129 0.906317 -0.422328 1.540600 -0.009111 0.422234 0.906441 -0.000000 0.000000 0.000000 0.000000 1.000000
0.999844 0.017560 0.001869 0.000000 -0.015128 0.906317 -0.422328 1.540600 -0.009110 0.422234 0.906441 0.000000 0.000000 0.000000 0.000000 1.000000
0.999844 0.017560 0.001870 0.000000 -0.015128 0.906317 -0.422328 1.540600 -0.009111 0.422234 0.906441 0.000000 0.000000 0.000000 0.000000 1.000000
0.999844 0.017561 0.001869 0.000000 -0.015129 0.906317 -0.422328 1.540600 -0.009111 0.422234 0.906441 0.000000 0.000000 0.000000 0.000000 1.000000
0.999844 0.017561 0.001869 0.000000 -0.015129 0.906317 -0.422328 1.540600 -0.009111 0.422234 0.906441 0.000000 0.000000 0.000000 0.000000 1.000000
0.999844 0.017561 0.001869 0.000000 -0.015129 0.906317 -0.422328 1.540600 -0.009111 0.422234 0.906441 -0.000000 0.000000 0.000000 0.000000 1.000000
0.999844 0.017560 0.001869 0.000000 -0.015128 0.906317 -0.422328 1.540600 -0.009110 0.422234 0.906441 -0.000000 0.000000 0.000000 0.000000 1.000000
0.999844 0.017561 0.001869 0.000000 -0.015129 0.906317 -0.422328 1.540600 -0.009111 0.422234 0.906441 0.000000 0.000000 0.000000 0.000000 1.000000
0.999844 0.017561 0.001869 0.000000 -0.015129 0.906317 -0.422328 1.540600 -0.009110 0.422234 0.906441 0.000000 0.000000 0.000000 0.000000 1.000000
0.999844 0.017561 0.001869 0.000000 -0.015128 0.906317 -0.422328 1.540600 -0.009110 0.422234 0.906441 0.000000 0.000000 0.000000 0.000000 1.000000
0.999844 0.017561 0.001869 0.000000 -0.015129 0.906317 -0.422328 1.540600 -0.009111 0.422234 0.906441 0.000000 0.000000 0.000000 0.000000 1.000000</float_array>
        <technique_common>
          <accessor source="#mixamorig_RightHandPinky3-Matrix-animation-output-transform-array" count="23" stride="16">
            <param type="float4x4"/>
          </accessor>
        </technique_common>
      </source>
      <source id="mixamorig_RightHandPinky3-Interpolations">
        <Name_array id="mixamorig_RightHandPinky3-Interpolations-array" count="23">
 LINEAR LINEAR LINEAR LINEAR LINEAR LINEAR LINEAR LINEAR LINEAR LINEAR LINEAR
LINEAR LINEAR LINEAR LINEAR LINEAR LINEAR LINEAR LINEAR LINEAR LINEAR LINEAR LINEAR</Name_array>
        <technique_common>
          <accessor source="#mixamorig_RightHandPinky3-Interpolations-array" count="23">
            <param type="name"/>
          </accessor>
        </technique_common>
      </source>
      <sampler id="mixamorig_RightHandPinky3-Matrix-animation-transform">
        <input semantic="INPUT" source="#mixamorig_RightHandPinky3-Matrix-animation-input"/>
        <input semantic="OUTPUT" source="#mixamorig_RightHandPinky3-Matrix-animation-output-transform"/>
        <input semantic="INTERPOLATION" source="#mixamorig_RightHandPinky3-Interpolations"/>
      </sampler>
      <channel source="#mixamorig_RightHandPinky3-Matrix-animation-transform" target="mixamorig_RightHandPinky3/matrix"/>
    </animation>
    <animation id="mixamorig_RightUpLeg-anim" name="mixamorig_RightUpLeg">
      <source id="mixamorig_RightUpLeg-Matrix-animation-input">
        <float_array id="mixamorig_RightUpLeg-Matrix-animation-input-array" count="23">

0.000000 0.033333 0.066667 0.100000 0.133333 0.166667 0.200000 0.233333 0.266667 0.300000 0.333333 0.366667 0.400000 0.433333 0.466667 0.500000
0.533333 0.566667 0.600000 0.633333 0.666667 0.700000 0.733333</float_array>
        <technique_common>
          <accessor source="#mixamorig_RightUpLeg-Matrix-animation-input-array" count="23">
            <param name="TIME" type="float"/>
          </accessor>
        </technique_common>
      </source>
      <source id="mixamorig_RightUpLeg-Matrix-animation-output-transform">
        <float_array id="mixamorig_RightUpLeg-Matrix-animation-output-transform-array" count="368">

-0.964020 -0.229361 -0.134387 -9.941000 0.143243 -0.874059 0.464222 -5.272400 -0.223937 0.428269 0.875464 -1.010900 0.000000 0.000000 0.000000 1.000000
-0.954947 -0.257744 -0.147120 -9.941000 0.201227 -0.926705 0.317371 -5.272400 -0.218137 0.273468 0.936820 -1.010900 0.000000 0.000000 0.000000 1.000000
-0.946618 -0.281526 -0.157026 -9.941000 0.235534 -0.936624 0.259345 -5.272400 -0.220087 0.208515 0.952934 -1.010900 0.000000 0.000000 0.000000 1.000000
-0.939820 -0.306788 -0.150396 -9.941000 0.258826 -0.926611 0.272765 -5.272400 -0.223040 0.217424 0.950253 -1.010900 0.000000 0.000000 0.000000 1.000000
-0.940043 -0.315342 -0.129917 -9.941000 0.263708 -0.913615 0.309462 -5.272400 -0.216280 0.256648 0.941995 -1.010900 0.000000 0.000000 0.000000 1.000000
-0.944489 -0.315825 -0.090525 -9.941000 0.264553 -0.894474 0.360454 -5.272400 -0.194813 0.316496 0.928374 -1.010900 0.000000 0.000000 0.000000 1.000000
-0.951553 -0.305191 -0.037501 -9.941000 0.265257 -0.876427 0.401889 -5.272400 -0.155520 0.372471 0.914920 -1.010900 0.000000 0.000000 0.000000 1.000000
-0.960600 -0.276792 0.025187 -9.941000 0.258400 -0.856028 0.447712 -5.272400 -0.102362 0.436581 0.893823 -1.010900 0.000000 0.000000 0.000000 1.000000
-0.965600 -0.256093 0.045089 -9.941000 0.243832 -0.831481 0.499185 -5.272400 -0.090347 0.493008 0.865321 -1.010900 0.000000 0.000000 0.000000 1.000000
-0.978465 -0.202079 0.042068 -9.941000 0.189477 -0.798496 0.571404 -5.272400 -0.081878 0.567070 0.819590 -1.010900 0.000000 0.000000 0.000000 1.000000
-0.988422 -0.151479 -0.008734 -9.941000 0.110636 -0.758920 0.641717 -5.272400 -0.103835 0.633321 0.766892 -1.010900 0.000000 0.000000 0.000000 1.000000
-0.993653 -0.084114 -0.074688 -9.941000 0.008747 -0.719735 0.694193 -5.272400 -0.112147 0.689134 0.715903 -1.010900 0.000000 0.000000 0.000000 1.000000
-0.989440 -0.038568 -0.139718 -9.941000 -0.076409 -0.680342 0.728901 -5.272400 -0.123168 0.731880 0.670210 -1.010900 0.000000 0.000000 0.000000 1.000000
-0.978828 -0.020526 -0.203651 -9.941000 -0.139793 -0.659719 0.738396 -5.272400 -0.149509 0.751232 0.642882 -1.010900 0.000000 0.000000 0.000000 1.000000
-0.972344 -0.017449 -0.232902 -9.941000 -0.163643 -0.660597 0.732689 -5.272400 -0.166639 0.750538 0.639472 -1.010900 0.000000 0.000000 0.000000 1.000000
-0.976604 -0.000788 -0.215044 -9.941000 -0.160377 -0.663518 0.730769 -5.272400 -0.143262 0.748160 0.647868 -1.010900 0.000000 0.000000 0.000000 1.000000
-0.988781 0.031242 -0.146066 -9.941000 -0.129341 -0.668219 0.732635 -5.272400 -0.074715 0.743308 0.664764 -1.010900 0.000000 0.000000 0.000000 1.000000
-0.993779 0.037509 -0.104863 -9.941000 -0.101079 -0.699073 0.707870 -5.272400 -0.046755 0.714066 0.698516 -1.010900 0.000000 0.000000 0.000000 1.000000
-0.994424 0.009105 -0.105064 -9.941000 -0.081287 -0.700882 0.708630 -5.272400 -0.067185 0.713219 0.697714 -1.010900 0.000000 0.000000 0.000000 1.000000
-0.991170 -0.061492 -0.117478 -9.941000 -0.041069 -0.700036 0.712925 -5.272400 -0.126078 0.711455 0.691329 -1.010900 0.000000 0.000000 0.000000 1.000000
-0.969715 -0.171263 -0.174130 -9.941000 0.010430 -0.741340 0.671049 -5.272400 -0.244015 0.648910 0.720674 -1.010900 0.000000 0.000000 0.000000 1.000000
-0.961931 -0.222295 -0.158977 -9.941000 0.089212 -0.805257 0.586176 -5.272400 -0.258322 0.549678 0.794433 -1.010900 0.000000 0.000000 0.000000 1.000000
-0.964020 -0.229361 -0.134386 -9.941000 0.143244 -0.874057 0.464225 -5.272400 -0.223937 0.428272 0.875463 -1.010900 0.000000 0.000000 0.000000 1.000000</float_array>
        <technique_common>
          <accessor source="#mixamorig_RightUpLeg-Matrix-animation-output-transform-array" count="23" stride="16">
            <param type="float4x4"/>
          </accessor>
        </technique_common>
      </source>
      <source id="mixamorig_RightUpLeg-Interpolations">
        <Name_array id="mixamorig_RightUpLeg-Interpolations-array" count="23">
 LINEAR LINEAR LINEAR LINEAR LINEAR LINEAR LINEAR LINEAR LINEAR LINEAR LINEAR
LINEAR LINEAR LINEAR LINEAR LINEAR LINEAR LINEAR LINEAR LINEAR LINEAR LINEAR LINEAR</Name_array>
        <technique_common>
          <accessor source="#mixamorig_RightUpLeg-Interpolations-array" count="23">
            <param type="name"/>
          </accessor>
        </technique_common>
      </source>
      <sampler id="mixamorig_RightUpLeg-Matrix-animation-transform">
        <input semantic="INPUT" source="#mixamorig_RightUpLeg-Matrix-animation-input"/>
        <input semantic="OUTPUT" source="#mixamorig_RightUpLeg-Matrix-animation-output-transform"/>
        <input semantic="INTERPOLATION" source="#mixamorig_RightUpLeg-Interpolations"/>
      </sampler>
      <channel source="#mixamorig_RightUpLeg-Matrix-animation-transform" target="mixamorig_RightUpLeg/matrix"/>
    </animation>
    <animation id="mixamorig_RightLeg-anim" name="mixamorig_RightLeg">
      <source id="mixamorig_RightLeg-Matrix-animation-input">
        <float_array id="mixamorig_RightLeg-Matrix-animation-input-array" count="23">

0.000000 0.033333 0.066667 0.100000 0.133333 0.166667 0.200000 0.233333 0.266667 0.300000 0.333333 0.366667 0.400000 0.433333 0.466667 0.500000
0.533333 0.566667 0.600000 0.633333 0.666667 0.700000 0.733333</float_array>
        <technique_common>
          <accessor source="#mixamorig_RightLeg-Matrix-animation-input-array" count="23">
            <param name="TIME" type="float"/>
          </accessor>
        </technique_common>
      </source>
      <source id="mixamorig_RightLeg-Matrix-animation-output-transform">
        <float_array id="mixamorig_RightLeg-Matrix-animation-output-transform-array" count="368">

0.986948 -0.026831 -0.158787 0.000000 0.146112 0.563779 0.812899 43.364799 0.067710 -0.825490 0.560341 -0.000000 0.000000 0.000000 0.000000 1.000000
0.990330 -0.021782 -0.137010 0.000000 0.109724 0.727318 0.677473 43.364799 0.084893 -0.685955 0.722675 0.000000 0.000000 0.000000 0.000000 1.000000
0.997239 -0.001976 -0.074231 0.000000 0.047231 0.788256 0.613532 43.364799 0.057301 -0.615345 0.786173 0.000000 0.000000 0.000000 0.000000 1.000000
0.999538 0.027639 -0.012675 -0.000000 -0.013807 0.783970 0.620645 43.364799 0.027091 -0.620183 0.783989 -0.000000 0.000000 0.000000 0.000000 1.000000
0.997784 0.066311 0.005404 0.000000 -0.054472 0.767599 0.638612 43.364799 0.038199 -0.637491 0.769510 -0.000000 0.000000 0.000000 0.000000 1.000000
0.993821 0.105691 0.033904 0.000000 -0.098474 0.698630 0.708674 43.364799 0.051214 -0.707634 0.704721 0.000000 0.000000 0.000000 0.000000 1.000000
0.994102 0.107606 -0.013504 0.000000 -0.056373 0.619092 0.783293 43.364799 0.092647 -0.777911 0.621506 0.000000 0.000000 0.000000 0.000000 1.000000
0.993486 0.101139 -0.052503 -0.000000 -0.009979 0.536183 0.844043 43.364799 0.113517 -0.838021 0.533700 -0.000000 0.000000 0.000000 0.000000 1.000000
0.996843 0.079402 -0.000047 0.000000 -0.038147 0.479433 0.876749 43.364799 0.069638 -0.873979 0.480948 -0.000000 0.000000 0.000000 0.000000 1.000000
0.995352 0.054508 0.079393 0.000000 -0.095123 0.427780 0.898864 43.364799 0.015032 -0.902238 0.430977 0.000000 0.000000 0.000000 0.000000 1.000000
0.993789 0.004210 0.111200 0.000000 -0.101875 0.436491 0.893922 43.364799 -0.044775 -0.899699 0.434209 0.000000 0.000000 0.000000 0.000000 1.000000
0.994286 -0.052169 0.093132 -0.000000 -0.055503 0.492591 0.868489 43.364799 -0.091184 -0.868696 0.486881 0.000000 0.000000 0.000000 0.000000 1.000000
0.992305 -0.123714 -0.005151 -0.000000 0.075653 0.572831 0.816175 43.364799 -0.098021 -0.810283 0.577783 -0.000000 0.000000 0.000000 0.000000 1.000000
0.974869 -0.196479 -0.105009 0.000000 0.212125 0.674628 0.707022 43.364799 -0.068073 -0.711528 0.699352 -0.000000 0.000000 0.000000 0.000000 1.000000
0.968596 -0.248068 -0.016866 -0.000000 0.204248 0.755146 0.622926 43.364799 -0.141792 -0.606808 0.782099 0.000000 0.000000 0.000000 0.000000 1.000000
0.966453 -0.242824 0.083701 0.000000 0.154030 0.808722 0.567664 43.364799 -0.205533 -0.535728 0.818994 0.000000 0.000000 0.000000 0.000000 1.000000
0.976904 -0.192608 0.092525 0.000000 0.111795 0.829727 0.546859 43.364799 -0.182100 -0.523885 0.832096 0.000000 0.000000 0.000000 0.000000 1.000000
0.986875 -0.160331 0.019268 0.000000 0.121820 0.817480 0.562927 43.364799 -0.106006 -0.553191 0.826282 0.000000 0.000000 0.000000 0.000000 1.000000
0.988120 -0.147618 -0.042763 -0.000000 0.135920 0.709507 0.691466 43.364799 -0.071733 -0.689064 0.721142 0.000000 0.000000 0.000000 0.000000 1.000000
0.989992 -0.113239 -0.084224 0.000000 0.133052 0.549930 0.824545 43.364799 -0.047053 -0.827499 0.559493 -0.000000 0.000000 0.000000 0.000000 1.000000
0.975775 -0.104297 -0.192315 0.000000 0.218776 0.465141 0.857777 43.364799 -0.000009 -0.879071 0.476691 -0.000000 0.000000 0.000000 0.000000 1.000000
0.974458 -0.080758 -0.209544 0.000000 0.222413 0.476014 0.850848 43.364799 0.031033 -0.875722 0.481817 -0.000000 0.000000 0.000000 0.000000 1.000000
0.986948 -0.026832 -0.158788 -0.000000 0.146113 0.563776 0.812901 43.364799 0.067709 -0.825492 0.560338 -0.000000 0.000000 0.000000 0.000000 1.000000</float_array>
        <technique_common>
          <accessor source="#mixamorig_RightLeg-Matrix-animation-output-transform-array" count="23" stride="16">
            <param type="float4x4"/>
          </accessor>
        </technique_common>
      </source>
      <source id="mixamorig_RightLeg-Interpolations">
        <Name_array id="mixamorig_RightLeg-Interpolations-array" count="23">
 LINEAR LINEAR LINEAR LINEAR LINEAR LINEAR LINEAR LINEAR LINEAR LINEAR LINEAR
LINEAR LINEAR LINEAR LINEAR LINEAR LINEAR LINEAR LINEAR LINEAR LINEAR LINEAR LINEAR</Name_array>
        <technique_common>
          <accessor source="#mixamorig_RightLeg-Interpolations-array" count="23">
            <param type="name"/>
          </accessor>
        </technique_common>
      </source>
      <sampler id="mixamorig_RightLeg-Matrix-animation-transform">
        <input semantic="INPUT" source="#mixamorig_RightLeg-Matrix-animation-input"/>
        <input semantic="OUTPUT" source="#mixamorig_RightLeg-Matrix-animation-output-transform"/>
        <input semantic="INTERPOLATION" source="#mixamorig_RightLeg-Interpolations"/>
      </sampler>
      <channel source="#mixamorig_RightLeg-Matrix-animation-transform" target="mixamorig_RightLeg/matrix"/>
    </animation>
    <animation id="mixamorig_RightFoot-anim" name="mixamorig_RightFoot">
      <source id="mixamorig_RightFoot-Matrix-animation-input">
        <float_array id="mixamorig_RightFoot-Matrix-animation-input-array" count="23">

0.000000 0.033333 0.066667 0.100000 0.133333 0.166667 0.200000 0.233333 0.266667 0.300000 0.333333 0.366667 0.400000 0.433333 0.466667 0.500000
0.533333 0.566667 0.600000 0.633333 0.666667 0.700000 0.733333</float_array>
        <technique_common>
          <accessor source="#mixamorig_RightFoot-Matrix-animation-input-array" count="23">
            <param name="TIME" type="float"/>
          </accessor>
        </technique_common>
      </source>
      <source id="mixamorig_RightFoot-Matrix-animation-output-transform">
        <float_array id="mixamorig_RightFoot-Matrix-animation-output-transform-array" count="368">

0.990633 0.112554 0.077320 -0.000000 0.053207 0.203324 -0.977665 44.493000 -0.125761 0.972621 0.195431 0.000000 0.000000 0.000000 0.000000 1.000000
0.986828 0.073542 0.144089 0.000000 0.121541 0.250758 -0.960389 44.493000 -0.106761 0.965252 0.238517 0.000000 0.000000 0.000000 0.000000 1.000000
0.986976 0.067697 0.145929 0.000000 0.106397 0.405686 -0.907799 44.493000 -0.120657 0.911502 0.393200 0.000000 0.000000 0.000000 0.000000 1.000000
0.990756 0.087463 0.103696 0.000000 0.025923 0.628252 -0.777578 44.493000 -0.133157 0.773078 0.620177 -0.000000 0.000000 0.000000 0.000000 1.000000
0.988260 0.150359 0.027099 0.000000 -0.112562 0.836488 -0.536299 44.493000 -0.103306 0.526953 0.843593 -0.000000 0.000000 0.000000 0.000000 1.000000
0.977116 0.211073 -0.026321 0.000000 -0.203718 0.893034 -0.401234 44.493000 -0.061183 0.397414 0.915597 -0.000000 0.000000 0.000000 0.000000 1.000000
0.964005 0.264775 -0.024258 0.000000 -0.250828 0.875357 -0.413323 44.493000 -0.088203 0.404530 0.910261 0.000000 0.000000 0.000000 0.000000 1.000000
0.963657 0.266545 -0.017844 0.000000 -0.244013 0.851073 -0.464901 44.493000 -0.108730 0.452359 0.885183 0.000000 0.000000 0.000000 0.000000 1.000000
0.962431 0.265671 -0.056079 0.000000 -0.255054 0.813715 -0.522317 44.493000 -0.093132 0.516998 0.850905 0.000000 0.000000 0.000000 0.000000 1.000000
0.959288 0.272539 -0.074089 0.000000 -0.256356 0.730142 -0.633383 44.493000 -0.118526 0.626589 0.770284 0.000000 0.000000 0.000000 0.000000 1.000000
0.969011 0.241751 -0.050737 0.000000 -0.208199 0.688780 -0.694431 44.493000 -0.132933 0.683475 0.717768 -0.000000 0.000000 0.000000 0.000000 1.000000
0.979526 0.201240 -0.005581 0.000000 -0.140022 0.661106 -0.737111 44.493000 -0.144647 0.722801 0.675748 0.000000 0.000000 0.000000 0.000000 1.000000
0.987197 0.140876 0.074804 0.000000 -0.028925 0.619314 -0.784611 44.493000 -0.156860 0.772402 0.615460 -0.000000 0.000000 0.000000 0.000000 1.000000
0.985417 0.101840 0.136312 0.000000 0.046607 0.608924 -0.791858 44.493000 -0.163647 0.786664 0.595298 -0.000000 0.000000 0.000000 0.000000 1.000000
0.990224 0.083618 0.111645 0.000000 0.043743 0.573866 -0.817780 44.493000 -0.132451 0.814669 0.564598 0.000000 0.000000 0.000000 0.000000 1.000000
0.990877 0.109917 0.077980 0.000000 0.004574 0.550859 -0.834586 44.493000 -0.134692 0.827329 0.545331 0.000000 0.000000 0.000000 0.000000 1.000000
0.986738 0.135225 0.089791 0.000000 -0.000752 0.556968 -0.830533 44.493000 -0.162319 0.819451 0.549683 0.000000 0.000000 0.000000 0.000000 1.000000
0.984679 0.168947 0.043188 -0.000000 -0.058839 0.555041 -0.829740 44.493000 -0.164153 0.814486 0.556477 0.000000 0.000000 0.000000 0.000000 1.000000
0.961415 0.258475 -0.094187 -0.000000 -0.212281 0.479275 -0.851606 44.493000 -0.174977 0.838741 0.515652 0.000000 0.000000 0.000000 0.000000 1.000000
0.975194 0.213329 -0.059051 0.000000 -0.135004 0.361815 -0.922423 44.493000 -0.175414 0.907513 0.381640 0.000000 0.000000 0.000000 0.000000 1.000000
0.979038 0.196604 -0.053210 0.000000 -0.101962 0.246938 -0.963652 44.493000 -0.176318 0.948878 0.261808 -0.000000 0.000000 0.000000 0.000000 1.000000
0.988053 0.153712 0.011097 0.000000 -0.016298 0.175826 -0.984286 44.493000 -0.153248 0.972347 0.176231 -0.000000 0.000000 0.000000 0.000000 1.000000
0.990633 0.112554 0.077320 0.000000 0.053206 0.203323 -0.977665 44.493000 -0.125761 0.972621 0.195430 -0.000000 0.000000 0.000000 0.000000 1.000000</float_array>
        <technique_common>
          <accessor source="#mixamorig_RightFoot-Matrix-animation-output-transform-array" count="23" stride="16">
            <param type="float4x4"/>
          </accessor>
        </technique_common>
      </source>
      <source id="mixamorig_RightFoot-Interpolations">
        <Name_array id="mixamorig_RightFoot-Interpolations-array" count="23">
 LINEAR LINEAR LINEAR LINEAR LINEAR LINEAR LINEAR LINEAR LINEAR LINEAR LINEAR
LINEAR LINEAR LINEAR LINEAR LINEAR LINEAR LINEAR LINEAR LINEAR LINEAR LINEAR LINEAR</Name_array>
        <technique_common>
          <accessor source="#mixamorig_RightFoot-Interpolations-array" count="23">
            <param type="name"/>
          </accessor>
        </technique_common>
      </source>
      <sampler id="mixamorig_RightFoot-Matrix-animation-transform">
        <input semantic="INPUT" source="#mixamorig_RightFoot-Matrix-animation-input"/>
        <input semantic="OUTPUT" source="#mixamorig_RightFoot-Matrix-animation-output-transform"/>
        <input semantic="INTERPOLATION" source="#mixamorig_RightFoot-Interpolations"/>
      </sampler>
      <channel source="#mixamorig_RightFoot-Matrix-animation-transform" target="mixamorig_RightFoot/matrix"/>
    </animation>
    <animation id="mixamorig_RightToeBase-anim" name="mixamorig_RightToeBase">
      <source id="mixamorig_RightToeBase-Matrix-animation-input">
        <float_array id="mixamorig_RightToeBase-Matrix-animation-input-array" count="23">

0.000000 0.033333 0.066667 0.100000 0.133333 0.166667 0.200000 0.233333 0.266667 0.300000 0.333333 0.366667 0.400000 0.433333 0.466667 0.500000
0.533333 0.566667 0.600000 0.633333 0.666667 0.700000 0.733333</float_array>
        <technique_common>
          <accessor source="#mixamorig_RightToeBase-Matrix-animation-input-array" count="23">
            <param name="TIME" type="float"/>
          </accessor>
        </technique_common>
      </source>
      <source id="mixamorig_RightToeBase-Matrix-animation-output-transform">
        <float_array id="mixamorig_RightToeBase-Matrix-animation-output-transform-array" count="368">

0.994821 -0.031979 0.096482 0.000000 0.092011 0.686673 -0.721120 20.000000 -0.043191 0.726263 0.686059 -0.000000 0.000000 0.000000 0.000000 1.000000
0.994821 -0.031978 0.096482 0.000000 0.092011 0.686673 -0.721120 20.000000 -0.043191 0.726263 0.686059 0.000000 0.000000 0.000000 0.000000 1.000000
0.976059 0.008165 0.217353 0.000000 0.162399 0.637403 -0.753222 20.000000 -0.144692 0.770487 0.620817 0.000000 0.000000 0.000000 0.000000 1.000000
0.919294 0.099282 0.380843 0.000000 0.284238 0.501833 -0.816929 20.000000 -0.272226 0.859248 0.433113 -0.000000 0.000000 0.000000 0.000000 1.000000
0.843228 0.138023 0.519534 -0.000000 0.396443 0.493042 -0.774430 20.000000 -0.363041 0.858987 0.361029 -0.000000 0.000000 0.000000 0.000000 1.000000
0.863554 0.146135 0.482617 -0.000000 0.344886 0.527058 -0.776700 20.000000 -0.367870 0.837170 0.404743 0.000000 0.000000 0.000000 0.000000 1.000000
0.867521 0.152189 0.473545 0.000000 0.299414 0.600451 -0.741492 20.000000 -0.397187 0.785046 0.475337 0.000000 0.000000 0.000000 0.000000 1.000000
0.872180 0.144266 0.467428 0.000000 0.319761 0.554997 -0.767939 20.000000 -0.370209 0.819247 0.437927 -0.000000 0.000000 0.000000 0.000000 1.000000
0.869742 0.147374 0.470987 0.000000 0.342251 0.507449 -0.790797 20.000000 -0.355545 0.848985 0.390911 0.000000 0.000000 0.000000 0.000000 1.000000
0.869992 0.131470 0.475216 0.000000 0.330039 0.560767 -0.759351 20.000000 -0.366317 0.817469 0.444473 0.000000 0.000000 0.000000 0.000000 1.000000
0.876347 0.096081 0.472000 0.000000 0.319827 0.616654 -0.719339 20.000000 -0.360176 0.781349 0.509674 -0.000000 0.000000 0.000000 0.000000 1.000000
0.944803 0.078080 0.318200 0.000000 0.186603 0.670048 -0.718481 20.000000 -0.269309 0.738200 0.618493 0.000000 0.000000 0.000000 0.000000 1.000000
0.994299 0.022664 0.104194 0.000000 0.043477 0.806067 -0.590225 20.000000 -0.097364 0.591390 0.800486 0.000000 0.000000 0.000000 0.000000 1.000000
0.988779 0.014059 0.148725 -0.000000 0.076379 0.808020 -0.584183 20.000000 -0.128386 0.588987 0.797879 0.000000 0.000000 0.000000 0.000000 1.000000
0.990034 0.005612 0.140715 0.000000 0.078204 0.809070 -0.582486 20.000000 -0.117117 0.587686 0.800568 0.000000 0.000000 0.000000 0.000000 1.000000
0.987349 0.023213 0.156853 0.000000 0.075250 0.802129 -0.592391 20.000000 -0.139567 0.596700 0.790234 -0.000000 0.000000 0.000000 0.000000 1.000000
0.981717 0.052433 0.182985 -0.000000 0.070787 0.791807 -0.606656 20.000000 -0.176697 0.608517 0.773618 0.000000 0.000000 0.000000 0.000000 1.000000
0.987987 0.022458 0.152897 0.000000 0.079847 0.772900 -0.629484 20.000000 -0.132311 0.634130 0.761822 0.000000 0.000000 0.000000 0.000000 1.000000
0.993423 -0.015933 0.113388 -0.000000 0.088817 0.732213 -0.675260 20.000000 -0.072265 0.680889 0.728813 -0.000000 0.000000 0.000000 0.000000 1.000000
0.994417 -0.027555 0.101859 -0.000000 0.090578 0.718101 -0.690019 20.000000 -0.054132 0.695393 0.716588 0.000000 0.000000 0.000000 0.000000 1.000000
0.995352 -0.048380 0.083272 0.000000 0.093196 0.701853 -0.706199 20.000000 -0.024279 0.710677 0.703099 0.000000 0.000000 0.000000 0.000000 1.000000
0.995351 -0.048192 0.083387 0.000000 0.093202 0.700177 -0.707860 20.000000 -0.024272 0.712341 0.701414 0.000000 0.000000 0.000000 0.000000 1.000000
0.994821 -0.031979 0.096482 0.000000 0.092011 0.686673 -0.721120 20.000000 -0.043191 0.726263 0.686059 0.000000 0.000000 0.000000 0.000000 1.000000</float_array>
        <technique_common>
          <accessor source="#mixamorig_RightToeBase-Matrix-animation-output-transform-array" count="23" stride="16">
            <param type="float4x4"/>
          </accessor>
        </technique_common>
      </source>
      <source id="mixamorig_RightToeBase-Interpolations">
        <Name_array id="mixamorig_RightToeBase-Interpolations-array" count="23">
 LINEAR LINEAR LINEAR LINEAR LINEAR LINEAR LINEAR LINEAR LINEAR LINEAR LINEAR
LINEAR LINEAR LINEAR LINEAR LINEAR LINEAR LINEAR LINEAR LINEAR LINEAR LINEAR LINEAR</Name_array>
        <technique_common>
          <accessor source="#mixamorig_RightToeBase-Interpolations-array" count="23">
            <param type="name"/>
          </accessor>
        </technique_common>
      </source>
      <sampler id="mixamorig_RightToeBase-Matrix-animation-transform">
        <input semantic="INPUT" source="#mixamorig_RightToeBase-Matrix-animation-input"/>
        <input semantic="OUTPUT" source="#mixamorig_RightToeBase-Matrix-animation-output-transform"/>
        <input semantic="INTERPOLATION" source="#mixamorig_RightToeBase-Interpolations"/>
      </sampler>
      <channel source="#mixamorig_RightToeBase-Matrix-animation-transform" target="mixamorig_RightToeBase/matrix"/>
    </animation>
    <animation id="mixamorig_LeftUpLeg-anim" name="mixamorig_LeftUpLeg">
      <source id="mixamorig_LeftUpLeg-Matrix-animation-input">
        <float_array id="mixamorig_LeftUpLeg-Matrix-animation-input-array" count="23">

0.000000 0.033333 0.066667 0.100000 0.133333 0.166667 0.200000 0.233333 0.266667 0.300000 0.333333 0.366667 0.400000 0.433333 0.466667 0.500000
0.533333 0.566667 0.600000 0.633333 0.666667 0.700000 0.733333</float_array>
        <technique_common>
          <accessor source="#mixamorig_LeftUpLeg-Matrix-animation-input-array" count="23">
            <param name="TIME" type="float"/>
          </accessor>
        </technique_common>
      </source>
      <source id="mixamorig_LeftUpLeg-Matrix-animation-output-transform">
        <float_array id="mixamorig_LeftUpLeg-Matrix-animation-output-transform-array" count="368">

-0.980708 0.194010 0.023901 9.618300 -0.092292 -0.567340 0.818295 -5.272300 0.172318 0.800303 0.574301 -1.010900 0.000000 0.000000 0.000000 1.000000
-0.978743 0.205087 0.001067 9.618300 -0.116697 -0.561179 0.819427 -5.272300 0.168653 0.801884 0.573183 -1.010900 0.000000 0.000000 0.000000 1.000000
-0.978730 0.205112 -0.004124 9.618300 -0.128658 -0.598008 0.791096 -5.272300 0.159797 0.774800 0.611678 -1.010900 0.000000 0.000000 0.000000 1.000000
-0.978222 0.207561 -0.000917 9.618300 -0.140246 -0.657703 0.740106 -5.272300 0.153014 0.724117 0.672489 -1.010900 0.000000 0.000000 0.000000 1.000000
-0.975135 0.221404 0.009566 9.618300 -0.157584 -0.723108 0.672519 -5.272300 0.155816 0.654290 0.740018 -1.010900 0.000000 0.000000 0.000000 1.000000
-0.968327 0.247397 0.033726 9.618300 -0.178715 -0.781069 0.598325 -5.272300 0.174367 0.573347 0.800543 -1.010900 0.000000 0.000000 0.000000 1.000000
-0.964472 0.258867 0.052747 9.618300 -0.185336 -0.805270 0.563197 -5.272300 0.188268 0.533411 0.824638 -1.010900 0.000000 0.000000 0.000000 1.000000
-0.965509 0.252196 0.064722 9.618300 -0.172752 -0.806483 0.565457 -5.272300 0.194803 0.534774 0.822234 -1.010900 0.000000 0.000000 0.000000 1.000000
-0.974212 0.206871 0.090082 9.618300 -0.122275 -0.819579 0.559766 -5.272300 0.189629 0.534316 0.823740 -1.010900 0.000000 0.000000 0.000000 1.000000
-0.979286 0.157332 0.127459 9.618300 -0.069353 -0.852031 0.518877 -5.272300 0.190235 0.499289 0.845294 -1.010900 0.000000 0.000000 0.000000 1.000000
-0.980399 0.105369 0.166476 9.618300 -0.020468 -0.894870 0.445857 -5.272300 0.195954 0.433711 0.879487 -1.010900 0.000000 0.000000 0.000000 1.000000
-0.979334 0.055184 0.194577 9.618300 0.016646 -0.936802 0.349465 -5.272300 0.201565 0.345481 0.916523 -1.010900 0.000000 0.000000 0.000000 1.000000
-0.984973 0.063465 0.160625 9.618300 -0.007284 -0.944474 0.328507 -5.272300 0.172555 0.322400 0.930743 -1.010900 0.000000 0.000000 0.000000 1.000000
-0.986709 0.070930 0.146200 9.618300 -0.017478 -0.940812 0.338479 -5.272300 0.161555 0.331425 0.929547 -1.010900 0.000000 0.000000 0.000000 1.000000
-0.989249 0.045890 0.138855 9.618300 0.006011 -0.935927 0.352143 -5.272300 0.146118 0.349191 0.925589 -1.010900 0.000000 0.000000 0.000000 1.000000
-0.991012 0.030339 0.130284 9.618300 0.023835 -0.918306 0.395152 -5.272300 0.131629 0.394706 0.909330 -1.010900 0.000000 0.000000 0.000000 1.000000
-0.992098 0.034473 0.120637 9.618300 0.025371 -0.886530 0.461976 -5.272300 0.122874 0.461386 0.878650 -1.010900 0.000000 0.000000 0.000000 1.000000
-0.992826 0.048586 0.109255 9.618300 0.017242 -0.846002 0.532901 -5.272300 0.118321 0.530962 0.839095 -1.010900 0.000000 0.000000 0.000000 1.000000
-0.992860 0.071491 0.095490 9.618300 0.001135 -0.794813 0.606853 -5.272300 0.119281 0.602628 0.789057 -1.010900 0.000000 0.000000 0.000000 1.000000
-0.991766 0.102106 0.077297 9.618300 -0.022189 -0.731459 0.681524 -5.272300 0.126127 0.674197 0.727702 -1.010900 0.000000 0.000000 0.000000 1.000000
-0.988919 0.139188 0.051627 9.618300 -0.053569 -0.658912 0.750310 -5.272300 0.138452 0.739231 0.659067 -1.010900 0.000000 0.000000 0.000000 1.000000
-0.984777 0.170832 0.032103 9.618300 -0.078291 -0.600818 0.795543 -5.272300 0.155192 0.780919 0.605047 -1.010900 0.000000 0.000000 0.000000 1.000000
-0.980708 0.194010 0.023902 9.618300 -0.092292 -0.567342 0.818294 -5.272300 0.172318 0.800302 0.574303 -1.010900 0.000000 0.000000 0.000000 1.000000</float_array>
        <technique_common>
          <accessor source="#mixamorig_LeftUpLeg-Matrix-animation-output-transform-array" count="23" stride="16">
            <param type="float4x4"/>
          </accessor>
        </technique_common>
      </source>
      <source id="mixamorig_LeftUpLeg-Interpolations">
        <Name_array id="mixamorig_LeftUpLeg-Interpolations-array" count="23">
 LINEAR LINEAR LINEAR LINEAR LINEAR LINEAR LINEAR LINEAR LINEAR LINEAR LINEAR
LINEAR LINEAR LINEAR LINEAR LINEAR LINEAR LINEAR LINEAR LINEAR LINEAR LINEAR LINEAR</Name_array>
        <technique_common>
          <accessor source="#mixamorig_LeftUpLeg-Interpolations-array" count="23">
            <param type="name"/>
          </accessor>
        </technique_common>
      </source>
      <sampler id="mixamorig_LeftUpLeg-Matrix-animation-transform">
        <input semantic="INPUT" source="#mixamorig_LeftUpLeg-Matrix-animation-input"/>
        <input semantic="OUTPUT" source="#mixamorig_LeftUpLeg-Matrix-animation-output-transform"/>
        <input semantic="INTERPOLATION" source="#mixamorig_LeftUpLeg-Interpolations"/>
      </sampler>
      <channel source="#mixamorig_LeftUpLeg-Matrix-animation-transform" target="mixamorig_LeftUpLeg/matrix"/>
    </animation>
    <animation id="mixamorig_LeftLeg-anim" name="mixamorig_LeftLeg">
      <source id="mixamorig_LeftLeg-Matrix-animation-input">
        <float_array id="mixamorig_LeftLeg-Matrix-animation-input-array" count="23">

0.000000 0.033333 0.066667 0.100000 0.133333 0.166667 0.200000 0.233333 0.266667 0.300000 0.333333 0.366667 0.400000 0.433333 0.466667 0.500000
0.533333 0.566667 0.600000 0.633333 0.666667 0.700000 0.733333</float_array>
        <technique_common>
          <accessor source="#mixamorig_LeftLeg-Matrix-animation-input-array" count="23">
            <param name="TIME" type="float"/>
          </accessor>
        </technique_common>
      </source>
      <source id="mixamorig_LeftLeg-Matrix-animation-output-transform">
        <float_array id="mixamorig_LeftLeg-Matrix-animation-output-transform-array" count="368">

0.974310 0.011170 0.224932 -0.000000 -0.216954 -0.221384 0.950747 43.365002 0.060416 -0.975123 -0.213273 0.000000 0.000000 0.000000 0.000000 1.000000
0.977426 0.000168 0.211280 0.000000 -0.211219 -0.023184 0.977164 43.365002 0.005063 -0.999731 -0.022625 0.000000 0.000000 0.000000 0.000000 1.000000
0.985370 -0.010568 0.170103 -0.000000 -0.163710 0.218832 0.961931 43.365002 -0.047390 -0.975705 0.213900 0.000000 0.000000 0.000000 0.000000 1.000000
0.992122 -0.020858 0.123525 -0.000000 -0.099571 0.467068 0.878597 43.365002 -0.076020 -0.883975 0.461311 0.000000 0.000000 0.000000 0.000000 1.000000
0.994906 -0.029593 0.096368 0.000000 -0.051004 0.676800 0.734398 43.365002 -0.086954 -0.735572 0.671843 0.000000 0.000000 0.000000 0.000000 1.000000
0.991494 -0.035090 0.125335 0.000000 -0.042213 0.824219 0.564695 43.365002 -0.123118 -0.565183 0.815727 -0.000000 0.000000 0.000000 0.000000 1.000000
0.984543 -0.047340 0.168626 0.000000 -0.052093 0.840059 0.539988 43.365002 -0.167219 -0.540425 0.824608 0.000000 0.000000 0.000000 0.000000 1.000000
0.979766 -0.065927 0.188979 0.000000 -0.072689 0.762519 0.642870 43.365002 -0.186483 -0.643598 0.742297 0.000000 0.000000 0.000000 0.000000 1.000000
0.981599 -0.080833 0.173002 0.000000 -0.088441 0.610510 0.787055 43.365002 -0.169239 -0.787872 0.592127 0.000000 0.000000 0.000000 0.000000 1.000000
0.983078 -0.086317 0.161578 -0.000000 -0.091215 0.534263 0.840383 43.365002 -0.158865 -0.840900 0.517349 0.000000 0.000000 0.000000 0.000000 1.000000
0.984057 -0.084875 0.156293 0.000000 -0.083819 0.553743 0.828458 43.365002 -0.156862 -0.828351 0.537801 0.000000 0.000000 0.000000 0.000000 1.000000
0.984498 -0.077007 0.157586 0.000000 -0.069865 0.651934 0.755050 43.365002 -0.160880 -0.754355 0.636448 0.000000 0.000000 0.000000 0.000000 1.000000
0.993084 0.037234 0.111342 0.000000 -0.109192 0.641349 0.759440 43.365002 -0.043132 -0.766345 0.640979 0.000000 0.000000 0.000000 0.000000 1.000000
0.985195 0.087039 0.147699 -0.000000 -0.169685 0.617939 0.767696 43.365002 -0.024449 -0.781393 0.623560 -0.000000 0.000000 0.000000 0.000000 1.000000
0.964645 0.056855 0.257346 -0.000000 -0.237415 0.611413 0.754856 43.365002 -0.114428 -0.789266 0.603295 -0.000000 0.000000 0.000000 0.000000 1.000000
0.910841 0.024175 0.412049 -0.000000 -0.356267 0.550145 0.755258 43.365002 -0.208428 -0.834719 0.509707 -0.000000 0.000000 0.000000 0.000000 1.000000
0.890292 0.014219 0.455168 0.000000 -0.416920 0.427517 0.802126 43.365002 -0.183187 -0.903895 0.386543 -0.000000 0.000000 0.000000 0.000000 1.000000
0.887838 0.008672 0.460075 0.000000 -0.444652 0.273523 0.852919 43.365002 -0.118445 -0.961826 0.246700 -0.000000 0.000000 0.000000 0.000000 1.000000
0.900955 0.007006 0.433856 0.000000 -0.432201 0.103207 0.895852 43.365002 -0.038500 -0.994635 0.096013 0.000000 0.000000 0.000000 0.000000 1.000000
0.921861 0.008040 0.387436 0.000000 -0.386474 -0.054338 0.920698 43.365002 0.028455 -0.998490 -0.046985 0.000000 0.000000 0.000000 0.000000 1.000000
0.944037 0.010558 0.329670 0.000000 -0.323319 -0.168135 0.931233 43.365002 0.065261 -0.985707 -0.155312 0.000000 0.000000 0.000000 0.000000 1.000000
0.956953 0.011935 0.289997 0.000000 -0.279811 -0.227532 0.932703 43.365002 0.077116 -0.973698 -0.214397 0.000000 0.000000 0.000000 0.000000 1.000000
0.974310 0.011169 0.224932 0.000000 -0.216955 -0.221386 0.950747 43.365002 0.060416 -0.975122 -0.213275 0.000000 0.000000 0.000000 0.000000 1.000000</float_array>
        <technique_common>
          <accessor source="#mixamorig_LeftLeg-Matrix-animation-output-transform-array" count="23" stride="16">
            <param type="float4x4"/>
          </accessor>
        </technique_common>
      </source>
      <source id="mixamorig_LeftLeg-Interpolations">
        <Name_array id="mixamorig_LeftLeg-Interpolations-array" count="23">
 LINEAR LINEAR LINEAR LINEAR LINEAR LINEAR LINEAR LINEAR LINEAR LINEAR LINEAR
LINEAR LINEAR LINEAR LINEAR LINEAR LINEAR LINEAR LINEAR LINEAR LINEAR LINEAR LINEAR</Name_array>
        <technique_common>
          <accessor source="#mixamorig_LeftLeg-Interpolations-array" count="23">
            <param type="name"/>
          </accessor>
        </technique_common>
      </source>
      <sampler id="mixamorig_LeftLeg-Matrix-animation-transform">
        <input semantic="INPUT" source="#mixamorig_LeftLeg-Matrix-animation-input"/>
        <input semantic="OUTPUT" source="#mixamorig_LeftLeg-Matrix-animation-output-transform"/>
        <input semantic="INTERPOLATION" source="#mixamorig_LeftLeg-Interpolations"/>
      </sampler>
      <channel source="#mixamorig_LeftLeg-Matrix-animation-transform" target="mixamorig_LeftLeg/matrix"/>
    </animation>
    <animation id="mixamorig_LeftFoot-anim" name="mixamorig_LeftFoot">
      <source id="mixamorig_LeftFoot-Matrix-animation-input">
        <float_array id="mixamorig_LeftFoot-Matrix-animation-input-array" count="23">

0.000000 0.033333 0.066667 0.100000 0.133333 0.166667 0.200000 0.233333 0.266667 0.300000 0.333333 0.366667 0.400000 0.433333 0.466667 0.500000
0.533333 0.566667 0.600000 0.633333 0.666667 0.700000 0.733333</float_array>
        <technique_common>
          <accessor source="#mixamorig_LeftFoot-Matrix-animation-input-array" count="23">
            <param name="TIME" type="float"/>
          </accessor>
        </technique_common>
      </source>
      <source id="mixamorig_LeftFoot-Matrix-animation-output-transform">
        <float_array id="mixamorig_LeftFoot-Matrix-animation-output-transform-array" count="368">

0.991914 -0.033984 -0.122276 0.000000 -0.044607 0.808644 -0.586605 44.493000 0.118813 0.587316 0.800589 -0.000000 0.000000 0.000000 0.000000 1.000000
0.991602 -0.038792 -0.123370 -0.000000 -0.049971 0.764931 -0.642170 44.493000 0.119280 0.642943 0.756569 -0.000000 0.000000 0.000000 0.000000 1.000000
0.991585 -0.050132 -0.119357 0.000000 -0.050237 0.700715 -0.711670 44.493000 0.119313 0.711677 0.692300 -0.000000 0.000000 0.000000 0.000000 1.000000
0.991383 -0.058566 -0.117177 0.000000 -0.054339 0.630054 -0.774648 44.493000 0.119196 0.774340 0.621442 0.000000 0.000000 0.000000 0.000000 1.000000
0.990543 -0.058376 -0.124161 0.000000 -0.068888 0.571002 -0.818053 44.493000 0.118651 0.818870 0.561581 0.000000 0.000000 0.000000 0.000000 1.000000
0.987050 -0.043466 -0.154412 0.000000 -0.111877 0.503315 -0.856830 44.493000 0.114961 0.863009 0.491934 0.000000 0.000000 0.000000 0.000000 1.000000
0.986124 -0.031994 -0.162897 0.000000 -0.124444 0.506994 -0.852919 44.493000 0.109876 0.861356 0.495977 0.000000 0.000000 0.000000 0.000000 1.000000
0.988526 -0.037803 -0.146247 0.000000 -0.111827 0.467721 -0.876773 44.493000 0.101547 0.883067 0.458127 -0.000000 0.000000 0.000000 0.000000 1.000000
0.989252 -0.109412 -0.097008 0.000000 -0.061276 0.292172 -0.954401 44.493000 0.132766 0.950087 0.282328 -0.000000 0.000000 0.000000 0.000000 1.000000
0.985890 -0.162988 -0.038162 0.000000 -0.011292 0.162703 -0.986610 44.493000 0.167015 0.973120 0.158567 0.000000 0.000000 0.000000 0.000000 1.000000
0.979144 -0.201807 0.023475 -0.000000 0.041749 0.086777 -0.995353 44.493000 0.198832 0.975573 0.093392 0.000000 0.000000 0.000000 0.000000 1.000000
0.970339 -0.228478 0.078996 0.000000 0.096167 0.065006 -0.993240 44.493000 0.221798 0.971376 0.085050 0.000000 0.000000 0.000000 0.000000 1.000000
0.954816 -0.205708 0.214501 -0.000000 0.230509 0.057010 -0.971399 44.493000 0.187596 0.976951 0.101852 0.000000 0.000000 0.000000 0.000000 1.000000
0.972638 -0.146410 0.180387 0.000000 0.211187 0.233580 -0.949126 44.493000 0.096827 0.961252 0.258109 0.000000 0.000000 0.000000 0.000000 1.000000
0.997659 0.041337 -0.054483 -0.000000 -0.068194 0.541118 -0.838177 44.493000 -0.005166 0.839930 0.542670 0.000000 0.000000 0.000000 0.000000 1.000000
0.950461 0.181729 -0.252186 -0.000000 -0.307368 0.670440 -0.675304 44.493000 0.046354 0.719364 0.693085 0.000000 0.000000 0.000000 0.000000 1.000000
0.931814 0.224477 -0.285190 -0.000000 -0.357538 0.702787 -0.615026 44.493000 0.062369 0.675056 0.735126 0.000000 0.000000 0.000000 0.000000 1.000000
0.937469 0.212415 -0.275738 -0.000000 -0.341062 0.718735 -0.605885 44.493000 0.069483 0.662042 0.746239 0.000000 0.000000 0.000000 0.000000 1.000000
0.955829 0.165580 -0.242847 -0.000000 -0.285046 0.723729 -0.628463 44.493000 0.071694 0.669925 0.738959 -0.000000 0.000000 0.000000 0.000000 1.000000
0.973185 0.108029 -0.203078 0.000000 -0.216920 0.724734 -0.653992 44.493000 0.076527 0.680507 0.728734 0.000000 0.000000 0.000000 0.000000 1.000000
0.984353 0.055386 -0.167279 0.000000 -0.153499 0.735709 -0.659674 44.493000 0.086532 0.675029 0.732699 0.000000 0.000000 0.000000 0.000000 1.000000
0.988322 -0.008126 -0.152165 0.000000 -0.092967 0.759045 -0.644366 44.493000 0.120736 0.650987 0.749425 -0.000000 0.000000 0.000000 0.000000 1.000000
0.991914 -0.033985 -0.122276 0.000000 -0.044607 0.808642 -0.586608 44.493000 0.118813 0.587319 0.800587 0.000000 0.000000 0.000000 0.000000 1.000000</float_array>
        <technique_common>
          <accessor source="#mixamorig_LeftFoot-Matrix-animation-output-transform-array" count="23" stride="16">
            <param type="float4x4"/>
          </accessor>
        </technique_common>
      </source>
      <source id="mixamorig_LeftFoot-Interpolations">
        <Name_array id="mixamorig_LeftFoot-Interpolations-array" count="23">
 LINEAR LINEAR LINEAR LINEAR LINEAR LINEAR LINEAR LINEAR LINEAR LINEAR LINEAR
LINEAR LINEAR LINEAR LINEAR LINEAR LINEAR LINEAR LINEAR LINEAR LINEAR LINEAR LINEAR</Name_array>
        <technique_common>
          <accessor source="#mixamorig_LeftFoot-Interpolations-array" count="23">
            <param type="name"/>
          </accessor>
        </technique_common>
      </source>
      <sampler id="mixamorig_LeftFoot-Matrix-animation-transform">
        <input semantic="INPUT" source="#mixamorig_LeftFoot-Matrix-animation-input"/>
        <input semantic="OUTPUT" source="#mixamorig_LeftFoot-Matrix-animation-output-transform"/>
        <input semantic="INTERPOLATION" source="#mixamorig_LeftFoot-Interpolations"/>
      </sampler>
      <channel source="#mixamorig_LeftFoot-Matrix-animation-transform" target="mixamorig_LeftFoot/matrix"/>
    </animation>
    <animation id="mixamorig_LeftToeBase-anim" name="mixamorig_LeftToeBase">
      <source id="mixamorig_LeftToeBase-Matrix-animation-input">
        <float_array id="mixamorig_LeftToeBase-Matrix-animation-input-array" count="23">

0.000000 0.033333 0.066667 0.100000 0.133333 0.166667 0.200000 0.233333 0.266667 0.300000 0.333333 0.366667 0.400000 0.433333 0.466667 0.500000
0.533333 0.566667 0.600000 0.633333 0.666667 0.700000 0.733333</float_array>
        <technique_common>
          <accessor source="#mixamorig_LeftToeBase-Matrix-animation-input-array" count="23">
            <param name="TIME" type="float"/>
          </accessor>
        </technique_common>
      </source>
      <source id="mixamorig_LeftToeBase-Matrix-animation-output-transform">
        <float_array id="mixamorig_LeftToeBase-Matrix-animation-output-transform-array" count="368">

0.992672 -0.115942 0.034050 0.000000 0.116251 0.839383 -0.530963 20.000000 0.032979 0.531031 0.846710 -0.000000 0.000000 0.000000 0.000000 1.000000
0.995999 -0.088708 -0.010824 -0.000000 0.068834 0.838766 -0.540124 20.000000 0.056993 0.537218 0.841516 -0.000000 0.000000 0.000000 0.000000 1.000000
0.995387 -0.061568 -0.073584 0.000000 0.008029 0.817710 -0.575575 20.000000 0.095607 0.572329 0.814432 0.000000 0.000000 0.000000 0.000000 1.000000
0.994383 -0.033552 -0.100384 0.000000 -0.027227 0.835422 -0.548934 20.000000 0.102281 0.548584 0.829816 0.000000 0.000000 0.000000 0.000000 1.000000
0.991696 -0.015535 -0.127664 0.000000 -0.057659 0.833613 -0.549332 20.000000 0.114956 0.552131 0.825794 0.000000 0.000000 0.000000 0.000000 1.000000
0.991660 -0.012661 -0.128258 -0.000000 -0.060496 0.832992 -0.549968 20.000000 0.113801 0.553141 0.825279 0.000000 0.000000 0.000000 0.000000 1.000000
0.992960 -0.017106 -0.117210 0.000000 -0.050660 0.833123 -0.550762 20.000000 0.107072 0.552823 0.826392 -0.000000 0.000000 0.000000 0.000000 1.000000
0.995750 -0.022217 -0.089374 0.000000 -0.031903 0.827159 -0.561062 20.000000 0.086392 0.561529 0.822935 -0.000000 0.000000 0.000000 0.000000 1.000000
0.995755 -0.022217 -0.089320 0.000000 -0.031875 0.827141 -0.561090 20.000000 0.086346 0.561556 0.822921 0.000000 0.000000 0.000000 0.000000 1.000000
0.995756 -0.022218 -0.089315 0.000000 -0.031872 0.827139 -0.561093 20.000000 0.086342 0.561558 0.822920 -0.000000 0.000000 0.000000 0.000000 1.000000
0.995754 -0.022217 -0.089329 0.000000 -0.031880 0.827144 -0.561086 20.000000 0.086354 0.561551 0.822924 0.000000 0.000000 0.000000 0.000000 1.000000
0.995754 -0.022217 -0.089335 0.000000 -0.031883 0.827146 -0.561083 20.000000 0.086358 0.561549 0.822925 -0.000000 0.000000 0.000000 0.000000 1.000000
0.992379 0.040422 -0.116401 -0.000000 -0.094195 0.857868 -0.505162 20.000000 0.079437 0.512277 0.855139 -0.000000 0.000000 0.000000 0.000000 1.000000
0.995933 0.080825 0.039817 0.000000 -0.041968 0.807191 -0.588796 20.000000 -0.079729 0.584730 0.807300 0.000000 0.000000 0.000000 0.000000 1.000000
0.939817 0.119424 0.320128 0.000000 0.172420 0.643122 -0.746100 20.000000 -0.294984 0.756394 0.583826 0.000000 0.000000 0.000000 0.000000 1.000000
0.949606 0.069931 0.305547 0.000000 0.189646 0.647951 -0.737695 20.000000 -0.249567 0.758465 0.602036 -0.000000 0.000000 0.000000 0.000000 1.000000
0.948216 0.048631 0.313882 0.000000 0.206844 0.655400 -0.726407 20.000000 -0.241044 0.753715 0.611401 0.000000 0.000000 0.000000 0.000000 1.000000
0.952120 0.030217 0.304228 0.000000 0.204979 0.675211 -0.708572 20.000000 -0.226829 0.737006 0.636688 0.000000 0.000000 0.000000 0.000000 1.000000
0.964462 0.007991 0.264100 0.000000 0.180093 0.711511 -0.679205 20.000000 -0.193338 0.702630 0.684786 0.000000 0.000000 0.000000 0.000000 1.000000
0.978374 -0.017957 0.206063 0.000000 0.148907 0.752602 -0.641418 20.000000 -0.143566 0.658231 0.739000 0.000000 0.000000 0.000000 0.000000 1.000000
0.988969 -0.048111 0.140089 -0.000000 0.123393 0.790790 -0.599520 20.000000 -0.081938 0.610193 0.788004 0.000000 0.000000 0.000000 0.000000 1.000000
0.993542 -0.081548 0.078895 0.000000 0.111858 0.820572 -0.560491 20.000000 -0.019033 0.565696 0.824394 -0.000000 0.000000 0.000000 0.000000 1.000000
0.992672 -0.115942 0.034050 0.000000 0.116251 0.839383 -0.530964 20.000000 0.032980 0.531032 0.846710 -0.000000 0.000000 0.000000 0.000000 1.000000</float_array>
        <technique_common>
          <accessor source="#mixamorig_LeftToeBase-Matrix-animation-output-transform-array" count="23" stride="16">
            <param type="float4x4"/>
          </accessor>
        </technique_common>
      </source>
      <source id="mixamorig_LeftToeBase-Interpolations">
        <Name_array id="mixamorig_LeftToeBase-Interpolations-array" count="23">
 LINEAR LINEAR LINEAR LINEAR LINEAR LINEAR LINEAR LINEAR LINEAR LINEAR LINEAR
LINEAR LINEAR LINEAR LINEAR LINEAR LINEAR LINEAR LINEAR LINEAR LINEAR LINEAR LINEAR</Name_array>
        <technique_common>
          <accessor source="#mixamorig_LeftToeBase-Interpolations-array" count="23">
            <param type="name"/>
          </accessor>
        </technique_common>
      </source>
      <sampler id="mixamorig_LeftToeBase-Matrix-animation-transform">
        <input semantic="INPUT" source="#mixamorig_LeftToeBase-Matrix-animation-input"/>
        <input semantic="OUTPUT" source="#mixamorig_LeftToeBase-Matrix-animation-output-transform"/>
        <input semantic="INTERPOLATION" source="#mixamorig_LeftToeBase-Interpolations"/>
      </sampler>
      <channel source="#mixamorig_LeftToeBase-Matrix-animation-transform" target="mixamorig_LeftToeBase/matrix"/>
    </animation>
  </library_animations>
  <library_visual_scenes>
    <visual_scene id="RootNode" name="RootNode">
      <node id="mixamorig_Hips" name="mixamorig_Hips" sid="mixamorig_Hips" type="JOINT">
        <matrix sid="matrix">0.815167 -0.029329 -0.578482 -0.448932 -0.034265 0.994526 -0.098708 95.185791 0.578211 0.100285 0.809701 0.949514 0.000000 0.000000 0.000000 1.000000</matrix>
        <node id="mixamorig_Spine" name="mixamorig_Spine" sid="mixamorig_Spine" type="JOINT">
          <matrix sid="matrix">0.999742 -0.000415 -0.022708 -0.038100 -0.001753 0.995440 -0.095375 9.490500 0.022644 0.095390 0.995182 -1.392100 0.000000 0.000000 0.000000 1.000000</matrix>
          <node id="mixamorig_Spine1" name="mixamorig_Spine1" sid="mixamorig_Spine1" type="JOINT">
            <matrix sid="matrix">0.998617 0.019402 -0.048858 0.000000 -0.028880 0.979066 -0.201485 11.190800 0.043925 0.202618 0.978272 0.000000 0.000000 0.000000 0.000000 1.000000</matrix>
            <node id="mixamorig_Spine2" name="mixamorig_Spine2" sid="mixamorig_Spine2" type="JOINT">
              <matrix sid="matrix">0.998536 0.026306 -0.047263 -0.000000 -0.032754 0.989425 -0.141296 12.789500 0.043047 0.142637 0.988839 0.000000 0.000000 0.000000 0.000000 1.000000</matrix>
              <node id="mixamorig_Neck" name="mixamorig_Neck" sid="mixamorig_Neck" type="JOINT">
                <matrix sid="matrix">0.962562 -0.169664 0.211399 -0.056900 0.010960 0.803610 0.595056 14.235800 -0.270841 -0.570461 0.775383 -2.088100 0.000000 0.000000 0.000000 1.000000</matrix>
                <node id="mixamorig_Head" name="mixamorig_Head" sid="mixamorig_Head" type="JOINT">
                  <matrix sid="matrix">0.922497 0.071904 0.379249 -0.000000 0.042299 0.957750 -0.284475 3.280200 -0.383680 0.278469 0.880479 0.313300 0.000000 0.000000 0.000000 1.000000</matrix>
                  <node id="mixamorig_HeadTop_End" name="mixamorig_HeadTop_End" sid="mixamorig_HeadTop_End" type="JOINT">
                    <matrix sid="matrix">1.000000 0.000000 0.000000 0.000000 -0.000000 1.000000 -0.000000 25.653500 0.000000 0.000000 1.000000 2.450500 0.000000 0.000000 0.000000 1.000000</matrix>
                  </node>
                </node>
              </node>
              <node id="mixamorig_LeftShoulder" name="mixamorig_LeftShoulder" sid="mixamorig_LeftShoulder" type="JOINT">
                <matrix sid="matrix">0.040322 0.952916 -0.300540 6.728800 0.083147 -0.302942 -0.949375 11.756600 -0.995721 0.013291 -0.091447 -2.058500 0.000000 0.000000 0.000000 1.000000</matrix>
                <node id="mixamorig_LeftArm" name="mixamorig_LeftArm" sid="mixamorig_LeftArm" type="JOINT">
                  <matrix sid="matrix">0.980653 -0.152863 0.122284 0.000000 0.187253 0.914625 -0.358325 14.448800 -0.057069 0.374291 0.925554 0.000000 0.000000 0.000000 0.000000 1.000000</matrix>
                  <node id="mixamorig_LeftForeArm" name="mixamorig_LeftForeArm" sid="mixamorig_LeftForeArm" type="JOINT">
                    <matrix sid="matrix">0.260950 -0.949070 -0.176553 0.000000 0.923790 0.298590 -0.239701 23.160299 0.280210 -0.100548 0.954658 0.000000 0.000000 0.000000 0.000000 1.000000</matrix>
                    <node id="mixamorig_LeftHand" name="mixamorig_LeftHand" sid="mixamorig_LeftHand" type="JOINT">
                      <matrix sid="matrix">0.891055 -0.453820 -0.008256 0.000000 0.446465 0.873047 0.196107 24.071800 -0.081790 -0.178428 0.980548 0.000000 0.000000 0.000000 0.000000 1.000000</matrix>
                      <node id="mixamorig_LeftHandThumb1" name="mixamorig_LeftHandThumb1" sid="mixamorig_LeftHandThumb1" type="JOINT">
                        <matrix sid="matrix">0.199504 -0.315790 0.927618 -1.509000 0.700073 0.708305 0.090564 4.173400 -0.685635 0.631332 0.362386 1.926500 0.000000 0.000000 0.000000 1.000000</matrix>
                        <node id="mixamorig_LeftHandThumb2" name="mixamorig_LeftHandThumb2" sid="mixamorig_LeftHandThumb2" type="JOINT">
                          <matrix sid="matrix">0.963623 0.184734 -0.193142 0.000000 -0.204876 0.974646 -0.089952 3.870400 0.171628 0.126250 0.977039 -0.000000 0.000000 0.000000 0.000000 1.000000</matrix>
                          <node id="mixamorig_LeftHandThumb3" name="mixamorig_LeftHandThumb3" sid="mixamorig_LeftHandThumb3" type="JOINT">
                            <matrix sid="matrix">0.952137 0.301742 -0.048857 0.000000 -0.305668 0.939075 -0.157181 4.710600 -0.001548 0.164592 0.986360 0.000000 0.000000 0.000000 0.000000 1.000000</matrix>
                            <node id="mixamorig_LeftHandThumb4" name="mixamorig_LeftHandThumb4" sid="mixamorig_LeftHandThumb4" type="JOINT">
                              <matrix sid="matrix">1.000000 0.000000 -0.000000 0.000000 0.000000 1.000000 0.000000 3.830400 0.000000 0.000000 1.000000 0.000000 0.000000 0.000000 0.000000 1.000000</matrix>
                            </node>
                          </node>
                        </node>
                      </node>
                      <node id="mixamorig_LeftHandIndex1" name="mixamorig_LeftHandIndex1" sid="mixamorig_LeftHandIndex1" type="JOINT">
                        <matrix sid="matrix">0.986395 -0.045836 0.157875 -2.855500 0.131996 0.793267 -0.594394 14.669400 -0.097992 0.607146 0.788525 0.398800 0.000000 0.000000 0.000000 1.000000</matrix>
                        <node id="mixamorig_LeftHandIndex2" name="mixamorig_LeftHandIndex2" sid="mixamorig_LeftHandIndex2" type="JOINT">
                          <matrix sid="matrix">0.997605 -0.006902 0.068820 0.000000 0.066702 0.359188 -0.930879 3.248600 -0.018294 0.933240 0.358788 0.000000 0.000000 0.000000 0.000000 1.000000</matrix>
                          <node id="mixamorig_LeftHandIndex3" name="mixamorig_LeftHandIndex3" sid="mixamorig_LeftHandIndex3" type="JOINT">
                            <matrix sid="matrix">0.998568 -0.016911 0.050757 0.000000 0.052787 0.465790 -0.883319 2.659600 -0.008704 0.884733 0.466016 0.000000 0.000000 0.000000 0.000000 1.000000</matrix>
                            <node id="mixamorig_LeftHandIndex4" name="mixamorig_LeftHandIndex4" sid="mixamorig_LeftHandIndex4" type="JOINT">
                              <matrix sid="matrix">1.000000 -0.000000 -0.000000 0.000000 0.000000 1.000000 -0.000000 3.633200 0.000000 -0.000000 1.000000 0.000000 0.000000 0.000000 0.000000 1.000000</matrix>
                            </node>
                          </node>
                        </node>
                      </node>
                      <node id="mixamorig_LeftHandMiddle1" name="mixamorig_LeftHandMiddle1" sid="mixamorig_LeftHandMiddle1" type="JOINT">
                        <matrix sid="matrix">0.987961 -0.105332 0.113303 0.000000 0.154576 0.701568 -0.695636 14.409800 -0.006217 0.704775 0.709404 0.000000 0.000000 0.000000 0.000000 1.000000</matrix>
                        <node id="mixamorig_LeftHandMiddle2" name="mixamorig_LeftHandMiddle2" sid="mixamorig_LeftHandMiddle2" type="JOINT">
                          <matrix sid="matrix">0.998228 -0.039529 0.044467 0.000000 0.055901 0.367262 -0.928436 3.259100 0.020370 0.929277 0.368821 0.000000 0.000000 0.000000 0.000000 1.000000</matrix>
                          <node id="mixamorig_LeftHandMiddle3" name="mixamorig_LeftHandMiddle3" sid="mixamorig_LeftHandMiddle3" type="JOINT">
                            <matrix sid="matrix">0.999366 -0.034588 0.008487 0.000000 0.031645 0.753100 -0.657145 2.639900 0.016337 0.656997 0.753716 -0.000000 0.000000 0.000000 0.000000 1.000000</matrix>
                            <node id="mixamorig_LeftHandMiddle4" name="mixamorig_LeftHandMiddle4" sid="mixamorig_LeftHandMiddle4" type="JOINT">
                              <matrix sid="matrix">1.000000 0.000000 0.000000 -0.000000 0.000000 1.000000 -0.000000 3.673900 0.000000 0.000000 1.000000 0.000000 0.000000 0.000000 0.000000 1.000000</matrix>
                            </node>
                          </node>
                        </node>
                      </node>
                      <node id="mixamorig_LeftHandRing1" name="mixamorig_LeftHandRing1" sid="mixamorig_LeftHandRing1" type="JOINT">
                        <matrix sid="matrix">0.989344 -0.141469 -0.034436 3.304900 0.065673 0.644668 -0.761637 13.191500 0.129948 0.751259 0.647089 -0.322000 0.000000 0.000000 0.000000 1.000000</matrix>
                        <node id="mixamorig_LeftHandRing2" name="mixamorig_LeftHandRing2" sid="mixamorig_LeftHandRing2" type="JOINT">
                          <matrix sid="matrix">0.999492 -0.029132 0.012930 -0.000000 0.029102 0.668698 -0.742964 2.717600 0.012997 0.742963 0.669206 0.000000 0.000000 0.000000 0.000000 1.000000</matrix>
                          <node id="mixamorig_LeftHandRing3" name="mixamorig_LeftHandRing3" sid="mixamorig_LeftHandRing3" type="JOINT">
                            <matrix sid="matrix">0.999383 -0.030510 0.017424 0.000000 0.032116 0.592178 -0.805167 2.134500 0.014247 0.805229 0.592792 0.000000 0.000000 0.000000 0.000000 1.000000</matrix>
                            <node id="mixamorig_LeftHandRing4" name="mixamorig_LeftHandRing4" sid="mixamorig_LeftHandRing4" type="JOINT">
                              <matrix sid="matrix">1.000000 0.000000 -0.000000 0.000000 0.000000 1.000000 0.000000 2.786900 -0.000000 -0.000000 1.000000 0.000000 0.000000 0.000000 0.000000 1.000000</matrix>
                            </node>
                          </node>
                        </node>
                      </node>
                      <node id="mixamorig_LeftHandPinky1" name="mixamorig_LeftHandPinky1" sid="mixamorig_LeftHandPinky1" type="JOINT">
                        <matrix sid="matrix">0.991104 -0.127702 -0.037494 5.614200 0.099030 0.895798 -0.433288 11.636400 0.088919 0.425721 0.900475 0.516600 0.000000 0.000000 0.000000 1.000000</matrix>
                        <node id="mixamorig_LeftHandPinky2" name="mixamorig_LeftHandPinky2" sid="mixamorig_LeftHandPinky2" type="JOINT">
                          <matrix sid="matrix">0.999596 -0.025381 0.012796 0.000000 0.026902 0.699402 -0.714222 1.559400 0.009178 0.714278 0.699802 0.000000 0.000000 0.000000 0.000000 1.000000</matrix>
                          <node id="mixamorig_LeftHandPinky3" name="mixamorig_LeftHandPinky3" sid="mixamorig_LeftHandPinky3" type="JOINT">
                            <matrix sid="matrix">0.999702 -0.024382 0.001161 0.000000 0.020824 0.827072 -0.561710 1.540600 0.012736 0.561567 0.827333 0.000000 0.000000 0.000000 0.000000 1.000000</matrix>
                            <node id="mixamorig_LeftHandPinky4" name="mixamorig_LeftHandPinky4" sid="mixamorig_LeftHandPinky4" type="JOINT">
                              <matrix sid="matrix">1.000000 -0.000000 -0.000000 0.000000 0.000000 1.000000 -0.000000 1.668700 0.000000 0.000000 1.000000 -0.000000 0.000000 0.000000 0.000000 1.000000</matrix>
                            </node>
                          </node>
                        </node>
                      </node>
                    </node>
                  </node>
                </node>
              </node>
              <node id="mixamorig_RightShoulder" name="mixamorig_RightShoulder" sid="mixamorig_RightShoulder" type="JOINT">
                <matrix sid="matrix">0.014325 -0.913274 0.407093 -6.728800 -0.115723 -0.405913 -0.906555 11.756700 0.993178 -0.034124 -0.111502 -2.058500 0.000000 0.000000 0.000000 1.000000</matrix>
                <node id="mixamorig_RightArm" name="mixamorig_RightArm" sid="mixamorig_RightArm" type="JOINT">
                  <matrix sid="matrix">0.995910 0.058665 -0.068721 -0.000000 -0.084671 0.871445 -0.483131 14.448800 0.031544 0.486973 0.872847 -0.000000 0.000000 0.000000 0.000000 1.000000</matrix>
                  <node id="mixamorig_RightForeArm" name="mixamorig_RightForeArm" sid="mixamorig_RightForeArm" type="JOINT">
                    <matrix sid="matrix">0.280640 0.934195 0.220275 0.000000 -0.861107 0.346429 -0.372132 23.160299 -0.423953 -0.085245 0.901663 0.000000 0.000000 0.000000 0.000000 1.000000</matrix>
                    <node id="mixamorig_RightHand" name="mixamorig_RightHand" sid="mixamorig_RightHand" type="JOINT">
                      <matrix sid="matrix">0.945188 0.325727 -0.022840 0.000000 -0.323869 0.944104 0.061456 24.071699 0.041581 -0.050691 0.997848 0.000000 0.000000 0.000000 0.000000 1.000000</matrix>
                      <node id="mixamorig_RightHandThumb1" name="mixamorig_RightHandThumb1" sid="mixamorig_RightHandThumb1" type="JOINT">
                        <matrix sid="matrix">0.168316 0.403239 -0.899482 1.509000 -0.684490 0.704441 0.187717 4.173400 0.709326 0.584090 0.394582 1.927000 0.000000 0.000000 0.000000 1.000000</matrix>
                        <node id="mixamorig_RightHandThumb2" name="mixamorig_RightHandThumb2" sid="mixamorig_RightHandThumb2" type="JOINT">
                          <matrix sid="matrix">0.966645 -0.168865 0.192565 0.000000 0.187882 0.978501 -0.085066 3.870400 -0.174060 0.118408 0.977590 0.000000 0.000000 0.000000 0.000000 1.000000</matrix>
                          <node id="mixamorig_RightHandThumb3" name="mixamorig_RightHandThumb3" sid="mixamorig_RightHandThumb3" type="JOINT">
                            <matrix sid="matrix">0.834257 -0.546506 0.073116 -0.000000 0.548569 0.809319 -0.209939 4.710300 0.055559 0.215253 0.974977 0.000000 0.000000 0.000000 0.000000 1.000000</matrix>
                            <node id="mixamorig_RightHandThumb4" name="mixamorig_RightHandThumb4" sid="mixamorig_RightHandThumb4" type="JOINT">
                              <matrix sid="matrix">1.000000 0.000000 0.000000 -0.000000 -0.000000 1.000000 0.000000 3.830400 0.000000 0.000000 1.000000 -0.000000 0.000000 0.000000 0.000000 1.000000</matrix>
                            </node>
                          </node>
                        </node>
                      </node>
                      <node id="mixamorig_RightHandIndex1" name="mixamorig_RightHandIndex1" sid="mixamorig_RightHandIndex1" type="JOINT">
                        <matrix sid="matrix">0.986236 0.047426 -0.158394 2.855500 -0.133553 0.793266 -0.594048 14.669400 0.097475 0.607026 0.788681 0.399000 0.000000 0.000000 0.000000 1.000000</matrix>
                        <node id="mixamorig_RightHandIndex2" name="mixamorig_RightHandIndex2" sid="mixamorig_RightHandIndex2" type="JOINT">
                          <matrix sid="matrix">0.997469 0.009348 -0.070489 0.000000 -0.069137 0.359192 -0.930699 3.248600 0.016619 0.933217 0.358929 0.000000 0.000000 0.000000 0.000000 1.000000</matrix>
                          <node id="mixamorig_RightHandIndex3" name="mixamorig_RightHandIndex3" sid="mixamorig_RightHandIndex3" type="JOINT">
                            <matrix sid="matrix">0.998454 0.019227 -0.052153 0.000000 -0.055101 0.465791 -0.883178 2.659600 0.007312 0.884686 0.466130 -0.000000 0.000000 0.000000 0.000000 1.000000</matrix>
                            <node id="mixamorig_RightHandIndex4" name="mixamorig_RightHandIndex4" sid="mixamorig_RightHandIndex4" type="JOINT">
                              <matrix sid="matrix">1.000000 0.000000 0.000000 0.000000 0.000000 1.000000 0.000000 3.633100 0.000000 0.000000 1.000000 0.000000 0.000000 0.000000 0.000000 1.000000</matrix>
                            </node>
                          </node>
                        </node>
                      </node>
                      <node id="mixamorig_RightHandMiddle1" name="mixamorig_RightHandMiddle1" sid="mixamorig_RightHandMiddle1" type="JOINT">
                        <matrix sid="matrix">0.999391 0.026673 -0.022485 0.000000 -0.034761 0.706713 -0.706646 14.409800 -0.002958 0.706998 0.707210 -0.000000 0.000000 0.000000 0.000000 1.000000</matrix>
                        <node id="mixamorig_RightHandMiddle2" name="mixamorig_RightHandMiddle2" sid="mixamorig_RightHandMiddle2" type="JOINT">
                          <matrix sid="matrix">0.998054 0.041962 -0.046116 -0.000000 -0.058334 0.367264 -0.928286 3.259100 -0.022016 0.929170 0.368997 0.000000 0.000000 0.000000 0.000000 1.000000</matrix>
                          <node id="mixamorig_RightHandMiddle3" name="mixamorig_RightHandMiddle3" sid="mixamorig_RightHandMiddle3" type="JOINT">
                            <matrix sid="matrix">0.999299 0.036306 -0.009133 0.000000 -0.033367 0.753100 -0.657059 2.639800 -0.016977 0.656903 0.753784 0.000000 0.000000 0.000000 0.000000 1.000000</matrix>
                            <node id="mixamorig_RightHandMiddle4" name="mixamorig_RightHandMiddle4" sid="mixamorig_RightHandMiddle4" type="JOINT">
                              <matrix sid="matrix">1.000000 0.000000 0.000000 0.000000 0.000000 1.000000 -0.000000 3.673900 -0.000000 0.000000 1.000000 0.000000 0.000000 0.000000 0.000000 1.000000</matrix>
                            </node>
                          </node>
                        </node>
                      </node>
                      <node id="mixamorig_RightHandRing1" name="mixamorig_RightHandRing1" sid="mixamorig_RightHandRing1" type="JOINT">
                        <matrix sid="matrix">0.995315 0.092206 0.029094 -3.304900 -0.023463 0.522248 -0.852471 13.191500 -0.093797 0.847794 0.521965 -0.322000 0.000000 0.000000 0.000000 1.000000</matrix>
                        <node id="mixamorig_RightHandRing2" name="mixamorig_RightHandRing2" sid="mixamorig_RightHandRing2" type="JOINT">
                          <matrix sid="matrix">0.999422 0.031078 -0.013791 -0.000000 -0.031045 0.668701 -0.742883 2.717600 -0.013865 0.742882 0.669279 0.000000 0.000000 0.000000 0.000000 1.000000</matrix>
                          <node id="mixamorig_RightHandRing3" name="mixamorig_RightHandRing3" sid="mixamorig_RightHandRing3" type="JOINT">
                            <matrix sid="matrix">0.999297 0.032616 -0.018493 -0.000000 -0.034227 0.592178 -0.805080 2.134500 -0.015307 0.805147 0.592878 0.000000 0.000000 0.000000 0.000000 1.000000</matrix>
                            <node id="mixamorig_RightHandRing4" name="mixamorig_RightHandRing4" sid="mixamorig_RightHandRing4" type="JOINT">
                              <matrix sid="matrix">1.000000 -0.000000 0.000000 -0.000000 0.000000 1.000000 0.000000 2.786800 0.000000 -0.000000 1.000000 -0.000000 0.000000 0.000000 0.000000 1.000000</matrix>
                            </node>
                          </node>
                        </node>
                      </node>
                      <node id="mixamorig_RightHandPinky1" name="mixamorig_RightHandPinky1" sid="mixamorig_RightHandPinky1" type="JOINT">
                        <matrix sid="matrix">0.977811 -0.008475 0.209318 -5.922000 0.161024 0.669554 -0.725099 11.636400 -0.134005 0.742715 0.656062 0.517000 0.000000 0.000000 0.000000 1.000000</matrix>
                        <node id="mixamorig_RightHandPinky2" name="mixamorig_RightHandPinky2" sid="mixamorig_RightHandPinky2" type="JOINT">
                          <matrix sid="matrix">0.999536 0.027251 -0.013579 -0.000000 -0.028771 0.699405 -0.714147 1.559300 -0.009964 0.714206 0.699865 0.000000 0.000000 0.000000 0.000000 1.000000</matrix>
                          <node id="mixamorig_RightHandPinky3" name="mixamorig_RightHandPinky3" sid="mixamorig_RightHandPinky3" type="JOINT">
                            <matrix sid="matrix">0.999844 0.017560 0.001869 -0.000000 -0.015128 0.906317 -0.422328 1.540600 -0.009110 0.422234 0.906441 0.000000 0.000000 0.000000 0.000000 1.000000</matrix>
                            <node id="mixamorig_RightHandPinky4" name="mixamorig_RightHandPinky4" sid="mixamorig_RightHandPinky4" type="JOINT">
                              <matrix sid="matrix">1.000000 0.000000 -0.000000 0.000000 -0.000000 1.000000 0.000000 1.668700 -0.000000 0.000000 1.000000 0.000000 0.000000 0.000000 0.000000 1.000000</matrix>
                            </node>
                          </node>
                        </node>
                      </node>
                    </node>
                  </node>
                </node>
              </node>
            </node>
          </node>
        </node>
        <node id="mixamorig_RightUpLeg" name="mixamorig_RightUpLeg" sid="mixamorig_RightUpLeg" type="JOINT">
          <matrix sid="matrix">-0.964020 -0.229361 -0.134387 -9.941000 0.143243 -0.874059 0.464222 -5.272400 -0.223937 0.428269 0.875464 -1.010900 0.000000 0.000000 0.000000 1.000000</matrix>
          <node id="mixamorig_RightLeg" name="mixamorig_RightLeg" sid="mixamorig_RightLeg" type="JOINT">
            <matrix sid="matrix">0.986948 -0.026831 -0.158787 0.000000 0.146112 0.563779 0.812899 43.364799 0.067710 -0.825490 0.560341 -0.000000 0.000000 0.000000 0.000000 1.000000</matrix>
            <node id="mixamorig_RightFoot" name="mixamorig_RightFoot" sid="mixamorig_RightFoot" type="JOINT">
              <matrix sid="matrix">0.990633 0.112554 0.077320 -0.000000 0.053207 0.203324 -0.977665 44.493000 -0.125761 0.972621 0.195431 0.000000 0.000000 0.000000 0.000000 1.000000</matrix>
              <node id="mixamorig_RightToeBase" name="mixamorig_RightToeBase" sid="mixamorig_RightToeBase" type="JOINT">
                <matrix sid="matrix">0.994821 -0.031979 0.096482 0.000000 0.092011 0.686673 -0.721120 20.000000 -0.043191 0.726263 0.686059 -0.000000 0.000000 0.000000 0.000000 1.000000</matrix>
                <node id="mixamorig_RightToe_End" name="mixamorig_RightToe_End" sid="mixamorig_RightToe_End" type="JOINT">
                  <matrix sid="matrix">1.000000 0.000000 -0.000000 0.000000 -0.000000 1.000000 -0.000000 10.000000 0.000000 -0.000000 1.000000 0.000000 0.000000 0.000000 0.000000 1.000000</matrix>
                </node>
              </node>
            </node>
          </node>
        </node>
        <node id="mixamorig_LeftUpLeg" name="mixamorig_LeftUpLeg" sid="mixamorig_LeftUpLeg" type="JOINT">
          <matrix sid="matrix">-0.980708 0.194010 0.023901 9.618300 -0.092292 -0.567340 0.818295 -5.272300 0.172318 0.800303 0.574301 -1.010900 0.000000 0.000000 0.000000 1.000000</matrix>
          <node id="mixamorig_LeftLeg" name="mixamorig_LeftLeg" sid="mixamorig_LeftLeg" type="JOINT">
            <matrix sid="matrix">0.974310 0.011170 0.224932 -0.000000 -0.216954 -0.221384 0.950747 43.365002 0.060416 -0.975123 -0.213273 0.000000 0.000000 0.000000 0.000000 1.000000</matrix>
            <node id="mixamorig_LeftFoot" name="mixamorig_LeftFoot" sid="mixamorig_LeftFoot" type="JOINT">
              <matrix sid="matrix">0.991914 -0.033984 -0.122276 0.000000 -0.044607 0.808644 -0.586605 44.493000 0.118813 0.587316 0.800589 -0.000000 0.000000 0.000000 0.000000 1.000000</matrix>
              <node id="mixamorig_LeftToeBase" name="mixamorig_LeftToeBase" sid="mixamorig_LeftToeBase" type="JOINT">
                <matrix sid="matrix">0.992672 -0.115942 0.034050 0.000000 0.116251 0.839383 -0.530963 20.000000 0.032979 0.531031 0.846710 -0.000000 0.000000 0.000000 0.000000 1.000000</matrix>
                <node id="mixamorig_LeftToe_End" name="mixamorig_LeftToe_End" sid="mixamorig_LeftToe_End" type="JOINT">
                  <matrix sid="matrix">1.000000 -0.000000 0.000000 0.000000 -0.000000 1.000000 0.000000 10.000000 -0.000000 0.000000 1.000000 0.000000 0.000000 0.000000 0.000000 1.000000</matrix>
                </node>
              </node>
            </node>
          </node>
        </node>
      </node>
    </visual_scene>
  </library_visual_scenes>
  <scene>
    <instance_visual_scene url="#RootNode"/>
  </scene>
</COLLADA>
