<?xml version="1.0" encoding="utf-8"?>
<COLLADA xmlns="http://www.collada.org/2005/11/COLLADASchema" version="1.4.1">
  <asset>
    <contributor>
      <author>Mixamo</author>
      <authoring_tool>COLLADA Mixamo exporter</authoring_tool>
      <comments/>
    </contributor>
    <created>2025-06-23T14:10:09Z</created>
    <modified>2025-06-23T14:10:09Z</modified>
    <revision/>
    <title/>
    <unit meter="0.010000"/>
    <up_axis>Y_UP</up_axis>
  </asset>
  <library_animations>
    <animation id="mixamorig_Hips-anim" name="mixamorig_Hips">
      <source id="mixamorig_Hips-Matrix-animation-input">
        <float_array id="mixamorig_Hips-Matrix-animation-input-array" count="56">

0.000000 0.033333 0.066667 0.100000 0.133333 0.166667 0.200000 0.233333 0.266667 0.300000 0.333333 0.366667 0.400000 0.433333 0.466667 0.500000
0.533333 0.566667 0.600000 0.633333 0.666667 0.700000 0.733333 0.766667 0.800000 0.833333 0.866667 0.900000 0.933333 0.966667 1.000000 1.033333
1.066667 1.100000 1.133333 1.166667 1.200000 1.233333 1.266667 1.300000 1.333333 1.366667 1.400000 1.433333 1.466667 1.500000 1.533333 1.566667
1.600000 1.633333 1.666667 1.700000 1.733333 1.766667 1.800000 1.833333</float_array>
        <technique_common>
          <accessor source="#mixamorig_Hips-Matrix-animation-input-array" count="56">
            <param name="TIME" type="float"/>
          </accessor>
        </technique_common>
      </source>
      <source id="mixamorig_Hips-Matrix-animation-output-transform">
        <float_array id="mixamorig_Hips-Matrix-animation-output-transform-array" count="896">

0.635526 -0.127961 -0.761402 1.211078 0.041566 0.990411 -0.131753 74.900406 0.770960 0.052084 0.634750 0.049930 0.000000 0.000000 0.000000 1.000000
0.635221 -0.126633 -0.761878 1.197653 0.041395 0.990631 -0.130141 74.909882 0.771220 0.051130 0.634511 0.048388 0.000000 0.000000 0.000000 1.000000
0.634058 -0.124372 -0.763218 1.166720 0.040963 0.990998 -0.127460 74.949951 0.772200 0.049553 0.633444 0.052737 0.000000 0.000000 0.000000 1.000000
0.632092 -0.122754 -0.765109 1.137702 0.040607 0.991263 -0.125491 75.040154 0.773829 0.048253 0.631554 0.071059 0.000000 0.000000 0.000000 1.000000
0.628476 -0.123047 -0.768034 1.116527 0.040374 0.991238 -0.125769 75.261642 0.776780 0.048034 0.627937 0.127587 0.000000 0.000000 0.000000 1.000000
0.624320 -0.124465 -0.771189 1.107731 0.040168 0.991034 -0.127429 75.566292 0.780135 0.048579 0.623722 0.213979 0.000000 0.000000 0.000000 1.000000
0.619028 -0.126353 -0.775138 1.094954 0.040005 0.990765 -0.129553 75.941795 0.784349 0.049188 0.618366 0.336305 0.000000 0.000000 0.000000 1.000000
0.613128 -0.128197 -0.779512 1.083945 0.039537 0.990488 -0.131796 76.353249 0.788994 0.049988 0.612365 0.490097 0.000000 0.000000 0.000000 1.000000
0.607684 -0.129547 -0.783542 1.076132 0.038813 0.990272 -0.133625 76.787270 0.793230 0.050790 0.606800 0.662208 0.000000 0.000000 0.000000 1.000000
0.603535 -0.131013 -0.786499 1.076211 0.038543 0.990049 -0.135343 77.210846 0.796404 0.051370 0.602579 0.848099 0.000000 0.000000 0.000000 1.000000
0.600505 -0.132930 -0.788494 1.084487 0.038833 0.989770 -0.137288 77.584755 0.798677 0.051823 0.599524 1.025174 0.000000 0.000000 0.000000 1.000000
0.597696 -0.136297 -0.790053 1.121707 0.040002 0.989286 -0.140406 77.892761 0.800725 0.052317 0.596744 1.179047 0.000000 0.000000 0.000000 1.000000
0.595124 -0.138161 -0.791668 1.150580 0.040089 0.988988 -0.142461 78.154083 0.802633 0.053045 0.594110 1.329349 0.000000 0.000000 0.000000 1.000000
0.593087 -0.140282 -0.792824 1.187621 0.040378 0.988648 -0.144726 78.350563 0.804126 0.053822 0.592018 1.465362 0.000000 0.000000 0.000000 1.000000
0.591243 -0.141825 -0.793925 1.213390 0.040984 0.988428 -0.146049 78.502472 0.805451 0.053812 0.590214 1.599904 0.000000 0.000000 0.000000 1.000000
0.589564 -0.142658 -0.795024 1.234139 0.041826 0.988351 -0.146332 78.614296 0.806638 0.053019 0.588663 1.725822 0.000000 0.000000 0.000000 1.000000
0.588064 -0.142529 -0.796157 1.252947 0.042611 0.988443 -0.145479 78.698967 0.807691 0.051626 0.587342 1.826610 0.000000 0.000000 0.000000 1.000000
0.586630 -0.143183 -0.797097 1.257461 0.043847 0.988418 -0.145280 78.777168 0.808667 0.050276 0.586114 1.914403 0.000000 0.000000 0.000000 1.000000
0.585569 -0.144967 -0.797555 1.263997 0.045286 0.988193 -0.146369 78.850945 0.809357 0.049591 0.585220 1.968690 0.000000 0.000000 0.000000 1.000000
0.586448 -0.146131 -0.796696 1.259826 0.047013 0.988074 -0.146627 78.930725 0.808621 0.048534 0.586324 2.011199 0.000000 0.000000 0.000000 1.000000
0.588080 -0.146874 -0.795355 1.256994 0.048451 0.988005 -0.146625 79.015923 0.807350 0.047691 0.588142 2.030058 0.000000 0.000000 0.000000 1.000000
0.589590 -0.147537 -0.794113 1.254682 0.049277 0.987915 -0.146958 79.093658 0.806198 0.047513 0.589735 2.010623 0.000000 0.000000 0.000000 1.000000
0.592095 -0.147557 -0.792244 1.257428 0.049920 0.987921 -0.146694 79.166405 0.804321 0.047309 0.592309 1.971102 0.000000 0.000000 0.000000 1.000000
0.595266 -0.146924 -0.789982 1.253680 0.049999 0.988009 -0.146078 79.214226 0.801971 0.047457 0.595474 1.907158 0.000000 0.000000 0.000000 1.000000
0.598609 -0.145620 -0.787694 1.242204 0.049803 0.988201 -0.144839 79.235809 0.799492 0.047472 0.598798 1.837481 0.000000 0.000000 0.000000 1.000000
0.602111 -0.143857 -0.785346 1.226340 0.049640 0.988476 -0.143008 79.225273 0.796868 0.047122 0.602313 1.778208 0.000000 0.000000 0.000000 1.000000
0.605015 -0.141758 -0.783493 1.198380 0.049274 0.988803 -0.140855 79.184380 0.794688 0.046613 0.605226 1.725994 0.000000 0.000000 0.000000 1.000000
0.607733 -0.139725 -0.781753 1.164975 0.049453 0.989148 -0.138349 79.101616 0.792600 0.045419 0.608048 1.679083 0.000000 0.000000 0.000000 1.000000
0.610236 -0.137495 -0.780197 1.136330 0.049734 0.989530 -0.135487 78.971283 0.790657 0.043876 0.610685 1.613775 0.000000 0.000000 0.000000 1.000000
0.612410 -0.135816 -0.778786 1.111802 0.050376 0.989834 -0.133008 78.781433 0.788934 0.042223 0.613026 1.525014 0.000000 0.000000 0.000000 1.000000
0.614681 -0.135413 -0.777065 1.095568 0.051730 0.989953 -0.131592 78.546967 0.787078 0.040689 0.615510 1.411804 0.000000 0.000000 0.000000 1.000000
0.618169 -0.136128 -0.774168 1.089619 0.053360 0.989885 -0.131452 78.286537 0.784232 0.039949 0.619180 1.284865 0.000000 0.000000 0.000000 1.000000
0.622257 -0.135868 -0.770932 1.076216 0.054451 0.989950 -0.130517 78.011475 0.780917 0.039237 0.623401 1.162808 0.000000 0.000000 0.000000 1.000000
0.625580 -0.135557 -0.768293 1.044770 0.055933 0.990048 -0.129140 77.736954 0.778152 0.037815 0.626936 1.055196 0.000000 0.000000 0.000000 1.000000
0.628140 -0.136023 -0.766119 1.009171 0.057689 0.990033 -0.128479 77.457809 0.775959 0.036506 0.629726 0.956357 0.000000 0.000000 0.000000 1.000000
0.630023 -0.135465 -0.764670 0.970396 0.058931 0.990169 -0.126859 77.211136 0.774337 0.034861 0.631812 0.876170 0.000000 0.000000 0.000000 1.000000
0.631497 -0.135295 -0.763483 0.934571 0.060790 0.990267 -0.125202 76.988777 0.772992 0.032653 0.633575 0.820755 0.000000 0.000000 0.000000 1.000000
0.631731 -0.135132 -0.763318 0.912237 0.061701 0.990330 -0.124256 76.799118 0.772728 0.031399 0.633960 0.757101 0.000000 0.000000 0.000000 1.000000
0.633101 -0.134814 -0.762239 0.877629 0.062600 0.990409 -0.123176 76.613480 0.771534 0.030267 0.635468 0.722433 0.000000 0.000000 0.000000 1.000000
0.634678 -0.134451 -0.760991 0.848185 0.063357 0.990487 -0.122157 76.445168 0.770175 0.029316 0.637159 0.694238 0.000000 0.000000 0.000000 1.000000
0.633799 -0.133938 -0.761813 0.812177 0.062402 0.990537 -0.122236 76.293144 0.770977 0.029935 0.636159 0.629853 0.000000 0.000000 0.000000 1.000000
0.635725 -0.133344 -0.760311 0.791333 0.062322 0.990618 -0.121625 76.163437 0.769395 0.029935 0.638071 0.585580 0.000000 0.000000 0.000000 1.000000
0.636046 -0.132472 -0.760196 0.776770 0.060736 0.990692 -0.121821 76.039268 0.769258 0.031313 0.638171 0.517280 0.000000 0.000000 0.000000 1.000000
0.635534 -0.132436 -0.760629 0.785892 0.058851 0.990622 -0.123309 75.921089 0.769826 0.033603 0.637368 0.437266 0.000000 0.000000 0.000000 1.000000
0.635542 -0.132341 -0.760640 0.807657 0.057036 0.990555 -0.124688 75.806473 0.769957 0.035860 0.637087 0.359169 0.000000 0.000000 0.000000 1.000000
0.635659 -0.131800 -0.760636 0.852243 0.054608 0.990526 -0.125999 75.680939 0.770036 0.038555 0.636834 0.274513 0.000000 0.000000 0.000000 1.000000
0.635596 -0.131417 -0.760755 0.892850 0.052305 0.990471 -0.127400 75.548752 0.770248 0.041183 0.636413 0.197249 0.000000 0.000000 0.000000 1.000000
0.634908 -0.130878 -0.761421 0.943868 0.050160 0.990451 -0.128419 75.413284 0.770957 0.043341 0.635410 0.124421 0.000000 0.000000 0.000000 1.000000
0.633888 -0.129613 -0.762487 0.991610 0.047952 0.990548 -0.128515 75.301620 0.771937 0.044901 0.634112 0.070866 0.000000 0.000000 0.000000 1.000000
0.632857 -0.128548 -0.763523 1.042940 0.045748 0.990607 -0.128862 75.203720 0.772916 0.046622 0.632793 0.027527 0.000000 0.000000 0.000000 1.000000
0.632713 -0.128596 -0.763634 1.101871 0.044591 0.990529 -0.129859 75.118355 0.773102 0.048113 0.632455 0.003627 0.000000 0.000000 0.000000 1.000000
0.632894 -0.128675 -0.763471 1.150286 0.043660 0.990455 -0.130738 75.053879 0.773006 0.049410 0.632471 0.000162 0.000000 0.000000 0.000000 1.000000
0.633626 -0.128517 -0.762890 1.178640 0.042883 0.990424 -0.131231 74.997658 0.772450 0.050437 0.633070 0.011886 0.000000 0.000000 0.000000 1.000000
0.634510 -0.128281 -0.762195 1.197432 0.042218 0.990411 -0.131546 74.948486 0.771760 0.051289 0.633842 0.028573 0.000000 0.000000 0.000000 1.000000
0.635244 -0.128063 -0.761620 1.207852 0.041751 0.990409 -0.131710 74.913643 0.771182 0.051870 0.634498 0.043498 0.000000 0.000000 0.000000 1.000000
0.635526 -0.127961 -0.761402 1.211077 0.041566 0.990411 -0.131753 74.900406 0.770960 0.052084 0.634750 0.049929 0.000000 0.000000 0.000000 1.000000</float_array>
        <technique_common>
          <accessor source="#mixamorig_Hips-Matrix-animation-output-transform-array" count="56" stride="16">
            <param type="float4x4"/>
          </accessor>
        </technique_common>
      </source>
      <source id="mixamorig_Hips-Interpolations">
        <Name_array id="mixamorig_Hips-Interpolations-array" count="56">
 LINEAR LINEAR LINEAR LINEAR LINEAR LINEAR LINEAR LINEAR LINEAR LINEAR LINEAR
LINEAR LINEAR LINEAR LINEAR LINEAR LINEAR LINEAR LINEAR LINEAR LINEAR LINEAR LINEAR
LINEAR LINEAR LINEAR LINEAR LINEAR LINEAR LINEAR LINEAR LINEAR LINEAR LINEAR LINEAR
LINEAR LINEAR LINEAR LINEAR LINEAR LINEAR LINEAR LINEAR LINEAR LINEAR LINEAR LINEAR
LINEAR LINEAR LINEAR LINEAR LINEAR LINEAR LINEAR LINEAR LINEAR</Name_array>
        <technique_common>
          <accessor source="#mixamorig_Hips-Interpolations-array" count="56">
            <param type="name"/>
          </accessor>
        </technique_common>
      </source>
      <sampler id="mixamorig_Hips-Matrix-animation-transform">
        <input semantic="INPUT" source="#mixamorig_Hips-Matrix-animation-input"/>
        <input semantic="OUTPUT" source="#mixamorig_Hips-Matrix-animation-output-transform"/>
        <input semantic="INTERPOLATION" source="#mixamorig_Hips-Interpolations"/>
      </sampler>
      <channel source="#mixamorig_Hips-Matrix-animation-transform" target="mixamorig_Hips/matrix"/>
    </animation>
    <animation id="mixamorig_Spine-anim" name="mixamorig_Spine">
      <source id="mixamorig_Spine-Matrix-animation-input">
        <float_array id="mixamorig_Spine-Matrix-animation-input-array" count="56">

0.000000 0.033333 0.066667 0.100000 0.133333 0.166667 0.200000 0.233333 0.266667 0.300000 0.333333 0.366667 0.400000 0.433333 0.466667 0.500000
0.533333 0.566667 0.600000 0.633333 0.666667 0.700000 0.733333 0.766667 0.800000 0.833333 0.866667 0.900000 0.933333 0.966667 1.000000 1.033333
1.066667 1.100000 1.133333 1.166667 1.200000 1.233333 1.266667 1.300000 1.333333 1.366667 1.400000 1.433333 1.466667 1.500000 1.533333 1.566667
1.600000 1.633333 1.666667 1.700000 1.733333 1.766667 1.800000 1.833333</float_array>
        <technique_common>
          <accessor source="#mixamorig_Spine-Matrix-animation-input-array" count="56">
            <param name="TIME" type="float"/>
          </accessor>
        </technique_common>
      </source>
      <source id="mixamorig_Spine-Matrix-animation-output-transform">
        <float_array id="mixamorig_Spine-Matrix-animation-output-transform-array" count="896">

0.998467 -0.005391 0.055094 -0.038100 0.008487 0.998389 -0.056100 9.490500 -0.054703 0.056482 0.996904 -1.392100 0.000000 0.000000 0.000000 1.000000
0.998458 -0.005300 0.055250 -0.038100 0.008421 0.998373 -0.056403 9.490500 -0.054861 0.056781 0.996878 -1.392100 0.000000 0.000000 0.000000 1.000000
0.998444 -0.005064 0.055542 -0.038100 0.008225 0.998350 -0.056833 9.490500 -0.055162 0.057201 0.996838 -1.392100 0.000000 0.000000 0.000000 1.000000
0.998433 -0.004732 0.055759 -0.038100 0.007897 0.998361 -0.056680 9.490500 -0.055400 0.057032 0.996834 -1.392100 0.000000 0.000000 0.000000 1.000000
0.998443 -0.004239 0.055619 -0.038100 0.007299 0.998463 -0.054936 9.490500 -0.055300 0.055256 0.996940 -1.392100 0.000000 0.000000 0.000000 1.000000
0.998473 -0.003769 0.055114 -0.038100 0.006664 0.998601 -0.052451 9.490500 -0.054839 0.052738 0.997101 -1.392100 0.000000 0.000000 0.000000 1.000000
0.998485 -0.003066 0.054935 -0.038100 0.005789 0.998758 -0.049485 9.490500 -0.054715 0.049728 0.997263 -1.392100 0.000000 0.000000 0.000000 1.000000
0.998492 -0.002398 0.054845 -0.038100 0.004957 0.998903 -0.046563 9.490500 -0.054673 0.046764 0.997409 -1.392100 0.000000 0.000000 0.000000 1.000000
0.998498 -0.001969 0.054753 -0.038100 0.004369 0.999032 -0.043763 9.490500 -0.054613 0.043936 0.997540 -1.392100 0.000000 0.000000 0.000000 1.000000
0.998512 -0.001723 0.054503 -0.038100 0.003970 0.999145 -0.041159 9.490500 -0.054386 0.041314 0.997665 -1.392100 0.000000 0.000000 0.000000 1.000000
0.998542 -0.001441 0.053960 -0.038100 0.003539 0.999241 -0.038803 9.490500 -0.053863 0.038937 0.997789 -1.392100 0.000000 0.000000 0.000000 1.000000
0.998556 -0.001461 0.053705 -0.038100 0.003403 0.999343 -0.036092 9.490500 -0.053617 0.036223 0.997904 -1.392100 0.000000 0.000000 0.000000 1.000000
0.998560 -0.001976 0.053612 -0.038100 0.003793 0.999421 -0.033819 9.490500 -0.053514 0.033973 0.997989 -1.392100 0.000000 0.000000 0.000000 1.000000
0.998564 -0.002402 0.053515 -0.038100 0.004111 0.999484 -0.031855 9.490500 -0.053410 0.032029 0.998059 -1.392100 0.000000 0.000000 0.000000 1.000000
0.998569 -0.002529 0.053426 -0.038100 0.004142 0.999538 -0.030104 9.490500 -0.053325 0.030282 0.998118 -1.392100 0.000000 0.000000 0.000000 1.000000
0.998569 -0.002726 0.053417 -0.038100 0.004259 0.999582 -0.028598 9.490500 -0.053316 0.028785 0.998163 -1.392100 0.000000 0.000000 0.000000 1.000000
0.998562 -0.003134 0.053511 -0.038100 0.004613 0.999610 -0.027551 9.490500 -0.053404 0.027758 0.998187 -1.392100 0.000000 0.000000 0.000000 1.000000
0.998552 -0.003304 0.053685 -0.038100 0.004686 0.999661 -0.025629 9.490500 -0.053582 0.025844 0.998229 -1.392100 0.000000 0.000000 0.000000 1.000000
0.998545 -0.003330 0.053824 -0.038100 0.004594 0.999716 -0.023379 9.490500 -0.053731 0.023592 0.998277 -1.392100 0.000000 0.000000 0.000000 1.000000
0.998545 -0.003354 0.053812 -0.038100 0.004505 0.999763 -0.021284 9.490500 -0.053728 0.021495 0.998324 -1.392100 0.000000 0.000000 0.000000 1.000000
0.998543 -0.003498 0.053840 -0.038100 0.004554 0.999799 -0.019503 9.490500 -0.053761 0.019719 0.998359 -1.392100 0.000000 0.000000 0.000000 1.000000
0.998525 -0.003688 0.054173 -0.038100 0.004660 0.999830 -0.017836 9.490500 -0.054098 0.018062 0.998372 -1.392100 0.000000 0.000000 0.000000 1.000000
0.998514 -0.003954 0.054353 -0.038100 0.004856 0.999853 -0.016471 9.490500 -0.054280 0.016711 0.998386 -1.392100 0.000000 0.000000 0.000000 1.000000
0.998507 -0.004227 0.054454 -0.038100 0.005063 0.999871 -0.015222 9.490500 -0.054383 0.015475 0.998400 -1.392100 0.000000 0.000000 0.000000 1.000000
0.998501 -0.004483 0.054553 -0.038100 0.005258 0.999887 -0.014070 9.490500 -0.054484 0.014335 0.998412 -1.392100 0.000000 0.000000 0.000000 1.000000
0.998491 -0.004768 0.054706 -0.038100 0.005495 0.999898 -0.013156 9.490500 -0.054638 0.013436 0.998416 -1.392100 0.000000 0.000000 0.000000 1.000000
0.998469 -0.005252 0.055072 -0.038100 0.005923 0.999910 -0.012032 9.490500 -0.055003 0.012340 0.998410 -1.392100 0.000000 0.000000 0.000000 1.000000
0.998452 -0.005681 0.055336 -0.038100 0.006323 0.999915 -0.011437 9.490500 -0.055266 0.011769 0.998402 -1.392100 0.000000 0.000000 0.000000 1.000000
0.998439 -0.006012 0.055537 -0.038100 0.006678 0.999908 -0.011815 9.490500 -0.055461 0.012168 0.998387 -1.392100 0.000000 0.000000 0.000000 1.000000
0.998429 -0.006072 0.055702 -0.038100 0.006815 0.999890 -0.013160 9.490500 -0.055615 0.013519 0.998361 -1.392100 0.000000 0.000000 0.000000 1.000000
0.998430 -0.005755 0.055713 -0.038100 0.006604 0.999865 -0.015066 9.490500 -0.055619 0.015411 0.998333 -1.392100 0.000000 0.000000 0.000000 1.000000
0.998457 -0.005445 0.055271 -0.038100 0.006421 0.999826 -0.017493 9.490500 -0.055166 0.017821 0.998318 -1.392100 0.000000 0.000000 0.000000 1.000000
0.998485 -0.005578 0.054743 -0.038100 0.006722 0.999762 -0.020731 9.490500 -0.054615 0.021068 0.998285 -1.392100 0.000000 0.000000 0.000000 1.000000
0.998495 -0.005455 0.054577 -0.038100 0.006769 0.999691 -0.023910 9.490500 -0.054430 0.024244 0.998223 -1.392100 0.000000 0.000000 0.000000 1.000000
0.998500 -0.005015 0.054528 -0.038100 0.006484 0.999620 -0.026789 9.490500 -0.054373 0.027102 0.998153 -1.392100 0.000000 0.000000 0.000000 1.000000
0.998520 -0.004936 0.054169 -0.038100 0.006560 0.999533 -0.029833 9.490500 -0.053996 0.030144 0.998086 -1.392100 0.000000 0.000000 0.000000 1.000000
0.998510 -0.004294 0.054393 -0.038100 0.006069 0.999453 -0.032517 9.490500 -0.054224 0.032798 0.997990 -1.392100 0.000000 0.000000 0.000000 1.000000
0.998516 -0.003969 0.054318 -0.038100 0.005866 0.999377 -0.034804 9.490500 -0.054146 0.035071 0.997917 -1.392100 0.000000 0.000000 0.000000 1.000000
0.998534 -0.003750 0.053991 -0.038100 0.005749 0.999302 -0.036918 9.490500 -0.053815 0.037174 0.997859 -1.392100 0.000000 0.000000 0.000000 1.000000
0.998542 -0.003586 0.053869 -0.038100 0.005682 0.999230 -0.038811 9.490500 -0.053688 0.039061 0.997793 -1.392100 0.000000 0.000000 0.000000 1.000000
0.998528 -0.003490 0.054125 -0.038100 0.005675 0.999173 -0.040262 9.490500 -0.053939 0.040510 0.997722 -1.392100 0.000000 0.000000 0.000000 1.000000
0.998580 -0.003409 0.053165 -0.038100 0.005663 0.999089 -0.042308 9.490500 -0.052972 0.042549 0.997689 -1.392100 0.000000 0.000000 0.000000 1.000000
0.998580 -0.003534 0.053151 -0.038100 0.005872 0.999019 -0.043895 9.490500 -0.052944 0.044145 0.997621 -1.392100 0.000000 0.000000 0.000000 1.000000
0.998570 -0.003706 0.053338 -0.038100 0.006120 0.998961 -0.045164 9.490500 -0.053115 0.045426 0.997555 -1.392100 0.000000 0.000000 0.000000 1.000000
0.998573 -0.003942 0.053258 -0.038100 0.006421 0.998899 -0.046462 9.490500 -0.053017 0.046738 0.997499 -1.392100 0.000000 0.000000 0.000000 1.000000
0.998577 -0.004492 0.053130 -0.038100 0.007050 0.998820 -0.048052 9.490500 -0.052852 0.048358 0.997431 -1.392100 0.000000 0.000000 0.000000 1.000000
0.998579 -0.004629 0.053097 -0.038100 0.007242 0.998766 -0.049129 9.490500 -0.052804 0.049444 0.997380 -1.392100 0.000000 0.000000 0.000000 1.000000
0.998566 -0.004815 0.053314 -0.038100 0.007517 0.998690 -0.050609 9.490500 -0.053001 0.050937 0.997295 -1.392100 0.000000 0.000000 0.000000 1.000000
0.998546 -0.005143 0.053666 -0.038100 0.007949 0.998605 -0.052203 9.490500 -0.053323 0.052553 0.997193 -1.392100 0.000000 0.000000 0.000000 1.000000
0.998528 -0.005444 0.053959 -0.038100 0.008333 0.998535 -0.053472 9.490500 -0.053589 0.053843 0.997110 -1.392100 0.000000 0.000000 0.000000 1.000000
0.998523 -0.005506 0.054050 -0.038100 0.008435 0.998499 -0.054114 9.490500 -0.053671 0.054490 0.997071 -1.392100 0.000000 0.000000 0.000000 1.000000
0.998511 -0.005455 0.054278 -0.038100 0.008428 0.998468 -0.054694 9.490500 -0.053897 0.055070 0.997027 -1.392100 0.000000 0.000000 0.000000 1.000000
0.998496 -0.005426 0.054547 -0.038100 0.008441 0.998439 -0.055207 9.490500 -0.054162 0.055584 0.996984 -1.392100 0.000000 0.000000 0.000000 1.000000
0.998482 -0.005405 0.054820 -0.038100 0.008460 0.998414 -0.055658 9.490500 -0.054432 0.056037 0.996944 -1.392100 0.000000 0.000000 0.000000 1.000000
0.998471 -0.005395 0.055014 -0.038100 0.008478 0.998396 -0.055977 9.490500 -0.054624 0.056358 0.996915 -1.392100 0.000000 0.000000 0.000000 1.000000
0.998467 -0.005392 0.055094 -0.038100 0.008487 0.998389 -0.056101 9.490500 -0.054703 0.056483 0.996904 -1.392100 0.000000 0.000000 0.000000 1.000000</float_array>
        <technique_common>
          <accessor source="#mixamorig_Spine-Matrix-animation-output-transform-array" count="56" stride="16">
            <param type="float4x4"/>
          </accessor>
        </technique_common>
      </source>
      <source id="mixamorig_Spine-Interpolations">
        <Name_array id="mixamorig_Spine-Interpolations-array" count="56">
 LINEAR LINEAR LINEAR LINEAR LINEAR LINEAR LINEAR LINEAR LINEAR LINEAR LINEAR
LINEAR LINEAR LINEAR LINEAR LINEAR LINEAR LINEAR LINEAR LINEAR LINEAR LINEAR LINEAR
LINEAR LINEAR LINEAR LINEAR LINEAR LINEAR LINEAR LINEAR LINEAR LINEAR LINEAR LINEAR
LINEAR LINEAR LINEAR LINEAR LINEAR LINEAR LINEAR LINEAR LINEAR LINEAR LINEAR LINEAR
LINEAR LINEAR LINEAR LINEAR LINEAR LINEAR LINEAR LINEAR LINEAR</Name_array>
        <technique_common>
          <accessor source="#mixamorig_Spine-Interpolations-array" count="56">
            <param type="name"/>
          </accessor>
        </technique_common>
      </source>
      <sampler id="mixamorig_Spine-Matrix-animation-transform">
        <input semantic="INPUT" source="#mixamorig_Spine-Matrix-animation-input"/>
        <input semantic="OUTPUT" source="#mixamorig_Spine-Matrix-animation-output-transform"/>
        <input semantic="INTERPOLATION" source="#mixamorig_Spine-Interpolations"/>
      </sampler>
      <channel source="#mixamorig_Spine-Matrix-animation-transform" target="mixamorig_Spine/matrix"/>
    </animation>
    <animation id="mixamorig_Spine1-anim" name="mixamorig_Spine1">
      <source id="mixamorig_Spine1-Matrix-animation-input">
        <float_array id="mixamorig_Spine1-Matrix-animation-input-array" count="56">

0.000000 0.033333 0.066667 0.100000 0.133333 0.166667 0.200000 0.233333 0.266667 0.300000 0.333333 0.366667 0.400000 0.433333 0.466667 0.500000
0.533333 0.566667 0.600000 0.633333 0.666667 0.700000 0.733333 0.766667 0.800000 0.833333 0.866667 0.900000 0.933333 0.966667 1.000000 1.033333
1.066667 1.100000 1.133333 1.166667 1.200000 1.233333 1.266667 1.300000 1.333333 1.366667 1.400000 1.433333 1.466667 1.500000 1.533333 1.566667
1.600000 1.633333 1.666667 1.700000 1.733333 1.766667 1.800000 1.833333</float_array>
        <technique_common>
          <accessor source="#mixamorig_Spine1-Matrix-animation-input-array" count="56">
            <param name="TIME" type="float"/>
          </accessor>
        </technique_common>
      </source>
      <source id="mixamorig_Spine1-Matrix-animation-output-transform">
        <float_array id="mixamorig_Spine1-Matrix-animation-output-transform-array" count="896">

0.994307 -0.001683 0.106543 0.000000 0.015027 0.992097 -0.124569 11.190800 -0.105492 0.125461 0.986474 -0.000000 0.000000 0.000000 0.000000 1.000000
0.994321 -0.001412 0.106414 0.000000 0.014802 0.992029 -0.125139 11.190800 -0.105389 0.126004 0.986416 -0.000000 0.000000 0.000000 0.000000 1.000000
0.994337 -0.000782 0.106267 0.000000 0.014159 0.992033 -0.125184 11.190800 -0.105322 0.125980 0.986426 0.000000 0.000000 0.000000 0.000000 1.000000
0.994322 -0.000064 0.106412 0.000000 0.013391 0.992125 -0.124532 11.190800 -0.105566 0.125250 0.986493 0.000000 0.000000 0.000000 0.000000 1.000000
0.994243 0.000749 0.107147 -0.000000 0.012406 0.992445 -0.122063 11.190800 -0.106428 0.122690 0.986722 0.000000 0.000000 0.000000 0.000000 1.000000
0.994182 0.001891 0.107692 0.000000 0.010887 0.992962 -0.117934 11.190800 -0.107157 0.118420 0.987165 -0.000000 0.000000 0.000000 0.000000 1.000000
0.994116 0.003088 0.108278 0.000000 0.009232 0.993541 -0.113095 11.190800 -0.107928 0.113429 0.987667 0.000000 0.000000 0.000000 0.000000 1.000000
0.994038 0.004514 0.108939 0.000000 0.007307 0.994139 -0.107867 11.190800 -0.108787 0.108020 0.988179 0.000000 0.000000 0.000000 0.000000 1.000000
0.993986 0.005408 0.109371 0.000000 0.005924 0.994661 -0.103026 11.190800 -0.109344 0.103054 0.988647 0.000000 0.000000 0.000000 0.000000 1.000000
0.993989 0.005781 0.109332 0.000000 0.005033 0.995136 -0.098378 11.190800 -0.109369 0.098337 0.989125 0.000000 0.000000 0.000000 0.000000 1.000000
0.994015 0.005838 0.109085 0.000000 0.004474 0.995557 -0.094050 11.190800 -0.109150 0.093976 0.989573 -0.000000 0.000000 0.000000 0.000000 1.000000
0.994034 0.006372 0.108885 0.000000 0.003304 0.996075 -0.088454 11.190800 -0.109021 0.088286 0.990111 0.000000 0.000000 0.000000 0.000000 1.000000
0.994039 0.006207 0.108847 0.000000 0.002940 0.996489 -0.083676 11.190800 -0.108984 0.083497 0.990530 0.000000 0.000000 0.000000 0.000000 1.000000
0.994050 0.005889 0.108765 0.000000 0.002750 0.996862 -0.079111 11.190800 -0.108889 0.078939 0.990915 -0.000000 0.000000 0.000000 0.000000 1.000000
0.994050 0.005183 0.108801 0.000000 0.003100 0.997116 -0.075830 11.190800 -0.108880 0.075716 0.991167 0.000000 0.000000 0.000000 0.000000 1.000000
0.994028 0.004369 0.109039 0.000000 0.003644 0.997312 -0.073183 11.190800 -0.109065 0.073143 0.991340 -0.000000 0.000000 0.000000 0.000000 1.000000
0.993965 0.003426 0.109641 0.000000 0.004262 0.997551 -0.069807 11.190800 -0.109612 0.069853 0.991517 0.000000 0.000000 0.000000 0.000000 1.000000
0.993898 0.002697 0.110272 0.000000 0.004640 0.997794 -0.066224 11.190800 -0.110208 0.066332 0.991693 0.000000 0.000000 0.000000 0.000000 1.000000
0.993803 0.002144 0.111131 0.000000 0.004736 0.998089 -0.061607 11.190800 -0.111051 0.061751 0.991894 -0.000000 0.000000 0.000000 0.000000 1.000000
0.993779 0.001634 0.111362 0.000000 0.004809 0.998330 -0.057562 11.190800 -0.111270 0.057739 0.992111 0.000000 0.000000 0.000000 0.000000 1.000000
0.993739 0.001003 0.111721 0.000000 0.005009 0.998554 -0.053518 11.190800 -0.111613 0.053742 0.992297 0.000000 0.000000 0.000000 0.000000 1.000000
0.993697 0.000097 0.112097 0.000000 0.005491 0.998757 -0.049544 11.190800 -0.111963 0.049847 0.992461 -0.000000 0.000000 0.000000 0.000000 1.000000
0.993660 -0.000726 0.112425 0.000000 0.005954 0.998916 -0.046172 11.190800 -0.112269 0.046549 0.992587 0.000000 0.000000 0.000000 0.000000 1.000000
0.993621 -0.001670 0.112759 -0.000000 0.006578 0.999046 -0.043172 11.190800 -0.112580 0.043638 0.992684 0.000000 0.000000 0.000000 0.000000 1.000000
0.993567 -0.002610 0.113214 0.000000 0.007281 0.999138 -0.040862 11.190800 -0.113010 0.041424 0.992730 -0.000000 0.000000 0.000000 0.000000 1.000000
0.993535 -0.003417 0.113479 -0.000000 0.007891 0.999208 -0.038994 11.190800 -0.113256 0.039637 0.992775 0.000000 0.000000 0.000000 0.000000 1.000000
0.993483 -0.004005 0.113913 0.000000 0.008398 0.999238 -0.038114 11.190800 -0.113673 0.038822 0.992759 0.000000 0.000000 0.000000 0.000000 1.000000
0.993441 -0.004157 0.114270 0.000000 0.008586 0.999230 -0.038296 11.190800 -0.114022 0.039026 0.992711 0.000000 0.000000 0.000000 0.000000 1.000000
0.993415 -0.004027 0.114498 -0.000000 0.008649 0.999166 -0.039899 11.190800 -0.114242 0.040627 0.992622 0.000000 0.000000 0.000000 0.000000 1.000000
0.993400 -0.003737 0.114644 0.000000 0.008639 0.999068 -0.042294 11.190800 -0.114379 0.043006 0.992506 0.000000 0.000000 0.000000 0.000000 1.000000
0.993424 -0.003376 0.114441 0.000000 0.008641 0.998925 -0.045538 11.190800 -0.114165 0.046228 0.992386 0.000000 0.000000 0.000000 0.000000 1.000000
0.993514 -0.003349 0.113662 -0.000000 0.008933 0.998776 -0.048656 11.190800 -0.113359 0.049355 0.992327 0.000000 0.000000 0.000000 0.000000 1.000000
0.993656 -0.003729 0.112405 0.000000 0.009678 0.998578 -0.052424 11.190800 -0.112049 0.053179 0.992279 0.000000 0.000000 0.000000 0.000000 1.000000
0.993802 -0.003739 0.111098 0.000000 0.010156 0.998309 -0.057242 11.190800 -0.110696 0.058016 0.992160 0.000000 0.000000 0.000000 0.000000 1.000000
0.993916 -0.003656 0.110076 -0.000000 0.010517 0.998032 -0.061817 11.190800 -0.109634 0.062599 0.991999 0.000000 0.000000 0.000000 0.000000 1.000000
0.993946 -0.003998 0.109799 0.000000 0.011469 0.997653 -0.067500 11.190800 -0.109271 0.068351 0.991659 -0.000000 0.000000 0.000000 0.000000 1.000000
0.994023 -0.003577 0.109113 -0.000000 0.011582 0.997278 -0.072819 11.190800 -0.108555 0.073648 0.991359 0.000000 0.000000 0.000000 0.000000 1.000000
0.994042 -0.002712 0.108962 0.000000 0.011251 0.996903 -0.077828 11.190800 -0.108414 0.078590 0.990994 -0.000000 0.000000 0.000000 0.000000 1.000000
0.994136 -0.001979 0.108121 -0.000000 0.010883 0.996587 -0.081827 11.190800 -0.107590 0.082524 0.990764 -0.000000 0.000000 0.000000 0.000000 1.000000
0.994260 -0.001464 0.106985 -0.000000 0.010704 0.996251 -0.085841 11.190800 -0.106458 0.086494 0.990548 -0.000000 0.000000 0.000000 0.000000 1.000000
0.994238 -0.001508 0.107182 0.000000 0.011187 0.995900 -0.089765 11.190800 -0.106607 0.090446 0.990179 0.000000 0.000000 0.000000 0.000000 1.000000
0.994361 -0.000954 0.106047 0.000000 0.010899 0.995584 -0.093235 11.190800 -0.105490 0.093865 0.989980 -0.000000 0.000000 0.000000 0.000000 1.000000
0.994426 -0.001091 0.105435 -0.000000 0.011321 0.995271 -0.096479 11.190800 -0.104831 0.097135 0.989735 0.000000 0.000000 0.000000 0.000000 1.000000
0.994454 -0.001439 0.105165 -0.000000 0.011927 0.994999 -0.099167 11.190800 -0.104496 0.099872 0.989498 0.000000 0.000000 0.000000 0.000000 1.000000
0.994497 -0.001853 0.104751 0.000000 0.012609 0.994693 -0.102113 11.190800 -0.104006 0.102872 0.989242 0.000000 0.000000 0.000000 0.000000 1.000000
0.994513 -0.002462 0.104587 -0.000000 0.013465 0.994419 -0.104636 11.190800 -0.103746 0.105470 0.988996 0.000000 0.000000 0.000000 0.000000 1.000000
0.994521 -0.003226 0.104488 -0.000000 0.014496 0.994123 -0.107283 11.190800 -0.103528 0.108209 0.988723 0.000000 0.000000 0.000000 0.000000 1.000000
0.994521 -0.003658 0.104469 -0.000000 0.015216 0.993809 -0.110055 11.190800 -0.103419 0.111042 0.988420 0.000000 0.000000 0.000000 0.000000 1.000000
0.994491 -0.003784 0.104754 0.000000 0.015703 0.993450 -0.113187 11.190800 -0.103640 0.114208 0.988036 0.000000 0.000000 0.000000 0.000000 1.000000
0.994424 -0.003886 0.105388 0.000000 0.016153 0.993141 -0.115798 11.190800 -0.104215 0.116854 0.987666 0.000000 0.000000 0.000000 0.000000 1.000000
0.994403 -0.003924 0.105579 0.000000 0.016462 0.992859 -0.118152 11.190800 -0.104361 0.119228 0.987367 0.000000 0.000000 0.000000 0.000000 1.000000
0.994391 -0.003840 0.105701 0.000000 0.016566 0.992662 -0.119783 11.190800 -0.104465 0.120862 0.987157 0.000000 0.000000 0.000000 0.000000 1.000000
0.994367 -0.003267 0.105939 0.000000 0.016198 0.992468 -0.121429 11.190800 -0.104745 0.122461 0.986931 0.000000 0.000000 0.000000 0.000000 1.000000
0.994341 -0.002550 0.106208 0.000000 0.015679 0.992287 -0.122967 11.190800 -0.105075 0.123937 0.986711 0.000000 0.000000 0.000000 0.000000 1.000000
0.994318 -0.001939 0.106433 0.000000 0.015220 0.992152 -0.124112 11.190800 -0.105358 0.125026 0.986544 0.000000 0.000000 0.000000 0.000000 1.000000
0.994307 -0.001683 0.106543 0.000000 0.015027 0.992097 -0.124569 11.190800 -0.105492 0.125461 0.986474 0.000000 0.000000 0.000000 0.000000 1.000000</float_array>
        <technique_common>
          <accessor source="#mixamorig_Spine1-Matrix-animation-output-transform-array" count="56" stride="16">
            <param type="float4x4"/>
          </accessor>
        </technique_common>
      </source>
      <source id="mixamorig_Spine1-Interpolations">
        <Name_array id="mixamorig_Spine1-Interpolations-array" count="56">
 LINEAR LINEAR LINEAR LINEAR LINEAR LINEAR LINEAR LINEAR LINEAR LINEAR LINEAR
LINEAR LINEAR LINEAR LINEAR LINEAR LINEAR LINEAR LINEAR LINEAR LINEAR LINEAR LINEAR
LINEAR LINEAR LINEAR LINEAR LINEAR LINEAR LINEAR LINEAR LINEAR LINEAR LINEAR LINEAR
LINEAR LINEAR LINEAR LINEAR LINEAR LINEAR LINEAR LINEAR LINEAR LINEAR LINEAR LINEAR
LINEAR LINEAR LINEAR LINEAR LINEAR LINEAR LINEAR LINEAR LINEAR</Name_array>
        <technique_common>
          <accessor source="#mixamorig_Spine1-Interpolations-array" count="56">
            <param type="name"/>
          </accessor>
        </technique_common>
      </source>
      <sampler id="mixamorig_Spine1-Matrix-animation-transform">
        <input semantic="INPUT" source="#mixamorig_Spine1-Matrix-animation-input"/>
        <input semantic="OUTPUT" source="#mixamorig_Spine1-Matrix-animation-output-transform"/>
        <input semantic="INTERPOLATION" source="#mixamorig_Spine1-Interpolations"/>
      </sampler>
      <channel source="#mixamorig_Spine1-Matrix-animation-transform" target="mixamorig_Spine1/matrix"/>
    </animation>
    <animation id="mixamorig_Spine2-anim" name="mixamorig_Spine2">
      <source id="mixamorig_Spine2-Matrix-animation-input">
        <float_array id="mixamorig_Spine2-Matrix-animation-input-array" count="56">

0.000000 0.033333 0.066667 0.100000 0.133333 0.166667 0.200000 0.233333 0.266667 0.300000 0.333333 0.366667 0.400000 0.433333 0.466667 0.500000
0.533333 0.566667 0.600000 0.633333 0.666667 0.700000 0.733333 0.766667 0.800000 0.833333 0.866667 0.900000 0.933333 0.966667 1.000000 1.033333
1.066667 1.100000 1.133333 1.166667 1.200000 1.233333 1.266667 1.300000 1.333333 1.366667 1.400000 1.433333 1.466667 1.500000 1.533333 1.566667
1.600000 1.633333 1.666667 1.700000 1.733333 1.766667 1.800000 1.833333</float_array>
        <technique_common>
          <accessor source="#mixamorig_Spine2-Matrix-animation-input-array" count="56">
            <param name="TIME" type="float"/>
          </accessor>
        </technique_common>
      </source>
      <source id="mixamorig_Spine2-Matrix-animation-output-transform">
        <float_array id="mixamorig_Spine2-Matrix-animation-output-transform-array" count="896">

0.994298 -0.004312 0.106547 0.000000 0.011154 0.997906 -0.063709 12.789500 -0.106050 0.064534 0.992264 0.000000 0.000000 0.000000 0.000000 1.000000
0.994313 -0.004085 0.106419 0.000000 0.010980 0.997871 -0.064290 12.789500 -0.105930 0.065093 0.992241 0.000000 0.000000 0.000000 0.000000 1.000000
0.994330 -0.003455 0.106284 0.000000 0.010346 0.997873 -0.064359 12.789500 -0.105835 0.065094 0.992251 -0.000000 0.000000 0.000000 0.000000 1.000000
0.994313 -0.002756 0.106464 0.000000 0.009588 0.997922 -0.063709 12.789500 -0.106068 0.064367 0.992273 0.000000 0.000000 0.000000 0.000000 1.000000
0.994225 -0.001996 0.107293 0.000000 0.008606 0.998089 -0.061183 12.789500 -0.106966 0.061753 0.992343 0.000000 0.000000 0.000000 0.000000 1.000000
0.994160 -0.000825 0.107911 0.000000 0.007017 0.998348 -0.057018 12.789500 -0.107685 0.057442 0.992524 0.000000 0.000000 0.000000 0.000000 1.000000
0.994083 0.000307 0.108622 0.000000 0.005385 0.998627 -0.052104 12.789500 -0.108489 0.052381 0.992717 0.000000 0.000000 0.000000 0.000000 1.000000
0.994001 0.001681 0.109358 -0.000000 0.003464 0.998897 -0.046835 12.789500 -0.109316 0.046933 0.992898 0.000000 0.000000 0.000000 0.000000 1.000000
0.993941 0.002500 0.109886 -0.000000 0.002125 0.999117 -0.041954 12.789500 -0.109894 0.041933 0.993058 -0.000000 0.000000 0.000000 0.000000 1.000000
0.993939 0.002835 0.109897 -0.000000 0.001269 0.999305 -0.037257 12.789500 -0.109927 0.037171 0.993244 0.000000 0.000000 0.000000 0.000000 1.000000
0.993960 0.002914 0.109705 -0.000000 0.000695 0.999460 -0.032844 12.789500 -0.109741 0.032722 0.993421 0.000000 0.000000 0.000000 0.000000 1.000000
0.993982 0.003477 0.109484 0.000000 -0.000492 0.999628 -0.027285 12.789500 -0.109538 0.027067 0.993614 0.000000 0.000000 0.000000 0.000000 1.000000
0.993996 0.003328 0.109368 0.000000 -0.000863 0.999745 -0.022576 12.789500 -0.109416 0.022346 0.993745 -0.000000 0.000000 0.000000 0.000000 1.000000
0.994013 0.003073 0.109218 0.000000 -0.001107 0.999836 -0.018052 12.789500 -0.109255 0.017823 0.993854 -0.000000 0.000000 0.000000 0.000000 1.000000
0.994012 0.002354 0.109248 0.000000 -0.000751 0.999892 -0.014711 12.789500 -0.109271 0.014541 0.993906 -0.000000 0.000000 0.000000 0.000000 1.000000
0.993984 0.001503 0.109518 0.000000 -0.000189 0.999928 -0.012009 12.789500 -0.109528 0.011916 0.993912 0.000000 0.000000 0.000000 0.000000 1.000000
0.993923 0.000670 0.110077 0.000000 0.000280 0.999963 -0.008619 12.789500 -0.110078 0.008597 0.993886 0.000000 0.000000 0.000000 0.000000 1.000000
0.993865 -0.000122 0.110603 0.000000 0.000677 0.999987 -0.004973 12.789500 -0.110601 0.005018 0.993852 -0.000000 0.000000 0.000000 0.000000 1.000000
0.993771 -0.000720 0.111438 -0.000000 0.000759 1.000000 -0.000308 12.789500 -0.111438 0.000391 0.993771 0.000000 0.000000 0.000000 0.000000 1.000000
0.993746 -0.001230 0.111659 0.000000 0.000816 0.999993 0.003759 12.789500 -0.111663 -0.003644 0.993739 0.000000 0.000000 0.000000 0.000000 1.000000
0.993713 -0.001822 0.111947 0.000000 0.000950 0.999969 0.007846 12.789500 -0.111958 -0.007691 0.993683 0.000000 0.000000 0.000000 0.000000 1.000000
0.993667 -0.002692 0.112334 0.000000 0.001369 0.999929 0.011854 12.789500 -0.112358 -0.011625 0.993600 0.000000 0.000000 0.000000 0.000000 1.000000
0.993625 -0.003475 0.112684 0.000000 0.001769 0.999882 0.015232 12.789500 -0.112724 -0.014936 0.993514 0.000000 0.000000 0.000000 0.000000 1.000000
0.993589 -0.004387 0.112972 0.000000 0.002337 0.999830 0.018266 12.789500 -0.113033 -0.017885 0.993430 0.000000 0.000000 0.000000 0.000000 1.000000
0.993558 -0.005346 0.113198 0.000000 0.003032 0.999783 0.020608 12.789500 -0.113284 -0.020132 0.993359 -0.000000 0.000000 0.000000 0.000000 1.000000
0.993524 -0.006167 0.113459 0.000000 0.003637 0.999740 0.022490 12.789500 -0.113568 -0.021931 0.993288 0.000000 0.000000 0.000000 0.000000 1.000000
0.993471 -0.006919 0.113876 0.000000 0.004287 0.999718 0.023342 12.789500 -0.114006 -0.022701 0.993221 -0.000000 0.000000 0.000000 0.000000 1.000000
0.993428 -0.007176 0.114238 0.000000 0.004565 0.999723 0.023098 12.789500 -0.114372 -0.022425 0.993185 -0.000000 0.000000 0.000000 0.000000 1.000000
0.993399 -0.007350 0.114473 0.000000 0.004923 0.999757 0.021473 12.789500 -0.114603 -0.020768 0.993194 0.000000 0.000000 0.000000 0.000000 1.000000
0.993384 -0.007076 0.114620 0.000000 0.004926 0.999807 0.019028 12.789500 -0.114733 -0.018337 0.993227 0.000000 0.000000 0.000000 0.000000 1.000000
0.993410 -0.006463 0.114435 -0.000000 0.004692 0.999865 0.015743 12.789500 -0.114521 -0.015103 0.993306 -0.000000 0.000000 0.000000 0.000000 1.000000
0.993501 -0.006186 0.113653 0.000000 0.004777 0.999908 0.012667 12.789500 -0.113721 -0.012042 0.993440 -0.000000 0.000000 0.000000 0.000000 1.000000
0.993652 -0.006215 0.112328 0.000000 0.005253 0.999947 0.008856 12.789500 -0.112378 -0.008210 0.993632 -0.000000 0.000000 0.000000 0.000000 1.000000
0.993801 -0.006228 0.111001 0.000000 0.005815 0.999975 0.004045 12.789500 -0.111023 -0.003374 0.993812 0.000000 0.000000 0.000000 0.000000 1.000000
0.993913 -0.006212 0.109991 -0.000000 0.006304 0.999980 -0.000491 12.789500 -0.109986 0.001182 0.993932 -0.000000 0.000000 0.000000 0.000000 1.000000
0.993942 -0.006142 0.109733 0.000000 0.006860 0.999957 -0.006166 12.789500 -0.109690 0.006881 0.993942 0.000000 0.000000 0.000000 0.000000 1.000000
0.994013 -0.005599 0.109122 0.000000 0.006891 0.999911 -0.011466 12.789500 -0.109048 0.012149 0.993962 0.000000 0.000000 0.000000 0.000000 1.000000
0.994026 -0.004902 0.109030 0.000000 0.006738 0.999841 -0.016485 12.789500 -0.108932 0.017121 0.993902 -0.000000 0.000000 0.000000 0.000000 1.000000
0.994119 -0.004103 0.108215 0.000000 0.006362 0.999769 -0.020529 12.789500 -0.108105 0.021097 0.993916 0.000000 0.000000 0.000000 0.000000 1.000000
0.994238 -0.003584 0.107131 -0.000000 0.006250 0.999679 -0.024559 12.789500 -0.107008 0.025088 0.993942 0.000000 0.000000 0.000000 0.000000 1.000000
0.994211 -0.003751 0.107379 0.000000 0.006845 0.999571 -0.028465 12.789500 -0.107226 0.029035 0.993811 0.000000 0.000000 0.000000 0.000000 1.000000
0.994336 -0.002998 0.106244 0.000000 0.006429 0.999468 -0.031971 12.789500 -0.106091 0.032473 0.993826 0.000000 0.000000 0.000000 0.000000 1.000000
0.994401 -0.003141 0.105623 0.000000 0.006901 0.999355 -0.035250 12.789500 -0.105444 0.035782 0.993781 0.000000 0.000000 0.000000 0.000000 1.000000
0.994430 -0.003528 0.105344 0.000000 0.007566 0.999251 -0.037955 12.789500 -0.105131 0.038541 0.993711 0.000000 0.000000 0.000000 0.000000 1.000000
0.994471 -0.003960 0.104940 0.000000 0.008296 0.999128 -0.040916 12.789500 -0.104687 0.041560 0.993636 -0.000000 0.000000 0.000000 0.000000 1.000000
0.994488 -0.004484 0.104750 -0.000000 0.009086 0.999012 -0.043496 12.789500 -0.104452 0.044208 0.993547 0.000000 0.000000 0.000000 0.000000 1.000000
0.994502 -0.005282 0.104589 0.000000 0.010154 0.998885 -0.046105 12.789500 -0.104228 0.046913 0.993446 0.000000 0.000000 0.000000 0.000000 1.000000
0.994503 -0.005730 0.104553 0.000000 0.010894 0.998745 -0.048890 12.789500 -0.104141 0.049760 0.993317 0.000000 0.000000 0.000000 0.000000 1.000000
0.994477 -0.005903 0.104786 -0.000000 0.011415 0.998577 -0.052084 12.789500 -0.104329 0.052993 0.993130 -0.000000 0.000000 0.000000 0.000000 1.000000
0.994415 -0.006033 0.105370 0.000000 0.011858 0.998430 -0.054745 12.789500 -0.104874 0.055689 0.992925 -0.000000 0.000000 0.000000 0.000000 1.000000
0.994390 -0.006140 0.105601 0.000000 0.012227 0.998294 -0.057089 12.789500 -0.105071 0.058060 0.992768 0.000000 0.000000 0.000000 0.000000 1.000000
0.994376 -0.006176 0.105730 0.000000 0.012445 0.998196 -0.058734 12.789500 -0.105176 0.059720 0.992659 -0.000000 0.000000 0.000000 0.000000 1.000000
0.994354 -0.005708 0.105963 -0.000000 0.012169 0.998098 -0.060431 12.789500 -0.105416 0.061379 0.992532 0.000000 0.000000 0.000000 0.000000 1.000000
0.994329 -0.005085 0.106223 0.000000 0.011731 0.998005 -0.062033 12.789500 -0.105696 0.062927 0.992405 -0.000000 0.000000 0.000000 0.000000 1.000000
0.994309 -0.004542 0.106440 0.000000 0.011327 0.997935 -0.063229 12.789500 -0.105933 0.064075 0.992307 -0.000000 0.000000 0.000000 0.000000 1.000000
0.994298 -0.004312 0.106547 0.000000 0.011154 0.997906 -0.063709 12.789500 -0.106050 0.064534 0.992264 0.000000 0.000000 0.000000 0.000000 1.000000</float_array>
        <technique_common>
          <accessor source="#mixamorig_Spine2-Matrix-animation-output-transform-array" count="56" stride="16">
            <param type="float4x4"/>
          </accessor>
        </technique_common>
      </source>
      <source id="mixamorig_Spine2-Interpolations">
        <Name_array id="mixamorig_Spine2-Interpolations-array" count="56">
 LINEAR LINEAR LINEAR LINEAR LINEAR LINEAR LINEAR LINEAR LINEAR LINEAR LINEAR
LINEAR LINEAR LINEAR LINEAR LINEAR LINEAR LINEAR LINEAR LINEAR LINEAR LINEAR LINEAR
LINEAR LINEAR LINEAR LINEAR LINEAR LINEAR LINEAR LINEAR LINEAR LINEAR LINEAR LINEAR
LINEAR LINEAR LINEAR LINEAR LINEAR LINEAR LINEAR LINEAR LINEAR LINEAR LINEAR LINEAR
LINEAR LINEAR LINEAR LINEAR LINEAR LINEAR LINEAR LINEAR LINEAR</Name_array>
        <technique_common>
          <accessor source="#mixamorig_Spine2-Interpolations-array" count="56">
            <param type="name"/>
          </accessor>
        </technique_common>
      </source>
      <sampler id="mixamorig_Spine2-Matrix-animation-transform">
        <input semantic="INPUT" source="#mixamorig_Spine2-Matrix-animation-input"/>
        <input semantic="OUTPUT" source="#mixamorig_Spine2-Matrix-animation-output-transform"/>
        <input semantic="INTERPOLATION" source="#mixamorig_Spine2-Interpolations"/>
      </sampler>
      <channel source="#mixamorig_Spine2-Matrix-animation-transform" target="mixamorig_Spine2/matrix"/>
    </animation>
    <animation id="mixamorig_Neck-anim" name="mixamorig_Neck">
      <source id="mixamorig_Neck-Matrix-animation-input">
        <float_array id="mixamorig_Neck-Matrix-animation-input-array" count="56">

0.000000 0.033333 0.066667 0.100000 0.133333 0.166667 0.200000 0.233333 0.266667 0.300000 0.333333 0.366667 0.400000 0.433333 0.466667 0.500000
0.533333 0.566667 0.600000 0.633333 0.666667 0.700000 0.733333 0.766667 0.800000 0.833333 0.866667 0.900000 0.933333 0.966667 1.000000 1.033333
1.066667 1.100000 1.133333 1.166667 1.200000 1.233333 1.266667 1.300000 1.333333 1.366667 1.400000 1.433333 1.466667 1.500000 1.533333 1.566667
1.600000 1.633333 1.666667 1.700000 1.733333 1.766667 1.800000 1.833333</float_array>
        <technique_common>
          <accessor source="#mixamorig_Neck-Matrix-animation-input-array" count="56">
            <param name="TIME" type="float"/>
          </accessor>
        </technique_common>
      </source>
      <source id="mixamorig_Neck-Matrix-animation-output-transform">
        <float_array id="mixamorig_Neck-Matrix-animation-output-transform-array" count="896">

0.923054 -0.034905 0.383084 -0.056900 0.037516 0.999296 0.000655 14.235800 -0.382837 0.013767 0.923713 -2.088100 0.000000 0.000000 0.000000 1.000000
0.922875 -0.033074 0.383676 -0.056900 0.036210 0.999344 -0.000951 14.235800 -0.383393 0.014771 0.923467 -2.088100 0.000000 0.000000 0.000000 1.000000
0.922291 -0.029136 0.385397 -0.056900 0.035032 0.999352 -0.008284 14.235800 -0.384906 0.021142 0.922713 -2.088100 0.000000 0.000000 0.000000 1.000000
0.921557 -0.024360 0.387478 -0.056900 0.034705 0.999203 -0.019722 14.235800 -0.386689 0.031622 0.921668 -2.088100 0.000000 0.000000 0.000000 1.000000
0.920578 -0.018672 0.390113 -0.056900 0.037030 0.998530 -0.039591 14.235800 -0.388800 0.050892 0.919915 -2.088100 0.000000 0.000000 0.000000 1.000000
0.919410 -0.014151 0.393047 -0.056900 0.042047 0.997162 -0.062454 14.235800 -0.391047 0.073947 0.917395 -2.088100 0.000000 0.000000 0.000000 1.000000
0.918130 -0.008972 0.396178 -0.056900 0.046751 0.995214 -0.085806 14.235800 -0.393512 0.097303 0.914155 -2.088100 0.000000 0.000000 0.000000 1.000000
0.917034 -0.007483 0.398739 -0.056900 0.053734 0.993026 -0.104943 14.235800 -0.395173 0.117662 0.911040 -2.088100 0.000000 0.000000 0.000000 1.000000
0.916037 -0.006679 0.401038 -0.056900 0.060341 0.990777 -0.121329 14.235800 -0.396529 0.135341 0.907991 -2.088100 0.000000 0.000000 0.000000 1.000000
0.915161 -0.005542 0.403051 -0.056900 0.065741 0.988569 -0.135678 14.235800 -0.397692 0.150664 0.905064 -2.088100 0.000000 0.000000 0.000000 1.000000
0.914274 -0.004094 0.405075 -0.056900 0.068507 0.987109 -0.144646 14.235800 -0.399261 0.159997 0.902769 -2.088100 0.000000 0.000000 0.000000 1.000000
0.913882 -0.002871 0.405969 -0.056900 0.072398 0.985099 -0.156009 14.235800 -0.399472 0.171965 0.900472 -2.088100 0.000000 0.000000 0.000000 1.000000
0.913559 -0.003381 0.406692 -0.056900 0.076120 0.983716 -0.162812 14.235800 -0.399519 0.179696 0.898941 -2.088100 0.000000 0.000000 0.000000 1.000000
0.913049 -0.005652 0.407811 -0.056900 0.079571 0.983158 -0.164525 14.235800 -0.400013 0.182669 0.898121 -2.088100 0.000000 0.000000 0.000000 1.000000
0.912136 -0.006926 0.409830 -0.056900 0.080381 0.983466 -0.162278 14.235800 -0.401929 0.180962 0.897611 -2.088100 0.000000 0.000000 0.000000 1.000000
0.911097 -0.006897 0.412135 -0.056900 0.079468 0.984041 -0.159211 14.235800 -0.404460 0.177808 0.897105 -2.088100 0.000000 0.000000 0.000000 1.000000
0.909987 -0.006314 0.414590 -0.056900 0.080854 0.983392 -0.162490 14.235800 -0.406678 0.181385 0.895384 -2.088100 0.000000 0.000000 0.000000 1.000000
0.908791 -0.003611 0.417237 -0.056900 0.080904 0.982510 -0.167716 14.235800 -0.409334 0.186175 0.893188 -2.088100 0.000000 0.000000 0.000000 1.000000
0.907930 -0.000646 0.419122 -0.056900 0.081525 0.981171 -0.175092 14.235800 -0.411117 0.193141 0.890887 -2.088100 0.000000 0.000000 0.000000 1.000000
0.907406 0.002321 0.420250 -0.056900 0.081903 0.979834 -0.182258 14.235800 -0.412198 0.199802 0.888916 -2.088100 0.000000 0.000000 0.000000 1.000000
0.907230 0.004592 0.420610 -0.056900 0.082651 0.978501 -0.188957 14.235800 -0.412435 0.206191 0.887346 -2.088100 0.000000 0.000000 0.000000 1.000000
0.907133 0.007941 0.420769 -0.056900 0.081396 0.977632 -0.193932 14.235800 -0.412898 0.210171 0.886196 -2.088100 0.000000 0.000000 0.000000 1.000000
0.907493 0.009432 0.419962 -0.056900 0.081488 0.976804 -0.198025 14.235800 -0.412088 0.213928 0.885674 -2.088100 0.000000 0.000000 0.000000 1.000000
0.908191 0.009502 0.418449 -0.056900 0.082798 0.975908 -0.201864 14.235800 -0.410285 0.217977 0.885523 -2.088100 0.000000 0.000000 0.000000 1.000000
0.909123 0.008816 0.416435 -0.056900 0.084673 0.974989 -0.205490 14.235800 -0.407831 0.222077 0.885638 -2.088100 0.000000 0.000000 0.000000 1.000000
0.910383 0.006957 0.413708 -0.056900 0.087600 0.973953 -0.209146 14.235800 -0.404387 0.226643 0.886061 -2.088100 0.000000 0.000000 0.000000 1.000000
0.911432 0.004360 0.411428 -0.056900 0.090760 0.973182 -0.211374 14.235800 -0.401316 0.229994 0.886594 -2.088100 0.000000 0.000000 0.000000 1.000000
0.913073 0.003248 0.407783 -0.056900 0.090582 0.973371 -0.210578 14.235800 -0.397608 0.229211 0.888465 -2.088100 0.000000 0.000000 0.000000 1.000000
0.914583 0.003976 0.404378 -0.056900 0.086341 0.974975 -0.204863 14.235800 -0.395073 0.222279 0.891353 -2.088100 0.000000 0.000000 0.000000 1.000000
0.915477 0.005246 0.402337 -0.056900 0.079299 0.977952 -0.193186 14.235800 -0.394480 0.208762 0.894877 -2.088100 0.000000 0.000000 0.000000 1.000000
0.915462 0.007790 0.402329 -0.056900 0.068361 0.982269 -0.174567 14.235800 -0.396556 0.187313 0.898698 -2.088100 0.000000 0.000000 0.000000 1.000000
0.915311 0.012859 0.402542 -0.056900 0.053551 0.986729 -0.153288 14.235800 -0.399171 0.161863 0.902476 -2.088100 0.000000 0.000000 0.000000 1.000000
0.915662 0.018592 0.401519 -0.056900 0.037584 0.990593 -0.131579 14.235800 -0.400189 0.135573 0.906349 -2.088100 0.000000 0.000000 0.000000 1.000000
0.916303 0.024896 0.399712 -0.056900 0.020790 0.993763 -0.109555 14.235800 -0.399947 0.108696 0.910070 -2.088100 0.000000 0.000000 0.000000 1.000000
0.916938 0.031395 0.397792 -0.056900 0.004511 0.996021 -0.089006 14.235800 -0.399003 0.083408 0.913148 -2.088100 0.000000 0.000000 0.000000 1.000000
0.916998 0.038079 0.397070 -0.056900 -0.011783 0.997584 -0.068457 14.235800 -0.398717 0.058096 0.915232 -2.088100 0.000000 0.000000 0.000000 1.000000
0.917667 0.040320 0.395300 -0.056900 -0.022114 0.998479 -0.050506 14.235800 -0.396735 0.037606 0.917163 -2.088100 0.000000 0.000000 0.000000 1.000000
0.918281 0.041412 0.393759 -0.056900 -0.029781 0.998922 -0.035604 14.235800 -0.394809 0.020968 0.918524 -2.088100 0.000000 0.000000 0.000000 1.000000
0.918929 0.039946 0.392396 -0.056900 -0.032737 0.999150 -0.025048 14.235800 -0.393063 0.010171 0.919455 -2.088100 0.000000 0.000000 0.000000 1.000000
0.919108 0.038306 0.392139 -0.056900 -0.034893 0.999266 -0.015829 14.235800 -0.392457 0.000865 0.919770 -2.088100 0.000000 0.000000 0.000000 1.000000
0.918700 0.038660 0.393060 -0.056900 -0.039106 0.999211 -0.006877 14.235800 -0.393016 -0.009053 0.919487 -2.088100 0.000000 0.000000 0.000000 1.000000
0.918853 0.033950 0.393136 -0.056900 -0.036918 0.999318 -0.000013 14.235800 -0.392869 -0.014502 0.919480 -2.088100 0.000000 0.000000 0.000000 1.000000
0.919029 0.029825 0.393060 -0.056900 -0.034106 0.999411 0.003910 14.235800 -0.392712 -0.016999 0.919505 -2.088100 0.000000 0.000000 0.000000 1.000000
0.919040 0.026607 0.393265 -0.056900 -0.031181 0.999500 0.005245 14.235800 -0.392929 -0.017083 0.919410 -2.088100 0.000000 0.000000 0.000000 1.000000
0.919018 0.022569 0.393569 -0.056900 -0.027131 0.999614 0.006032 14.235800 -0.393281 -0.016222 0.919275 -2.088100 0.000000 0.000000 0.000000 1.000000
0.919460 0.015020 0.392897 -0.056900 -0.018717 0.999809 0.005582 14.235800 -0.392738 -0.012486 0.919566 -2.088100 0.000000 0.000000 0.000000 1.000000
0.919533 0.008139 0.392930 -0.056900 -0.010648 0.999934 0.004207 14.235800 -0.392870 -0.008052 0.919559 -2.088100 0.000000 0.000000 0.000000 1.000000
0.919315 0.001302 0.393521 -0.056900 -0.002878 0.999990 0.003414 14.235800 -0.393513 -0.004271 0.919309 -2.088100 0.000000 0.000000 0.000000 1.000000
0.919502 -0.006731 0.393028 -0.056900 0.006411 0.999977 0.002127 14.235800 -0.393033 0.000564 0.919524 -2.088100 0.000000 0.000000 0.000000 1.000000
0.920144 -0.014853 0.391299 -0.056900 0.016338 0.999866 -0.000466 14.235800 -0.391240 0.006822 0.920263 -2.088100 0.000000 0.000000 0.000000 1.000000
0.920574 -0.019648 0.390073 -0.056900 0.022600 0.999740 -0.002980 14.235800 -0.389913 0.011559 0.920779 -2.088100 0.000000 0.000000 0.000000 1.000000
0.920971 -0.023290 0.388934 -0.056900 0.027101 0.999623 -0.004315 14.235800 -0.388687 0.014514 0.921256 -2.088100 0.000000 0.000000 0.000000 1.000000
0.921620 -0.027219 0.387137 -0.056900 0.030953 0.999515 -0.003413 14.235800 -0.386857 0.015129 0.922016 -2.088100 0.000000 0.000000 0.000000 1.000000
0.922304 -0.030993 0.385220 -0.056900 0.034304 0.999410 -0.001725 14.235800 -0.384939 0.014806 0.922823 -2.088100 0.000000 0.000000 0.000000 1.000000
0.922840 -0.033816 0.383695 -0.056900 0.036657 0.999328 -0.000094 14.235800 -0.383434 0.014152 0.923460 -2.088100 0.000000 0.000000 0.000000 1.000000
0.923055 -0.034909 0.383081 -0.056900 0.037523 0.999296 0.000648 14.235800 -0.382834 0.013776 0.923714 -2.088100 0.000000 0.000000 0.000000 1.000000</float_array>
        <technique_common>
          <accessor source="#mixamorig_Neck-Matrix-animation-output-transform-array" count="56" stride="16">
            <param type="float4x4"/>
          </accessor>
        </technique_common>
      </source>
      <source id="mixamorig_Neck-Interpolations">
        <Name_array id="mixamorig_Neck-Interpolations-array" count="56">
 LINEAR LINEAR LINEAR LINEAR LINEAR LINEAR LINEAR LINEAR LINEAR LINEAR LINEAR
LINEAR LINEAR LINEAR LINEAR LINEAR LINEAR LINEAR LINEAR LINEAR LINEAR LINEAR LINEAR
LINEAR LINEAR LINEAR LINEAR LINEAR LINEAR LINEAR LINEAR LINEAR LINEAR LINEAR LINEAR
LINEAR LINEAR LINEAR LINEAR LINEAR LINEAR LINEAR LINEAR LINEAR LINEAR LINEAR LINEAR
LINEAR LINEAR LINEAR LINEAR LINEAR LINEAR LINEAR LINEAR LINEAR</Name_array>
        <technique_common>
          <accessor source="#mixamorig_Neck-Interpolations-array" count="56">
            <param type="name"/>
          </accessor>
        </technique_common>
      </source>
      <sampler id="mixamorig_Neck-Matrix-animation-transform">
        <input semantic="INPUT" source="#mixamorig_Neck-Matrix-animation-input"/>
        <input semantic="OUTPUT" source="#mixamorig_Neck-Matrix-animation-output-transform"/>
        <input semantic="INTERPOLATION" source="#mixamorig_Neck-Interpolations"/>
      </sampler>
      <channel source="#mixamorig_Neck-Matrix-animation-transform" target="mixamorig_Neck/matrix"/>
    </animation>
    <animation id="mixamorig_Head-anim" name="mixamorig_Head">
      <source id="mixamorig_Head-Matrix-animation-input">
        <float_array id="mixamorig_Head-Matrix-animation-input-array" count="56">

0.000000 0.033333 0.066667 0.100000 0.133333 0.166667 0.200000 0.233333 0.266667 0.300000 0.333333 0.366667 0.400000 0.433333 0.466667 0.500000
0.533333 0.566667 0.600000 0.633333 0.666667 0.700000 0.733333 0.766667 0.800000 0.833333 0.866667 0.900000 0.933333 0.966667 1.000000 1.033333
1.066667 1.100000 1.133333 1.166667 1.200000 1.233333 1.266667 1.300000 1.333333 1.366667 1.400000 1.433333 1.466667 1.500000 1.533333 1.566667
1.600000 1.633333 1.666667 1.700000 1.733333 1.766667 1.800000 1.833333</float_array>
        <technique_common>
          <accessor source="#mixamorig_Head-Matrix-animation-input-array" count="56">
            <param name="TIME" type="float"/>
          </accessor>
        </technique_common>
      </source>
      <source id="mixamorig_Head-Matrix-animation-output-transform">
        <float_array id="mixamorig_Head-Matrix-animation-output-transform-array" count="896">

0.963942 0.180625 0.195423 -0.000000 -0.183038 0.983089 -0.005791 3.280200 -0.193164 -0.030188 0.980702 0.313300 0.000000 0.000000 0.000000 1.000000
0.964626 0.177626 0.194794 0.000000 -0.179601 0.983710 -0.007623 3.280200 -0.192975 -0.027632 0.980815 0.313300 0.000000 0.000000 0.000000 1.000000
0.965577 0.172604 0.194599 0.000000 -0.174684 0.984603 -0.006554 3.280200 -0.192734 -0.027665 0.980861 0.313300 0.000000 0.000000 0.000000 1.000000
0.966404 0.167978 0.194543 0.000000 -0.170667 0.985324 -0.002976 3.280200 -0.192187 -0.030326 0.980890 0.313300 0.000000 0.000000 0.000000 1.000000
0.966772 0.165321 0.194988 -0.000000 -0.169664 0.985486 0.005668 3.280200 -0.191221 -0.038562 0.980789 0.313300 0.000000 0.000000 0.000000 1.000000
0.966653 0.164007 0.196679 0.000000 -0.170216 0.985293 0.014970 3.280200 -0.191332 -0.047949 0.980354 0.313300 0.000000 0.000000 0.000000 1.000000
0.966504 0.162450 0.198696 0.000000 -0.170503 0.985065 0.023996 3.280200 -0.191830 -0.057070 0.979767 0.313300 0.000000 0.000000 0.000000 1.000000
0.965771 0.163058 0.201738 0.000000 -0.172281 0.984623 0.028916 3.280200 -0.193921 -0.062682 0.979013 0.313300 0.000000 0.000000 0.000000 1.000000
0.964836 0.164668 0.204882 0.000000 -0.174739 0.984096 0.031949 3.280200 -0.196362 -0.066626 0.978265 0.313300 0.000000 0.000000 0.000000 1.000000
0.963969 0.166500 0.207464 -0.000000 -0.177174 0.983597 0.033844 3.280200 -0.198426 -0.069382 0.977657 0.313300 0.000000 0.000000 0.000000 1.000000
0.963567 0.167346 0.208649 -0.000000 -0.177829 0.983528 0.032406 3.280200 -0.199789 -0.068329 0.977454 0.313300 0.000000 0.000000 0.000000 1.000000
0.962835 0.169578 0.210220 -0.000000 -0.180263 0.983078 0.032610 3.280200 -0.201133 -0.069293 0.977110 0.313300 0.000000 0.000000 0.000000 1.000000
0.961669 0.173721 0.212165 0.000000 -0.183981 0.982488 0.029457 3.280200 -0.203332 -0.067362 0.976790 0.313300 0.000000 0.000000 0.000000 1.000000
0.960459 0.178394 0.213763 0.000000 -0.187414 0.982023 0.022532 3.280200 -0.205901 -0.061703 0.976626 0.313300 0.000000 0.000000 0.000000 1.000000
0.959699 0.181914 0.214209 0.000000 -0.189164 0.981850 0.013670 3.280200 -0.207834 -0.053639 0.976692 0.313300 0.000000 0.000000 0.000000 1.000000
0.959191 0.184636 0.214153 -0.000000 -0.190071 0.981758 0.004888 3.280200 -0.209344 -0.045393 0.976788 0.313300 0.000000 0.000000 0.000000 1.000000
0.958332 0.189186 0.214030 0.000000 -0.193826 0.981036 0.000708 3.280200 -0.209837 -0.042163 0.976827 0.313300 0.000000 0.000000 0.000000 1.000000
0.957971 0.191585 0.213508 0.000000 -0.195860 0.980631 -0.001154 3.280200 -0.209594 -0.040713 0.976941 0.313300 0.000000 0.000000 0.000000 1.000000
0.957720 0.193432 0.212970 0.000000 -0.197758 0.980250 -0.001010 3.280200 -0.208959 -0.041149 0.977058 0.313300 0.000000 0.000000 0.000000 1.000000
0.957565 0.195229 0.212024 0.000000 -0.199787 0.979839 0.000076 3.280200 -0.207735 -0.042432 0.977264 0.313300 0.000000 0.000000 0.000000 1.000000
0.957452 0.197391 0.210530 -0.000000 -0.202204 0.979342 0.001365 3.280200 -0.205911 -0.043877 0.977587 0.313300 0.000000 0.000000 0.000000 1.000000
0.957876 0.197621 0.208376 0.000000 -0.202534 0.979273 0.002294 3.280200 -0.203604 -0.044400 0.978046 0.313300 0.000000 0.000000 0.000000 1.000000
0.957958 0.199268 0.206418 0.000000 -0.204355 0.978891 0.003401 3.280200 -0.201383 -0.045441 0.978458 0.313300 0.000000 0.000000 0.000000 1.000000
0.957903 0.202022 0.203980 -0.000000 -0.207415 0.978239 0.005185 3.280200 -0.198494 -0.047275 0.978961 0.313300 0.000000 0.000000 0.000000 1.000000
0.957860 0.205071 0.201121 0.000000 -0.210928 0.977470 0.007896 3.280200 -0.194971 -0.049986 0.979534 0.313300 0.000000 0.000000 0.000000 1.000000
0.957674 0.208041 0.198946 0.000000 -0.214474 0.976667 0.011105 3.280200 -0.191994 -0.053303 0.979947 0.313300 0.000000 0.000000 0.000000 1.000000
0.957609 0.210242 0.196937 0.000000 -0.217172 0.976033 0.014026 3.280200 -0.189268 -0.056200 0.980316 0.313300 0.000000 0.000000 0.000000 1.000000
0.957750 0.210265 0.196224 0.000000 -0.217605 0.975900 0.016377 3.280200 -0.188051 -0.058384 0.980422 0.313300 0.000000 0.000000 0.000000 1.000000
0.958415 0.208235 0.195138 0.000000 -0.215612 0.976329 0.017117 3.280200 -0.186954 -0.058479 0.980627 0.313300 0.000000 0.000000 0.000000 1.000000
0.959727 0.204293 0.192841 -0.000000 -0.211047 0.977362 0.014930 3.280200 -0.185426 -0.055028 0.981116 0.313300 0.000000 0.000000 0.000000 1.000000
0.962000 0.197208 0.188849 0.000000 -0.202530 0.979234 0.009112 3.280200 -0.183130 -0.047014 0.981964 0.313300 0.000000 0.000000 0.000000 1.000000
0.964729 0.188514 0.183739 -0.000000 -0.192152 0.981363 0.002032 3.280200 -0.179932 -0.037266 0.982973 0.313300 0.000000 0.000000 0.000000 1.000000
0.967075 0.181206 0.178691 0.000000 -0.183386 0.983031 -0.004378 3.280200 -0.176452 -0.028535 0.983896 0.313300 0.000000 0.000000 0.000000 1.000000
0.969163 0.174220 0.174271 0.000000 -0.175212 0.984482 -0.009798 3.280200 -0.173274 -0.021039 0.984649 0.313300 0.000000 0.000000 0.000000 1.000000
0.971027 0.167491 0.170450 0.000000 -0.167526 0.985764 -0.014284 3.280200 -0.170416 -0.014685 0.985263 0.313300 0.000000 0.000000 0.000000 1.000000
0.972773 0.161252 0.166464 0.000000 -0.160428 0.986875 -0.018474 3.280200 -0.167258 -0.008734 0.985874 0.313300 0.000000 0.000000 0.000000 1.000000
0.973583 0.158686 0.164179 -0.000000 -0.157307 0.987317 -0.021455 3.280200 -0.165501 -0.004938 0.986197 0.313300 0.000000 0.000000 0.000000 1.000000
0.973951 0.157748 0.162894 0.000000 -0.156213 0.987472 -0.022273 3.280200 -0.164367 -0.003753 0.986392 0.313300 0.000000 0.000000 0.000000 1.000000
0.973594 0.159488 0.163337 0.000000 -0.158078 0.987189 -0.021678 3.280200 -0.164702 -0.004715 0.986332 0.313300 0.000000 0.000000 0.000000 1.000000
0.972986 0.161609 0.164866 -0.000000 -0.160351 0.986837 -0.021002 3.280200 -0.166090 -0.006002 0.986092 0.313300 0.000000 0.000000 0.000000 1.000000
0.972663 0.161744 0.166630 -0.000000 -0.160580 0.986809 -0.020529 3.280200 -0.167753 -0.006789 0.985806 0.313300 0.000000 0.000000 0.000000 1.000000
0.971518 0.165705 0.169395 0.000000 -0.164841 0.986132 -0.019250 3.280200 -0.170236 -0.009221 0.985360 0.313300 0.000000 0.000000 0.000000 1.000000
0.970180 0.170014 0.172758 0.000000 -0.169771 0.985349 -0.016293 3.280200 -0.172997 -0.013522 0.984829 0.313300 0.000000 0.000000 0.000000 1.000000
0.968885 0.173802 0.176222 0.000000 -0.174420 0.984597 -0.012101 3.280200 -0.175611 -0.019012 0.984276 0.313300 0.000000 0.000000 0.000000 1.000000
0.967441 0.178147 0.179782 -0.000000 -0.179631 0.983701 -0.008129 3.280200 -0.178300 -0.024430 0.983673 0.313300 0.000000 0.000000 0.000000 1.000000
0.965213 0.185777 0.183984 0.000000 -0.188095 0.982138 -0.004929 3.280200 -0.181613 -0.029849 0.982917 0.313300 0.000000 0.000000 0.000000 1.000000
0.963442 0.191730 0.187135 0.000000 -0.194854 0.980831 -0.001730 3.280200 -0.183879 -0.034797 0.982333 0.313300 0.000000 0.000000 0.000000 1.000000
0.962129 0.195993 0.189460 -0.000000 -0.199722 0.979852 0.000602 3.280200 -0.185524 -0.038419 0.981888 0.313300 0.000000 0.000000 0.000000 1.000000
0.960577 0.200756 0.192324 0.000000 -0.205099 0.978737 0.002738 3.280200 -0.187685 -0.042076 0.981328 0.313300 0.000000 0.000000 0.000000 1.000000
0.958990 0.205198 0.195530 -0.000000 -0.210161 0.977655 0.004757 3.280200 -0.190185 -0.045655 0.980686 0.313300 0.000000 0.000000 0.000000 1.000000
0.958584 0.205473 0.197223 0.000000 -0.210868 0.977493 0.006520 3.280200 -0.191444 -0.047838 0.980337 0.313300 0.000000 0.000000 0.000000 1.000000
0.959100 0.202652 0.197636 0.000000 -0.207944 0.978121 0.006181 3.280200 -0.192059 -0.047025 0.980256 0.313300 0.000000 0.000000 0.000000 1.000000
0.960513 0.196315 0.197166 0.000000 -0.200849 0.979617 0.003065 3.280200 -0.192545 -0.042545 0.980365 0.313300 0.000000 0.000000 0.000000 1.000000
0.962117 0.189080 0.196417 0.000000 -0.192657 0.981266 -0.000911 3.280200 -0.192910 -0.036964 0.980520 0.313300 0.000000 0.000000 0.000000 1.000000
0.963409 0.183119 0.195730 0.000000 -0.185880 0.982563 -0.004331 3.280200 -0.193110 -0.032210 0.980648 0.313300 0.000000 0.000000 0.000000 1.000000
0.963941 0.180630 0.195424 0.000000 -0.183044 0.983088 -0.005790 3.280200 -0.193165 -0.030190 0.980702 0.313300 0.000000 0.000000 0.000000 1.000000</float_array>
        <technique_common>
          <accessor source="#mixamorig_Head-Matrix-animation-output-transform-array" count="56" stride="16">
            <param type="float4x4"/>
          </accessor>
        </technique_common>
      </source>
      <source id="mixamorig_Head-Interpolations">
        <Name_array id="mixamorig_Head-Interpolations-array" count="56">
 LINEAR LINEAR LINEAR LINEAR LINEAR LINEAR LINEAR LINEAR LINEAR LINEAR LINEAR
LINEAR LINEAR LINEAR LINEAR LINEAR LINEAR LINEAR LINEAR LINEAR LINEAR LINEAR LINEAR
LINEAR LINEAR LINEAR LINEAR LINEAR LINEAR LINEAR LINEAR LINEAR LINEAR LINEAR LINEAR
LINEAR LINEAR LINEAR LINEAR LINEAR LINEAR LINEAR LINEAR LINEAR LINEAR LINEAR LINEAR
LINEAR LINEAR LINEAR LINEAR LINEAR LINEAR LINEAR LINEAR LINEAR</Name_array>
        <technique_common>
          <accessor source="#mixamorig_Head-Interpolations-array" count="56">
            <param type="name"/>
          </accessor>
        </technique_common>
      </source>
      <sampler id="mixamorig_Head-Matrix-animation-transform">
        <input semantic="INPUT" source="#mixamorig_Head-Matrix-animation-input"/>
        <input semantic="OUTPUT" source="#mixamorig_Head-Matrix-animation-output-transform"/>
        <input semantic="INTERPOLATION" source="#mixamorig_Head-Interpolations"/>
      </sampler>
      <channel source="#mixamorig_Head-Matrix-animation-transform" target="mixamorig_Head/matrix"/>
    </animation>
    <animation id="mixamorig_LeftShoulder-anim" name="mixamorig_LeftShoulder">
      <source id="mixamorig_LeftShoulder-Matrix-animation-input">
        <float_array id="mixamorig_LeftShoulder-Matrix-animation-input-array" count="56">

0.000000 0.033333 0.066667 0.100000 0.133333 0.166667 0.200000 0.233333 0.266667 0.300000 0.333333 0.366667 0.400000 0.433333 0.466667 0.500000
0.533333 0.566667 0.600000 0.633333 0.666667 0.700000 0.733333 0.766667 0.800000 0.833333 0.866667 0.900000 0.933333 0.966667 1.000000 1.033333
1.066667 1.100000 1.133333 1.166667 1.200000 1.233333 1.266667 1.300000 1.333333 1.366667 1.400000 1.433333 1.466667 1.500000 1.533333 1.566667
1.600000 1.633333 1.666667 1.700000 1.733333 1.766667 1.800000 1.833333</float_array>
        <technique_common>
          <accessor source="#mixamorig_LeftShoulder-Matrix-animation-input-array" count="56">
            <param name="TIME" type="float"/>
          </accessor>
        </technique_common>
      </source>
      <source id="mixamorig_LeftShoulder-Matrix-animation-output-transform">
        <float_array id="mixamorig_LeftShoulder-Matrix-animation-output-transform-array" count="896">

-0.021687 0.981323 -0.191143 6.728800 -0.023390 -0.191633 -0.981188 11.756600 -0.999491 -0.016808 0.027109 -2.058500 0.000000 0.000000 0.000000 1.000000
-0.022454 0.981222 -0.191572 6.728800 -0.023279 -0.192081 -0.981103 11.756600 -0.999477 -0.017570 0.027155 -2.058500 0.000000 0.000000 0.000000 1.000000
-0.024572 0.980923 -0.192839 6.728800 -0.022961 -0.193400 -0.980851 11.756600 -0.999434 -0.019673 0.027275 -2.058500 0.000000 0.000000 0.000000 1.000000
-0.027762 0.980423 -0.194937 6.728800 -0.022445 -0.195574 -0.980432 11.756600 -0.999363 -0.022843 0.027435 -2.058500 0.000000 0.000000 0.000000 1.000000
-0.031551 0.979624 -0.198348 6.728800 -0.021693 -0.199071 -0.979745 11.756600 -0.999267 -0.026610 0.027532 -2.058500 0.000000 0.000000 0.000000 1.000000
-0.034278 0.979715 -0.197444 6.728800 -0.020926 -0.198220 -0.979934 11.756600 -0.999193 -0.029458 0.027296 -2.058500 0.000000 0.000000 0.000000 1.000000
-0.035765 0.980238 -0.194562 6.728800 -0.019965 -0.195348 -0.980531 11.756600 -0.999161 -0.031184 0.026557 -2.058500 0.000000 0.000000 0.000000 1.000000
-0.038794 0.980787 -0.191184 6.728800 -0.018864 -0.192013 -0.981211 11.756600 -0.999069 -0.034459 0.025951 -2.058500 0.000000 0.000000 0.000000 1.000000
-0.039548 0.981269 -0.188537 6.728800 -0.018111 -0.189358 -0.981741 11.756600 -0.999054 -0.035411 0.025261 -2.058500 0.000000 0.000000 0.000000 1.000000
-0.041378 0.981608 -0.186371 6.728800 -0.018075 -0.187235 -0.982149 11.756600 -0.998980 -0.037271 0.025490 -2.058500 0.000000 0.000000 0.000000 1.000000
-0.044272 0.981779 -0.184795 6.728800 -0.017611 -0.185715 -0.982446 11.756600 -0.998864 -0.040240 0.025512 -2.058500 0.000000 0.000000 0.000000 1.000000
-0.044545 0.982080 -0.183123 6.728800 -0.016400 -0.184000 -0.982790 11.756600 -0.998873 -0.040775 0.024302 -2.058500 0.000000 0.000000 0.000000 1.000000
-0.047727 0.982180 -0.181782 6.728800 -0.015930 -0.182715 -0.983037 11.756600 -0.998733 -0.044022 0.024366 -2.058500 0.000000 0.000000 0.000000 1.000000
-0.046760 0.982452 -0.180557 6.728800 -0.014697 -0.181412 -0.983297 11.756600 -0.998798 -0.043326 0.022922 -2.058500 0.000000 0.000000 0.000000 1.000000
-0.051892 0.982490 -0.178946 6.728800 -0.014803 -0.179924 -0.983569 11.756600 -0.998543 -0.048390 0.023880 -2.058500 0.000000 0.000000 0.000000 1.000000
-0.058057 0.982525 -0.176845 6.728800 -0.015973 -0.178035 -0.983895 11.756600 -0.998185 -0.054297 0.026030 -2.058500 0.000000 0.000000 0.000000 1.000000
-0.062939 0.982661 -0.174400 6.728800 -0.016686 -0.175759 -0.984292 11.756600 -0.997878 -0.059040 0.027458 -2.058500 0.000000 0.000000 0.000000 1.000000
-0.067976 0.982681 -0.172385 6.728800 -0.017110 -0.173908 -0.984613 11.756600 -0.997540 -0.063981 0.028635 -2.058500 0.000000 0.000000 0.000000 1.000000
-0.072054 0.982671 -0.170780 6.728800 -0.017265 -0.172429 -0.984871 11.756600 -0.997251 -0.068015 0.029390 -2.058500 0.000000 0.000000 0.000000 1.000000
-0.073429 0.983121 -0.167574 6.728800 -0.017454 -0.169269 -0.985415 11.756600 -0.997148 -0.069433 0.029589 -2.058500 0.000000 0.000000 0.000000 1.000000
-0.078485 0.983071 -0.165564 6.728800 -0.017484 -0.167408 -0.985733 11.756600 -0.996762 -0.074471 0.030327 -2.058500 0.000000 0.000000 0.000000 1.000000
-0.079333 0.983124 -0.164841 6.728800 -0.017587 -0.166716 -0.985848 11.756600 -0.996693 -0.075312 0.030516 -2.058500 0.000000 0.000000 0.000000 1.000000
-0.083680 0.983129 -0.162651 6.728800 -0.017801 -0.164672 -0.986188 11.756600 -0.996334 -0.079629 0.031280 -2.058500 0.000000 0.000000 0.000000 1.000000
-0.084944 0.983245 -0.161287 6.728800 -0.018022 -0.163362 -0.986402 11.756600 -0.996223 -0.080882 0.031596 -2.058500 0.000000 0.000000 0.000000 1.000000
-0.086316 0.983730 -0.157559 6.728800 -0.018553 -0.159709 -0.986990 11.756600 -0.996095 -0.082270 0.032036 -2.058500 0.000000 0.000000 0.000000 1.000000
-0.088929 0.983835 -0.155439 6.728800 -0.018942 -0.157700 -0.987305 11.756600 -0.995858 -0.084856 0.032660 -2.058500 0.000000 0.000000 0.000000 1.000000
-0.091749 0.983317 -0.157067 6.728800 -0.018854 -0.159419 -0.987031 11.756600 -0.995604 -0.087598 0.033166 -2.058500 0.000000 0.000000 0.000000 1.000000
-0.095316 0.982627 -0.159247 6.728800 -0.018652 -0.161710 -0.986662 11.756600 -0.995272 -0.091074 0.033741 -2.058500 0.000000 0.000000 0.000000 1.000000
-0.106080 0.981189 -0.161290 6.728800 -0.017893 -0.164062 -0.986288 11.756600 -0.994197 -0.101739 0.034960 -2.058500 0.000000 0.000000 0.000000 1.000000
-0.102912 0.980471 -0.167589 6.728800 -0.017753 -0.170267 -0.985238 11.756600 -0.994532 -0.098418 0.034929 -2.058500 0.000000 0.000000 0.000000 1.000000
-0.105297 0.979486 -0.171812 6.728800 -0.017324 -0.174553 -0.984495 11.756600 -0.994290 -0.100688 0.035348 -2.058500 0.000000 0.000000 0.000000 1.000000
-0.106116 0.978514 -0.176774 6.728800 -0.016862 -0.179523 -0.983609 11.756600 -0.994211 -0.101396 0.035550 -2.058500 0.000000 0.000000 0.000000 1.000000
-0.106077 0.977402 -0.182845 6.728800 -0.016281 -0.185565 -0.982497 11.756600 -0.994225 -0.101244 0.035597 -2.058500 0.000000 0.000000 0.000000 1.000000
-0.101958 0.976437 -0.190196 6.728800 -0.015684 -0.192746 -0.981123 11.756600 -0.994665 -0.097050 0.034966 -2.058500 0.000000 0.000000 0.000000 1.000000
-0.099241 0.975797 -0.194861 6.728800 -0.015438 -0.197314 -0.980219 11.756600 -0.994944 -0.094270 0.034646 -2.058500 0.000000 0.000000 0.000000 1.000000
-0.097695 0.975024 -0.199458 6.728800 -0.015872 -0.201918 -0.979274 11.756600 -0.995090 -0.092505 0.035202 -2.058500 0.000000 0.000000 0.000000 1.000000
-0.091483 0.974760 -0.203650 6.728800 -0.016110 -0.205930 -0.978434 11.756600 -0.995676 -0.086229 0.034543 -2.058500 0.000000 0.000000 0.000000 1.000000
-0.086032 0.974585 -0.206839 6.728800 -0.015439 -0.208888 -0.977818 11.756600 -0.996173 -0.080930 0.033018 -2.058500 0.000000 0.000000 0.000000 1.000000
-0.081427 0.974547 -0.208872 6.728800 -0.015554 -0.210785 -0.977409 11.756600 -0.996558 -0.076339 0.032321 -2.058500 0.000000 0.000000 0.000000 1.000000
-0.074031 0.975043 -0.209312 6.728800 -0.016146 -0.211032 -0.977346 11.756600 -0.997125 -0.068974 0.031365 -2.058500 0.000000 0.000000 0.000000 1.000000
-0.068324 0.974931 -0.211757 6.728800 -0.016426 -0.213324 -0.976843 11.756600 -0.997528 -0.063264 0.030590 -2.058500 0.000000 0.000000 0.000000 1.000000
-0.062904 0.975065 -0.212817 6.728800 -0.016826 -0.214245 -0.976635 11.756600 -0.997878 -0.057853 0.029884 -2.058500 0.000000 0.000000 0.000000 1.000000
-0.056214 0.975603 -0.212226 6.728800 -0.017497 -0.213492 -0.976788 11.756600 -0.998265 -0.051195 0.029072 -2.058500 0.000000 0.000000 0.000000 1.000000
-0.051567 0.976306 -0.210160 6.728800 -0.018232 -0.211325 -0.977246 11.756600 -0.998503 -0.046562 0.028698 -2.058500 0.000000 0.000000 0.000000 1.000000
-0.046255 0.976693 -0.209597 6.728800 -0.019065 -0.210647 -0.977376 11.756600 -0.998748 -0.041213 0.028365 -2.058500 0.000000 0.000000 0.000000 1.000000
-0.040776 0.976865 -0.209935 6.728800 -0.019551 -0.210849 -0.977323 11.756600 -0.998977 -0.035747 0.027696 -2.058500 0.000000 0.000000 0.000000 1.000000
-0.039474 0.977594 -0.206765 6.728800 -0.021165 -0.207698 -0.977964 11.756600 -0.998996 -0.034228 0.028890 -2.058500 0.000000 0.000000 0.000000 1.000000
-0.036045 0.978238 -0.204330 6.728800 -0.022607 -0.205209 -0.978457 11.756600 -0.999094 -0.030649 0.029511 -2.058500 0.000000 0.000000 0.000000 1.000000
-0.032413 0.978604 -0.203185 6.728800 -0.023510 -0.203983 -0.978692 11.756600 -0.999198 -0.026945 0.029619 -2.058500 0.000000 0.000000 0.000000 1.000000
-0.029695 0.979033 -0.201527 6.728800 -0.024540 -0.202269 -0.979022 11.756600 -0.999258 -0.024127 0.030032 -2.058500 0.000000 0.000000 0.000000 1.000000
-0.028380 0.979443 -0.199715 6.728800 -0.025512 -0.200440 -0.979374 11.756600 -0.999272 -0.022699 0.030676 -2.058500 0.000000 0.000000 0.000000 1.000000
-0.027066 0.979611 -0.199070 6.728800 -0.025985 -0.199765 -0.979499 11.756600 -0.999296 -0.021338 0.030862 -2.058500 0.000000 0.000000 0.000000 1.000000
-0.025603 0.979604 -0.199300 6.728800 -0.026090 -0.199953 -0.979458 11.756600 -0.999332 -0.019877 0.030677 -2.058500 0.000000 0.000000 0.000000 1.000000
-0.023882 0.980113 -0.197000 6.728800 -0.025300 -0.197585 -0.979959 11.756600 -0.999395 -0.018419 0.029516 -2.058500 0.000000 0.000000 0.000000 1.000000
-0.022304 0.980995 -0.192747 6.728800 -0.023934 -0.193264 -0.980855 11.756600 -0.999465 -0.017264 0.027789 -2.058500 0.000000 0.000000 0.000000 1.000000
-0.021687 0.981323 -0.191140 6.728800 -0.023390 -0.191631 -0.981188 11.756600 -0.999491 -0.016808 0.027109 -2.058500 0.000000 0.000000 0.000000 1.000000</float_array>
        <technique_common>
          <accessor source="#mixamorig_LeftShoulder-Matrix-animation-output-transform-array" count="56" stride="16">
            <param type="float4x4"/>
          </accessor>
        </technique_common>
      </source>
      <source id="mixamorig_LeftShoulder-Interpolations">
        <Name_array id="mixamorig_LeftShoulder-Interpolations-array" count="56">
 LINEAR LINEAR LINEAR LINEAR LINEAR LINEAR LINEAR LINEAR LINEAR LINEAR LINEAR
LINEAR LINEAR LINEAR LINEAR LINEAR LINEAR LINEAR LINEAR LINEAR LINEAR LINEAR LINEAR
LINEAR LINEAR LINEAR LINEAR LINEAR LINEAR LINEAR LINEAR LINEAR LINEAR LINEAR LINEAR
LINEAR LINEAR LINEAR LINEAR LINEAR LINEAR LINEAR LINEAR LINEAR LINEAR LINEAR LINEAR
LINEAR LINEAR LINEAR LINEAR LINEAR LINEAR LINEAR LINEAR LINEAR</Name_array>
        <technique_common>
          <accessor source="#mixamorig_LeftShoulder-Interpolations-array" count="56">
            <param type="name"/>
          </accessor>
        </technique_common>
      </source>
      <sampler id="mixamorig_LeftShoulder-Matrix-animation-transform">
        <input semantic="INPUT" source="#mixamorig_LeftShoulder-Matrix-animation-input"/>
        <input semantic="OUTPUT" source="#mixamorig_LeftShoulder-Matrix-animation-output-transform"/>
        <input semantic="INTERPOLATION" source="#mixamorig_LeftShoulder-Interpolations"/>
      </sampler>
      <channel source="#mixamorig_LeftShoulder-Matrix-animation-transform" target="mixamorig_LeftShoulder/matrix"/>
    </animation>
    <animation id="mixamorig_LeftArm-anim" name="mixamorig_LeftArm">
      <source id="mixamorig_LeftArm-Matrix-animation-input">
        <float_array id="mixamorig_LeftArm-Matrix-animation-input-array" count="56">

0.000000 0.033333 0.066667 0.100000 0.133333 0.166667 0.200000 0.233333 0.266667 0.300000 0.333333 0.366667 0.400000 0.433333 0.466667 0.500000
0.533333 0.566667 0.600000 0.633333 0.666667 0.700000 0.733333 0.766667 0.800000 0.833333 0.866667 0.900000 0.933333 0.966667 1.000000 1.033333
1.066667 1.100000 1.133333 1.166667 1.200000 1.233333 1.266667 1.300000 1.333333 1.366667 1.400000 1.433333 1.466667 1.500000 1.533333 1.566667
1.600000 1.633333 1.666667 1.700000 1.733333 1.766667 1.800000 1.833333</float_array>
        <technique_common>
          <accessor source="#mixamorig_LeftArm-Matrix-animation-input-array" count="56">
            <param name="TIME" type="float"/>
          </accessor>
        </technique_common>
      </source>
      <source id="mixamorig_LeftArm-Matrix-animation-output-transform">
        <float_array id="mixamorig_LeftArm-Matrix-animation-output-transform-array" count="896">

0.266117 -0.080167 -0.960601 -0.000000 0.117341 0.991819 -0.050265 14.448800 0.956772 -0.099341 0.273347 -0.000000 0.000000 0.000000 0.000000 1.000000
0.265928 -0.083845 -0.960340 0.000000 0.134947 0.989639 -0.049035 14.448800 0.954501 -0.116555 0.274487 0.000000 0.000000 0.000000 0.000000 1.000000
0.268080 -0.086958 -0.959464 0.000000 0.161536 0.985876 -0.044218 14.448800 0.949758 -0.143134 0.278340 0.000000 0.000000 0.000000 0.000000 1.000000
0.271122 -0.091727 -0.958164 0.000000 0.187342 0.981441 -0.040945 14.448800 0.944138 -0.168403 0.283274 0.000000 0.000000 0.000000 0.000000 1.000000
0.276156 -0.097718 -0.956132 -0.000000 0.208361 0.977246 -0.039696 14.448800 0.938256 -0.188258 0.290233 -0.000000 0.000000 0.000000 0.000000 1.000000
0.284894 -0.101301 -0.953191 0.000000 0.217490 0.975297 -0.038646 14.448800 0.933559 -0.196300 0.299889 0.000000 0.000000 0.000000 0.000000 1.000000
0.295153 -0.100621 -0.950137 -0.000000 0.220329 0.974805 -0.034790 14.448800 0.929699 -0.199074 0.309886 0.000000 0.000000 0.000000 0.000000 1.000000
0.304879 -0.098647 -0.947269 0.000000 0.223194 0.974324 -0.029629 14.448800 0.925869 -0.202391 0.319068 0.000000 0.000000 0.000000 0.000000 1.000000
0.315277 -0.091085 -0.944618 -0.000000 0.223406 0.974532 -0.019406 14.448800 0.922329 -0.204915 0.327597 0.000000 0.000000 0.000000 0.000000 1.000000
0.324202 -0.089211 -0.941772 0.000000 0.222062 0.974903 -0.015905 14.448800 0.919555 -0.203976 0.335876 0.000000 0.000000 0.000000 0.000000 1.000000
0.333249 -0.087696 -0.938751 0.000000 0.222131 0.974940 -0.012222 14.448800 0.916298 -0.204453 0.344378 -0.000000 0.000000 0.000000 0.000000 1.000000
0.346847 -0.080733 -0.934441 -0.000000 0.223500 0.974703 -0.001253 14.448800 0.910903 -0.208413 0.356117 0.000000 0.000000 0.000000 0.000000 1.000000
0.360459 -0.079191 -0.929407 0.000000 0.223449 0.974709 0.003611 14.448800 0.905616 -0.208977 0.369038 0.000000 0.000000 0.000000 0.000000 1.000000
0.374871 -0.065398 -0.924767 0.000000 0.222252 0.974760 0.021161 14.448800 0.900042 -0.213464 0.379944 0.000000 0.000000 0.000000 0.000000 1.000000
0.385961 -0.066683 -0.920102 0.000000 0.220970 0.975032 0.022027 14.448800 0.895660 -0.211817 0.391059 0.000000 0.000000 0.000000 0.000000 1.000000
0.395612 -0.074253 -0.915411 0.000000 0.219278 0.975537 0.015634 14.448800 0.891857 -0.206914 0.402216 0.000000 0.000000 0.000000 0.000000 1.000000
0.407341 -0.083460 -0.909455 0.000000 0.219809 0.975502 0.008930 14.448800 0.886429 -0.203544 0.415707 -0.000000 0.000000 0.000000 0.000000 1.000000
0.419337 -0.092466 -0.903109 0.000000 0.221274 0.975207 0.002895 14.448800 0.880451 -0.201049 0.429401 -0.000000 0.000000 0.000000 0.000000 1.000000
0.432690 -0.099423 -0.896044 -0.000000 0.222810 0.974862 -0.000576 14.448800 0.873576 -0.199398 0.443965 0.000000 0.000000 0.000000 0.000000 1.000000
0.445284 -0.104961 -0.889216 0.000000 0.220792 0.975310 -0.004559 14.448800 0.867740 -0.194302 0.457465 0.000000 0.000000 0.000000 0.000000 1.000000
0.457096 -0.118719 -0.881458 0.000000 0.223505 0.974582 -0.015359 14.448800 0.860877 -0.189990 0.472012 -0.000000 0.000000 0.000000 0.000000 1.000000
0.468139 -0.125123 -0.874751 0.000000 0.224146 0.974362 -0.019415 14.448800 0.854754 -0.186983 0.484183 -0.000000 0.000000 0.000000 0.000000 1.000000
0.478440 -0.138712 -0.867095 0.000000 0.225627 0.973712 -0.031273 14.448800 0.848639 -0.180677 0.497159 0.000000 0.000000 0.000000 0.000000 1.000000
0.488212 -0.147045 -0.860248 0.000000 0.227286 0.973112 -0.037347 14.448800 0.842609 -0.177289 0.508506 0.000000 0.000000 0.000000 0.000000 1.000000
0.496736 -0.156280 -0.853715 0.000000 0.224972 0.973219 -0.047255 14.448800 0.838237 -0.168589 0.518591 0.000000 0.000000 0.000000 0.000000 1.000000
0.504527 -0.166089 -0.847270 -0.000000 0.226049 0.972503 -0.056032 14.448800 0.833279 -0.163256 0.528198 0.000000 0.000000 0.000000 0.000000 1.000000
0.511758 -0.172945 -0.841542 -0.000000 0.231573 0.971043 -0.058734 14.448800 0.827331 -0.164821 0.536989 0.000000 0.000000 0.000000 0.000000 1.000000
0.517448 -0.178844 -0.836817 -0.000000 0.236902 0.969633 -0.060741 14.448800 0.822268 -0.166813 0.544103 0.000000 0.000000 0.000000 0.000000 1.000000
0.518576 -0.193493 -0.832850 -0.000000 0.245746 0.966688 -0.071573 14.448800 0.818955 -0.167554 0.548851 0.000000 0.000000 0.000000 0.000000 1.000000
0.519375 -0.187934 -0.833625 -0.000000 0.249984 0.966257 -0.062088 14.448800 0.817164 -0.176146 0.548831 0.000000 0.000000 0.000000 0.000000 1.000000
0.515467 -0.189498 -0.835694 0.000000 0.253412 0.965332 -0.062586 14.448800 0.818582 -0.179514 0.545617 0.000000 0.000000 0.000000 0.000000 1.000000
0.509255 -0.189978 -0.839385 0.000000 0.253886 0.965088 -0.064396 14.448800 0.822314 -0.180314 0.539709 0.000000 0.000000 0.000000 0.000000 1.000000
0.500728 -0.189905 -0.844516 -0.000000 0.253507 0.965031 -0.066696 14.448800 0.827651 -0.180695 0.531361 0.000000 0.000000 0.000000 0.000000 1.000000
0.491668 -0.181236 -0.851713 -0.000000 0.250687 0.966152 -0.060873 14.448800 0.833917 -0.183584 0.520460 -0.000000 0.000000 0.000000 0.000000 1.000000
0.480859 -0.176878 -0.858772 0.000000 0.242996 0.967959 -0.063304 14.448800 0.842453 -0.178238 0.508432 0.000000 0.000000 0.000000 0.000000 1.000000
0.466853 -0.178313 -0.866171 -0.000000 0.232813 0.969691 -0.074142 14.448800 0.853139 -0.167043 0.494217 0.000000 0.000000 0.000000 0.000000 1.000000
0.455378 -0.169281 -0.874056 -0.000000 0.222303 0.972279 -0.072485 14.448800 0.862097 -0.161297 0.480387 -0.000000 0.000000 0.000000 0.000000 1.000000
0.443244 -0.159801 -0.882042 0.000000 0.212102 0.974737 -0.070009 14.448800 0.870946 -0.156052 0.465940 -0.000000 0.000000 0.000000 0.000000 1.000000
0.432473 -0.152221 -0.888705 0.000000 0.202272 0.976903 -0.068896 14.448800 0.878666 -0.149964 0.453274 0.000000 0.000000 0.000000 0.000000 1.000000
0.422301 -0.139976 -0.895583 0.000000 0.188664 0.979941 -0.064199 14.448800 0.886605 -0.141853 0.440238 0.000000 0.000000 0.000000 0.000000 1.000000
0.409988 -0.130328 -0.902732 0.000000 0.178011 0.982139 -0.060946 14.448800 0.894551 -0.135709 0.425865 0.000000 0.000000 0.000000 0.000000 1.000000
0.399197 -0.119817 -0.909002 0.000000 0.170055 0.983898 -0.055007 14.448800 0.900957 -0.132622 0.413145 -0.000000 0.000000 0.000000 0.000000 1.000000
0.387626 -0.108133 -0.915453 0.000000 0.158270 0.986156 -0.049469 14.448800 0.908128 -0.125714 0.399374 0.000000 0.000000 0.000000 0.000000 1.000000
0.374981 -0.101519 -0.921457 0.000000 0.144484 0.988239 -0.050080 14.448800 0.915704 -0.114357 0.385239 0.000000 0.000000 0.000000 0.000000 1.000000
0.362655 -0.092786 -0.927293 -0.000000 0.134726 0.989798 -0.046350 14.448800 0.922133 -0.108121 0.371456 0.000000 0.000000 0.000000 0.000000 1.000000
0.350348 -0.085198 -0.932737 -0.000000 0.128751 0.990781 -0.042140 14.448800 0.927728 -0.105327 0.358087 0.000000 0.000000 0.000000 0.000000 1.000000
0.338621 -0.086931 -0.936899 0.000000 0.118381 0.991747 -0.049234 14.448800 0.933446 -0.094239 0.346117 -0.000000 0.000000 0.000000 0.000000 1.000000
0.327458 -0.083127 -0.941202 0.000000 0.109102 0.992786 -0.049725 14.448800 0.938546 -0.086405 0.334165 -0.000000 0.000000 0.000000 0.000000 1.000000
0.317110 -0.078212 -0.945158 0.000000 0.103775 0.993471 -0.047392 14.448800 0.942694 -0.083055 0.323156 0.000000 0.000000 0.000000 0.000000 1.000000
0.306901 -0.077601 -0.948573 -0.000000 0.099741 0.993805 -0.049032 14.448800 0.946501 -0.079564 0.312740 0.000000 0.000000 0.000000 0.000000 1.000000
0.297228 -0.079800 -0.951466 -0.000000 0.096685 0.993895 -0.053156 14.448800 0.949899 -0.076193 0.303129 0.000000 0.000000 0.000000 0.000000 1.000000
0.289250 -0.081029 -0.953818 -0.000000 0.099141 0.993588 -0.054343 14.448800 0.952106 -0.078844 0.295429 0.000000 0.000000 0.000000 0.000000 1.000000
0.281392 -0.082100 -0.956074 -0.000000 0.108575 0.992659 -0.053286 14.448800 0.953431 -0.088811 0.288240 0.000000 0.000000 0.000000 0.000000 1.000000
0.274104 -0.082088 -0.958190 0.000000 0.115199 0.991979 -0.052028 14.448800 0.954775 -0.096121 0.281362 0.000000 0.000000 0.000000 0.000000 1.000000
0.268590 -0.081037 -0.959840 0.000000 0.116694 0.991853 -0.051085 14.448800 0.956160 -0.098287 0.275858 -0.000000 0.000000 0.000000 0.000000 1.000000
0.266117 -0.080168 -0.960601 -0.000000 0.117341 0.991819 -0.050266 14.448800 0.956772 -0.099342 0.273347 -0.000000 0.000000 0.000000 0.000000 1.000000</float_array>
        <technique_common>
          <accessor source="#mixamorig_LeftArm-Matrix-animation-output-transform-array" count="56" stride="16">
            <param type="float4x4"/>
          </accessor>
        </technique_common>
      </source>
      <source id="mixamorig_LeftArm-Interpolations">
        <Name_array id="mixamorig_LeftArm-Interpolations-array" count="56">
 LINEAR LINEAR LINEAR LINEAR LINEAR LINEAR LINEAR LINEAR LINEAR LINEAR LINEAR
LINEAR LINEAR LINEAR LINEAR LINEAR LINEAR LINEAR LINEAR LINEAR LINEAR LINEAR LINEAR
LINEAR LINEAR LINEAR LINEAR LINEAR LINEAR LINEAR LINEAR LINEAR LINEAR LINEAR LINEAR
LINEAR LINEAR LINEAR LINEAR LINEAR LINEAR LINEAR LINEAR LINEAR LINEAR LINEAR LINEAR
LINEAR LINEAR LINEAR LINEAR LINEAR LINEAR LINEAR LINEAR LINEAR</Name_array>
        <technique_common>
          <accessor source="#mixamorig_LeftArm-Interpolations-array" count="56">
            <param type="name"/>
          </accessor>
        </technique_common>
      </source>
      <sampler id="mixamorig_LeftArm-Matrix-animation-transform">
        <input semantic="INPUT" source="#mixamorig_LeftArm-Matrix-animation-input"/>
        <input semantic="OUTPUT" source="#mixamorig_LeftArm-Matrix-animation-output-transform"/>
        <input semantic="INTERPOLATION" source="#mixamorig_LeftArm-Interpolations"/>
      </sampler>
      <channel source="#mixamorig_LeftArm-Matrix-animation-transform" target="mixamorig_LeftArm/matrix"/>
    </animation>
    <animation id="mixamorig_LeftForeArm-anim" name="mixamorig_LeftForeArm">
      <source id="mixamorig_LeftForeArm-Matrix-animation-input">
        <float_array id="mixamorig_LeftForeArm-Matrix-animation-input-array" count="56">

0.000000 0.033333 0.066667 0.100000 0.133333 0.166667 0.200000 0.233333 0.266667 0.300000 0.333333 0.366667 0.400000 0.433333 0.466667 0.500000
0.533333 0.566667 0.600000 0.633333 0.666667 0.700000 0.733333 0.766667 0.800000 0.833333 0.866667 0.900000 0.933333 0.966667 1.000000 1.033333
1.066667 1.100000 1.133333 1.166667 1.200000 1.233333 1.266667 1.300000 1.333333 1.366667 1.400000 1.433333 1.466667 1.500000 1.533333 1.566667
1.600000 1.633333 1.666667 1.700000 1.733333 1.766667 1.800000 1.833333</float_array>
        <technique_common>
          <accessor source="#mixamorig_LeftForeArm-Matrix-animation-input-array" count="56">
            <param name="TIME" type="float"/>
          </accessor>
        </technique_common>
      </source>
      <source id="mixamorig_LeftForeArm-Matrix-animation-output-transform">
        <float_array id="mixamorig_LeftForeArm-Matrix-animation-output-transform-array" count="896">

-0.300013 -0.953406 0.031759 -0.000000 0.720723 -0.204731 0.662302 23.160299 -0.624941 0.221588 0.748564 -0.000000 0.000000 0.000000 0.000000 1.000000
-0.291934 -0.955570 0.040759 -0.000000 0.724627 -0.193163 0.661516 23.160299 -0.624252 0.222654 0.748822 -0.000000 0.000000 0.000000 0.000000 1.000000
-0.282196 -0.957938 0.052148 -0.000000 0.729658 -0.179021 0.659962 23.160299 -0.622868 0.224289 0.749487 -0.000000 0.000000 0.000000 0.000000 1.000000
-0.273783 -0.959809 0.061718 0.000000 0.733894 -0.167004 0.658414 23.160299 -0.621644 0.225557 0.750122 0.000000 0.000000 0.000000 0.000000 1.000000
-0.269240 -0.960765 0.066632 0.000000 0.736550 -0.160844 0.656980 23.160299 -0.620486 0.225964 0.750958 0.000000 0.000000 0.000000 0.000000 1.000000
-0.271005 -0.960417 0.064462 0.000000 0.736254 -0.163681 0.656611 23.160299 -0.620069 0.225405 0.751470 -0.000000 0.000000 0.000000 0.000000 1.000000
-0.277317 -0.959016 0.058176 0.000000 0.734768 -0.172679 0.655971 23.160299 -0.619041 0.224658 0.752541 -0.000000 0.000000 0.000000 0.000000 1.000000
-0.285362 -0.957118 0.049936 0.000000 0.731836 -0.183960 0.656182 23.160299 -0.618857 0.223795 0.752948 0.000000 0.000000 0.000000 0.000000 1.000000
-0.295954 -0.954319 0.041059 0.000000 0.729841 -0.198190 0.654257 23.160299 -0.616233 0.223597 0.755157 0.000000 0.000000 0.000000 0.000000 1.000000
-0.304807 -0.951910 0.031000 -0.000000 0.725763 -0.211070 0.654765 23.160299 -0.616734 0.222076 0.755196 0.000000 0.000000 0.000000 0.000000 1.000000
-0.312523 -0.949634 0.022917 -0.000000 0.722646 -0.222024 0.654590 23.160299 -0.616532 0.221135 0.755637 0.000000 0.000000 0.000000 0.000000 1.000000
-0.319702 -0.947374 0.016557 0.000000 0.719929 -0.231513 0.654296 23.160299 -0.616030 0.221099 0.756057 0.000000 0.000000 0.000000 0.000000 1.000000
-0.326947 -0.944988 0.010124 -0.000000 0.717448 -0.241221 0.653515 23.160299 -0.615121 0.220928 0.756846 -0.000000 0.000000 0.000000 0.000000 1.000000
-0.336998 -0.941491 0.005136 0.000000 0.716958 -0.253085 0.649553 23.160299 -0.610249 0.222580 0.760299 0.000000 0.000000 0.000000 0.000000 1.000000
-0.342778 -0.939416 0.000758 0.000000 0.715768 -0.260650 0.647872 23.160299 -0.608424 0.222618 0.761749 0.000000 0.000000 0.000000 0.000000 1.000000
-0.345759 -0.938318 -0.003071 0.000000 0.713964 -0.265208 0.648012 23.160299 -0.608856 0.221863 0.761624 0.000000 0.000000 0.000000 0.000000 1.000000
-0.346076 -0.938197 -0.004244 0.000000 0.713131 -0.265989 0.648609 23.160299 -0.609652 0.221442 0.761110 0.000000 0.000000 0.000000 0.000000 1.000000
-0.345325 -0.938475 -0.003803 0.000000 0.713489 -0.265167 0.648552 23.160299 -0.609659 0.221248 0.761161 0.000000 0.000000 0.000000 0.000000 1.000000
-0.344191 -0.938897 -0.002172 -0.000000 0.714796 -0.263536 0.647778 23.160299 -0.608769 0.221407 0.761826 0.000000 0.000000 0.000000 0.000000 1.000000
-0.342735 -0.939431 -0.001597 0.000000 0.714739 -0.261863 0.648519 23.160299 -0.609657 0.221128 0.761197 0.000000 0.000000 0.000000 0.000000 1.000000
-0.337431 -0.941346 0.002895 0.000000 0.716755 -0.254929 0.649056 23.160299 -0.610248 0.221086 0.760735 0.000000 0.000000 0.000000 0.000000 1.000000
-0.332905 -0.942939 0.006396 0.000000 0.717712 -0.248978 0.650308 23.160299 -0.611608 0.221081 0.759644 -0.000000 0.000000 0.000000 0.000000 1.000000
-0.326555 -0.945112 0.011176 0.000000 0.719210 -0.240795 0.651732 23.160299 -0.613269 0.220864 0.758367 0.000000 0.000000 0.000000 0.000000 1.000000
-0.321170 -0.946893 0.015611 0.000000 0.720374 -0.233572 0.653074 23.160299 -0.614745 0.220993 0.757133 -0.000000 0.000000 0.000000 0.000000 1.000000
-0.316250 -0.948494 0.018548 0.000000 0.720320 -0.227357 0.655323 23.160299 -0.617353 0.220607 0.755121 0.000000 0.000000 0.000000 0.000000 1.000000
-0.310731 -0.950206 0.023535 0.000000 0.722025 -0.219865 0.656003 23.160299 -0.618164 0.220833 0.754391 0.000000 0.000000 0.000000 0.000000 1.000000
-0.305631 -0.951670 0.030246 0.000000 0.725580 -0.212217 0.654598 23.160299 -0.616542 0.222011 0.755372 0.000000 0.000000 0.000000 0.000000 1.000000
-0.300911 -0.952927 0.037183 -0.000000 0.729583 -0.204925 0.652468 23.160299 -0.614134 0.223463 0.756904 -0.000000 0.000000 0.000000 0.000000 1.000000
-0.294039 -0.954711 0.045482 -0.000000 0.733864 -0.195022 0.650699 23.160299 -0.612360 0.224708 0.757972 -0.000000 0.000000 0.000000 0.000000 1.000000
-0.290599 -0.955451 0.051629 0.000000 0.737671 -0.189342 0.648068 23.160299 -0.609422 0.226413 0.759831 0.000000 0.000000 0.000000 0.000000 1.000000
-0.285558 -0.956684 0.056674 -0.000000 0.739007 -0.182160 0.648603 23.160299 -0.610185 0.227097 0.759014 0.000000 0.000000 0.000000 0.000000 1.000000
-0.280439 -0.957990 0.060081 0.000000 0.738751 -0.175447 0.650742 23.160299 -0.612863 0.226878 0.756918 0.000000 0.000000 0.000000 0.000000 1.000000
-0.275382 -0.959243 0.063385 0.000000 0.738814 -0.168994 0.652376 23.160299 -0.615076 0.226482 0.755240 0.000000 0.000000 0.000000 0.000000 1.000000
-0.272967 -0.959753 0.066046 0.000000 0.740144 -0.165659 0.651723 23.160299 -0.614553 0.226783 0.755576 0.000000 0.000000 0.000000 0.000000 1.000000
-0.270347 -0.960453 0.066655 0.000000 0.739364 -0.162774 0.653334 23.160299 -0.616647 0.225909 0.754130 0.000000 0.000000 0.000000 0.000000 1.000000
-0.267220 -0.961417 0.065346 -0.000000 0.736980 -0.160208 0.656654 23.160299 -0.620850 0.223630 0.751356 0.000000 0.000000 0.000000 0.000000 1.000000
-0.267621 -0.961448 0.063222 0.000000 0.735235 -0.161365 0.658325 23.160299 -0.622743 0.222664 0.750074 0.000000 0.000000 0.000000 0.000000 1.000000
-0.269295 -0.961158 0.060455 0.000000 0.733428 -0.163997 0.659689 23.160299 -0.624151 0.221991 0.749103 0.000000 0.000000 0.000000 0.000000 1.000000
-0.270530 -0.960972 0.057844 0.000000 0.731414 -0.166094 0.661397 23.160299 -0.625977 0.221235 0.747802 0.000000 0.000000 0.000000 0.000000 1.000000
-0.273876 -0.960240 0.054141 0.000000 0.729837 -0.170840 0.661930 23.160299 -0.626362 0.220801 0.747608 -0.000000 0.000000 0.000000 0.000000 1.000000
-0.276276 -0.959720 0.051077 -0.000000 0.728349 -0.174405 0.662640 23.160299 -0.627040 0.220273 0.747195 0.000000 0.000000 0.000000 0.000000 1.000000
-0.278806 -0.959121 0.048520 0.000000 0.727005 -0.177782 0.663218 23.160299 -0.627480 0.220183 0.746852 0.000000 0.000000 0.000000 0.000000 1.000000
-0.282541 -0.958196 0.045064 -0.000000 0.725926 -0.182870 0.663016 23.160299 -0.627059 0.220042 0.747247 -0.000000 0.000000 0.000000 0.000000 1.000000
-0.285219 -0.957586 0.040965 0.000000 0.723663 -0.187126 0.664300 23.160299 -0.628459 0.219116 0.746342 -0.000000 0.000000 0.000000 0.000000 1.000000
-0.287623 -0.956958 0.038789 0.000000 0.723070 -0.190411 0.664013 23.160299 -0.628047 0.219033 0.746714 0.000000 0.000000 0.000000 0.000000 1.000000
-0.289234 -0.956520 0.037583 -0.000000 0.722592 -0.192411 0.663957 23.160299 -0.627857 0.219196 0.746825 -0.000000 0.000000 0.000000 0.000000 1.000000
-0.289690 -0.956452 0.035755 0.000000 0.721344 -0.193622 0.664961 23.160299 -0.629080 0.218425 0.746022 -0.000000 0.000000 0.000000 0.000000 1.000000
-0.291393 -0.956013 0.033600 0.000000 0.720171 -0.196119 0.665500 23.160299 -0.629637 0.218120 0.745641 0.000000 0.000000 0.000000 0.000000 1.000000
-0.293551 -0.955393 0.032419 -0.000000 0.720077 -0.198689 0.664840 23.160299 -0.628742 0.218509 0.746282 0.000000 0.000000 0.000000 0.000000 1.000000
-0.294954 -0.955006 0.031065 0.000000 0.719456 -0.200574 0.664946 23.160299 -0.628797 0.218478 0.746245 0.000000 0.000000 0.000000 0.000000 1.000000
-0.295331 -0.954931 0.029772 -0.000000 0.718295 -0.201384 0.665956 23.160299 -0.629946 0.218063 0.745397 0.000000 0.000000 0.000000 0.000000 1.000000
-0.295528 -0.954875 0.029623 0.000000 0.717934 -0.201526 0.666302 23.160299 -0.630265 0.218178 0.745094 0.000000 0.000000 0.000000 0.000000 1.000000
-0.295264 -0.954894 0.031573 0.000000 0.719159 -0.200374 0.665327 23.160299 -0.628991 0.219153 0.745884 -0.000000 0.000000 0.000000 0.000000 1.000000
-0.296246 -0.954549 0.032790 0.000000 0.720314 -0.200742 0.663966 23.160299 -0.627205 0.220316 0.747044 -0.000000 0.000000 0.000000 0.000000 1.000000
-0.298406 -0.953884 0.032549 -0.000000 0.720800 -0.202874 0.662790 23.160299 -0.625621 0.221241 0.748098 -0.000000 0.000000 0.000000 0.000000 1.000000
-0.300013 -0.953406 0.031759 -0.000000 0.720722 -0.204731 0.662302 23.160299 -0.624941 0.221589 0.748563 0.000000 0.000000 0.000000 0.000000 1.000000</float_array>
        <technique_common>
          <accessor source="#mixamorig_LeftForeArm-Matrix-animation-output-transform-array" count="56" stride="16">
            <param type="float4x4"/>
          </accessor>
        </technique_common>
      </source>
      <source id="mixamorig_LeftForeArm-Interpolations">
        <Name_array id="mixamorig_LeftForeArm-Interpolations-array" count="56">
 LINEAR LINEAR LINEAR LINEAR LINEAR LINEAR LINEAR LINEAR LINEAR LINEAR LINEAR
LINEAR LINEAR LINEAR LINEAR LINEAR LINEAR LINEAR LINEAR LINEAR LINEAR LINEAR LINEAR
LINEAR LINEAR LINEAR LINEAR LINEAR LINEAR LINEAR LINEAR LINEAR LINEAR LINEAR LINEAR
LINEAR LINEAR LINEAR LINEAR LINEAR LINEAR LINEAR LINEAR LINEAR LINEAR LINEAR LINEAR
LINEAR LINEAR LINEAR LINEAR LINEAR LINEAR LINEAR LINEAR LINEAR</Name_array>
        <technique_common>
          <accessor source="#mixamorig_LeftForeArm-Interpolations-array" count="56">
            <param type="name"/>
          </accessor>
        </technique_common>
      </source>
      <sampler id="mixamorig_LeftForeArm-Matrix-animation-transform">
        <input semantic="INPUT" source="#mixamorig_LeftForeArm-Matrix-animation-input"/>
        <input semantic="OUTPUT" source="#mixamorig_LeftForeArm-Matrix-animation-output-transform"/>
        <input semantic="INTERPOLATION" source="#mixamorig_LeftForeArm-Interpolations"/>
      </sampler>
      <channel source="#mixamorig_LeftForeArm-Matrix-animation-transform" target="mixamorig_LeftForeArm/matrix"/>
    </animation>
    <animation id="mixamorig_LeftHand-anim" name="mixamorig_LeftHand">
      <source id="mixamorig_LeftHand-Matrix-animation-input">
        <float_array id="mixamorig_LeftHand-Matrix-animation-input-array" count="56">

0.000000 0.033333 0.066667 0.100000 0.133333 0.166667 0.200000 0.233333 0.266667 0.300000 0.333333 0.366667 0.400000 0.433333 0.466667 0.500000
0.533333 0.566667 0.600000 0.633333 0.666667 0.700000 0.733333 0.766667 0.800000 0.833333 0.866667 0.900000 0.933333 0.966667 1.000000 1.033333
1.066667 1.100000 1.133333 1.166667 1.200000 1.233333 1.266667 1.300000 1.333333 1.366667 1.400000 1.433333 1.466667 1.500000 1.533333 1.566667
1.600000 1.633333 1.666667 1.700000 1.733333 1.766667 1.800000 1.833333</float_array>
        <technique_common>
          <accessor source="#mixamorig_LeftHand-Matrix-animation-input-array" count="56">
            <param name="TIME" type="float"/>
          </accessor>
        </technique_common>
      </source>
      <source id="mixamorig_LeftHand-Matrix-animation-output-transform">
        <float_array id="mixamorig_LeftHand-Matrix-animation-output-transform-array" count="896">

0.834664 -0.417251 0.359497 -0.000000 0.176190 0.820714 0.543495 24.071800 -0.521818 -0.390295 0.758535 -0.000000 0.000000 0.000000 0.000000 1.000000
0.835409 -0.417595 0.357359 0.000000 0.178702 0.821228 0.541895 24.071800 -0.519766 -0.388843 0.760687 -0.000000 0.000000 0.000000 0.000000 1.000000
0.838095 -0.414630 0.354512 0.000000 0.179800 0.823494 0.538079 24.071800 -0.515042 -0.387220 0.764717 0.000000 0.000000 0.000000 0.000000 1.000000
0.840283 -0.412106 0.352268 0.000000 0.181698 0.826253 0.533189 24.071800 -0.510793 -0.384024 0.769166 0.000000 0.000000 0.000000 0.000000 1.000000
0.840902 -0.411198 0.351852 0.000000 0.185488 0.829755 0.526404 24.071800 -0.508407 -0.377390 0.774015 -0.000000 0.000000 0.000000 0.000000 1.000000
0.841321 -0.409455 0.352883 0.000000 0.189132 0.834560 0.517435 24.071800 -0.506368 -0.368587 0.779573 0.000000 0.000000 0.000000 0.000000 1.000000
0.842570 -0.406012 0.353878 -0.000000 0.192278 0.840510 0.506530 24.071800 -0.503095 -0.358744 0.786256 0.000000 0.000000 0.000000 0.000000 1.000000
0.846160 -0.400233 0.351891 0.000000 0.195139 0.847124 0.494268 24.071800 -0.495918 -0.349562 0.794903 -0.000000 0.000000 0.000000 0.000000 1.000000
0.850219 -0.392807 0.350471 0.000000 0.195743 0.853912 0.482202 24.071800 -0.488684 -0.341375 0.802902 -0.000000 0.000000 0.000000 0.000000 1.000000
0.853289 -0.389110 0.347119 0.000000 0.200613 0.859430 0.470249 24.071800 -0.481303 -0.331622 0.811403 0.000000 0.000000 0.000000 0.000000 1.000000
0.856952 -0.384142 0.343612 0.000000 0.202793 0.864231 0.460413 24.071800 -0.473824 -0.324870 0.818505 -0.000000 0.000000 0.000000 0.000000 1.000000
0.863116 -0.374185 0.339140 0.000000 0.198671 0.869000 0.453176 24.071800 -0.464285 -0.323766 0.824388 0.000000 0.000000 0.000000 0.000000 1.000000
0.867437 -0.365007 0.338118 0.000000 0.193632 0.873649 0.446367 24.071800 -0.458323 -0.321725 0.828513 -0.000000 0.000000 0.000000 0.000000 1.000000
0.874422 -0.349400 0.336609 0.000000 0.181248 0.878823 0.441383 24.071800 -0.450039 -0.324945 0.831791 0.000000 0.000000 0.000000 0.000000 1.000000
0.877259 -0.341823 0.337007 0.000000 0.175930 0.882176 0.436822 24.071800 -0.446616 -0.323917 0.834034 -0.000000 0.000000 0.000000 0.000000 1.000000
0.878293 -0.338656 0.337510 0.000000 0.174799 0.884476 0.432605 24.071800 -0.445024 -0.320958 0.836026 -0.000000 0.000000 0.000000 0.000000 1.000000
0.878827 -0.335642 0.339127 0.000000 0.172669 0.886296 0.429726 24.071800 -0.444801 -0.319098 0.836856 0.000000 0.000000 0.000000 0.000000 1.000000
0.878847 -0.333051 0.341621 0.000000 0.169862 0.887534 0.428287 24.071800 -0.445842 -0.318370 0.836579 0.000000 0.000000 0.000000 0.000000 1.000000
0.878890 -0.329507 0.344930 0.000000 0.164714 0.888242 0.428831 24.071800 -0.447684 -0.320080 0.834942 0.000000 0.000000 0.000000 0.000000 1.000000
0.878976 -0.326750 0.347327 0.000000 0.160325 0.888442 0.430077 24.071800 -0.449108 -0.322343 0.833305 0.000000 0.000000 0.000000 0.000000 1.000000
0.876635 -0.327333 0.352654 0.000000 0.156778 0.887253 0.433824 24.071800 -0.454898 -0.325016 0.829115 -0.000000 0.000000 0.000000 0.000000 1.000000
0.875985 -0.326660 0.354885 0.000000 0.152683 0.885718 0.438397 24.071800 -0.457535 -0.329844 0.825751 -0.000000 0.000000 0.000000 0.000000 1.000000
0.873368 -0.328305 0.359783 0.000000 0.149116 0.883445 0.444173 24.071800 -0.463672 -0.334277 0.820528 0.000000 0.000000 0.000000 0.000000 1.000000
0.872376 -0.327481 0.362928 0.000000 0.143729 0.881450 0.449876 24.071800 -0.467229 -0.340298 0.816024 -0.000000 0.000000 0.000000 0.000000 1.000000
0.870798 -0.328335 0.365933 0.000000 0.140101 0.879170 0.455447 24.071800 -0.471257 -0.345335 0.811579 0.000000 0.000000 0.000000 0.000000 1.000000
0.868799 -0.328862 0.370187 -0.000000 0.135039 0.876623 0.461840 24.071800 -0.476396 -0.351256 0.806018 0.000000 0.000000 0.000000 0.000000 1.000000
0.867415 -0.326824 0.375202 -0.000000 0.126346 0.874000 0.469214 24.071800 -0.481277 -0.359598 0.799414 0.000000 0.000000 0.000000 0.000000 1.000000
0.865805 -0.324803 0.380638 -0.000000 0.116804 0.870868 0.477437 24.071800 -0.486559 -0.368907 0.791940 0.000000 0.000000 0.000000 0.000000 1.000000
0.862981 -0.325170 0.386690 0.000000 0.108613 0.866868 0.486562 24.071800 -0.493425 -0.377894 0.783408 0.000000 0.000000 0.000000 0.000000 1.000000
0.863270 -0.320933 0.389573 0.000000 0.098045 0.863745 0.494299 24.071800 -0.495128 -0.388518 0.777111 0.000000 0.000000 0.000000 0.000000 1.000000
0.863716 -0.319456 0.389799 0.000000 0.091221 0.859762 0.502482 24.071800 -0.495655 -0.398444 0.771731 0.000000 0.000000 0.000000 0.000000 1.000000
0.864302 -0.320016 0.388037 0.000000 0.087602 0.855470 0.510389 24.071800 -0.495287 -0.407137 0.767418 -0.000000 0.000000 0.000000 0.000000 1.000000
0.864035 -0.322243 0.386785 0.000000 0.085716 0.851246 0.517719 24.071800 -0.496080 -0.414174 0.763128 0.000000 0.000000 0.000000 0.000000 1.000000
0.864247 -0.322851 0.385804 0.000000 0.082265 0.847278 0.524741 24.071800 -0.496296 -0.421768 0.758816 -0.000000 0.000000 0.000000 0.000000 1.000000
0.863056 -0.328279 0.383885 0.000000 0.084182 0.842859 0.531510 24.071800 -0.498044 -0.426407 0.755069 -0.000000 0.000000 0.000000 0.000000 1.000000
0.859722 -0.339090 0.381962 0.000000 0.091947 0.838359 0.537308 24.071800 -0.502417 -0.426815 0.751935 -0.000000 0.000000 0.000000 0.000000 1.000000
0.859111 -0.343522 0.379370 0.000000 0.094546 0.835031 0.542018 24.071800 -0.502981 -0.429786 0.749863 0.000000 0.000000 0.000000 0.000000 1.000000
0.858851 -0.346519 0.377227 -0.000000 0.096219 0.832476 0.545642 24.071800 -0.503108 -0.432329 0.748314 -0.000000 0.000000 0.000000 0.000000 1.000000
0.858274 -0.350549 0.374808 0.000000 0.099314 0.829996 0.548856 24.071800 -0.503490 -0.433845 0.747179 -0.000000 0.000000 0.000000 0.000000 1.000000
0.857735 -0.353834 0.372952 0.000000 0.101885 0.828065 0.551296 24.071800 -0.503895 -0.434868 0.746311 0.000000 0.000000 0.000000 0.000000 1.000000
0.856875 -0.358477 0.370486 0.000000 0.106282 0.826060 0.553470 24.071800 -0.504450 -0.434879 0.745929 0.000000 0.000000 0.000000 0.000000 1.000000
0.857224 -0.360440 0.367763 0.000000 0.108484 0.824561 0.555275 24.071800 -0.503387 -0.436098 0.745936 -0.000000 0.000000 0.000000 0.000000 1.000000
0.856520 -0.363992 0.365900 0.000000 0.112421 0.823509 0.556052 24.071800 -0.503721 -0.435135 0.746273 -0.000000 0.000000 0.000000 0.000000 1.000000
0.854598 -0.371020 0.363328 -0.000000 0.120086 0.821896 0.556836 24.071800 -0.505215 -0.432240 0.746945 0.000000 0.000000 0.000000 0.000000 1.000000
0.853192 -0.376225 0.361272 0.000000 0.125618 0.820451 0.557745 24.071800 -0.506244 -0.430482 0.747263 0.000000 0.000000 0.000000 0.000000 1.000000
0.852155 -0.380668 0.359061 0.000000 0.130919 0.819428 0.558031 24.071800 -0.506649 -0.428520 0.748116 -0.000000 0.000000 0.000000 0.000000 1.000000
0.847976 -0.390366 0.358541 -0.000000 0.140147 0.817505 0.558609 24.071800 -0.511171 -0.423439 0.747933 0.000000 0.000000 0.000000 0.000000 1.000000
0.845657 -0.396606 0.357167 -0.000000 0.146663 0.816110 0.558976 24.071800 -0.513180 -0.420318 0.748317 0.000000 0.000000 0.000000 0.000000 1.000000
0.843778 -0.400621 0.357128 -0.000000 0.150566 0.815404 0.558970 24.071800 -0.515139 -0.417875 0.748340 -0.000000 0.000000 0.000000 0.000000 1.000000
0.840973 -0.406339 0.357285 -0.000000 0.156787 0.814997 0.557850 24.071800 -0.517863 -0.413119 0.749100 0.000000 0.000000 0.000000 0.000000 1.000000
0.838131 -0.412763 0.356600 0.000000 0.164080 0.814249 0.556846 24.071800 -0.520207 -0.408198 0.750173 0.000000 0.000000 0.000000 0.000000 1.000000
0.836536 -0.416381 0.356137 0.000000 0.169295 0.814610 0.554751 24.071800 -0.521101 -0.403778 0.751943 0.000000 0.000000 0.000000 0.000000 1.000000
0.835601 -0.417882 0.356574 0.000000 0.172856 0.816141 0.551393 24.071800 -0.521432 -0.399109 0.754202 0.000000 0.000000 0.000000 0.000000 1.000000
0.834964 -0.418269 0.357613 -0.000000 0.175099 0.818001 0.547919 24.071800 -0.521705 -0.394875 0.756239 0.000000 0.000000 0.000000 0.000000 1.000000
0.834629 -0.417894 0.358831 0.000000 0.176028 0.819658 0.545137 24.071800 -0.521928 -0.391823 0.757671 -0.000000 0.000000 0.000000 0.000000 1.000000
0.834664 -0.417251 0.359496 0.000000 0.176190 0.820714 0.543495 24.071800 -0.521817 -0.390296 0.758536 0.000000 0.000000 0.000000 0.000000 1.000000</float_array>
        <technique_common>
          <accessor source="#mixamorig_LeftHand-Matrix-animation-output-transform-array" count="56" stride="16">
            <param type="float4x4"/>
          </accessor>
        </technique_common>
      </source>
      <source id="mixamorig_LeftHand-Interpolations">
        <Name_array id="mixamorig_LeftHand-Interpolations-array" count="56">
 LINEAR LINEAR LINEAR LINEAR LINEAR LINEAR LINEAR LINEAR LINEAR LINEAR LINEAR
LINEAR LINEAR LINEAR LINEAR LINEAR LINEAR LINEAR LINEAR LINEAR LINEAR LINEAR LINEAR
LINEAR LINEAR LINEAR LINEAR LINEAR LINEAR LINEAR LINEAR LINEAR LINEAR LINEAR LINEAR
LINEAR LINEAR LINEAR LINEAR LINEAR LINEAR LINEAR LINEAR LINEAR LINEAR LINEAR LINEAR
LINEAR LINEAR LINEAR LINEAR LINEAR LINEAR LINEAR LINEAR LINEAR</Name_array>
        <technique_common>
          <accessor source="#mixamorig_LeftHand-Interpolations-array" count="56">
            <param type="name"/>
          </accessor>
        </technique_common>
      </source>
      <sampler id="mixamorig_LeftHand-Matrix-animation-transform">
        <input semantic="INPUT" source="#mixamorig_LeftHand-Matrix-animation-input"/>
        <input semantic="OUTPUT" source="#mixamorig_LeftHand-Matrix-animation-output-transform"/>
        <input semantic="INTERPOLATION" source="#mixamorig_LeftHand-Interpolations"/>
      </sampler>
      <channel source="#mixamorig_LeftHand-Matrix-animation-transform" target="mixamorig_LeftHand/matrix"/>
    </animation>
    <animation id="mixamorig_LeftHandThumb1-anim" name="mixamorig_LeftHandThumb1">
      <source id="mixamorig_LeftHandThumb1-Matrix-animation-input">
        <float_array id="mixamorig_LeftHandThumb1-Matrix-animation-input-array" count="56">

0.000000 0.033333 0.066667 0.100000 0.133333 0.166667 0.200000 0.233333 0.266667 0.300000 0.333333 0.366667 0.400000 0.433333 0.466667 0.500000
0.533333 0.566667 0.600000 0.633333 0.666667 0.700000 0.733333 0.766667 0.800000 0.833333 0.866667 0.900000 0.933333 0.966667 1.000000 1.033333
1.066667 1.100000 1.133333 1.166667 1.200000 1.233333 1.266667 1.300000 1.333333 1.366667 1.400000 1.433333 1.466667 1.500000 1.533333 1.566667
1.600000 1.633333 1.666667 1.700000 1.733333 1.766667 1.800000 1.833333</float_array>
        <technique_common>
          <accessor source="#mixamorig_LeftHandThumb1-Matrix-animation-input-array" count="56">
            <param name="TIME" type="float"/>
          </accessor>
        </technique_common>
      </source>
      <source id="mixamorig_LeftHandThumb1-Matrix-animation-output-transform">
        <float_array id="mixamorig_LeftHandThumb1-Matrix-animation-output-transform-array" count="896">

0.666886 -0.433273 0.606249 -1.509000 0.653845 0.730484 -0.197181 4.173400 -0.357422 0.527890 0.770443 1.926500 0.000000 0.000000 0.000000 1.000000
0.666886 -0.433272 0.606249 -1.509000 0.653844 0.730484 -0.197181 4.173400 -0.357422 0.527890 0.770442 1.926500 0.000000 0.000000 0.000000 1.000000
0.666885 -0.433273 0.606249 -1.509000 0.653845 0.730484 -0.197180 4.173400 -0.357422 0.527889 0.770443 1.926500 0.000000 0.000000 0.000000 1.000000
0.666886 -0.433273 0.606249 -1.509000 0.653844 0.730484 -0.197181 4.173400 -0.357422 0.527890 0.770442 1.926500 0.000000 0.000000 0.000000 1.000000
0.666885 -0.433273 0.606249 -1.509000 0.653845 0.730484 -0.197181 4.173400 -0.357422 0.527890 0.770442 1.926500 0.000000 0.000000 0.000000 1.000000
0.666885 -0.433273 0.606249 -1.509000 0.653845 0.730484 -0.197180 4.173400 -0.357422 0.527890 0.770442 1.926500 0.000000 0.000000 0.000000 1.000000
0.666885 -0.433273 0.606249 -1.509000 0.653845 0.730484 -0.197181 4.173400 -0.357422 0.527890 0.770442 1.926500 0.000000 0.000000 0.000000 1.000000
0.666885 -0.433273 0.606250 -1.509000 0.653845 0.730484 -0.197180 4.173400 -0.357422 0.527890 0.770442 1.926500 0.000000 0.000000 0.000000 1.000000
0.666886 -0.433273 0.606249 -1.509000 0.653845 0.730484 -0.197181 4.173400 -0.357422 0.527890 0.770443 1.926500 0.000000 0.000000 0.000000 1.000000
0.666885 -0.433273 0.606249 -1.509000 0.653845 0.730484 -0.197181 4.173400 -0.357422 0.527890 0.770442 1.926500 0.000000 0.000000 0.000000 1.000000
0.666886 -0.433273 0.606249 -1.509000 0.653845 0.730484 -0.197181 4.173400 -0.357422 0.527890 0.770443 1.926500 0.000000 0.000000 0.000000 1.000000
0.666885 -0.433273 0.606249 -1.509000 0.653845 0.730484 -0.197181 4.173400 -0.357422 0.527890 0.770442 1.926500 0.000000 0.000000 0.000000 1.000000
0.666885 -0.433273 0.606249 -1.509000 0.653845 0.730484 -0.197181 4.173400 -0.357422 0.527890 0.770442 1.926500 0.000000 0.000000 0.000000 1.000000
0.666886 -0.433274 0.606249 -1.509000 0.653845 0.730484 -0.197181 4.173400 -0.357422 0.527890 0.770443 1.926500 0.000000 0.000000 0.000000 1.000000
0.666885 -0.433273 0.606249 -1.509000 0.653845 0.730484 -0.197180 4.173400 -0.357423 0.527890 0.770442 1.926500 0.000000 0.000000 0.000000 1.000000
0.666885 -0.433273 0.606249 -1.509000 0.653845 0.730484 -0.197180 4.173400 -0.357423 0.527890 0.770442 1.926500 0.000000 0.000000 0.000000 1.000000
0.666886 -0.433273 0.606249 -1.509000 0.653845 0.730484 -0.197181 4.173400 -0.357423 0.527890 0.770442 1.926500 0.000000 0.000000 0.000000 1.000000
0.666886 -0.433273 0.606249 -1.509000 0.653845 0.730484 -0.197181 4.173400 -0.357422 0.527890 0.770443 1.926500 0.000000 0.000000 0.000000 1.000000
0.666885 -0.433273 0.606250 -1.509000 0.653845 0.730484 -0.197181 4.173400 -0.357423 0.527890 0.770442 1.926500 0.000000 0.000000 0.000000 1.000000
0.666885 -0.433273 0.606249 -1.509000 0.653845 0.730484 -0.197180 4.173400 -0.357422 0.527890 0.770442 1.926500 0.000000 0.000000 0.000000 1.000000
0.666886 -0.433273 0.606249 -1.509000 0.653845 0.730484 -0.197181 4.173400 -0.357422 0.527890 0.770443 1.926500 0.000000 0.000000 0.000000 1.000000
0.666886 -0.433273 0.606249 -1.509000 0.653845 0.730484 -0.197181 4.173400 -0.357422 0.527890 0.770443 1.926500 0.000000 0.000000 0.000000 1.000000
0.666886 -0.433273 0.606249 -1.509000 0.653845 0.730484 -0.197180 4.173400 -0.357423 0.527890 0.770442 1.926500 0.000000 0.000000 0.000000 1.000000
0.666886 -0.433272 0.606249 -1.509000 0.653844 0.730484 -0.197181 4.173400 -0.357422 0.527890 0.770442 1.926500 0.000000 0.000000 0.000000 1.000000
0.666886 -0.433273 0.606249 -1.509000 0.653845 0.730484 -0.197181 4.173400 -0.357422 0.527890 0.770442 1.926500 0.000000 0.000000 0.000000 1.000000
0.666886 -0.433273 0.606249 -1.509000 0.653845 0.730484 -0.197181 4.173400 -0.357422 0.527889 0.770443 1.926500 0.000000 0.000000 0.000000 1.000000
0.666885 -0.433273 0.606250 -1.509000 0.653845 0.730484 -0.197181 4.173400 -0.357422 0.527890 0.770442 1.926500 0.000000 0.000000 0.000000 1.000000
0.666885 -0.433273 0.606249 -1.509000 0.653845 0.730484 -0.197181 4.173400 -0.357422 0.527890 0.770442 1.926500 0.000000 0.000000 0.000000 1.000000
0.666885 -0.433273 0.606249 -1.509000 0.653845 0.730484 -0.197180 4.173400 -0.357422 0.527890 0.770443 1.926500 0.000000 0.000000 0.000000 1.000000
0.666885 -0.433273 0.606250 -1.509000 0.653845 0.730484 -0.197181 4.173400 -0.357423 0.527890 0.770442 1.926500 0.000000 0.000000 0.000000 1.000000
0.666886 -0.433273 0.606249 -1.509000 0.653845 0.730484 -0.197181 4.173400 -0.357422 0.527890 0.770442 1.926500 0.000000 0.000000 0.000000 1.000000
0.666885 -0.433273 0.606250 -1.509000 0.653845 0.730484 -0.197181 4.173400 -0.357423 0.527890 0.770442 1.926500 0.000000 0.000000 0.000000 1.000000
0.666885 -0.433273 0.606249 -1.509000 0.653845 0.730484 -0.197181 4.173400 -0.357422 0.527890 0.770442 1.926500 0.000000 0.000000 0.000000 1.000000
0.666886 -0.433273 0.606249 -1.509000 0.653845 0.730484 -0.197181 4.173400 -0.357422 0.527890 0.770442 1.926500 0.000000 0.000000 0.000000 1.000000
0.666885 -0.433273 0.606250 -1.509000 0.653845 0.730484 -0.197180 4.173400 -0.357423 0.527890 0.770442 1.926500 0.000000 0.000000 0.000000 1.000000
0.666885 -0.433273 0.606250 -1.509000 0.653845 0.730484 -0.197181 4.173400 -0.357423 0.527890 0.770442 1.926500 0.000000 0.000000 0.000000 1.000000
0.666885 -0.433273 0.606249 -1.509000 0.653845 0.730484 -0.197181 4.173400 -0.357422 0.527890 0.770443 1.926500 0.000000 0.000000 0.000000 1.000000
0.666886 -0.433273 0.606249 -1.509000 0.653844 0.730484 -0.197181 4.173400 -0.357423 0.527890 0.770442 1.926500 0.000000 0.000000 0.000000 1.000000
0.666886 -0.433273 0.606249 -1.509000 0.653845 0.730484 -0.197181 4.173400 -0.357421 0.527890 0.770443 1.926500 0.000000 0.000000 0.000000 1.000000
0.666885 -0.433273 0.606249 -1.509000 0.653845 0.730484 -0.197180 4.173400 -0.357422 0.527890 0.770442 1.926500 0.000000 0.000000 0.000000 1.000000
0.666886 -0.433272 0.606250 -1.509000 0.653845 0.730484 -0.197181 4.173400 -0.357423 0.527890 0.770442 1.926500 0.000000 0.000000 0.000000 1.000000
0.666885 -0.433273 0.606250 -1.509000 0.653845 0.730484 -0.197180 4.173400 -0.357423 0.527890 0.770442 1.926500 0.000000 0.000000 0.000000 1.000000
0.666886 -0.433273 0.606249 -1.509000 0.653845 0.730484 -0.197181 4.173400 -0.357422 0.527890 0.770442 1.926500 0.000000 0.000000 0.000000 1.000000
0.666885 -0.433273 0.606250 -1.509000 0.653845 0.730484 -0.197181 4.173400 -0.357423 0.527890 0.770442 1.926500 0.000000 0.000000 0.000000 1.000000
0.666885 -0.433273 0.606249 -1.509000 0.653845 0.730484 -0.197181 4.173400 -0.357422 0.527890 0.770443 1.926500 0.000000 0.000000 0.000000 1.000000
0.666885 -0.433273 0.606250 -1.509000 0.653845 0.730484 -0.197181 4.173400 -0.357422 0.527890 0.770442 1.926500 0.000000 0.000000 0.000000 1.000000
0.666885 -0.433273 0.606249 -1.509000 0.653845 0.730484 -0.197180 4.173400 -0.357422 0.527890 0.770443 1.926500 0.000000 0.000000 0.000000 1.000000
0.666885 -0.433273 0.606250 -1.509000 0.653845 0.730484 -0.197181 4.173400 -0.357423 0.527890 0.770442 1.926500 0.000000 0.000000 0.000000 1.000000
0.666885 -0.433273 0.606250 -1.509000 0.653845 0.730484 -0.197181 4.173400 -0.357423 0.527890 0.770442 1.926500 0.000000 0.000000 0.000000 1.000000
0.666886 -0.433273 0.606249 -1.509000 0.653845 0.730484 -0.197180 4.173400 -0.357422 0.527889 0.770443 1.926500 0.000000 0.000000 0.000000 1.000000
0.666886 -0.433273 0.606249 -1.509000 0.653845 0.730484 -0.197181 4.173400 -0.357422 0.527890 0.770442 1.926500 0.000000 0.000000 0.000000 1.000000
0.666886 -0.433273 0.606249 -1.509000 0.653845 0.730484 -0.197181 4.173400 -0.357422 0.527890 0.770443 1.926500 0.000000 0.000000 0.000000 1.000000
0.666885 -0.433273 0.606249 -1.509000 0.653845 0.730484 -0.197181 4.173400 -0.357423 0.527890 0.770442 1.926500 0.000000 0.000000 0.000000 1.000000
0.666885 -0.433273 0.606250 -1.509000 0.653845 0.730484 -0.197180 4.173400 -0.357423 0.527890 0.770442 1.926500 0.000000 0.000000 0.000000 1.000000
0.666885 -0.433273 0.606250 -1.509000 0.653845 0.730484 -0.197180 4.173400 -0.357423 0.527890 0.770442 1.926500 0.000000 0.000000 0.000000 1.000000
0.666885 -0.433273 0.606250 -1.509000 0.653845 0.730484 -0.197181 4.173400 -0.357422 0.527890 0.770442 1.926500 0.000000 0.000000 0.000000 1.000000</float_array>
        <technique_common>
          <accessor source="#mixamorig_LeftHandThumb1-Matrix-animation-output-transform-array" count="56" stride="16">
            <param type="float4x4"/>
          </accessor>
        </technique_common>
      </source>
      <source id="mixamorig_LeftHandThumb1-Interpolations">
        <Name_array id="mixamorig_LeftHandThumb1-Interpolations-array" count="56">
 LINEAR LINEAR LINEAR LINEAR LINEAR LINEAR LINEAR LINEAR LINEAR LINEAR LINEAR
LINEAR LINEAR LINEAR LINEAR LINEAR LINEAR LINEAR LINEAR LINEAR LINEAR LINEAR LINEAR
LINEAR LINEAR LINEAR LINEAR LINEAR LINEAR LINEAR LINEAR LINEAR LINEAR LINEAR LINEAR
LINEAR LINEAR LINEAR LINEAR LINEAR LINEAR LINEAR LINEAR LINEAR LINEAR LINEAR LINEAR
LINEAR LINEAR LINEAR LINEAR LINEAR LINEAR LINEAR LINEAR LINEAR</Name_array>
        <technique_common>
          <accessor source="#mixamorig_LeftHandThumb1-Interpolations-array" count="56">
            <param type="name"/>
          </accessor>
        </technique_common>
      </source>
      <sampler id="mixamorig_LeftHandThumb1-Matrix-animation-transform">
        <input semantic="INPUT" source="#mixamorig_LeftHandThumb1-Matrix-animation-input"/>
        <input semantic="OUTPUT" source="#mixamorig_LeftHandThumb1-Matrix-animation-output-transform"/>
        <input semantic="INTERPOLATION" source="#mixamorig_LeftHandThumb1-Interpolations"/>
      </sampler>
      <channel source="#mixamorig_LeftHandThumb1-Matrix-animation-transform" target="mixamorig_LeftHandThumb1/matrix"/>
    </animation>
    <animation id="mixamorig_LeftHandThumb2-anim" name="mixamorig_LeftHandThumb2">
      <source id="mixamorig_LeftHandThumb2-Matrix-animation-input">
        <float_array id="mixamorig_LeftHandThumb2-Matrix-animation-input-array" count="56">

0.000000 0.033333 0.066667 0.100000 0.133333 0.166667 0.200000 0.233333 0.266667 0.300000 0.333333 0.366667 0.400000 0.433333 0.466667 0.500000
0.533333 0.566667 0.600000 0.633333 0.666667 0.700000 0.733333 0.766667 0.800000 0.833333 0.866667 0.900000 0.933333 0.966667 1.000000 1.033333
1.066667 1.100000 1.133333 1.166667 1.200000 1.233333 1.266667 1.300000 1.333333 1.366667 1.400000 1.433333 1.466667 1.500000 1.533333 1.566667
1.600000 1.633333 1.666667 1.700000 1.733333 1.766667 1.800000 1.833333</float_array>
        <technique_common>
          <accessor source="#mixamorig_LeftHandThumb2-Matrix-animation-input-array" count="56">
            <param name="TIME" type="float"/>
          </accessor>
        </technique_common>
      </source>
      <source id="mixamorig_LeftHandThumb2-Matrix-animation-output-transform">
        <float_array id="mixamorig_LeftHandThumb2-Matrix-animation-output-transform-array" count="896">

0.976163 0.113207 -0.185175 0.000000 -0.133678 0.985757 -0.102048 3.870400 0.170985 0.124369 0.977393 0.000000 0.000000 0.000000 0.000000 1.000000
0.976161 0.113235 -0.185166 -0.000000 -0.133706 0.985752 -0.102057 3.870400 0.170972 0.124382 0.977393 0.000000 0.000000 0.000000 0.000000 1.000000
0.976088 0.113860 -0.185172 0.000000 -0.134367 0.985645 -0.102221 3.870400 0.170875 0.124658 0.977375 0.000000 0.000000 0.000000 0.000000 1.000000
0.976006 0.114544 -0.185180 0.000000 -0.135090 0.985528 -0.102400 3.870400 0.170771 0.124959 0.977355 0.000000 0.000000 0.000000 0.000000 1.000000
0.975927 0.115190 -0.185196 -0.000000 -0.135774 0.985416 -0.102569 3.870400 0.170680 0.125245 0.977334 -0.000000 0.000000 0.000000 0.000000 1.000000
0.975826 0.115997 -0.185225 -0.000000 -0.136629 0.985276 -0.102779 3.870400 0.170576 0.125601 0.977307 -0.000000 0.000000 0.000000 0.000000 1.000000
0.975711 0.116900 -0.185261 0.000000 -0.137586 0.985118 -0.103013 3.870400 0.170462 0.126000 0.977275 0.000000 0.000000 0.000000 0.000000 1.000000
0.975588 0.117862 -0.185302 -0.000000 -0.138606 0.984949 -0.103261 3.870400 0.170342 0.126425 0.977241 0.000000 0.000000 0.000000 0.000000 1.000000
0.975461 0.118843 -0.185344 0.000000 -0.139646 0.984776 -0.103516 3.870400 0.170220 0.126858 0.977206 -0.000000 0.000000 0.000000 0.000000 1.000000
0.975335 0.119807 -0.185389 0.000000 -0.140668 0.984604 -0.103764 3.870400 0.170103 0.127283 0.977171 0.000000 0.000000 0.000000 0.000000 1.000000
0.975213 0.120716 -0.185436 -0.000000 -0.141633 0.984441 -0.103998 3.870400 0.169997 0.127684 0.977138 0.000000 0.000000 0.000000 0.000000 1.000000
0.975107 0.121498 -0.185484 -0.000000 -0.142464 0.984300 -0.104197 3.870400 0.169912 0.128028 0.977107 0.000000 0.000000 0.000000 0.000000 1.000000
0.975024 0.122106 -0.185524 0.000000 -0.143109 0.984190 -0.104352 3.870400 0.169849 0.128296 0.977083 -0.000000 0.000000 0.000000 0.000000 1.000000
0.974964 0.122538 -0.185553 0.000000 -0.143569 0.984112 -0.104461 3.870400 0.169805 0.128486 0.977066 -0.000000 0.000000 0.000000 0.000000 1.000000
0.974928 0.122794 -0.185574 0.000000 -0.143840 0.984065 -0.104525 3.870400 0.169782 0.128597 0.977055 0.000000 0.000000 0.000000 0.000000 1.000000
0.974916 0.122872 -0.185585 -0.000000 -0.143924 0.984051 -0.104543 3.870400 0.169780 0.128631 0.977051 0.000000 0.000000 0.000000 0.000000 1.000000
0.974928 0.122771 -0.185585 0.000000 -0.143817 0.984070 -0.104515 3.870400 0.169798 0.128585 0.977054 0.000000 0.000000 0.000000 0.000000 1.000000
0.974962 0.122516 -0.185576 -0.000000 -0.143547 0.984116 -0.104448 3.870400 0.169832 0.128471 0.977063 0.000000 0.000000 0.000000 0.000000 1.000000
0.974997 0.122252 -0.185567 0.000000 -0.143268 0.984164 -0.104378 3.870400 0.169868 0.128354 0.977072 0.000000 0.000000 0.000000 0.000000 1.000000
0.975029 0.122006 -0.185561 0.000000 -0.143007 0.984209 -0.104313 3.870400 0.169904 0.128244 0.977080 0.000000 0.000000 0.000000 0.000000 1.000000
0.975059 0.121775 -0.185554 0.000000 -0.142762 0.984251 -0.104250 3.870400 0.169937 0.128140 0.977088 0.000000 0.000000 0.000000 0.000000 1.000000
0.975087 0.121560 -0.185549 0.000000 -0.142534 0.984291 -0.104193 3.870400 0.169969 0.128044 0.977095 -0.000000 0.000000 0.000000 0.000000 1.000000
0.975113 0.121358 -0.185545 -0.000000 -0.142321 0.984327 -0.104139 3.870400 0.169999 0.127954 0.977102 0.000000 0.000000 0.000000 0.000000 1.000000
0.975137 0.121174 -0.185539 -0.000000 -0.142125 0.984361 -0.104086 3.870400 0.170024 0.127868 0.977109 0.000000 0.000000 0.000000 0.000000 1.000000
0.975160 0.120991 -0.185537 0.000000 -0.141934 0.984392 -0.104055 3.870400 0.170051 0.127804 0.977112 0.000000 0.000000 0.000000 0.000000 1.000000
0.975182 0.120821 -0.185534 -0.000000 -0.141758 0.984420 -0.104029 3.870400 0.170074 0.127748 0.977116 0.000000 0.000000 0.000000 0.000000 1.000000
0.975202 0.120669 -0.185528 0.000000 -0.141598 0.984447 -0.103994 3.870400 0.170094 0.127686 0.977121 0.000000 0.000000 0.000000 0.000000 1.000000
0.975219 0.120537 -0.185520 0.000000 -0.141456 0.984472 -0.103950 3.870400 0.170110 0.127617 0.977127 0.000000 0.000000 0.000000 0.000000 1.000000
0.975235 0.120434 -0.185507 -0.000000 -0.141340 0.984494 -0.103897 3.870400 0.170118 0.127543 0.977135 -0.000000 0.000000 0.000000 0.000000 1.000000
0.975245 0.120359 -0.185500 -0.000000 -0.141262 0.984507 -0.103883 3.870400 0.170122 0.127515 0.977138 0.000000 0.000000 0.000000 0.000000 1.000000
0.975256 0.120295 -0.185488 0.000000 -0.141191 0.984519 -0.103864 3.870400 0.170122 0.127483 0.977142 0.000000 0.000000 0.000000 0.000000 1.000000
0.975267 0.120223 -0.185474 0.000000 -0.141115 0.984531 -0.103849 3.870400 0.170120 0.127453 0.977146 -0.000000 0.000000 0.000000 0.000000 1.000000
0.975280 0.120143 -0.185459 0.000000 -0.141029 0.984545 -0.103831 3.870400 0.170119 0.127420 0.977151 0.000000 0.000000 0.000000 0.000000 1.000000
0.975294 0.120051 -0.185441 -0.000000 -0.140931 0.984562 -0.103811 3.870400 0.170116 0.127380 0.977157 0.000000 0.000000 0.000000 0.000000 1.000000
0.975308 0.119942 -0.185441 0.000000 -0.140815 0.984581 -0.103784 3.870400 0.170133 0.127334 0.977160 -0.000000 0.000000 0.000000 0.000000 1.000000
0.975324 0.119811 -0.185439 0.000000 -0.140677 0.984604 -0.103751 3.870400 0.170154 0.127278 0.977163 0.000000 0.000000 0.000000 0.000000 1.000000
0.975344 0.119655 -0.185435 0.000000 -0.140512 0.984632 -0.103711 3.870400 0.170176 0.127210 0.977168 0.000000 0.000000 0.000000 0.000000 1.000000
0.975368 0.119468 -0.185429 -0.000000 -0.140315 0.984665 -0.103664 3.870400 0.170201 0.127129 0.977174 -0.000000 0.000000 0.000000 0.000000 1.000000
0.975397 0.119248 -0.185422 -0.000000 -0.140082 0.984704 -0.103608 3.870400 0.170231 0.127033 0.977182 0.000000 0.000000 0.000000 0.000000 1.000000
0.975430 0.118989 -0.185412 0.000000 -0.139807 0.984750 -0.103542 3.870400 0.170264 0.126920 0.977191 0.000000 0.000000 0.000000 0.000000 1.000000
0.975469 0.118687 -0.185399 0.000000 -0.139488 0.984804 -0.103465 3.870400 0.170302 0.126787 0.977201 0.000000 0.000000 0.000000 0.000000 1.000000
0.975515 0.118339 -0.185383 0.000000 -0.139118 0.984865 -0.103375 3.870400 0.170344 0.126634 0.977214 0.000000 0.000000 0.000000 0.000000 1.000000
0.975566 0.117939 -0.185367 0.000000 -0.138694 0.984936 -0.103273 3.870400 0.170394 0.126459 0.977228 0.000000 0.000000 0.000000 0.000000 1.000000
0.975624 0.117485 -0.185352 0.000000 -0.138214 0.985016 -0.103155 3.870400 0.170456 0.126259 0.977243 -0.000000 0.000000 0.000000 0.000000 1.000000
0.975689 0.116991 -0.185323 0.000000 -0.137689 0.985102 -0.103029 3.870400 0.170509 0.126041 0.977262 -0.000000 0.000000 0.000000 0.000000 1.000000
0.975759 0.116470 -0.185281 -0.000000 -0.137135 0.985194 -0.102897 3.870400 0.170553 0.125811 0.977284 0.000000 0.000000 0.000000 0.000000 1.000000
0.975831 0.115934 -0.185240 0.000000 -0.136565 0.985287 -0.102761 3.870400 0.170601 0.125575 0.977306 0.000000 0.000000 0.000000 0.000000 1.000000
0.975902 0.115395 -0.185201 0.000000 -0.135991 0.985381 -0.102624 3.870400 0.170651 0.125336 0.977328 0.000000 0.000000 0.000000 0.000000 1.000000
0.975972 0.114864 -0.185162 0.000000 -0.135427 0.985472 -0.102489 3.870400 0.170700 0.125102 0.977349 0.000000 0.000000 0.000000 0.000000 1.000000
0.976038 0.114354 -0.185128 -0.000000 -0.134885 0.985560 -0.102359 3.870400 0.170749 0.124877 0.977369 0.000000 0.000000 0.000000 0.000000 1.000000
0.976100 0.113879 -0.185095 0.000000 -0.134379 0.985642 -0.102235 3.870400 0.170795 0.124665 0.977388 0.000000 0.000000 0.000000 0.000000 1.000000
0.976145 0.113513 -0.185081 -0.000000 -0.133991 0.985704 -0.102143 3.870400 0.170841 0.124506 0.977400 0.000000 0.000000 0.000000 0.000000 1.000000
0.976169 0.113282 -0.185099 0.000000 -0.133749 0.985744 -0.102080 3.870400 0.170896 0.124404 0.977404 0.000000 0.000000 0.000000 0.000000 1.000000
0.976180 0.113140 -0.185128 -0.000000 -0.133602 0.985768 -0.102038 3.870400 0.170949 0.124341 0.977403 -0.000000 0.000000 0.000000 0.000000 1.000000
0.976178 0.113109 -0.185158 0.000000 -0.133572 0.985773 -0.102025 3.870400 0.170984 0.124327 0.977398 0.000000 0.000000 0.000000 0.000000 1.000000
0.976163 0.113207 -0.185176 0.000000 -0.133678 0.985757 -0.102048 3.870400 0.170986 0.124370 0.977392 0.000000 0.000000 0.000000 0.000000 1.000000</float_array>
        <technique_common>
          <accessor source="#mixamorig_LeftHandThumb2-Matrix-animation-output-transform-array" count="56" stride="16">
            <param type="float4x4"/>
          </accessor>
        </technique_common>
      </source>
      <source id="mixamorig_LeftHandThumb2-Interpolations">
        <Name_array id="mixamorig_LeftHandThumb2-Interpolations-array" count="56">
 LINEAR LINEAR LINEAR LINEAR LINEAR LINEAR LINEAR LINEAR LINEAR LINEAR LINEAR
LINEAR LINEAR LINEAR LINEAR LINEAR LINEAR LINEAR LINEAR LINEAR LINEAR LINEAR LINEAR
LINEAR LINEAR LINEAR LINEAR LINEAR LINEAR LINEAR LINEAR LINEAR LINEAR LINEAR LINEAR
LINEAR LINEAR LINEAR LINEAR LINEAR LINEAR LINEAR LINEAR LINEAR LINEAR LINEAR LINEAR
LINEAR LINEAR LINEAR LINEAR LINEAR LINEAR LINEAR LINEAR LINEAR</Name_array>
        <technique_common>
          <accessor source="#mixamorig_LeftHandThumb2-Interpolations-array" count="56">
            <param type="name"/>
          </accessor>
        </technique_common>
      </source>
      <sampler id="mixamorig_LeftHandThumb2-Matrix-animation-transform">
        <input semantic="INPUT" source="#mixamorig_LeftHandThumb2-Matrix-animation-input"/>
        <input semantic="OUTPUT" source="#mixamorig_LeftHandThumb2-Matrix-animation-output-transform"/>
        <input semantic="INTERPOLATION" source="#mixamorig_LeftHandThumb2-Interpolations"/>
      </sampler>
      <channel source="#mixamorig_LeftHandThumb2-Matrix-animation-transform" target="mixamorig_LeftHandThumb2/matrix"/>
    </animation>
    <animation id="mixamorig_LeftHandThumb3-anim" name="mixamorig_LeftHandThumb3">
      <source id="mixamorig_LeftHandThumb3-Matrix-animation-input">
        <float_array id="mixamorig_LeftHandThumb3-Matrix-animation-input-array" count="56">

0.000000 0.033333 0.066667 0.100000 0.133333 0.166667 0.200000 0.233333 0.266667 0.300000 0.333333 0.366667 0.400000 0.433333 0.466667 0.500000
0.533333 0.566667 0.600000 0.633333 0.666667 0.700000 0.733333 0.766667 0.800000 0.833333 0.866667 0.900000 0.933333 0.966667 1.000000 1.033333
1.066667 1.100000 1.133333 1.166667 1.200000 1.233333 1.266667 1.300000 1.333333 1.366667 1.400000 1.433333 1.466667 1.500000 1.533333 1.566667
1.600000 1.633333 1.666667 1.700000 1.733333 1.766667 1.800000 1.833333</float_array>
        <technique_common>
          <accessor source="#mixamorig_LeftHandThumb3-Matrix-animation-input-array" count="56">
            <param name="TIME" type="float"/>
          </accessor>
        </technique_common>
      </source>
      <source id="mixamorig_LeftHandThumb3-Matrix-animation-output-transform">
        <float_array id="mixamorig_LeftHandThumb3-Matrix-animation-output-transform-array" count="896">

0.985903 0.167312 0.001592 0.000000 -0.166919 0.984156 -0.059794 4.710600 -0.011571 0.058686 0.998209 0.000000 0.000000 0.000000 0.000000 1.000000
0.985903 0.167312 0.001592 -0.000000 -0.166919 0.984156 -0.059794 4.710600 -0.011571 0.058686 0.998209 0.000000 0.000000 0.000000 0.000000 1.000000
0.985903 0.167312 0.001592 0.000000 -0.166919 0.984156 -0.059795 4.710600 -0.011572 0.058686 0.998209 0.000000 0.000000 0.000000 0.000000 1.000000
0.985903 0.167312 0.001593 0.000000 -0.166919 0.984156 -0.059795 4.710600 -0.011572 0.058686 0.998209 0.000000 0.000000 0.000000 0.000000 1.000000
0.985903 0.167312 0.001592 0.000000 -0.166919 0.984156 -0.059795 4.710600 -0.011571 0.058686 0.998209 0.000000 0.000000 0.000000 0.000000 1.000000
0.985903 0.167312 0.001592 0.000000 -0.166919 0.984156 -0.059794 4.710600 -0.011571 0.058686 0.998209 0.000000 0.000000 0.000000 0.000000 1.000000
0.985903 0.167312 0.001592 -0.000000 -0.166919 0.984156 -0.059794 4.710600 -0.011571 0.058685 0.998209 0.000000 0.000000 0.000000 0.000000 1.000000
0.985903 0.167312 0.001592 0.000000 -0.166919 0.984156 -0.059795 4.710600 -0.011571 0.058686 0.998209 0.000000 0.000000 0.000000 0.000000 1.000000
0.985903 0.167311 0.001592 0.000000 -0.166918 0.984156 -0.059794 4.710600 -0.011571 0.058685 0.998209 0.000000 0.000000 0.000000 0.000000 1.000000
0.985903 0.167312 0.001592 -0.000000 -0.166919 0.984156 -0.059794 4.710600 -0.011571 0.058685 0.998209 0.000000 0.000000 0.000000 0.000000 1.000000
0.985903 0.167312 0.001592 0.000000 -0.166919 0.984156 -0.059794 4.710600 -0.011571 0.058686 0.998209 -0.000000 0.000000 0.000000 0.000000 1.000000
0.985903 0.167312 0.001593 -0.000000 -0.166919 0.984156 -0.059794 4.710600 -0.011572 0.058685 0.998209 -0.000000 0.000000 0.000000 0.000000 1.000000
0.985903 0.167311 0.001592 0.000000 -0.166918 0.984156 -0.059794 4.710600 -0.011571 0.058686 0.998209 0.000000 0.000000 0.000000 0.000000 1.000000
0.985903 0.167312 0.001593 -0.000000 -0.166919 0.984156 -0.059795 4.710600 -0.011572 0.058686 0.998209 0.000000 0.000000 0.000000 0.000000 1.000000
0.985903 0.167312 0.001592 0.000000 -0.166919 0.984156 -0.059794 4.710600 -0.011571 0.058686 0.998209 0.000000 0.000000 0.000000 0.000000 1.000000
0.985903 0.167312 0.001592 0.000000 -0.166919 0.984156 -0.059794 4.710600 -0.011571 0.058686 0.998209 0.000000 0.000000 0.000000 0.000000 1.000000
0.985903 0.167312 0.001592 0.000000 -0.166919 0.984156 -0.059795 4.710600 -0.011571 0.058686 0.998209 0.000000 0.000000 0.000000 0.000000 1.000000
0.985903 0.167312 0.001592 0.000000 -0.166919 0.984156 -0.059794 4.710600 -0.011571 0.058685 0.998209 0.000000 0.000000 0.000000 0.000000 1.000000
0.985903 0.167312 0.001592 -0.000000 -0.166919 0.984156 -0.059794 4.710600 -0.011571 0.058686 0.998209 0.000000 0.000000 0.000000 0.000000 1.000000
0.985903 0.167311 0.001593 0.000000 -0.166918 0.984156 -0.059794 4.710600 -0.011571 0.058685 0.998209 0.000000 0.000000 0.000000 0.000000 1.000000
0.985903 0.167312 0.001592 0.000000 -0.166919 0.984156 -0.059794 4.710600 -0.011571 0.058685 0.998209 0.000000 0.000000 0.000000 0.000000 1.000000
0.985903 0.167311 0.001592 0.000000 -0.166918 0.984156 -0.059794 4.710600 -0.011571 0.058686 0.998209 0.000000 0.000000 0.000000 0.000000 1.000000
0.985903 0.167312 0.001592 -0.000000 -0.166919 0.984156 -0.059794 4.710600 -0.011571 0.058686 0.998209 0.000000 0.000000 0.000000 0.000000 1.000000
0.985903 0.167312 0.001592 0.000000 -0.166919 0.984156 -0.059794 4.710600 -0.011571 0.058686 0.998209 0.000000 0.000000 0.000000 0.000000 1.000000
0.985903 0.167311 0.001591 0.000000 -0.166919 0.984156 -0.059794 4.710600 -0.011570 0.058686 0.998209 0.000000 0.000000 0.000000 0.000000 1.000000
0.985903 0.167312 0.001592 0.000000 -0.166919 0.984156 -0.059794 4.710600 -0.011571 0.058686 0.998209 0.000000 0.000000 0.000000 0.000000 1.000000
0.985903 0.167312 0.001592 -0.000000 -0.166919 0.984156 -0.059794 4.710600 -0.011571 0.058686 0.998209 0.000000 0.000000 0.000000 0.000000 1.000000
0.985903 0.167312 0.001592 0.000000 -0.166919 0.984156 -0.059795 4.710600 -0.011571 0.058686 0.998209 0.000000 0.000000 0.000000 0.000000 1.000000
0.985903 0.167312 0.001592 0.000000 -0.166919 0.984156 -0.059794 4.710600 -0.011571 0.058686 0.998209 0.000000 0.000000 0.000000 0.000000 1.000000
0.985903 0.167311 0.001592 -0.000000 -0.166918 0.984156 -0.059794 4.710600 -0.011571 0.058686 0.998209 0.000000 0.000000 0.000000 0.000000 1.000000
0.985903 0.167312 0.001592 0.000000 -0.166919 0.984156 -0.059794 4.710600 -0.011571 0.058685 0.998209 -0.000000 0.000000 0.000000 0.000000 1.000000
0.985903 0.167312 0.001593 -0.000000 -0.166919 0.984156 -0.059794 4.710600 -0.011572 0.058686 0.998209 0.000000 0.000000 0.000000 0.000000 1.000000
0.985903 0.167312 0.001592 -0.000000 -0.166919 0.984156 -0.059795 4.710600 -0.011572 0.058686 0.998209 0.000000 0.000000 0.000000 0.000000 1.000000
0.985903 0.167312 0.001592 0.000000 -0.166919 0.984156 -0.059795 4.710600 -0.011571 0.058686 0.998209 0.000000 0.000000 0.000000 0.000000 1.000000
0.985903 0.167312 0.001592 0.000000 -0.166919 0.984156 -0.059794 4.710600 -0.011571 0.058686 0.998209 0.000000 0.000000 0.000000 0.000000 1.000000
0.985903 0.167312 0.001592 0.000000 -0.166919 0.984156 -0.059794 4.710600 -0.011571 0.058686 0.998209 0.000000 0.000000 0.000000 0.000000 1.000000
0.985903 0.167312 0.001593 0.000000 -0.166919 0.984156 -0.059794 4.710600 -0.011572 0.058685 0.998209 0.000000 0.000000 0.000000 0.000000 1.000000
0.985903 0.167311 0.001592 0.000000 -0.166918 0.984156 -0.059794 4.710600 -0.011571 0.058685 0.998209 0.000000 0.000000 0.000000 0.000000 1.000000
0.985903 0.167313 0.001592 -0.000000 -0.166920 0.984156 -0.059795 4.710600 -0.011572 0.058686 0.998209 0.000000 0.000000 0.000000 0.000000 1.000000
0.985903 0.167312 0.001593 0.000000 -0.166919 0.984156 -0.059794 4.710600 -0.011572 0.058685 0.998209 0.000000 0.000000 0.000000 0.000000 1.000000
0.985903 0.167312 0.001593 0.000000 -0.166918 0.984156 -0.059794 4.710600 -0.011572 0.058685 0.998209 -0.000000 0.000000 0.000000 0.000000 1.000000
0.985903 0.167312 0.001593 -0.000000 -0.166919 0.984156 -0.059795 4.710600 -0.011572 0.058686 0.998209 0.000000 0.000000 0.000000 0.000000 1.000000
0.985903 0.167312 0.001592 0.000000 -0.166919 0.984156 -0.059794 4.710600 -0.011572 0.058686 0.998209 0.000000 0.000000 0.000000 0.000000 1.000000
0.985903 0.167312 0.001593 0.000000 -0.166918 0.984156 -0.059794 4.710600 -0.011572 0.058685 0.998209 0.000000 0.000000 0.000000 0.000000 1.000000
0.985903 0.167312 0.001593 0.000000 -0.166919 0.984156 -0.059794 4.710600 -0.011572 0.058686 0.998209 -0.000000 0.000000 0.000000 0.000000 1.000000
0.985903 0.167312 0.001593 0.000000 -0.166918 0.984156 -0.059794 4.710600 -0.011572 0.058685 0.998209 0.000000 0.000000 0.000000 0.000000 1.000000
0.985903 0.167312 0.001593 0.000000 -0.166919 0.984156 -0.059795 4.710600 -0.011572 0.058686 0.998209 -0.000000 0.000000 0.000000 0.000000 1.000000
0.985903 0.167312 0.001592 -0.000000 -0.166919 0.984156 -0.059795 4.710600 -0.011571 0.058686 0.998209 0.000000 0.000000 0.000000 0.000000 1.000000
0.985903 0.167312 0.001593 0.000000 -0.166919 0.984156 -0.059795 4.710600 -0.011572 0.058686 0.998209 0.000000 0.000000 0.000000 0.000000 1.000000
0.985903 0.167312 0.001593 -0.000000 -0.166919 0.984156 -0.059794 4.710600 -0.011572 0.058686 0.998209 0.000000 0.000000 0.000000 0.000000 1.000000
0.985903 0.167312 0.001593 0.000000 -0.166919 0.984156 -0.059795 4.710600 -0.011572 0.058686 0.998209 0.000000 0.000000 0.000000 0.000000 1.000000
0.985903 0.167312 0.001592 0.000000 -0.166919 0.984156 -0.059795 4.710600 -0.011571 0.058686 0.998209 0.000000 0.000000 0.000000 0.000000 1.000000
0.985903 0.167312 0.001592 -0.000000 -0.166919 0.984156 -0.059794 4.710600 -0.011571 0.058686 0.998209 0.000000 0.000000 0.000000 0.000000 1.000000
0.985903 0.167312 0.001592 0.000000 -0.166919 0.984156 -0.059794 4.710600 -0.011571 0.058686 0.998209 0.000000 0.000000 0.000000 0.000000 1.000000
0.985903 0.167312 0.001593 0.000000 -0.166919 0.984156 -0.059794 4.710600 -0.011572 0.058685 0.998209 0.000000 0.000000 0.000000 0.000000 1.000000
0.985903 0.167312 0.001592 0.000000 -0.166919 0.984156 -0.059794 4.710600 -0.011571 0.058685 0.998209 0.000000 0.000000 0.000000 0.000000 1.000000</float_array>
        <technique_common>
          <accessor source="#mixamorig_LeftHandThumb3-Matrix-animation-output-transform-array" count="56" stride="16">
            <param type="float4x4"/>
          </accessor>
        </technique_common>
      </source>
      <source id="mixamorig_LeftHandThumb3-Interpolations">
        <Name_array id="mixamorig_LeftHandThumb3-Interpolations-array" count="56">
 LINEAR LINEAR LINEAR LINEAR LINEAR LINEAR LINEAR LINEAR LINEAR LINEAR LINEAR
LINEAR LINEAR LINEAR LINEAR LINEAR LINEAR LINEAR LINEAR LINEAR LINEAR LINEAR LINEAR
LINEAR LINEAR LINEAR LINEAR LINEAR LINEAR LINEAR LINEAR LINEAR LINEAR LINEAR LINEAR
LINEAR LINEAR LINEAR LINEAR LINEAR LINEAR LINEAR LINEAR LINEAR LINEAR LINEAR LINEAR
LINEAR LINEAR LINEAR LINEAR LINEAR LINEAR LINEAR LINEAR LINEAR</Name_array>
        <technique_common>
          <accessor source="#mixamorig_LeftHandThumb3-Interpolations-array" count="56">
            <param type="name"/>
          </accessor>
        </technique_common>
      </source>
      <sampler id="mixamorig_LeftHandThumb3-Matrix-animation-transform">
        <input semantic="INPUT" source="#mixamorig_LeftHandThumb3-Matrix-animation-input"/>
        <input semantic="OUTPUT" source="#mixamorig_LeftHandThumb3-Matrix-animation-output-transform"/>
        <input semantic="INTERPOLATION" source="#mixamorig_LeftHandThumb3-Interpolations"/>
      </sampler>
      <channel source="#mixamorig_LeftHandThumb3-Matrix-animation-transform" target="mixamorig_LeftHandThumb3/matrix"/>
    </animation>
    <animation id="mixamorig_LeftHandIndex1-anim" name="mixamorig_LeftHandIndex1">
      <source id="mixamorig_LeftHandIndex1-Matrix-animation-input">
        <float_array id="mixamorig_LeftHandIndex1-Matrix-animation-input-array" count="56">

0.000000 0.033333 0.066667 0.100000 0.133333 0.166667 0.200000 0.233333 0.266667 0.300000 0.333333 0.366667 0.400000 0.433333 0.466667 0.500000
0.533333 0.566667 0.600000 0.633333 0.666667 0.700000 0.733333 0.766667 0.800000 0.833333 0.866667 0.900000 0.933333 0.966667 1.000000 1.033333
1.066667 1.100000 1.133333 1.166667 1.200000 1.233333 1.266667 1.300000 1.333333 1.366667 1.400000 1.433333 1.466667 1.500000 1.533333 1.566667
1.600000 1.633333 1.666667 1.700000 1.733333 1.766667 1.800000 1.833333</float_array>
        <technique_common>
          <accessor source="#mixamorig_LeftHandIndex1-Matrix-animation-input-array" count="56">
            <param name="TIME" type="float"/>
          </accessor>
        </technique_common>
      </source>
      <source id="mixamorig_LeftHandIndex1-Matrix-animation-output-transform">
        <float_array id="mixamorig_LeftHandIndex1-Matrix-animation-output-transform-array" count="896">

0.994700 -0.100617 -0.021177 -2.855500 0.100569 0.994924 -0.003341 14.669400 0.021406 0.001193 0.999770 0.398800 0.000000 0.000000 0.000000 1.000000
0.994710 -0.100527 -0.021128 -2.855500 0.100470 0.994933 -0.003715 14.669400 0.021395 0.001573 0.999770 0.398800 0.000000 0.000000 0.000000 1.000000
0.994739 -0.100268 -0.020991 -2.855500 0.100189 0.994957 -0.004793 14.669400 0.021365 0.002665 0.999768 0.398800 0.000000 0.000000 0.000000 1.000000
0.994785 -0.099857 -0.020771 -2.855500 0.099742 0.994992 -0.006507 14.669400 0.021317 0.004401 0.999763 0.398800 0.000000 0.000000 0.000000 1.000000
0.994846 -0.099311 -0.020483 -2.855500 0.099149 0.995034 -0.008788 14.669400 0.021254 0.006711 0.999752 0.398800 0.000000 0.000000 0.000000 1.000000
0.994919 -0.098647 -0.020135 -2.855500 0.098429 0.995077 -0.011567 14.669400 0.021177 0.009526 0.999730 0.398800 0.000000 0.000000 0.000000 1.000000
0.995002 -0.097880 -0.019742 -2.855500 0.097598 0.995116 -0.014778 14.669400 0.021092 0.012778 0.999696 0.398800 0.000000 0.000000 0.000000 1.000000
0.995094 -0.097028 -0.019309 -2.855500 0.096677 0.995147 -0.018352 14.669400 0.020995 0.016395 0.999645 0.398800 0.000000 0.000000 0.000000 1.000000
0.995192 -0.096107 -0.018850 -2.855500 0.095684 0.995164 -0.022220 14.669400 0.020894 0.020310 0.999575 0.398800 0.000000 0.000000 0.000000 1.000000
0.995295 -0.095135 -0.018375 -2.855500 0.094636 0.995164 -0.026315 14.669400 0.020790 0.024452 0.999485 0.398800 0.000000 0.000000 0.000000 1.000000
0.995399 -0.094129 -0.017893 -2.855500 0.093555 0.995145 -0.030567 14.669400 0.020683 0.028753 0.999373 0.398800 0.000000 0.000000 0.000000 1.000000
0.995504 -0.093104 -0.017412 -2.855500 0.092457 0.995105 -0.034909 14.669400 0.020577 0.033142 0.999239 0.398800 0.000000 0.000000 0.000000 1.000000
0.995607 -0.092081 -0.016941 -2.855500 0.091361 0.995043 -0.039272 14.669400 0.020473 0.037551 0.999085 0.398800 0.000000 0.000000 0.000000 1.000000
0.995707 -0.091076 -0.016489 -2.855500 0.090286 0.994962 -0.043587 14.669400 0.020375 0.041912 0.998914 0.398800 0.000000 0.000000 0.000000 1.000000
0.995803 -0.090106 -0.016060 -2.855500 0.089250 0.994862 -0.047786 14.669400 0.020283 0.046152 0.998728 0.398800 0.000000 0.000000 0.000000 1.000000
0.995891 -0.089190 -0.015662 -2.855500 0.088273 0.994749 -0.051800 14.669400 0.020200 0.050205 0.998535 0.398800 0.000000 0.000000 0.000000 1.000000
0.995972 -0.088346 -0.015301 -2.855500 0.087373 0.994625 -0.055561 14.669400 0.020128 0.054000 0.998338 0.398800 0.000000 0.000000 0.000000 1.000000
0.996044 -0.087590 -0.014983 -2.855500 0.086567 0.994497 -0.059000 14.669400 0.020069 0.057469 0.998146 0.398800 0.000000 0.000000 0.000000 1.000000
0.996105 -0.086944 -0.014712 -2.855500 0.085877 0.994372 -0.062048 14.669400 0.020024 0.060543 0.997965 0.398800 0.000000 0.000000 0.000000 1.000000
0.996153 -0.086423 -0.014493 -2.855500 0.085318 0.994255 -0.064638 14.669400 0.019996 0.063152 0.997804 0.398800 0.000000 0.000000 0.000000 1.000000
0.996188 -0.086047 -0.014330 -2.855500 0.084912 0.994153 -0.066700 14.669400 0.019986 0.065229 0.997670 0.398800 0.000000 0.000000 0.000000 1.000000
0.996208 -0.085833 -0.014229 -2.855500 0.084676 0.994074 -0.068167 14.669400 0.019996 0.066703 0.997572 0.398800 0.000000 0.000000 0.000000 1.000000
0.996211 -0.085801 -0.014194 -2.855500 0.084628 0.994016 -0.069068 14.669400 0.020035 0.067605 0.997511 0.398800 0.000000 0.000000 0.000000 1.000000
0.996199 -0.085942 -0.014217 -2.855500 0.084758 0.993974 -0.069510 14.669400 0.020105 0.068041 0.997480 0.398800 0.000000 0.000000 0.000000 1.000000
0.996173 -0.086233 -0.014291 -2.855500 0.085042 0.993948 -0.069539 14.669400 0.020201 0.068058 0.997477 0.398800 0.000000 0.000000 0.000000 1.000000
0.996135 -0.086647 -0.014408 -2.855500 0.085455 0.993936 -0.069198 14.669400 0.020316 0.067699 0.997499 0.398800 0.000000 0.000000 0.000000 1.000000
0.996088 -0.087158 -0.014561 -2.855500 0.085968 0.993938 -0.068534 14.669400 0.020446 0.067015 0.997542 0.398800 0.000000 0.000000 0.000000 1.000000
0.996034 -0.087742 -0.014743 -2.855500 0.086558 0.993951 -0.067593 14.669400 0.020584 0.066048 0.997604 0.398800 0.000000 0.000000 0.000000 1.000000
0.995975 -0.088374 -0.014944 -2.855500 0.087200 0.993974 -0.066417 14.669400 0.020724 0.064846 0.997680 0.398800 0.000000 0.000000 0.000000 1.000000
0.995914 -0.089027 -0.015161 -2.855500 0.087866 0.994006 -0.065054 14.669400 0.020862 0.063456 0.997767 0.398800 0.000000 0.000000 0.000000 1.000000
0.995852 -0.089678 -0.015385 -2.855500 0.088533 0.994044 -0.063548 14.669400 0.020992 0.061922 0.997860 0.398800 0.000000 0.000000 0.000000 1.000000
0.995792 -0.090300 -0.015605 -2.855500 0.089175 0.994088 -0.061943 14.669400 0.021107 0.060291 0.997958 0.398800 0.000000 0.000000 0.000000 1.000000
0.995737 -0.090869 -0.015817 -2.855500 0.089765 0.994137 -0.060287 14.669400 0.021202 0.058610 0.998056 0.398800 0.000000 0.000000 0.000000 1.000000
0.995689 -0.091359 -0.016009 -2.855500 0.090279 0.994190 -0.058622 14.669400 0.021271 0.056924 0.998152 0.398800 0.000000 0.000000 0.000000 1.000000
0.995644 -0.091820 -0.016201 -2.855500 0.090768 0.994252 -0.056783 14.669400 0.021322 0.055065 0.998255 0.398800 0.000000 0.000000 0.000000 1.000000
0.995595 -0.092310 -0.016418 -2.855500 0.091292 0.994326 -0.054601 14.669400 0.021365 0.052862 0.998373 0.398800 0.000000 0.000000 0.000000 1.000000
0.995543 -0.092825 -0.016655 -2.855500 0.091848 0.994408 -0.052119 14.669400 0.021400 0.050357 0.998502 0.398800 0.000000 0.000000 0.000000 1.000000
0.995489 -0.093360 -0.016910 -2.855500 0.092428 0.994494 -0.049376 14.669400 0.021427 0.047590 0.998637 0.398800 0.000000 0.000000 0.000000 1.000000
0.995432 -0.093909 -0.017183 -2.855500 0.093028 0.994581 -0.046417 14.669400 0.021449 0.044606 0.998774 0.398800 0.000000 0.000000 0.000000 1.000000
0.995374 -0.094469 -0.017469 -2.855500 0.093642 0.994665 -0.043281 14.669400 0.021465 0.041445 0.998910 0.398800 0.000000 0.000000 0.000000 1.000000
0.995316 -0.095032 -0.017766 -2.855500 0.094263 0.994743 -0.040012 14.669400 0.021475 0.038150 0.999041 0.398800 0.000000 0.000000 0.000000 1.000000
0.995256 -0.095595 -0.018072 -2.855500 0.094887 0.994813 -0.036650 14.669400 0.021482 0.034762 0.999165 0.398800 0.000000 0.000000 0.000000 1.000000
0.995197 -0.096152 -0.018383 -2.855500 0.095507 0.994874 -0.033239 14.669400 0.021485 0.031323 0.999278 0.398800 0.000000 0.000000 0.000000 1.000000
0.995138 -0.096698 -0.018695 -2.855500 0.096116 0.994923 -0.029819 14.669400 0.021484 0.027877 0.999380 0.398800 0.000000 0.000000 0.000000 1.000000
0.995081 -0.097227 -0.019007 -2.855500 0.096710 0.994962 -0.026432 14.669400 0.021481 0.024464 0.999470 0.398800 0.000000 0.000000 0.000000 1.000000
0.995025 -0.097736 -0.019312 -2.855500 0.097284 0.994988 -0.023121 14.669400 0.021475 0.021127 0.999546 0.398800 0.000000 0.000000 0.000000 1.000000
0.994972 -0.098220 -0.019609 -2.855500 0.097830 0.995004 -0.019926 14.669400 0.021468 0.017908 0.999609 0.398800 0.000000 0.000000 0.000000 1.000000
0.994921 -0.098671 -0.019892 -2.855500 0.098342 0.995009 -0.016891 14.669400 0.021459 0.014849 0.999659 0.398800 0.000000 0.000000 0.000000 1.000000
0.994874 -0.099089 -0.020158 -2.855500 0.098818 0.995006 -0.014056 14.669400 0.021450 0.011992 0.999698 0.398800 0.000000 0.000000 0.000000 1.000000
0.994832 -0.099466 -0.020403 -2.855500 0.099248 0.994997 -0.011463 14.669400 0.021442 0.009379 0.999726 0.398800 0.000000 0.000000 0.000000 1.000000
0.994794 -0.099798 -0.020623 -2.855500 0.099627 0.994983 -0.009156 14.669400 0.021433 0.007053 0.999745 0.398800 0.000000 0.000000 0.000000 1.000000
0.994762 -0.100080 -0.020811 -2.855500 0.099951 0.994967 -0.007173 14.669400 0.021424 0.005056 0.999758 0.398800 0.000000 0.000000 0.000000 1.000000
0.994736 -0.100308 -0.020965 -2.855500 0.100213 0.994951 -0.005559 14.669400 0.021417 0.003429 0.999765 0.398800 0.000000 0.000000 0.000000 1.000000
0.994716 -0.100477 -0.021081 -2.855500 0.100408 0.994937 -0.004354 14.669400 0.021412 0.002215 0.999768 0.398800 0.000000 0.000000 0.000000 1.000000
0.994704 -0.100582 -0.021152 -2.855500 0.100528 0.994928 -0.003601 14.669400 0.021407 0.001456 0.999770 0.398800 0.000000 0.000000 0.000000 1.000000
0.994700 -0.100617 -0.021177 -2.855500 0.100569 0.994924 -0.003341 14.669400 0.021406 0.001193 0.999770 0.398800 0.000000 0.000000 0.000000 1.000000</float_array>
        <technique_common>
          <accessor source="#mixamorig_LeftHandIndex1-Matrix-animation-output-transform-array" count="56" stride="16">
            <param type="float4x4"/>
          </accessor>
        </technique_common>
      </source>
      <source id="mixamorig_LeftHandIndex1-Interpolations">
        <Name_array id="mixamorig_LeftHandIndex1-Interpolations-array" count="56">
 LINEAR LINEAR LINEAR LINEAR LINEAR LINEAR LINEAR LINEAR LINEAR LINEAR LINEAR
LINEAR LINEAR LINEAR LINEAR LINEAR LINEAR LINEAR LINEAR LINEAR LINEAR LINEAR LINEAR
LINEAR LINEAR LINEAR LINEAR LINEAR LINEAR LINEAR LINEAR LINEAR LINEAR LINEAR LINEAR
LINEAR LINEAR LINEAR LINEAR LINEAR LINEAR LINEAR LINEAR LINEAR LINEAR LINEAR LINEAR
LINEAR LINEAR LINEAR LINEAR LINEAR LINEAR LINEAR LINEAR LINEAR</Name_array>
        <technique_common>
          <accessor source="#mixamorig_LeftHandIndex1-Interpolations-array" count="56">
            <param type="name"/>
          </accessor>
        </technique_common>
      </source>
      <sampler id="mixamorig_LeftHandIndex1-Matrix-animation-transform">
        <input semantic="INPUT" source="#mixamorig_LeftHandIndex1-Matrix-animation-input"/>
        <input semantic="OUTPUT" source="#mixamorig_LeftHandIndex1-Matrix-animation-output-transform"/>
        <input semantic="INTERPOLATION" source="#mixamorig_LeftHandIndex1-Interpolations"/>
      </sampler>
      <channel source="#mixamorig_LeftHandIndex1-Matrix-animation-transform" target="mixamorig_LeftHandIndex1/matrix"/>
    </animation>
    <animation id="mixamorig_LeftHandIndex2-anim" name="mixamorig_LeftHandIndex2">
      <source id="mixamorig_LeftHandIndex2-Matrix-animation-input">
        <float_array id="mixamorig_LeftHandIndex2-Matrix-animation-input-array" count="56">

0.000000 0.033333 0.066667 0.100000 0.133333 0.166667 0.200000 0.233333 0.266667 0.300000 0.333333 0.366667 0.400000 0.433333 0.466667 0.500000
0.533333 0.566667 0.600000 0.633333 0.666667 0.700000 0.733333 0.766667 0.800000 0.833333 0.866667 0.900000 0.933333 0.966667 1.000000 1.033333
1.066667 1.100000 1.133333 1.166667 1.200000 1.233333 1.266667 1.300000 1.333333 1.366667 1.400000 1.433333 1.466667 1.500000 1.533333 1.566667
1.600000 1.633333 1.666667 1.700000 1.733333 1.766667 1.800000 1.833333</float_array>
        <technique_common>
          <accessor source="#mixamorig_LeftHandIndex2-Matrix-animation-input-array" count="56">
            <param name="TIME" type="float"/>
          </accessor>
        </technique_common>
      </source>
      <source id="mixamorig_LeftHandIndex2-Matrix-animation-output-transform">
        <float_array id="mixamorig_LeftHandIndex2-Matrix-animation-output-transform-array" count="896">

0.999991 -0.003251 0.002606 0.000000 0.003450 0.996770 -0.080236 3.248600 -0.002337 0.080244 0.996772 0.000000 0.000000 0.000000 0.000000 1.000000
0.999991 -0.003255 0.002605 0.000000 0.003454 0.996763 -0.080325 3.248600 -0.002336 0.080333 0.996765 0.000000 0.000000 0.000000 0.000000 1.000000
0.999991 -0.003265 0.002607 0.000000 0.003465 0.996742 -0.080582 3.248600 -0.002336 0.080591 0.996745 0.000000 0.000000 0.000000 0.000000 1.000000
0.999991 -0.003281 0.002609 0.000000 0.003482 0.996709 -0.080991 3.248600 -0.002334 0.080999 0.996711 0.000000 0.000000 0.000000 0.000000 1.000000
0.999991 -0.003303 0.002610 -0.000000 0.003505 0.996664 -0.081534 3.248600 -0.002332 0.081543 0.996667 0.000000 0.000000 0.000000 0.000000 1.000000
0.999991 -0.003330 0.002613 -0.000000 0.003533 0.996610 -0.082197 3.248600 -0.002331 0.082206 0.996613 0.000000 0.000000 0.000000 0.000000 1.000000
0.999991 -0.003360 0.002615 0.000000 0.003566 0.996546 -0.082963 3.248600 -0.002328 0.082971 0.996549 0.000000 0.000000 0.000000 0.000000 1.000000
0.999991 -0.003395 0.002619 0.000000 0.003602 0.996475 -0.083815 3.248600 -0.002325 0.083824 0.996478 0.000000 0.000000 0.000000 0.000000 1.000000
0.999991 -0.003432 0.002621 0.000000 0.003642 0.996397 -0.084738 3.248600 -0.002321 0.084747 0.996400 0.000000 0.000000 0.000000 0.000000 1.000000
0.999991 -0.003472 0.002626 0.000000 0.003685 0.996313 -0.085715 3.248600 -0.002319 0.085724 0.996316 0.000000 0.000000 0.000000 0.000000 1.000000
0.999990 -0.003512 0.002630 0.000000 0.003727 0.996225 -0.086730 3.248600 -0.002315 0.086739 0.996228 0.000000 0.000000 0.000000 0.000000 1.000000
0.999990 -0.003554 0.002633 -0.000000 0.003772 0.996134 -0.087767 3.248600 -0.002311 0.087776 0.996138 -0.000000 0.000000 0.000000 0.000000 1.000000
0.999990 -0.003597 0.002637 0.000000 0.003817 0.996041 -0.088809 3.248600 -0.002307 0.088819 0.996045 0.000000 0.000000 0.000000 0.000000 1.000000
0.999990 -0.003639 0.002641 0.000000 0.003861 0.995949 -0.089841 3.248600 -0.002304 0.089850 0.995953 0.000000 0.000000 0.000000 0.000000 1.000000
0.999990 -0.003679 0.002645 -0.000000 0.003904 0.995857 -0.090846 3.248600 -0.002300 0.090856 0.995861 0.000000 0.000000 0.000000 0.000000 1.000000
0.999990 -0.003718 0.002649 0.000000 0.003945 0.995769 -0.091808 3.248600 -0.002297 0.091818 0.995773 0.000000 0.000000 0.000000 0.000000 1.000000
0.999989 -0.003755 0.002653 0.000000 0.003985 0.995685 -0.092711 3.248600 -0.002293 0.092720 0.995690 0.000000 0.000000 0.000000 0.000000 1.000000
0.999989 -0.003789 0.002656 0.000000 0.004020 0.995608 -0.093539 3.248600 -0.002290 0.093548 0.995612 -0.000000 0.000000 0.000000 0.000000 1.000000
0.999989 -0.003818 0.002659 0.000000 0.004052 0.995538 -0.094274 3.248600 -0.002287 0.094284 0.995543 0.000000 0.000000 0.000000 0.000000 1.000000
0.999989 -0.003844 0.002663 0.000000 0.004080 0.995478 -0.094903 3.248600 -0.002286 0.094913 0.995483 0.000000 0.000000 0.000000 0.000000 1.000000
0.999989 -0.003865 0.002663 0.000000 0.004102 0.995430 -0.095407 3.248600 -0.002282 0.095417 0.995435 0.000000 0.000000 0.000000 0.000000 1.000000
0.999989 -0.003881 0.002665 0.000000 0.004118 0.995395 -0.095772 3.248600 -0.002281 0.095782 0.995400 0.000000 0.000000 0.000000 0.000000 1.000000
0.999989 -0.003891 0.002667 -0.000000 0.004129 0.995372 -0.096007 3.248600 -0.002281 0.096016 0.995377 0.000000 0.000000 0.000000 0.000000 1.000000
0.999989 -0.003897 0.002667 -0.000000 0.004135 0.995359 -0.096139 3.248600 -0.002280 0.096149 0.995364 0.000000 0.000000 0.000000 0.000000 1.000000
0.999989 -0.003900 0.002667 -0.000000 0.004139 0.995356 -0.096178 3.248600 -0.002279 0.096188 0.995361 0.000000 0.000000 0.000000 0.000000 1.000000
0.999989 -0.003900 0.002667 0.000000 0.004138 0.995360 -0.096133 3.248600 -0.002280 0.096143 0.995365 0.000000 0.000000 0.000000 0.000000 1.000000
0.999989 -0.003897 0.002667 0.000000 0.004135 0.995372 -0.096012 3.248600 -0.002281 0.096022 0.995377 -0.000000 0.000000 0.000000 0.000000 1.000000
0.999989 -0.003891 0.002667 0.000000 0.004129 0.995390 -0.095825 3.248600 -0.002282 0.095835 0.995395 0.000000 0.000000 0.000000 0.000000 1.000000
0.999989 -0.003883 0.002666 -0.000000 0.004120 0.995413 -0.095582 3.248600 -0.002283 0.095592 0.995418 0.000000 0.000000 0.000000 0.000000 1.000000
0.999989 -0.003872 0.002664 0.000000 0.004109 0.995441 -0.095292 3.248600 -0.002283 0.095302 0.995446 0.000000 0.000000 0.000000 0.000000 1.000000
0.999989 -0.003860 0.002663 0.000000 0.004096 0.995472 -0.094964 3.248600 -0.002284 0.094974 0.995477 0.000000 0.000000 0.000000 0.000000 1.000000
0.999989 -0.003846 0.002662 0.000000 0.004081 0.995506 -0.094606 3.248600 -0.002286 0.094616 0.995511 -0.000000 0.000000 0.000000 0.000000 1.000000
0.999989 -0.003832 0.002660 -0.000000 0.004066 0.995542 -0.094229 3.248600 -0.002287 0.094239 0.995547 0.000000 0.000000 0.000000 0.000000 1.000000
0.999989 -0.003817 0.002659 0.000000 0.004050 0.995579 -0.093842 3.248600 -0.002289 0.093852 0.995584 0.000000 0.000000 0.000000 0.000000 1.000000
0.999989 -0.003799 0.002657 0.000000 0.004031 0.995620 -0.093406 3.248600 -0.002290 0.093416 0.995625 0.000000 0.000000 0.000000 0.000000 1.000000
0.999989 -0.003779 0.002655 0.000000 0.004009 0.995669 -0.092882 3.248600 -0.002293 0.092891 0.995674 0.000000 0.000000 0.000000 0.000000 1.000000
0.999989 -0.003754 0.002652 0.000000 0.003983 0.995725 -0.092281 3.248600 -0.002294 0.092290 0.995729 0.000000 0.000000 0.000000 0.000000 1.000000
0.999990 -0.003726 0.002649 -0.000000 0.003953 0.995787 -0.091614 3.248600 -0.002297 0.091624 0.995791 0.000000 0.000000 0.000000 0.000000 1.000000
0.999990 -0.003697 0.002647 0.000000 0.003922 0.995853 -0.090891 3.248600 -0.002300 0.090901 0.995857 0.000000 0.000000 0.000000 0.000000 1.000000
0.999990 -0.003664 0.002644 0.000000 0.003888 0.995923 -0.090123 3.248600 -0.002303 0.090132 0.995927 0.000000 0.000000 0.000000 0.000000 1.000000
0.999990 -0.003632 0.002641 0.000000 0.003853 0.995996 -0.089320 3.248600 -0.002306 0.089329 0.996000 0.000000 0.000000 0.000000 0.000000 1.000000
0.999990 -0.003597 0.002637 -0.000000 0.003816 0.996070 -0.088492 3.248600 -0.002309 0.088502 0.996073 0.000000 0.000000 0.000000 0.000000 1.000000
0.999990 -0.003562 0.002634 0.000000 0.003779 0.996144 -0.087651 3.248600 -0.002311 0.087660 0.996148 0.000000 0.000000 0.000000 0.000000 1.000000
0.999990 -0.003526 0.002630 0.000000 0.003741 0.996218 -0.086807 3.248600 -0.002314 0.086816 0.996222 0.000000 0.000000 0.000000 0.000000 1.000000
0.999990 -0.003492 0.002627 0.000000 0.003705 0.996291 -0.085969 3.248600 -0.002317 0.085978 0.996294 0.000000 0.000000 0.000000 0.000000 1.000000
0.999991 -0.003456 0.002624 0.000000 0.003667 0.996361 -0.085150 3.248600 -0.002321 0.085158 0.996365 0.000000 0.000000 0.000000 0.000000 1.000000
0.999991 -0.003424 0.002621 -0.000000 0.003633 0.996429 -0.084358 3.248600 -0.002322 0.084366 0.996432 0.000000 0.000000 0.000000 0.000000 1.000000
0.999991 -0.003393 0.002618 0.000000 0.003600 0.996492 -0.083605 3.248600 -0.002325 0.083614 0.996496 0.000000 0.000000 0.000000 0.000000 1.000000
0.999991 -0.003363 0.002615 -0.000000 0.003568 0.996551 -0.082901 3.248600 -0.002328 0.082910 0.996554 0.000000 0.000000 0.000000 0.000000 1.000000
0.999991 -0.003335 0.002613 -0.000000 0.003539 0.996605 -0.082257 3.248600 -0.002330 0.082266 0.996608 0.000000 0.000000 0.000000 0.000000 1.000000
0.999991 -0.003311 0.002611 0.000000 0.003514 0.996652 -0.081683 3.248600 -0.002331 0.081692 0.996655 0.000000 0.000000 0.000000 0.000000 1.000000
0.999991 -0.003291 0.002609 0.000000 0.003492 0.996692 -0.081191 3.248600 -0.002333 0.081199 0.996695 0.000000 0.000000 0.000000 0.000000 1.000000
0.999991 -0.003274 0.002608 -0.000000 0.003474 0.996725 -0.080789 3.248600 -0.002335 0.080797 0.996728 0.000000 0.000000 0.000000 0.000000 1.000000
0.999991 -0.003261 0.002607 0.000000 0.003461 0.996750 -0.080489 3.248600 -0.002336 0.080497 0.996752 0.000000 0.000000 0.000000 0.000000 1.000000
0.999991 -0.003254 0.002606 0.000000 0.003453 0.996765 -0.080300 3.248600 -0.002336 0.080309 0.996767 0.000000 0.000000 0.000000 0.000000 1.000000
0.999991 -0.003252 0.002605 0.000000 0.003450 0.996770 -0.080236 3.248600 -0.002336 0.080244 0.996772 0.000000 0.000000 0.000000 0.000000 1.000000</float_array>
        <technique_common>
          <accessor source="#mixamorig_LeftHandIndex2-Matrix-animation-output-transform-array" count="56" stride="16">
            <param type="float4x4"/>
          </accessor>
        </technique_common>
      </source>
      <source id="mixamorig_LeftHandIndex2-Interpolations">
        <Name_array id="mixamorig_LeftHandIndex2-Interpolations-array" count="56">
 LINEAR LINEAR LINEAR LINEAR LINEAR LINEAR LINEAR LINEAR LINEAR LINEAR LINEAR
LINEAR LINEAR LINEAR LINEAR LINEAR LINEAR LINEAR LINEAR LINEAR LINEAR LINEAR LINEAR
LINEAR LINEAR LINEAR LINEAR LINEAR LINEAR LINEAR LINEAR LINEAR LINEAR LINEAR LINEAR
LINEAR LINEAR LINEAR LINEAR LINEAR LINEAR LINEAR LINEAR LINEAR LINEAR LINEAR LINEAR
LINEAR LINEAR LINEAR LINEAR LINEAR LINEAR LINEAR LINEAR LINEAR</Name_array>
        <technique_common>
          <accessor source="#mixamorig_LeftHandIndex2-Interpolations-array" count="56">
            <param type="name"/>
          </accessor>
        </technique_common>
      </source>
      <sampler id="mixamorig_LeftHandIndex2-Matrix-animation-transform">
        <input semantic="INPUT" source="#mixamorig_LeftHandIndex2-Matrix-animation-input"/>
        <input semantic="OUTPUT" source="#mixamorig_LeftHandIndex2-Matrix-animation-output-transform"/>
        <input semantic="INTERPOLATION" source="#mixamorig_LeftHandIndex2-Interpolations"/>
      </sampler>
      <channel source="#mixamorig_LeftHandIndex2-Matrix-animation-transform" target="mixamorig_LeftHandIndex2/matrix"/>
    </animation>
    <animation id="mixamorig_LeftHandIndex3-anim" name="mixamorig_LeftHandIndex3">
      <source id="mixamorig_LeftHandIndex3-Matrix-animation-input">
        <float_array id="mixamorig_LeftHandIndex3-Matrix-animation-input-array" count="56">

0.000000 0.033333 0.066667 0.100000 0.133333 0.166667 0.200000 0.233333 0.266667 0.300000 0.333333 0.366667 0.400000 0.433333 0.466667 0.500000
0.533333 0.566667 0.600000 0.633333 0.666667 0.700000 0.733333 0.766667 0.800000 0.833333 0.866667 0.900000 0.933333 0.966667 1.000000 1.033333
1.066667 1.100000 1.133333 1.166667 1.200000 1.233333 1.266667 1.300000 1.333333 1.366667 1.400000 1.433333 1.466667 1.500000 1.533333 1.566667
1.600000 1.633333 1.666667 1.700000 1.733333 1.766667 1.800000 1.833333</float_array>
        <technique_common>
          <accessor source="#mixamorig_LeftHandIndex3-Matrix-animation-input-array" count="56">
            <param name="TIME" type="float"/>
          </accessor>
        </technique_common>
      </source>
      <source id="mixamorig_LeftHandIndex3-Matrix-animation-output-transform">
        <float_array id="mixamorig_LeftHandIndex3-Matrix-animation-output-transform-array" count="896">

0.999969 -0.007625 0.001995 0.000000 0.007822 0.991259 -0.131702 2.659600 -0.000973 0.131713 0.991287 0.000000 0.000000 0.000000 0.000000 1.000000
0.999969 -0.007629 0.001996 0.000000 0.007826 0.991247 -0.131791 2.659600 -0.000973 0.131803 0.991276 0.000000 0.000000 0.000000 0.000000 1.000000
0.999969 -0.007640 0.001998 0.000000 0.007837 0.991213 -0.132046 2.659600 -0.000971 0.132057 0.991242 0.000000 0.000000 0.000000 0.000000 1.000000
0.999969 -0.007658 0.002002 0.000000 0.007856 0.991158 -0.132452 2.659600 -0.000970 0.132464 0.991187 0.000000 0.000000 0.000000 0.000000 1.000000
0.999968 -0.007682 0.002006 -0.000000 0.007880 0.991086 -0.132993 2.659600 -0.000966 0.133004 0.991115 0.000000 0.000000 0.000000 0.000000 1.000000
0.999968 -0.007710 0.002012 0.000000 0.007910 0.990997 -0.133652 2.659600 -0.000963 0.133663 0.991026 0.000000 0.000000 0.000000 0.000000 1.000000
0.999968 -0.007743 0.002018 0.000000 0.007944 0.990893 -0.134414 2.659600 -0.000959 0.134425 0.990923 0.000000 0.000000 0.000000 0.000000 1.000000
0.999968 -0.007779 0.002026 -0.000000 0.007982 0.990778 -0.135261 2.659600 -0.000955 0.135273 0.990808 0.000000 0.000000 0.000000 0.000000 1.000000
0.999967 -0.007819 0.002033 0.000000 0.008023 0.990652 -0.136178 2.659600 -0.000950 0.136190 0.990682 0.000000 0.000000 0.000000 0.000000 1.000000
0.999967 -0.007861 0.002042 0.000000 0.008067 0.990518 -0.137149 2.659600 -0.000945 0.137161 0.990548 0.000000 0.000000 0.000000 0.000000 1.000000
0.999967 -0.007905 0.002051 0.000000 0.008113 0.990377 -0.138158 2.659600 -0.000939 0.138170 0.990408 0.000000 0.000000 0.000000 0.000000 1.000000
0.999966 -0.007950 0.002060 0.000000 0.008159 0.990232 -0.139189 2.659600 -0.000933 0.139201 0.990264 0.000000 0.000000 0.000000 0.000000 1.000000
0.999966 -0.007995 0.002069 -0.000000 0.008206 0.990086 -0.140225 2.659600 -0.000927 0.140237 0.990118 0.000000 0.000000 0.000000 0.000000 1.000000
0.999966 -0.008040 0.002078 0.000000 0.008252 0.989939 -0.141250 2.659600 -0.000922 0.141263 0.989972 0.000000 0.000000 0.000000 0.000000 1.000000
0.999965 -0.008083 0.002087 0.000000 0.008298 0.989796 -0.142249 2.659600 -0.000916 0.142262 0.989829 0.000000 0.000000 0.000000 0.000000 1.000000
0.999965 -0.008126 0.002097 0.000000 0.008343 0.989658 -0.143205 2.659600 -0.000911 0.143217 0.989691 0.000000 0.000000 0.000000 0.000000 1.000000
0.999964 -0.008165 0.002105 0.000000 0.008383 0.989527 -0.144102 2.659600 -0.000906 0.144115 0.989561 0.000000 0.000000 0.000000 0.000000 1.000000
0.999964 -0.008202 0.002113 0.000000 0.008422 0.989407 -0.144924 2.659600 -0.000902 0.144937 0.989440 -0.000000 0.000000 0.000000 0.000000 1.000000
0.999964 -0.008235 0.002119 -0.000000 0.008456 0.989299 -0.145656 2.659600 -0.000897 0.145669 0.989333 0.000000 0.000000 0.000000 0.000000 1.000000
0.999964 -0.008264 0.002125 -0.000000 0.008486 0.989207 -0.146280 2.659600 -0.000893 0.146293 0.989241 -0.000000 0.000000 0.000000 0.000000 1.000000
0.999963 -0.008287 0.002130 0.000000 0.008510 0.989132 -0.146782 2.659600 -0.000891 0.146795 0.989167 0.000000 0.000000 0.000000 0.000000 1.000000
0.999963 -0.008304 0.002133 0.000000 0.008528 0.989078 -0.147144 2.659600 -0.000888 0.147157 0.989113 -0.000000 0.000000 0.000000 0.000000 1.000000
0.999963 -0.008317 0.002137 0.000000 0.008541 0.989043 -0.147378 2.659600 -0.000887 0.147390 0.989078 0.000000 0.000000 0.000000 0.000000 1.000000
0.999963 -0.008327 0.002139 -0.000000 0.008551 0.989024 -0.147508 2.659600 -0.000887 0.147521 0.989059 0.000000 0.000000 0.000000 0.000000 1.000000
0.999963 -0.008332 0.002139 -0.000000 0.008557 0.989018 -0.147547 2.659600 -0.000886 0.147560 0.989053 -0.000000 0.000000 0.000000 0.000000 1.000000
0.999963 -0.008336 0.002139 0.000000 0.008560 0.989025 -0.147501 2.659600 -0.000886 0.147514 0.989060 -0.000000 0.000000 0.000000 0.000000 1.000000
0.999963 -0.008335 0.002139 -0.000000 0.008559 0.989043 -0.147381 2.659600 -0.000887 0.147394 0.989077 0.000000 0.000000 0.000000 0.000000 1.000000
0.999963 -0.008332 0.002137 0.000000 0.008556 0.989070 -0.147196 2.659600 -0.000888 0.147209 0.989105 0.000000 0.000000 0.000000 0.000000 1.000000
0.999963 -0.008327 0.002136 0.000000 0.008550 0.989106 -0.146955 2.659600 -0.000889 0.146968 0.989141 -0.000000 0.000000 0.000000 0.000000 1.000000
0.999963 -0.008318 0.002134 0.000000 0.008541 0.989149 -0.146666 2.659600 -0.000891 0.146679 0.989184 0.000000 0.000000 0.000000 0.000000 1.000000
0.999963 -0.008308 0.002131 0.000000 0.008531 0.989198 -0.146339 2.659600 -0.000893 0.146352 0.989232 -0.000000 0.000000 0.000000 0.000000 1.000000
0.999963 -0.008297 0.002129 -0.000000 0.008519 0.989250 -0.145985 2.659600 -0.000895 0.145997 0.989285 0.000000 0.000000 0.000000 0.000000 1.000000
0.999963 -0.008283 0.002126 -0.000000 0.008505 0.989306 -0.145610 2.659600 -0.000897 0.145623 0.989340 0.000000 0.000000 0.000000 0.000000 1.000000
0.999964 -0.008268 0.002122 0.000000 0.008488 0.989362 -0.145225 2.659600 -0.000898 0.145238 0.989396 0.000000 0.000000 0.000000 0.000000 1.000000
0.999964 -0.008249 0.002118 0.000000 0.008469 0.989426 -0.144791 2.659600 -0.000901 0.144804 0.989460 0.000000 0.000000 0.000000 0.000000 1.000000
0.999964 -0.008226 0.002112 0.000000 0.008445 0.989502 -0.144271 2.659600 -0.000904 0.144283 0.989536 0.000000 0.000000 0.000000 0.000000 1.000000
0.999964 -0.008199 0.002107 0.000000 0.008416 0.989589 -0.143674 2.659600 -0.000907 0.143687 0.989623 -0.000000 0.000000 0.000000 0.000000 1.000000
0.999964 -0.008168 0.002102 0.000000 0.008385 0.989686 -0.143011 2.659600 -0.000912 0.143023 0.989719 -0.000000 0.000000 0.000000 0.000000 1.000000
0.999965 -0.008135 0.002095 0.000000 0.008350 0.989789 -0.142293 2.659600 -0.000916 0.142305 0.989822 0.000000 0.000000 0.000000 0.000000 1.000000
0.999965 -0.008099 0.002087 -0.000000 0.008313 0.989899 -0.141529 2.659600 -0.000920 0.141542 0.989932 -0.000000 0.000000 0.000000 0.000000 1.000000
0.999965 -0.008061 0.002080 -0.000000 0.008274 0.990013 -0.140731 2.659600 -0.000924 0.140744 0.990046 0.000000 0.000000 0.000000 0.000000 1.000000
0.999966 -0.008023 0.002072 0.000000 0.008234 0.990130 -0.139909 2.659600 -0.000929 0.139921 0.990162 0.000000 0.000000 0.000000 0.000000 1.000000
0.999966 -0.007983 0.002064 -0.000000 0.008192 0.990248 -0.139073 2.659600 -0.000934 0.139085 0.990280 -0.000000 0.000000 0.000000 0.000000 1.000000
0.999966 -0.007943 0.002056 0.000000 0.008151 0.990366 -0.138233 2.659600 -0.000938 0.138246 0.990398 -0.000000 0.000000 0.000000 0.000000 1.000000
0.999967 -0.007902 0.002048 0.000000 0.008109 0.990482 -0.137401 2.659600 -0.000943 0.137413 0.990513 0.000000 0.000000 0.000000 0.000000 1.000000
0.999967 -0.007864 0.002040 0.000000 0.008069 0.990595 -0.136587 2.659600 -0.000946 0.136599 0.990626 0.000000 0.000000 0.000000 0.000000 1.000000
0.999967 -0.007825 0.002034 0.000000 0.008029 0.990704 -0.135800 2.659600 -0.000952 0.135812 0.990734 0.000000 0.000000 0.000000 0.000000 1.000000
0.999968 -0.007789 0.002026 0.000000 0.007991 0.990806 -0.135051 2.659600 -0.000955 0.135063 0.990837 0.000000 0.000000 0.000000 0.000000 1.000000
0.999968 -0.007755 0.002019 -0.000000 0.007956 0.990902 -0.134352 2.659600 -0.000959 0.134364 0.990932 0.000000 0.000000 0.000000 0.000000 1.000000
0.999968 -0.007724 0.002014 -0.000000 0.007924 0.990989 -0.133711 2.659600 -0.000963 0.133723 0.991018 0.000000 0.000000 0.000000 0.000000 1.000000
0.999968 -0.007696 0.002009 0.000000 0.007895 0.991066 -0.133141 2.659600 -0.000966 0.133153 0.991095 0.000000 0.000000 0.000000 0.000000 1.000000
0.999969 -0.007672 0.002003 -0.000000 0.007870 0.991132 -0.132651 2.659600 -0.000968 0.132662 0.991161 0.000000 0.000000 0.000000 0.000000 1.000000
0.999969 -0.007652 0.002000 -0.000000 0.007849 0.991185 -0.132252 2.659600 -0.000970 0.132263 0.991214 0.000000 0.000000 0.000000 0.000000 1.000000
0.999969 -0.007638 0.001997 0.000000 0.007835 0.991225 -0.131953 2.659600 -0.000972 0.131964 0.991254 0.000000 0.000000 0.000000 0.000000 1.000000
0.999969 -0.007629 0.001996 0.000000 0.007825 0.991250 -0.131767 2.659600 -0.000973 0.131778 0.991279 -0.000000 0.000000 0.000000 0.000000 1.000000
0.999969 -0.007625 0.001995 0.000000 0.007821 0.991259 -0.131702 2.659600 -0.000974 0.131713 0.991287 0.000000 0.000000 0.000000 0.000000 1.000000</float_array>
        <technique_common>
          <accessor source="#mixamorig_LeftHandIndex3-Matrix-animation-output-transform-array" count="56" stride="16">
            <param type="float4x4"/>
          </accessor>
        </technique_common>
      </source>
      <source id="mixamorig_LeftHandIndex3-Interpolations">
        <Name_array id="mixamorig_LeftHandIndex3-Interpolations-array" count="56">
 LINEAR LINEAR LINEAR LINEAR LINEAR LINEAR LINEAR LINEAR LINEAR LINEAR LINEAR
LINEAR LINEAR LINEAR LINEAR LINEAR LINEAR LINEAR LINEAR LINEAR LINEAR LINEAR LINEAR
LINEAR LINEAR LINEAR LINEAR LINEAR LINEAR LINEAR LINEAR LINEAR LINEAR LINEAR LINEAR
LINEAR LINEAR LINEAR LINEAR LINEAR LINEAR LINEAR LINEAR LINEAR LINEAR LINEAR LINEAR
LINEAR LINEAR LINEAR LINEAR LINEAR LINEAR LINEAR LINEAR LINEAR</Name_array>
        <technique_common>
          <accessor source="#mixamorig_LeftHandIndex3-Interpolations-array" count="56">
            <param type="name"/>
          </accessor>
        </technique_common>
      </source>
      <sampler id="mixamorig_LeftHandIndex3-Matrix-animation-transform">
        <input semantic="INPUT" source="#mixamorig_LeftHandIndex3-Matrix-animation-input"/>
        <input semantic="OUTPUT" source="#mixamorig_LeftHandIndex3-Matrix-animation-output-transform"/>
        <input semantic="INTERPOLATION" source="#mixamorig_LeftHandIndex3-Interpolations"/>
      </sampler>
      <channel source="#mixamorig_LeftHandIndex3-Matrix-animation-transform" target="mixamorig_LeftHandIndex3/matrix"/>
    </animation>
    <animation id="mixamorig_LeftHandMiddle1-anim" name="mixamorig_LeftHandMiddle1">
      <source id="mixamorig_LeftHandMiddle1-Matrix-animation-input">
        <float_array id="mixamorig_LeftHandMiddle1-Matrix-animation-input-array" count="56">

0.000000 0.033333 0.066667 0.100000 0.133333 0.166667 0.200000 0.233333 0.266667 0.300000 0.333333 0.366667 0.400000 0.433333 0.466667 0.500000
0.533333 0.566667 0.600000 0.633333 0.666667 0.700000 0.733333 0.766667 0.800000 0.833333 0.866667 0.900000 0.933333 0.966667 1.000000 1.033333
1.066667 1.100000 1.133333 1.166667 1.200000 1.233333 1.266667 1.300000 1.333333 1.366667 1.400000 1.433333 1.466667 1.500000 1.533333 1.566667
1.600000 1.633333 1.666667 1.700000 1.733333 1.766667 1.800000 1.833333</float_array>
        <technique_common>
          <accessor source="#mixamorig_LeftHandMiddle1-Matrix-animation-input-array" count="56">
            <param name="TIME" type="float"/>
          </accessor>
        </technique_common>
      </source>
      <source id="mixamorig_LeftHandMiddle1-Matrix-animation-output-transform">
        <float_array id="mixamorig_LeftHandMiddle1-Matrix-animation-output-transform-array" count="896">

0.996150 0.083632 0.026269 -0.000000 -0.081301 0.993483 -0.079888 14.409800 -0.032779 0.077445 0.996458 -0.000000 0.000000 0.000000 0.000000 1.000000
0.996148 0.083671 0.026224 -0.000000 -0.081323 0.993431 -0.080511 14.409800 -0.032788 0.078068 0.996409 0.000000 0.000000 0.000000 0.000000 1.000000
0.996142 0.083782 0.026093 0.000000 -0.081385 0.993279 -0.082301 14.409800 -0.032813 0.079860 0.996266 0.000000 0.000000 0.000000 0.000000 1.000000
0.996133 0.083956 0.025885 -0.000000 -0.081482 0.993031 -0.085147 14.409800 -0.032853 0.082709 0.996032 0.000000 0.000000 0.000000 0.000000 1.000000
0.996121 0.084187 0.025605 0.000000 -0.081611 0.992689 -0.088933 14.409800 -0.032905 0.086499 0.995708 0.000000 0.000000 0.000000 0.000000 1.000000
0.996106 0.084466 0.025260 0.000000 -0.081767 0.992252 -0.093545 14.409800 -0.032965 0.091115 0.995295 -0.000000 0.000000 0.000000 0.000000 1.000000
0.996089 0.084785 0.024857 0.000000 -0.081946 0.991721 -0.098869 14.409800 -0.033033 0.096446 0.994790 0.000000 0.000000 0.000000 0.000000 1.000000
0.996070 0.085136 0.024404 -0.000000 -0.082143 0.991096 -0.104790 14.409800 -0.033108 0.102374 0.994195 -0.000000 0.000000 0.000000 0.000000 1.000000
0.996050 0.085510 0.023905 0.000000 -0.082355 0.990381 -0.111194 14.409800 -0.033184 0.108786 0.993511 0.000000 0.000000 0.000000 0.000000 1.000000
0.996030 0.085901 0.023370 0.000000 -0.082577 0.989578 -0.117966 14.409800 -0.033260 0.115568 0.992743 0.000000 0.000000 0.000000 0.000000 1.000000
0.996008 0.086300 0.022806 0.000000 -0.082804 0.988696 -0.124993 14.409800 -0.033335 0.122606 0.991895 0.000000 0.000000 0.000000 0.000000 1.000000
0.995987 0.086699 0.022220 -0.000000 -0.083033 0.987744 -0.132160 14.409800 -0.033406 0.129785 0.990979 0.000000 0.000000 0.000000 0.000000 1.000000
0.995966 0.087092 0.021622 0.000000 -0.083259 0.986736 -0.139354 14.409800 -0.033472 0.136991 0.990007 0.000000 0.000000 0.000000 0.000000 1.000000
0.995945 0.087469 0.021020 0.000000 -0.083477 0.985688 -0.146462 14.409800 -0.033530 0.144114 0.988993 0.000000 0.000000 0.000000 0.000000 1.000000
0.995926 0.087827 0.020424 0.000000 -0.083685 0.984619 -0.153371 14.409800 -0.033580 0.151037 0.987958 0.000000 0.000000 0.000000 0.000000 1.000000
0.995909 0.088157 0.019843 -0.000000 -0.083876 0.983552 -0.159971 14.409800 -0.033620 0.157652 0.986922 0.000000 0.000000 0.000000 0.000000 1.000000
0.995894 0.088452 0.019289 0.000000 -0.084046 0.982513 -0.166148 14.409800 -0.033648 0.163844 0.985912 0.000000 0.000000 0.000000 0.000000 1.000000
0.995881 0.088709 0.018769 -0.000000 -0.084192 0.981529 -0.171793 14.409800 -0.033662 0.169505 0.984954 0.000000 0.000000 0.000000 0.000000 1.000000
0.995871 0.088917 0.018298 0.000000 -0.084308 0.980630 -0.176794 14.409800 -0.033664 0.174522 0.984078 0.000000 0.000000 0.000000 0.000000 1.000000
0.995864 0.089074 0.017884 -0.000000 -0.084391 0.979848 -0.181042 14.409800 -0.033650 0.178784 0.983313 0.000000 0.000000 0.000000 0.000000 1.000000
0.995862 0.089173 0.017538 -0.000000 -0.084435 0.979213 -0.184427 14.409800 -0.033619 0.182183 0.982690 0.000000 0.000000 0.000000 0.000000 1.000000
0.995863 0.089209 0.017270 0.000000 -0.084436 0.978755 -0.186839 14.409800 -0.033570 0.184608 0.982239 0.000000 0.000000 0.000000 0.000000 1.000000
0.995870 0.089167 0.017067 -0.000000 -0.084381 0.978474 -0.188331 14.409800 -0.033492 0.186113 0.981957 0.000000 0.000000 0.000000 0.000000 1.000000
0.995884 0.089046 0.016908 0.000000 -0.084267 0.978339 -0.189080 14.409800 -0.033379 0.186877 0.981816 0.000000 0.000000 0.000000 0.000000 1.000000
0.995903 0.088859 0.016790 -0.000000 -0.084103 0.978338 -0.189158 14.409800 -0.033234 0.186971 0.981803 -0.000000 0.000000 0.000000 0.000000 1.000000
0.995925 0.088619 0.016712 0.000000 -0.083899 0.978457 -0.188636 14.409800 -0.033069 0.186466 0.981905 0.000000 0.000000 0.000000 0.000000 1.000000
0.995951 0.088340 0.016674 -0.000000 -0.083667 0.978678 -0.187589 14.409800 -0.032890 0.185435 0.982106 0.000000 0.000000 0.000000 0.000000 1.000000
0.995978 0.088034 0.016672 0.000000 -0.083417 0.978986 -0.186087 14.409800 -0.032703 0.183948 0.982392 0.000000 0.000000 0.000000 0.000000 1.000000
0.996006 0.087714 0.016707 0.000000 -0.083159 0.979364 -0.184202 14.409800 -0.032519 0.182076 0.982747 -0.000000 0.000000 0.000000 0.000000 1.000000
0.996033 0.087393 0.016776 0.000000 -0.082903 0.979796 -0.182006 14.409800 -0.032343 0.179893 0.983154 0.000000 0.000000 0.000000 0.000000 1.000000
0.996058 0.087083 0.016878 0.000000 -0.082660 0.980266 -0.179570 14.409800 -0.032182 0.177467 0.983600 0.000000 0.000000 0.000000 0.000000 1.000000
0.996081 0.086799 0.017012 0.000000 -0.082441 0.980758 -0.176968 14.409800 -0.032045 0.174872 0.984070 0.000000 0.000000 0.000000 0.000000 1.000000
0.996099 0.086551 0.017177 0.000000 -0.082256 0.981256 -0.174271 14.409800 -0.031939 0.172178 0.984548 0.000000 0.000000 0.000000 0.000000 1.000000
0.996113 0.086352 0.017374 0.000000 -0.082114 0.981747 -0.171552 14.409800 -0.031870 0.169458 0.985022 0.000000 0.000000 0.000000 0.000000 1.000000
0.996124 0.086182 0.017621 -0.000000 -0.082003 0.982278 -0.168537 14.409800 -0.031834 0.166438 0.985538 0.000000 0.000000 0.000000 0.000000 1.000000
0.996132 0.086016 0.017936 0.000000 -0.081903 0.982895 -0.164953 14.409800 -0.031817 0.162846 0.986138 0.000000 0.000000 0.000000 0.000000 1.000000
0.996140 0.085851 0.018308 0.000000 -0.081812 0.983579 -0.160868 14.409800 -0.031818 0.158749 0.986806 0.000000 0.000000 0.000000 0.000000 1.000000
0.996146 0.085690 0.018731 -0.000000 -0.081732 0.984314 -0.156349 14.409800 -0.031835 0.154216 0.987524 -0.000000 0.000000 0.000000 0.000000 1.000000
0.996151 0.085529 0.019196 0.000000 -0.081660 0.985084 -0.151466 14.409800 -0.031864 0.149315 0.988276 -0.000000 0.000000 0.000000 0.000000 1.000000
0.996155 0.085370 0.019696 0.000000 -0.081596 0.985871 -0.146286 14.409800 -0.031906 0.144116 0.989046 0.000000 0.000000 0.000000 0.000000 1.000000
0.996158 0.085212 0.020223 0.000000 -0.081540 0.986663 -0.140878 14.409800 -0.031958 0.138688 0.989820 0.000000 0.000000 0.000000 0.000000 1.000000
0.996160 0.085057 0.020768 0.000000 -0.081492 0.987446 -0.135312 14.409800 -0.032016 0.133100 0.990585 0.000000 0.000000 0.000000 0.000000 1.000000
0.996161 0.084904 0.021325 0.000000 -0.081451 0.988208 -0.129658 14.409800 -0.032082 0.127423 0.991329 0.000000 0.000000 0.000000 0.000000 1.000000
0.996162 0.084753 0.021886 -0.000000 -0.081415 0.988939 -0.123983 14.409800 -0.032152 0.121725 0.992043 0.000000 0.000000 0.000000 0.000000 1.000000
0.996162 0.084607 0.022443 0.000000 -0.081385 0.989630 -0.118359 14.409800 -0.032224 0.116078 0.992717 0.000000 0.000000 0.000000 0.000000 1.000000
0.996161 0.084466 0.022989 0.000000 -0.081362 0.990275 -0.112855 14.409800 -0.032297 0.110551 0.993346 0.000000 0.000000 0.000000 0.000000 1.000000
0.996160 0.084330 0.023516 0.000000 -0.081343 0.990867 -0.107541 14.409800 -0.032370 0.105215 0.993923 0.000000 0.000000 0.000000 0.000000 1.000000
0.996159 0.084202 0.024019 -0.000000 -0.081329 0.991404 -0.102488 14.409800 -0.032442 0.100141 0.994444 0.000000 0.000000 0.000000 0.000000 1.000000
0.996158 0.084082 0.024488 0.000000 -0.081318 0.991882 -0.097766 14.409800 -0.032510 0.095399 0.994908 0.000000 0.000000 0.000000 0.000000 1.000000
0.996156 0.083973 0.024918 0.000000 -0.081310 0.992299 -0.093444 14.409800 -0.032573 0.091059 0.995313 0.000000 0.000000 0.000000 0.000000 1.000000
0.996155 0.083876 0.025301 0.000000 -0.081305 0.992654 -0.089595 14.409800 -0.032630 0.087193 0.995657 0.000000 0.000000 0.000000 0.000000 1.000000
0.996154 0.083792 0.025631 0.000000 -0.081302 0.992947 -0.086288 14.409800 -0.032681 0.083872 0.995940 0.000000 0.000000 0.000000 0.000000 1.000000
0.996152 0.083725 0.025900 0.000000 -0.081301 0.993178 -0.083593 14.409800 -0.032722 0.081166 0.996163 0.000000 0.000000 0.000000 0.000000 1.000000
0.996151 0.083673 0.026100 0.000000 -0.081300 0.993345 -0.081582 14.409800 -0.032752 0.079146 0.996325 0.000000 0.000000 0.000000 0.000000 1.000000
0.996151 0.083642 0.026227 0.000000 -0.081301 0.993448 -0.080323 14.409800 -0.032773 0.077882 0.996424 0.000000 0.000000 0.000000 0.000000 1.000000
0.996150 0.083632 0.026270 0.000000 -0.081301 0.993483 -0.079888 14.409800 -0.032780 0.077445 0.996458 -0.000000 0.000000 0.000000 0.000000 1.000000</float_array>
        <technique_common>
          <accessor source="#mixamorig_LeftHandMiddle1-Matrix-animation-output-transform-array" count="56" stride="16">
            <param type="float4x4"/>
          </accessor>
        </technique_common>
      </source>
      <source id="mixamorig_LeftHandMiddle1-Interpolations">
        <Name_array id="mixamorig_LeftHandMiddle1-Interpolations-array" count="56">
 LINEAR LINEAR LINEAR LINEAR LINEAR LINEAR LINEAR LINEAR LINEAR LINEAR LINEAR
LINEAR LINEAR LINEAR LINEAR LINEAR LINEAR LINEAR LINEAR LINEAR LINEAR LINEAR LINEAR
LINEAR LINEAR LINEAR LINEAR LINEAR LINEAR LINEAR LINEAR LINEAR LINEAR LINEAR LINEAR
LINEAR LINEAR LINEAR LINEAR LINEAR LINEAR LINEAR LINEAR LINEAR LINEAR LINEAR LINEAR
LINEAR LINEAR LINEAR LINEAR LINEAR LINEAR LINEAR LINEAR LINEAR</Name_array>
        <technique_common>
          <accessor source="#mixamorig_LeftHandMiddle1-Interpolations-array" count="56">
            <param type="name"/>
          </accessor>
        </technique_common>
      </source>
      <sampler id="mixamorig_LeftHandMiddle1-Matrix-animation-transform">
        <input semantic="INPUT" source="#mixamorig_LeftHandMiddle1-Matrix-animation-input"/>
        <input semantic="OUTPUT" source="#mixamorig_LeftHandMiddle1-Matrix-animation-output-transform"/>
        <input semantic="INTERPOLATION" source="#mixamorig_LeftHandMiddle1-Interpolations"/>
      </sampler>
      <channel source="#mixamorig_LeftHandMiddle1-Matrix-animation-transform" target="mixamorig_LeftHandMiddle1/matrix"/>
    </animation>
    <animation id="mixamorig_LeftHandMiddle2-anim" name="mixamorig_LeftHandMiddle2">
      <source id="mixamorig_LeftHandMiddle2-Matrix-animation-input">
        <float_array id="mixamorig_LeftHandMiddle2-Matrix-animation-input-array" count="56">

0.000000 0.033333 0.066667 0.100000 0.133333 0.166667 0.200000 0.233333 0.266667 0.300000 0.333333 0.366667 0.400000 0.433333 0.466667 0.500000
0.533333 0.566667 0.600000 0.633333 0.666667 0.700000 0.733333 0.766667 0.800000 0.833333 0.866667 0.900000 0.933333 0.966667 1.000000 1.033333
1.066667 1.100000 1.133333 1.166667 1.200000 1.233333 1.266667 1.300000 1.333333 1.366667 1.400000 1.433333 1.466667 1.500000 1.533333 1.566667
1.600000 1.633333 1.666667 1.700000 1.733333 1.766667 1.800000 1.833333</float_array>
        <technique_common>
          <accessor source="#mixamorig_LeftHandMiddle2-Matrix-animation-input-array" count="56">
            <param name="TIME" type="float"/>
          </accessor>
        </technique_common>
      </source>
      <source id="mixamorig_LeftHandMiddle2-Matrix-animation-output-transform">
        <float_array id="mixamorig_LeftHandMiddle2-Matrix-animation-output-transform-array" count="896">

0.999810 -0.015302 0.012068 -0.000000 0.017623 0.974272 -0.224686 3.259100 -0.008319 0.224856 0.974357 0.000000 0.000000 0.000000 0.000000 1.000000
0.999810 -0.015304 0.012069 0.000000 0.017626 0.974254 -0.224762 3.259100 -0.008318 0.224932 0.974339 0.000000 0.000000 0.000000 0.000000 1.000000
0.999810 -0.015312 0.012072 -0.000000 0.017636 0.974203 -0.224983 3.259100 -0.008316 0.225153 0.974288 0.000000 0.000000 0.000000 0.000000 1.000000
0.999810 -0.015321 0.012078 0.000000 0.017649 0.974122 -0.225334 3.259100 -0.008313 0.225505 0.974207 0.000000 0.000000 0.000000 0.000000 1.000000
0.999809 -0.015335 0.012086 0.000000 0.017669 0.974013 -0.225803 3.259100 -0.008309 0.225973 0.974098 0.000000 0.000000 0.000000 0.000000 1.000000
0.999809 -0.015352 0.012096 0.000000 0.017693 0.973880 -0.226374 3.259100 -0.008305 0.226544 0.973965 0.000000 0.000000 0.000000 0.000000 1.000000
0.999809 -0.015373 0.012107 0.000000 0.017721 0.973726 -0.227033 3.259100 -0.008299 0.227204 0.973812 0.000000 0.000000 0.000000 0.000000 1.000000
0.999808 -0.015394 0.012119 -0.000000 0.017750 0.973553 -0.227770 3.259100 -0.008293 0.227941 0.973640 -0.000000 0.000000 0.000000 0.000000 1.000000
0.999808 -0.015418 0.012133 -0.000000 0.017783 0.973366 -0.228567 3.259100 -0.008285 0.228738 0.973453 0.000000 0.000000 0.000000 0.000000 1.000000
0.999807 -0.015443 0.012147 0.000000 0.017819 0.973166 -0.229412 3.259100 -0.008278 0.229584 0.973254 0.000000 0.000000 0.000000 0.000000 1.000000
0.999806 -0.015469 0.012161 0.000000 0.017855 0.972958 -0.230291 3.259100 -0.008270 0.230463 0.973046 0.000000 0.000000 0.000000 0.000000 1.000000
0.999806 -0.015496 0.012177 -0.000000 0.017892 0.972744 -0.231191 3.259100 -0.008262 0.231364 0.972832 -0.000000 0.000000 0.000000 0.000000 1.000000
0.999805 -0.015524 0.012191 -0.000000 0.017930 0.972527 -0.232098 3.259100 -0.008254 0.232271 0.972616 -0.000000 0.000000 0.000000 0.000000 1.000000
0.999805 -0.015550 0.012206 0.000000 0.017967 0.972311 -0.232997 3.259100 -0.008245 0.233171 0.972401 0.000000 0.000000 0.000000 0.000000 1.000000
0.999804 -0.015577 0.012220 -0.000000 0.018004 0.972100 -0.233876 3.259100 -0.008236 0.234051 0.972190 -0.000000 0.000000 0.000000 0.000000 1.000000
0.999803 -0.015603 0.012234 0.000000 0.018039 0.971895 -0.234721 3.259100 -0.008227 0.234895 0.971986 -0.000000 0.000000 0.000000 0.000000 1.000000
0.999803 -0.015626 0.012245 0.000000 0.018071 0.971702 -0.235519 3.259100 -0.008219 0.235693 0.971793 0.000000 0.000000 0.000000 0.000000 1.000000
0.999802 -0.015648 0.012257 0.000000 0.018102 0.971523 -0.236254 3.259100 -0.008211 0.236429 0.971614 0.000000 0.000000 0.000000 0.000000 1.000000
0.999802 -0.015669 0.012266 -0.000000 0.018129 0.971362 -0.236913 3.259100 -0.008203 0.237089 0.971453 0.000000 0.000000 0.000000 0.000000 1.000000
0.999802 -0.015686 0.012274 0.000000 0.018153 0.971222 -0.237485 3.259100 -0.008195 0.237661 0.971314 0.000000 0.000000 0.000000 0.000000 1.000000
0.999801 -0.015700 0.012279 0.000000 0.018172 0.971107 -0.237953 3.259100 -0.008188 0.238129 0.971199 0.000000 0.000000 0.000000 0.000000 1.000000
0.999801 -0.015712 0.012283 0.000000 0.018187 0.971020 -0.238306 3.259100 -0.008182 0.238482 0.971112 0.000000 0.000000 0.000000 0.000000 1.000000
0.999801 -0.015721 0.012284 0.000000 0.018198 0.970958 -0.238559 3.259100 -0.008177 0.238735 0.971050 0.000000 0.000000 0.000000 0.000000 1.000000
0.999801 -0.015728 0.012282 0.000000 0.018206 0.970913 -0.238738 3.259100 -0.008170 0.238914 0.971006 0.000000 0.000000 0.000000 0.000000 1.000000
0.999801 -0.015733 0.012278 0.000000 0.018211 0.970886 -0.238851 3.259100 -0.008163 0.239027 0.970979 0.000000 0.000000 0.000000 0.000000 1.000000
0.999801 -0.015735 0.012273 0.000000 0.018213 0.970874 -0.238899 3.259100 -0.008156 0.239075 0.970967 0.000000 0.000000 0.000000 0.000000 1.000000
0.999801 -0.015737 0.012265 0.000000 0.018213 0.970876 -0.238888 3.259100 -0.008149 0.239064 0.970970 0.000000 0.000000 0.000000 0.000000 1.000000
0.999801 -0.015737 0.012258 0.000000 0.018210 0.970893 -0.238821 3.259100 -0.008143 0.238997 0.970986 0.000000 0.000000 0.000000 0.000000 1.000000
0.999801 -0.015736 0.012249 0.000000 0.018206 0.970922 -0.238704 3.259100 -0.008137 0.238879 0.971015 -0.000000 0.000000 0.000000 0.000000 1.000000
0.999801 -0.015732 0.012240 -0.000000 0.018199 0.970962 -0.238539 3.259100 -0.008132 0.238714 0.971056 -0.000000 0.000000 0.000000 0.000000 1.000000
0.999802 -0.015727 0.012230 0.000000 0.018189 0.971014 -0.238331 3.259100 -0.008127 0.238506 0.971107 -0.000000 0.000000 0.000000 0.000000 1.000000
0.999802 -0.015722 0.012222 0.000000 0.018180 0.971074 -0.238085 3.259100 -0.008125 0.238260 0.971167 0.000000 0.000000 0.000000 0.000000 1.000000
0.999802 -0.015715 0.012214 0.000000 0.018169 0.971143 -0.237804 3.259100 -0.008125 0.237979 0.971236 0.000000 0.000000 0.000000 0.000000 1.000000
0.999802 -0.015706 0.012206 0.000000 0.018156 0.971219 -0.237494 3.259100 -0.008125 0.237668 0.971312 0.000000 0.000000 0.000000 0.000000 1.000000
0.999802 -0.015694 0.012200 0.000000 0.018140 0.971311 -0.237121 3.259100 -0.008129 0.237295 0.971404 0.000000 0.000000 0.000000 0.000000 1.000000
0.999803 -0.015681 0.012192 0.000000 0.018122 0.971424 -0.236660 3.259100 -0.008132 0.236834 0.971516 0.000000 0.000000 0.000000 0.000000 1.000000
0.999803 -0.015663 0.012186 -0.000000 0.018098 0.971556 -0.236119 3.259100 -0.008141 0.236293 0.971648 0.000000 0.000000 0.000000 0.000000 1.000000
0.999803 -0.015645 0.012177 0.000000 0.018074 0.971704 -0.235509 3.259100 -0.008148 0.235683 0.971796 0.000000 0.000000 0.000000 0.000000 1.000000
0.999804 -0.015624 0.012169 0.000000 0.018046 0.971866 -0.234842 3.259100 -0.008157 0.235016 0.971957 0.000000 0.000000 0.000000 0.000000 1.000000
0.999804 -0.015602 0.012161 0.000000 0.018016 0.972039 -0.234128 3.259100 -0.008168 0.234301 0.972130 -0.000000 0.000000 0.000000 0.000000 1.000000
0.999805 -0.015578 0.012152 0.000000 0.017985 0.972220 -0.233376 3.259100 -0.008179 0.233549 0.972311 0.000000 0.000000 0.000000 0.000000 1.000000
0.999805 -0.015553 0.012145 0.000000 0.017953 0.972408 -0.232596 3.259100 -0.008192 0.232769 0.972498 0.000000 0.000000 0.000000 0.000000 1.000000
0.999806 -0.015529 0.012135 0.000000 0.017919 0.972598 -0.231800 3.259100 -0.008203 0.231973 0.972688 0.000000 0.000000 0.000000 0.000000 1.000000
0.999806 -0.015503 0.012127 -0.000000 0.017886 0.972790 -0.230998 3.259100 -0.008215 0.231171 0.972879 -0.000000 0.000000 0.000000 0.000000 1.000000
0.999807 -0.015477 0.012119 0.000000 0.017852 0.972979 -0.230201 3.259100 -0.008228 0.230373 0.973068 0.000000 0.000000 0.000000 0.000000 1.000000
0.999807 -0.015453 0.012111 0.000000 0.017821 0.973165 -0.229417 3.259100 -0.008241 0.229588 0.973253 0.000000 0.000000 0.000000 0.000000 1.000000
0.999808 -0.015429 0.012103 0.000000 0.017789 0.973344 -0.228660 3.259100 -0.008252 0.228831 0.973431 0.000000 0.000000 0.000000 0.000000 1.000000
0.999808 -0.015406 0.012097 0.000000 0.017759 0.973514 -0.227937 3.259100 -0.008265 0.228108 0.973601 0.000000 0.000000 0.000000 0.000000 1.000000
0.999809 -0.015384 0.012090 0.000000 0.017730 0.973673 -0.227260 3.259100 -0.008276 0.227431 0.973759 0.000000 0.000000 0.000000 0.000000 1.000000
0.999809 -0.015365 0.012084 0.000000 0.017705 0.973818 -0.226639 3.259100 -0.008286 0.226810 0.973904 0.000000 0.000000 0.000000 0.000000 1.000000
0.999809 -0.015347 0.012079 -0.000000 0.017681 0.973947 -0.226086 3.259100 -0.008295 0.226256 0.974033 0.000000 0.000000 0.000000 0.000000 1.000000
0.999810 -0.015332 0.012075 0.000000 0.017662 0.974058 -0.225610 3.259100 -0.008303 0.225780 0.974143 0.000000 0.000000 0.000000 0.000000 1.000000
0.999810 -0.015319 0.012071 0.000000 0.017645 0.974148 -0.225221 3.259100 -0.008309 0.225391 0.974233 0.000000 0.000000 0.000000 0.000000 1.000000
0.999810 -0.015310 0.012069 0.000000 0.017634 0.974215 -0.224930 3.259100 -0.008314 0.225100 0.974300 0.000000 0.000000 0.000000 0.000000 1.000000
0.999810 -0.015304 0.012067 0.000000 0.017625 0.974257 -0.224748 3.259100 -0.008317 0.224918 0.974342 0.000000 0.000000 0.000000 0.000000 1.000000
0.999810 -0.015302 0.012067 0.000000 0.017623 0.974272 -0.224686 3.259100 -0.008318 0.224856 0.974357 -0.000000 0.000000 0.000000 0.000000 1.000000</float_array>
        <technique_common>
          <accessor source="#mixamorig_LeftHandMiddle2-Matrix-animation-output-transform-array" count="56" stride="16">
            <param type="float4x4"/>
          </accessor>
        </technique_common>
      </source>
      <source id="mixamorig_LeftHandMiddle2-Interpolations">
        <Name_array id="mixamorig_LeftHandMiddle2-Interpolations-array" count="56">
 LINEAR LINEAR LINEAR LINEAR LINEAR LINEAR LINEAR LINEAR LINEAR LINEAR LINEAR
LINEAR LINEAR LINEAR LINEAR LINEAR LINEAR LINEAR LINEAR LINEAR LINEAR LINEAR LINEAR
LINEAR LINEAR LINEAR LINEAR LINEAR LINEAR LINEAR LINEAR LINEAR LINEAR LINEAR LINEAR
LINEAR LINEAR LINEAR LINEAR LINEAR LINEAR LINEAR LINEAR LINEAR LINEAR LINEAR LINEAR
LINEAR LINEAR LINEAR LINEAR LINEAR LINEAR LINEAR LINEAR LINEAR</Name_array>
        <technique_common>
          <accessor source="#mixamorig_LeftHandMiddle2-Interpolations-array" count="56">
            <param type="name"/>
          </accessor>
        </technique_common>
      </source>
      <sampler id="mixamorig_LeftHandMiddle2-Matrix-animation-transform">
        <input semantic="INPUT" source="#mixamorig_LeftHandMiddle2-Matrix-animation-input"/>
        <input semantic="OUTPUT" source="#mixamorig_LeftHandMiddle2-Matrix-animation-output-transform"/>
        <input semantic="INTERPOLATION" source="#mixamorig_LeftHandMiddle2-Interpolations"/>
      </sampler>
      <channel source="#mixamorig_LeftHandMiddle2-Matrix-animation-transform" target="mixamorig_LeftHandMiddle2/matrix"/>
    </animation>
    <animation id="mixamorig_LeftHandMiddle3-anim" name="mixamorig_LeftHandMiddle3">
      <source id="mixamorig_LeftHandMiddle3-Matrix-animation-input">
        <float_array id="mixamorig_LeftHandMiddle3-Matrix-animation-input-array" count="56">

0.000000 0.033333 0.066667 0.100000 0.133333 0.166667 0.200000 0.233333 0.266667 0.300000 0.333333 0.366667 0.400000 0.433333 0.466667 0.500000
0.533333 0.566667 0.600000 0.633333 0.666667 0.700000 0.733333 0.766667 0.800000 0.833333 0.866667 0.900000 0.933333 0.966667 1.000000 1.033333
1.066667 1.100000 1.133333 1.166667 1.200000 1.233333 1.266667 1.300000 1.333333 1.366667 1.400000 1.433333 1.466667 1.500000 1.533333 1.566667
1.600000 1.633333 1.666667 1.700000 1.733333 1.766667 1.800000 1.833333</float_array>
        <technique_common>
          <accessor source="#mixamorig_LeftHandMiddle3-Matrix-animation-input-array" count="56">
            <param name="TIME" type="float"/>
          </accessor>
        </technique_common>
      </source>
      <source id="mixamorig_LeftHandMiddle3-Matrix-animation-output-transform">
        <float_array id="mixamorig_LeftHandMiddle3-Matrix-animation-output-transform-array" count="896">

0.999664 -0.019400 0.017211 -0.000000 0.023501 0.958287 -0.284840 2.639900 -0.010967 0.285149 0.958420 -0.000000 0.000000 0.000000 0.000000 1.000000
0.999664 -0.019402 0.017212 0.000000 0.023504 0.958264 -0.284915 2.639900 -0.010966 0.285224 0.958398 0.000000 0.000000 0.000000 0.000000 1.000000
0.999663 -0.019407 0.017216 0.000000 0.023513 0.958200 -0.285133 2.639900 -0.010962 0.285441 0.958333 0.000000 0.000000 0.000000 0.000000 1.000000
0.999663 -0.019418 0.017221 0.000000 0.023529 0.958096 -0.285478 2.639900 -0.010956 0.285787 0.958230 0.000000 0.000000 0.000000 0.000000 1.000000
0.999663 -0.019432 0.017228 0.000000 0.023549 0.957959 -0.285938 2.639900 -0.010947 0.286248 0.958093 0.000000 0.000000 0.000000 0.000000 1.000000
0.999662 -0.019448 0.017237 0.000000 0.023573 0.957790 -0.286500 2.639900 -0.010937 0.286809 0.957925 0.000000 0.000000 0.000000 0.000000 1.000000
0.999662 -0.019467 0.017247 0.000000 0.023602 0.957595 -0.287149 2.639900 -0.010926 0.287459 0.957731 0.000000 0.000000 0.000000 0.000000 1.000000
0.999661 -0.019488 0.017258 0.000000 0.023634 0.957377 -0.287872 2.639900 -0.010913 0.288182 0.957513 -0.000000 0.000000 0.000000 0.000000 1.000000
0.999660 -0.019511 0.017270 0.000000 0.023668 0.957140 -0.288656 2.639900 -0.010898 0.288967 0.957277 0.000000 0.000000 0.000000 0.000000 1.000000
0.999660 -0.019534 0.017283 -0.000000 0.023703 0.956888 -0.289487 2.639900 -0.010883 0.289798 0.957026 0.000000 0.000000 0.000000 0.000000 1.000000
0.999659 -0.019560 0.017296 -0.000000 0.023741 0.956625 -0.290352 2.639900 -0.010867 0.290664 0.956764 -0.000000 0.000000 0.000000 0.000000 1.000000
0.999658 -0.019585 0.017310 -0.000000 0.023780 0.956355 -0.291237 2.639900 -0.010851 0.291549 0.956494 0.000000 0.000000 0.000000 0.000000 1.000000
0.999658 -0.019610 0.017324 0.000000 0.023818 0.956083 -0.292128 2.639900 -0.010835 0.292441 0.956222 -0.000000 0.000000 0.000000 0.000000 1.000000
0.999657 -0.019636 0.017339 0.000000 0.023857 0.955811 -0.293012 2.639900 -0.010819 0.293326 0.955951 0.000000 0.000000 0.000000 0.000000 1.000000
0.999656 -0.019660 0.017352 -0.000000 0.023893 0.955545 -0.293877 2.639900 -0.010803 0.294190 0.955686 0.000000 0.000000 0.000000 0.000000 1.000000
0.999655 -0.019683 0.017365 0.000000 0.023929 0.955288 -0.294708 2.639900 -0.010788 0.295022 0.955430 0.000000 0.000000 0.000000 0.000000 1.000000
0.999655 -0.019705 0.017378 -0.000000 0.023963 0.955045 -0.295491 2.639900 -0.010774 0.295805 0.955188 0.000000 0.000000 0.000000 0.000000 1.000000
0.999654 -0.019725 0.017390 0.000000 0.023993 0.954821 -0.296213 2.639900 -0.010762 0.296528 0.954964 0.000000 0.000000 0.000000 0.000000 1.000000
0.999654 -0.019742 0.017400 -0.000000 0.024020 0.954618 -0.296862 2.639900 -0.010750 0.297177 0.954762 0.000000 0.000000 0.000000 0.000000 1.000000
0.999653 -0.019757 0.017409 -0.000000 0.024043 0.954443 -0.297423 2.639900 -0.010740 0.297739 0.954587 0.000000 0.000000 0.000000 0.000000 1.000000
0.999653 -0.019767 0.017417 0.000000 0.024061 0.954299 -0.297884 2.639900 -0.010733 0.298200 0.954443 0.000000 0.000000 0.000000 0.000000 1.000000
0.999653 -0.019776 0.017423 0.000000 0.024074 0.954190 -0.298231 2.639900 -0.010727 0.298547 0.954335 0.000000 0.000000 0.000000 0.000000 1.000000
0.999652 -0.019780 0.017427 0.000000 0.024082 0.954112 -0.298479 2.639900 -0.010724 0.298795 0.954257 -0.000000 0.000000 0.000000 0.000000 1.000000
0.999652 -0.019780 0.017430 0.000000 0.024086 0.954057 -0.298656 2.639900 -0.010722 0.298972 0.954202 -0.000000 0.000000 0.000000 0.000000 1.000000
0.999652 -0.019779 0.017433 0.000000 0.024086 0.954022 -0.298767 2.639900 -0.010722 0.299083 0.954167 0.000000 0.000000 0.000000 0.000000 1.000000
0.999652 -0.019775 0.017435 0.000000 0.024084 0.954007 -0.298815 2.639900 -0.010724 0.299131 0.954152 0.000000 0.000000 0.000000 0.000000 1.000000
0.999653 -0.019769 0.017436 0.000000 0.024078 0.954011 -0.298803 2.639900 -0.010727 0.299119 0.954155 0.000000 0.000000 0.000000 0.000000 1.000000
0.999653 -0.019762 0.017435 -0.000000 0.024070 0.954031 -0.298739 2.639900 -0.010730 0.299055 0.954176 0.000000 0.000000 0.000000 0.000000 1.000000
0.999653 -0.019752 0.017434 0.000000 0.024060 0.954068 -0.298623 2.639900 -0.010735 0.298939 0.954212 0.000000 0.000000 0.000000 0.000000 1.000000
0.999653 -0.019742 0.017432 -0.000000 0.024047 0.954119 -0.298462 2.639900 -0.010740 0.298777 0.954262 0.000000 0.000000 0.000000 0.000000 1.000000
0.999653 -0.019732 0.017430 0.000000 0.024035 0.954183 -0.298258 2.639900 -0.010746 0.298573 0.954326 0.000000 0.000000 0.000000 0.000000 1.000000
0.999654 -0.019721 0.017426 0.000000 0.024020 0.954259 -0.298016 2.639900 -0.010752 0.298332 0.954402 0.000000 0.000000 0.000000 0.000000 1.000000
0.999654 -0.019710 0.017422 0.000000 0.024006 0.954345 -0.297741 2.639900 -0.010759 0.298056 0.954488 0.000000 0.000000 0.000000 0.000000 1.000000
0.999654 -0.019700 0.017418 0.000000 0.023991 0.954440 -0.297435 2.639900 -0.010765 0.297750 0.954583 0.000000 0.000000 0.000000 0.000000 1.000000
0.999655 -0.019689 0.017412 0.000000 0.023976 0.954555 -0.297069 2.639900 -0.010772 0.297384 0.954697 0.000000 0.000000 0.000000 0.000000 1.000000
0.999655 -0.019676 0.017405 0.000000 0.023956 0.954696 -0.296616 2.639900 -0.010780 0.296930 0.954838 0.000000 0.000000 0.000000 0.000000 1.000000
0.999655 -0.019663 0.017396 0.000000 0.023934 0.954862 -0.296085 2.639900 -0.010789 0.296399 0.955003 0.000000 0.000000 0.000000 0.000000 1.000000
0.999656 -0.019647 0.017387 0.000000 0.023910 0.955048 -0.295486 2.639900 -0.010800 0.295800 0.955189 0.000000 0.000000 0.000000 0.000000 1.000000
0.999656 -0.019631 0.017376 0.000000 0.023883 0.955251 -0.294830 2.639900 -0.010811 0.295144 0.955392 0.000000 0.000000 0.000000 0.000000 1.000000
0.999657 -0.019614 0.017364 0.000000 0.023856 0.955469 -0.294127 2.639900 -0.010822 0.294440 0.955609 0.000000 0.000000 0.000000 0.000000 1.000000
0.999657 -0.019596 0.017352 -0.000000 0.023827 0.955697 -0.293388 2.639900 -0.010834 0.293700 0.955836 -0.000000 0.000000 0.000000 0.000000 1.000000
0.999658 -0.019577 0.017339 -0.000000 0.023797 0.955932 -0.292621 2.639900 -0.010846 0.292934 0.956071 0.000000 0.000000 0.000000 0.000000 1.000000
0.999659 -0.019559 0.017327 0.000000 0.023766 0.956172 -0.291839 2.639900 -0.010859 0.292151 0.956310 0.000000 0.000000 0.000000 0.000000 1.000000
0.999659 -0.019541 0.017313 0.000000 0.023736 0.956413 -0.291050 2.639900 -0.010871 0.291362 0.956551 0.000000 0.000000 0.000000 0.000000 1.000000
0.999660 -0.019522 0.017301 -0.000000 0.023705 0.956652 -0.290266 2.639900 -0.010884 0.290577 0.956790 0.000000 0.000000 0.000000 0.000000 1.000000
0.999660 -0.019504 0.017288 0.000000 0.023676 0.956887 -0.289495 2.639900 -0.010896 0.289806 0.957023 -0.000000 0.000000 0.000000 0.000000 1.000000
0.999661 -0.019487 0.017276 0.000000 0.023648 0.957113 -0.288750 2.639900 -0.010908 0.289060 0.957249 0.000000 0.000000 0.000000 0.000000 1.000000
0.999661 -0.019472 0.017264 0.000000 0.023622 0.957327 -0.288038 2.639900 -0.010919 0.288349 0.957463 0.000000 0.000000 0.000000 0.000000 1.000000
0.999662 -0.019456 0.017252 0.000000 0.023596 0.957528 -0.287373 2.639900 -0.010928 0.287683 0.957663 0.000000 0.000000 0.000000 0.000000 1.000000
0.999662 -0.019443 0.017243 0.000000 0.023573 0.957712 -0.286763 2.639900 -0.010939 0.287073 0.957846 0.000000 0.000000 0.000000 0.000000 1.000000
0.999663 -0.019430 0.017234 0.000000 0.023552 0.957875 -0.286218 2.639900 -0.010946 0.286528 0.958009 0.000000 0.000000 0.000000 0.000000 1.000000
0.999663 -0.019419 0.017226 0.000000 0.023534 0.958015 -0.285750 2.639900 -0.010954 0.286059 0.958150 0.000000 0.000000 0.000000 0.000000 1.000000
0.999663 -0.019411 0.017220 -0.000000 0.023520 0.958130 -0.285367 2.639900 -0.010959 0.285676 0.958264 0.000000 0.000000 0.000000 0.000000 1.000000
0.999663 -0.019404 0.017215 0.000000 0.023509 0.958215 -0.285081 2.639900 -0.010964 0.285390 0.958349 0.000000 0.000000 0.000000 0.000000 1.000000
0.999664 -0.019401 0.017213 -0.000000 0.023503 0.958268 -0.284902 2.639900 -0.010967 0.285211 0.958402 0.000000 0.000000 0.000000 0.000000 1.000000
0.999664 -0.019399 0.017211 0.000000 0.023500 0.958287 -0.284840 2.639900 -0.010967 0.285149 0.958421 0.000000 0.000000 0.000000 0.000000 1.000000</float_array>
        <technique_common>
          <accessor source="#mixamorig_LeftHandMiddle3-Matrix-animation-output-transform-array" count="56" stride="16">
            <param type="float4x4"/>
          </accessor>
        </technique_common>
      </source>
      <source id="mixamorig_LeftHandMiddle3-Interpolations">
        <Name_array id="mixamorig_LeftHandMiddle3-Interpolations-array" count="56">
 LINEAR LINEAR LINEAR LINEAR LINEAR LINEAR LINEAR LINEAR LINEAR LINEAR LINEAR
LINEAR LINEAR LINEAR LINEAR LINEAR LINEAR LINEAR LINEAR LINEAR LINEAR LINEAR LINEAR
LINEAR LINEAR LINEAR LINEAR LINEAR LINEAR LINEAR LINEAR LINEAR LINEAR LINEAR LINEAR
LINEAR LINEAR LINEAR LINEAR LINEAR LINEAR LINEAR LINEAR LINEAR LINEAR LINEAR LINEAR
LINEAR LINEAR LINEAR LINEAR LINEAR LINEAR LINEAR LINEAR LINEAR</Name_array>
        <technique_common>
          <accessor source="#mixamorig_LeftHandMiddle3-Interpolations-array" count="56">
            <param type="name"/>
          </accessor>
        </technique_common>
      </source>
      <sampler id="mixamorig_LeftHandMiddle3-Matrix-animation-transform">
        <input semantic="INPUT" source="#mixamorig_LeftHandMiddle3-Matrix-animation-input"/>
        <input semantic="OUTPUT" source="#mixamorig_LeftHandMiddle3-Matrix-animation-output-transform"/>
        <input semantic="INTERPOLATION" source="#mixamorig_LeftHandMiddle3-Interpolations"/>
      </sampler>
      <channel source="#mixamorig_LeftHandMiddle3-Matrix-animation-transform" target="mixamorig_LeftHandMiddle3/matrix"/>
    </animation>
    <animation id="mixamorig_LeftHandRing1-anim" name="mixamorig_LeftHandRing1">
      <source id="mixamorig_LeftHandRing1-Matrix-animation-input">
        <float_array id="mixamorig_LeftHandRing1-Matrix-animation-input-array" count="56">

0.000000 0.033333 0.066667 0.100000 0.133333 0.166667 0.200000 0.233333 0.266667 0.300000 0.333333 0.366667 0.400000 0.433333 0.466667 0.500000
0.533333 0.566667 0.600000 0.633333 0.666667 0.700000 0.733333 0.766667 0.800000 0.833333 0.866667 0.900000 0.933333 0.966667 1.000000 1.033333
1.066667 1.100000 1.133333 1.166667 1.200000 1.233333 1.266667 1.300000 1.333333 1.366667 1.400000 1.433333 1.466667 1.500000 1.533333 1.566667
1.600000 1.633333 1.666667 1.700000 1.733333 1.766667 1.800000 1.833333</float_array>
        <technique_common>
          <accessor source="#mixamorig_LeftHandRing1-Matrix-animation-input-array" count="56">
            <param name="TIME" type="float"/>
          </accessor>
        </technique_common>
      </source>
      <source id="mixamorig_LeftHandRing1-Matrix-animation-output-transform">
        <float_array id="mixamorig_LeftHandRing1-Matrix-animation-output-transform-array" count="896">

0.989036 0.146627 0.017566 3.304900 -0.138119 0.960562 -0.241339 13.191500 -0.052260 0.236266 0.970282 -0.322000 0.000000 0.000000 0.000000 1.000000
0.989035 0.146641 0.017476 3.304900 -0.138117 0.960389 -0.242028 13.191500 -0.052275 0.236960 0.970112 -0.322000 0.000000 0.000000 0.000000 1.000000
0.989034 0.146683 0.017218 3.304900 -0.138113 0.959887 -0.244012 13.191500 -0.052319 0.238958 0.969619 -0.322000 0.000000 0.000000 0.000000 1.000000
0.989031 0.146749 0.016806 3.304900 -0.138106 0.959082 -0.247161 13.191500 -0.052389 0.242129 0.968829 -0.322000 0.000000 0.000000 0.000000 1.000000
0.989027 0.146834 0.016257 3.304900 -0.138096 0.957994 -0.251350 13.191500 -0.052481 0.246347 0.967760 -0.322000 0.000000 0.000000 0.000000 1.000000
0.989024 0.146934 0.015585 3.304900 -0.138082 0.956644 -0.256448 13.191500 -0.052590 0.251481 0.966432 -0.322000 0.000000 0.000000 0.000000 1.000000
0.989019 0.147045 0.014806 3.304900 -0.138068 0.955051 -0.262327 13.191500 -0.052714 0.257402 0.964866 -0.322000 0.000000 0.000000 0.000000 1.000000
0.989014 0.147163 0.013936 3.304900 -0.138051 0.953236 -0.268856 13.191500 -0.052850 0.263979 0.963079 -0.322000 0.000000 0.000000 0.000000 1.000000
0.989009 0.147283 0.012990 3.304900 -0.138032 0.951221 -0.275908 13.191500 -0.052993 0.271083 0.961096 -0.322000 0.000000 0.000000 0.000000 1.000000
0.989004 0.147402 0.011983 3.304900 -0.138011 0.949032 -0.283356 13.191500 -0.053139 0.278586 0.958940 -0.322000 0.000000 0.000000 0.000000 1.000000
0.988999 0.147515 0.010932 3.304900 -0.137988 0.946698 -0.291071 13.191500 -0.053287 0.286360 0.956639 -0.322000 0.000000 0.000000 0.000000 1.000000
0.988995 0.147621 0.009855 3.304900 -0.137964 0.944251 -0.298926 13.191500 -0.053433 0.294277 0.954225 -0.322000 0.000000 0.000000 0.000000 1.000000
0.988991 0.147716 0.008766 3.304900 -0.137937 0.941726 -0.306798 13.191500 -0.053574 0.302211 0.951734 -0.322000 0.000000 0.000000 0.000000 1.000000
0.988988 0.147797 0.007682 3.304900 -0.137908 0.939165 -0.314563 13.191500 -0.053706 0.310039 0.949206 -0.322000 0.000000 0.000000 0.000000 1.000000
0.988986 0.147864 0.006621 3.304900 -0.137877 0.936613 -0.322097 13.191500 -0.053828 0.317636 0.946684 -0.322000 0.000000 0.000000 0.000000 1.000000
0.988984 0.147915 0.005600 3.304900 -0.137845 0.934116 -0.329280 13.191500 -0.053937 0.324881 0.944216 -0.322000 0.000000 0.000000 0.000000 1.000000
0.988984 0.147950 0.004636 3.304900 -0.137810 0.931728 -0.335994 13.191500 -0.054030 0.331654 0.941853 -0.322000 0.000000 0.000000 0.000000 1.000000
0.988985 0.147967 0.003747 3.304900 -0.137771 0.929502 -0.342118 13.191500 -0.054105 0.337833 0.939649 -0.322000 0.000000 0.000000 0.000000 1.000000
0.988988 0.147968 0.002951 3.304900 -0.137731 0.927496 -0.347536 13.191500 -0.054161 0.343302 0.937662 -0.322000 0.000000 0.000000 0.000000 1.000000
0.988992 0.147951 0.002265 3.304900 -0.137686 0.925768 -0.352131 13.191500 -0.054194 0.347943 0.935948 -0.322000 0.000000 0.000000 0.000000 1.000000
0.988998 0.147918 0.001707 3.304900 -0.137639 0.924377 -0.355786 13.191500 -0.054205 0.351637 0.934566 -0.322000 0.000000 0.000000 0.000000 1.000000
0.989006 0.147868 0.001294 3.304900 -0.137587 0.923380 -0.358385 13.191500 -0.054189 0.354267 0.933573 -0.322000 0.000000 0.000000 0.000000 1.000000
0.989018 0.147790 0.001012 3.304900 -0.137522 0.922767 -0.359985 13.191500 -0.054136 0.355893 0.932957 -0.322000 0.000000 0.000000 0.000000 1.000000
0.989035 0.147679 0.000828 3.304900 -0.137438 0.922469 -0.360779 13.191500 -0.054043 0.356709 0.932651 -0.322000 0.000000 0.000000 0.000000 1.000000
0.989056 0.147541 0.000734 3.304900 -0.137339 0.922458 -0.360845 13.191500 -0.053917 0.356795 0.932626 -0.322000 0.000000 0.000000 0.000000 1.000000
0.989079 0.147384 0.000724 3.304900 -0.137230 0.922703 -0.360261 13.191500 -0.053765 0.356227 0.932851 -0.322000 0.000000 0.000000 0.000000 1.000000
0.989104 0.147215 0.000790 3.304900 -0.137115 0.923169 -0.359107 13.191500 -0.053596 0.355086 0.933296 -0.322000 0.000000 0.000000 0.000000 1.000000
0.989130 0.147042 0.000924 3.304900 -0.137000 0.923825 -0.357461 13.191500 -0.053416 0.353449 0.933928 -0.322000 0.000000 0.000000 0.000000 1.000000
0.989155 0.146869 0.001119 3.304900 -0.136888 0.924636 -0.355400 13.191500 -0.053232 0.351393 0.934714 -0.322000 0.000000 0.000000 0.000000 1.000000
0.989179 0.146706 0.001367 3.304900 -0.136784 0.925569 -0.353003 13.191500 -0.053053 0.348996 0.935621 -0.322000 0.000000 0.000000 0.000000 1.000000
0.989201 0.146558 0.001660 3.304900 -0.136694 0.926591 -0.350349 13.191500 -0.052884 0.346338 0.936618 -0.322000 0.000000 0.000000 0.000000 1.000000
0.989219 0.146432 0.001992 3.304900 -0.136621 0.927668 -0.347514 13.191500 -0.052735 0.343496 0.937673 -0.322000 0.000000 0.000000 0.000000 1.000000
0.989232 0.146334 0.002356 3.304900 -0.136570 0.928770 -0.344579 13.191500 -0.052612 0.340547 0.938754 -0.322000 0.000000 0.000000 0.000000 1.000000
0.989240 0.146273 0.002743 3.304900 -0.136546 0.929865 -0.341623 13.191500 -0.052521 0.337573 0.939833 -0.322000 0.000000 0.000000 0.000000 1.000000
0.989244 0.146241 0.003196 3.304900 -0.136547 0.931061 -0.338348 13.191500 -0.052456 0.334273 0.941016 -0.322000 0.000000 0.000000 0.000000 1.000000
0.989244 0.146226 0.003748 3.304900 -0.136566 0.932464 -0.334457 13.191500 -0.052401 0.330348 0.942404 -0.322000 0.000000 0.000000 0.000000 1.000000
0.989241 0.146227 0.004389 3.304900 -0.136603 0.934038 -0.330019 13.191500 -0.052357 0.325869 0.943964 -0.322000 0.000000 0.000000 0.000000 1.000000
0.989236 0.146239 0.005106 3.304900 -0.136655 0.935752 -0.325107 13.191500 -0.052321 0.320910 0.945663 -0.322000 0.000000 0.000000 0.000000 1.000000
0.989229 0.146261 0.005886 3.304900 -0.136720 0.937571 -0.319794 13.191500 -0.052292 0.315545 0.947469 -0.322000 0.000000 0.000000 0.000000 1.000000
0.989219 0.146289 0.006720 3.304900 -0.136797 0.939465 -0.314154 13.191500 -0.052271 0.309848 0.949348 -0.322000 0.000000 0.000000 0.000000 1.000000
0.989208 0.146323 0.007594 3.304900 -0.136885 0.941402 -0.308261 13.191500 -0.052255 0.303894 0.951272 -0.322000 0.000000 0.000000 0.000000 1.000000
0.989195 0.146358 0.008497 3.304900 -0.136980 0.943355 -0.302187 13.191500 -0.052243 0.297758 0.953211 -0.322000 0.000000 0.000000 0.000000 1.000000
0.989181 0.146395 0.009416 3.304900 -0.137082 0.945297 -0.296010 13.191500 -0.052235 0.291517 0.955138 -0.322000 0.000000 0.000000 0.000000 1.000000
0.989167 0.146430 0.010341 3.304900 -0.137188 0.947203 -0.289804 13.191500 -0.052231 0.285246 0.957030 -0.322000 0.000000 0.000000 0.000000 1.000000
0.989152 0.146464 0.011259 3.304900 -0.137297 0.949049 -0.283646 13.191500 -0.052229 0.279024 0.958863 -0.322000 0.000000 0.000000 0.000000 1.000000
0.989137 0.146495 0.012159 3.304900 -0.137407 0.950815 -0.277613 13.191500 -0.052229 0.272927 0.960616 -0.322000 0.000000 0.000000 0.000000 1.000000
0.989122 0.146522 0.013028 3.304900 -0.137515 0.952483 -0.271782 13.191500 -0.052231 0.267034 0.962271 -0.322000 0.000000 0.000000 0.000000 1.000000
0.989107 0.146547 0.013856 3.304900 -0.137621 0.954034 -0.266231 13.191500 -0.052235 0.261424 0.963810 -0.322000 0.000000 0.000000 0.000000 1.000000
0.989092 0.146568 0.014631 3.304900 -0.137722 0.955453 -0.261039 13.191500 -0.052239 0.256177 0.965217 -0.322000 0.000000 0.000000 0.000000 1.000000
0.989079 0.146584 0.015339 3.304900 -0.137815 0.956727 -0.256283 13.191500 -0.052242 0.251370 0.966480 -0.322000 0.000000 0.000000 0.000000 1.000000
0.989067 0.146598 0.015970 3.304900 -0.137899 0.957840 -0.252043 13.191500 -0.052246 0.247085 0.967584 -0.322000 0.000000 0.000000 0.000000 1.000000
0.989057 0.146608 0.016514 3.304900 -0.137972 0.958782 -0.248398 13.191500 -0.052251 0.243401 0.968517 -0.322000 0.000000 0.000000 0.000000 1.000000
0.989048 0.146616 0.016956 3.304900 -0.138033 0.959538 -0.245427 13.191500 -0.052254 0.240398 0.969267 -0.322000 0.000000 0.000000 0.000000 1.000000
0.989042 0.146621 0.017287 3.304900 -0.138079 0.960096 -0.243207 13.191500 -0.052257 0.238155 0.969820 -0.322000 0.000000 0.000000 0.000000 1.000000
0.989038 0.146624 0.017495 3.304900 -0.138108 0.960443 -0.241818 13.191500 -0.052259 0.236751 0.970164 -0.322000 0.000000 0.000000 0.000000 1.000000
0.989036 0.146626 0.017566 3.304900 -0.138118 0.960562 -0.241338 13.191500 -0.052260 0.236266 0.970282 -0.322000 0.000000 0.000000 0.000000 1.000000</float_array>
        <technique_common>
          <accessor source="#mixamorig_LeftHandRing1-Matrix-animation-output-transform-array" count="56" stride="16">
            <param type="float4x4"/>
          </accessor>
        </technique_common>
      </source>
      <source id="mixamorig_LeftHandRing1-Interpolations">
        <Name_array id="mixamorig_LeftHandRing1-Interpolations-array" count="56">
 LINEAR LINEAR LINEAR LINEAR LINEAR LINEAR LINEAR LINEAR LINEAR LINEAR LINEAR
LINEAR LINEAR LINEAR LINEAR LINEAR LINEAR LINEAR LINEAR LINEAR LINEAR LINEAR LINEAR
LINEAR LINEAR LINEAR LINEAR LINEAR LINEAR LINEAR LINEAR LINEAR LINEAR LINEAR LINEAR
LINEAR LINEAR LINEAR LINEAR LINEAR LINEAR LINEAR LINEAR LINEAR LINEAR LINEAR LINEAR
LINEAR LINEAR LINEAR LINEAR LINEAR LINEAR LINEAR LINEAR LINEAR</Name_array>
        <technique_common>
          <accessor source="#mixamorig_LeftHandRing1-Interpolations-array" count="56">
            <param type="name"/>
          </accessor>
        </technique_common>
      </source>
      <sampler id="mixamorig_LeftHandRing1-Matrix-animation-transform">
        <input semantic="INPUT" source="#mixamorig_LeftHandRing1-Matrix-animation-input"/>
        <input semantic="OUTPUT" source="#mixamorig_LeftHandRing1-Matrix-animation-output-transform"/>
        <input semantic="INTERPOLATION" source="#mixamorig_LeftHandRing1-Interpolations"/>
      </sampler>
      <channel source="#mixamorig_LeftHandRing1-Matrix-animation-transform" target="mixamorig_LeftHandRing1/matrix"/>
    </animation>
    <animation id="mixamorig_LeftHandRing2-anim" name="mixamorig_LeftHandRing2">
      <source id="mixamorig_LeftHandRing2-Matrix-animation-input">
        <float_array id="mixamorig_LeftHandRing2-Matrix-animation-input-array" count="56">

0.000000 0.033333 0.066667 0.100000 0.133333 0.166667 0.200000 0.233333 0.266667 0.300000 0.333333 0.366667 0.400000 0.433333 0.466667 0.500000
0.533333 0.566667 0.600000 0.633333 0.666667 0.700000 0.733333 0.766667 0.800000 0.833333 0.866667 0.900000 0.933333 0.966667 1.000000 1.033333
1.066667 1.100000 1.133333 1.166667 1.200000 1.233333 1.266667 1.300000 1.333333 1.366667 1.400000 1.433333 1.466667 1.500000 1.533333 1.566667
1.600000 1.633333 1.666667 1.700000 1.733333 1.766667 1.800000 1.833333</float_array>
        <technique_common>
          <accessor source="#mixamorig_LeftHandRing2-Matrix-animation-input-array" count="56">
            <param name="TIME" type="float"/>
          </accessor>
        </technique_common>
      </source>
      <source id="mixamorig_LeftHandRing2-Matrix-animation-output-transform">
        <float_array id="mixamorig_LeftHandRing2-Matrix-animation-output-transform-array" count="896">

0.999875 -0.013350 -0.008491 0.000000 0.009882 0.946063 -0.323831 2.717600 0.012356 0.323706 0.946077 0.000000 0.000000 0.000000 0.000000 1.000000
0.999875 -0.013356 -0.008489 -0.000000 0.009886 0.946028 -0.323934 2.717600 0.012357 0.323810 0.946042 0.000000 0.000000 0.000000 0.000000 1.000000
0.999875 -0.013370 -0.008484 0.000000 0.009898 0.945926 -0.324230 2.717600 0.012360 0.324106 0.945940 -0.000000 0.000000 0.000000 0.000000 1.000000
0.999874 -0.013395 -0.008475 0.000000 0.009918 0.945764 -0.324702 2.717600 0.012365 0.324577 0.945778 -0.000000 0.000000 0.000000 0.000000 1.000000
0.999874 -0.013428 -0.008465 0.000000 0.009944 0.945549 -0.325329 2.717600 0.012372 0.325204 0.945563 0.000000 0.000000 0.000000 0.000000 1.000000
0.999874 -0.013467 -0.008451 -0.000000 0.009976 0.945285 -0.326094 2.717600 0.012380 0.325968 0.945300 0.000000 0.000000 0.000000 0.000000 1.000000
0.999873 -0.013513 -0.008435 0.000000 0.010013 0.944980 -0.326976 2.717600 0.012390 0.326850 0.944995 0.000000 0.000000 0.000000 0.000000 1.000000
0.999873 -0.013564 -0.008417 0.000000 0.010054 0.944638 -0.327960 2.717600 0.012400 0.327833 0.944654 0.000000 0.000000 0.000000 0.000000 1.000000
0.999872 -0.013620 -0.008399 0.000000 0.010099 0.944268 -0.329024 2.717600 0.012412 0.328897 0.944284 -0.000000 0.000000 0.000000 0.000000 1.000000
0.999871 -0.013678 -0.008378 0.000000 0.010146 0.943874 -0.330150 2.717600 0.012424 0.330022 0.943891 0.000000 0.000000 0.000000 0.000000 1.000000
0.999871 -0.013739 -0.008356 0.000000 0.010195 0.943464 -0.331319 2.717600 0.012436 0.331191 0.943482 0.000000 0.000000 0.000000 0.000000 1.000000
0.999870 -0.013802 -0.008334 -0.000000 0.010246 0.943043 -0.332514 2.717600 0.012449 0.332385 0.943062 0.000000 0.000000 0.000000 0.000000 1.000000
0.999869 -0.013864 -0.008313 0.000000 0.010296 0.942618 -0.333715 2.717600 0.012462 0.333586 0.942637 0.000000 0.000000 0.000000 0.000000 1.000000
0.999869 -0.013926 -0.008290 -0.000000 0.010346 0.942195 -0.334904 2.717600 0.012475 0.334774 0.942216 0.000000 0.000000 0.000000 0.000000 1.000000
0.999868 -0.013986 -0.008269 -0.000000 0.010394 0.941782 -0.336062 2.717600 0.012488 0.335932 0.941804 0.000000 0.000000 0.000000 0.000000 1.000000
0.999867 -0.014044 -0.008248 0.000000 0.010441 0.941385 -0.337171 2.717600 0.012500 0.337040 0.941407 0.000000 0.000000 0.000000 0.000000 1.000000
0.999867 -0.014098 -0.008228 0.000000 0.010485 0.941012 -0.338212 2.717600 0.012511 0.338080 0.941034 0.000000 0.000000 0.000000 0.000000 1.000000
0.999866 -0.014147 -0.008210 0.000000 0.010525 0.940668 -0.339166 2.717600 0.012521 0.339034 0.940691 -0.000000 0.000000 0.000000 0.000000 1.000000
0.999866 -0.014192 -0.008193 0.000000 0.010562 0.940360 -0.340016 2.717600 0.012530 0.339884 0.940384 -0.000000 0.000000 0.000000 0.000000 1.000000
0.999865 -0.014230 -0.008179 0.000000 0.010592 0.940097 -0.340742 2.717600 0.012538 0.340610 0.940121 0.000000 0.000000 0.000000 0.000000 1.000000
0.999865 -0.014261 -0.008167 0.000000 0.010618 0.939884 -0.341327 2.717600 0.012544 0.341195 0.939909 0.000000 0.000000 0.000000 0.000000 1.000000
0.999865 -0.014283 -0.008159 0.000000 0.010635 0.939730 -0.341752 2.717600 0.012549 0.341619 0.939755 0.000000 0.000000 0.000000 0.000000 1.000000
0.999865 -0.014298 -0.008152 0.000000 0.010648 0.939629 -0.342030 2.717600 0.012551 0.341897 0.939654 -0.000000 0.000000 0.000000 0.000000 1.000000
0.999864 -0.014307 -0.008148 0.000000 0.010656 0.939570 -0.342192 2.717600 0.012552 0.342059 0.939595 0.000000 0.000000 0.000000 0.000000 1.000000
0.999864 -0.014311 -0.008145 -0.000000 0.010660 0.939549 -0.342249 2.717600 0.012551 0.342116 0.939574 -0.000000 0.000000 0.000000 0.000000 1.000000
0.999864 -0.014310 -0.008144 0.000000 0.010660 0.939563 -0.342210 2.717600 0.012549 0.342077 0.939588 0.000000 0.000000 0.000000 0.000000 1.000000
0.999865 -0.014305 -0.008145 0.000000 0.010656 0.939608 -0.342087 2.717600 0.012546 0.341954 0.939633 0.000000 0.000000 0.000000 0.000000 1.000000
0.999865 -0.014296 -0.008147 0.000000 0.010650 0.939681 -0.341888 2.717600 0.012543 0.341754 0.939706 0.000000 0.000000 0.000000 0.000000 1.000000
0.999865 -0.014282 -0.008149 0.000000 0.010640 0.939777 -0.341624 2.717600 0.012538 0.341491 0.939802 0.000000 0.000000 0.000000 0.000000 1.000000
0.999865 -0.014267 -0.008154 -0.000000 0.010627 0.939893 -0.341304 2.717600 0.012534 0.341171 0.939918 -0.000000 0.000000 0.000000 0.000000 1.000000
0.999865 -0.014248 -0.008160 0.000000 0.010613 0.940026 -0.340938 2.717600 0.012528 0.340806 0.940050 0.000000 0.000000 0.000000 0.000000 1.000000
0.999865 -0.014229 -0.008166 0.000000 0.010598 0.940171 -0.340538 2.717600 0.012523 0.340405 0.940195 0.000000 0.000000 0.000000 0.000000 1.000000
0.999866 -0.014207 -0.008173 0.000000 0.010581 0.940325 -0.340112 2.717600 0.012517 0.339980 0.940349 0.000000 0.000000 0.000000 0.000000 1.000000
0.999866 -0.014184 -0.008180 0.000000 0.010563 0.940485 -0.339671 2.717600 0.012512 0.339539 0.940509 0.000000 0.000000 0.000000 0.000000 1.000000
0.999866 -0.014159 -0.008190 0.000000 0.010542 0.940666 -0.339170 2.717600 0.012507 0.339038 0.940689 0.000000 0.000000 0.000000 0.000000 1.000000
0.999867 -0.014126 -0.008202 -0.000000 0.010516 0.940884 -0.338567 2.717600 0.012499 0.338435 0.940907 0.000000 0.000000 0.000000 0.000000 1.000000
0.999867 -0.014091 -0.008215 0.000000 0.010487 0.941134 -0.337872 2.717600 0.012492 0.337741 0.941156 0.000000 0.000000 0.000000 0.000000 1.000000
0.999867 -0.014050 -0.008230 0.000000 0.010454 0.941411 -0.337100 2.717600 0.012484 0.336969 0.941433 0.000000 0.000000 0.000000 0.000000 1.000000
0.999868 -0.014006 -0.008246 0.000000 0.010418 0.941711 -0.336262 2.717600 0.012475 0.336131 0.941733 0.000000 0.000000 0.000000 0.000000 1.000000
0.999868 -0.013960 -0.008264 -0.000000 0.010380 0.942029 -0.335370 2.717600 0.012466 0.335240 0.942050 0.000000 0.000000 0.000000 0.000000 1.000000
0.999869 -0.013910 -0.008282 0.000000 0.010340 0.942362 -0.334436 2.717600 0.012457 0.334307 0.942382 0.000000 0.000000 0.000000 0.000000 1.000000
0.999870 -0.013859 -0.008301 0.000000 0.010298 0.942703 -0.333473 2.717600 0.012447 0.333344 0.942723 0.000000 0.000000 0.000000 0.000000 1.000000
0.999870 -0.013808 -0.008320 0.000000 0.010257 0.943050 -0.332494 2.717600 0.012438 0.332365 0.943069 0.000000 0.000000 0.000000 0.000000 1.000000
0.999871 -0.013756 -0.008340 0.000000 0.010214 0.943396 -0.331510 2.717600 0.012428 0.331382 0.943415 0.000000 0.000000 0.000000 0.000000 1.000000
0.999871 -0.013704 -0.008359 0.000000 0.010172 0.943740 -0.330533 2.717600 0.012418 0.330406 0.943757 0.000000 0.000000 0.000000 0.000000 1.000000
0.999872 -0.013654 -0.008378 -0.000000 0.010130 0.944075 -0.329577 2.717600 0.012410 0.329449 0.944092 0.000000 0.000000 0.000000 0.000000 1.000000
0.999872 -0.013605 -0.008396 -0.000000 0.010090 0.944397 -0.328652 2.717600 0.012401 0.328526 0.944414 0.000000 0.000000 0.000000 0.000000 1.000000
0.999873 -0.013558 -0.008414 -0.000000 0.010052 0.944703 -0.327773 2.717600 0.012393 0.327646 0.944719 0.000000 0.000000 0.000000 0.000000 1.000000
0.999873 -0.013515 -0.008430 -0.000000 0.010016 0.944989 -0.326950 2.717600 0.012385 0.326824 0.945004 0.000000 0.000000 0.000000 0.000000 1.000000
0.999874 -0.013475 -0.008445 -0.000000 0.009984 0.945249 -0.326197 2.717600 0.012378 0.326072 0.945264 -0.000000 0.000000 0.000000 0.000000 1.000000
0.999874 -0.013439 -0.008458 0.000000 0.009955 0.945481 -0.325526 2.717600 0.012371 0.325401 0.945495 -0.000000 0.000000 0.000000 0.000000 1.000000
0.999874 -0.013409 -0.008469 -0.000000 0.009930 0.945680 -0.324948 2.717600 0.012366 0.324823 0.945694 0.000000 0.000000 0.000000 0.000000 1.000000
0.999874 -0.013384 -0.008478 0.000000 0.009910 0.945841 -0.324478 2.717600 0.012362 0.324354 0.945855 -0.000000 0.000000 0.000000 0.000000 1.000000
0.999875 -0.013365 -0.008485 0.000000 0.009894 0.945962 -0.324127 2.717600 0.012359 0.324003 0.945975 -0.000000 0.000000 0.000000 0.000000 1.000000
0.999875 -0.013354 -0.008489 -0.000000 0.009885 0.946037 -0.323907 2.717600 0.012356 0.323782 0.946051 0.000000 0.000000 0.000000 0.000000 1.000000
0.999875 -0.013350 -0.008491 0.000000 0.009881 0.946063 -0.323831 2.717600 0.012356 0.323707 0.946077 0.000000 0.000000 0.000000 0.000000 1.000000</float_array>
        <technique_common>
          <accessor source="#mixamorig_LeftHandRing2-Matrix-animation-output-transform-array" count="56" stride="16">
            <param type="float4x4"/>
          </accessor>
        </technique_common>
      </source>
      <source id="mixamorig_LeftHandRing2-Interpolations">
        <Name_array id="mixamorig_LeftHandRing2-Interpolations-array" count="56">
 LINEAR LINEAR LINEAR LINEAR LINEAR LINEAR LINEAR LINEAR LINEAR LINEAR LINEAR
LINEAR LINEAR LINEAR LINEAR LINEAR LINEAR LINEAR LINEAR LINEAR LINEAR LINEAR LINEAR
LINEAR LINEAR LINEAR LINEAR LINEAR LINEAR LINEAR LINEAR LINEAR LINEAR LINEAR LINEAR
LINEAR LINEAR LINEAR LINEAR LINEAR LINEAR LINEAR LINEAR LINEAR LINEAR LINEAR LINEAR
LINEAR LINEAR LINEAR LINEAR LINEAR LINEAR LINEAR LINEAR LINEAR</Name_array>
        <technique_common>
          <accessor source="#mixamorig_LeftHandRing2-Interpolations-array" count="56">
            <param type="name"/>
          </accessor>
        </technique_common>
      </source>
      <sampler id="mixamorig_LeftHandRing2-Matrix-animation-transform">
        <input semantic="INPUT" source="#mixamorig_LeftHandRing2-Matrix-animation-input"/>
        <input semantic="OUTPUT" source="#mixamorig_LeftHandRing2-Matrix-animation-output-transform"/>
        <input semantic="INTERPOLATION" source="#mixamorig_LeftHandRing2-Interpolations"/>
      </sampler>
      <channel source="#mixamorig_LeftHandRing2-Matrix-animation-transform" target="mixamorig_LeftHandRing2/matrix"/>
    </animation>
    <animation id="mixamorig_LeftHandRing3-anim" name="mixamorig_LeftHandRing3">
      <source id="mixamorig_LeftHandRing3-Matrix-animation-input">
        <float_array id="mixamorig_LeftHandRing3-Matrix-animation-input-array" count="56">

0.000000 0.033333 0.066667 0.100000 0.133333 0.166667 0.200000 0.233333 0.266667 0.300000 0.333333 0.366667 0.400000 0.433333 0.466667 0.500000
0.533333 0.566667 0.600000 0.633333 0.666667 0.700000 0.733333 0.766667 0.800000 0.833333 0.866667 0.900000 0.933333 0.966667 1.000000 1.033333
1.066667 1.100000 1.133333 1.166667 1.200000 1.233333 1.266667 1.300000 1.333333 1.366667 1.400000 1.433333 1.466667 1.500000 1.533333 1.566667
1.600000 1.633333 1.666667 1.700000 1.733333 1.766667 1.800000 1.833333</float_array>
        <technique_common>
          <accessor source="#mixamorig_LeftHandRing3-Matrix-animation-input-array" count="56">
            <param name="TIME" type="float"/>
          </accessor>
        </technique_common>
      </source>
      <source id="mixamorig_LeftHandRing3-Matrix-animation-output-transform">
        <float_array id="mixamorig_LeftHandRing3-Matrix-animation-output-transform-array" count="896">

0.999844 -0.016163 -0.007128 -0.000000 0.012304 0.926731 -0.375523 2.134500 0.012675 0.375377 0.926786 -0.000000 0.000000 0.000000 0.000000 1.000000
0.999844 -0.016170 -0.007126 0.000000 0.012309 0.926691 -0.375622 2.134500 0.012677 0.375476 0.926745 -0.000000 0.000000 0.000000 0.000000 1.000000
0.999844 -0.016190 -0.007119 0.000000 0.012327 0.926575 -0.375907 2.134500 0.012683 0.375761 0.926630 0.000000 0.000000 0.000000 0.000000 1.000000
0.999843 -0.016221 -0.007109 0.000000 0.012353 0.926391 -0.376361 2.134500 0.012691 0.376214 0.926446 0.000000 0.000000 0.000000 0.000000 1.000000
0.999843 -0.016263 -0.007095 0.000000 0.012389 0.926145 -0.376964 2.134500 0.012702 0.376817 0.926201 0.000000 0.000000 0.000000 0.000000 1.000000
0.999842 -0.016314 -0.007079 0.000000 0.012433 0.925845 -0.377699 2.134500 0.012716 0.377551 0.925901 -0.000000 0.000000 0.000000 0.000000 1.000000
0.999841 -0.016374 -0.007060 0.000000 0.012484 0.925498 -0.378547 2.134500 0.012733 0.378399 0.925555 0.000000 0.000000 0.000000 0.000000 1.000000
0.999840 -0.016440 -0.007039 0.000000 0.012540 0.925110 -0.379492 2.134500 0.012751 0.379343 0.925168 0.000000 0.000000 0.000000 0.000000 1.000000
0.999839 -0.016512 -0.007015 -0.000000 0.012601 0.924690 -0.380513 2.134500 0.012770 0.380364 0.924749 -0.000000 0.000000 0.000000 0.000000 1.000000
0.999838 -0.016588 -0.006990 0.000000 0.012666 0.924243 -0.381595 2.134500 0.012791 0.381444 0.924303 -0.000000 0.000000 0.000000 0.000000 1.000000
0.999837 -0.016667 -0.006964 -0.000000 0.012733 0.923778 -0.382718 2.134500 0.012812 0.382566 0.923839 -0.000000 0.000000 0.000000 0.000000 1.000000
0.999836 -0.016748 -0.006938 0.000000 0.012802 0.923301 -0.383864 2.134500 0.012835 0.383712 0.923364 -0.000000 0.000000 0.000000 0.000000 1.000000
0.999834 -0.016830 -0.006910 -0.000000 0.012872 0.922820 -0.385016 2.134500 0.012857 0.384863 0.922884 0.000000 0.000000 0.000000 0.000000 1.000000
0.999833 -0.016911 -0.006883 0.000000 0.012942 0.922343 -0.386155 2.134500 0.012879 0.386001 0.922408 0.000000 0.000000 0.000000 0.000000 1.000000
0.999832 -0.016989 -0.006856 0.000000 0.013009 0.921878 -0.387263 2.134500 0.012900 0.387109 0.921944 -0.000000 0.000000 0.000000 0.000000 1.000000
0.999831 -0.017066 -0.006831 0.000000 0.013075 0.921430 -0.388323 2.134500 0.012921 0.388169 0.921498 -0.000000 0.000000 0.000000 0.000000 1.000000
0.999830 -0.017138 -0.006807 0.000000 0.013137 0.921010 -0.389318 2.134500 0.012941 0.389162 0.921078 0.000000 0.000000 0.000000 0.000000 1.000000
0.999829 -0.017205 -0.006784 -0.000000 0.013194 0.920623 -0.390229 2.134500 0.012960 0.390072 0.920693 0.000000 0.000000 0.000000 0.000000 1.000000
0.999828 -0.017265 -0.006764 0.000000 0.013246 0.920280 -0.391037 2.134500 0.012976 0.390880 0.920350 0.000000 0.000000 0.000000 0.000000 1.000000
0.999827 -0.017317 -0.006746 0.000000 0.013291 0.919985 -0.391727 2.134500 0.012990 0.391570 0.920057 -0.000000 0.000000 0.000000 0.000000 1.000000
0.999827 -0.017360 -0.006732 0.000000 0.013328 0.919749 -0.392280 2.134500 0.013002 0.392122 0.919821 0.000000 0.000000 0.000000 0.000000 1.000000
0.999826 -0.017392 -0.006721 0.000000 0.013357 0.919579 -0.392677 2.134500 0.013010 0.392519 0.919652 -0.000000 0.000000 0.000000 0.000000 1.000000
0.999826 -0.017416 -0.006713 -0.000000 0.013378 0.919471 -0.392930 2.134500 0.013016 0.392772 0.919544 0.000000 0.000000 0.000000 0.000000 1.000000
0.999826 -0.017434 -0.006708 0.000000 0.013394 0.919412 -0.393068 2.134500 0.013020 0.392910 0.919485 0.000000 0.000000 0.000000 0.000000 1.000000
0.999825 -0.017446 -0.006704 0.000000 0.013407 0.919397 -0.393101 2.134500 0.013022 0.392943 0.919471 -0.000000 0.000000 0.000000 0.000000 1.000000
0.999825 -0.017452 -0.006704 0.000000 0.013414 0.919423 -0.393042 2.134500 0.013023 0.392883 0.919496 0.000000 0.000000 0.000000 0.000000 1.000000
0.999825 -0.017454 -0.006704 0.000000 0.013417 0.919484 -0.392898 2.134500 0.013022 0.392740 0.919558 0.000000 0.000000 0.000000 0.000000 1.000000
0.999825 -0.017450 -0.006707 0.000000 0.013415 0.919576 -0.392682 2.134500 0.013019 0.392523 0.919650 0.000000 0.000000 0.000000 0.000000 1.000000
0.999825 -0.017442 -0.006710 0.000000 0.013410 0.919695 -0.392403 2.134500 0.013016 0.392245 0.919769 0.000000 0.000000 0.000000 0.000000 1.000000
0.999826 -0.017430 -0.006716 0.000000 0.013402 0.919836 -0.392074 2.134500 0.013011 0.391915 0.919909 0.000000 0.000000 0.000000 0.000000 1.000000
0.999826 -0.017414 -0.006722 0.000000 0.013390 0.919994 -0.391704 2.134500 0.013005 0.391545 0.920067 -0.000000 0.000000 0.000000 0.000000 1.000000
0.999826 -0.017393 -0.006730 0.000000 0.013373 0.920165 -0.391302 2.134500 0.012999 0.391144 0.920238 0.000000 0.000000 0.000000 0.000000 1.000000
0.999826 -0.017368 -0.006739 -0.000000 0.013353 0.920344 -0.390882 2.134500 0.012991 0.390724 0.920416 -0.000000 0.000000 0.000000 0.000000 1.000000
0.999827 -0.017341 -0.006749 0.000000 0.013330 0.920527 -0.390452 2.134500 0.012983 0.390294 0.920599 -0.000000 0.000000 0.000000 0.000000 1.000000
0.999827 -0.017307 -0.006759 0.000000 0.013302 0.920732 -0.389969 2.134500 0.012973 0.389812 0.920803 -0.000000 0.000000 0.000000 0.000000 1.000000
0.999828 -0.017267 -0.006774 0.000000 0.013267 0.920976 -0.389392 2.134500 0.012962 0.389236 0.921047 -0.000000 0.000000 0.000000 0.000000 1.000000
0.999829 -0.017217 -0.006791 -0.000000 0.013224 0.921256 -0.388732 2.134500 0.012949 0.388576 0.921326 0.000000 0.000000 0.000000 0.000000 1.000000
0.999830 -0.017162 -0.006809 -0.000000 0.013176 0.921565 -0.387999 2.134500 0.012934 0.387844 0.921634 -0.000000 0.000000 0.000000 0.000000 1.000000
0.999830 -0.017100 -0.006830 0.000000 0.013122 0.921899 -0.387207 2.134500 0.012918 0.387052 0.921967 0.000000 0.000000 0.000000 0.000000 1.000000
0.999831 -0.017035 -0.006852 0.000000 0.013066 0.922254 -0.386364 2.134500 0.012901 0.386209 0.922321 -0.000000 0.000000 0.000000 0.000000 1.000000
0.999832 -0.016966 -0.006874 0.000000 0.013006 0.922623 -0.385483 2.134500 0.012882 0.385329 0.922689 0.000000 0.000000 0.000000 0.000000 1.000000
0.999833 -0.016894 -0.006897 0.000000 0.012943 0.923003 -0.384576 2.134500 0.012863 0.384423 0.923068 -0.000000 0.000000 0.000000 0.000000 1.000000
0.999835 -0.016821 -0.006921 0.000000 0.012879 0.923387 -0.383654 2.134500 0.012844 0.383502 0.923451 0.000000 0.000000 0.000000 0.000000 1.000000
0.999836 -0.016747 -0.006944 0.000000 0.012815 0.923772 -0.382729 2.134500 0.012825 0.382577 0.923835 -0.000000 0.000000 0.000000 0.000000 1.000000
0.999837 -0.016673 -0.006968 -0.000000 0.012750 0.924153 -0.381811 2.134500 0.012806 0.381660 0.924214 0.000000 0.000000 0.000000 0.000000 1.000000
0.999838 -0.016601 -0.006991 -0.000000 0.012687 0.924525 -0.380911 2.134500 0.012787 0.380761 0.924585 -0.000000 0.000000 0.000000 0.000000 1.000000
0.999839 -0.016531 -0.007013 0.000000 0.012626 0.924882 -0.380044 2.134500 0.012769 0.379894 0.924942 0.000000 0.000000 0.000000 0.000000 1.000000
0.999840 -0.016464 -0.007034 0.000000 0.012567 0.925222 -0.379218 2.134500 0.012751 0.379069 0.925280 0.000000 0.000000 0.000000 0.000000 1.000000
0.999841 -0.016402 -0.007054 0.000000 0.012513 0.925538 -0.378447 2.134500 0.012736 0.378298 0.925596 0.000000 0.000000 0.000000 0.000000 1.000000
0.999841 -0.016344 -0.007072 -0.000000 0.012463 0.925828 -0.377740 2.134500 0.012721 0.377592 0.925885 -0.000000 0.000000 0.000000 0.000000 1.000000
0.999842 -0.016293 -0.007088 0.000000 0.012418 0.926085 -0.377111 2.134500 0.012708 0.376963 0.926141 0.000000 0.000000 0.000000 0.000000 1.000000
0.999843 -0.016248 -0.007101 -0.000000 0.012379 0.926305 -0.376570 2.134500 0.012697 0.376423 0.926361 -0.000000 0.000000 0.000000 0.000000 1.000000
0.999843 -0.016213 -0.007113 0.000000 0.012347 0.926485 -0.376129 2.134500 0.012688 0.375983 0.926540 0.000000 0.000000 0.000000 0.000000 1.000000
0.999844 -0.016186 -0.007121 0.000000 0.012324 0.926619 -0.375800 2.134500 0.012681 0.375654 0.926673 0.000000 0.000000 0.000000 0.000000 1.000000
0.999844 -0.016168 -0.007127 0.000000 0.012308 0.926702 -0.375595 2.134500 0.012677 0.375448 0.926757 0.000000 0.000000 0.000000 0.000000 1.000000
0.999844 -0.016162 -0.007127 0.000000 0.012304 0.926731 -0.375523 2.134500 0.012675 0.375377 0.926786 0.000000 0.000000 0.000000 0.000000 1.000000</float_array>
        <technique_common>
          <accessor source="#mixamorig_LeftHandRing3-Matrix-animation-output-transform-array" count="56" stride="16">
            <param type="float4x4"/>
          </accessor>
        </technique_common>
      </source>
      <source id="mixamorig_LeftHandRing3-Interpolations">
        <Name_array id="mixamorig_LeftHandRing3-Interpolations-array" count="56">
 LINEAR LINEAR LINEAR LINEAR LINEAR LINEAR LINEAR LINEAR LINEAR LINEAR LINEAR
LINEAR LINEAR LINEAR LINEAR LINEAR LINEAR LINEAR LINEAR LINEAR LINEAR LINEAR LINEAR
LINEAR LINEAR LINEAR LINEAR LINEAR LINEAR LINEAR LINEAR LINEAR LINEAR LINEAR LINEAR
LINEAR LINEAR LINEAR LINEAR LINEAR LINEAR LINEAR LINEAR LINEAR LINEAR LINEAR LINEAR
LINEAR LINEAR LINEAR LINEAR LINEAR LINEAR LINEAR LINEAR LINEAR</Name_array>
        <technique_common>
          <accessor source="#mixamorig_LeftHandRing3-Interpolations-array" count="56">
            <param type="name"/>
          </accessor>
        </technique_common>
      </source>
      <sampler id="mixamorig_LeftHandRing3-Matrix-animation-transform">
        <input semantic="INPUT" source="#mixamorig_LeftHandRing3-Matrix-animation-input"/>
        <input semantic="OUTPUT" source="#mixamorig_LeftHandRing3-Matrix-animation-output-transform"/>
        <input semantic="INTERPOLATION" source="#mixamorig_LeftHandRing3-Interpolations"/>
      </sampler>
      <channel source="#mixamorig_LeftHandRing3-Matrix-animation-transform" target="mixamorig_LeftHandRing3/matrix"/>
    </animation>
    <animation id="mixamorig_LeftHandPinky1-anim" name="mixamorig_LeftHandPinky1">
      <source id="mixamorig_LeftHandPinky1-Matrix-animation-input">
        <float_array id="mixamorig_LeftHandPinky1-Matrix-animation-input-array" count="56">

0.000000 0.033333 0.066667 0.100000 0.133333 0.166667 0.200000 0.233333 0.266667 0.300000 0.333333 0.366667 0.400000 0.433333 0.466667 0.500000
0.533333 0.566667 0.600000 0.633333 0.666667 0.700000 0.733333 0.766667 0.800000 0.833333 0.866667 0.900000 0.933333 0.966667 1.000000 1.033333
1.066667 1.100000 1.133333 1.166667 1.200000 1.233333 1.266667 1.300000 1.333333 1.366667 1.400000 1.433333 1.466667 1.500000 1.533333 1.566667
1.600000 1.633333 1.666667 1.700000 1.733333 1.766667 1.800000 1.833333</float_array>
        <technique_common>
          <accessor source="#mixamorig_LeftHandPinky1-Matrix-animation-input-array" count="56">
            <param name="TIME" type="float"/>
          </accessor>
        </technique_common>
      </source>
      <source id="mixamorig_LeftHandPinky1-Matrix-animation-output-transform">
        <float_array id="mixamorig_LeftHandPinky1-Matrix-animation-output-transform-array" count="896">

0.955289 0.289406 0.060563 5.614200 -0.263788 0.926723 -0.267584 11.636400 -0.133566 0.239644 0.961629 0.516600 0.000000 0.000000 0.000000 1.000000
0.955307 0.289321 0.060682 5.614200 -0.263649 0.926706 -0.267779 11.636400 -0.133708 0.239812 0.961568 0.516600 0.000000 0.000000 0.000000 1.000000
0.955360 0.289073 0.061023 5.614200 -0.263249 0.926658 -0.268339 11.636400 -0.134117 0.240296 0.961390 0.516600 0.000000 0.000000 0.000000 1.000000
0.955443 0.288682 0.061569 5.614200 -0.262612 0.926582 -0.269224 11.636400 -0.134769 0.241059 0.961108 0.516600 0.000000 0.000000 0.000000 1.000000
0.955553 0.288161 0.062299 5.614200 -0.261765 0.926480 -0.270395 11.636400 -0.135636 0.242069 0.960732 0.516600 0.000000 0.000000 0.000000 1.000000
0.955685 0.287528 0.063193 5.614200 -0.260731 0.926357 -0.271813 11.636400 -0.136693 0.243291 0.960273 0.516600 0.000000 0.000000 0.000000 1.000000
0.955835 0.286800 0.064233 5.614200 -0.259537 0.926214 -0.273439 11.636400 -0.137916 0.244692 0.959742 0.516600 0.000000 0.000000 0.000000 1.000000
0.955997 0.285993 0.065399 5.614200 -0.258206 0.926054 -0.275234 11.636400 -0.139278 0.246237 0.959150 0.516600 0.000000 0.000000 0.000000 1.000000
0.956170 0.285122 0.066670 5.614200 -0.256765 0.925881 -0.277158 11.636400 -0.140752 0.247892 0.958508 0.516600 0.000000 0.000000 0.000000 1.000000
0.956347 0.284206 0.068027 5.614200 -0.255239 0.925697 -0.279174 11.636400 -0.142315 0.249624 0.957828 0.516600 0.000000 0.000000 0.000000 1.000000
0.956526 0.283258 0.069450 5.614200 -0.253652 0.925507 -0.281241 11.636400 -0.143940 0.251398 0.957121 0.516600 0.000000 0.000000 0.000000 1.000000
0.956703 0.282293 0.070918 5.614200 -0.252030 0.925316 -0.283321 11.636400 -0.145602 0.253181 0.956399 0.516600 0.000000 0.000000 0.000000 1.000000
0.956876 0.281328 0.072411 5.614200 -0.250398 0.925127 -0.285378 11.636400 -0.147274 0.254940 0.955676 0.516600 0.000000 0.000000 0.000000 1.000000
0.957041 0.280376 0.073907 5.614200 -0.248781 0.924946 -0.287373 11.636400 -0.148933 0.256641 0.954963 0.516600 0.000000 0.000000 0.000000 1.000000
0.957196 0.279451 0.075386 5.614200 -0.247205 0.924778 -0.289268 11.636400 -0.150552 0.258251 0.954275 0.516600 0.000000 0.000000 0.000000 1.000000
0.957339 0.278567 0.076825 5.614200 -0.245695 0.924628 -0.291028 11.636400 -0.152105 0.259737 0.953625 0.516600 0.000000 0.000000 0.000000 1.000000
0.957469 0.277737 0.078202 5.614200 -0.244275 0.924503 -0.292615 11.636400 -0.153568 0.261067 0.953027 0.516600 0.000000 0.000000 0.000000 1.000000
0.957583 0.276975 0.079495 5.614200 -0.242973 0.924409 -0.293992 11.636400 -0.154914 0.262207 0.952496 0.516600 0.000000 0.000000 0.000000 1.000000
0.957681 0.276291 0.080683 5.614200 -0.241812 0.924353 -0.295124 11.636400 -0.156120 0.263124 0.952046 0.516600 0.000000 0.000000 0.000000 1.000000
0.957762 0.275701 0.081743 5.614200 -0.240820 0.924340 -0.295974 11.636400 -0.157158 0.263787 0.951692 0.516600 0.000000 0.000000 0.000000 1.000000
0.957823 0.275215 0.082652 5.614200 -0.240019 0.924378 -0.296507 11.636400 -0.158004 0.264163 0.951448 0.516600 0.000000 0.000000 0.000000 1.000000
0.957865 0.274846 0.083388 5.614200 -0.239436 0.924472 -0.296685 11.636400 -0.158633 0.264218 0.951328 0.516600 0.000000 0.000000 0.000000 1.000000
0.957888 0.274578 0.084008 5.614200 -0.239055 0.924654 -0.296424 11.636400 -0.159070 0.263859 0.951355 0.516600 0.000000 0.000000 0.000000 1.000000
0.957895 0.274378 0.084574 5.614200 -0.238830 0.924940 -0.295713 11.636400 -0.159363 0.263063 0.951526 0.516600 0.000000 0.000000 0.000000 1.000000
0.957890 0.274242 0.085079 5.614200 -0.238746 0.925309 -0.294624 11.636400 -0.159523 0.261905 0.951818 0.516600 0.000000 0.000000 0.000000 1.000000
0.957872 0.274168 0.085514 5.614200 -0.238793 0.925739 -0.293232 11.636400 -0.159559 0.260459 0.952209 0.516600 0.000000 0.000000 0.000000 1.000000
0.957844 0.274154 0.085872 5.614200 -0.238956 0.926209 -0.291612 11.636400 -0.159482 0.258800 0.952674 0.516600 0.000000 0.000000 0.000000 1.000000
0.957808 0.274196 0.086143 5.614200 -0.239222 0.926697 -0.289838 11.636400 -0.159301 0.257002 0.953191 0.516600 0.000000 0.000000 0.000000 1.000000
0.957764 0.274292 0.086322 5.614200 -0.239578 0.927183 -0.287983 11.636400 -0.159028 0.255139 0.953737 0.516600 0.000000 0.000000 0.000000 1.000000
0.957716 0.274438 0.086399 5.614200 -0.240009 0.927647 -0.286123 11.636400 -0.158671 0.253288 0.954290 0.516600 0.000000 0.000000 0.000000 1.000000
0.957663 0.274632 0.086367 5.614200 -0.240503 0.928070 -0.284332 11.636400 -0.158241 0.251522 0.954828 0.516600 0.000000 0.000000 0.000000 1.000000
0.957608 0.274871 0.086216 5.614200 -0.241046 0.928432 -0.282684 11.636400 -0.157747 0.249918 0.955331 0.516600 0.000000 0.000000 0.000000 1.000000
0.957552 0.275153 0.085939 5.614200 -0.241625 0.928716 -0.281254 11.636400 -0.157201 0.248550 0.955778 0.516600 0.000000 0.000000 0.000000 1.000000
0.957497 0.275473 0.085528 5.614200 -0.242225 0.928903 -0.280117 11.636400 -0.156612 0.247494 0.956148 0.516600 0.000000 0.000000 0.000000 1.000000
0.957437 0.275864 0.084938 5.614200 -0.242908 0.929012 -0.279164 11.636400 -0.155920 0.246650 0.956479 0.516600 0.000000 0.000000 0.000000 1.000000
0.957365 0.276354 0.084147 5.614200 -0.243732 0.929074 -0.278239 11.636400 -0.155071 0.245867 0.956819 0.516600 0.000000 0.000000 0.000000 1.000000
0.957283 0.276932 0.083178 5.614200 -0.244679 0.929093 -0.277341 11.636400 -0.154085 0.245142 0.957164 0.516600 0.000000 0.000000 0.000000 1.000000
0.957190 0.277587 0.082054 5.614200 -0.245734 0.929074 -0.276471 11.636400 -0.152979 0.244472 0.957513 0.516600 0.000000 0.000000 0.000000 1.000000
0.957088 0.278308 0.080795 5.614200 -0.246878 0.929020 -0.275631 11.636400 -0.151771 0.243857 0.957862 0.516600 0.000000 0.000000 0.000000 1.000000
0.956977 0.279082 0.079427 5.614200 -0.248095 0.928936 -0.274821 11.636400 -0.150480 0.243292 0.958209 0.516600 0.000000 0.000000 0.000000 1.000000
0.956858 0.279899 0.077970 5.614200 -0.249368 0.928825 -0.274044 11.636400 -0.149125 0.242778 0.958551 0.516600 0.000000 0.000000 0.000000 1.000000
0.956732 0.280747 0.076446 5.614200 -0.250681 0.928691 -0.273299 11.636400 -0.147723 0.242311 0.958887 0.516600 0.000000 0.000000 0.000000 1.000000
0.956601 0.281615 0.074879 5.614200 -0.252016 0.928538 -0.272591 11.636400 -0.146293 0.241890 0.959212 0.516600 0.000000 0.000000 0.000000 1.000000
0.956466 0.282490 0.073290 5.614200 -0.253356 0.928371 -0.271917 11.636400 -0.144854 0.241511 0.959526 0.516600 0.000000 0.000000 0.000000 1.000000
0.956329 0.283362 0.071701 5.614200 -0.254685 0.928192 -0.271283 11.636400 -0.143424 0.241175 0.959825 0.516600 0.000000 0.000000 0.000000 1.000000
0.956191 0.284219 0.070135 5.614200 -0.255987 0.928007 -0.270690 11.636400 -0.142021 0.240877 0.960108 0.516600 0.000000 0.000000 0.000000 1.000000
0.956054 0.285049 0.068614 5.614200 -0.257244 0.927820 -0.270139 11.636400 -0.140664 0.240617 0.960373 0.516600 0.000000 0.000000 0.000000 1.000000
0.955921 0.285841 0.067160 5.614200 -0.258439 0.927635 -0.269634 11.636400 -0.139372 0.240392 0.960618 0.516600 0.000000 0.000000 0.000000 1.000000
0.955794 0.286583 0.065794 5.614200 -0.259556 0.927455 -0.269178 11.636400 -0.138163 0.240202 0.960840 0.516600 0.000000 0.000000 0.000000 1.000000
0.955675 0.287263 0.064538 5.614200 -0.260579 0.927286 -0.268773 11.636400 -0.137053 0.240042 0.961039 0.516600 0.000000 0.000000 0.000000 1.000000
0.955568 0.287870 0.063415 5.614200 -0.261490 0.927131 -0.268422 11.636400 -0.136065 0.239913 0.961212 0.516600 0.000000 0.000000 0.000000 1.000000
0.955474 0.288392 0.062448 5.614200 -0.262272 0.926996 -0.268128 11.636400 -0.135215 0.239811 0.961357 0.516600 0.000000 0.000000 0.000000 1.000000
0.955396 0.288819 0.061657 5.614200 -0.262910 0.926882 -0.267894 11.636400 -0.134521 0.239735 0.961473 0.516600 0.000000 0.000000 0.000000 1.000000
0.955338 0.289137 0.061064 5.614200 -0.263386 0.926796 -0.267724 11.636400 -0.134003 0.239683 0.961559 0.516600 0.000000 0.000000 0.000000 1.000000
0.955301 0.289337 0.060693 5.614200 -0.263684 0.926742 -0.267619 11.636400 -0.133679 0.239653 0.961611 0.516600 0.000000 0.000000 0.000000 1.000000
0.955288 0.289406 0.060564 5.614200 -0.263788 0.926723 -0.267584 11.636400 -0.133566 0.239644 0.961629 0.516600 0.000000 0.000000 0.000000 1.000000</float_array>
        <technique_common>
          <accessor source="#mixamorig_LeftHandPinky1-Matrix-animation-output-transform-array" count="56" stride="16">
            <param type="float4x4"/>
          </accessor>
        </technique_common>
      </source>
      <source id="mixamorig_LeftHandPinky1-Interpolations">
        <Name_array id="mixamorig_LeftHandPinky1-Interpolations-array" count="56">
 LINEAR LINEAR LINEAR LINEAR LINEAR LINEAR LINEAR LINEAR LINEAR LINEAR LINEAR
LINEAR LINEAR LINEAR LINEAR LINEAR LINEAR LINEAR LINEAR LINEAR LINEAR LINEAR LINEAR
LINEAR LINEAR LINEAR LINEAR LINEAR LINEAR LINEAR LINEAR LINEAR LINEAR LINEAR LINEAR
LINEAR LINEAR LINEAR LINEAR LINEAR LINEAR LINEAR LINEAR LINEAR LINEAR LINEAR LINEAR
LINEAR LINEAR LINEAR LINEAR LINEAR LINEAR LINEAR LINEAR LINEAR</Name_array>
        <technique_common>
          <accessor source="#mixamorig_LeftHandPinky1-Interpolations-array" count="56">
            <param type="name"/>
          </accessor>
        </technique_common>
      </source>
      <sampler id="mixamorig_LeftHandPinky1-Matrix-animation-transform">
        <input semantic="INPUT" source="#mixamorig_LeftHandPinky1-Matrix-animation-input"/>
        <input semantic="OUTPUT" source="#mixamorig_LeftHandPinky1-Matrix-animation-output-transform"/>
        <input semantic="INTERPOLATION" source="#mixamorig_LeftHandPinky1-Interpolations"/>
      </sampler>
      <channel source="#mixamorig_LeftHandPinky1-Matrix-animation-transform" target="mixamorig_LeftHandPinky1/matrix"/>
    </animation>
    <animation id="mixamorig_LeftHandPinky2-anim" name="mixamorig_LeftHandPinky2">
      <source id="mixamorig_LeftHandPinky2-Matrix-animation-input">
        <float_array id="mixamorig_LeftHandPinky2-Matrix-animation-input-array" count="56">

0.000000 0.033333 0.066667 0.100000 0.133333 0.166667 0.200000 0.233333 0.266667 0.300000 0.333333 0.366667 0.400000 0.433333 0.466667 0.500000
0.533333 0.566667 0.600000 0.633333 0.666667 0.700000 0.733333 0.766667 0.800000 0.833333 0.866667 0.900000 0.933333 0.966667 1.000000 1.033333
1.066667 1.100000 1.133333 1.166667 1.200000 1.233333 1.266667 1.300000 1.333333 1.366667 1.400000 1.433333 1.466667 1.500000 1.533333 1.566667
1.600000 1.633333 1.666667 1.700000 1.733333 1.766667 1.800000 1.833333</float_array>
        <technique_common>
          <accessor source="#mixamorig_LeftHandPinky2-Matrix-animation-input-array" count="56">
            <param name="TIME" type="float"/>
          </accessor>
        </technique_common>
      </source>
      <source id="mixamorig_LeftHandPinky2-Matrix-animation-output-transform">
        <float_array id="mixamorig_LeftHandPinky2-Matrix-animation-output-transform-array" count="896">

0.999900 -0.004260 -0.013463 0.000000 0.001132 0.974529 -0.224260 1.559400 0.014075 0.224223 0.974436 0.000000 0.000000 0.000000 0.000000 1.000000
0.999900 -0.004285 -0.013459 -0.000000 0.001151 0.974429 -0.224691 1.559400 0.014078 0.224653 0.974337 0.000000 0.000000 0.000000 0.000000 1.000000
0.999900 -0.004356 -0.013447 0.000000 0.001206 0.974143 -0.225927 1.559400 0.014083 0.225889 0.974051 0.000000 0.000000 0.000000 0.000000 1.000000
0.999900 -0.004469 -0.013428 0.000000 0.001291 0.973685 -0.227893 1.559400 0.014093 0.227853 0.973594 0.000000 0.000000 0.000000 0.000000 1.000000
0.999900 -0.004620 -0.013402 0.000000 0.001407 0.973070 -0.230507 1.559400 0.014106 0.230465 0.972978 -0.000000 0.000000 0.000000 0.000000 1.000000
0.999899 -0.004805 -0.013370 0.000000 0.001547 0.972310 -0.233692 1.559400 0.014123 0.233647 0.972219 0.000000 0.000000 0.000000 0.000000 1.000000
0.999899 -0.005017 -0.013333 0.000000 0.001709 0.971419 -0.237366 1.559400 0.014143 0.237319 0.971329 0.000000 0.000000 0.000000 0.000000 1.000000
0.999898 -0.005253 -0.013290 0.000000 0.001889 0.970411 -0.241453 1.559400 0.014165 0.241403 0.970322 0.000000 0.000000 0.000000 0.000000 1.000000
0.999897 -0.005509 -0.013243 -0.000000 0.002084 0.969300 -0.245871 1.559400 0.014191 0.245818 0.969212 0.000000 0.000000 0.000000 0.000000 1.000000
0.999896 -0.005781 -0.013191 0.000000 0.002292 0.968103 -0.250542 1.559400 0.014218 0.250486 0.968016 0.000000 0.000000 0.000000 0.000000 1.000000
0.999895 -0.006062 -0.013136 0.000000 0.002507 0.966835 -0.255388 1.559400 0.014249 0.255328 0.966749 0.000000 0.000000 0.000000 0.000000 1.000000
0.999894 -0.006350 -0.013079 -0.000000 0.002726 0.965516 -0.260330 1.559400 0.014281 0.260266 0.965431 0.000000 0.000000 0.000000 0.000000 1.000000
0.999893 -0.006640 -0.013020 0.000000 0.002948 0.964165 -0.265289 1.559400 0.014315 0.265222 0.964081 0.000000 0.000000 0.000000 0.000000 1.000000
0.999892 -0.006926 -0.012960 -0.000000 0.003167 0.962802 -0.270189 1.559400 0.014349 0.270119 0.962720 0.000000 0.000000 0.000000 0.000000 1.000000
0.999891 -0.007205 -0.012901 -0.000000 0.003381 0.961452 -0.274954 1.559400 0.014384 0.274880 0.961371 0.000000 0.000000 0.000000 0.000000 1.000000
0.999890 -0.007473 -0.012842 -0.000000 0.003586 0.960138 -0.279504 1.559400 0.014419 0.279427 0.960059 0.000000 0.000000 0.000000 0.000000 1.000000
0.999888 -0.007725 -0.012787 -0.000000 0.003779 0.958886 -0.283766 1.559400 0.014454 0.283686 0.958808 0.000000 0.000000 0.000000 0.000000 1.000000
0.999887 -0.007957 -0.012737 0.000000 0.003957 0.957724 -0.287662 1.559400 0.014487 0.287579 0.957647 -0.000000 0.000000 0.000000 0.000000 1.000000
0.999886 -0.008164 -0.012691 0.000000 0.004116 0.956678 -0.291118 1.559400 0.014518 0.291033 0.956603 0.000000 0.000000 0.000000 0.000000 1.000000
0.999885 -0.008344 -0.012652 0.000000 0.004255 0.955778 -0.294058 1.559400 0.014546 0.293970 0.955704 0.000000 0.000000 0.000000 0.000000 1.000000
0.999884 -0.008489 -0.012621 0.000000 0.004367 0.955052 -0.296406 1.559400 0.014570 0.296317 0.954979 -0.000000 0.000000 0.000000 0.000000 1.000000
0.999884 -0.008597 -0.012601 0.000000 0.004451 0.954528 -0.298088 1.559400 0.014591 0.297997 0.954455 0.000000 0.000000 0.000000 0.000000 1.000000
0.999883 -0.008674 -0.012590 0.000000 0.004511 0.954197 -0.299145 1.559400 0.014608 0.299053 0.954125 0.000000 0.000000 0.000000 0.000000 1.000000
0.999883 -0.008726 -0.012589 0.000000 0.004553 0.954022 -0.299701 1.559400 0.014625 0.299608 0.953950 0.000000 0.000000 0.000000 0.000000 1.000000
0.999882 -0.008756 -0.012595 -0.000000 0.004577 0.953990 -0.299802 1.559400 0.014641 0.299709 0.953918 0.000000 0.000000 0.000000 0.000000 1.000000
0.999882 -0.008764 -0.012609 0.000000 0.004586 0.954086 -0.299499 1.559400 0.014654 0.299406 0.954013 -0.000000 0.000000 0.000000 0.000000 1.000000
0.999882 -0.008753 -0.012627 0.000000 0.004580 0.954294 -0.298836 1.559400 0.014666 0.298743 0.954221 0.000000 0.000000 0.000000 0.000000 1.000000
0.999882 -0.008725 -0.012651 0.000000 0.004561 0.954598 -0.297861 1.559400 0.014676 0.297768 0.954525 0.000000 0.000000 0.000000 0.000000 1.000000
0.999882 -0.008681 -0.012678 -0.000000 0.004530 0.954984 -0.296621 1.559400 0.014683 0.296529 0.954911 0.000000 0.000000 0.000000 0.000000 1.000000
0.999882 -0.008622 -0.012709 -0.000000 0.004487 0.955436 -0.295165 1.559400 0.014687 0.295073 0.955362 -0.000000 0.000000 0.000000 0.000000 1.000000
0.999882 -0.008551 -0.012740 0.000000 0.004435 0.955937 -0.293537 1.559400 0.014689 0.293446 0.955863 -0.000000 0.000000 0.000000 0.000000 1.000000
0.999883 -0.008468 -0.012771 0.000000 0.004373 0.956474 -0.291786 1.559400 0.014686 0.291696 0.956398 -0.000000 0.000000 0.000000 0.000000 1.000000
0.999883 -0.008375 -0.012802 -0.000000 0.004303 0.957030 -0.289959 1.559400 0.014681 0.289870 0.956954 -0.000000 0.000000 0.000000 0.000000 1.000000
0.999883 -0.008274 -0.012831 0.000000 0.004227 0.957590 -0.288103 1.559400 0.014671 0.288015 0.957513 0.000000 0.000000 0.000000 0.000000 1.000000
0.999884 -0.008156 -0.012861 0.000000 0.004137 0.958211 -0.286033 1.559400 0.014656 0.285946 0.958134 0.000000 0.000000 0.000000 0.000000 1.000000
0.999885 -0.008009 -0.012894 0.000000 0.004024 0.958946 -0.283561 1.559400 0.014636 0.283477 0.958867 0.000000 0.000000 0.000000 0.000000 1.000000
0.999886 -0.007839 -0.012930 0.000000 0.003894 0.959777 -0.280736 1.559400 0.014611 0.280654 0.959698 0.000000 0.000000 0.000000 0.000000 1.000000
0.999887 -0.007647 -0.012969 0.000000 0.003747 0.960687 -0.277607 1.559400 0.014582 0.277527 0.960607 0.000000 0.000000 0.000000 0.000000 1.000000
0.999888 -0.007438 -0.013010 -0.000000 0.003586 0.961660 -0.274219 1.559400 0.014551 0.274142 0.961579 -0.000000 0.000000 0.000000 0.000000 1.000000
0.999889 -0.007214 -0.013051 0.000000 0.003413 0.962680 -0.270622 1.559400 0.014516 0.270547 0.962597 0.000000 0.000000 0.000000 0.000000 1.000000
0.999890 -0.006978 -0.013092 -0.000000 0.003232 0.963729 -0.266862 1.559400 0.014479 0.266790 0.963646 0.000000 0.000000 0.000000 0.000000 1.000000
0.999891 -0.006734 -0.013132 0.000000 0.003044 0.964794 -0.262988 1.559400 0.014441 0.262920 0.964710 0.000000 0.000000 0.000000 0.000000 1.000000
0.999892 -0.006485 -0.013173 0.000000 0.002852 0.965860 -0.259049 1.559400 0.014403 0.258984 0.965774 -0.000000 0.000000 0.000000 0.000000 1.000000
0.999893 -0.006235 -0.013212 0.000000 0.002658 0.966913 -0.255094 1.559400 0.014365 0.255031 0.966826 0.000000 0.000000 0.000000 0.000000 1.000000
0.999894 -0.005984 -0.013249 0.000000 0.002465 0.967940 -0.251171 1.559400 0.014327 0.251112 0.967852 0.000000 0.000000 0.000000 0.000000 1.000000
0.999895 -0.005740 -0.013284 0.000000 0.002276 0.968929 -0.247328 1.559400 0.014290 0.247272 0.968841 0.000000 0.000000 0.000000 0.000000 1.000000
0.999896 -0.005502 -0.013316 -0.000000 0.002092 0.969869 -0.243616 1.559400 0.014255 0.243563 0.969780 0.000000 0.000000 0.000000 0.000000 1.000000
0.999897 -0.005277 -0.013345 0.000000 0.001919 0.970750 -0.240084 1.559400 0.014222 0.240034 0.970660 0.000000 0.000000 0.000000 0.000000 1.000000
0.999898 -0.005064 -0.013371 -0.000000 0.001754 0.971561 -0.236781 1.559400 0.014190 0.236734 0.971471 0.000000 0.000000 0.000000 0.000000 1.000000
0.999898 -0.004870 -0.013395 -0.000000 0.001604 0.972294 -0.233758 1.559400 0.014162 0.233713 0.972203 -0.000000 0.000000 0.000000 0.000000 1.000000
0.999899 -0.004698 -0.013415 -0.000000 0.001471 0.972938 -0.231063 1.559400 0.014138 0.231020 0.972846 0.000000 0.000000 0.000000 0.000000 1.000000
0.999899 -0.004548 -0.013432 0.000000 0.001355 0.973485 -0.228746 1.559400 0.014116 0.228705 0.973393 0.000000 0.000000 0.000000 0.000000 1.000000
0.999900 -0.004427 -0.013445 -0.000000 0.001262 0.973927 -0.226858 1.559400 0.014099 0.226819 0.973835 0.000000 0.000000 0.000000 0.000000 1.000000
0.999900 -0.004337 -0.013455 0.000000 0.001192 0.974254 -0.225448 1.559400 0.014086 0.225409 0.974162 -0.000000 0.000000 0.000000 0.000000 1.000000
0.999900 -0.004279 -0.013461 0.000000 0.001147 0.974458 -0.224566 1.559400 0.014078 0.224528 0.974366 0.000000 0.000000 0.000000 0.000000 1.000000
0.999900 -0.004260 -0.013463 -0.000000 0.001132 0.974528 -0.224261 1.559400 0.014076 0.224224 0.974436 0.000000 0.000000 0.000000 0.000000 1.000000</float_array>
        <technique_common>
          <accessor source="#mixamorig_LeftHandPinky2-Matrix-animation-output-transform-array" count="56" stride="16">
            <param type="float4x4"/>
          </accessor>
        </technique_common>
      </source>
      <source id="mixamorig_LeftHandPinky2-Interpolations">
        <Name_array id="mixamorig_LeftHandPinky2-Interpolations-array" count="56">
 LINEAR LINEAR LINEAR LINEAR LINEAR LINEAR LINEAR LINEAR LINEAR LINEAR LINEAR
LINEAR LINEAR LINEAR LINEAR LINEAR LINEAR LINEAR LINEAR LINEAR LINEAR LINEAR LINEAR
LINEAR LINEAR LINEAR LINEAR LINEAR LINEAR LINEAR LINEAR LINEAR LINEAR LINEAR LINEAR
LINEAR LINEAR LINEAR LINEAR LINEAR LINEAR LINEAR LINEAR LINEAR LINEAR LINEAR LINEAR
LINEAR LINEAR LINEAR LINEAR LINEAR LINEAR LINEAR LINEAR LINEAR</Name_array>
        <technique_common>
          <accessor source="#mixamorig_LeftHandPinky2-Interpolations-array" count="56">
            <param type="name"/>
          </accessor>
        </technique_common>
      </source>
      <sampler id="mixamorig_LeftHandPinky2-Matrix-animation-transform">
        <input semantic="INPUT" source="#mixamorig_LeftHandPinky2-Matrix-animation-input"/>
        <input semantic="OUTPUT" source="#mixamorig_LeftHandPinky2-Matrix-animation-output-transform"/>
        <input semantic="INTERPOLATION" source="#mixamorig_LeftHandPinky2-Interpolations"/>
      </sampler>
      <channel source="#mixamorig_LeftHandPinky2-Matrix-animation-transform" target="mixamorig_LeftHandPinky2/matrix"/>
    </animation>
    <animation id="mixamorig_LeftHandPinky3-anim" name="mixamorig_LeftHandPinky3">
      <source id="mixamorig_LeftHandPinky3-Matrix-animation-input">
        <float_array id="mixamorig_LeftHandPinky3-Matrix-animation-input-array" count="56">

0.000000 0.033333 0.066667 0.100000 0.133333 0.166667 0.200000 0.233333 0.266667 0.300000 0.333333 0.366667 0.400000 0.433333 0.466667 0.500000
0.533333 0.566667 0.600000 0.633333 0.666667 0.700000 0.733333 0.766667 0.800000 0.833333 0.866667 0.900000 0.933333 0.966667 1.000000 1.033333
1.066667 1.100000 1.133333 1.166667 1.200000 1.233333 1.266667 1.300000 1.333333 1.366667 1.400000 1.433333 1.466667 1.500000 1.533333 1.566667
1.600000 1.633333 1.666667 1.700000 1.733333 1.766667 1.800000 1.833333</float_array>
        <technique_common>
          <accessor source="#mixamorig_LeftHandPinky3-Matrix-animation-input-array" count="56">
            <param name="TIME" type="float"/>
          </accessor>
        </technique_common>
      </source>
      <source id="mixamorig_LeftHandPinky3-Matrix-animation-output-transform">
        <float_array id="mixamorig_LeftHandPinky3-Matrix-animation-output-transform-array" count="896">

0.999284 -0.014902 -0.034788 0.000000 -0.002328 0.893271 -0.449512 1.540600 0.037774 0.449271 0.892596 0.000000 0.000000 0.000000 0.000000 1.000000
0.999283 -0.014939 -0.034778 -0.000000 -0.002314 0.892984 -0.450083 1.540600 0.037780 0.449841 0.892309 0.000000 0.000000 0.000000 0.000000 1.000000
0.999283 -0.015048 -0.034750 0.000000 -0.002274 0.892155 -0.451723 1.540600 0.037800 0.451478 0.891481 0.000000 0.000000 0.000000 0.000000 1.000000
0.999282 -0.015220 -0.034704 0.000000 -0.002211 0.890832 -0.454328 1.540600 0.037830 0.454078 0.890158 0.000000 0.000000 0.000000 0.000000 1.000000
0.999280 -0.015449 -0.034643 -0.000000 -0.002126 0.889058 -0.457789 1.540600 0.037872 0.457533 0.888386 0.000000 0.000000 0.000000 0.000000 1.000000
0.999279 -0.015727 -0.034568 0.000000 -0.002024 0.886879 -0.461997 1.540600 0.037923 0.461734 0.886208 0.000000 0.000000 0.000000 0.000000 1.000000
0.999277 -0.016050 -0.034479 0.000000 -0.001904 0.884337 -0.466844 1.540600 0.037984 0.466572 0.883667 0.000000 0.000000 0.000000 0.000000 1.000000
0.999274 -0.016408 -0.034379 0.000000 -0.001773 0.881478 -0.472223 1.540600 0.038053 0.471941 0.880809 0.000000 0.000000 0.000000 0.000000 1.000000
0.999272 -0.016796 -0.034269 0.000000 -0.001630 0.878345 -0.478025 1.540600 0.038128 0.477732 0.877678 0.000000 0.000000 0.000000 0.000000 1.000000
0.999269 -0.017206 -0.034149 0.000000 -0.001479 0.874987 -0.484143 1.540600 0.038210 0.483840 0.874322 0.000000 0.000000 0.000000 0.000000 1.000000
0.999265 -0.017632 -0.034023 0.000000 -0.001323 0.871456 -0.490472 1.540600 0.038298 0.490157 0.870792 0.000000 0.000000 0.000000 0.000000 1.000000
0.999262 -0.018066 -0.033892 0.000000 -0.001164 0.867802 -0.496909 1.540600 0.038389 0.496582 0.867141 0.000000 0.000000 0.000000 0.000000 1.000000
0.999259 -0.018503 -0.033757 0.000000 -0.001004 0.864082 -0.503350 1.540600 0.038483 0.503011 0.863423 0.000000 0.000000 0.000000 0.000000 1.000000
0.999255 -0.018937 -0.033622 -0.000000 -0.000845 0.860355 -0.509694 1.540600 0.038579 0.509343 0.859698 -0.000000 0.000000 0.000000 0.000000 1.000000
0.999252 -0.019359 -0.033488 -0.000000 -0.000690 0.856683 -0.515843 1.540600 0.038675 0.515480 0.856028 0.000000 0.000000 0.000000 0.000000 1.000000
0.999248 -0.019764 -0.033358 0.000000 -0.000542 0.853130 -0.521699 1.540600 0.038769 0.521324 0.852478 0.000000 0.000000 0.000000 0.000000 1.000000
0.999245 -0.020145 -0.033234 -0.000000 -0.000402 0.849762 -0.527167 1.540600 0.038861 0.526782 0.849112 0.000000 0.000000 0.000000 0.000000 1.000000
0.999241 -0.020496 -0.033120 0.000000 -0.000272 0.846649 -0.532151 1.540600 0.038948 0.531757 0.846001 -0.000000 0.000000 0.000000 0.000000 1.000000
0.999238 -0.020810 -0.033018 0.000000 -0.000155 0.843862 -0.536560 1.540600 0.039029 0.536156 0.843216 0.000000 0.000000 0.000000 0.000000 1.000000
0.999235 -0.021082 -0.032931 0.000000 -0.000053 0.841473 -0.540300 1.540600 0.039101 0.539888 0.840828 0.000000 0.000000 0.000000 0.000000 1.000000
0.999233 -0.021305 -0.032863 0.000000 0.000033 0.839553 -0.543278 1.540600 0.039165 0.542860 0.838909 0.000000 0.000000 0.000000 0.000000 1.000000
0.999231 -0.021472 -0.032816 0.000000 0.000099 0.838173 -0.545404 1.540600 0.039216 0.544981 0.837530 0.000000 0.000000 0.000000 0.000000 1.000000
0.999229 -0.021591 -0.032791 0.000000 0.000151 0.837309 -0.546730 1.540600 0.039260 0.546303 0.836667 -0.000000 0.000000 0.000000 0.000000 1.000000
0.999227 -0.021675 -0.032784 -0.000000 0.000193 0.836862 -0.547413 1.540600 0.039301 0.546984 0.836220 0.000000 0.000000 0.000000 0.000000 1.000000
0.999226 -0.021728 -0.032794 -0.000000 0.000227 0.836795 -0.547517 1.540600 0.039339 0.547085 0.836152 0.000000 0.000000 0.000000 0.000000 1.000000
0.999225 -0.021750 -0.032819 0.000000 0.000251 0.837067 -0.547101 1.540600 0.039371 0.546668 0.836423 0.000000 0.000000 0.000000 0.000000 1.000000
0.999224 -0.021744 -0.032856 -0.000000 0.000267 0.837637 -0.546228 1.540600 0.039398 0.545795 0.836992 0.000000 0.000000 0.000000 0.000000 1.000000
0.999223 -0.021711 -0.032904 0.000000 0.000273 0.838464 -0.544957 1.540600 0.039420 0.544524 0.837818 0.000000 0.000000 0.000000 0.000000 1.000000
0.999222 -0.021654 -0.032960 0.000000 0.000270 0.839507 -0.543349 1.540600 0.039436 0.542918 0.838859 0.000000 0.000000 0.000000 0.000000 1.000000
0.999222 -0.021574 -0.033021 0.000000 0.000258 0.840723 -0.541465 1.540600 0.039443 0.541035 0.840075 -0.000000 0.000000 0.000000 0.000000 1.000000
0.999222 -0.021473 -0.033088 0.000000 0.000236 0.842072 -0.539365 1.540600 0.039444 0.538937 0.841422 -0.000000 0.000000 0.000000 0.000000 1.000000
0.999222 -0.021355 -0.033154 0.000000 0.000206 0.843512 -0.537110 1.540600 0.039436 0.536686 0.842860 0.000000 0.000000 0.000000 0.000000 1.000000
0.999223 -0.021220 -0.033220 0.000000 0.000166 0.845003 -0.534761 1.540600 0.039419 0.534340 0.844350 -0.000000 0.000000 0.000000 0.000000 1.000000
0.999224 -0.021071 -0.033283 -0.000000 0.000117 0.846505 -0.532380 1.540600 0.039392 0.531963 0.845851 0.000000 0.000000 0.000000 0.000000 1.000000
0.999225 -0.020892 -0.033349 -0.000000 0.000054 0.848168 -0.529728 1.540600 0.039352 0.529315 0.847512 0.000000 0.000000 0.000000 0.000000 1.000000
0.999227 -0.020671 -0.033423 -0.000000 -0.000026 0.850136 -0.526562 1.540600 0.039299 0.526156 0.849479 0.000000 0.000000 0.000000 0.000000 1.000000
0.999230 -0.020412 -0.033506 0.000000 -0.000123 0.852368 -0.522943 1.540600 0.039234 0.522545 0.851709 0.000000 0.000000 0.000000 0.000000 1.000000
0.999233 -0.020119 -0.033594 0.000000 -0.000235 0.854818 -0.518927 1.540600 0.039158 0.518537 0.854158 0.000000 0.000000 0.000000 0.000000 1.000000
0.999236 -0.019799 -0.033687 0.000000 -0.000358 0.857445 -0.514575 1.540600 0.039073 0.514194 0.856783 0.000000 0.000000 0.000000 0.000000 1.000000
0.999240 -0.019456 -0.033782 0.000000 -0.000491 0.860207 -0.509945 1.540600 0.038981 0.509574 0.859543 -0.000000 0.000000 0.000000 0.000000 1.000000
0.999244 -0.019095 -0.033879 -0.000000 -0.000633 0.863062 -0.505098 1.540600 0.038884 0.504737 0.862397 0.000000 0.000000 0.000000 0.000000 1.000000
0.999247 -0.018721 -0.033976 -0.000000 -0.000780 0.865971 -0.500094 1.540600 0.038785 0.499744 0.865304 0.000000 0.000000 0.000000 0.000000 1.000000
0.999251 -0.018338 -0.034071 0.000000 -0.000932 0.868895 -0.494995 1.540600 0.038681 0.494656 0.868227 0.000000 0.000000 0.000000 0.000000 1.000000
0.999255 -0.017951 -0.034164 0.000000 -0.001087 0.871798 -0.489864 1.540600 0.038578 0.489536 0.871129 -0.000000 0.000000 0.000000 0.000000 1.000000
0.999259 -0.017567 -0.034253 0.000000 -0.001241 0.874644 -0.484764 1.540600 0.038475 0.484448 0.873974 0.000000 0.000000 0.000000 0.000000 1.000000
0.999262 -0.017189 -0.034337 0.000000 -0.001393 0.877399 -0.479760 1.540600 0.038374 0.479454 0.876728 0.000000 0.000000 0.000000 0.000000 1.000000
0.999266 -0.016824 -0.034416 0.000000 -0.001540 0.880030 -0.474916 1.540600 0.038277 0.474621 0.879358 0.000000 0.000000 0.000000 0.000000 1.000000
0.999269 -0.016475 -0.034490 0.000000 -0.001683 0.882506 -0.470298 1.540600 0.038186 0.470013 0.881833 0.000000 0.000000 0.000000 0.000000 1.000000
0.999272 -0.016147 -0.034555 0.000000 -0.001816 0.884797 -0.465973 1.540600 0.038099 0.465697 0.884124 0.000000 0.000000 0.000000 0.000000 1.000000
0.999275 -0.015848 -0.034614 0.000000 -0.001939 0.886874 -0.462007 1.540600 0.038020 0.461739 0.886200 -0.000000 0.000000 0.000000 0.000000 1.000000
0.999278 -0.015579 -0.034665 0.000000 -0.002049 0.888709 -0.458467 1.540600 0.037950 0.458207 0.888035 0.000000 0.000000 0.000000 0.000000 1.000000
0.999280 -0.015350 -0.034708 0.000000 -0.002143 0.890274 -0.455421 1.540600 0.037891 0.455167 0.889600 -0.000000 0.000000 0.000000 0.000000 1.000000
0.999281 -0.015161 -0.034742 0.000000 -0.002221 0.891541 -0.452935 1.540600 0.037841 0.452686 0.890866 -0.000000 0.000000 0.000000 0.000000 1.000000
0.999283 -0.015021 -0.034768 0.000000 -0.002279 0.892482 -0.451078 1.540600 0.037805 0.450833 0.891807 -0.000000 0.000000 0.000000 0.000000 1.000000
0.999283 -0.014933 -0.034783 0.000000 -0.002315 0.893068 -0.449915 1.540600 0.037782 0.449673 0.892394 0.000000 0.000000 0.000000 0.000000 1.000000
0.999284 -0.014902 -0.034788 0.000000 -0.002328 0.893271 -0.449512 1.540600 0.037774 0.449271 0.892596 0.000000 0.000000 0.000000 0.000000 1.000000</float_array>
        <technique_common>
          <accessor source="#mixamorig_LeftHandPinky3-Matrix-animation-output-transform-array" count="56" stride="16">
            <param type="float4x4"/>
          </accessor>
        </technique_common>
      </source>
      <source id="mixamorig_LeftHandPinky3-Interpolations">
        <Name_array id="mixamorig_LeftHandPinky3-Interpolations-array" count="56">
 LINEAR LINEAR LINEAR LINEAR LINEAR LINEAR LINEAR LINEAR LINEAR LINEAR LINEAR
LINEAR LINEAR LINEAR LINEAR LINEAR LINEAR LINEAR LINEAR LINEAR LINEAR LINEAR LINEAR
LINEAR LINEAR LINEAR LINEAR LINEAR LINEAR LINEAR LINEAR LINEAR LINEAR LINEAR LINEAR
LINEAR LINEAR LINEAR LINEAR LINEAR LINEAR LINEAR LINEAR LINEAR LINEAR LINEAR LINEAR
LINEAR LINEAR LINEAR LINEAR LINEAR LINEAR LINEAR LINEAR LINEAR</Name_array>
        <technique_common>
          <accessor source="#mixamorig_LeftHandPinky3-Interpolations-array" count="56">
            <param type="name"/>
          </accessor>
        </technique_common>
      </source>
      <sampler id="mixamorig_LeftHandPinky3-Matrix-animation-transform">
        <input semantic="INPUT" source="#mixamorig_LeftHandPinky3-Matrix-animation-input"/>
        <input semantic="OUTPUT" source="#mixamorig_LeftHandPinky3-Matrix-animation-output-transform"/>
        <input semantic="INTERPOLATION" source="#mixamorig_LeftHandPinky3-Interpolations"/>
      </sampler>
      <channel source="#mixamorig_LeftHandPinky3-Matrix-animation-transform" target="mixamorig_LeftHandPinky3/matrix"/>
    </animation>
    <animation id="mixamorig_RightShoulder-anim" name="mixamorig_RightShoulder">
      <source id="mixamorig_RightShoulder-Matrix-animation-input">
        <float_array id="mixamorig_RightShoulder-Matrix-animation-input-array" count="56">

0.000000 0.033333 0.066667 0.100000 0.133333 0.166667 0.200000 0.233333 0.266667 0.300000 0.333333 0.366667 0.400000 0.433333 0.466667 0.500000
0.533333 0.566667 0.600000 0.633333 0.666667 0.700000 0.733333 0.766667 0.800000 0.833333 0.866667 0.900000 0.933333 0.966667 1.000000 1.033333
1.066667 1.100000 1.133333 1.166667 1.200000 1.233333 1.266667 1.300000 1.333333 1.366667 1.400000 1.433333 1.466667 1.500000 1.533333 1.566667
1.600000 1.633333 1.666667 1.700000 1.733333 1.766667 1.800000 1.833333</float_array>
        <technique_common>
          <accessor source="#mixamorig_RightShoulder-Matrix-animation-input-array" count="56">
            <param name="TIME" type="float"/>
          </accessor>
        </technique_common>
      </source>
      <source id="mixamorig_RightShoulder-Matrix-animation-output-transform">
        <float_array id="mixamorig_RightShoulder-Matrix-animation-output-transform-array" count="896">

0.467158 -0.868238 0.167112 -6.728800 0.014364 -0.181526 -0.983281 11.756700 0.884057 0.461748 -0.072330 -2.058500 0.000000 0.000000 0.000000 1.000000
0.466954 -0.868427 0.166699 -6.728800 0.014204 -0.181124 -0.983358 11.756700 0.884167 0.461551 -0.072241 -2.058500 0.000000 0.000000 0.000000 1.000000
0.466511 -0.868816 0.165912 -6.728800 0.013922 -0.180338 -0.983506 11.756700 0.884406 0.461126 -0.072034 -2.058500 0.000000 0.000000 0.000000 1.000000
0.465931 -0.869213 0.165461 -6.728800 0.013829 -0.179823 -0.983602 11.756700 0.884713 0.460578 -0.071764 -2.058500 0.000000 0.000000 0.000000 1.000000
0.465131 -0.869715 0.165074 -6.728800 0.013811 -0.179321 -0.983694 11.756700 0.885134 0.459827 -0.071396 -2.058500 0.000000 0.000000 0.000000 1.000000
0.464269 -0.869870 0.166675 -6.728800 0.014816 -0.180532 -0.983457 11.756700 0.885570 0.459058 -0.070928 -2.058500 0.000000 0.000000 0.000000 1.000000
0.463523 -0.870427 0.165838 -6.728800 0.014859 -0.179496 -0.983646 11.756700 0.885960 0.458407 -0.070267 -2.058500 0.000000 0.000000 0.000000 1.000000
0.463761 -0.871542 0.159185 -6.728800 0.012570 -0.173184 -0.984809 11.756700 0.885871 0.458717 -0.069361 -2.058500 0.000000 0.000000 0.000000 1.000000
0.461655 -0.873280 0.155744 -6.728800 0.011094 -0.169876 -0.985403 11.756700 0.886990 0.456644 -0.068736 -2.058500 0.000000 0.000000 0.000000 1.000000
0.458634 -0.875376 0.152880 -6.728800 0.009793 -0.167052 -0.985899 11.756700 0.888571 0.453664 -0.068043 -2.058500 0.000000 0.000000 0.000000 1.000000
0.455827 -0.877809 0.147218 -6.728800 0.007445 -0.161635 -0.986822 11.756700 0.890037 0.450917 -0.067143 -2.058500 0.000000 0.000000 0.000000 1.000000
0.454114 -0.879027 0.145234 -6.728800 0.007104 -0.159434 -0.987183 11.756700 0.890915 0.449325 -0.066157 -2.058500 0.000000 0.000000 0.000000 1.000000
0.451993 -0.879494 0.148970 -6.728800 0.008916 -0.162540 -0.986662 11.756700 0.891977 0.447293 -0.065625 -2.058500 0.000000 0.000000 0.000000 1.000000
0.450173 -0.879807 0.152593 -6.728800 0.010980 -0.165421 -0.986162 11.756700 0.892874 0.445619 -0.064808 -2.058500 0.000000 0.000000 0.000000 1.000000
0.448629 -0.880908 0.150774 -6.728800 0.010021 -0.163735 -0.986453 11.756700 0.893662 0.444063 -0.064629 -2.058500 0.000000 0.000000 0.000000 1.000000
0.448441 -0.881088 0.150283 -6.728800 0.009798 -0.163280 -0.986531 11.756700 0.893759 0.443874 -0.064589 -2.058500 0.000000 0.000000 0.000000 1.000000
0.447474 -0.881268 0.152097 -6.728800 0.010600 -0.164835 -0.986264 11.756700 0.894234 0.442939 -0.064418 -2.058500 0.000000 0.000000 0.000000 1.000000
0.446468 -0.881672 0.152710 -6.728800 0.010881 -0.165302 -0.986183 11.756700 0.894733 0.441961 -0.064208 -2.058500 0.000000 0.000000 0.000000 1.000000
0.445526 -0.882303 0.151814 -6.728800 0.010522 -0.164401 -0.986337 11.756700 0.895207 0.441037 -0.063961 -2.058500 0.000000 0.000000 0.000000 1.000000
0.445159 -0.882687 0.150654 -6.728800 0.010034 -0.163317 -0.986523 11.756700 0.895395 0.440671 -0.063845 -2.058500 0.000000 0.000000 0.000000 1.000000
0.443654 -0.883836 0.148342 -6.728800 0.008817 -0.161212 -0.986880 11.756700 0.896155 0.439142 -0.063729 -2.058500 0.000000 0.000000 0.000000 1.000000
0.443119 -0.883878 0.149686 -6.728800 0.009875 -0.162151 -0.986716 11.756700 0.896409 0.438711 -0.063124 -2.058500 0.000000 0.000000 0.000000 1.000000
0.441353 -0.884957 0.148520 -6.728800 0.009333 -0.160976 -0.986914 11.756700 0.897285 0.436964 -0.062788 -2.058500 0.000000 0.000000 0.000000 1.000000
0.439388 -0.886547 0.144817 -6.728800 0.007695 -0.157492 -0.987490 11.756700 0.898265 0.435006 -0.062378 -2.058500 0.000000 0.000000 0.000000 1.000000
0.437451 -0.888000 0.141748 -6.728800 0.006187 -0.154655 -0.987949 11.756700 0.899221 0.433057 -0.062160 -2.058500 0.000000 0.000000 0.000000 1.000000
0.434252 -0.890606 0.135077 -6.728800 0.002741 -0.148646 -0.988887 11.756700 0.900787 0.429797 -0.062108 -2.058500 0.000000 0.000000 0.000000 1.000000
0.429786 -0.893278 0.131674 -6.728800 0.000631 -0.145533 -0.989353 11.756700 0.902930 0.425294 -0.061985 -2.058500 0.000000 0.000000 0.000000 1.000000
0.424827 -0.895447 0.133029 -6.728800 0.000281 -0.146818 -0.989164 11.756700 0.905275 0.420261 -0.062120 -2.058500 0.000000 0.000000 0.000000 1.000000
0.421423 -0.896032 0.139746 -6.728800 0.002014 -0.153173 -0.988197 11.756700 0.906862 0.416731 -0.062746 -2.058500 0.000000 0.000000 0.000000 1.000000
0.419458 -0.896481 0.142745 -6.728800 0.002425 -0.156140 -0.987732 11.756700 0.907771 0.414658 -0.063320 -2.058500 0.000000 0.000000 0.000000 1.000000
0.419838 -0.896862 0.139190 -6.728800 0.000241 -0.153250 -0.988187 11.756700 0.907599 0.414912 -0.064124 -2.058500 0.000000 0.000000 0.000000 1.000000
0.420152 -0.896488 0.140649 -6.728800 -0.000430 -0.155189 -0.987885 11.756700 0.907454 0.415001 -0.065588 -2.058500 0.000000 0.000000 0.000000 1.000000
0.421214 -0.895800 0.141851 -6.728800 -0.000886 -0.156808 -0.987629 11.756700 0.906961 0.415877 -0.066843 -2.058500 0.000000 0.000000 0.000000 1.000000
0.420567 -0.896150 0.141560 -6.728800 -0.001746 -0.156829 -0.987624 11.756700 0.907260 0.415115 -0.067522 -2.058500 0.000000 0.000000 0.000000 1.000000
0.422592 -0.894591 0.145334 -6.728800 -0.000281 -0.160486 -0.987038 11.756700 0.906320 0.417074 -0.068071 -2.058500 0.000000 0.000000 0.000000 1.000000
0.424664 -0.893322 0.147092 -6.728800 0.000475 -0.162250 -0.986750 11.756700 0.905351 0.419107 -0.068477 -2.058500 0.000000 0.000000 0.000000 1.000000
0.427393 -0.891927 0.147653 -6.728800 0.000879 -0.162911 -0.986640 11.756700 0.904065 0.421813 -0.068843 -2.058500 0.000000 0.000000 0.000000 1.000000
0.431228 -0.890183 0.147024 -6.728800 0.001165 -0.162405 -0.986724 11.756700 0.902242 0.425674 -0.068997 -2.058500 0.000000 0.000000 0.000000 1.000000
0.433960 -0.888943 0.146490 -6.728800 0.001214 -0.162021 -0.986787 11.756700 0.900931 0.428404 -0.069231 -2.058500 0.000000 0.000000 0.000000 1.000000
0.435351 -0.888414 0.145571 -6.728800 0.000750 -0.161340 -0.986899 11.756700 0.900261 0.429756 -0.069573 -2.058500 0.000000 0.000000 0.000000 1.000000
0.438384 -0.886945 0.145427 -6.728800 0.001084 -0.161281 -0.986908 11.756700 0.898787 0.432802 -0.069742 -2.058500 0.000000 0.000000 0.000000 1.000000
0.441995 -0.885221 0.144999 -6.728800 0.001384 -0.160973 -0.986958 11.756700 0.897016 0.436431 -0.069924 -2.058500 0.000000 0.000000 0.000000 1.000000
0.443501 -0.884362 0.145637 -6.728800 0.001704 -0.161660 -0.986845 11.756700 0.896272 0.437915 -0.070190 -2.058500 0.000000 0.000000 0.000000 1.000000
0.446729 -0.882551 0.146755 -6.728800 0.002657 -0.162723 -0.986668 11.756700 0.894666 0.441163 -0.070348 -2.058500 0.000000 0.000000 0.000000 1.000000
0.449481 -0.880715 0.149355 -6.728800 0.004105 -0.165159 -0.986258 11.756700 0.893280 0.443918 -0.070621 -2.058500 0.000000 0.000000 0.000000 1.000000
0.452154 -0.879284 0.149720 -6.728800 0.004655 -0.165530 -0.986194 11.756700 0.891928 0.446608 -0.070752 -2.058500 0.000000 0.000000 0.000000 1.000000
0.454625 -0.877249 0.154113 -6.728800 0.006865 -0.169571 -0.985494 11.756700 0.890657 0.449088 -0.071069 -2.058500 0.000000 0.000000 0.000000 1.000000
0.456754 -0.875236 0.159179 -6.728800 0.009257 -0.174249 -0.984658 11.756700 0.889545 0.451220 -0.071487 -2.058500 0.000000 0.000000 0.000000 1.000000
0.458800 -0.873452 0.163046 -6.728800 0.011164 -0.177817 -0.984000 11.756700 0.888469 0.453280 -0.071831 -2.058500 0.000000 0.000000 0.000000 1.000000
0.461376 -0.871562 0.165865 -6.728800 0.012809 -0.180389 -0.983512 11.756700 0.887112 0.455894 -0.072063 -2.058500 0.000000 0.000000 0.000000 1.000000
0.463566 -0.869903 0.168450 -6.728800 0.014364 -0.182708 -0.983062 11.756700 0.885946 0.458133 -0.072202 -2.058500 0.000000 0.000000 0.000000 1.000000
0.464694 -0.868756 0.171238 -6.728800 0.015704 -0.185270 -0.982562 11.756700 0.885332 0.459279 -0.072451 -2.058500 0.000000 0.000000 0.000000 1.000000
0.465729 -0.868279 0.170847 -6.728800 0.015686 -0.184933 -0.982626 11.756700 0.884788 0.460318 -0.072508 -2.058500 0.000000 0.000000 0.000000 1.000000
0.466497 -0.868150 0.169401 -6.728800 0.015206 -0.183618 -0.982880 11.756700 0.884392 0.461087 -0.072456 -2.058500 0.000000 0.000000 0.000000 1.000000
0.466949 -0.868208 0.167848 -6.728800 0.014640 -0.182196 -0.983153 11.756700 0.884163 0.461539 -0.072366 -2.058500 0.000000 0.000000 0.000000 1.000000
0.467159 -0.868237 0.167112 -6.728800 0.014364 -0.181526 -0.983281 11.756700 0.884057 0.461749 -0.072330 -2.058500 0.000000 0.000000 0.000000 1.000000</float_array>
        <technique_common>
          <accessor source="#mixamorig_RightShoulder-Matrix-animation-output-transform-array" count="56" stride="16">
            <param type="float4x4"/>
          </accessor>
        </technique_common>
      </source>
      <source id="mixamorig_RightShoulder-Interpolations">
        <Name_array id="mixamorig_RightShoulder-Interpolations-array" count="56">
 LINEAR LINEAR LINEAR LINEAR LINEAR LINEAR LINEAR LINEAR LINEAR LINEAR LINEAR
LINEAR LINEAR LINEAR LINEAR LINEAR LINEAR LINEAR LINEAR LINEAR LINEAR LINEAR LINEAR
LINEAR LINEAR LINEAR LINEAR LINEAR LINEAR LINEAR LINEAR LINEAR LINEAR LINEAR LINEAR
LINEAR LINEAR LINEAR LINEAR LINEAR LINEAR LINEAR LINEAR LINEAR LINEAR LINEAR LINEAR
LINEAR LINEAR LINEAR LINEAR LINEAR LINEAR LINEAR LINEAR LINEAR</Name_array>
        <technique_common>
          <accessor source="#mixamorig_RightShoulder-Interpolations-array" count="56">
            <param type="name"/>
          </accessor>
        </technique_common>
      </source>
      <sampler id="mixamorig_RightShoulder-Matrix-animation-transform">
        <input semantic="INPUT" source="#mixamorig_RightShoulder-Matrix-animation-input"/>
        <input semantic="OUTPUT" source="#mixamorig_RightShoulder-Matrix-animation-output-transform"/>
        <input semantic="INTERPOLATION" source="#mixamorig_RightShoulder-Interpolations"/>
      </sampler>
      <channel source="#mixamorig_RightShoulder-Matrix-animation-transform" target="mixamorig_RightShoulder/matrix"/>
    </animation>
    <animation id="mixamorig_RightArm-anim" name="mixamorig_RightArm">
      <source id="mixamorig_RightArm-Matrix-animation-input">
        <float_array id="mixamorig_RightArm-Matrix-animation-input-array" count="56">

0.000000 0.033333 0.066667 0.100000 0.133333 0.166667 0.200000 0.233333 0.266667 0.300000 0.333333 0.366667 0.400000 0.433333 0.466667 0.500000
0.533333 0.566667 0.600000 0.633333 0.666667 0.700000 0.733333 0.766667 0.800000 0.833333 0.866667 0.900000 0.933333 0.966667 1.000000 1.033333
1.066667 1.100000 1.133333 1.166667 1.200000 1.233333 1.266667 1.300000 1.333333 1.366667 1.400000 1.433333 1.466667 1.500000 1.533333 1.566667
1.600000 1.633333 1.666667 1.700000 1.733333 1.766667 1.800000 1.833333</float_array>
        <technique_common>
          <accessor source="#mixamorig_RightArm-Matrix-animation-input-array" count="56">
            <param name="TIME" type="float"/>
          </accessor>
        </technique_common>
      </source>
      <source id="mixamorig_RightArm-Matrix-animation-output-transform">
        <float_array id="mixamorig_RightArm-Matrix-animation-output-transform-array" count="896">

0.181223 0.981557 -0.060854 0.000000 -0.939110 0.154353 -0.306998 14.448800 -0.291943 0.112784 0.949763 0.000000 0.000000 0.000000 0.000000 1.000000
0.181801 0.981478 -0.060404 -0.000000 -0.938541 0.154863 -0.308477 14.448800 -0.293409 0.112774 0.949312 0.000000 0.000000 0.000000 0.000000 1.000000
0.184431 0.980928 -0.061358 0.000000 -0.937213 0.156723 -0.311561 14.448800 -0.296003 0.114967 0.948243 0.000000 0.000000 0.000000 0.000000 1.000000
0.189835 0.979695 -0.064496 -0.000000 -0.935541 0.160567 -0.314612 14.448800 -0.297868 0.120063 0.947027 0.000000 0.000000 0.000000 0.000000 1.000000
0.198347 0.977429 -0.072738 0.000000 -0.933637 0.165831 -0.317526 14.448800 -0.298297 0.130892 0.945456 0.000000 0.000000 0.000000 0.000000 1.000000
0.208661 0.974264 -0.085260 -0.000000 -0.932438 0.171889 -0.317827 14.448800 -0.294992 0.145818 0.944308 0.000000 0.000000 0.000000 0.000000 1.000000
0.221589 0.970095 -0.099063 0.000000 -0.930205 0.179801 -0.319986 14.448800 -0.292605 0.163055 0.942229 -0.000000 0.000000 0.000000 0.000000 1.000000
0.239758 0.964186 -0.113411 0.000000 -0.924478 0.191081 -0.329893 14.448800 -0.296407 0.183940 0.937181 0.000000 0.000000 0.000000 0.000000 1.000000
0.254626 0.958408 -0.128917 -0.000000 -0.920177 0.199128 -0.337078 14.448800 -0.297387 0.204456 0.932608 0.000000 0.000000 0.000000 0.000000 1.000000
0.268884 0.952158 -0.145246 0.000000 -0.916057 0.206219 -0.343967 14.448800 -0.297558 0.225541 0.927680 0.000000 0.000000 0.000000 0.000000 1.000000
0.283640 0.945339 -0.160878 0.000000 -0.911249 0.213472 -0.352214 14.448800 -0.298619 0.246502 0.921989 0.000000 0.000000 0.000000 0.000000 1.000000
0.299298 0.937750 -0.176195 0.000000 -0.907246 0.222499 -0.356930 14.448800 -0.295508 0.266681 0.917364 0.000000 0.000000 0.000000 0.000000 1.000000
0.313625 0.930241 -0.190501 0.000000 -0.905841 0.232941 -0.353822 14.448800 -0.284764 0.283531 0.915707 0.000000 0.000000 0.000000 0.000000 1.000000
0.327987 0.922347 -0.204205 0.000000 -0.903860 0.243537 -0.351749 14.448800 -0.274704 0.299942 0.913550 0.000000 0.000000 0.000000 0.000000 1.000000
0.340296 0.915626 -0.214076 0.000000 -0.900819 0.252149 -0.353477 14.448800 -0.269673 0.313130 0.910618 0.000000 0.000000 0.000000 0.000000 1.000000
0.353436 0.908638 -0.222396 0.000000 -0.897315 0.262108 -0.355142 14.448800 -0.264404 0.325079 0.907972 0.000000 0.000000 0.000000 0.000000 1.000000
0.364057 0.902026 -0.231976 0.000000 -0.894836 0.269670 -0.355733 14.448800 -0.258324 0.337087 0.905340 0.000000 0.000000 0.000000 0.000000 1.000000
0.372532 0.896161 -0.241072 0.000000 -0.892545 0.274854 -0.357518 14.448800 -0.254134 0.348355 0.902255 -0.000000 0.000000 0.000000 0.000000 1.000000
0.379813 0.890697 -0.249804 0.000000 -0.890072 0.278302 -0.360998 14.448800 -0.252019 0.359455 0.898487 0.000000 0.000000 0.000000 0.000000 1.000000
0.386305 0.885856 -0.256960 0.000000 -0.887598 0.281251 -0.364785 14.448800 -0.250877 0.368996 0.894932 0.000000 0.000000 0.000000 0.000000 1.000000
0.389860 0.882405 -0.263384 0.000000 -0.885562 0.280804 -0.370040 14.448800 -0.252565 0.377507 0.890898 0.000000 0.000000 0.000000 0.000000 1.000000
0.393675 0.878600 -0.270338 0.000000 -0.883830 0.280921 -0.374070 14.448800 -0.252714 0.386195 0.887124 0.000000 0.000000 0.000000 0.000000 1.000000
0.395356 0.876341 -0.275172 0.000000 -0.882080 0.278677 -0.379833 14.448800 -0.256180 0.392893 0.883180 0.000000 0.000000 0.000000 0.000000 1.000000
0.396484 0.874811 -0.278400 0.000000 -0.879742 0.275374 -0.387585 14.448800 -0.262400 0.398592 0.878789 0.000000 0.000000 0.000000 0.000000 1.000000
0.397556 0.873585 -0.280711 0.000000 -0.877199 0.272084 -0.395592 14.448800 -0.269207 0.403509 0.874476 0.000000 0.000000 0.000000 0.000000 1.000000
0.396084 0.873770 -0.282213 0.000000 -0.874506 0.265273 -0.406041 14.448800 -0.279923 0.407623 0.869187 0.000000 0.000000 0.000000 0.000000 1.000000
0.391710 0.875559 -0.282772 0.000000 -0.874032 0.258076 -0.411661 14.448800 -0.287457 0.408403 0.866357 -0.000000 0.000000 0.000000 0.000000 1.000000
0.384964 0.878695 -0.282307 0.000000 -0.875740 0.251213 -0.412276 14.448800 -0.291346 0.405939 0.866216 0.000000 0.000000 0.000000 0.000000 1.000000
0.378393 0.882422 -0.279555 0.000000 -0.878927 0.247783 -0.407543 14.448800 -0.290356 0.399920 0.869343 0.000000 0.000000 0.000000 0.000000 1.000000
0.370223 0.887692 -0.273749 0.000000 -0.882179 0.243652 -0.402981 14.448800 -0.291023 0.390688 0.873309 0.000000 0.000000 0.000000 0.000000 1.000000
0.361125 0.894453 -0.263708 0.000000 -0.884365 0.238800 -0.401089 14.448800 -0.295782 0.378057 0.877260 -0.000000 0.000000 0.000000 0.000000 1.000000
0.350569 0.901868 -0.252460 0.000000 -0.888718 0.235318 -0.393453 14.448800 -0.295434 0.362298 0.884002 0.000000 0.000000 0.000000 0.000000 1.000000
0.338978 0.909592 -0.240283 0.000000 -0.893684 0.231516 -0.384356 14.448800 -0.293978 0.345025 0.891367 0.000000 0.000000 0.000000 0.000000 1.000000
0.322622 0.918588 -0.228278 0.000000 -0.899587 0.222565 -0.375776 14.448800 -0.294376 0.326589 0.898155 0.000000 0.000000 0.000000 0.000000 1.000000
0.310951 0.925675 -0.215487 0.000000 -0.904466 0.218556 -0.366299 14.448800 -0.291978 0.308801 0.905202 0.000000 0.000000 0.000000 0.000000 1.000000
0.299585 0.932515 -0.201653 0.000000 -0.908549 0.214338 -0.358606 14.448800 -0.291183 0.290644 0.911448 0.000000 0.000000 0.000000 0.000000 1.000000
0.289415 0.938356 -0.189017 0.000000 -0.911649 0.210021 -0.353253 14.448800 -0.291780 0.274554 0.916234 0.000000 0.000000 0.000000 0.000000 1.000000
0.280845 0.943390 -0.176469 0.000000 -0.914078 0.206872 -0.348805 14.448800 -0.292553 0.259267 0.920431 0.000000 0.000000 0.000000 0.000000 1.000000
0.271274 0.948103 -0.165865 0.000000 -0.916496 0.201803 -0.345415 14.448800 -0.294017 0.245717 0.923676 0.000000 0.000000 0.000000 0.000000 1.000000
0.259501 0.953055 -0.156028 -0.000000 -0.919453 0.194398 -0.341782 14.448800 -0.295406 0.232154 0.926736 0.000000 0.000000 0.000000 0.000000 1.000000
0.250359 0.957018 -0.146413 0.000000 -0.921884 0.189460 -0.337986 14.448800 -0.295720 0.219594 0.929693 -0.000000 0.000000 0.000000 0.000000 1.000000
0.243253 0.960224 -0.137105 0.000000 -0.923251 0.185877 -0.336239 14.448800 -0.297380 0.208374 0.931743 0.000000 0.000000 0.000000 0.000000 1.000000
0.232105 0.964096 -0.129017 -0.000000 -0.926139 0.178502 -0.332269 14.448800 -0.297310 0.196609 0.934319 -0.000000 0.000000 0.000000 0.000000 1.000000
0.223830 0.966982 -0.121842 0.000000 -0.928215 0.173380 -0.329175 14.448800 -0.297181 0.186775 0.936375 0.000000 0.000000 0.000000 0.000000 1.000000
0.214996 0.969880 -0.114499 -0.000000 -0.930759 0.167984 -0.324759 14.448800 -0.295744 0.176393 0.938840 0.000000 0.000000 0.000000 0.000000 1.000000
0.207333 0.972376 -0.107228 -0.000000 -0.932322 0.163206 -0.322705 14.448800 -0.296291 0.166878 0.940406 0.000000 0.000000 0.000000 0.000000 1.000000
0.199313 0.974741 -0.100769 0.000000 -0.934983 0.158374 -0.317371 14.448800 -0.293396 0.157473 0.942932 0.000000 0.000000 0.000000 0.000000 1.000000
0.190344 0.977192 -0.094155 -0.000000 -0.937976 0.152715 -0.311255 14.448800 -0.289777 0.147561 0.945651 0.000000 0.000000 0.000000 0.000000 1.000000
0.182670 0.979238 -0.087887 0.000000 -0.940312 0.147901 -0.306494 14.448800 -0.287132 0.138628 0.947807 0.000000 0.000000 0.000000 0.000000 1.000000
0.178597 0.980478 -0.082261 0.000000 -0.941573 0.146047 -0.303497 14.448800 -0.285558 0.131658 0.949275 0.000000 0.000000 0.000000 0.000000 1.000000
0.175373 0.981436 -0.077640 0.000000 -0.942397 0.144533 -0.301659 14.448800 -0.284838 0.126071 0.950249 0.000000 0.000000 0.000000 0.000000 1.000000
0.173235 0.982113 -0.073779 0.000000 -0.943195 0.143873 -0.299474 14.448800 -0.283502 0.121468 0.951248 0.000000 0.000000 0.000000 0.000000 1.000000
0.174676 0.982176 -0.069417 -0.000000 -0.942396 0.146343 -0.300787 14.448800 -0.285267 0.117959 0.951162 0.000000 0.000000 0.000000 0.000000 1.000000
0.177421 0.981969 -0.065253 0.000000 -0.941024 0.149865 -0.303338 14.448800 -0.288089 0.115223 0.950646 0.000000 0.000000 0.000000 0.000000 1.000000
0.179982 0.981706 -0.062129 0.000000 -0.939716 0.152927 -0.305855 14.448800 -0.290758 0.113432 0.950049 0.000000 0.000000 0.000000 0.000000 1.000000
0.181222 0.981558 -0.060854 -0.000000 -0.939110 0.154352 -0.306998 14.448800 -0.291943 0.112784 0.949763 -0.000000 0.000000 0.000000 0.000000 1.000000</float_array>
        <technique_common>
          <accessor source="#mixamorig_RightArm-Matrix-animation-output-transform-array" count="56" stride="16">
            <param type="float4x4"/>
          </accessor>
        </technique_common>
      </source>
      <source id="mixamorig_RightArm-Interpolations">
        <Name_array id="mixamorig_RightArm-Interpolations-array" count="56">
 LINEAR LINEAR LINEAR LINEAR LINEAR LINEAR LINEAR LINEAR LINEAR LINEAR LINEAR
LINEAR LINEAR LINEAR LINEAR LINEAR LINEAR LINEAR LINEAR LINEAR LINEAR LINEAR LINEAR
LINEAR LINEAR LINEAR LINEAR LINEAR LINEAR LINEAR LINEAR LINEAR LINEAR LINEAR LINEAR
LINEAR LINEAR LINEAR LINEAR LINEAR LINEAR LINEAR LINEAR LINEAR LINEAR LINEAR LINEAR
LINEAR LINEAR LINEAR LINEAR LINEAR LINEAR LINEAR LINEAR LINEAR</Name_array>
        <technique_common>
          <accessor source="#mixamorig_RightArm-Interpolations-array" count="56">
            <param type="name"/>
          </accessor>
        </technique_common>
      </source>
      <sampler id="mixamorig_RightArm-Matrix-animation-transform">
        <input semantic="INPUT" source="#mixamorig_RightArm-Matrix-animation-input"/>
        <input semantic="OUTPUT" source="#mixamorig_RightArm-Matrix-animation-output-transform"/>
        <input semantic="INTERPOLATION" source="#mixamorig_RightArm-Interpolations"/>
      </sampler>
      <channel source="#mixamorig_RightArm-Matrix-animation-transform" target="mixamorig_RightArm/matrix"/>
    </animation>
    <animation id="mixamorig_RightForeArm-anim" name="mixamorig_RightForeArm">
      <source id="mixamorig_RightForeArm-Matrix-animation-input">
        <float_array id="mixamorig_RightForeArm-Matrix-animation-input-array" count="56">

0.000000 0.033333 0.066667 0.100000 0.133333 0.166667 0.200000 0.233333 0.266667 0.300000 0.333333 0.366667 0.400000 0.433333 0.466667 0.500000
0.533333 0.566667 0.600000 0.633333 0.666667 0.700000 0.733333 0.766667 0.800000 0.833333 0.866667 0.900000 0.933333 0.966667 1.000000 1.033333
1.066667 1.100000 1.133333 1.166667 1.200000 1.233333 1.266667 1.300000 1.333333 1.366667 1.400000 1.433333 1.466667 1.500000 1.533333 1.566667
1.600000 1.633333 1.666667 1.700000 1.733333 1.766667 1.800000 1.833333</float_array>
        <technique_common>
          <accessor source="#mixamorig_RightForeArm-Matrix-animation-input-array" count="56">
            <param name="TIME" type="float"/>
          </accessor>
        </technique_common>
      </source>
      <source id="mixamorig_RightForeArm-Matrix-animation-output-transform">
        <float_array id="mixamorig_RightForeArm-Matrix-animation-output-transform-array" count="896">

0.770013 0.634409 0.067871 0.000000 -0.626832 0.772048 -0.104990 23.160299 -0.119006 0.038300 0.992155 0.000000 0.000000 0.000000 0.000000 1.000000
0.768867 0.635814 0.067709 0.000000 -0.628230 0.770891 -0.105138 23.160299 -0.119044 0.038300 0.992150 -0.000000 0.000000 0.000000 0.000000 1.000000
0.765874 0.639458 0.067303 0.000000 -0.631852 0.767871 -0.105530 23.160299 -0.119162 0.038297 0.992136 0.000000 0.000000 0.000000 0.000000 1.000000
0.760915 0.645423 0.066610 0.000000 -0.637779 0.762863 -0.106202 23.160299 -0.119360 0.038329 0.992111 0.000000 0.000000 0.000000 0.000000 1.000000
0.755071 0.652319 0.065933 -0.000000 -0.644629 0.756979 -0.106944 23.160299 -0.119671 0.038248 0.992077 0.000000 0.000000 0.000000 0.000000 1.000000
0.749948 0.658240 0.065556 0.000000 -0.650498 0.751845 -0.107620 23.160299 -0.120128 0.038066 0.992028 0.000000 0.000000 0.000000 0.000000 1.000000
0.742317 0.666974 0.064125 0.000000 -0.658987 0.744029 -0.110263 23.160299 -0.121253 0.039593 0.991832 -0.000000 0.000000 0.000000 0.000000 1.000000
0.727323 0.683551 0.061314 0.000000 -0.675413 0.728774 -0.112717 23.160299 -0.121732 0.040569 0.991734 0.000000 0.000000 0.000000 0.000000 1.000000
0.713687 0.697986 0.058881 -0.000000 -0.689696 0.714910 -0.114987 23.160299 -0.122354 0.041455 0.991620 -0.000000 0.000000 0.000000 0.000000 1.000000
0.699337 0.712540 0.056698 -0.000000 -0.704228 0.700417 -0.116102 23.160299 -0.122440 0.041266 0.991618 0.000000 0.000000 0.000000 0.000000 1.000000
0.682900 0.728437 0.055026 0.000000 -0.720295 0.683990 -0.115469 23.160299 -0.121749 0.039219 0.991786 0.000000 0.000000 0.000000 0.000000 1.000000
0.667969 0.742285 0.053198 0.000000 -0.734213 0.668995 -0.115657 23.160299 -0.121439 0.038197 0.991864 0.000000 0.000000 0.000000 0.000000 1.000000
0.653291 0.755300 0.052270 -0.000000 -0.747431 0.654406 -0.114454 23.160299 -0.120652 0.035704 0.992053 0.000000 0.000000 0.000000 0.000000 1.000000
0.637224 0.768929 0.051894 0.000000 -0.761408 0.638543 -0.111892 23.160299 -0.119174 0.031787 0.992364 0.000000 0.000000 0.000000 0.000000 1.000000
0.622231 0.781167 0.051064 0.000000 -0.773834 0.623630 -0.110755 23.160299 -0.118363 0.029400 0.992535 0.000000 0.000000 0.000000 0.000000 1.000000
0.607032 0.793085 0.050279 0.000000 -0.785972 0.608518 -0.109333 23.160299 -0.117306 0.026851 0.992733 0.000000 0.000000 0.000000 0.000000 1.000000
0.597136 0.800509 0.051115 -0.000000 -0.793774 0.598887 -0.106101 23.160299 -0.115547 0.022783 0.993041 0.000000 0.000000 0.000000 0.000000 1.000000
0.590371 0.805455 0.052003 0.000000 -0.799031 0.592336 -0.103382 23.160299 -0.114073 0.019482 0.993281 0.000000 0.000000 0.000000 0.000000 1.000000
0.586237 0.808411 0.052898 0.000000 -0.802264 0.588381 -0.100899 23.160299 -0.112692 0.016712 0.993489 0.000000 0.000000 0.000000 0.000000 1.000000
0.584067 0.809894 0.054198 -0.000000 -0.804082 0.586420 -0.097800 23.160299 -0.110990 0.013542 0.993729 0.000000 0.000000 0.000000 0.000000 1.000000
0.586035 0.808357 0.055877 0.000000 -0.802863 0.588597 -0.094682 23.160299 -0.109426 0.010626 0.993938 0.000000 0.000000 0.000000 0.000000 1.000000
0.588320 0.806528 0.058239 0.000000 -0.801513 0.591162 -0.090024 23.160299 -0.107036 0.006284 0.994235 -0.000000 0.000000 0.000000 0.000000 1.000000
0.592995 0.802958 0.060124 0.000000 -0.798279 0.596026 -0.086626 23.160299 -0.105393 0.003373 0.994425 0.000000 0.000000 0.000000 0.000000 1.000000
0.598193 0.798981 0.061602 0.000000 -0.794541 0.601355 -0.084120 23.160299 -0.104255 0.001375 0.994550 0.000000 0.000000 0.000000 0.000000 1.000000
0.602973 0.795267 0.063041 -0.000000 -0.791085 0.606259 -0.081448 23.160299 -0.102992 -0.000760 0.994682 0.000000 0.000000 0.000000 0.000000 1.000000
0.609742 0.789977 0.064430 0.000000 -0.786001 0.613132 -0.079200 23.160299 -0.102070 -0.002351 0.994774 0.000000 0.000000 0.000000 0.000000 1.000000
0.618344 0.783211 0.065046 0.000000 -0.779218 0.621753 -0.079013 23.160299 -0.102327 -0.001828 0.994749 0.000000 0.000000 0.000000 0.000000 1.000000
0.627744 0.775653 0.065566 0.000000 -0.771602 0.631158 -0.079183 23.160299 -0.102801 -0.000884 0.994702 0.000000 0.000000 0.000000 0.000000 1.000000
0.635008 0.769634 0.066546 0.000000 -0.765679 0.638483 -0.077941 23.160299 -0.102474 -0.001459 0.994735 0.000000 0.000000 0.000000 0.000000 1.000000
0.642146 0.763580 0.067787 0.000000 -0.759785 0.645708 -0.076077 23.160299 -0.101861 -0.002651 0.994795 -0.000000 0.000000 0.000000 0.000000 1.000000
0.648993 0.757683 0.068736 0.000000 -0.753990 0.652614 -0.074791 23.160299 -0.101526 -0.003287 0.994827 0.000000 0.000000 0.000000 0.000000 1.000000
0.655087 0.752327 0.069753 -0.000000 -0.748800 0.658775 -0.072898 23.160299 -0.100795 -0.004477 0.994897 -0.000000 0.000000 0.000000 0.000000 1.000000
0.661815 0.746278 0.071205 -0.000000 -0.743032 0.665601 -0.069844 23.160299 -0.099517 -0.006684 0.995013 0.000000 0.000000 0.000000 0.000000 1.000000
0.672385 0.736619 0.072739 0.000000 -0.733605 0.676257 -0.067079 23.160299 -0.098601 -0.008259 0.995093 0.000000 0.000000 0.000000 0.000000 1.000000
0.679249 0.730265 0.073028 0.000000 -0.727204 0.683123 -0.067210 23.160299 -0.098968 -0.007454 0.995063 0.000000 0.000000 0.000000 0.000000 1.000000
0.685587 0.724329 0.072922 0.000000 -0.721103 0.689432 -0.068513 23.160299 -0.099901 -0.005613 0.994982 -0.000000 0.000000 0.000000 0.000000 1.000000
0.692034 0.718170 0.072945 0.000000 -0.714787 0.695857 -0.069734 23.160299 -0.100840 -0.003882 0.994895 0.000000 0.000000 0.000000 0.000000 1.000000
0.697509 0.712870 0.072780 -0.000000 -0.709285 0.701294 -0.071423 23.160299 -0.101956 -0.001803 0.994787 0.000000 0.000000 0.000000 0.000000 1.000000
0.704482 0.706009 0.072502 0.000000 -0.702140 0.708202 -0.073822 23.160299 -0.103465 0.001100 0.994633 0.000000 0.000000 0.000000 0.000000 1.000000
0.712992 0.697410 0.072539 -0.000000 -0.693291 0.716662 -0.075781 23.160299 -0.104837 0.003741 0.994482 -0.000000 0.000000 0.000000 0.000000 1.000000
0.719061 0.691154 0.072506 0.000000 -0.686834 0.722684 -0.077380 23.160299 -0.105880 0.005841 0.994362 0.000000 0.000000 0.000000 0.000000 1.000000
0.724049 0.685961 0.072186 0.000000 -0.681363 0.727588 -0.079745 23.160299 -0.107224 0.008555 0.994198 0.000000 0.000000 0.000000 0.000000 1.000000
0.731848 0.677601 0.072496 0.000000 -0.672823 0.735354 -0.081017 23.160299 -0.108207 0.010515 0.994073 0.000000 0.000000 0.000000 0.000000 1.000000
0.737819 0.671061 0.072804 -0.000000 -0.666166 0.741307 -0.081771 23.160299 -0.108844 0.011833 0.993988 0.000000 0.000000 0.000000 0.000000 1.000000
0.744041 0.664131 0.073028 0.000000 -0.659079 0.747494 -0.082868 23.160299 -0.109623 0.013526 0.993881 0.000000 0.000000 0.000000 0.000000 1.000000
0.749819 0.657582 0.073199 -0.000000 -0.652347 0.753226 -0.084231 23.160299 -0.110524 0.015407 0.993754 0.000000 0.000000 0.000000 0.000000 1.000000
0.756324 0.650073 0.073338 0.000000 -0.644641 0.759670 -0.085668 23.160299 -0.111404 0.017516 0.993621 -0.000000 0.000000 0.000000 0.000000 1.000000
0.763519 0.641591 0.073483 0.000000 -0.635915 0.766784 -0.087493 23.160299 -0.112481 0.020074 0.993451 0.000000 0.000000 0.000000 0.000000 1.000000
0.770087 0.633671 0.073677 0.000000 -0.627753 0.773276 -0.089280 23.160299 -0.113546 0.022503 0.993278 0.000000 0.000000 0.000000 0.000000 1.000000
0.774212 0.628648 0.073469 0.000000 -0.622473 0.777287 -0.091392 23.160299 -0.114560 0.025024 0.993101 0.000000 0.000000 0.000000 0.000000 1.000000
0.777249 0.624937 0.073052 0.000000 -0.618519 0.780192 -0.093461 23.160299 -0.115402 0.027458 0.992939 0.000000 0.000000 0.000000 0.000000 1.000000
0.779070 0.622744 0.072387 -0.000000 -0.616051 0.781845 -0.095913 23.160299 -0.116325 0.030129 0.992754 0.000000 0.000000 0.000000 0.000000 1.000000
0.777328 0.625061 0.071134 0.000000 -0.618077 0.779885 -0.098790 23.160299 -0.117226 0.032826 0.992563 0.000000 0.000000 0.000000 0.000000 1.000000
0.774233 0.629055 0.069660 0.000000 -0.621785 0.776552 -0.101737 23.160299 -0.118092 0.035454 0.992369 0.000000 0.000000 0.000000 0.000000 1.000000
0.771362 0.632707 0.068422 0.000000 -0.625218 0.773483 -0.104049 23.160299 -0.118756 0.037481 0.992216 -0.000000 0.000000 0.000000 0.000000 1.000000
0.770013 0.634408 0.067871 -0.000000 -0.626831 0.772049 -0.104990 23.160299 -0.119007 0.038300 0.992154 0.000000 0.000000 0.000000 0.000000 1.000000</float_array>
        <technique_common>
          <accessor source="#mixamorig_RightForeArm-Matrix-animation-output-transform-array" count="56" stride="16">
            <param type="float4x4"/>
          </accessor>
        </technique_common>
      </source>
      <source id="mixamorig_RightForeArm-Interpolations">
        <Name_array id="mixamorig_RightForeArm-Interpolations-array" count="56">
 LINEAR LINEAR LINEAR LINEAR LINEAR LINEAR LINEAR LINEAR LINEAR LINEAR LINEAR
LINEAR LINEAR LINEAR LINEAR LINEAR LINEAR LINEAR LINEAR LINEAR LINEAR LINEAR LINEAR
LINEAR LINEAR LINEAR LINEAR LINEAR LINEAR LINEAR LINEAR LINEAR LINEAR LINEAR LINEAR
LINEAR LINEAR LINEAR LINEAR LINEAR LINEAR LINEAR LINEAR LINEAR LINEAR LINEAR LINEAR
LINEAR LINEAR LINEAR LINEAR LINEAR LINEAR LINEAR LINEAR LINEAR</Name_array>
        <technique_common>
          <accessor source="#mixamorig_RightForeArm-Interpolations-array" count="56">
            <param type="name"/>
          </accessor>
        </technique_common>
      </source>
      <sampler id="mixamorig_RightForeArm-Matrix-animation-transform">
        <input semantic="INPUT" source="#mixamorig_RightForeArm-Matrix-animation-input"/>
        <input semantic="OUTPUT" source="#mixamorig_RightForeArm-Matrix-animation-output-transform"/>
        <input semantic="INTERPOLATION" source="#mixamorig_RightForeArm-Interpolations"/>
      </sampler>
      <channel source="#mixamorig_RightForeArm-Matrix-animation-transform" target="mixamorig_RightForeArm/matrix"/>
    </animation>
    <animation id="mixamorig_RightHand-anim" name="mixamorig_RightHand">
      <source id="mixamorig_RightHand-Matrix-animation-input">
        <float_array id="mixamorig_RightHand-Matrix-animation-input-array" count="56">

0.000000 0.033333 0.066667 0.100000 0.133333 0.166667 0.200000 0.233333 0.266667 0.300000 0.333333 0.366667 0.400000 0.433333 0.466667 0.500000
0.533333 0.566667 0.600000 0.633333 0.666667 0.700000 0.733333 0.766667 0.800000 0.833333 0.866667 0.900000 0.933333 0.966667 1.000000 1.033333
1.066667 1.100000 1.133333 1.166667 1.200000 1.233333 1.266667 1.300000 1.333333 1.366667 1.400000 1.433333 1.466667 1.500000 1.533333 1.566667
1.600000 1.633333 1.666667 1.700000 1.733333 1.766667 1.800000 1.833333</float_array>
        <technique_common>
          <accessor source="#mixamorig_RightHand-Matrix-animation-input-array" count="56">
            <param name="TIME" type="float"/>
          </accessor>
        </technique_common>
      </source>
      <source id="mixamorig_RightHand-Matrix-animation-output-transform">
        <float_array id="mixamorig_RightHand-Matrix-animation-output-transform-array" count="896">

0.982004 0.188139 0.016509 -0.000000 -0.180909 0.911952 0.368259 24.071699 0.054228 -0.364619 0.929576 -0.000000 0.000000 0.000000 0.000000 1.000000
0.982765 0.183630 0.021299 0.000000 -0.178459 0.912354 0.368460 24.071699 0.048228 -0.365911 0.929400 0.000000 0.000000 0.000000 0.000000 1.000000
0.983696 0.177621 0.028170 -0.000000 -0.175391 0.912888 0.368610 24.071699 0.039757 -0.367541 0.929157 0.000000 0.000000 0.000000 0.000000 1.000000
0.984602 0.171304 0.034849 0.000000 -0.171955 0.913165 0.369541 24.071699 0.031481 -0.369843 0.928561 0.000000 0.000000 0.000000 0.000000 1.000000
0.985060 0.167075 0.041745 -0.000000 -0.170515 0.912328 0.372266 24.071699 0.024111 -0.373822 0.927187 0.000000 0.000000 0.000000 0.000000 1.000000
0.984887 0.165618 0.050676 0.000000 -0.172440 0.910343 0.376219 24.071699 0.016176 -0.379271 0.925144 0.000000 0.000000 0.000000 0.000000 1.000000
0.984679 0.164069 0.059072 0.000000 -0.174138 0.907343 0.382628 24.071699 0.009179 -0.387052 0.922012 0.000000 0.000000 0.000000 0.000000 1.000000
0.985260 0.159080 0.062895 0.000000 -0.170982 0.904588 0.390494 24.071699 0.005225 -0.395492 0.918455 0.000000 0.000000 0.000000 0.000000 1.000000
0.985717 0.155190 0.065402 -0.000000 -0.168388 0.902276 0.396917 24.071699 0.002586 -0.402261 0.915522 -0.000000 0.000000 0.000000 0.000000 1.000000
0.986426 0.150213 0.066337 -0.000000 -0.164207 0.900651 0.402322 24.071699 0.000687 -0.407754 0.913092 0.000000 0.000000 0.000000 0.000000 1.000000
0.987461 0.143373 0.066069 0.000000 -0.157860 0.899542 0.407315 24.071699 -0.001034 -0.412637 0.910895 -0.000000 0.000000 0.000000 0.000000 1.000000
0.988390 0.136196 0.067348 0.000000 -0.151875 0.898337 0.412219 24.071699 -0.004359 -0.417662 0.908592 0.000000 0.000000 0.000000 0.000000 1.000000
0.989356 0.127642 0.069874 0.000000 -0.145183 0.898303 0.414698 24.071699 -0.009835 -0.420428 0.907272 0.000000 0.000000 0.000000 0.000000 1.000000
0.990527 0.118051 0.070144 0.000000 -0.136600 0.899265 0.415528 24.071699 -0.014024 -0.421173 0.906872 0.000000 0.000000 0.000000 0.000000 1.000000
0.991536 0.110083 0.068834 0.000000 -0.128841 0.899687 0.417089 24.071699 -0.016014 -0.422427 0.906255 -0.000000 0.000000 0.000000 0.000000 1.000000
0.992666 0.101064 0.066339 0.000000 -0.119609 0.900789 0.417461 24.071699 -0.017567 -0.422334 0.906270 -0.000000 0.000000 0.000000 0.000000 1.000000
0.993328 0.094400 0.066242 0.000000 -0.113470 0.902586 0.415286 24.071699 -0.020586 -0.420032 0.907276 0.000000 0.000000 0.000000 0.000000 1.000000
0.993734 0.089874 0.066451 0.000000 -0.109393 0.904054 0.413183 24.071699 -0.022941 -0.417863 0.908220 0.000000 0.000000 0.000000 0.000000 1.000000
0.993950 0.087490 0.066397 0.000000 -0.107153 0.905164 0.411334 24.071699 -0.024113 -0.415960 0.909063 0.000000 0.000000 0.000000 0.000000 1.000000
0.994077 0.086015 0.066428 0.000000 -0.105757 0.906406 0.408955 24.071699 -0.025035 -0.413558 0.910133 0.000000 0.000000 0.000000 0.000000 1.000000
0.993960 0.087410 0.066350 0.000000 -0.106917 0.907600 0.405994 24.071699 -0.024731 -0.410636 0.911464 0.000000 0.000000 0.000000 0.000000 1.000000
0.994047 0.087740 0.064594 -0.000000 -0.106368 0.909887 0.400988 24.071699 -0.023590 -0.405471 0.913803 0.000000 0.000000 0.000000 0.000000 1.000000
0.993900 0.090823 0.062567 0.000000 -0.108269 0.911561 0.396654 24.071699 -0.021008 -0.401009 0.915833 0.000000 0.000000 0.000000 0.000000 1.000000
0.993663 0.095059 0.059986 0.000000 -0.111051 0.912764 0.393102 24.071699 -0.017385 -0.397272 0.917536 -0.000000 0.000000 0.000000 0.000000 1.000000
0.993498 0.099142 0.055972 0.000000 -0.113149 0.914304 0.388904 24.071699 -0.012618 -0.392708 0.919576 0.000000 0.000000 0.000000 0.000000 1.000000
0.993051 0.105735 0.051673 -0.000000 -0.117503 0.915316 0.385214 24.071699 -0.006566 -0.388609 0.921379 0.000000 0.000000 0.000000 0.000000 1.000000
0.992426 0.112876 0.048481 -0.000000 -0.122841 0.915763 0.382476 24.071699 -0.001225 -0.385534 0.922693 0.000000 0.000000 0.000000 0.000000 1.000000
0.991825 0.119255 0.045399 0.000000 -0.127553 0.916468 0.379231 24.071699 0.003618 -0.381922 0.924188 0.000000 0.000000 0.000000 0.000000 1.000000
0.991619 0.122227 0.041851 0.000000 -0.128988 0.918389 0.374063 24.071699 0.007285 -0.376326 0.926459 0.000000 0.000000 0.000000 0.000000 1.000000
0.991420 0.124538 0.039714 0.000000 -0.130372 0.920000 0.369597 24.071699 0.009492 -0.371604 0.928343 0.000000 0.000000 0.000000 0.000000 1.000000
0.991192 0.126908 0.037842 0.000000 -0.131909 0.920800 0.367051 24.071699 0.011737 -0.368810 0.929431 -0.000000 0.000000 0.000000 0.000000 1.000000
0.991356 0.126113 0.036182 0.000000 -0.130614 0.922604 0.362962 24.071699 0.012392 -0.364551 0.931101 0.000000 0.000000 0.000000 0.000000 1.000000
0.991510 0.125037 0.035676 0.000000 -0.129491 0.924615 0.358218 24.071699 0.011804 -0.359796 0.932956 0.000000 0.000000 0.000000 0.000000 1.000000
0.991226 0.127292 0.035593 0.000000 -0.131621 0.925996 0.353847 24.071699 0.012083 -0.355428 0.934626 0.000000 0.000000 0.000000 0.000000 1.000000
0.991423 0.126651 0.032257 0.000000 -0.129892 0.927555 0.350386 24.071699 0.014456 -0.351571 0.936050 -0.000000 0.000000 0.000000 0.000000 1.000000
0.991546 0.126834 0.027391 -0.000000 -0.128406 0.928717 0.347846 24.071699 0.018680 -0.348423 0.937151 0.000000 0.000000 0.000000 0.000000 1.000000
0.991425 0.128651 0.022911 -0.000000 -0.128590 0.929294 0.346233 24.071699 0.023252 -0.346211 0.937869 0.000000 0.000000 0.000000 0.000000 1.000000
0.991213 0.130845 0.019383 0.000000 -0.129442 0.929367 0.345720 24.071699 0.027222 -0.345191 0.938137 0.000000 0.000000 0.000000 0.000000 1.000000
0.990737 0.134797 0.016446 -0.000000 -0.132128 0.928917 0.345914 24.071699 0.031351 -0.344882 0.938122 -0.000000 0.000000 0.000000 0.000000 1.000000
0.990025 0.140136 0.014602 0.000000 -0.136494 0.928234 0.346050 24.071699 0.034940 -0.344591 0.938102 0.000000 0.000000 0.000000 0.000000 1.000000
0.989597 0.143373 0.011883 -0.000000 -0.138599 0.927983 0.345887 24.071699 0.038564 -0.343935 0.938201 0.000000 0.000000 0.000000 0.000000 1.000000
0.989095 0.146997 0.009125 0.000000 -0.141005 0.927245 0.346892 24.071699 0.042531 -0.344396 0.937861 0.000000 0.000000 0.000000 0.000000 1.000000
0.988312 0.152202 0.008613 -0.000000 -0.145712 0.926547 0.346812 24.071699 0.044805 -0.344014 0.937895 -0.000000 0.000000 0.000000 0.000000 1.000000
0.987753 0.155869 0.006959 0.000000 -0.148600 0.926217 0.346468 24.071699 0.047558 -0.343259 0.938036 -0.000000 0.000000 0.000000 0.000000 1.000000
0.987197 0.159395 0.005906 0.000000 -0.151564 0.925873 0.346103 24.071699 0.049699 -0.342567 0.938178 0.000000 0.000000 0.000000 0.000000 1.000000
0.986543 0.163418 0.005268 0.000000 -0.155096 0.925138 0.346504 24.071699 0.051752 -0.342658 0.938034 -0.000000 0.000000 0.000000 0.000000 1.000000
0.985882 0.167358 0.005211 0.000000 -0.158788 0.924614 0.346230 24.071699 0.053126 -0.342170 0.938135 0.000000 0.000000 0.000000 0.000000 1.000000
0.985070 0.172059 0.005703 -0.000000 -0.163372 0.923861 0.346108 24.071699 0.054282 -0.341872 0.938177 0.000000 0.000000 0.000000 0.000000 1.000000
0.984094 0.177526 0.006581 -0.000000 -0.168757 0.922631 0.346803 24.071699 0.055494 -0.342397 0.937915 0.000000 0.000000 0.000000 0.000000 1.000000
0.983328 0.181684 0.007484 -0.000000 -0.172863 0.921228 0.348508 24.071699 0.056424 -0.343992 0.937276 0.000000 0.000000 0.000000 0.000000 1.000000
0.982717 0.184950 0.007773 -0.000000 -0.175904 0.919922 0.350430 24.071699 0.057662 -0.345741 0.936557 0.000000 0.000000 0.000000 0.000000 1.000000
0.982255 0.187300 0.009728 0.000000 -0.178622 0.918410 0.353012 24.071699 0.057185 -0.348485 0.935568 -0.000000 0.000000 0.000000 0.000000 1.000000
0.982126 0.187838 0.012018 -0.000000 -0.179656 0.916474 0.357490 24.071699 0.056136 -0.353259 0.933840 0.000000 0.000000 0.000000 0.000000 1.000000
0.982117 0.187739 0.014164 0.000000 -0.180034 0.914468 0.362404 24.071699 0.055085 -0.358473 0.931913 0.000000 0.000000 0.000000 0.000000 1.000000
0.982099 0.187704 0.015783 -0.000000 -0.180348 0.912804 0.366421 24.071699 0.054372 -0.362708 0.930315 0.000000 0.000000 0.000000 0.000000 1.000000
0.982004 0.188139 0.016508 -0.000000 -0.180909 0.911952 0.368260 24.071699 0.054229 -0.364619 0.929576 0.000000 0.000000 0.000000 0.000000 1.000000</float_array>
        <technique_common>
          <accessor source="#mixamorig_RightHand-Matrix-animation-output-transform-array" count="56" stride="16">
            <param type="float4x4"/>
          </accessor>
        </technique_common>
      </source>
      <source id="mixamorig_RightHand-Interpolations">
        <Name_array id="mixamorig_RightHand-Interpolations-array" count="56">
 LINEAR LINEAR LINEAR LINEAR LINEAR LINEAR LINEAR LINEAR LINEAR LINEAR LINEAR
LINEAR LINEAR LINEAR LINEAR LINEAR LINEAR LINEAR LINEAR LINEAR LINEAR LINEAR LINEAR
LINEAR LINEAR LINEAR LINEAR LINEAR LINEAR LINEAR LINEAR LINEAR LINEAR LINEAR LINEAR
LINEAR LINEAR LINEAR LINEAR LINEAR LINEAR LINEAR LINEAR LINEAR LINEAR LINEAR LINEAR
LINEAR LINEAR LINEAR LINEAR LINEAR LINEAR LINEAR LINEAR LINEAR</Name_array>
        <technique_common>
          <accessor source="#mixamorig_RightHand-Interpolations-array" count="56">
            <param type="name"/>
          </accessor>
        </technique_common>
      </source>
      <sampler id="mixamorig_RightHand-Matrix-animation-transform">
        <input semantic="INPUT" source="#mixamorig_RightHand-Matrix-animation-input"/>
        <input semantic="OUTPUT" source="#mixamorig_RightHand-Matrix-animation-output-transform"/>
        <input semantic="INTERPOLATION" source="#mixamorig_RightHand-Interpolations"/>
      </sampler>
      <channel source="#mixamorig_RightHand-Matrix-animation-transform" target="mixamorig_RightHand/matrix"/>
    </animation>
    <animation id="mixamorig_RightHandThumb1-anim" name="mixamorig_RightHandThumb1">
      <source id="mixamorig_RightHandThumb1-Matrix-animation-input">
        <float_array id="mixamorig_RightHandThumb1-Matrix-animation-input-array" count="56">

0.000000 0.033333 0.066667 0.100000 0.133333 0.166667 0.200000 0.233333 0.266667 0.300000 0.333333 0.366667 0.400000 0.433333 0.466667 0.500000
0.533333 0.566667 0.600000 0.633333 0.666667 0.700000 0.733333 0.766667 0.800000 0.833333 0.866667 0.900000 0.933333 0.966667 1.000000 1.033333
1.066667 1.100000 1.133333 1.166667 1.200000 1.233333 1.266667 1.300000 1.333333 1.366667 1.400000 1.433333 1.466667 1.500000 1.533333 1.566667
1.600000 1.633333 1.666667 1.700000 1.733333 1.766667 1.800000 1.833333</float_array>
        <technique_common>
          <accessor source="#mixamorig_RightHandThumb1-Matrix-animation-input-array" count="56">
            <param name="TIME" type="float"/>
          </accessor>
        </technique_common>
      </source>
      <source id="mixamorig_RightHandThumb1-Matrix-animation-output-transform">
        <float_array id="mixamorig_RightHandThumb1-Matrix-animation-output-transform-array" count="896">

0.168316 0.403240 -0.899482 1.509000 -0.684488 0.704441 0.187717 4.173400 0.709327 0.584089 0.394582 1.927000 0.000000 0.000000 0.000000 1.000000
0.168317 0.403240 -0.899481 1.509000 -0.684488 0.704442 0.187718 4.173400 0.709327 0.584088 0.394583 1.927000 0.000000 0.000000 0.000000 1.000000
0.168317 0.403239 -0.899482 1.509000 -0.684488 0.704442 0.187717 4.173400 0.709328 0.584088 0.394582 1.927000 0.000000 0.000000 0.000000 1.000000
0.168316 0.403240 -0.899482 1.509000 -0.684488 0.704442 0.187718 4.173400 0.709328 0.584089 0.394582 1.927000 0.000000 0.000000 0.000000 1.000000
0.168316 0.403240 -0.899482 1.509000 -0.684489 0.704441 0.187717 4.173400 0.709327 0.584089 0.394582 1.927000 0.000000 0.000000 0.000000 1.000000
0.168317 0.403240 -0.899482 1.509000 -0.684489 0.704441 0.187717 4.173400 0.709327 0.584089 0.394582 1.927000 0.000000 0.000000 0.000000 1.000000
0.168316 0.403241 -0.899481 1.509000 -0.684488 0.704442 0.187718 4.173400 0.709328 0.584088 0.394583 1.927000 0.000000 0.000000 0.000000 1.000000
0.168317 0.403240 -0.899482 1.509000 -0.684489 0.704441 0.187717 4.173400 0.709327 0.584089 0.394582 1.927000 0.000000 0.000000 0.000000 1.000000
0.168316 0.403240 -0.899482 1.509000 -0.684488 0.704442 0.187718 4.173400 0.709328 0.584088 0.394582 1.927000 0.000000 0.000000 0.000000 1.000000
0.168316 0.403240 -0.899482 1.509000 -0.684488 0.704442 0.187718 4.173400 0.709328 0.584088 0.394582 1.927000 0.000000 0.000000 0.000000 1.000000
0.168316 0.403240 -0.899482 1.509000 -0.684489 0.704441 0.187717 4.173400 0.709327 0.584089 0.394582 1.927000 0.000000 0.000000 0.000000 1.000000
0.168317 0.403240 -0.899482 1.509000 -0.684488 0.704441 0.187717 4.173400 0.709327 0.584089 0.394582 1.927000 0.000000 0.000000 0.000000 1.000000
0.168317 0.403240 -0.899482 1.509000 -0.684489 0.704441 0.187717 4.173400 0.709327 0.584089 0.394582 1.927000 0.000000 0.000000 0.000000 1.000000
0.168316 0.403240 -0.899481 1.509000 -0.684489 0.704441 0.187718 4.173400 0.709327 0.584089 0.394582 1.927000 0.000000 0.000000 0.000000 1.000000
0.168317 0.403241 -0.899481 1.509000 -0.684488 0.704442 0.187717 4.173400 0.709327 0.584088 0.394583 1.927000 0.000000 0.000000 0.000000 1.000000
0.168317 0.403240 -0.899482 1.509000 -0.684488 0.704442 0.187717 4.173400 0.709327 0.584089 0.394582 1.927000 0.000000 0.000000 0.000000 1.000000
0.168317 0.403240 -0.899481 1.509000 -0.684488 0.704442 0.187717 4.173400 0.709328 0.584088 0.394583 1.927000 0.000000 0.000000 0.000000 1.000000
0.168317 0.403240 -0.899481 1.509000 -0.684488 0.704442 0.187717 4.173400 0.709327 0.584088 0.394583 1.927000 0.000000 0.000000 0.000000 1.000000
0.168317 0.403240 -0.899481 1.509000 -0.684488 0.704441 0.187717 4.173400 0.709327 0.584089 0.394583 1.927000 0.000000 0.000000 0.000000 1.000000
0.168317 0.403240 -0.899482 1.509000 -0.684488 0.704442 0.187717 4.173400 0.709327 0.584089 0.394582 1.927000 0.000000 0.000000 0.000000 1.000000
0.168316 0.403240 -0.899481 1.509000 -0.684489 0.704441 0.187718 4.173400 0.709327 0.584089 0.394582 1.927000 0.000000 0.000000 0.000000 1.000000
0.168317 0.403239 -0.899482 1.509000 -0.684488 0.704442 0.187717 4.173400 0.709328 0.584089 0.394582 1.927000 0.000000 0.000000 0.000000 1.000000
0.168317 0.403241 -0.899481 1.509000 -0.684488 0.704441 0.187718 4.173400 0.709327 0.584088 0.394583 1.927000 0.000000 0.000000 0.000000 1.000000
0.168316 0.403240 -0.899482 1.509000 -0.684488 0.704442 0.187718 4.173400 0.709328 0.584088 0.394582 1.927000 0.000000 0.000000 0.000000 1.000000
0.168317 0.403240 -0.899482 1.509000 -0.684488 0.704442 0.187717 4.173400 0.709328 0.584088 0.394582 1.927000 0.000000 0.000000 0.000000 1.000000
0.168316 0.403241 -0.899481 1.509000 -0.684489 0.704441 0.187718 4.173400 0.709327 0.584089 0.394582 1.927000 0.000000 0.000000 0.000000 1.000000
0.168317 0.403240 -0.899482 1.509000 -0.684489 0.704441 0.187717 4.173400 0.709327 0.584089 0.394582 1.927000 0.000000 0.000000 0.000000 1.000000
0.168317 0.403240 -0.899482 1.509000 -0.684488 0.704442 0.187717 4.173400 0.709327 0.584089 0.394583 1.927000 0.000000 0.000000 0.000000 1.000000
0.168317 0.403240 -0.899482 1.509000 -0.684488 0.704442 0.187717 4.173400 0.709327 0.584089 0.394582 1.927000 0.000000 0.000000 0.000000 1.000000
0.168316 0.403239 -0.899482 1.509000 -0.684489 0.704441 0.187717 4.173400 0.709327 0.584089 0.394582 1.927000 0.000000 0.000000 0.000000 1.000000
0.168317 0.403240 -0.899481 1.509000 -0.684489 0.704441 0.187717 4.173400 0.709327 0.584089 0.394583 1.927000 0.000000 0.000000 0.000000 1.000000
0.168317 0.403240 -0.899481 1.509000 -0.684488 0.704442 0.187718 4.173400 0.709328 0.584088 0.394582 1.927000 0.000000 0.000000 0.000000 1.000000
0.168317 0.403240 -0.899482 1.509000 -0.684488 0.704442 0.187717 4.173400 0.709327 0.584089 0.394582 1.927000 0.000000 0.000000 0.000000 1.000000
0.168317 0.403240 -0.899482 1.509000 -0.684488 0.704442 0.187717 4.173400 0.709327 0.584089 0.394582 1.927000 0.000000 0.000000 0.000000 1.000000
0.168317 0.403240 -0.899482 1.509000 -0.684489 0.704441 0.187717 4.173400 0.709327 0.584089 0.394582 1.927000 0.000000 0.000000 0.000000 1.000000
0.168316 0.403240 -0.899481 1.509000 -0.684488 0.704441 0.187718 4.173400 0.709327 0.584089 0.394582 1.927000 0.000000 0.000000 0.000000 1.000000
0.168316 0.403241 -0.899481 1.509000 -0.684489 0.704441 0.187718 4.173400 0.709327 0.584089 0.394583 1.927000 0.000000 0.000000 0.000000 1.000000
0.168317 0.403239 -0.899482 1.509000 -0.684488 0.704442 0.187717 4.173400 0.709328 0.584088 0.394582 1.927000 0.000000 0.000000 0.000000 1.000000
0.168316 0.403240 -0.899482 1.509000 -0.684488 0.704441 0.187717 4.173400 0.709327 0.584089 0.394582 1.927000 0.000000 0.000000 0.000000 1.000000
0.168316 0.403240 -0.899482 1.509000 -0.684488 0.704441 0.187717 4.173400 0.709327 0.584089 0.394582 1.927000 0.000000 0.000000 0.000000 1.000000
0.168317 0.403240 -0.899482 1.509000 -0.684488 0.704442 0.187717 4.173400 0.709327 0.584089 0.394582 1.927000 0.000000 0.000000 0.000000 1.000000
0.168316 0.403240 -0.899482 1.509000 -0.684489 0.704441 0.187718 4.173400 0.709327 0.584089 0.394582 1.927000 0.000000 0.000000 0.000000 1.000000
0.168317 0.403240 -0.899482 1.509000 -0.684488 0.704441 0.187717 4.173400 0.709327 0.584089 0.394582 1.927000 0.000000 0.000000 0.000000 1.000000
0.168317 0.403240 -0.899482 1.509000 -0.684489 0.704441 0.187717 4.173400 0.709327 0.584089 0.394582 1.927000 0.000000 0.000000 0.000000 1.000000
0.168316 0.403240 -0.899482 1.509000 -0.684489 0.704441 0.187718 4.173400 0.709327 0.584089 0.394582 1.927000 0.000000 0.000000 0.000000 1.000000
0.168316 0.403240 -0.899481 1.509000 -0.684488 0.704441 0.187718 4.173400 0.709327 0.584089 0.394582 1.927000 0.000000 0.000000 0.000000 1.000000
0.168317 0.403240 -0.899481 1.509000 -0.684489 0.704441 0.187717 4.173400 0.709327 0.584089 0.394583 1.927000 0.000000 0.000000 0.000000 1.000000
0.168316 0.403240 -0.899482 1.509000 -0.684489 0.704441 0.187717 4.173400 0.709327 0.584089 0.394582 1.927000 0.000000 0.000000 0.000000 1.000000
0.168316 0.403240 -0.899482 1.509000 -0.684489 0.704441 0.187718 4.173400 0.709327 0.584089 0.394582 1.927000 0.000000 0.000000 0.000000 1.000000
0.168317 0.403240 -0.899481 1.509000 -0.684488 0.704442 0.187717 4.173400 0.709327 0.584088 0.394583 1.927000 0.000000 0.000000 0.000000 1.000000
0.168316 0.403240 -0.899481 1.509000 -0.684488 0.704441 0.187718 4.173400 0.709327 0.584089 0.394582 1.927000 0.000000 0.000000 0.000000 1.000000
0.168316 0.403240 -0.899482 1.509000 -0.684488 0.704442 0.187718 4.173400 0.709328 0.584088 0.394582 1.927000 0.000000 0.000000 0.000000 1.000000
0.168317 0.403240 -0.899482 1.509000 -0.684488 0.704442 0.187717 4.173400 0.709328 0.584088 0.394582 1.927000 0.000000 0.000000 0.000000 1.000000
0.168317 0.403240 -0.899481 1.509000 -0.684488 0.704442 0.187718 4.173400 0.709328 0.584088 0.394582 1.927000 0.000000 0.000000 0.000000 1.000000
0.168317 0.403240 -0.899481 1.509000 -0.684489 0.704441 0.187717 4.173400 0.709327 0.584089 0.394583 1.927000 0.000000 0.000000 0.000000 1.000000
0.168317 0.403240 -0.899481 1.509000 -0.684488 0.704442 0.187717 4.173400 0.709327 0.584088 0.394583 1.927000 0.000000 0.000000 0.000000 1.000000</float_array>
        <technique_common>
          <accessor source="#mixamorig_RightHandThumb1-Matrix-animation-output-transform-array" count="56" stride="16">
            <param type="float4x4"/>
          </accessor>
        </technique_common>
      </source>
      <source id="mixamorig_RightHandThumb1-Interpolations">
        <Name_array id="mixamorig_RightHandThumb1-Interpolations-array" count="56">
 LINEAR LINEAR LINEAR LINEAR LINEAR LINEAR LINEAR LINEAR LINEAR LINEAR LINEAR
LINEAR LINEAR LINEAR LINEAR LINEAR LINEAR LINEAR LINEAR LINEAR LINEAR LINEAR LINEAR
LINEAR LINEAR LINEAR LINEAR LINEAR LINEAR LINEAR LINEAR LINEAR LINEAR LINEAR LINEAR
LINEAR LINEAR LINEAR LINEAR LINEAR LINEAR LINEAR LINEAR LINEAR LINEAR LINEAR LINEAR
LINEAR LINEAR LINEAR LINEAR LINEAR LINEAR LINEAR LINEAR LINEAR</Name_array>
        <technique_common>
          <accessor source="#mixamorig_RightHandThumb1-Interpolations-array" count="56">
            <param type="name"/>
          </accessor>
        </technique_common>
      </source>
      <sampler id="mixamorig_RightHandThumb1-Matrix-animation-transform">
        <input semantic="INPUT" source="#mixamorig_RightHandThumb1-Matrix-animation-input"/>
        <input semantic="OUTPUT" source="#mixamorig_RightHandThumb1-Matrix-animation-output-transform"/>
        <input semantic="INTERPOLATION" source="#mixamorig_RightHandThumb1-Interpolations"/>
      </sampler>
      <channel source="#mixamorig_RightHandThumb1-Matrix-animation-transform" target="mixamorig_RightHandThumb1/matrix"/>
    </animation>
    <animation id="mixamorig_RightHandThumb2-anim" name="mixamorig_RightHandThumb2">
      <source id="mixamorig_RightHandThumb2-Matrix-animation-input">
        <float_array id="mixamorig_RightHandThumb2-Matrix-animation-input-array" count="56">

0.000000 0.033333 0.066667 0.100000 0.133333 0.166667 0.200000 0.233333 0.266667 0.300000 0.333333 0.366667 0.400000 0.433333 0.466667 0.500000
0.533333 0.566667 0.600000 0.633333 0.666667 0.700000 0.733333 0.766667 0.800000 0.833333 0.866667 0.900000 0.933333 0.966667 1.000000 1.033333
1.066667 1.100000 1.133333 1.166667 1.200000 1.233333 1.266667 1.300000 1.333333 1.366667 1.400000 1.433333 1.466667 1.500000 1.533333 1.566667
1.600000 1.633333 1.666667 1.700000 1.733333 1.766667 1.800000 1.833333</float_array>
        <technique_common>
          <accessor source="#mixamorig_RightHandThumb2-Matrix-animation-input-array" count="56">
            <param name="TIME" type="float"/>
          </accessor>
        </technique_common>
      </source>
      <source id="mixamorig_RightHandThumb2-Matrix-animation-output-transform">
        <float_array id="mixamorig_RightHandThumb2-Matrix-animation-output-transform-array" count="896">

0.966645 -0.168865 0.192566 0.000000 0.187882 0.978501 -0.085066 3.870400 -0.174061 0.118408 0.977590 0.000000 0.000000 0.000000 0.000000 1.000000
0.966645 -0.168865 0.192566 0.000000 0.187882 0.978501 -0.085067 3.870400 -0.174061 0.118409 0.977590 -0.000000 0.000000 0.000000 0.000000 1.000000
0.966645 -0.168864 0.192566 0.000000 0.187881 0.978501 -0.085065 3.870400 -0.174061 0.118407 0.977590 0.000000 0.000000 0.000000 0.000000 1.000000
0.966645 -0.168865 0.192566 0.000000 0.187882 0.978501 -0.085065 3.870400 -0.174061 0.118408 0.977590 0.000000 0.000000 0.000000 0.000000 1.000000
0.966645 -0.168865 0.192566 0.000000 0.187882 0.978501 -0.085066 3.870400 -0.174061 0.118408 0.977590 0.000000 0.000000 0.000000 0.000000 1.000000
0.966645 -0.168865 0.192566 0.000000 0.187882 0.978501 -0.085066 3.870400 -0.174061 0.118408 0.977590 -0.000000 0.000000 0.000000 0.000000 1.000000
0.966645 -0.168864 0.192566 0.000000 0.187882 0.978501 -0.085067 3.870400 -0.174062 0.118409 0.977590 -0.000000 0.000000 0.000000 0.000000 1.000000
0.966645 -0.168866 0.192566 -0.000000 0.187882 0.978501 -0.085065 3.870400 -0.174061 0.118407 0.977590 0.000000 0.000000 0.000000 0.000000 1.000000
0.966645 -0.168864 0.192566 -0.000000 0.187882 0.978501 -0.085067 3.870400 -0.174061 0.118409 0.977590 -0.000000 0.000000 0.000000 0.000000 1.000000
0.966645 -0.168865 0.192566 0.000000 0.187882 0.978501 -0.085066 3.870400 -0.174061 0.118408 0.977590 -0.000000 0.000000 0.000000 0.000000 1.000000
0.966645 -0.168866 0.192566 0.000000 0.187883 0.978501 -0.085066 3.870400 -0.174061 0.118408 0.977590 0.000000 0.000000 0.000000 0.000000 1.000000
0.966645 -0.168864 0.192566 0.000000 0.187881 0.978501 -0.085065 3.870400 -0.174061 0.118407 0.977590 0.000000 0.000000 0.000000 0.000000 1.000000
0.966645 -0.168865 0.192565 0.000000 0.187882 0.978501 -0.085065 3.870400 -0.174061 0.118407 0.977590 0.000000 0.000000 0.000000 0.000000 1.000000
0.966645 -0.168865 0.192566 0.000000 0.187882 0.978501 -0.085066 3.870400 -0.174061 0.118408 0.977590 0.000000 0.000000 0.000000 0.000000 1.000000
0.966645 -0.168865 0.192565 -0.000000 0.187882 0.978501 -0.085066 3.870400 -0.174060 0.118408 0.977590 -0.000000 0.000000 0.000000 0.000000 1.000000
0.966645 -0.168865 0.192565 0.000000 0.187882 0.978501 -0.085065 3.870400 -0.174061 0.118407 0.977590 0.000000 0.000000 0.000000 0.000000 1.000000
0.966645 -0.168866 0.192566 0.000000 0.187883 0.978501 -0.085066 3.870400 -0.174061 0.118409 0.977590 0.000000 0.000000 0.000000 0.000000 1.000000
0.966645 -0.168865 0.192565 0.000000 0.187882 0.978501 -0.085066 3.870400 -0.174061 0.118409 0.977590 0.000000 0.000000 0.000000 0.000000 1.000000
0.966645 -0.168865 0.192565 -0.000000 0.187882 0.978501 -0.085067 3.870400 -0.174061 0.118409 0.977590 0.000000 0.000000 0.000000 0.000000 1.000000
0.966645 -0.168865 0.192565 0.000000 0.187882 0.978501 -0.085066 3.870400 -0.174061 0.118408 0.977590 0.000000 0.000000 0.000000 0.000000 1.000000
0.966645 -0.168864 0.192566 0.000000 0.187881 0.978501 -0.085066 3.870400 -0.174062 0.118409 0.977590 -0.000000 0.000000 0.000000 0.000000 1.000000
0.966645 -0.168865 0.192565 0.000000 0.187882 0.978501 -0.085065 3.870400 -0.174061 0.118407 0.977590 -0.000000 0.000000 0.000000 0.000000 1.000000
0.966645 -0.168865 0.192566 0.000000 0.187882 0.978501 -0.085066 3.870400 -0.174061 0.118408 0.977590 0.000000 0.000000 0.000000 0.000000 1.000000
0.966645 -0.168865 0.192566 0.000000 0.187882 0.978501 -0.085067 3.870400 -0.174061 0.118409 0.977590 0.000000 0.000000 0.000000 0.000000 1.000000
0.966645 -0.168865 0.192565 0.000000 0.187882 0.978501 -0.085066 3.870400 -0.174061 0.118408 0.977590 0.000000 0.000000 0.000000 0.000000 1.000000
0.966645 -0.168866 0.192565 0.000000 0.187883 0.978501 -0.085066 3.870400 -0.174061 0.118408 0.977590 0.000000 0.000000 0.000000 0.000000 1.000000
0.966645 -0.168865 0.192566 0.000000 0.187882 0.978501 -0.085065 3.870400 -0.174061 0.118407 0.977590 0.000000 0.000000 0.000000 0.000000 1.000000
0.966645 -0.168865 0.192565 0.000000 0.187882 0.978501 -0.085066 3.870400 -0.174061 0.118408 0.977590 0.000000 0.000000 0.000000 0.000000 1.000000
0.966645 -0.168865 0.192565 -0.000000 0.187882 0.978501 -0.085065 3.870400 -0.174061 0.118407 0.977590 0.000000 0.000000 0.000000 0.000000 1.000000
0.966645 -0.168865 0.192566 -0.000000 0.187882 0.978501 -0.085066 3.870400 -0.174061 0.118408 0.977590 0.000000 0.000000 0.000000 0.000000 1.000000
0.966645 -0.168866 0.192565 0.000000 0.187883 0.978501 -0.085066 3.870400 -0.174061 0.118408 0.977590 0.000000 0.000000 0.000000 0.000000 1.000000
0.966645 -0.168865 0.192565 0.000000 0.187882 0.978501 -0.085067 3.870400 -0.174061 0.118409 0.977590 0.000000 0.000000 0.000000 0.000000 1.000000
0.966645 -0.168865 0.192566 0.000000 0.187882 0.978501 -0.085066 3.870400 -0.174061 0.118408 0.977590 0.000000 0.000000 0.000000 0.000000 1.000000
0.966645 -0.168865 0.192566 0.000000 0.187882 0.978501 -0.085066 3.870400 -0.174061 0.118408 0.977590 0.000000 0.000000 0.000000 0.000000 1.000000
0.966645 -0.168866 0.192565 0.000000 0.187883 0.978501 -0.085066 3.870400 -0.174060 0.118409 0.977590 0.000000 0.000000 0.000000 0.000000 1.000000
0.966645 -0.168865 0.192566 -0.000000 0.187882 0.978501 -0.085066 3.870400 -0.174061 0.118408 0.977590 0.000000 0.000000 0.000000 0.000000 1.000000
0.966645 -0.168866 0.192566 0.000000 0.187883 0.978501 -0.085066 3.870400 -0.174061 0.118409 0.977590 -0.000000 0.000000 0.000000 0.000000 1.000000
0.966645 -0.168865 0.192566 -0.000000 0.187882 0.978501 -0.085066 3.870400 -0.174061 0.118408 0.977590 0.000000 0.000000 0.000000 0.000000 1.000000
0.966645 -0.168866 0.192566 0.000000 0.187883 0.978501 -0.085067 3.870400 -0.174061 0.118409 0.977590 0.000000 0.000000 0.000000 0.000000 1.000000
0.966645 -0.168865 0.192566 0.000000 0.187882 0.978501 -0.085066 3.870400 -0.174061 0.118408 0.977590 0.000000 0.000000 0.000000 0.000000 1.000000
0.966645 -0.168864 0.192565 -0.000000 0.187881 0.978501 -0.085066 3.870400 -0.174061 0.118408 0.977590 0.000000 0.000000 0.000000 0.000000 1.000000
0.966645 -0.168865 0.192566 0.000000 0.187882 0.978501 -0.085066 3.870400 -0.174061 0.118408 0.977590 0.000000 0.000000 0.000000 0.000000 1.000000
0.966645 -0.168866 0.192565 0.000000 0.187883 0.978501 -0.085066 3.870400 -0.174061 0.118409 0.977590 -0.000000 0.000000 0.000000 0.000000 1.000000
0.966645 -0.168865 0.192566 -0.000000 0.187882 0.978501 -0.085066 3.870400 -0.174061 0.118408 0.977590 -0.000000 0.000000 0.000000 0.000000 1.000000
0.966645 -0.168867 0.192566 0.000000 0.187884 0.978501 -0.085066 3.870400 -0.174061 0.118409 0.977590 0.000000 0.000000 0.000000 0.000000 1.000000
0.966645 -0.168864 0.192566 -0.000000 0.187881 0.978501 -0.085066 3.870400 -0.174061 0.118408 0.977590 -0.000000 0.000000 0.000000 0.000000 1.000000
0.966645 -0.168865 0.192566 0.000000 0.187882 0.978501 -0.085065 3.870400 -0.174061 0.118407 0.977590 0.000000 0.000000 0.000000 0.000000 1.000000
0.966645 -0.168864 0.192566 0.000000 0.187882 0.978501 -0.085066 3.870400 -0.174061 0.118408 0.977590 0.000000 0.000000 0.000000 0.000000 1.000000
0.966645 -0.168866 0.192566 -0.000000 0.187883 0.978501 -0.085066 3.870400 -0.174061 0.118409 0.977590 0.000000 0.000000 0.000000 0.000000 1.000000
0.966645 -0.168865 0.192565 0.000000 0.187882 0.978501 -0.085066 3.870400 -0.174061 0.118408 0.977590 0.000000 0.000000 0.000000 0.000000 1.000000
0.966645 -0.168865 0.192566 0.000000 0.187882 0.978501 -0.085065 3.870400 -0.174061 0.118408 0.977590 0.000000 0.000000 0.000000 0.000000 1.000000
0.966645 -0.168865 0.192566 0.000000 0.187882 0.978501 -0.085066 3.870400 -0.174061 0.118408 0.977590 0.000000 0.000000 0.000000 0.000000 1.000000
0.966645 -0.168865 0.192566 0.000000 0.187882 0.978501 -0.085066 3.870400 -0.174061 0.118408 0.977590 0.000000 0.000000 0.000000 0.000000 1.000000
0.966645 -0.168865 0.192565 0.000000 0.187882 0.978501 -0.085066 3.870400 -0.174061 0.118408 0.977590 0.000000 0.000000 0.000000 0.000000 1.000000
0.966645 -0.168864 0.192566 0.000000 0.187881 0.978501 -0.085066 3.870400 -0.174061 0.118408 0.977590 -0.000000 0.000000 0.000000 0.000000 1.000000
0.966645 -0.168864 0.192566 -0.000000 0.187882 0.978501 -0.085066 3.870400 -0.174061 0.118408 0.977590 0.000000 0.000000 0.000000 0.000000 1.000000</float_array>
        <technique_common>
          <accessor source="#mixamorig_RightHandThumb2-Matrix-animation-output-transform-array" count="56" stride="16">
            <param type="float4x4"/>
          </accessor>
        </technique_common>
      </source>
      <source id="mixamorig_RightHandThumb2-Interpolations">
        <Name_array id="mixamorig_RightHandThumb2-Interpolations-array" count="56">
 LINEAR LINEAR LINEAR LINEAR LINEAR LINEAR LINEAR LINEAR LINEAR LINEAR LINEAR
LINEAR LINEAR LINEAR LINEAR LINEAR LINEAR LINEAR LINEAR LINEAR LINEAR LINEAR LINEAR
LINEAR LINEAR LINEAR LINEAR LINEAR LINEAR LINEAR LINEAR LINEAR LINEAR LINEAR LINEAR
LINEAR LINEAR LINEAR LINEAR LINEAR LINEAR LINEAR LINEAR LINEAR LINEAR LINEAR LINEAR
LINEAR LINEAR LINEAR LINEAR LINEAR LINEAR LINEAR LINEAR LINEAR</Name_array>
        <technique_common>
          <accessor source="#mixamorig_RightHandThumb2-Interpolations-array" count="56">
            <param type="name"/>
          </accessor>
        </technique_common>
      </source>
      <sampler id="mixamorig_RightHandThumb2-Matrix-animation-transform">
        <input semantic="INPUT" source="#mixamorig_RightHandThumb2-Matrix-animation-input"/>
        <input semantic="OUTPUT" source="#mixamorig_RightHandThumb2-Matrix-animation-output-transform"/>
        <input semantic="INTERPOLATION" source="#mixamorig_RightHandThumb2-Interpolations"/>
      </sampler>
      <channel source="#mixamorig_RightHandThumb2-Matrix-animation-transform" target="mixamorig_RightHandThumb2/matrix"/>
    </animation>
    <animation id="mixamorig_RightHandThumb3-anim" name="mixamorig_RightHandThumb3">
      <source id="mixamorig_RightHandThumb3-Matrix-animation-input">
        <float_array id="mixamorig_RightHandThumb3-Matrix-animation-input-array" count="56">

0.000000 0.033333 0.066667 0.100000 0.133333 0.166667 0.200000 0.233333 0.266667 0.300000 0.333333 0.366667 0.400000 0.433333 0.466667 0.500000
0.533333 0.566667 0.600000 0.633333 0.666667 0.700000 0.733333 0.766667 0.800000 0.833333 0.866667 0.900000 0.933333 0.966667 1.000000 1.033333
1.066667 1.100000 1.133333 1.166667 1.200000 1.233333 1.266667 1.300000 1.333333 1.366667 1.400000 1.433333 1.466667 1.500000 1.533333 1.566667
1.600000 1.633333 1.666667 1.700000 1.733333 1.766667 1.800000 1.833333</float_array>
        <technique_common>
          <accessor source="#mixamorig_RightHandThumb3-Matrix-animation-input-array" count="56">
            <param name="TIME" type="float"/>
          </accessor>
        </technique_common>
      </source>
      <source id="mixamorig_RightHandThumb3-Matrix-animation-output-transform">
        <float_array id="mixamorig_RightHandThumb3-Matrix-animation-output-transform-array" count="896">

0.834256 -0.546507 0.073117 0.000000 0.548570 0.809318 -0.209940 4.710300 0.055559 0.215254 0.974976 0.000000 0.000000 0.000000 0.000000 1.000000
0.834257 -0.546507 0.073118 0.000000 0.548570 0.809318 -0.209940 4.710300 0.055558 0.215254 0.974976 0.000000 0.000000 0.000000 0.000000 1.000000
0.834256 -0.546507 0.073117 0.000000 0.548571 0.809318 -0.209940 4.710300 0.055559 0.215254 0.974976 -0.000000 0.000000 0.000000 0.000000 1.000000
0.834256 -0.546508 0.073118 0.000000 0.548571 0.809318 -0.209940 4.710300 0.055558 0.215254 0.974976 0.000000 0.000000 0.000000 0.000000 1.000000
0.834256 -0.546508 0.073117 0.000000 0.548571 0.809318 -0.209940 4.710300 0.055559 0.215253 0.974977 0.000000 0.000000 0.000000 0.000000 1.000000
0.834256 -0.546508 0.073117 -0.000000 0.548571 0.809318 -0.209940 4.710300 0.055559 0.215254 0.974976 0.000000 0.000000 0.000000 0.000000 1.000000
0.834256 -0.546508 0.073117 0.000000 0.548571 0.809318 -0.209939 4.710300 0.055558 0.215253 0.974977 0.000000 0.000000 0.000000 0.000000 1.000000
0.834256 -0.546507 0.073117 0.000000 0.548570 0.809318 -0.209940 4.710300 0.055559 0.215254 0.974976 0.000000 0.000000 0.000000 0.000000 1.000000
0.834256 -0.546507 0.073117 0.000000 0.548571 0.809318 -0.209940 4.710300 0.055559 0.215253 0.974977 0.000000 0.000000 0.000000 0.000000 1.000000
0.834256 -0.546507 0.073117 0.000000 0.548571 0.809318 -0.209940 4.710300 0.055558 0.215254 0.974976 0.000000 0.000000 0.000000 0.000000 1.000000
0.834257 -0.546507 0.073117 0.000000 0.548570 0.809318 -0.209940 4.710300 0.055559 0.215254 0.974976 0.000000 0.000000 0.000000 0.000000 1.000000
0.834257 -0.546507 0.073118 0.000000 0.548570 0.809318 -0.209941 4.710300 0.055558 0.215255 0.974976 0.000000 0.000000 0.000000 0.000000 1.000000
0.834257 -0.546507 0.073117 0.000000 0.548570 0.809318 -0.209940 4.710300 0.055559 0.215254 0.974976 -0.000000 0.000000 0.000000 0.000000 1.000000
0.834257 -0.546507 0.073117 0.000000 0.548570 0.809318 -0.209940 4.710300 0.055559 0.215254 0.974976 0.000000 0.000000 0.000000 0.000000 1.000000
0.834257 -0.546507 0.073117 0.000000 0.548570 0.809319 -0.209940 4.710300 0.055559 0.215254 0.974976 0.000000 0.000000 0.000000 0.000000 1.000000
0.834257 -0.546507 0.073117 0.000000 0.548570 0.809318 -0.209940 4.710300 0.055559 0.215254 0.974976 0.000000 0.000000 0.000000 0.000000 1.000000
0.834257 -0.546507 0.073117 0.000000 0.548570 0.809318 -0.209940 4.710300 0.055559 0.215254 0.974976 0.000000 0.000000 0.000000 0.000000 1.000000
0.834257 -0.546507 0.073117 0.000000 0.548570 0.809318 -0.209939 4.710300 0.055558 0.215253 0.974977 0.000000 0.000000 0.000000 0.000000 1.000000
0.834256 -0.546508 0.073117 0.000000 0.548571 0.809318 -0.209939 4.710300 0.055558 0.215253 0.974977 0.000000 0.000000 0.000000 0.000000 1.000000
0.834257 -0.546506 0.073117 0.000000 0.548569 0.809319 -0.209939 4.710300 0.055558 0.215253 0.974977 0.000000 0.000000 0.000000 0.000000 1.000000
0.834256 -0.546507 0.073117 0.000000 0.548571 0.809318 -0.209939 4.710300 0.055558 0.215253 0.974977 0.000000 0.000000 0.000000 0.000000 1.000000
0.834256 -0.546508 0.073117 0.000000 0.548571 0.809318 -0.209940 4.710300 0.055559 0.215254 0.974976 0.000000 0.000000 0.000000 0.000000 1.000000
0.834256 -0.546508 0.073117 0.000000 0.548571 0.809318 -0.209940 4.710300 0.055559 0.215253 0.974976 -0.000000 0.000000 0.000000 0.000000 1.000000
0.834256 -0.546507 0.073117 -0.000000 0.548570 0.809318 -0.209939 4.710300 0.055559 0.215253 0.974977 -0.000000 0.000000 0.000000 0.000000 1.000000
0.834257 -0.546507 0.073118 0.000000 0.548570 0.809318 -0.209940 4.710300 0.055558 0.215254 0.974976 -0.000000 0.000000 0.000000 0.000000 1.000000
0.834257 -0.546507 0.073117 0.000000 0.548570 0.809318 -0.209941 4.710300 0.055559 0.215254 0.974976 0.000000 0.000000 0.000000 0.000000 1.000000
0.834256 -0.546507 0.073117 -0.000000 0.548571 0.809318 -0.209940 4.710300 0.055558 0.215254 0.974976 -0.000000 0.000000 0.000000 0.000000 1.000000
0.834257 -0.546507 0.073118 0.000000 0.548570 0.809318 -0.209940 4.710300 0.055558 0.215254 0.974976 -0.000000 0.000000 0.000000 0.000000 1.000000
0.834256 -0.546507 0.073117 0.000000 0.548570 0.809318 -0.209940 4.710300 0.055559 0.215254 0.974976 -0.000000 0.000000 0.000000 0.000000 1.000000
0.834256 -0.546508 0.073117 0.000000 0.548571 0.809318 -0.209939 4.710300 0.055558 0.215253 0.974977 0.000000 0.000000 0.000000 0.000000 1.000000
0.834256 -0.546507 0.073117 0.000000 0.548571 0.809318 -0.209939 4.710300 0.055558 0.215253 0.974977 0.000000 0.000000 0.000000 0.000000 1.000000
0.834257 -0.546507 0.073117 0.000000 0.548570 0.809318 -0.209940 4.710300 0.055559 0.215254 0.974976 0.000000 0.000000 0.000000 0.000000 1.000000
0.834257 -0.546507 0.073117 -0.000000 0.548570 0.809318 -0.209939 4.710300 0.055559 0.215253 0.974977 -0.000000 0.000000 0.000000 0.000000 1.000000
0.834256 -0.546508 0.073117 0.000000 0.548571 0.809318 -0.209940 4.710300 0.055559 0.215253 0.974977 0.000000 0.000000 0.000000 0.000000 1.000000
0.834257 -0.546507 0.073117 0.000000 0.548570 0.809318 -0.209940 4.710300 0.055559 0.215254 0.974976 0.000000 0.000000 0.000000 0.000000 1.000000
0.834256 -0.546508 0.073117 -0.000000 0.548571 0.809318 -0.209940 4.710300 0.055559 0.215253 0.974977 0.000000 0.000000 0.000000 0.000000 1.000000
0.834257 -0.546507 0.073117 0.000000 0.548570 0.809318 -0.209940 4.710300 0.055558 0.215254 0.974976 0.000000 0.000000 0.000000 0.000000 1.000000
0.834256 -0.546508 0.073117 0.000000 0.548571 0.809317 -0.209940 4.710300 0.055559 0.215253 0.974977 0.000000 0.000000 0.000000 0.000000 1.000000
0.834257 -0.546507 0.073117 0.000000 0.548570 0.809318 -0.209940 4.710300 0.055558 0.215254 0.974977 0.000000 0.000000 0.000000 0.000000 1.000000
0.834256 -0.546507 0.073117 0.000000 0.548570 0.809318 -0.209940 4.710300 0.055559 0.215253 0.974976 -0.000000 0.000000 0.000000 0.000000 1.000000
0.834256 -0.546507 0.073117 0.000000 0.548570 0.809318 -0.209940 4.710300 0.055558 0.215254 0.974976 -0.000000 0.000000 0.000000 0.000000 1.000000
0.834256 -0.546507 0.073117 0.000000 0.548571 0.809318 -0.209940 4.710300 0.055559 0.215254 0.974976 -0.000000 0.000000 0.000000 0.000000 1.000000
0.834257 -0.546507 0.073117 0.000000 0.548570 0.809318 -0.209940 4.710300 0.055559 0.215254 0.974976 0.000000 0.000000 0.000000 0.000000 1.000000
0.834257 -0.546506 0.073117 0.000000 0.548570 0.809319 -0.209940 4.710300 0.055558 0.215253 0.974977 0.000000 0.000000 0.000000 0.000000 1.000000
0.834257 -0.546507 0.073117 0.000000 0.548570 0.809318 -0.209939 4.710300 0.055558 0.215253 0.974977 0.000000 0.000000 0.000000 0.000000 1.000000
0.834256 -0.546507 0.073117 0.000000 0.548571 0.809318 -0.209940 4.710300 0.055559 0.215254 0.974976 0.000000 0.000000 0.000000 0.000000 1.000000
0.834256 -0.546508 0.073117 0.000000 0.548571 0.809318 -0.209941 4.710300 0.055559 0.215254 0.974976 -0.000000 0.000000 0.000000 0.000000 1.000000
0.834256 -0.546508 0.073118 0.000000 0.548571 0.809318 -0.209940 4.710300 0.055558 0.215254 0.974976 -0.000000 0.000000 0.000000 0.000000 1.000000
0.834257 -0.546507 0.073117 0.000000 0.548570 0.809318 -0.209939 4.710300 0.055558 0.215253 0.974977 -0.000000 0.000000 0.000000 0.000000 1.000000
0.834256 -0.546507 0.073117 0.000000 0.548570 0.809318 -0.209940 4.710300 0.055559 0.215254 0.974976 0.000000 0.000000 0.000000 0.000000 1.000000
0.834256 -0.546507 0.073117 0.000000 0.548571 0.809318 -0.209940 4.710300 0.055559 0.215254 0.974976 0.000000 0.000000 0.000000 0.000000 1.000000
0.834256 -0.546507 0.073117 0.000000 0.548571 0.809318 -0.209940 4.710300 0.055559 0.215254 0.974976 -0.000000 0.000000 0.000000 0.000000 1.000000
0.834256 -0.546507 0.073117 0.000000 0.548571 0.809318 -0.209939 4.710300 0.055559 0.215253 0.974977 0.000000 0.000000 0.000000 0.000000 1.000000
0.834256 -0.546507 0.073118 0.000000 0.548570 0.809318 -0.209940 4.710300 0.055558 0.215254 0.974976 0.000000 0.000000 0.000000 0.000000 1.000000
0.834256 -0.546508 0.073117 0.000000 0.548571 0.809318 -0.209940 4.710300 0.055558 0.215254 0.974976 0.000000 0.000000 0.000000 0.000000 1.000000
0.834256 -0.546507 0.073117 -0.000000 0.548571 0.809318 -0.209940 4.710300 0.055558 0.215253 0.974977 0.000000 0.000000 0.000000 0.000000 1.000000</float_array>
        <technique_common>
          <accessor source="#mixamorig_RightHandThumb3-Matrix-animation-output-transform-array" count="56" stride="16">
            <param type="float4x4"/>
          </accessor>
        </technique_common>
      </source>
      <source id="mixamorig_RightHandThumb3-Interpolations">
        <Name_array id="mixamorig_RightHandThumb3-Interpolations-array" count="56">
 LINEAR LINEAR LINEAR LINEAR LINEAR LINEAR LINEAR LINEAR LINEAR LINEAR LINEAR
LINEAR LINEAR LINEAR LINEAR LINEAR LINEAR LINEAR LINEAR LINEAR LINEAR LINEAR LINEAR
LINEAR LINEAR LINEAR LINEAR LINEAR LINEAR LINEAR LINEAR LINEAR LINEAR LINEAR LINEAR
LINEAR LINEAR LINEAR LINEAR LINEAR LINEAR LINEAR LINEAR LINEAR LINEAR LINEAR LINEAR
LINEAR LINEAR LINEAR LINEAR LINEAR LINEAR LINEAR LINEAR LINEAR</Name_array>
        <technique_common>
          <accessor source="#mixamorig_RightHandThumb3-Interpolations-array" count="56">
            <param type="name"/>
          </accessor>
        </technique_common>
      </source>
      <sampler id="mixamorig_RightHandThumb3-Matrix-animation-transform">
        <input semantic="INPUT" source="#mixamorig_RightHandThumb3-Matrix-animation-input"/>
        <input semantic="OUTPUT" source="#mixamorig_RightHandThumb3-Matrix-animation-output-transform"/>
        <input semantic="INTERPOLATION" source="#mixamorig_RightHandThumb3-Interpolations"/>
      </sampler>
      <channel source="#mixamorig_RightHandThumb3-Matrix-animation-transform" target="mixamorig_RightHandThumb3/matrix"/>
    </animation>
    <animation id="mixamorig_RightHandIndex1-anim" name="mixamorig_RightHandIndex1">
      <source id="mixamorig_RightHandIndex1-Matrix-animation-input">
        <float_array id="mixamorig_RightHandIndex1-Matrix-animation-input-array" count="56">

0.000000 0.033333 0.066667 0.100000 0.133333 0.166667 0.200000 0.233333 0.266667 0.300000 0.333333 0.366667 0.400000 0.433333 0.466667 0.500000
0.533333 0.566667 0.600000 0.633333 0.666667 0.700000 0.733333 0.766667 0.800000 0.833333 0.866667 0.900000 0.933333 0.966667 1.000000 1.033333
1.066667 1.100000 1.133333 1.166667 1.200000 1.233333 1.266667 1.300000 1.333333 1.366667 1.400000 1.433333 1.466667 1.500000 1.533333 1.566667
1.600000 1.633333 1.666667 1.700000 1.733333 1.766667 1.800000 1.833333</float_array>
        <technique_common>
          <accessor source="#mixamorig_RightHandIndex1-Matrix-animation-input-array" count="56">
            <param name="TIME" type="float"/>
          </accessor>
        </technique_common>
      </source>
      <source id="mixamorig_RightHandIndex1-Matrix-animation-output-transform">
        <float_array id="mixamorig_RightHandIndex1-Matrix-animation-output-transform-array" count="896">

0.986236 0.047425 -0.158393 2.855500 -0.133552 0.793268 -0.594046 14.669400 0.097475 0.607023 0.788683 0.399000 0.000000 0.000000 0.000000 1.000000
0.986237 0.047426 -0.158393 2.855500 -0.133552 0.793268 -0.594046 14.669400 0.097475 0.607023 0.788683 0.399000 0.000000 0.000000 0.000000 1.000000
0.986237 0.047425 -0.158393 2.855500 -0.133552 0.793268 -0.594046 14.669400 0.097476 0.607023 0.788683 0.399000 0.000000 0.000000 0.000000 1.000000
0.986236 0.047426 -0.158393 2.855500 -0.133552 0.793268 -0.594045 14.669400 0.097475 0.607023 0.788684 0.399000 0.000000 0.000000 0.000000 1.000000
0.986236 0.047426 -0.158393 2.855500 -0.133552 0.793267 -0.594046 14.669400 0.097475 0.607024 0.788683 0.399000 0.000000 0.000000 0.000000 1.000000
0.986236 0.047425 -0.158393 2.855500 -0.133552 0.793267 -0.594046 14.669400 0.097476 0.607024 0.788683 0.399000 0.000000 0.000000 0.000000 1.000000
0.986237 0.047425 -0.158393 2.855500 -0.133552 0.793268 -0.594046 14.669400 0.097475 0.607023 0.788683 0.399000 0.000000 0.000000 0.000000 1.000000
0.986237 0.047425 -0.158393 2.855500 -0.133551 0.793267 -0.594046 14.669400 0.097475 0.607024 0.788683 0.399000 0.000000 0.000000 0.000000 1.000000
0.986236 0.047426 -0.158394 2.855500 -0.133552 0.793268 -0.594046 14.669400 0.097475 0.607023 0.788683 0.399000 0.000000 0.000000 0.000000 1.000000
0.986237 0.047425 -0.158393 2.855500 -0.133552 0.793268 -0.594046 14.669400 0.097475 0.607023 0.788683 0.399000 0.000000 0.000000 0.000000 1.000000
0.986236 0.047425 -0.158393 2.855500 -0.133552 0.793267 -0.594046 14.669400 0.097475 0.607024 0.788683 0.399000 0.000000 0.000000 0.000000 1.000000
0.986237 0.047426 -0.158393 2.855500 -0.133552 0.793267 -0.594046 14.669400 0.097475 0.607024 0.788683 0.399000 0.000000 0.000000 0.000000 1.000000
0.986237 0.047425 -0.158393 2.855500 -0.133552 0.793268 -0.594046 14.669400 0.097475 0.607023 0.788683 0.399000 0.000000 0.000000 0.000000 1.000000
0.986237 0.047425 -0.158393 2.855500 -0.133552 0.793267 -0.594046 14.669400 0.097475 0.607024 0.788683 0.399000 0.000000 0.000000 0.000000 1.000000
0.986237 0.047426 -0.158393 2.855500 -0.133552 0.793267 -0.594046 14.669400 0.097475 0.607024 0.788683 0.399000 0.000000 0.000000 0.000000 1.000000
0.986236 0.047425 -0.158393 2.855500 -0.133552 0.793268 -0.594046 14.669400 0.097476 0.607023 0.788683 0.399000 0.000000 0.000000 0.000000 1.000000
0.986237 0.047426 -0.158393 2.855500 -0.133552 0.793267 -0.594046 14.669400 0.097475 0.607024 0.788683 0.399000 0.000000 0.000000 0.000000 1.000000
0.986237 0.047425 -0.158393 2.855500 -0.133552 0.793268 -0.594046 14.669400 0.097475 0.607023 0.788683 0.399000 0.000000 0.000000 0.000000 1.000000
0.986237 0.047425 -0.158392 2.855500 -0.133551 0.793267 -0.594046 14.669400 0.097475 0.607024 0.788683 0.399000 0.000000 0.000000 0.000000 1.000000
0.986237 0.047425 -0.158393 2.855500 -0.133551 0.793268 -0.594046 14.669400 0.097475 0.607023 0.788683 0.399000 0.000000 0.000000 0.000000 1.000000
0.986236 0.047426 -0.158393 2.855500 -0.133552 0.793267 -0.594046 14.669400 0.097475 0.607024 0.788683 0.399000 0.000000 0.000000 0.000000 1.000000
0.986237 0.047425 -0.158393 2.855500 -0.133552 0.793267 -0.594046 14.669400 0.097476 0.607024 0.788683 0.399000 0.000000 0.000000 0.000000 1.000000
0.986237 0.047426 -0.158392 2.855500 -0.133552 0.793268 -0.594045 14.669400 0.097474 0.607023 0.788684 0.399000 0.000000 0.000000 0.000000 1.000000
0.986236 0.047425 -0.158394 2.855500 -0.133552 0.793268 -0.594046 14.669400 0.097476 0.607023 0.788683 0.399000 0.000000 0.000000 0.000000 1.000000
0.986236 0.047425 -0.158393 2.855500 -0.133552 0.793268 -0.594045 14.669400 0.097476 0.607023 0.788683 0.399000 0.000000 0.000000 0.000000 1.000000
0.986237 0.047425 -0.158393 2.855500 -0.133551 0.793268 -0.594045 14.669400 0.097476 0.607023 0.788684 0.399000 0.000000 0.000000 0.000000 1.000000
0.986237 0.047425 -0.158393 2.855500 -0.133552 0.793268 -0.594045 14.669400 0.097476 0.607023 0.788684 0.399000 0.000000 0.000000 0.000000 1.000000
0.986237 0.047425 -0.158392 2.855500 -0.133551 0.793267 -0.594046 14.669400 0.097475 0.607024 0.788683 0.399000 0.000000 0.000000 0.000000 1.000000
0.986237 0.047426 -0.158393 2.855500 -0.133552 0.793267 -0.594046 14.669400 0.097475 0.607024 0.788683 0.399000 0.000000 0.000000 0.000000 1.000000
0.986236 0.047425 -0.158394 2.855500 -0.133552 0.793267 -0.594047 14.669400 0.097476 0.607024 0.788682 0.399000 0.000000 0.000000 0.000000 1.000000
0.986237 0.047425 -0.158392 2.855500 -0.133551 0.793268 -0.594046 14.669400 0.097475 0.607023 0.788683 0.399000 0.000000 0.000000 0.000000 1.000000
0.986237 0.047425 -0.158393 2.855500 -0.133552 0.793268 -0.594046 14.669400 0.097475 0.607023 0.788683 0.399000 0.000000 0.000000 0.000000 1.000000
0.986237 0.047426 -0.158393 2.855500 -0.133552 0.793268 -0.594046 14.669400 0.097475 0.607023 0.788683 0.399000 0.000000 0.000000 0.000000 1.000000
0.986237 0.047425 -0.158393 2.855500 -0.133551 0.793267 -0.594046 14.669400 0.097476 0.607024 0.788683 0.399000 0.000000 0.000000 0.000000 1.000000
0.986236 0.047426 -0.158393 2.855500 -0.133552 0.793267 -0.594046 14.669400 0.097475 0.607024 0.788683 0.399000 0.000000 0.000000 0.000000 1.000000
0.986236 0.047425 -0.158393 2.855500 -0.133552 0.793267 -0.594046 14.669400 0.097476 0.607024 0.788683 0.399000 0.000000 0.000000 0.000000 1.000000
0.986237 0.047426 -0.158393 2.855500 -0.133552 0.793267 -0.594046 14.669400 0.097475 0.607024 0.788683 0.399000 0.000000 0.000000 0.000000 1.000000
0.986237 0.047425 -0.158393 2.855500 -0.133551 0.793268 -0.594046 14.669400 0.097476 0.607023 0.788683 0.399000 0.000000 0.000000 0.000000 1.000000
0.986236 0.047426 -0.158394 2.855500 -0.133553 0.793267 -0.594046 14.669400 0.097475 0.607024 0.788683 0.399000 0.000000 0.000000 0.000000 1.000000
0.986237 0.047425 -0.158393 2.855500 -0.133552 0.793267 -0.594047 14.669400 0.097475 0.607024 0.788683 0.399000 0.000000 0.000000 0.000000 1.000000
0.986236 0.047426 -0.158394 2.855500 -0.133553 0.793267 -0.594046 14.669400 0.097475 0.607024 0.788683 0.399000 0.000000 0.000000 0.000000 1.000000
0.986237 0.047425 -0.158393 2.855500 -0.133551 0.793268 -0.594045 14.669400 0.097476 0.607023 0.788683 0.399000 0.000000 0.000000 0.000000 1.000000
0.986237 0.047425 -0.158393 2.855500 -0.133552 0.793267 -0.594046 14.669400 0.097475 0.607024 0.788683 0.399000 0.000000 0.000000 0.000000 1.000000
0.986236 0.047425 -0.158394 2.855500 -0.133552 0.793267 -0.594046 14.669400 0.097476 0.607024 0.788683 0.399000 0.000000 0.000000 0.000000 1.000000
0.986237 0.047425 -0.158393 2.855500 -0.133552 0.793267 -0.594046 14.669400 0.097475 0.607024 0.788683 0.399000 0.000000 0.000000 0.000000 1.000000
0.986236 0.047426 -0.158393 2.855500 -0.133552 0.793267 -0.594046 14.669400 0.097475 0.607023 0.788683 0.399000 0.000000 0.000000 0.000000 1.000000
0.986237 0.047425 -0.158393 2.855500 -0.133552 0.793268 -0.594046 14.669400 0.097476 0.607023 0.788683 0.399000 0.000000 0.000000 0.000000 1.000000
0.986237 0.047425 -0.158393 2.855500 -0.133552 0.793267 -0.594046 14.669400 0.097475 0.607024 0.788683 0.399000 0.000000 0.000000 0.000000 1.000000
0.986236 0.047426 -0.158394 2.855500 -0.133552 0.793268 -0.594046 14.669400 0.097476 0.607023 0.788683 0.399000 0.000000 0.000000 0.000000 1.000000
0.986236 0.047426 -0.158394 2.855500 -0.133552 0.793267 -0.594046 14.669400 0.097475 0.607024 0.788683 0.399000 0.000000 0.000000 0.000000 1.000000
0.986237 0.047425 -0.158393 2.855500 -0.133552 0.793267 -0.594046 14.669400 0.097475 0.607024 0.788683 0.399000 0.000000 0.000000 0.000000 1.000000
0.986236 0.047425 -0.158394 2.855500 -0.133552 0.793268 -0.594046 14.669400 0.097476 0.607023 0.788683 0.399000 0.000000 0.000000 0.000000 1.000000
0.986237 0.047425 -0.158393 2.855500 -0.133552 0.793267 -0.594046 14.669400 0.097475 0.607024 0.788683 0.399000 0.000000 0.000000 0.000000 1.000000
0.986236 0.047425 -0.158393 2.855500 -0.133552 0.793268 -0.594046 14.669400 0.097475 0.607023 0.788683 0.399000 0.000000 0.000000 0.000000 1.000000
0.986237 0.047425 -0.158393 2.855500 -0.133552 0.793268 -0.594046 14.669400 0.097476 0.607023 0.788683 0.399000 0.000000 0.000000 0.000000 1.000000
0.986237 0.047425 -0.158393 2.855500 -0.133552 0.793268 -0.594046 14.669400 0.097475 0.607023 0.788683 0.399000 0.000000 0.000000 0.000000 1.000000</float_array>
        <technique_common>
          <accessor source="#mixamorig_RightHandIndex1-Matrix-animation-output-transform-array" count="56" stride="16">
            <param type="float4x4"/>
          </accessor>
        </technique_common>
      </source>
      <source id="mixamorig_RightHandIndex1-Interpolations">
        <Name_array id="mixamorig_RightHandIndex1-Interpolations-array" count="56">
 LINEAR LINEAR LINEAR LINEAR LINEAR LINEAR LINEAR LINEAR LINEAR LINEAR LINEAR
LINEAR LINEAR LINEAR LINEAR LINEAR LINEAR LINEAR LINEAR LINEAR LINEAR LINEAR LINEAR
LINEAR LINEAR LINEAR LINEAR LINEAR LINEAR LINEAR LINEAR LINEAR LINEAR LINEAR LINEAR
LINEAR LINEAR LINEAR LINEAR LINEAR LINEAR LINEAR LINEAR LINEAR LINEAR LINEAR LINEAR
LINEAR LINEAR LINEAR LINEAR LINEAR LINEAR LINEAR LINEAR LINEAR</Name_array>
        <technique_common>
          <accessor source="#mixamorig_RightHandIndex1-Interpolations-array" count="56">
            <param type="name"/>
          </accessor>
        </technique_common>
      </source>
      <sampler id="mixamorig_RightHandIndex1-Matrix-animation-transform">
        <input semantic="INPUT" source="#mixamorig_RightHandIndex1-Matrix-animation-input"/>
        <input semantic="OUTPUT" source="#mixamorig_RightHandIndex1-Matrix-animation-output-transform"/>
        <input semantic="INTERPOLATION" source="#mixamorig_RightHandIndex1-Interpolations"/>
      </sampler>
      <channel source="#mixamorig_RightHandIndex1-Matrix-animation-transform" target="mixamorig_RightHandIndex1/matrix"/>
    </animation>
    <animation id="mixamorig_RightHandIndex2-anim" name="mixamorig_RightHandIndex2">
      <source id="mixamorig_RightHandIndex2-Matrix-animation-input">
        <float_array id="mixamorig_RightHandIndex2-Matrix-animation-input-array" count="56">

0.000000 0.033333 0.066667 0.100000 0.133333 0.166667 0.200000 0.233333 0.266667 0.300000 0.333333 0.366667 0.400000 0.433333 0.466667 0.500000
0.533333 0.566667 0.600000 0.633333 0.666667 0.700000 0.733333 0.766667 0.800000 0.833333 0.866667 0.900000 0.933333 0.966667 1.000000 1.033333
1.066667 1.100000 1.133333 1.166667 1.200000 1.233333 1.266667 1.300000 1.333333 1.366667 1.400000 1.433333 1.466667 1.500000 1.533333 1.566667
1.600000 1.633333 1.666667 1.700000 1.733333 1.766667 1.800000 1.833333</float_array>
        <technique_common>
          <accessor source="#mixamorig_RightHandIndex2-Matrix-animation-input-array" count="56">
            <param name="TIME" type="float"/>
          </accessor>
        </technique_common>
      </source>
      <source id="mixamorig_RightHandIndex2-Matrix-animation-output-transform">
        <float_array id="mixamorig_RightHandIndex2-Matrix-animation-output-transform-array" count="896">

0.997469 0.009346 -0.070490 0.000000 -0.069137 0.359191 -0.930700 3.248600 0.016621 0.933217 0.358928 -0.000000 0.000000 0.000000 0.000000 1.000000
0.997469 0.009346 -0.070489 -0.000000 -0.069136 0.359191 -0.930700 3.248600 0.016621 0.933217 0.358928 0.000000 0.000000 0.000000 0.000000 1.000000
0.997469 0.009347 -0.070490 -0.000000 -0.069137 0.359191 -0.930700 3.248600 0.016620 0.933217 0.358928 -0.000000 0.000000 0.000000 0.000000 1.000000
0.997469 0.009346 -0.070490 0.000000 -0.069137 0.359191 -0.930700 3.248600 0.016621 0.933217 0.358928 0.000000 0.000000 0.000000 0.000000 1.000000
0.997469 0.009346 -0.070489 0.000000 -0.069136 0.359191 -0.930700 3.248600 0.016621 0.933217 0.358928 0.000000 0.000000 0.000000 0.000000 1.000000
0.997469 0.009347 -0.070490 0.000000 -0.069137 0.359191 -0.930700 3.248600 0.016620 0.933217 0.358928 0.000000 0.000000 0.000000 0.000000 1.000000
0.997469 0.009346 -0.070490 0.000000 -0.069137 0.359190 -0.930700 3.248600 0.016621 0.933217 0.358927 0.000000 0.000000 0.000000 0.000000 1.000000
0.997469 0.009347 -0.070490 -0.000000 -0.069137 0.359191 -0.930700 3.248600 0.016620 0.933217 0.358928 -0.000000 0.000000 0.000000 0.000000 1.000000
0.997469 0.009347 -0.070489 0.000000 -0.069136 0.359191 -0.930700 3.248600 0.016620 0.933217 0.358928 -0.000000 0.000000 0.000000 0.000000 1.000000
0.997469 0.009347 -0.070489 -0.000000 -0.069137 0.359190 -0.930700 3.248600 0.016620 0.933218 0.358927 -0.000000 0.000000 0.000000 0.000000 1.000000
0.997469 0.009347 -0.070489 0.000000 -0.069137 0.359190 -0.930700 3.248600 0.016620 0.933218 0.358927 0.000000 0.000000 0.000000 0.000000 1.000000
0.997469 0.009347 -0.070489 0.000000 -0.069137 0.359191 -0.930700 3.248600 0.016620 0.933217 0.358928 0.000000 0.000000 0.000000 0.000000 1.000000
0.997469 0.009346 -0.070489 -0.000000 -0.069137 0.359190 -0.930700 3.248600 0.016620 0.933217 0.358927 0.000000 0.000000 0.000000 0.000000 1.000000
0.997469 0.009346 -0.070490 0.000000 -0.069137 0.359190 -0.930700 3.248600 0.016621 0.933218 0.358927 0.000000 0.000000 0.000000 0.000000 1.000000
0.997469 0.009346 -0.070489 -0.000000 -0.069136 0.359190 -0.930700 3.248600 0.016620 0.933218 0.358927 0.000000 0.000000 0.000000 0.000000 1.000000
0.997469 0.009347 -0.070490 -0.000000 -0.069137 0.359190 -0.930700 3.248600 0.016620 0.933218 0.358927 0.000000 0.000000 0.000000 0.000000 1.000000
0.997469 0.009347 -0.070489 0.000000 -0.069136 0.359191 -0.930700 3.248600 0.016620 0.933217 0.358928 0.000000 0.000000 0.000000 0.000000 1.000000
0.997469 0.009346 -0.070489 0.000000 -0.069136 0.359190 -0.930700 3.248600 0.016620 0.933218 0.358927 0.000000 0.000000 0.000000 0.000000 1.000000
0.997469 0.009346 -0.070489 0.000000 -0.069137 0.359190 -0.930700 3.248600 0.016620 0.933218 0.358927 0.000000 0.000000 0.000000 0.000000 1.000000
0.997469 0.009346 -0.070489 0.000000 -0.069137 0.359191 -0.930700 3.248600 0.016620 0.933217 0.358928 0.000000 0.000000 0.000000 0.000000 1.000000
0.997469 0.009347 -0.070488 0.000000 -0.069136 0.359190 -0.930700 3.248600 0.016620 0.933217 0.358927 0.000000 0.000000 0.000000 0.000000 1.000000
0.997469 0.009347 -0.070490 -0.000000 -0.069137 0.359191 -0.930700 3.248600 0.016621 0.933217 0.358928 0.000000 0.000000 0.000000 0.000000 1.000000
0.997469 0.009346 -0.070490 0.000000 -0.069137 0.359191 -0.930700 3.248600 0.016621 0.933217 0.358927 0.000000 0.000000 0.000000 0.000000 1.000000
0.997469 0.009347 -0.070489 0.000000 -0.069136 0.359191 -0.930700 3.248600 0.016620 0.933217 0.358928 -0.000000 0.000000 0.000000 0.000000 1.000000
0.997469 0.009347 -0.070489 0.000000 -0.069137 0.359190 -0.930700 3.248600 0.016620 0.933218 0.358927 0.000000 0.000000 0.000000 0.000000 1.000000
0.997469 0.009347 -0.070490 -0.000000 -0.069137 0.359190 -0.930700 3.248600 0.016620 0.933217 0.358927 0.000000 0.000000 0.000000 0.000000 1.000000
0.997469 0.009347 -0.070489 -0.000000 -0.069136 0.359191 -0.930700 3.248600 0.016620 0.933217 0.358928 -0.000000 0.000000 0.000000 0.000000 1.000000
0.997469 0.009346 -0.070489 0.000000 -0.069136 0.359191 -0.930700 3.248600 0.016621 0.933217 0.358928 -0.000000 0.000000 0.000000 0.000000 1.000000
0.997469 0.009346 -0.070489 0.000000 -0.069136 0.359190 -0.930700 3.248600 0.016621 0.933217 0.358927 0.000000 0.000000 0.000000 0.000000 1.000000
0.997469 0.009347 -0.070489 0.000000 -0.069136 0.359191 -0.930700 3.248600 0.016619 0.933217 0.358928 -0.000000 0.000000 0.000000 0.000000 1.000000
0.997469 0.009346 -0.070489 -0.000000 -0.069137 0.359191 -0.930700 3.248600 0.016621 0.933217 0.358928 -0.000000 0.000000 0.000000 0.000000 1.000000
0.997469 0.009346 -0.070490 0.000000 -0.069137 0.359190 -0.930700 3.248600 0.016621 0.933217 0.358927 0.000000 0.000000 0.000000 0.000000 1.000000
0.997469 0.009346 -0.070489 0.000000 -0.069136 0.359191 -0.930700 3.248600 0.016621 0.933217 0.358928 -0.000000 0.000000 0.000000 0.000000 1.000000
0.997469 0.009346 -0.070489 0.000000 -0.069136 0.359191 -0.930700 3.248600 0.016620 0.933217 0.358928 0.000000 0.000000 0.000000 0.000000 1.000000
0.997469 0.009346 -0.070489 0.000000 -0.069136 0.359190 -0.930700 3.248600 0.016621 0.933218 0.358927 -0.000000 0.000000 0.000000 0.000000 1.000000
0.997469 0.009347 -0.070490 -0.000000 -0.069137 0.359191 -0.930700 3.248600 0.016620 0.933217 0.358928 0.000000 0.000000 0.000000 0.000000 1.000000
0.997469 0.009346 -0.070489 0.000000 -0.069136 0.359191 -0.930700 3.248600 0.016621 0.933217 0.358928 0.000000 0.000000 0.000000 0.000000 1.000000
0.997469 0.009346 -0.070490 0.000000 -0.069137 0.359191 -0.930700 3.248600 0.016621 0.933217 0.358928 0.000000 0.000000 0.000000 0.000000 1.000000
0.997469 0.009347 -0.070489 -0.000000 -0.069136 0.359190 -0.930700 3.248600 0.016620 0.933217 0.358927 0.000000 0.000000 0.000000 0.000000 1.000000
0.997469 0.009347 -0.070489 -0.000000 -0.069137 0.359191 -0.930700 3.248600 0.016620 0.933217 0.358928 -0.000000 0.000000 0.000000 0.000000 1.000000
0.997469 0.009347 -0.070489 -0.000000 -0.069136 0.359191 -0.930700 3.248600 0.016620 0.933217 0.358928 0.000000 0.000000 0.000000 0.000000 1.000000
0.997469 0.009346 -0.070490 0.000000 -0.069137 0.359190 -0.930700 3.248600 0.016621 0.933218 0.358927 -0.000000 0.000000 0.000000 0.000000 1.000000
0.997469 0.009347 -0.070489 0.000000 -0.069136 0.359191 -0.930700 3.248600 0.016620 0.933217 0.358928 0.000000 0.000000 0.000000 0.000000 1.000000
0.997469 0.009347 -0.070489 -0.000000 -0.069137 0.359191 -0.930700 3.248600 0.016620 0.933217 0.358928 0.000000 0.000000 0.000000 0.000000 1.000000
0.997469 0.009346 -0.070489 -0.000000 -0.069136 0.359190 -0.930700 3.248600 0.016621 0.933218 0.358927 0.000000 0.000000 0.000000 0.000000 1.000000
0.997469 0.009347 -0.070490 -0.000000 -0.069137 0.359191 -0.930700 3.248600 0.016620 0.933217 0.358928 0.000000 0.000000 0.000000 0.000000 1.000000
0.997469 0.009347 -0.070489 0.000000 -0.069137 0.359190 -0.930700 3.248600 0.016620 0.933218 0.358927 0.000000 0.000000 0.000000 0.000000 1.000000
0.997469 0.009346 -0.070489 -0.000000 -0.069136 0.359191 -0.930700 3.248600 0.016621 0.933217 0.358928 -0.000000 0.000000 0.000000 0.000000 1.000000
0.997469 0.009347 -0.070489 0.000000 -0.069137 0.359190 -0.930700 3.248600 0.016620 0.933218 0.358927 0.000000 0.000000 0.000000 0.000000 1.000000
0.997469 0.009347 -0.070489 0.000000 -0.069136 0.359191 -0.930700 3.248600 0.016620 0.933217 0.358928 -0.000000 0.000000 0.000000 0.000000 1.000000
0.997469 0.009346 -0.070490 0.000000 -0.069137 0.359191 -0.930700 3.248600 0.016621 0.933217 0.358928 0.000000 0.000000 0.000000 0.000000 1.000000
0.997469 0.009347 -0.070489 0.000000 -0.069137 0.359190 -0.930700 3.248600 0.016620 0.933218 0.358927 -0.000000 0.000000 0.000000 0.000000 1.000000
0.997469 0.009346 -0.070489 0.000000 -0.069136 0.359192 -0.930699 3.248600 0.016620 0.933217 0.358929 0.000000 0.000000 0.000000 0.000000 1.000000
0.997469 0.009347 -0.070490 0.000000 -0.069137 0.359192 -0.930699 3.248600 0.016620 0.933217 0.358929 0.000000 0.000000 0.000000 0.000000 1.000000
0.997469 0.009346 -0.070489 -0.000000 -0.069136 0.359191 -0.930700 3.248600 0.016620 0.933217 0.358928 -0.000000 0.000000 0.000000 0.000000 1.000000
0.997469 0.009346 -0.070490 0.000000 -0.069137 0.359190 -0.930700 3.248600 0.016621 0.933218 0.358927 0.000000 0.000000 0.000000 0.000000 1.000000</float_array>
        <technique_common>
          <accessor source="#mixamorig_RightHandIndex2-Matrix-animation-output-transform-array" count="56" stride="16">
            <param type="float4x4"/>
          </accessor>
        </technique_common>
      </source>
      <source id="mixamorig_RightHandIndex2-Interpolations">
        <Name_array id="mixamorig_RightHandIndex2-Interpolations-array" count="56">
 LINEAR LINEAR LINEAR LINEAR LINEAR LINEAR LINEAR LINEAR LINEAR LINEAR LINEAR
LINEAR LINEAR LINEAR LINEAR LINEAR LINEAR LINEAR LINEAR LINEAR LINEAR LINEAR LINEAR
LINEAR LINEAR LINEAR LINEAR LINEAR LINEAR LINEAR LINEAR LINEAR LINEAR LINEAR LINEAR
LINEAR LINEAR LINEAR LINEAR LINEAR LINEAR LINEAR LINEAR LINEAR LINEAR LINEAR LINEAR
LINEAR LINEAR LINEAR LINEAR LINEAR LINEAR LINEAR LINEAR LINEAR</Name_array>
        <technique_common>
          <accessor source="#mixamorig_RightHandIndex2-Interpolations-array" count="56">
            <param type="name"/>
          </accessor>
        </technique_common>
      </source>
      <sampler id="mixamorig_RightHandIndex2-Matrix-animation-transform">
        <input semantic="INPUT" source="#mixamorig_RightHandIndex2-Matrix-animation-input"/>
        <input semantic="OUTPUT" source="#mixamorig_RightHandIndex2-Matrix-animation-output-transform"/>
        <input semantic="INTERPOLATION" source="#mixamorig_RightHandIndex2-Interpolations"/>
      </sampler>
      <channel source="#mixamorig_RightHandIndex2-Matrix-animation-transform" target="mixamorig_RightHandIndex2/matrix"/>
    </animation>
    <animation id="mixamorig_RightHandIndex3-anim" name="mixamorig_RightHandIndex3">
      <source id="mixamorig_RightHandIndex3-Matrix-animation-input">
        <float_array id="mixamorig_RightHandIndex3-Matrix-animation-input-array" count="56">

0.000000 0.033333 0.066667 0.100000 0.133333 0.166667 0.200000 0.233333 0.266667 0.300000 0.333333 0.366667 0.400000 0.433333 0.466667 0.500000
0.533333 0.566667 0.600000 0.633333 0.666667 0.700000 0.733333 0.766667 0.800000 0.833333 0.866667 0.900000 0.933333 0.966667 1.000000 1.033333
1.066667 1.100000 1.133333 1.166667 1.200000 1.233333 1.266667 1.300000 1.333333 1.366667 1.400000 1.433333 1.466667 1.500000 1.533333 1.566667
1.600000 1.633333 1.666667 1.700000 1.733333 1.766667 1.800000 1.833333</float_array>
        <technique_common>
          <accessor source="#mixamorig_RightHandIndex3-Matrix-animation-input-array" count="56">
            <param name="TIME" type="float"/>
          </accessor>
        </technique_common>
      </source>
      <source id="mixamorig_RightHandIndex3-Matrix-animation-output-transform">
        <float_array id="mixamorig_RightHandIndex3-Matrix-animation-output-transform-array" count="896">

0.998454 0.019225 -0.052154 -0.000000 -0.055101 0.465790 -0.883178 2.659600 0.007313 0.884686 0.466130 0.000000 0.000000 0.000000 0.000000 1.000000
0.998454 0.019225 -0.052155 0.000000 -0.055102 0.465790 -0.883178 2.659600 0.007314 0.884686 0.466129 0.000000 0.000000 0.000000 0.000000 1.000000
0.998454 0.019225 -0.052153 0.000000 -0.055100 0.465790 -0.883178 2.659600 0.007313 0.884686 0.466130 0.000000 0.000000 0.000000 0.000000 1.000000
0.998454 0.019226 -0.052154 0.000000 -0.055102 0.465790 -0.883178 2.659600 0.007313 0.884686 0.466130 0.000000 0.000000 0.000000 0.000000 1.000000
0.998454 0.019226 -0.052154 0.000000 -0.055101 0.465791 -0.883178 2.659600 0.007313 0.884686 0.466130 0.000000 0.000000 0.000000 0.000000 1.000000
0.998454 0.019226 -0.052154 0.000000 -0.055102 0.465790 -0.883178 2.659600 0.007313 0.884686 0.466130 0.000000 0.000000 0.000000 0.000000 1.000000
0.998454 0.019225 -0.052154 0.000000 -0.055102 0.465790 -0.883178 2.659600 0.007314 0.884686 0.466129 -0.000000 0.000000 0.000000 0.000000 1.000000
0.998454 0.019225 -0.052154 0.000000 -0.055101 0.465790 -0.883178 2.659600 0.007314 0.884686 0.466129 -0.000000 0.000000 0.000000 0.000000 1.000000
0.998454 0.019225 -0.052153 -0.000000 -0.055101 0.465791 -0.883178 2.659600 0.007313 0.884686 0.466130 0.000000 0.000000 0.000000 0.000000 1.000000
0.998454 0.019225 -0.052154 -0.000000 -0.055101 0.465790 -0.883178 2.659600 0.007314 0.884686 0.466130 -0.000000 0.000000 0.000000 0.000000 1.000000
0.998454 0.019225 -0.052153 0.000000 -0.055101 0.465790 -0.883178 2.659600 0.007313 0.884686 0.466129 0.000000 0.000000 0.000000 0.000000 1.000000
0.998454 0.019226 -0.052153 -0.000000 -0.055101 0.465790 -0.883178 2.659600 0.007313 0.884686 0.466130 0.000000 0.000000 0.000000 0.000000 1.000000
0.998454 0.019226 -0.052154 0.000000 -0.055102 0.465790 -0.883178 2.659600 0.007313 0.884686 0.466130 0.000000 0.000000 0.000000 0.000000 1.000000
0.998454 0.019226 -0.052153 -0.000000 -0.055101 0.465790 -0.883178 2.659600 0.007313 0.884686 0.466130 -0.000000 0.000000 0.000000 0.000000 1.000000
0.998454 0.019225 -0.052154 0.000000 -0.055101 0.465791 -0.883178 2.659600 0.007313 0.884686 0.466130 0.000000 0.000000 0.000000 0.000000 1.000000
0.998454 0.019225 -0.052154 0.000000 -0.055101 0.465791 -0.883177 2.659600 0.007313 0.884686 0.466130 0.000000 0.000000 0.000000 0.000000 1.000000
0.998454 0.019225 -0.052153 0.000000 -0.055101 0.465790 -0.883178 2.659600 0.007313 0.884686 0.466129 0.000000 0.000000 0.000000 0.000000 1.000000
0.998454 0.019225 -0.052154 0.000000 -0.055101 0.465790 -0.883178 2.659600 0.007313 0.884686 0.466129 0.000000 0.000000 0.000000 0.000000 1.000000
0.998454 0.019226 -0.052154 -0.000000 -0.055101 0.465791 -0.883178 2.659600 0.007313 0.884686 0.466130 0.000000 0.000000 0.000000 0.000000 1.000000
0.998454 0.019226 -0.052154 0.000000 -0.055101 0.465790 -0.883178 2.659600 0.007313 0.884686 0.466130 0.000000 0.000000 0.000000 0.000000 1.000000
0.998454 0.019225 -0.052154 -0.000000 -0.055101 0.465790 -0.883178 2.659600 0.007313 0.884686 0.466129 0.000000 0.000000 0.000000 0.000000 1.000000
0.998454 0.019226 -0.052154 0.000000 -0.055101 0.465791 -0.883178 2.659600 0.007313 0.884686 0.466130 0.000000 0.000000 0.000000 0.000000 1.000000
0.998454 0.019226 -0.052154 0.000000 -0.055102 0.465791 -0.883178 2.659600 0.007313 0.884686 0.466130 0.000000 0.000000 0.000000 0.000000 1.000000
0.998454 0.019226 -0.052154 -0.000000 -0.055101 0.465791 -0.883178 2.659600 0.007313 0.884686 0.466130 0.000000 0.000000 0.000000 0.000000 1.000000
0.998454 0.019226 -0.052153 0.000000 -0.055101 0.465790 -0.883178 2.659600 0.007313 0.884686 0.466129 0.000000 0.000000 0.000000 0.000000 1.000000
0.998454 0.019225 -0.052153 0.000000 -0.055101 0.465791 -0.883178 2.659600 0.007313 0.884686 0.466130 0.000000 0.000000 0.000000 0.000000 1.000000
0.998454 0.019225 -0.052153 0.000000 -0.055101 0.465790 -0.883178 2.659600 0.007313 0.884686 0.466130 0.000000 0.000000 0.000000 0.000000 1.000000
0.998454 0.019226 -0.052154 -0.000000 -0.055101 0.465790 -0.883178 2.659600 0.007313 0.884686 0.466130 0.000000 0.000000 0.000000 0.000000 1.000000
0.998454 0.019225 -0.052153 -0.000000 -0.055101 0.465791 -0.883178 2.659600 0.007313 0.884686 0.466130 0.000000 0.000000 0.000000 0.000000 1.000000
0.998454 0.019225 -0.052154 -0.000000 -0.055101 0.465791 -0.883178 2.659600 0.007314 0.884686 0.466130 0.000000 0.000000 0.000000 0.000000 1.000000
0.998454 0.019225 -0.052154 0.000000 -0.055101 0.465790 -0.883178 2.659600 0.007313 0.884686 0.466129 0.000000 0.000000 0.000000 0.000000 1.000000
0.998454 0.019225 -0.052154 0.000000 -0.055102 0.465790 -0.883178 2.659600 0.007314 0.884686 0.466130 0.000000 0.000000 0.000000 0.000000 1.000000
0.998454 0.019226 -0.052154 0.000000 -0.055102 0.465790 -0.883178 2.659600 0.007313 0.884686 0.466129 0.000000 0.000000 0.000000 0.000000 1.000000
0.998454 0.019226 -0.052153 -0.000000 -0.055101 0.465790 -0.883178 2.659600 0.007313 0.884686 0.466129 0.000000 0.000000 0.000000 0.000000 1.000000
0.998454 0.019225 -0.052154 -0.000000 -0.055102 0.465790 -0.883178 2.659600 0.007314 0.884686 0.466129 0.000000 0.000000 0.000000 0.000000 1.000000
0.998454 0.019225 -0.052154 0.000000 -0.055101 0.465790 -0.883178 2.659600 0.007314 0.884686 0.466130 -0.000000 0.000000 0.000000 0.000000 1.000000
0.998454 0.019226 -0.052153 0.000000 -0.055101 0.465791 -0.883178 2.659600 0.007313 0.884686 0.466130 0.000000 0.000000 0.000000 0.000000 1.000000
0.998454 0.019226 -0.052154 0.000000 -0.055101 0.465790 -0.883178 2.659600 0.007312 0.884686 0.466129 0.000000 0.000000 0.000000 0.000000 1.000000
0.998454 0.019226 -0.052153 0.000000 -0.055101 0.465790 -0.883178 2.659600 0.007313 0.884686 0.466130 0.000000 0.000000 0.000000 0.000000 1.000000
0.998454 0.019225 -0.052154 -0.000000 -0.055101 0.465790 -0.883178 2.659600 0.007314 0.884686 0.466129 0.000000 0.000000 0.000000 0.000000 1.000000
0.998454 0.019226 -0.052154 -0.000000 -0.055102 0.465790 -0.883178 2.659600 0.007313 0.884686 0.466130 0.000000 0.000000 0.000000 0.000000 1.000000
0.998454 0.019225 -0.052154 -0.000000 -0.055101 0.465791 -0.883178 2.659600 0.007313 0.884686 0.466130 0.000000 0.000000 0.000000 0.000000 1.000000
0.998454 0.019225 -0.052153 0.000000 -0.055101 0.465790 -0.883178 2.659600 0.007313 0.884686 0.466129 0.000000 0.000000 0.000000 0.000000 1.000000
0.998454 0.019226 -0.052153 0.000000 -0.055101 0.465790 -0.883178 2.659600 0.007313 0.884686 0.466129 0.000000 0.000000 0.000000 0.000000 1.000000
0.998454 0.019226 -0.052155 -0.000000 -0.055102 0.465791 -0.883178 2.659600 0.007314 0.884686 0.466130 0.000000 0.000000 0.000000 0.000000 1.000000
0.998454 0.019225 -0.052154 -0.000000 -0.055101 0.465791 -0.883178 2.659600 0.007314 0.884686 0.466130 -0.000000 0.000000 0.000000 0.000000 1.000000
0.998454 0.019225 -0.052154 0.000000 -0.055101 0.465790 -0.883178 2.659600 0.007313 0.884686 0.466129 0.000000 0.000000 0.000000 0.000000 1.000000
0.998454 0.019226 -0.052154 -0.000000 -0.055101 0.465790 -0.883178 2.659600 0.007313 0.884686 0.466130 -0.000000 0.000000 0.000000 0.000000 1.000000
0.998454 0.019225 -0.052154 -0.000000 -0.055101 0.465791 -0.883178 2.659600 0.007314 0.884686 0.466130 0.000000 0.000000 0.000000 0.000000 1.000000
0.998454 0.019226 -0.052154 0.000000 -0.055101 0.465791 -0.883178 2.659600 0.007313 0.884686 0.466130 0.000000 0.000000 0.000000 0.000000 1.000000
0.998454 0.019226 -0.052154 0.000000 -0.055102 0.465791 -0.883178 2.659600 0.007313 0.884686 0.466130 0.000000 0.000000 0.000000 0.000000 1.000000
0.998454 0.019226 -0.052154 -0.000000 -0.055102 0.465791 -0.883178 2.659600 0.007313 0.884686 0.466130 -0.000000 0.000000 0.000000 0.000000 1.000000
0.998454 0.019226 -0.052155 0.000000 -0.055102 0.465790 -0.883178 2.659600 0.007313 0.884686 0.466130 0.000000 0.000000 0.000000 0.000000 1.000000
0.998454 0.019226 -0.052153 -0.000000 -0.055101 0.465790 -0.883178 2.659600 0.007313 0.884686 0.466130 0.000000 0.000000 0.000000 0.000000 1.000000
0.998454 0.019226 -0.052154 -0.000000 -0.055102 0.465790 -0.883178 2.659600 0.007313 0.884686 0.466130 0.000000 0.000000 0.000000 0.000000 1.000000
0.998454 0.019225 -0.052154 -0.000000 -0.055102 0.465791 -0.883177 2.659600 0.007314 0.884686 0.466130 0.000000 0.000000 0.000000 0.000000 1.000000</float_array>
        <technique_common>
          <accessor source="#mixamorig_RightHandIndex3-Matrix-animation-output-transform-array" count="56" stride="16">
            <param type="float4x4"/>
          </accessor>
        </technique_common>
      </source>
      <source id="mixamorig_RightHandIndex3-Interpolations">
        <Name_array id="mixamorig_RightHandIndex3-Interpolations-array" count="56">
 LINEAR LINEAR LINEAR LINEAR LINEAR LINEAR LINEAR LINEAR LINEAR LINEAR LINEAR
LINEAR LINEAR LINEAR LINEAR LINEAR LINEAR LINEAR LINEAR LINEAR LINEAR LINEAR LINEAR
LINEAR LINEAR LINEAR LINEAR LINEAR LINEAR LINEAR LINEAR LINEAR LINEAR LINEAR LINEAR
LINEAR LINEAR LINEAR LINEAR LINEAR LINEAR LINEAR LINEAR LINEAR LINEAR LINEAR LINEAR
LINEAR LINEAR LINEAR LINEAR LINEAR LINEAR LINEAR LINEAR LINEAR</Name_array>
        <technique_common>
          <accessor source="#mixamorig_RightHandIndex3-Interpolations-array" count="56">
            <param type="name"/>
          </accessor>
        </technique_common>
      </source>
      <sampler id="mixamorig_RightHandIndex3-Matrix-animation-transform">
        <input semantic="INPUT" source="#mixamorig_RightHandIndex3-Matrix-animation-input"/>
        <input semantic="OUTPUT" source="#mixamorig_RightHandIndex3-Matrix-animation-output-transform"/>
        <input semantic="INTERPOLATION" source="#mixamorig_RightHandIndex3-Interpolations"/>
      </sampler>
      <channel source="#mixamorig_RightHandIndex3-Matrix-animation-transform" target="mixamorig_RightHandIndex3/matrix"/>
    </animation>
    <animation id="mixamorig_RightHandMiddle1-anim" name="mixamorig_RightHandMiddle1">
      <source id="mixamorig_RightHandMiddle1-Matrix-animation-input">
        <float_array id="mixamorig_RightHandMiddle1-Matrix-animation-input-array" count="56">

0.000000 0.033333 0.066667 0.100000 0.133333 0.166667 0.200000 0.233333 0.266667 0.300000 0.333333 0.366667 0.400000 0.433333 0.466667 0.500000
0.533333 0.566667 0.600000 0.633333 0.666667 0.700000 0.733333 0.766667 0.800000 0.833333 0.866667 0.900000 0.933333 0.966667 1.000000 1.033333
1.066667 1.100000 1.133333 1.166667 1.200000 1.233333 1.266667 1.300000 1.333333 1.366667 1.400000 1.433333 1.466667 1.500000 1.533333 1.566667
1.600000 1.633333 1.666667 1.700000 1.733333 1.766667 1.800000 1.833333</float_array>
        <technique_common>
          <accessor source="#mixamorig_RightHandMiddle1-Matrix-animation-input-array" count="56">
            <param name="TIME" type="float"/>
          </accessor>
        </technique_common>
      </source>
      <source id="mixamorig_RightHandMiddle1-Matrix-animation-output-transform">
        <float_array id="mixamorig_RightHandMiddle1-Matrix-animation-output-transform-array" count="896">

0.999391 0.026674 -0.022487 0.000000 -0.034762 0.706715 -0.706644 14.409800 -0.002957 0.706995 0.707212 -0.000000 0.000000 0.000000 0.000000 1.000000
0.999391 0.026674 -0.022486 0.000000 -0.034761 0.706715 -0.706644 14.409800 -0.002957 0.706995 0.707212 0.000000 0.000000 0.000000 0.000000 1.000000
0.999391 0.026674 -0.022486 0.000000 -0.034762 0.706715 -0.706644 14.409800 -0.002958 0.706996 0.707212 -0.000000 0.000000 0.000000 0.000000 1.000000
0.999391 0.026674 -0.022486 0.000000 -0.034762 0.706715 -0.706643 14.409800 -0.002958 0.706995 0.707212 0.000000 0.000000 0.000000 0.000000 1.000000
0.999391 0.026674 -0.022486 0.000000 -0.034762 0.706714 -0.706645 14.409800 -0.002958 0.706996 0.707211 0.000000 0.000000 0.000000 0.000000 1.000000
0.999391 0.026674 -0.022486 0.000000 -0.034762 0.706715 -0.706644 14.409800 -0.002958 0.706996 0.707212 0.000000 0.000000 0.000000 0.000000 1.000000
0.999391 0.026674 -0.022487 0.000000 -0.034762 0.706715 -0.706644 14.409800 -0.002957 0.706996 0.707212 -0.000000 0.000000 0.000000 0.000000 1.000000
0.999391 0.026674 -0.022486 0.000000 -0.034762 0.706715 -0.706644 14.409800 -0.002957 0.706996 0.707212 -0.000000 0.000000 0.000000 0.000000 1.000000
0.999391 0.026674 -0.022487 0.000000 -0.034762 0.706715 -0.706644 14.409800 -0.002957 0.706995 0.707212 -0.000000 0.000000 0.000000 0.000000 1.000000
0.999391 0.026674 -0.022486 0.000000 -0.034762 0.706714 -0.706644 14.409800 -0.002958 0.706996 0.707211 -0.000000 0.000000 0.000000 0.000000 1.000000
0.999391 0.026673 -0.022487 -0.000000 -0.034762 0.706715 -0.706644 14.409800 -0.002957 0.706996 0.707212 0.000000 0.000000 0.000000 0.000000 1.000000
0.999391 0.026674 -0.022486 0.000000 -0.034762 0.706714 -0.706645 14.409800 -0.002958 0.706996 0.707211 -0.000000 0.000000 0.000000 0.000000 1.000000
0.999391 0.026674 -0.022486 0.000000 -0.034762 0.706715 -0.706644 14.409800 -0.002958 0.706996 0.707212 0.000000 0.000000 0.000000 0.000000 1.000000
0.999391 0.026674 -0.022486 0.000000 -0.034762 0.706714 -0.706644 14.409800 -0.002958 0.706996 0.707211 0.000000 0.000000 0.000000 0.000000 1.000000
0.999391 0.026675 -0.022486 0.000000 -0.034762 0.706714 -0.706645 14.409800 -0.002958 0.706996 0.707211 -0.000000 0.000000 0.000000 0.000000 1.000000
0.999391 0.026674 -0.022486 -0.000000 -0.034762 0.706715 -0.706644 14.409800 -0.002958 0.706995 0.707212 0.000000 0.000000 0.000000 0.000000 1.000000
0.999391 0.026673 -0.022486 -0.000000 -0.034761 0.706714 -0.706644 14.409800 -0.002958 0.706996 0.707211 0.000000 0.000000 0.000000 0.000000 1.000000
0.999391 0.026674 -0.022486 0.000000 -0.034762 0.706715 -0.706644 14.409800 -0.002958 0.706996 0.707212 0.000000 0.000000 0.000000 0.000000 1.000000
0.999391 0.026674 -0.022486 0.000000 -0.034762 0.706714 -0.706644 14.409800 -0.002958 0.706996 0.707211 0.000000 0.000000 0.000000 0.000000 1.000000
0.999391 0.026674 -0.022487 0.000000 -0.034762 0.706715 -0.706644 14.409800 -0.002957 0.706996 0.707212 0.000000 0.000000 0.000000 0.000000 1.000000
0.999391 0.026674 -0.022487 0.000000 -0.034762 0.706715 -0.706644 14.409800 -0.002958 0.706996 0.707212 0.000000 0.000000 0.000000 0.000000 1.000000
0.999391 0.026674 -0.022486 0.000000 -0.034761 0.706715 -0.706644 14.409800 -0.002958 0.706995 0.707212 -0.000000 0.000000 0.000000 0.000000 1.000000
0.999391 0.026675 -0.022486 -0.000000 -0.034762 0.706715 -0.706644 14.409800 -0.002958 0.706995 0.707212 0.000000 0.000000 0.000000 0.000000 1.000000
0.999391 0.026674 -0.022487 0.000000 -0.034762 0.706715 -0.706644 14.409800 -0.002957 0.706995 0.707212 0.000000 0.000000 0.000000 0.000000 1.000000
0.999391 0.026673 -0.022487 -0.000000 -0.034762 0.706715 -0.706644 14.409800 -0.002957 0.706995 0.707212 0.000000 0.000000 0.000000 0.000000 1.000000
0.999391 0.026674 -0.022486 -0.000000 -0.034762 0.706715 -0.706644 14.409800 -0.002957 0.706996 0.707212 0.000000 0.000000 0.000000 0.000000 1.000000
0.999391 0.026674 -0.022486 -0.000000 -0.034762 0.706715 -0.706644 14.409800 -0.002958 0.706996 0.707212 0.000000 0.000000 0.000000 0.000000 1.000000
0.999391 0.026674 -0.022486 -0.000000 -0.034761 0.706715 -0.706644 14.409800 -0.002958 0.706995 0.707212 0.000000 0.000000 0.000000 0.000000 1.000000
0.999391 0.026674 -0.022486 0.000000 -0.034762 0.706715 -0.706644 14.409800 -0.002958 0.706995 0.707212 0.000000 0.000000 0.000000 0.000000 1.000000
0.999391 0.026674 -0.022486 -0.000000 -0.034761 0.706715 -0.706644 14.409800 -0.002957 0.706996 0.707212 -0.000000 0.000000 0.000000 0.000000 1.000000
0.999391 0.026674 -0.022486 0.000000 -0.034762 0.706714 -0.706644 14.409800 -0.002957 0.706996 0.707211 0.000000 0.000000 0.000000 0.000000 1.000000
0.999391 0.026674 -0.022486 0.000000 -0.034762 0.706715 -0.706644 14.409800 -0.002957 0.706996 0.707212 0.000000 0.000000 0.000000 0.000000 1.000000
0.999391 0.026674 -0.022486 -0.000000 -0.034762 0.706714 -0.706645 14.409800 -0.002958 0.706996 0.707211 0.000000 0.000000 0.000000 0.000000 1.000000
0.999391 0.026673 -0.022486 0.000000 -0.034761 0.706715 -0.706644 14.409800 -0.002957 0.706995 0.707212 0.000000 0.000000 0.000000 0.000000 1.000000
0.999391 0.026674 -0.022487 -0.000000 -0.034762 0.706715 -0.706644 14.409800 -0.002957 0.706996 0.707212 0.000000 0.000000 0.000000 0.000000 1.000000
0.999391 0.026674 -0.022486 0.000000 -0.034762 0.706714 -0.706645 14.409800 -0.002958 0.706996 0.707211 0.000000 0.000000 0.000000 0.000000 1.000000
0.999391 0.026674 -0.022487 0.000000 -0.034762 0.706715 -0.706644 14.409800 -0.002958 0.706996 0.707212 0.000000 0.000000 0.000000 0.000000 1.000000
0.999391 0.026673 -0.022486 0.000000 -0.034761 0.706715 -0.706644 14.409800 -0.002957 0.706995 0.707212 -0.000000 0.000000 0.000000 0.000000 1.000000
0.999391 0.026674 -0.022487 -0.000000 -0.034763 0.706715 -0.706644 14.409800 -0.002957 0.706996 0.707212 0.000000 0.000000 0.000000 0.000000 1.000000
0.999391 0.026673 -0.022487 0.000000 -0.034762 0.706715 -0.706644 14.409800 -0.002957 0.706996 0.707212 0.000000 0.000000 0.000000 0.000000 1.000000
0.999391 0.026674 -0.022487 0.000000 -0.034762 0.706714 -0.706644 14.409800 -0.002957 0.706996 0.707211 0.000000 0.000000 0.000000 0.000000 1.000000
0.999391 0.026674 -0.022487 0.000000 -0.034763 0.706715 -0.706644 14.409800 -0.002957 0.706995 0.707212 0.000000 0.000000 0.000000 0.000000 1.000000
0.999391 0.026674 -0.022487 0.000000 -0.034762 0.706715 -0.706644 14.409800 -0.002957 0.706996 0.707212 -0.000000 0.000000 0.000000 0.000000 1.000000
0.999391 0.026674 -0.022487 -0.000000 -0.034762 0.706714 -0.706645 14.409800 -0.002958 0.706996 0.707211 0.000000 0.000000 0.000000 0.000000 1.000000
0.999391 0.026674 -0.022486 0.000000 -0.034762 0.706714 -0.706644 14.409800 -0.002958 0.706996 0.707211 -0.000000 0.000000 0.000000 0.000000 1.000000
0.999391 0.026674 -0.022487 0.000000 -0.034762 0.706715 -0.706644 14.409800 -0.002957 0.706995 0.707212 0.000000 0.000000 0.000000 0.000000 1.000000
0.999391 0.026674 -0.022486 -0.000000 -0.034762 0.706715 -0.706644 14.409800 -0.002958 0.706996 0.707212 -0.000000 0.000000 0.000000 0.000000 1.000000
0.999391 0.026674 -0.022486 -0.000000 -0.034762 0.706714 -0.706645 14.409800 -0.002957 0.706996 0.707211 0.000000 0.000000 0.000000 0.000000 1.000000
0.999391 0.026675 -0.022487 0.000000 -0.034763 0.706714 -0.706644 14.409800 -0.002958 0.706996 0.707212 0.000000 0.000000 0.000000 0.000000 1.000000
0.999391 0.026674 -0.022487 0.000000 -0.034763 0.706715 -0.706644 14.409800 -0.002957 0.706995 0.707212 0.000000 0.000000 0.000000 0.000000 1.000000
0.999391 0.026674 -0.022486 0.000000 -0.034762 0.706715 -0.706644 14.409800 -0.002958 0.706995 0.707212 0.000000 0.000000 0.000000 0.000000 1.000000
0.999391 0.026674 -0.022486 0.000000 -0.034762 0.706715 -0.706644 14.409800 -0.002957 0.706995 0.707212 0.000000 0.000000 0.000000 0.000000 1.000000
0.999391 0.026674 -0.022486 0.000000 -0.034762 0.706715 -0.706644 14.409800 -0.002958 0.706995 0.707212 0.000000 0.000000 0.000000 0.000000 1.000000
0.999391 0.026674 -0.022487 -0.000000 -0.034762 0.706715 -0.706644 14.409800 -0.002958 0.706995 0.707212 0.000000 0.000000 0.000000 0.000000 1.000000
0.999391 0.026674 -0.022486 -0.000000 -0.034762 0.706715 -0.706644 14.409800 -0.002958 0.706996 0.707212 0.000000 0.000000 0.000000 0.000000 1.000000
0.999391 0.026674 -0.022486 0.000000 -0.034762 0.706715 -0.706644 14.409800 -0.002958 0.706995 0.707212 -0.000000 0.000000 0.000000 0.000000 1.000000</float_array>
        <technique_common>
          <accessor source="#mixamorig_RightHandMiddle1-Matrix-animation-output-transform-array" count="56" stride="16">
            <param type="float4x4"/>
          </accessor>
        </technique_common>
      </source>
      <source id="mixamorig_RightHandMiddle1-Interpolations">
        <Name_array id="mixamorig_RightHandMiddle1-Interpolations-array" count="56">
 LINEAR LINEAR LINEAR LINEAR LINEAR LINEAR LINEAR LINEAR LINEAR LINEAR LINEAR
LINEAR LINEAR LINEAR LINEAR LINEAR LINEAR LINEAR LINEAR LINEAR LINEAR LINEAR LINEAR
LINEAR LINEAR LINEAR LINEAR LINEAR LINEAR LINEAR LINEAR LINEAR LINEAR LINEAR LINEAR
LINEAR LINEAR LINEAR LINEAR LINEAR LINEAR LINEAR LINEAR LINEAR LINEAR LINEAR LINEAR
LINEAR LINEAR LINEAR LINEAR LINEAR LINEAR LINEAR LINEAR LINEAR</Name_array>
        <technique_common>
          <accessor source="#mixamorig_RightHandMiddle1-Interpolations-array" count="56">
            <param type="name"/>
          </accessor>
        </technique_common>
      </source>
      <sampler id="mixamorig_RightHandMiddle1-Matrix-animation-transform">
        <input semantic="INPUT" source="#mixamorig_RightHandMiddle1-Matrix-animation-input"/>
        <input semantic="OUTPUT" source="#mixamorig_RightHandMiddle1-Matrix-animation-output-transform"/>
        <input semantic="INTERPOLATION" source="#mixamorig_RightHandMiddle1-Interpolations"/>
      </sampler>
      <channel source="#mixamorig_RightHandMiddle1-Matrix-animation-transform" target="mixamorig_RightHandMiddle1/matrix"/>
    </animation>
    <animation id="mixamorig_RightHandMiddle2-anim" name="mixamorig_RightHandMiddle2">
      <source id="mixamorig_RightHandMiddle2-Matrix-animation-input">
        <float_array id="mixamorig_RightHandMiddle2-Matrix-animation-input-array" count="56">

0.000000 0.033333 0.066667 0.100000 0.133333 0.166667 0.200000 0.233333 0.266667 0.300000 0.333333 0.366667 0.400000 0.433333 0.466667 0.500000
0.533333 0.566667 0.600000 0.633333 0.666667 0.700000 0.733333 0.766667 0.800000 0.833333 0.866667 0.900000 0.933333 0.966667 1.000000 1.033333
1.066667 1.100000 1.133333 1.166667 1.200000 1.233333 1.266667 1.300000 1.333333 1.366667 1.400000 1.433333 1.466667 1.500000 1.533333 1.566667
1.600000 1.633333 1.666667 1.700000 1.733333 1.766667 1.800000 1.833333</float_array>
        <technique_common>
          <accessor source="#mixamorig_RightHandMiddle2-Matrix-animation-input-array" count="56">
            <param name="TIME" type="float"/>
          </accessor>
        </technique_common>
      </source>
      <source id="mixamorig_RightHandMiddle2-Matrix-animation-output-transform">
        <float_array id="mixamorig_RightHandMiddle2-Matrix-animation-output-transform-array" count="896">

0.998054 0.041962 -0.046114 -0.000000 -0.058332 0.367262 -0.928287 3.259100 -0.022017 0.929170 0.368995 0.000000 0.000000 0.000000 0.000000 1.000000
0.998054 0.041962 -0.046115 -0.000000 -0.058333 0.367263 -0.928286 3.259100 -0.022017 0.929170 0.368996 -0.000000 0.000000 0.000000 0.000000 1.000000
0.998054 0.041962 -0.046114 0.000000 -0.058332 0.367262 -0.928287 3.259100 -0.022017 0.929171 0.368995 0.000000 0.000000 0.000000 0.000000 1.000000
0.998054 0.041962 -0.046115 -0.000000 -0.058332 0.367261 -0.928287 3.259100 -0.022017 0.929171 0.368994 0.000000 0.000000 0.000000 0.000000 1.000000
0.998054 0.041962 -0.046114 0.000000 -0.058332 0.367263 -0.928286 3.259100 -0.022016 0.929170 0.368996 0.000000 0.000000 0.000000 0.000000 1.000000
0.998054 0.041962 -0.046114 -0.000000 -0.058332 0.367262 -0.928287 3.259100 -0.022017 0.929171 0.368995 0.000000 0.000000 0.000000 0.000000 1.000000
0.998054 0.041962 -0.046114 -0.000000 -0.058332 0.367262 -0.928287 3.259100 -0.022017 0.929171 0.368995 0.000000 0.000000 0.000000 0.000000 1.000000
0.998054 0.041961 -0.046114 0.000000 -0.058331 0.367262 -0.928287 3.259100 -0.022016 0.929171 0.368995 0.000000 0.000000 0.000000 0.000000 1.000000
0.998054 0.041962 -0.046115 0.000000 -0.058333 0.367262 -0.928286 3.259100 -0.022017 0.929170 0.368996 0.000000 0.000000 0.000000 0.000000 1.000000
0.998054 0.041962 -0.046114 -0.000000 -0.058332 0.367262 -0.928286 3.259100 -0.022017 0.929170 0.368996 0.000000 0.000000 0.000000 0.000000 1.000000
0.998054 0.041963 -0.046115 0.000000 -0.058332 0.367262 -0.928287 3.259100 -0.022017 0.929171 0.368995 0.000000 0.000000 0.000000 0.000000 1.000000
0.998054 0.041962 -0.046114 0.000000 -0.058331 0.367263 -0.928286 3.259100 -0.022017 0.929170 0.368996 0.000000 0.000000 0.000000 0.000000 1.000000
0.998054 0.041962 -0.046115 0.000000 -0.058332 0.367262 -0.928287 3.259100 -0.022017 0.929171 0.368995 0.000000 0.000000 0.000000 0.000000 1.000000
0.998054 0.041962 -0.046115 0.000000 -0.058332 0.367262 -0.928287 3.259100 -0.022016 0.929170 0.368995 -0.000000 0.000000 0.000000 0.000000 1.000000
0.998054 0.041963 -0.046114 0.000000 -0.058331 0.367263 -0.928286 3.259100 -0.022018 0.929170 0.368996 0.000000 0.000000 0.000000 0.000000 1.000000
0.998054 0.041962 -0.046114 -0.000000 -0.058332 0.367263 -0.928286 3.259100 -0.022017 0.929170 0.368996 0.000000 0.000000 0.000000 0.000000 1.000000
0.998054 0.041962 -0.046115 -0.000000 -0.058332 0.367263 -0.928286 3.259100 -0.022016 0.929170 0.368996 0.000000 0.000000 0.000000 0.000000 1.000000
0.998054 0.041962 -0.046115 -0.000000 -0.058332 0.367262 -0.928286 3.259100 -0.022016 0.929170 0.368995 -0.000000 0.000000 0.000000 0.000000 1.000000
0.998054 0.041962 -0.046115 -0.000000 -0.058332 0.367262 -0.928287 3.259100 -0.022017 0.929170 0.368995 -0.000000 0.000000 0.000000 0.000000 1.000000
0.998054 0.041962 -0.046114 0.000000 -0.058332 0.367262 -0.928287 3.259100 -0.022017 0.929171 0.368995 0.000000 0.000000 0.000000 0.000000 1.000000
0.998054 0.041962 -0.046115 0.000000 -0.058332 0.367262 -0.928287 3.259100 -0.022016 0.929171 0.368995 0.000000 0.000000 0.000000 0.000000 1.000000
0.998054 0.041962 -0.046115 0.000000 -0.058332 0.367262 -0.928287 3.259100 -0.022017 0.929170 0.368995 0.000000 0.000000 0.000000 0.000000 1.000000
0.998054 0.041962 -0.046114 0.000000 -0.058331 0.367262 -0.928287 3.259100 -0.022017 0.929170 0.368995 0.000000 0.000000 0.000000 0.000000 1.000000
0.998054 0.041963 -0.046115 0.000000 -0.058333 0.367262 -0.928286 3.259100 -0.022017 0.929170 0.368996 0.000000 0.000000 0.000000 0.000000 1.000000
0.998054 0.041962 -0.046115 -0.000000 -0.058332 0.367261 -0.928287 3.259100 -0.022017 0.929171 0.368995 0.000000 0.000000 0.000000 0.000000 1.000000
0.998054 0.041962 -0.046114 0.000000 -0.058332 0.367262 -0.928286 3.259100 -0.022017 0.929170 0.368995 0.000000 0.000000 0.000000 0.000000 1.000000
0.998054 0.041961 -0.046114 -0.000000 -0.058332 0.367263 -0.928286 3.259100 -0.022016 0.929170 0.368996 0.000000 0.000000 0.000000 0.000000 1.000000
0.998054 0.041962 -0.046115 -0.000000 -0.058332 0.367262 -0.928287 3.259100 -0.022016 0.929170 0.368995 0.000000 0.000000 0.000000 0.000000 1.000000
0.998054 0.041962 -0.046115 0.000000 -0.058332 0.367262 -0.928286 3.259100 -0.022016 0.929170 0.368996 0.000000 0.000000 0.000000 0.000000 1.000000
0.998054 0.041962 -0.046114 0.000000 -0.058332 0.367262 -0.928287 3.259100 -0.022017 0.929170 0.368995 0.000000 0.000000 0.000000 0.000000 1.000000
0.998054 0.041963 -0.046114 -0.000000 -0.058332 0.367263 -0.928286 3.259100 -0.022017 0.929170 0.368996 0.000000 0.000000 0.000000 0.000000 1.000000
0.998054 0.041962 -0.046114 0.000000 -0.058332 0.367262 -0.928286 3.259100 -0.022017 0.929170 0.368996 -0.000000 0.000000 0.000000 0.000000 1.000000
0.998054 0.041962 -0.046114 0.000000 -0.058331 0.367262 -0.928286 3.259100 -0.022016 0.929170 0.368996 -0.000000 0.000000 0.000000 0.000000 1.000000
0.998054 0.041961 -0.046115 -0.000000 -0.058332 0.367262 -0.928286 3.259100 -0.022016 0.929170 0.368995 0.000000 0.000000 0.000000 0.000000 1.000000
0.998054 0.041962 -0.046114 -0.000000 -0.058332 0.367263 -0.928286 3.259100 -0.022017 0.929170 0.368996 0.000000 0.000000 0.000000 0.000000 1.000000
0.998054 0.041961 -0.046114 0.000000 -0.058332 0.367263 -0.928286 3.259100 -0.022016 0.929170 0.368996 0.000000 0.000000 0.000000 0.000000 1.000000
0.998054 0.041962 -0.046115 0.000000 -0.058332 0.367262 -0.928287 3.259100 -0.022016 0.929171 0.368995 0.000000 0.000000 0.000000 0.000000 1.000000
0.998054 0.041962 -0.046114 0.000000 -0.058332 0.367263 -0.928286 3.259100 -0.022016 0.929170 0.368996 0.000000 0.000000 0.000000 0.000000 1.000000
0.998054 0.041962 -0.046114 0.000000 -0.058332 0.367262 -0.928287 3.259100 -0.022017 0.929171 0.368995 0.000000 0.000000 0.000000 0.000000 1.000000
0.998054 0.041962 -0.046115 0.000000 -0.058332 0.367262 -0.928287 3.259100 -0.022017 0.929170 0.368995 0.000000 0.000000 0.000000 0.000000 1.000000
0.998054 0.041962 -0.046114 0.000000 -0.058332 0.367262 -0.928286 3.259100 -0.022017 0.929170 0.368995 -0.000000 0.000000 0.000000 0.000000 1.000000
0.998054 0.041962 -0.046114 0.000000 -0.058331 0.367263 -0.928286 3.259100 -0.022017 0.929170 0.368996 0.000000 0.000000 0.000000 0.000000 1.000000
0.998054 0.041962 -0.046114 -0.000000 -0.058332 0.367262 -0.928287 3.259100 -0.022017 0.929171 0.368995 -0.000000 0.000000 0.000000 0.000000 1.000000
0.998054 0.041962 -0.046114 0.000000 -0.058331 0.367263 -0.928286 3.259100 -0.022017 0.929170 0.368996 0.000000 0.000000 0.000000 0.000000 1.000000
0.998054 0.041961 -0.046114 0.000000 -0.058331 0.367262 -0.928287 3.259100 -0.022016 0.929170 0.368995 0.000000 0.000000 0.000000 0.000000 1.000000
0.998054 0.041963 -0.046114 -0.000000 -0.058332 0.367262 -0.928287 3.259100 -0.022017 0.929171 0.368995 0.000000 0.000000 0.000000 0.000000 1.000000
0.998054 0.041962 -0.046115 0.000000 -0.058333 0.367262 -0.928287 3.259100 -0.022017 0.929171 0.368995 -0.000000 0.000000 0.000000 0.000000 1.000000
0.998054 0.041962 -0.046115 0.000000 -0.058332 0.367263 -0.928286 3.259100 -0.022016 0.929170 0.368996 0.000000 0.000000 0.000000 0.000000 1.000000
0.998054 0.041962 -0.046114 0.000000 -0.058332 0.367263 -0.928286 3.259100 -0.022016 0.929170 0.368996 0.000000 0.000000 0.000000 0.000000 1.000000
0.998054 0.041962 -0.046114 0.000000 -0.058332 0.367262 -0.928287 3.259100 -0.022017 0.929171 0.368995 -0.000000 0.000000 0.000000 0.000000 1.000000
0.998054 0.041962 -0.046114 0.000000 -0.058331 0.367262 -0.928287 3.259100 -0.022017 0.929171 0.368995 -0.000000 0.000000 0.000000 0.000000 1.000000
0.998054 0.041962 -0.046115 -0.000000 -0.058333 0.367263 -0.928286 3.259100 -0.022016 0.929170 0.368996 0.000000 0.000000 0.000000 0.000000 1.000000
0.998054 0.041962 -0.046115 -0.000000 -0.058332 0.367262 -0.928287 3.259100 -0.022016 0.929171 0.368995 0.000000 0.000000 0.000000 0.000000 1.000000
0.998054 0.041962 -0.046115 0.000000 -0.058332 0.367261 -0.928287 3.259100 -0.022017 0.929171 0.368994 0.000000 0.000000 0.000000 0.000000 1.000000
0.998054 0.041963 -0.046114 -0.000000 -0.058332 0.367262 -0.928287 3.259100 -0.022018 0.929170 0.368995 0.000000 0.000000 0.000000 0.000000 1.000000
0.998054 0.041962 -0.046114 0.000000 -0.058332 0.367262 -0.928287 3.259100 -0.022017 0.929171 0.368995 0.000000 0.000000 0.000000 0.000000 1.000000</float_array>
        <technique_common>
          <accessor source="#mixamorig_RightHandMiddle2-Matrix-animation-output-transform-array" count="56" stride="16">
            <param type="float4x4"/>
          </accessor>
        </technique_common>
      </source>
      <source id="mixamorig_RightHandMiddle2-Interpolations">
        <Name_array id="mixamorig_RightHandMiddle2-Interpolations-array" count="56">
 LINEAR LINEAR LINEAR LINEAR LINEAR LINEAR LINEAR LINEAR LINEAR LINEAR LINEAR
LINEAR LINEAR LINEAR LINEAR LINEAR LINEAR LINEAR LINEAR LINEAR LINEAR LINEAR LINEAR
LINEAR LINEAR LINEAR LINEAR LINEAR LINEAR LINEAR LINEAR LINEAR LINEAR LINEAR LINEAR
LINEAR LINEAR LINEAR LINEAR LINEAR LINEAR LINEAR LINEAR LINEAR LINEAR LINEAR LINEAR
LINEAR LINEAR LINEAR LINEAR LINEAR LINEAR LINEAR LINEAR LINEAR</Name_array>
        <technique_common>
          <accessor source="#mixamorig_RightHandMiddle2-Interpolations-array" count="56">
            <param type="name"/>
          </accessor>
        </technique_common>
      </source>
      <sampler id="mixamorig_RightHandMiddle2-Matrix-animation-transform">
        <input semantic="INPUT" source="#mixamorig_RightHandMiddle2-Matrix-animation-input"/>
        <input semantic="OUTPUT" source="#mixamorig_RightHandMiddle2-Matrix-animation-output-transform"/>
        <input semantic="INTERPOLATION" source="#mixamorig_RightHandMiddle2-Interpolations"/>
      </sampler>
      <channel source="#mixamorig_RightHandMiddle2-Matrix-animation-transform" target="mixamorig_RightHandMiddle2/matrix"/>
    </animation>
    <animation id="mixamorig_RightHandMiddle3-anim" name="mixamorig_RightHandMiddle3">
      <source id="mixamorig_RightHandMiddle3-Matrix-animation-input">
        <float_array id="mixamorig_RightHandMiddle3-Matrix-animation-input-array" count="56">

0.000000 0.033333 0.066667 0.100000 0.133333 0.166667 0.200000 0.233333 0.266667 0.300000 0.333333 0.366667 0.400000 0.433333 0.466667 0.500000
0.533333 0.566667 0.600000 0.633333 0.666667 0.700000 0.733333 0.766667 0.800000 0.833333 0.866667 0.900000 0.933333 0.966667 1.000000 1.033333
1.066667 1.100000 1.133333 1.166667 1.200000 1.233333 1.266667 1.300000 1.333333 1.366667 1.400000 1.433333 1.466667 1.500000 1.533333 1.566667
1.600000 1.633333 1.666667 1.700000 1.733333 1.766667 1.800000 1.833333</float_array>
        <technique_common>
          <accessor source="#mixamorig_RightHandMiddle3-Matrix-animation-input-array" count="56">
            <param name="TIME" type="float"/>
          </accessor>
        </technique_common>
      </source>
      <source id="mixamorig_RightHandMiddle3-Matrix-animation-output-transform">
        <float_array id="mixamorig_RightHandMiddle3-Matrix-animation-output-transform-array" count="896">

0.999299 0.036308 -0.009134 0.000000 -0.033368 0.753099 -0.657061 2.639800 -0.016978 0.656905 0.753782 0.000000 0.000000 0.000000 0.000000 1.000000
0.999299 0.036307 -0.009133 0.000000 -0.033367 0.753099 -0.657061 2.639800 -0.016978 0.656905 0.753782 0.000000 0.000000 0.000000 0.000000 1.000000
0.999299 0.036308 -0.009133 0.000000 -0.033368 0.753099 -0.657060 2.639800 -0.016978 0.656904 0.753783 -0.000000 0.000000 0.000000 0.000000 1.000000
0.999299 0.036307 -0.009134 0.000000 -0.033368 0.753099 -0.657061 2.639800 -0.016977 0.656905 0.753782 0.000000 0.000000 0.000000 0.000000 1.000000
0.999299 0.036308 -0.009134 0.000000 -0.033368 0.753099 -0.657061 2.639800 -0.016978 0.656905 0.753782 -0.000000 0.000000 0.000000 0.000000 1.000000
0.999299 0.036307 -0.009133 -0.000000 -0.033368 0.753099 -0.657060 2.639800 -0.016978 0.656904 0.753783 0.000000 0.000000 0.000000 0.000000 1.000000
0.999299 0.036308 -0.009134 -0.000000 -0.033369 0.753100 -0.657060 2.639800 -0.016978 0.656904 0.753783 0.000000 0.000000 0.000000 0.000000 1.000000
0.999299 0.036308 -0.009135 0.000000 -0.033369 0.753099 -0.657060 2.639800 -0.016977 0.656904 0.753783 0.000000 0.000000 0.000000 0.000000 1.000000
0.999299 0.036308 -0.009134 -0.000000 -0.033369 0.753099 -0.657060 2.639800 -0.016978 0.656904 0.753783 0.000000 0.000000 0.000000 0.000000 1.000000
0.999299 0.036307 -0.009134 -0.000000 -0.033367 0.753099 -0.657060 2.639800 -0.016977 0.656904 0.753783 0.000000 0.000000 0.000000 0.000000 1.000000
0.999299 0.036307 -0.009134 0.000000 -0.033368 0.753099 -0.657061 2.639800 -0.016977 0.656905 0.753782 0.000000 0.000000 0.000000 0.000000 1.000000
0.999299 0.036307 -0.009134 0.000000 -0.033368 0.753099 -0.657061 2.639800 -0.016977 0.656905 0.753782 0.000000 0.000000 0.000000 0.000000 1.000000
0.999299 0.036307 -0.009134 0.000000 -0.033368 0.753100 -0.657060 2.639800 -0.016977 0.656904 0.753783 0.000000 0.000000 0.000000 0.000000 1.000000
0.999299 0.036307 -0.009133 -0.000000 -0.033367 0.753099 -0.657060 2.639800 -0.016978 0.656904 0.753783 0.000000 0.000000 0.000000 0.000000 1.000000
0.999299 0.036307 -0.009134 0.000000 -0.033368 0.753099 -0.657061 2.639800 -0.016977 0.656905 0.753782 -0.000000 0.000000 0.000000 0.000000 1.000000
0.999299 0.036307 -0.009134 0.000000 -0.033367 0.753099 -0.657060 2.639800 -0.016977 0.656904 0.753783 0.000000 0.000000 0.000000 0.000000 1.000000
0.999299 0.036308 -0.009134 0.000000 -0.033368 0.753099 -0.657061 2.639800 -0.016978 0.656905 0.753782 0.000000 0.000000 0.000000 0.000000 1.000000
0.999299 0.036308 -0.009134 0.000000 -0.033369 0.753099 -0.657060 2.639800 -0.016978 0.656904 0.753783 0.000000 0.000000 0.000000 0.000000 1.000000
0.999299 0.036308 -0.009134 0.000000 -0.033368 0.753100 -0.657060 2.639800 -0.016978 0.656904 0.753783 0.000000 0.000000 0.000000 0.000000 1.000000
0.999299 0.036308 -0.009134 -0.000000 -0.033369 0.753100 -0.657060 2.639800 -0.016977 0.656904 0.753783 0.000000 0.000000 0.000000 0.000000 1.000000
0.999299 0.036308 -0.009133 0.000000 -0.033368 0.753099 -0.657060 2.639800 -0.016979 0.656904 0.753783 -0.000000 0.000000 0.000000 0.000000 1.000000
0.999299 0.036308 -0.009134 0.000000 -0.033368 0.753099 -0.657061 2.639800 -0.016978 0.656905 0.753782 -0.000000 0.000000 0.000000 0.000000 1.000000
0.999299 0.036308 -0.009133 -0.000000 -0.033368 0.753100 -0.657060 2.639800 -0.016978 0.656904 0.753783 0.000000 0.000000 0.000000 0.000000 1.000000
0.999299 0.036307 -0.009133 0.000000 -0.033367 0.753099 -0.657061 2.639800 -0.016978 0.656905 0.753782 -0.000000 0.000000 0.000000 0.000000 1.000000
0.999299 0.036308 -0.009134 0.000000 -0.033368 0.753099 -0.657060 2.639800 -0.016978 0.656904 0.753783 0.000000 0.000000 0.000000 0.000000 1.000000
0.999299 0.036308 -0.009134 0.000000 -0.033368 0.753100 -0.657060 2.639800 -0.016977 0.656904 0.753783 0.000000 0.000000 0.000000 0.000000 1.000000
0.999299 0.036308 -0.009134 0.000000 -0.033368 0.753099 -0.657060 2.639800 -0.016978 0.656904 0.753783 0.000000 0.000000 0.000000 0.000000 1.000000
0.999299 0.036308 -0.009134 0.000000 -0.033369 0.753100 -0.657060 2.639800 -0.016978 0.656904 0.753783 0.000000 0.000000 0.000000 0.000000 1.000000
0.999299 0.036307 -0.009133 0.000000 -0.033368 0.753099 -0.657060 2.639800 -0.016978 0.656905 0.753783 0.000000 0.000000 0.000000 0.000000 1.000000
0.999299 0.036307 -0.009134 0.000000 -0.033368 0.753099 -0.657060 2.639800 -0.016977 0.656904 0.753783 -0.000000 0.000000 0.000000 0.000000 1.000000
0.999299 0.036307 -0.009133 0.000000 -0.033368 0.753099 -0.657060 2.639800 -0.016978 0.656904 0.753783 0.000000 0.000000 0.000000 0.000000 1.000000
0.999299 0.036307 -0.009134 0.000000 -0.033368 0.753099 -0.657060 2.639800 -0.016977 0.656904 0.753783 0.000000 0.000000 0.000000 0.000000 1.000000
0.999299 0.036308 -0.009134 0.000000 -0.033369 0.753099 -0.657060 2.639800 -0.016977 0.656904 0.753783 0.000000 0.000000 0.000000 0.000000 1.000000
0.999299 0.036308 -0.009133 -0.000000 -0.033368 0.753099 -0.657061 2.639800 -0.016979 0.656905 0.753782 0.000000 0.000000 0.000000 0.000000 1.000000
0.999299 0.036308 -0.009134 -0.000000 -0.033368 0.753099 -0.657060 2.639800 -0.016977 0.656904 0.753783 0.000000 0.000000 0.000000 0.000000 1.000000
0.999299 0.036308 -0.009134 -0.000000 -0.033368 0.753099 -0.657060 2.639800 -0.016978 0.656904 0.753783 0.000000 0.000000 0.000000 0.000000 1.000000
0.999299 0.036308 -0.009134 -0.000000 -0.033369 0.753099 -0.657060 2.639800 -0.016978 0.656905 0.753783 0.000000 0.000000 0.000000 0.000000 1.000000
0.999299 0.036308 -0.009134 0.000000 -0.033368 0.753099 -0.657061 2.639800 -0.016978 0.656905 0.753782 0.000000 0.000000 0.000000 0.000000 1.000000
0.999299 0.036307 -0.009134 0.000000 -0.033368 0.753099 -0.657060 2.639800 -0.016977 0.656904 0.753783 0.000000 0.000000 0.000000 0.000000 1.000000
0.999299 0.036308 -0.009134 0.000000 -0.033368 0.753099 -0.657061 2.639800 -0.016978 0.656905 0.753782 0.000000 0.000000 0.000000 0.000000 1.000000
0.999299 0.036308 -0.009134 -0.000000 -0.033368 0.753099 -0.657060 2.639800 -0.016978 0.656904 0.753783 -0.000000 0.000000 0.000000 0.000000 1.000000
0.999299 0.036308 -0.009134 -0.000000 -0.033368 0.753099 -0.657060 2.639800 -0.016978 0.656904 0.753783 0.000000 0.000000 0.000000 0.000000 1.000000
0.999299 0.036308 -0.009133 0.000000 -0.033368 0.753099 -0.657060 2.639800 -0.016978 0.656904 0.753783 -0.000000 0.000000 0.000000 0.000000 1.000000
0.999299 0.036308 -0.009134 0.000000 -0.033368 0.753099 -0.657060 2.639800 -0.016978 0.656904 0.753783 0.000000 0.000000 0.000000 0.000000 1.000000
0.999299 0.036308 -0.009134 -0.000000 -0.033368 0.753099 -0.657060 2.639800 -0.016977 0.656904 0.753783 0.000000 0.000000 0.000000 0.000000 1.000000
0.999299 0.036307 -0.009134 0.000000 -0.033368 0.753099 -0.657060 2.639800 -0.016977 0.656904 0.753783 -0.000000 0.000000 0.000000 0.000000 1.000000
0.999299 0.036308 -0.009133 -0.000000 -0.033368 0.753099 -0.657061 2.639800 -0.016978 0.656905 0.753783 0.000000 0.000000 0.000000 0.000000 1.000000
0.999299 0.036307 -0.009134 -0.000000 -0.033368 0.753099 -0.657060 2.639800 -0.016977 0.656905 0.753783 0.000000 0.000000 0.000000 0.000000 1.000000
0.999299 0.036308 -0.009134 -0.000000 -0.033369 0.753099 -0.657061 2.639800 -0.016978 0.656905 0.753782 0.000000 0.000000 0.000000 0.000000 1.000000
0.999299 0.036308 -0.009133 0.000000 -0.033368 0.753099 -0.657061 2.639800 -0.016978 0.656905 0.753783 -0.000000 0.000000 0.000000 0.000000 1.000000
0.999299 0.036308 -0.009134 -0.000000 -0.033368 0.753099 -0.657060 2.639800 -0.016978 0.656904 0.753783 0.000000 0.000000 0.000000 0.000000 1.000000
0.999299 0.036308 -0.009133 -0.000000 -0.033368 0.753099 -0.657060 2.639800 -0.016978 0.656904 0.753783 0.000000 0.000000 0.000000 0.000000 1.000000
0.999299 0.036308 -0.009134 -0.000000 -0.033369 0.753099 -0.657060 2.639800 -0.016978 0.656904 0.753783 0.000000 0.000000 0.000000 0.000000 1.000000
0.999299 0.036307 -0.009134 -0.000000 -0.033368 0.753099 -0.657060 2.639800 -0.016977 0.656904 0.753783 0.000000 0.000000 0.000000 0.000000 1.000000
0.999299 0.036307 -0.009133 0.000000 -0.033368 0.753099 -0.657060 2.639800 -0.016978 0.656904 0.753783 0.000000 0.000000 0.000000 0.000000 1.000000
0.999299 0.036308 -0.009134 -0.000000 -0.033368 0.753099 -0.657060 2.639800 -0.016977 0.656904 0.753783 0.000000 0.000000 0.000000 0.000000 1.000000</float_array>
        <technique_common>
          <accessor source="#mixamorig_RightHandMiddle3-Matrix-animation-output-transform-array" count="56" stride="16">
            <param type="float4x4"/>
          </accessor>
        </technique_common>
      </source>
      <source id="mixamorig_RightHandMiddle3-Interpolations">
        <Name_array id="mixamorig_RightHandMiddle3-Interpolations-array" count="56">
 LINEAR LINEAR LINEAR LINEAR LINEAR LINEAR LINEAR LINEAR LINEAR LINEAR LINEAR
LINEAR LINEAR LINEAR LINEAR LINEAR LINEAR LINEAR LINEAR LINEAR LINEAR LINEAR LINEAR
LINEAR LINEAR LINEAR LINEAR LINEAR LINEAR LINEAR LINEAR LINEAR LINEAR LINEAR LINEAR
LINEAR LINEAR LINEAR LINEAR LINEAR LINEAR LINEAR LINEAR LINEAR LINEAR LINEAR LINEAR
LINEAR LINEAR LINEAR LINEAR LINEAR LINEAR LINEAR LINEAR LINEAR</Name_array>
        <technique_common>
          <accessor source="#mixamorig_RightHandMiddle3-Interpolations-array" count="56">
            <param type="name"/>
          </accessor>
        </technique_common>
      </source>
      <sampler id="mixamorig_RightHandMiddle3-Matrix-animation-transform">
        <input semantic="INPUT" source="#mixamorig_RightHandMiddle3-Matrix-animation-input"/>
        <input semantic="OUTPUT" source="#mixamorig_RightHandMiddle3-Matrix-animation-output-transform"/>
        <input semantic="INTERPOLATION" source="#mixamorig_RightHandMiddle3-Interpolations"/>
      </sampler>
      <channel source="#mixamorig_RightHandMiddle3-Matrix-animation-transform" target="mixamorig_RightHandMiddle3/matrix"/>
    </animation>
    <animation id="mixamorig_RightHandRing1-anim" name="mixamorig_RightHandRing1">
      <source id="mixamorig_RightHandRing1-Matrix-animation-input">
        <float_array id="mixamorig_RightHandRing1-Matrix-animation-input-array" count="56">

0.000000 0.033333 0.066667 0.100000 0.133333 0.166667 0.200000 0.233333 0.266667 0.300000 0.333333 0.366667 0.400000 0.433333 0.466667 0.500000
0.533333 0.566667 0.600000 0.633333 0.666667 0.700000 0.733333 0.766667 0.800000 0.833333 0.866667 0.900000 0.933333 0.966667 1.000000 1.033333
1.066667 1.100000 1.133333 1.166667 1.200000 1.233333 1.266667 1.300000 1.333333 1.366667 1.400000 1.433333 1.466667 1.500000 1.533333 1.566667
1.600000 1.633333 1.666667 1.700000 1.733333 1.766667 1.800000 1.833333</float_array>
        <technique_common>
          <accessor source="#mixamorig_RightHandRing1-Matrix-animation-input-array" count="56">
            <param name="TIME" type="float"/>
          </accessor>
        </technique_common>
      </source>
      <source id="mixamorig_RightHandRing1-Matrix-animation-output-transform">
        <float_array id="mixamorig_RightHandRing1-Matrix-animation-output-transform-array" count="896">

0.995315 0.092207 0.029093 -3.304900 -0.023464 0.522250 -0.852470 13.191500 -0.093797 0.847793 0.521966 -0.322000 0.000000 0.000000 0.000000 1.000000
0.995315 0.092207 0.029094 -3.304900 -0.023464 0.522250 -0.852470 13.191500 -0.093798 0.847793 0.521966 -0.322000 0.000000 0.000000 0.000000 1.000000
0.995315 0.092207 0.029093 -3.304900 -0.023464 0.522250 -0.852470 13.191500 -0.093797 0.847793 0.521966 -0.322000 0.000000 0.000000 0.000000 1.000000
0.995315 0.092207 0.029093 -3.304900 -0.023464 0.522250 -0.852469 13.191500 -0.093798 0.847793 0.521967 -0.322000 0.000000 0.000000 0.000000 1.000000
0.995315 0.092207 0.029093 -3.304900 -0.023464 0.522250 -0.852470 13.191500 -0.093798 0.847793 0.521966 -0.322000 0.000000 0.000000 0.000000 1.000000
0.995315 0.092207 0.029093 -3.304900 -0.023464 0.522249 -0.852470 13.191500 -0.093798 0.847793 0.521966 -0.322000 0.000000 0.000000 0.000000 1.000000
0.995315 0.092207 0.029092 -3.304900 -0.023465 0.522250 -0.852470 13.191500 -0.093797 0.847793 0.521966 -0.322000 0.000000 0.000000 0.000000 1.000000
0.995315 0.092207 0.029093 -3.304900 -0.023464 0.522249 -0.852470 13.191500 -0.093798 0.847793 0.521966 -0.322000 0.000000 0.000000 0.000000 1.000000
0.995315 0.092207 0.029093 -3.304900 -0.023464 0.522250 -0.852470 13.191500 -0.093798 0.847793 0.521967 -0.322000 0.000000 0.000000 0.000000 1.000000
0.995315 0.092207 0.029093 -3.304900 -0.023465 0.522250 -0.852470 13.191500 -0.093798 0.847793 0.521967 -0.322000 0.000000 0.000000 0.000000 1.000000
0.995315 0.092207 0.029093 -3.304900 -0.023464 0.522249 -0.852470 13.191500 -0.093798 0.847793 0.521966 -0.322000 0.000000 0.000000 0.000000 1.000000
0.995315 0.092207 0.029093 -3.304900 -0.023464 0.522249 -0.852470 13.191500 -0.093798 0.847793 0.521966 -0.322000 0.000000 0.000000 0.000000 1.000000
0.995315 0.092207 0.029093 -3.304900 -0.023464 0.522250 -0.852470 13.191500 -0.093797 0.847793 0.521966 -0.322000 0.000000 0.000000 0.000000 1.000000
0.995315 0.092207 0.029093 -3.304900 -0.023464 0.522250 -0.852470 13.191500 -0.093798 0.847793 0.521966 -0.322000 0.000000 0.000000 0.000000 1.000000
0.995315 0.092207 0.029094 -3.304900 -0.023464 0.522249 -0.852470 13.191500 -0.093798 0.847793 0.521966 -0.322000 0.000000 0.000000 0.000000 1.000000
0.995315 0.092207 0.029093 -3.304900 -0.023464 0.522249 -0.852470 13.191500 -0.093798 0.847793 0.521966 -0.322000 0.000000 0.000000 0.000000 1.000000
0.995315 0.092207 0.029094 -3.304900 -0.023464 0.522250 -0.852470 13.191500 -0.093798 0.847793 0.521966 -0.322000 0.000000 0.000000 0.000000 1.000000
0.995315 0.092207 0.029093 -3.304900 -0.023464 0.522250 -0.852470 13.191500 -0.093798 0.847793 0.521966 -0.322000 0.000000 0.000000 0.000000 1.000000
0.995315 0.092207 0.029093 -3.304900 -0.023464 0.522249 -0.852470 13.191500 -0.093797 0.847793 0.521966 -0.322000 0.000000 0.000000 0.000000 1.000000
0.995315 0.092207 0.029093 -3.304900 -0.023464 0.522250 -0.852470 13.191500 -0.093798 0.847793 0.521967 -0.322000 0.000000 0.000000 0.000000 1.000000
0.995315 0.092207 0.029093 -3.304900 -0.023464 0.522249 -0.852470 13.191500 -0.093797 0.847793 0.521966 -0.322000 0.000000 0.000000 0.000000 1.000000
0.995315 0.092207 0.029093 -3.304900 -0.023464 0.522250 -0.852470 13.191500 -0.093797 0.847793 0.521967 -0.322000 0.000000 0.000000 0.000000 1.000000
0.995315 0.092207 0.029094 -3.304900 -0.023464 0.522250 -0.852470 13.191500 -0.093798 0.847793 0.521967 -0.322000 0.000000 0.000000 0.000000 1.000000
0.995315 0.092207 0.029092 -3.304900 -0.023465 0.522250 -0.852470 13.191500 -0.093797 0.847793 0.521966 -0.322000 0.000000 0.000000 0.000000 1.000000
0.995315 0.092207 0.029093 -3.304900 -0.023464 0.522251 -0.852469 13.191500 -0.093798 0.847793 0.521967 -0.322000 0.000000 0.000000 0.000000 1.000000
0.995315 0.092207 0.029093 -3.304900 -0.023464 0.522250 -0.852470 13.191500 -0.093797 0.847793 0.521966 -0.322000 0.000000 0.000000 0.000000 1.000000
0.995315 0.092206 0.029094 -3.304900 -0.023463 0.522250 -0.852470 13.191500 -0.093797 0.847793 0.521966 -0.322000 0.000000 0.000000 0.000000 1.000000
0.995315 0.092207 0.029094 -3.304900 -0.023463 0.522250 -0.852470 13.191500 -0.093798 0.847793 0.521967 -0.322000 0.000000 0.000000 0.000000 1.000000
0.995315 0.092207 0.029093 -3.304900 -0.023464 0.522250 -0.852470 13.191500 -0.093798 0.847793 0.521967 -0.322000 0.000000 0.000000 0.000000 1.000000
0.995315 0.092207 0.029093 -3.304900 -0.023464 0.522249 -0.852470 13.191500 -0.093797 0.847793 0.521966 -0.322000 0.000000 0.000000 0.000000 1.000000
0.995315 0.092207 0.029093 -3.304900 -0.023463 0.522250 -0.852470 13.191500 -0.093797 0.847793 0.521966 -0.322000 0.000000 0.000000 0.000000 1.000000
0.995315 0.092207 0.029093 -3.304900 -0.023464 0.522250 -0.852470 13.191500 -0.093798 0.847793 0.521966 -0.322000 0.000000 0.000000 0.000000 1.000000
0.995315 0.092207 0.029093 -3.304900 -0.023464 0.522249 -0.852470 13.191500 -0.093797 0.847793 0.521966 -0.322000 0.000000 0.000000 0.000000 1.000000
0.995315 0.092207 0.029093 -3.304900 -0.023464 0.522250 -0.852470 13.191500 -0.093797 0.847793 0.521966 -0.322000 0.000000 0.000000 0.000000 1.000000
0.995315 0.092207 0.029093 -3.304900 -0.023464 0.522249 -0.852470 13.191500 -0.093797 0.847793 0.521966 -0.322000 0.000000 0.000000 0.000000 1.000000
0.995315 0.092206 0.029093 -3.304900 -0.023464 0.522250 -0.852470 13.191500 -0.093797 0.847793 0.521966 -0.322000 0.000000 0.000000 0.000000 1.000000
0.995315 0.092208 0.029093 -3.304900 -0.023465 0.522250 -0.852470 13.191500 -0.093798 0.847793 0.521967 -0.322000 0.000000 0.000000 0.000000 1.000000
0.995315 0.092207 0.029093 -3.304900 -0.023464 0.522250 -0.852470 13.191500 -0.093797 0.847793 0.521967 -0.322000 0.000000 0.000000 0.000000 1.000000
0.995315 0.092206 0.029093 -3.304900 -0.023464 0.522250 -0.852470 13.191500 -0.093797 0.847793 0.521966 -0.322000 0.000000 0.000000 0.000000 1.000000
0.995315 0.092207 0.029093 -3.304900 -0.023464 0.522249 -0.852470 13.191500 -0.093797 0.847793 0.521966 -0.322000 0.000000 0.000000 0.000000 1.000000
0.995315 0.092207 0.029093 -3.304900 -0.023464 0.522249 -0.852470 13.191500 -0.093797 0.847793 0.521966 -0.322000 0.000000 0.000000 0.000000 1.000000
0.995315 0.092207 0.029093 -3.304900 -0.023464 0.522249 -0.852470 13.191500 -0.093797 0.847793 0.521966 -0.322000 0.000000 0.000000 0.000000 1.000000
0.995315 0.092207 0.029093 -3.304900 -0.023464 0.522250 -0.852470 13.191500 -0.093797 0.847793 0.521966 -0.322000 0.000000 0.000000 0.000000 1.000000
0.995315 0.092206 0.029093 -3.304900 -0.023464 0.522250 -0.852470 13.191500 -0.093797 0.847793 0.521966 -0.322000 0.000000 0.000000 0.000000 1.000000
0.995315 0.092207 0.029093 -3.304900 -0.023464 0.522250 -0.852470 13.191500 -0.093798 0.847793 0.521967 -0.322000 0.000000 0.000000 0.000000 1.000000
0.995315 0.092207 0.029093 -3.304900 -0.023464 0.522250 -0.852470 13.191500 -0.093797 0.847793 0.521967 -0.322000 0.000000 0.000000 0.000000 1.000000
0.995315 0.092207 0.029093 -3.304900 -0.023464 0.522250 -0.852470 13.191500 -0.093798 0.847793 0.521966 -0.322000 0.000000 0.000000 0.000000 1.000000
0.995315 0.092207 0.029093 -3.304900 -0.023464 0.522249 -0.852470 13.191500 -0.093798 0.847793 0.521966 -0.322000 0.000000 0.000000 0.000000 1.000000
0.995315 0.092208 0.029092 -3.304900 -0.023465 0.522250 -0.852470 13.191500 -0.093798 0.847793 0.521966 -0.322000 0.000000 0.000000 0.000000 1.000000
0.995315 0.092207 0.029093 -3.304900 -0.023464 0.522249 -0.852470 13.191500 -0.093797 0.847793 0.521966 -0.322000 0.000000 0.000000 0.000000 1.000000
0.995315 0.092208 0.029093 -3.304900 -0.023464 0.522250 -0.852470 13.191500 -0.093798 0.847793 0.521967 -0.322000 0.000000 0.000000 0.000000 1.000000
0.995315 0.092207 0.029093 -3.304900 -0.023464 0.522250 -0.852470 13.191500 -0.093797 0.847793 0.521967 -0.322000 0.000000 0.000000 0.000000 1.000000
0.995315 0.092207 0.029093 -3.304900 -0.023464 0.522249 -0.852470 13.191500 -0.093797 0.847793 0.521966 -0.322000 0.000000 0.000000 0.000000 1.000000
0.995315 0.092207 0.029093 -3.304900 -0.023464 0.522250 -0.852470 13.191500 -0.093797 0.847793 0.521966 -0.322000 0.000000 0.000000 0.000000 1.000000
0.995315 0.092207 0.029094 -3.304900 -0.023463 0.522250 -0.852470 13.191500 -0.093798 0.847793 0.521966 -0.322000 0.000000 0.000000 0.000000 1.000000
0.995315 0.092207 0.029093 -3.304900 -0.023464 0.522250 -0.852470 13.191500 -0.093798 0.847793 0.521966 -0.322000 0.000000 0.000000 0.000000 1.000000</float_array>
        <technique_common>
          <accessor source="#mixamorig_RightHandRing1-Matrix-animation-output-transform-array" count="56" stride="16">
            <param type="float4x4"/>
          </accessor>
        </technique_common>
      </source>
      <source id="mixamorig_RightHandRing1-Interpolations">
        <Name_array id="mixamorig_RightHandRing1-Interpolations-array" count="56">
 LINEAR LINEAR LINEAR LINEAR LINEAR LINEAR LINEAR LINEAR LINEAR LINEAR LINEAR
LINEAR LINEAR LINEAR LINEAR LINEAR LINEAR LINEAR LINEAR LINEAR LINEAR LINEAR LINEAR
LINEAR LINEAR LINEAR LINEAR LINEAR LINEAR LINEAR LINEAR LINEAR LINEAR LINEAR LINEAR
LINEAR LINEAR LINEAR LINEAR LINEAR LINEAR LINEAR LINEAR LINEAR LINEAR LINEAR LINEAR
LINEAR LINEAR LINEAR LINEAR LINEAR LINEAR LINEAR LINEAR LINEAR</Name_array>
        <technique_common>
          <accessor source="#mixamorig_RightHandRing1-Interpolations-array" count="56">
            <param type="name"/>
          </accessor>
        </technique_common>
      </source>
      <sampler id="mixamorig_RightHandRing1-Matrix-animation-transform">
        <input semantic="INPUT" source="#mixamorig_RightHandRing1-Matrix-animation-input"/>
        <input semantic="OUTPUT" source="#mixamorig_RightHandRing1-Matrix-animation-output-transform"/>
        <input semantic="INTERPOLATION" source="#mixamorig_RightHandRing1-Interpolations"/>
      </sampler>
      <channel source="#mixamorig_RightHandRing1-Matrix-animation-transform" target="mixamorig_RightHandRing1/matrix"/>
    </animation>
    <animation id="mixamorig_RightHandRing2-anim" name="mixamorig_RightHandRing2">
      <source id="mixamorig_RightHandRing2-Matrix-animation-input">
        <float_array id="mixamorig_RightHandRing2-Matrix-animation-input-array" count="56">

0.000000 0.033333 0.066667 0.100000 0.133333 0.166667 0.200000 0.233333 0.266667 0.300000 0.333333 0.366667 0.400000 0.433333 0.466667 0.500000
0.533333 0.566667 0.600000 0.633333 0.666667 0.700000 0.733333 0.766667 0.800000 0.833333 0.866667 0.900000 0.933333 0.966667 1.000000 1.033333
1.066667 1.100000 1.133333 1.166667 1.200000 1.233333 1.266667 1.300000 1.333333 1.366667 1.400000 1.433333 1.466667 1.500000 1.533333 1.566667
1.600000 1.633333 1.666667 1.700000 1.733333 1.766667 1.800000 1.833333</float_array>
        <technique_common>
          <accessor source="#mixamorig_RightHandRing2-Matrix-animation-input-array" count="56">
            <param name="TIME" type="float"/>
          </accessor>
        </technique_common>
      </source>
      <source id="mixamorig_RightHandRing2-Matrix-animation-output-transform">
        <float_array id="mixamorig_RightHandRing2-Matrix-animation-output-transform-array" count="896">

0.999422 0.031077 -0.013792 0.000000 -0.031045 0.668701 -0.742883 2.717600 -0.013864 0.742881 0.669279 0.000000 0.000000 0.000000 0.000000 1.000000
0.999422 0.031077 -0.013792 0.000000 -0.031045 0.668701 -0.742883 2.717600 -0.013864 0.742882 0.669279 0.000000 0.000000 0.000000 0.000000 1.000000
0.999422 0.031077 -0.013792 0.000000 -0.031045 0.668701 -0.742883 2.717600 -0.013864 0.742882 0.669279 0.000000 0.000000 0.000000 0.000000 1.000000
0.999422 0.031077 -0.013792 0.000000 -0.031045 0.668701 -0.742883 2.717600 -0.013864 0.742882 0.669279 0.000000 0.000000 0.000000 0.000000 1.000000
0.999422 0.031077 -0.013791 0.000000 -0.031045 0.668701 -0.742883 2.717600 -0.013864 0.742882 0.669279 0.000000 0.000000 0.000000 0.000000 1.000000
0.999422 0.031077 -0.013792 -0.000000 -0.031045 0.668701 -0.742883 2.717600 -0.013864 0.742882 0.669279 0.000000 0.000000 0.000000 0.000000 1.000000
0.999422 0.031077 -0.013792 0.000000 -0.031045 0.668701 -0.742883 2.717600 -0.013864 0.742882 0.669279 -0.000000 0.000000 0.000000 0.000000 1.000000
0.999422 0.031077 -0.013792 -0.000000 -0.031045 0.668701 -0.742883 2.717600 -0.013864 0.742881 0.669280 -0.000000 0.000000 0.000000 0.000000 1.000000
0.999422 0.031077 -0.013791 0.000000 -0.031045 0.668701 -0.742883 2.717600 -0.013864 0.742881 0.669279 0.000000 0.000000 0.000000 0.000000 1.000000
0.999422 0.031078 -0.013791 0.000000 -0.031045 0.668701 -0.742883 2.717600 -0.013865 0.742882 0.669279 0.000000 0.000000 0.000000 0.000000 1.000000
0.999422 0.031078 -0.013791 -0.000000 -0.031044 0.668701 -0.742883 2.717600 -0.013865 0.742882 0.669279 0.000000 0.000000 0.000000 0.000000 1.000000
0.999422 0.031078 -0.013792 -0.000000 -0.031045 0.668701 -0.742883 2.717600 -0.013865 0.742881 0.669279 0.000000 0.000000 0.000000 0.000000 1.000000
0.999422 0.031078 -0.013791 -0.000000 -0.031045 0.668701 -0.742883 2.717600 -0.013865 0.742882 0.669279 -0.000000 0.000000 0.000000 0.000000 1.000000
0.999422 0.031077 -0.013792 0.000000 -0.031045 0.668701 -0.742883 2.717600 -0.013864 0.742882 0.669279 0.000000 0.000000 0.000000 0.000000 1.000000
0.999422 0.031077 -0.013792 -0.000000 -0.031045 0.668701 -0.742883 2.717600 -0.013864 0.742882 0.669279 0.000000 0.000000 0.000000 0.000000 1.000000
0.999422 0.031077 -0.013791 0.000000 -0.031045 0.668701 -0.742883 2.717600 -0.013865 0.742881 0.669279 0.000000 0.000000 0.000000 0.000000 1.000000
0.999422 0.031077 -0.013791 0.000000 -0.031044 0.668701 -0.742883 2.717600 -0.013865 0.742882 0.669279 0.000000 0.000000 0.000000 0.000000 1.000000
0.999422 0.031077 -0.013791 0.000000 -0.031044 0.668701 -0.742883 2.717600 -0.013865 0.742882 0.669279 0.000000 0.000000 0.000000 0.000000 1.000000
0.999422 0.031078 -0.013792 0.000000 -0.031045 0.668701 -0.742883 2.717600 -0.013865 0.742882 0.669279 0.000000 0.000000 0.000000 0.000000 1.000000
0.999422 0.031077 -0.013791 0.000000 -0.031045 0.668701 -0.742883 2.717600 -0.013865 0.742882 0.669279 -0.000000 0.000000 0.000000 0.000000 1.000000
0.999422 0.031078 -0.013791 0.000000 -0.031045 0.668701 -0.742883 2.717600 -0.013865 0.742882 0.669279 -0.000000 0.000000 0.000000 0.000000 1.000000
0.999422 0.031077 -0.013791 0.000000 -0.031045 0.668700 -0.742884 2.717600 -0.013864 0.742882 0.669279 0.000000 0.000000 0.000000 0.000000 1.000000
0.999422 0.031078 -0.013792 0.000000 -0.031045 0.668701 -0.742883 2.717600 -0.013865 0.742881 0.669280 -0.000000 0.000000 0.000000 0.000000 1.000000
0.999422 0.031078 -0.013791 -0.000000 -0.031044 0.668701 -0.742883 2.717600 -0.013865 0.742882 0.669279 0.000000 0.000000 0.000000 0.000000 1.000000
0.999422 0.031077 -0.013791 -0.000000 -0.031044 0.668701 -0.742883 2.717600 -0.013864 0.742882 0.669279 0.000000 0.000000 0.000000 0.000000 1.000000
0.999422 0.031078 -0.013791 0.000000 -0.031045 0.668701 -0.742883 2.717600 -0.013865 0.742882 0.669279 0.000000 0.000000 0.000000 0.000000 1.000000
0.999422 0.031077 -0.013792 0.000000 -0.031045 0.668701 -0.742883 2.717600 -0.013864 0.742882 0.669279 0.000000 0.000000 0.000000 0.000000 1.000000
0.999422 0.031077 -0.013791 0.000000 -0.031045 0.668701 -0.742883 2.717600 -0.013865 0.742882 0.669279 0.000000 0.000000 0.000000 0.000000 1.000000
0.999422 0.031078 -0.013791 -0.000000 -0.031045 0.668701 -0.742883 2.717600 -0.013865 0.742882 0.669279 0.000000 0.000000 0.000000 0.000000 1.000000
0.999422 0.031078 -0.013792 -0.000000 -0.031045 0.668701 -0.742883 2.717600 -0.013865 0.742882 0.669279 0.000000 0.000000 0.000000 0.000000 1.000000
0.999422 0.031078 -0.013792 0.000000 -0.031045 0.668701 -0.742883 2.717600 -0.013865 0.742881 0.669280 0.000000 0.000000 0.000000 0.000000 1.000000
0.999422 0.031077 -0.013791 0.000000 -0.031045 0.668701 -0.742883 2.717600 -0.013865 0.742881 0.669280 0.000000 0.000000 0.000000 0.000000 1.000000
0.999422 0.031077 -0.013790 -0.000000 -0.031044 0.668701 -0.742883 2.717600 -0.013865 0.742882 0.669279 0.000000 0.000000 0.000000 0.000000 1.000000
0.999422 0.031077 -0.013791 0.000000 -0.031045 0.668701 -0.742883 2.717600 -0.013865 0.742882 0.669279 0.000000 0.000000 0.000000 0.000000 1.000000
0.999422 0.031077 -0.013792 -0.000000 -0.031045 0.668701 -0.742883 2.717600 -0.013864 0.742882 0.669279 0.000000 0.000000 0.000000 0.000000 1.000000
0.999422 0.031078 -0.013792 0.000000 -0.031046 0.668701 -0.742883 2.717600 -0.013865 0.742882 0.669279 0.000000 0.000000 0.000000 0.000000 1.000000
0.999422 0.031077 -0.013792 0.000000 -0.031045 0.668701 -0.742883 2.717600 -0.013864 0.742882 0.669279 0.000000 0.000000 0.000000 0.000000 1.000000
0.999422 0.031077 -0.013791 -0.000000 -0.031045 0.668701 -0.742883 2.717600 -0.013865 0.742882 0.669279 0.000000 0.000000 0.000000 0.000000 1.000000
0.999422 0.031077 -0.013791 0.000000 -0.031045 0.668701 -0.742883 2.717600 -0.013865 0.742882 0.669279 -0.000000 0.000000 0.000000 0.000000 1.000000
0.999422 0.031078 -0.013792 0.000000 -0.031045 0.668701 -0.742883 2.717600 -0.013865 0.742882 0.669279 0.000000 0.000000 0.000000 0.000000 1.000000
0.999422 0.031078 -0.013792 -0.000000 -0.031046 0.668701 -0.742883 2.717600 -0.013864 0.742882 0.669279 0.000000 0.000000 0.000000 0.000000 1.000000
0.999422 0.031077 -0.013791 -0.000000 -0.031044 0.668701 -0.742883 2.717600 -0.013864 0.742882 0.669279 -0.000000 0.000000 0.000000 0.000000 1.000000
0.999422 0.031078 -0.013791 0.000000 -0.031045 0.668700 -0.742884 2.717600 -0.013865 0.742882 0.669279 0.000000 0.000000 0.000000 0.000000 1.000000
0.999422 0.031078 -0.013792 0.000000 -0.031045 0.668701 -0.742883 2.717600 -0.013864 0.742882 0.669279 0.000000 0.000000 0.000000 0.000000 1.000000
0.999422 0.031078 -0.013792 0.000000 -0.031045 0.668701 -0.742883 2.717600 -0.013865 0.742881 0.669279 -0.000000 0.000000 0.000000 0.000000 1.000000
0.999422 0.031077 -0.013791 -0.000000 -0.031045 0.668701 -0.742883 2.717600 -0.013864 0.742881 0.669279 0.000000 0.000000 0.000000 0.000000 1.000000
0.999422 0.031077 -0.013791 -0.000000 -0.031045 0.668701 -0.742883 2.717600 -0.013864 0.742882 0.669279 0.000000 0.000000 0.000000 0.000000 1.000000
0.999422 0.031077 -0.013791 0.000000 -0.031044 0.668701 -0.742883 2.717600 -0.013864 0.742882 0.669279 0.000000 0.000000 0.000000 0.000000 1.000000
0.999422 0.031078 -0.013791 -0.000000 -0.031045 0.668701 -0.742883 2.717600 -0.013865 0.742882 0.669279 -0.000000 0.000000 0.000000 0.000000 1.000000
0.999422 0.031077 -0.013792 -0.000000 -0.031045 0.668701 -0.742883 2.717600 -0.013864 0.742882 0.669279 0.000000 0.000000 0.000000 0.000000 1.000000
0.999422 0.031077 -0.013791 -0.000000 -0.031044 0.668700 -0.742884 2.717600 -0.013865 0.742882 0.669279 0.000000 0.000000 0.000000 0.000000 1.000000
0.999422 0.031077 -0.013791 -0.000000 -0.031045 0.668701 -0.742883 2.717600 -0.013864 0.742882 0.669279 0.000000 0.000000 0.000000 0.000000 1.000000
0.999422 0.031077 -0.013792 0.000000 -0.031045 0.668701 -0.742883 2.717600 -0.013864 0.742881 0.669280 0.000000 0.000000 0.000000 0.000000 1.000000
0.999422 0.031078 -0.013791 0.000000 -0.031045 0.668701 -0.742883 2.717600 -0.013865 0.742882 0.669279 0.000000 0.000000 0.000000 0.000000 1.000000
0.999422 0.031078 -0.013792 0.000000 -0.031046 0.668701 -0.742883 2.717600 -0.013865 0.742882 0.669279 0.000000 0.000000 0.000000 0.000000 1.000000
0.999422 0.031077 -0.013791 0.000000 -0.031044 0.668701 -0.742883 2.717600 -0.013865 0.742882 0.669279 0.000000 0.000000 0.000000 0.000000 1.000000</float_array>
        <technique_common>
          <accessor source="#mixamorig_RightHandRing2-Matrix-animation-output-transform-array" count="56" stride="16">
            <param type="float4x4"/>
          </accessor>
        </technique_common>
      </source>
      <source id="mixamorig_RightHandRing2-Interpolations">
        <Name_array id="mixamorig_RightHandRing2-Interpolations-array" count="56">
 LINEAR LINEAR LINEAR LINEAR LINEAR LINEAR LINEAR LINEAR LINEAR LINEAR LINEAR
LINEAR LINEAR LINEAR LINEAR LINEAR LINEAR LINEAR LINEAR LINEAR LINEAR LINEAR LINEAR
LINEAR LINEAR LINEAR LINEAR LINEAR LINEAR LINEAR LINEAR LINEAR LINEAR LINEAR LINEAR
LINEAR LINEAR LINEAR LINEAR LINEAR LINEAR LINEAR LINEAR LINEAR LINEAR LINEAR LINEAR
LINEAR LINEAR LINEAR LINEAR LINEAR LINEAR LINEAR LINEAR LINEAR</Name_array>
        <technique_common>
          <accessor source="#mixamorig_RightHandRing2-Interpolations-array" count="56">
            <param type="name"/>
          </accessor>
        </technique_common>
      </source>
      <sampler id="mixamorig_RightHandRing2-Matrix-animation-transform">
        <input semantic="INPUT" source="#mixamorig_RightHandRing2-Matrix-animation-input"/>
        <input semantic="OUTPUT" source="#mixamorig_RightHandRing2-Matrix-animation-output-transform"/>
        <input semantic="INTERPOLATION" source="#mixamorig_RightHandRing2-Interpolations"/>
      </sampler>
      <channel source="#mixamorig_RightHandRing2-Matrix-animation-transform" target="mixamorig_RightHandRing2/matrix"/>
    </animation>
    <animation id="mixamorig_RightHandRing3-anim" name="mixamorig_RightHandRing3">
      <source id="mixamorig_RightHandRing3-Matrix-animation-input">
        <float_array id="mixamorig_RightHandRing3-Matrix-animation-input-array" count="56">

0.000000 0.033333 0.066667 0.100000 0.133333 0.166667 0.200000 0.233333 0.266667 0.300000 0.333333 0.366667 0.400000 0.433333 0.466667 0.500000
0.533333 0.566667 0.600000 0.633333 0.666667 0.700000 0.733333 0.766667 0.800000 0.833333 0.866667 0.900000 0.933333 0.966667 1.000000 1.033333
1.066667 1.100000 1.133333 1.166667 1.200000 1.233333 1.266667 1.300000 1.333333 1.366667 1.400000 1.433333 1.466667 1.500000 1.533333 1.566667
1.600000 1.633333 1.666667 1.700000 1.733333 1.766667 1.800000 1.833333</float_array>
        <technique_common>
          <accessor source="#mixamorig_RightHandRing3-Matrix-animation-input-array" count="56">
            <param name="TIME" type="float"/>
          </accessor>
        </technique_common>
      </source>
      <source id="mixamorig_RightHandRing3-Matrix-animation-output-transform">
        <float_array id="mixamorig_RightHandRing3-Matrix-animation-output-transform-array" count="896">

0.999297 0.032616 -0.018494 -0.000000 -0.034228 0.592177 -0.805081 2.134500 -0.015307 0.805148 0.592877 0.000000 0.000000 0.000000 0.000000 1.000000
0.999297 0.032616 -0.018494 -0.000000 -0.034228 0.592178 -0.805080 2.134500 -0.015306 0.805147 0.592878 0.000000 0.000000 0.000000 0.000000 1.000000
0.999297 0.032616 -0.018493 -0.000000 -0.034227 0.592178 -0.805080 2.134500 -0.015307 0.805147 0.592878 0.000000 0.000000 0.000000 0.000000 1.000000
0.999297 0.032616 -0.018493 -0.000000 -0.034227 0.592177 -0.805080 2.134500 -0.015307 0.805147 0.592877 0.000000 0.000000 0.000000 0.000000 1.000000
0.999297 0.032616 -0.018494 0.000000 -0.034228 0.592177 -0.805080 2.134500 -0.015307 0.805147 0.592877 0.000000 0.000000 0.000000 0.000000 1.000000
0.999297 0.032615 -0.018493 0.000000 -0.034227 0.592178 -0.805080 2.134500 -0.015306 0.805147 0.592878 0.000000 0.000000 0.000000 0.000000 1.000000
0.999297 0.032616 -0.018493 0.000000 -0.034227 0.592178 -0.805080 2.134500 -0.015307 0.805147 0.592878 0.000000 0.000000 0.000000 0.000000 1.000000
0.999297 0.032616 -0.018493 -0.000000 -0.034227 0.592178 -0.805080 2.134500 -0.015307 0.805147 0.592878 0.000000 0.000000 0.000000 0.000000 1.000000
0.999297 0.032615 -0.018493 -0.000000 -0.034226 0.592177 -0.805081 2.134500 -0.015307 0.805148 0.592877 -0.000000 0.000000 0.000000 0.000000 1.000000
0.999297 0.032615 -0.018493 0.000000 -0.034227 0.592177 -0.805080 2.134500 -0.015307 0.805147 0.592877 0.000000 0.000000 0.000000 0.000000 1.000000
0.999297 0.032615 -0.018494 -0.000000 -0.034227 0.592177 -0.805080 2.134500 -0.015306 0.805147 0.592877 0.000000 0.000000 0.000000 0.000000 1.000000
0.999297 0.032616 -0.018493 0.000000 -0.034227 0.592178 -0.805080 2.134500 -0.015308 0.805147 0.592877 0.000000 0.000000 0.000000 0.000000 1.000000
0.999297 0.032615 -0.018493 -0.000000 -0.034227 0.592177 -0.805080 2.134500 -0.015307 0.805147 0.592877 0.000000 0.000000 0.000000 0.000000 1.000000
0.999297 0.032616 -0.018493 0.000000 -0.034227 0.592178 -0.805080 2.134500 -0.015307 0.805147 0.592878 0.000000 0.000000 0.000000 0.000000 1.000000
0.999297 0.032616 -0.018494 0.000000 -0.034227 0.592177 -0.805080 2.134500 -0.015307 0.805147 0.592877 0.000000 0.000000 0.000000 0.000000 1.000000
0.999297 0.032616 -0.018493 -0.000000 -0.034227 0.592177 -0.805081 2.134500 -0.015307 0.805148 0.592877 0.000000 0.000000 0.000000 0.000000 1.000000
0.999297 0.032615 -0.018493 0.000000 -0.034227 0.592178 -0.805080 2.134500 -0.015307 0.805147 0.592878 0.000000 0.000000 0.000000 0.000000 1.000000
0.999297 0.032616 -0.018493 0.000000 -0.034227 0.592177 -0.805080 2.134500 -0.015307 0.805147 0.592877 -0.000000 0.000000 0.000000 0.000000 1.000000
0.999297 0.032615 -0.018493 0.000000 -0.034226 0.592178 -0.805080 2.134500 -0.015307 0.805147 0.592878 0.000000 0.000000 0.000000 0.000000 1.000000
0.999297 0.032616 -0.018493 0.000000 -0.034227 0.592177 -0.805080 2.134500 -0.015307 0.805147 0.592877 0.000000 0.000000 0.000000 0.000000 1.000000
0.999297 0.032615 -0.018494 0.000000 -0.034227 0.592178 -0.805080 2.134500 -0.015306 0.805147 0.592878 0.000000 0.000000 0.000000 0.000000 1.000000
0.999297 0.032616 -0.018494 -0.000000 -0.034228 0.592178 -0.805080 2.134500 -0.015307 0.805147 0.592878 0.000000 0.000000 0.000000 0.000000 1.000000
0.999297 0.032615 -0.018493 0.000000 -0.034227 0.592178 -0.805080 2.134500 -0.015307 0.805147 0.592878 -0.000000 0.000000 0.000000 0.000000 1.000000
0.999297 0.032615 -0.018493 0.000000 -0.034227 0.592178 -0.805080 2.134500 -0.015307 0.805147 0.592878 0.000000 0.000000 0.000000 0.000000 1.000000
0.999297 0.032615 -0.018494 0.000000 -0.034227 0.592178 -0.805080 2.134500 -0.015306 0.805147 0.592877 0.000000 0.000000 0.000000 0.000000 1.000000
0.999297 0.032615 -0.018493 -0.000000 -0.034226 0.592178 -0.805080 2.134500 -0.015307 0.805147 0.592877 0.000000 0.000000 0.000000 0.000000 1.000000
0.999297 0.032616 -0.018493 -0.000000 -0.034227 0.592177 -0.805081 2.134500 -0.015307 0.805148 0.592877 0.000000 0.000000 0.000000 0.000000 1.000000
0.999297 0.032616 -0.018493 0.000000 -0.034227 0.592178 -0.805080 2.134500 -0.015307 0.805147 0.592878 0.000000 0.000000 0.000000 0.000000 1.000000
0.999297 0.032615 -0.018493 0.000000 -0.034226 0.592178 -0.805080 2.134500 -0.015307 0.805147 0.592877 0.000000 0.000000 0.000000 0.000000 1.000000
0.999297 0.032615 -0.018493 -0.000000 -0.034226 0.592178 -0.805080 2.134500 -0.015306 0.805147 0.592877 0.000000 0.000000 0.000000 0.000000 1.000000
0.999297 0.032615 -0.018493 0.000000 -0.034226 0.592178 -0.805080 2.134500 -0.015307 0.805147 0.592877 0.000000 0.000000 0.000000 0.000000 1.000000
0.999297 0.032615 -0.018493 -0.000000 -0.034227 0.592177 -0.805080 2.134500 -0.015307 0.805147 0.592877 0.000000 0.000000 0.000000 0.000000 1.000000
0.999297 0.032615 -0.018494 0.000000 -0.034227 0.592177 -0.805080 2.134500 -0.015306 0.805147 0.592877 0.000000 0.000000 0.000000 0.000000 1.000000
0.999297 0.032616 -0.018494 0.000000 -0.034228 0.592177 -0.805080 2.134500 -0.015307 0.805147 0.592877 -0.000000 0.000000 0.000000 0.000000 1.000000
0.999297 0.032616 -0.018493 0.000000 -0.034227 0.592177 -0.805080 2.134500 -0.015307 0.805147 0.592877 0.000000 0.000000 0.000000 0.000000 1.000000
0.999297 0.032616 -0.018493 0.000000 -0.034226 0.592178 -0.805080 2.134500 -0.015307 0.805147 0.592878 0.000000 0.000000 0.000000 0.000000 1.000000
0.999297 0.032615 -0.018493 0.000000 -0.034226 0.592178 -0.805080 2.134500 -0.015307 0.805147 0.592877 -0.000000 0.000000 0.000000 0.000000 1.000000
0.999297 0.032616 -0.018493 -0.000000 -0.034227 0.592177 -0.805081 2.134500 -0.015307 0.805147 0.592877 0.000000 0.000000 0.000000 0.000000 1.000000
0.999297 0.032616 -0.018493 -0.000000 -0.034227 0.592178 -0.805080 2.134500 -0.015307 0.805147 0.592878 0.000000 0.000000 0.000000 0.000000 1.000000
0.999297 0.032615 -0.018493 -0.000000 -0.034226 0.592178 -0.805080 2.134500 -0.015307 0.805147 0.592878 0.000000 0.000000 0.000000 0.000000 1.000000
0.999297 0.032616 -0.018493 0.000000 -0.034227 0.592178 -0.805080 2.134500 -0.015307 0.805147 0.592878 -0.000000 0.000000 0.000000 0.000000 1.000000
0.999297 0.032616 -0.018493 0.000000 -0.034227 0.592177 -0.805080 2.134500 -0.015307 0.805147 0.592877 0.000000 0.000000 0.000000 0.000000 1.000000
0.999297 0.032616 -0.018493 0.000000 -0.034227 0.592178 -0.805080 2.134500 -0.015307 0.805147 0.592878 -0.000000 0.000000 0.000000 0.000000 1.000000
0.999297 0.032615 -0.018494 0.000000 -0.034227 0.592178 -0.805080 2.134500 -0.015306 0.805147 0.592878 0.000000 0.000000 0.000000 0.000000 1.000000
0.999297 0.032615 -0.018493 0.000000 -0.034226 0.592177 -0.805080 2.134500 -0.015307 0.805147 0.592877 0.000000 0.000000 0.000000 0.000000 1.000000
0.999297 0.032615 -0.018493 0.000000 -0.034227 0.592178 -0.805080 2.134500 -0.015307 0.805147 0.592878 0.000000 0.000000 0.000000 0.000000 1.000000
0.999297 0.032615 -0.018493 0.000000 -0.034227 0.592177 -0.805081 2.134500 -0.015307 0.805147 0.592877 0.000000 0.000000 0.000000 0.000000 1.000000
0.999297 0.032616 -0.018493 0.000000 -0.034227 0.592177 -0.805081 2.134500 -0.015307 0.805147 0.592877 0.000000 0.000000 0.000000 0.000000 1.000000
0.999297 0.032616 -0.018493 0.000000 -0.034227 0.592178 -0.805080 2.134500 -0.015307 0.805147 0.592878 0.000000 0.000000 0.000000 0.000000 1.000000
0.999297 0.032616 -0.018494 0.000000 -0.034227 0.592177 -0.805080 2.134500 -0.015307 0.805147 0.592877 0.000000 0.000000 0.000000 0.000000 1.000000
0.999297 0.032615 -0.018494 -0.000000 -0.034227 0.592178 -0.805080 2.134500 -0.015306 0.805147 0.592878 0.000000 0.000000 0.000000 0.000000 1.000000
0.999297 0.032615 -0.018493 0.000000 -0.034226 0.592178 -0.805080 2.134500 -0.015306 0.805147 0.592878 0.000000 0.000000 0.000000 0.000000 1.000000
0.999297 0.032615 -0.018494 0.000000 -0.034227 0.592177 -0.805081 2.134500 -0.015307 0.805148 0.592877 0.000000 0.000000 0.000000 0.000000 1.000000
0.999297 0.032616 -0.018494 -0.000000 -0.034227 0.592178 -0.805080 2.134500 -0.015306 0.805147 0.592878 0.000000 0.000000 0.000000 0.000000 1.000000
0.999297 0.032615 -0.018493 -0.000000 -0.034226 0.592177 -0.805081 2.134500 -0.015307 0.805147 0.592877 0.000000 0.000000 0.000000 0.000000 1.000000
0.999297 0.032615 -0.018494 0.000000 -0.034227 0.592177 -0.805080 2.134500 -0.015306 0.805147 0.592877 0.000000 0.000000 0.000000 0.000000 1.000000</float_array>
        <technique_common>
          <accessor source="#mixamorig_RightHandRing3-Matrix-animation-output-transform-array" count="56" stride="16">
            <param type="float4x4"/>
          </accessor>
        </technique_common>
      </source>
      <source id="mixamorig_RightHandRing3-Interpolations">
        <Name_array id="mixamorig_RightHandRing3-Interpolations-array" count="56">
 LINEAR LINEAR LINEAR LINEAR LINEAR LINEAR LINEAR LINEAR LINEAR LINEAR LINEAR
LINEAR LINEAR LINEAR LINEAR LINEAR LINEAR LINEAR LINEAR LINEAR LINEAR LINEAR LINEAR
LINEAR LINEAR LINEAR LINEAR LINEAR LINEAR LINEAR LINEAR LINEAR LINEAR LINEAR LINEAR
LINEAR LINEAR LINEAR LINEAR LINEAR LINEAR LINEAR LINEAR LINEAR LINEAR LINEAR LINEAR
LINEAR LINEAR LINEAR LINEAR LINEAR LINEAR LINEAR LINEAR LINEAR</Name_array>
        <technique_common>
          <accessor source="#mixamorig_RightHandRing3-Interpolations-array" count="56">
            <param type="name"/>
          </accessor>
        </technique_common>
      </source>
      <sampler id="mixamorig_RightHandRing3-Matrix-animation-transform">
        <input semantic="INPUT" source="#mixamorig_RightHandRing3-Matrix-animation-input"/>
        <input semantic="OUTPUT" source="#mixamorig_RightHandRing3-Matrix-animation-output-transform"/>
        <input semantic="INTERPOLATION" source="#mixamorig_RightHandRing3-Interpolations"/>
      </sampler>
      <channel source="#mixamorig_RightHandRing3-Matrix-animation-transform" target="mixamorig_RightHandRing3/matrix"/>
    </animation>
    <animation id="mixamorig_RightHandPinky1-anim" name="mixamorig_RightHandPinky1">
      <source id="mixamorig_RightHandPinky1-Matrix-animation-input">
        <float_array id="mixamorig_RightHandPinky1-Matrix-animation-input-array" count="56">

0.000000 0.033333 0.066667 0.100000 0.133333 0.166667 0.200000 0.233333 0.266667 0.300000 0.333333 0.366667 0.400000 0.433333 0.466667 0.500000
0.533333 0.566667 0.600000 0.633333 0.666667 0.700000 0.733333 0.766667 0.800000 0.833333 0.866667 0.900000 0.933333 0.966667 1.000000 1.033333
1.066667 1.100000 1.133333 1.166667 1.200000 1.233333 1.266667 1.300000 1.333333 1.366667 1.400000 1.433333 1.466667 1.500000 1.533333 1.566667
1.600000 1.633333 1.666667 1.700000 1.733333 1.766667 1.800000 1.833333</float_array>
        <technique_common>
          <accessor source="#mixamorig_RightHandPinky1-Matrix-animation-input-array" count="56">
            <param name="TIME" type="float"/>
          </accessor>
        </technique_common>
      </source>
      <source id="mixamorig_RightHandPinky1-Matrix-animation-output-transform">
        <float_array id="mixamorig_RightHandPinky1-Matrix-animation-output-transform-array" count="896">

0.977811 -0.008474 0.209319 -5.922000 0.161024 0.669555 -0.725098 11.636400 -0.134007 0.742714 0.656063 0.517000 0.000000 0.000000 0.000000 1.000000
0.977810 -0.008473 0.209320 -5.922000 0.161024 0.669555 -0.725098 11.636400 -0.134007 0.742714 0.656062 0.517000 0.000000 0.000000 0.000000 1.000000
0.977810 -0.008474 0.209320 -5.922000 0.161024 0.669555 -0.725098 11.636400 -0.134007 0.742714 0.656062 0.517000 0.000000 0.000000 0.000000 1.000000
0.977811 -0.008473 0.209320 -5.922000 0.161024 0.669555 -0.725098 11.636400 -0.134007 0.742714 0.656063 0.517000 0.000000 0.000000 0.000000 1.000000
0.977810 -0.008473 0.209320 -5.922000 0.161024 0.669555 -0.725099 11.636400 -0.134008 0.742714 0.656062 0.517000 0.000000 0.000000 0.000000 1.000000
0.977810 -0.008473 0.209320 -5.922000 0.161024 0.669555 -0.725099 11.636400 -0.134007 0.742714 0.656062 0.517000 0.000000 0.000000 0.000000 1.000000
0.977811 -0.008473 0.209319 -5.922000 0.161023 0.669555 -0.725099 11.636400 -0.134007 0.742715 0.656062 0.517000 0.000000 0.000000 0.000000 1.000000
0.977811 -0.008473 0.209320 -5.922000 0.161024 0.669555 -0.725098 11.636400 -0.134007 0.742714 0.656063 0.517000 0.000000 0.000000 0.000000 1.000000
0.977811 -0.008474 0.209319 -5.922000 0.161024 0.669555 -0.725098 11.636400 -0.134007 0.742714 0.656063 0.517000 0.000000 0.000000 0.000000 1.000000
0.977811 -0.008473 0.209320 -5.922000 0.161023 0.669555 -0.725098 11.636400 -0.134007 0.742714 0.656063 0.517000 0.000000 0.000000 0.000000 1.000000
0.977811 -0.008473 0.209320 -5.922000 0.161024 0.669555 -0.725099 11.636400 -0.134007 0.742715 0.656062 0.517000 0.000000 0.000000 0.000000 1.000000
0.977811 -0.008473 0.209319 -5.922000 0.161023 0.669554 -0.725099 11.636400 -0.134006 0.742715 0.656062 0.517000 0.000000 0.000000 0.000000 1.000000
0.977811 -0.008473 0.209319 -5.922000 0.161023 0.669555 -0.725098 11.636400 -0.134007 0.742714 0.656062 0.517000 0.000000 0.000000 0.000000 1.000000
0.977811 -0.008473 0.209320 -5.922000 0.161024 0.669555 -0.725099 11.636400 -0.134007 0.742714 0.656062 0.517000 0.000000 0.000000 0.000000 1.000000
0.977811 -0.008473 0.209320 -5.922000 0.161024 0.669555 -0.725098 11.636400 -0.134007 0.742714 0.656062 0.517000 0.000000 0.000000 0.000000 1.000000
0.977811 -0.008474 0.209319 -5.922000 0.161024 0.669555 -0.725098 11.636400 -0.134007 0.742714 0.656063 0.517000 0.000000 0.000000 0.000000 1.000000
0.977810 -0.008473 0.209320 -5.922000 0.161024 0.669555 -0.725098 11.636400 -0.134008 0.742714 0.656063 0.517000 0.000000 0.000000 0.000000 1.000000
0.977811 -0.008473 0.209319 -5.922000 0.161024 0.669555 -0.725098 11.636400 -0.134007 0.742714 0.656062 0.517000 0.000000 0.000000 0.000000 1.000000
0.977810 -0.008474 0.209320 -5.922000 0.161024 0.669555 -0.725098 11.636400 -0.134007 0.742714 0.656062 0.517000 0.000000 0.000000 0.000000 1.000000
0.977811 -0.008473 0.209320 -5.922000 0.161024 0.669555 -0.725098 11.636400 -0.134007 0.742714 0.656062 0.517000 0.000000 0.000000 0.000000 1.000000
0.977811 -0.008473 0.209319 -5.922000 0.161024 0.669555 -0.725098 11.636400 -0.134007 0.742714 0.656062 0.517000 0.000000 0.000000 0.000000 1.000000
0.977811 -0.008474 0.209320 -5.922000 0.161024 0.669555 -0.725098 11.636400 -0.134007 0.742714 0.656063 0.517000 0.000000 0.000000 0.000000 1.000000
0.977810 -0.008473 0.209320 -5.922000 0.161024 0.669555 -0.725098 11.636400 -0.134008 0.742714 0.656062 0.517000 0.000000 0.000000 0.000000 1.000000
0.977811 -0.008473 0.209319 -5.922000 0.161023 0.669555 -0.725098 11.636400 -0.134007 0.742714 0.656063 0.517000 0.000000 0.000000 0.000000 1.000000
0.977811 -0.008474 0.209319 -5.922000 0.161024 0.669555 -0.725098 11.636400 -0.134007 0.742714 0.656062 0.517000 0.000000 0.000000 0.000000 1.000000
0.977811 -0.008473 0.209319 -5.922000 0.161023 0.669555 -0.725098 11.636400 -0.134007 0.742714 0.656063 0.517000 0.000000 0.000000 0.000000 1.000000
0.977811 -0.008474 0.209320 -5.922000 0.161024 0.669555 -0.725098 11.636400 -0.134007 0.742714 0.656062 0.517000 0.000000 0.000000 0.000000 1.000000
0.977810 -0.008474 0.209320 -5.922000 0.161024 0.669555 -0.725098 11.636400 -0.134007 0.742714 0.656062 0.517000 0.000000 0.000000 0.000000 1.000000
0.977810 -0.008473 0.209320 -5.922000 0.161024 0.669555 -0.725098 11.636400 -0.134007 0.742714 0.656062 0.517000 0.000000 0.000000 0.000000 1.000000
0.977811 -0.008473 0.209319 -5.922000 0.161023 0.669555 -0.725098 11.636400 -0.134007 0.742714 0.656062 0.517000 0.000000 0.000000 0.000000 1.000000
0.977810 -0.008474 0.209320 -5.922000 0.161024 0.669555 -0.725098 11.636400 -0.134007 0.742714 0.656062 0.517000 0.000000 0.000000 0.000000 1.000000
0.977811 -0.008474 0.209320 -5.922000 0.161024 0.669555 -0.725098 11.636400 -0.134007 0.742714 0.656063 0.517000 0.000000 0.000000 0.000000 1.000000
0.977811 -0.008473 0.209320 -5.922000 0.161024 0.669555 -0.725099 11.636400 -0.134007 0.742715 0.656062 0.517000 0.000000 0.000000 0.000000 1.000000
0.977810 -0.008474 0.209320 -5.922000 0.161024 0.669555 -0.725098 11.636400 -0.134007 0.742714 0.656062 0.517000 0.000000 0.000000 0.000000 1.000000
0.977811 -0.008474 0.209319 -5.922000 0.161023 0.669555 -0.725098 11.636400 -0.134006 0.742714 0.656062 0.517000 0.000000 0.000000 0.000000 1.000000
0.977811 -0.008473 0.209320 -5.922000 0.161023 0.669555 -0.725098 11.636400 -0.134007 0.742714 0.656063 0.517000 0.000000 0.000000 0.000000 1.000000
0.977811 -0.008473 0.209320 -5.922000 0.161024 0.669555 -0.725099 11.636400 -0.134007 0.742715 0.656062 0.517000 0.000000 0.000000 0.000000 1.000000
0.977810 -0.008474 0.209320 -5.922000 0.161025 0.669555 -0.725098 11.636400 -0.134007 0.742714 0.656063 0.517000 0.000000 0.000000 0.000000 1.000000
0.977811 -0.008474 0.209320 -5.922000 0.161024 0.669555 -0.725099 11.636400 -0.134007 0.742715 0.656062 0.517000 0.000000 0.000000 0.000000 1.000000
0.977811 -0.008474 0.209319 -5.922000 0.161024 0.669555 -0.725099 11.636400 -0.134006 0.742715 0.656062 0.517000 0.000000 0.000000 0.000000 1.000000
0.977811 -0.008474 0.209319 -5.922000 0.161024 0.669555 -0.725098 11.636400 -0.134006 0.742714 0.656062 0.517000 0.000000 0.000000 0.000000 1.000000
0.977811 -0.008474 0.209320 -5.922000 0.161024 0.669555 -0.725098 11.636400 -0.134006 0.742714 0.656062 0.517000 0.000000 0.000000 0.000000 1.000000
0.977811 -0.008473 0.209320 -5.922000 0.161024 0.669555 -0.725098 11.636400 -0.134007 0.742714 0.656062 0.517000 0.000000 0.000000 0.000000 1.000000
0.977810 -0.008473 0.209320 -5.922000 0.161024 0.669555 -0.725098 11.636400 -0.134007 0.742714 0.656062 0.517000 0.000000 0.000000 0.000000 1.000000
0.977811 -0.008474 0.209320 -5.922000 0.161024 0.669555 -0.725098 11.636400 -0.134007 0.742714 0.656062 0.517000 0.000000 0.000000 0.000000 1.000000
0.977811 -0.008474 0.209320 -5.922000 0.161024 0.669555 -0.725098 11.636400 -0.134006 0.742714 0.656062 0.517000 0.000000 0.000000 0.000000 1.000000
0.977811 -0.008473 0.209320 -5.922000 0.161024 0.669555 -0.725098 11.636400 -0.134007 0.742714 0.656062 0.517000 0.000000 0.000000 0.000000 1.000000
0.977811 -0.008473 0.209319 -5.922000 0.161023 0.669555 -0.725098 11.636400 -0.134007 0.742714 0.656062 0.517000 0.000000 0.000000 0.000000 1.000000
0.977811 -0.008473 0.209319 -5.922000 0.161023 0.669555 -0.725098 11.636400 -0.134007 0.742714 0.656062 0.517000 0.000000 0.000000 0.000000 1.000000
0.977811 -0.008473 0.209320 -5.922000 0.161024 0.669555 -0.725098 11.636400 -0.134007 0.742714 0.656063 0.517000 0.000000 0.000000 0.000000 1.000000
0.977811 -0.008473 0.209319 -5.922000 0.161023 0.669555 -0.725098 11.636400 -0.134007 0.742714 0.656063 0.517000 0.000000 0.000000 0.000000 1.000000
0.977811 -0.008474 0.209320 -5.922000 0.161024 0.669555 -0.725098 11.636400 -0.134007 0.742714 0.656062 0.517000 0.000000 0.000000 0.000000 1.000000
0.977810 -0.008474 0.209320 -5.922000 0.161024 0.669555 -0.725098 11.636400 -0.134007 0.742714 0.656062 0.517000 0.000000 0.000000 0.000000 1.000000
0.977811 -0.008473 0.209320 -5.922000 0.161024 0.669555 -0.725098 11.636400 -0.134007 0.742714 0.656063 0.517000 0.000000 0.000000 0.000000 1.000000
0.977811 -0.008474 0.209320 -5.922000 0.161024 0.669555 -0.725098 11.636400 -0.134007 0.742714 0.656063 0.517000 0.000000 0.000000 0.000000 1.000000
0.977811 -0.008473 0.209320 -5.922000 0.161024 0.669555 -0.725098 11.636400 -0.134007 0.742714 0.656063 0.517000 0.000000 0.000000 0.000000 1.000000</float_array>
        <technique_common>
          <accessor source="#mixamorig_RightHandPinky1-Matrix-animation-output-transform-array" count="56" stride="16">
            <param type="float4x4"/>
          </accessor>
        </technique_common>
      </source>
      <source id="mixamorig_RightHandPinky1-Interpolations">
        <Name_array id="mixamorig_RightHandPinky1-Interpolations-array" count="56">
 LINEAR LINEAR LINEAR LINEAR LINEAR LINEAR LINEAR LINEAR LINEAR LINEAR LINEAR
LINEAR LINEAR LINEAR LINEAR LINEAR LINEAR LINEAR LINEAR LINEAR LINEAR LINEAR LINEAR
LINEAR LINEAR LINEAR LINEAR LINEAR LINEAR LINEAR LINEAR LINEAR LINEAR LINEAR LINEAR
LINEAR LINEAR LINEAR LINEAR LINEAR LINEAR LINEAR LINEAR LINEAR LINEAR LINEAR LINEAR
LINEAR LINEAR LINEAR LINEAR LINEAR LINEAR LINEAR LINEAR LINEAR</Name_array>
        <technique_common>
          <accessor source="#mixamorig_RightHandPinky1-Interpolations-array" count="56">
            <param type="name"/>
          </accessor>
        </technique_common>
      </source>
      <sampler id="mixamorig_RightHandPinky1-Matrix-animation-transform">
        <input semantic="INPUT" source="#mixamorig_RightHandPinky1-Matrix-animation-input"/>
        <input semantic="OUTPUT" source="#mixamorig_RightHandPinky1-Matrix-animation-output-transform"/>
        <input semantic="INTERPOLATION" source="#mixamorig_RightHandPinky1-Interpolations"/>
      </sampler>
      <channel source="#mixamorig_RightHandPinky1-Matrix-animation-transform" target="mixamorig_RightHandPinky1/matrix"/>
    </animation>
    <animation id="mixamorig_RightHandPinky2-anim" name="mixamorig_RightHandPinky2">
      <source id="mixamorig_RightHandPinky2-Matrix-animation-input">
        <float_array id="mixamorig_RightHandPinky2-Matrix-animation-input-array" count="56">

0.000000 0.033333 0.066667 0.100000 0.133333 0.166667 0.200000 0.233333 0.266667 0.300000 0.333333 0.366667 0.400000 0.433333 0.466667 0.500000
0.533333 0.566667 0.600000 0.633333 0.666667 0.700000 0.733333 0.766667 0.800000 0.833333 0.866667 0.900000 0.933333 0.966667 1.000000 1.033333
1.066667 1.100000 1.133333 1.166667 1.200000 1.233333 1.266667 1.300000 1.333333 1.366667 1.400000 1.433333 1.466667 1.500000 1.533333 1.566667
1.600000 1.633333 1.666667 1.700000 1.733333 1.766667 1.800000 1.833333</float_array>
        <technique_common>
          <accessor source="#mixamorig_RightHandPinky2-Matrix-animation-input-array" count="56">
            <param name="TIME" type="float"/>
          </accessor>
        </technique_common>
      </source>
      <source id="mixamorig_RightHandPinky2-Matrix-animation-output-transform">
        <float_array id="mixamorig_RightHandPinky2-Matrix-animation-output-transform-array" count="896">

0.999536 0.027251 -0.013580 0.000000 -0.028771 0.699403 -0.714148 1.559300 -0.009963 0.714208 0.699863 0.000000 0.000000 0.000000 0.000000 1.000000
0.999536 0.027250 -0.013581 0.000000 -0.028771 0.699403 -0.714148 1.559300 -0.009962 0.714208 0.699863 -0.000000 0.000000 0.000000 0.000000 1.000000
0.999536 0.027251 -0.013581 0.000000 -0.028771 0.699404 -0.714148 1.559300 -0.009963 0.714207 0.699863 0.000000 0.000000 0.000000 0.000000 1.000000
0.999536 0.027251 -0.013580 0.000000 -0.028771 0.699404 -0.714147 1.559300 -0.009963 0.714207 0.699864 0.000000 0.000000 0.000000 0.000000 1.000000
0.999536 0.027251 -0.013581 0.000000 -0.028772 0.699403 -0.714148 1.559300 -0.009962 0.714208 0.699863 0.000000 0.000000 0.000000 0.000000 1.000000
0.999536 0.027251 -0.013581 0.000000 -0.028771 0.699403 -0.714148 1.559300 -0.009962 0.714208 0.699863 0.000000 0.000000 0.000000 0.000000 1.000000
0.999536 0.027252 -0.013580 0.000000 -0.028771 0.699403 -0.714148 1.559300 -0.009964 0.714207 0.699863 0.000000 0.000000 0.000000 0.000000 1.000000
0.999536 0.027250 -0.013580 0.000000 -0.028770 0.699403 -0.714148 1.559300 -0.009963 0.714208 0.699863 -0.000000 0.000000 0.000000 0.000000 1.000000
0.999536 0.027251 -0.013581 0.000000 -0.028771 0.699403 -0.714148 1.559300 -0.009963 0.714208 0.699863 0.000000 0.000000 0.000000 0.000000 1.000000
0.999536 0.027251 -0.013581 0.000000 -0.028772 0.699403 -0.714148 1.559300 -0.009963 0.714208 0.699863 0.000000 0.000000 0.000000 0.000000 1.000000
0.999536 0.027251 -0.013580 0.000000 -0.028771 0.699403 -0.714148 1.559300 -0.009963 0.714207 0.699863 0.000000 0.000000 0.000000 0.000000 1.000000
0.999536 0.027252 -0.013580 0.000000 -0.028771 0.699403 -0.714148 1.559300 -0.009964 0.714207 0.699863 0.000000 0.000000 0.000000 0.000000 1.000000
0.999536 0.027251 -0.013580 0.000000 -0.028771 0.699403 -0.714148 1.559300 -0.009963 0.714208 0.699863 0.000000 0.000000 0.000000 0.000000 1.000000
0.999536 0.027251 -0.013581 0.000000 -0.028772 0.699404 -0.714147 1.559300 -0.009963 0.714207 0.699864 0.000000 0.000000 0.000000 0.000000 1.000000
0.999536 0.027251 -0.013580 0.000000 -0.028771 0.699403 -0.714148 1.559300 -0.009964 0.714208 0.699863 0.000000 0.000000 0.000000 0.000000 1.000000
0.999536 0.027251 -0.013581 0.000000 -0.028771 0.699403 -0.714148 1.559300 -0.009963 0.714207 0.699863 0.000000 0.000000 0.000000 0.000000 1.000000
0.999536 0.027250 -0.013581 0.000000 -0.028771 0.699403 -0.714148 1.559300 -0.009962 0.714208 0.699863 0.000000 0.000000 0.000000 0.000000 1.000000
0.999536 0.027252 -0.013581 0.000000 -0.028772 0.699403 -0.714148 1.559300 -0.009963 0.714207 0.699863 0.000000 0.000000 0.000000 0.000000 1.000000
0.999536 0.027251 -0.013581 0.000000 -0.028772 0.699404 -0.714147 1.559300 -0.009962 0.714207 0.699864 0.000000 0.000000 0.000000 0.000000 1.000000
0.999536 0.027251 -0.013581 -0.000000 -0.028771 0.699403 -0.714148 1.559300 -0.009963 0.714208 0.699863 0.000000 0.000000 0.000000 0.000000 1.000000
0.999536 0.027251 -0.013580 0.000000 -0.028771 0.699403 -0.714148 1.559300 -0.009963 0.714208 0.699863 0.000000 0.000000 0.000000 0.000000 1.000000
0.999536 0.027251 -0.013581 -0.000000 -0.028772 0.699404 -0.714148 1.559300 -0.009962 0.714207 0.699863 0.000000 0.000000 0.000000 0.000000 1.000000
0.999536 0.027251 -0.013581 0.000000 -0.028771 0.699404 -0.714147 1.559300 -0.009962 0.714207 0.699864 0.000000 0.000000 0.000000 0.000000 1.000000
0.999536 0.027251 -0.013580 0.000000 -0.028771 0.699403 -0.714148 1.559300 -0.009963 0.714208 0.699863 0.000000 0.000000 0.000000 0.000000 1.000000
0.999536 0.027251 -0.013581 -0.000000 -0.028771 0.699403 -0.714148 1.559300 -0.009963 0.714207 0.699863 0.000000 0.000000 0.000000 0.000000 1.000000
0.999536 0.027251 -0.013581 0.000000 -0.028771 0.699403 -0.714148 1.559300 -0.009963 0.714208 0.699863 0.000000 0.000000 0.000000 0.000000 1.000000
0.999536 0.027251 -0.013581 0.000000 -0.028772 0.699403 -0.714148 1.559300 -0.009963 0.714207 0.699863 0.000000 0.000000 0.000000 0.000000 1.000000
0.999536 0.027250 -0.013580 0.000000 -0.028771 0.699403 -0.714148 1.559300 -0.009963 0.714208 0.699863 -0.000000 0.000000 0.000000 0.000000 1.000000
0.999536 0.027251 -0.013581 0.000000 -0.028771 0.699403 -0.714148 1.559300 -0.009962 0.714207 0.699863 -0.000000 0.000000 0.000000 0.000000 1.000000
0.999536 0.027251 -0.013580 -0.000000 -0.028771 0.699403 -0.714148 1.559300 -0.009963 0.714208 0.699863 0.000000 0.000000 0.000000 0.000000 1.000000
0.999536 0.027251 -0.013581 0.000000 -0.028771 0.699403 -0.714148 1.559300 -0.009963 0.714207 0.699863 0.000000 0.000000 0.000000 0.000000 1.000000
0.999536 0.027250 -0.013580 0.000000 -0.028771 0.699403 -0.714148 1.559300 -0.009963 0.714208 0.699863 0.000000 0.000000 0.000000 0.000000 1.000000
0.999536 0.027251 -0.013580 0.000000 -0.028771 0.699403 -0.714148 1.559300 -0.009963 0.714208 0.699863 0.000000 0.000000 0.000000 0.000000 1.000000
0.999536 0.027250 -0.013580 0.000000 -0.028771 0.699403 -0.714148 1.559300 -0.009963 0.714208 0.699863 0.000000 0.000000 0.000000 0.000000 1.000000
0.999536 0.027251 -0.013581 0.000000 -0.028772 0.699403 -0.714148 1.559300 -0.009963 0.714207 0.699863 0.000000 0.000000 0.000000 0.000000 1.000000
0.999536 0.027251 -0.013581 0.000000 -0.028771 0.699403 -0.714148 1.559300 -0.009962 0.714208 0.699863 0.000000 0.000000 0.000000 0.000000 1.000000
0.999536 0.027252 -0.013581 0.000000 -0.028772 0.699403 -0.714148 1.559300 -0.009963 0.714208 0.699863 0.000000 0.000000 0.000000 0.000000 1.000000
0.999536 0.027251 -0.013582 0.000000 -0.028772 0.699403 -0.714148 1.559300 -0.009962 0.714207 0.699863 0.000000 0.000000 0.000000 0.000000 1.000000
0.999536 0.027251 -0.013581 0.000000 -0.028771 0.699404 -0.714147 1.559300 -0.009962 0.714207 0.699864 0.000000 0.000000 0.000000 0.000000 1.000000
0.999536 0.027251 -0.013581 0.000000 -0.028772 0.699403 -0.714148 1.559300 -0.009963 0.714207 0.699863 -0.000000 0.000000 0.000000 0.000000 1.000000
0.999536 0.027252 -0.013581 0.000000 -0.028772 0.699404 -0.714148 1.559300 -0.009963 0.714207 0.699863 0.000000 0.000000 0.000000 0.000000 1.000000
0.999536 0.027251 -0.013581 0.000000 -0.028771 0.699404 -0.714148 1.559300 -0.009962 0.714207 0.699863 0.000000 0.000000 0.000000 0.000000 1.000000
0.999536 0.027251 -0.013581 0.000000 -0.028771 0.699404 -0.714148 1.559300 -0.009963 0.714207 0.699863 -0.000000 0.000000 0.000000 0.000000 1.000000
0.999536 0.027251 -0.013581 0.000000 -0.028772 0.699403 -0.714148 1.559300 -0.009963 0.714208 0.699863 0.000000 0.000000 0.000000 0.000000 1.000000
0.999536 0.027251 -0.013580 0.000000 -0.028771 0.699403 -0.714148 1.559300 -0.009963 0.714208 0.699863 0.000000 0.000000 0.000000 0.000000 1.000000
0.999536 0.027251 -0.013581 0.000000 -0.028772 0.699403 -0.714148 1.559300 -0.009963 0.714208 0.699863 0.000000 0.000000 0.000000 0.000000 1.000000
0.999536 0.027251 -0.013581 0.000000 -0.028771 0.699403 -0.714148 1.559300 -0.009963 0.714208 0.699863 0.000000 0.000000 0.000000 0.000000 1.000000
0.999536 0.027250 -0.013580 0.000000 -0.028770 0.699403 -0.714148 1.559300 -0.009963 0.714207 0.699863 0.000000 0.000000 0.000000 0.000000 1.000000
0.999536 0.027250 -0.013581 -0.000000 -0.028771 0.699403 -0.714148 1.559300 -0.009962 0.714207 0.699863 0.000000 0.000000 0.000000 0.000000 1.000000
0.999536 0.027251 -0.013581 0.000000 -0.028771 0.699403 -0.714148 1.559300 -0.009963 0.714208 0.699863 0.000000 0.000000 0.000000 0.000000 1.000000
0.999536 0.027251 -0.013581 -0.000000 -0.028771 0.699403 -0.714148 1.559300 -0.009963 0.714208 0.699863 0.000000 0.000000 0.000000 0.000000 1.000000
0.999536 0.027251 -0.013581 0.000000 -0.028772 0.699403 -0.714148 1.559300 -0.009962 0.714207 0.699863 0.000000 0.000000 0.000000 0.000000 1.000000
0.999536 0.027251 -0.013582 0.000000 -0.028772 0.699403 -0.714148 1.559300 -0.009962 0.714208 0.699863 0.000000 0.000000 0.000000 0.000000 1.000000
0.999536 0.027251 -0.013580 0.000000 -0.028771 0.699403 -0.714148 1.559300 -0.009963 0.714208 0.699863 0.000000 0.000000 0.000000 0.000000 1.000000
0.999536 0.027251 -0.013580 0.000000 -0.028772 0.699403 -0.714148 1.559300 -0.009963 0.714207 0.699863 0.000000 0.000000 0.000000 0.000000 1.000000
0.999536 0.027252 -0.013580 0.000000 -0.028771 0.699403 -0.714148 1.559300 -0.009964 0.714208 0.699863 0.000000 0.000000 0.000000 0.000000 1.000000</float_array>
        <technique_common>
          <accessor source="#mixamorig_RightHandPinky2-Matrix-animation-output-transform-array" count="56" stride="16">
            <param type="float4x4"/>
          </accessor>
        </technique_common>
      </source>
      <source id="mixamorig_RightHandPinky2-Interpolations">
        <Name_array id="mixamorig_RightHandPinky2-Interpolations-array" count="56">
 LINEAR LINEAR LINEAR LINEAR LINEAR LINEAR LINEAR LINEAR LINEAR LINEAR LINEAR
LINEAR LINEAR LINEAR LINEAR LINEAR LINEAR LINEAR LINEAR LINEAR LINEAR LINEAR LINEAR
LINEAR LINEAR LINEAR LINEAR LINEAR LINEAR LINEAR LINEAR LINEAR LINEAR LINEAR LINEAR
LINEAR LINEAR LINEAR LINEAR LINEAR LINEAR LINEAR LINEAR LINEAR LINEAR LINEAR LINEAR
LINEAR LINEAR LINEAR LINEAR LINEAR LINEAR LINEAR LINEAR LINEAR</Name_array>
        <technique_common>
          <accessor source="#mixamorig_RightHandPinky2-Interpolations-array" count="56">
            <param type="name"/>
          </accessor>
        </technique_common>
      </source>
      <sampler id="mixamorig_RightHandPinky2-Matrix-animation-transform">
        <input semantic="INPUT" source="#mixamorig_RightHandPinky2-Matrix-animation-input"/>
        <input semantic="OUTPUT" source="#mixamorig_RightHandPinky2-Matrix-animation-output-transform"/>
        <input semantic="INTERPOLATION" source="#mixamorig_RightHandPinky2-Interpolations"/>
      </sampler>
      <channel source="#mixamorig_RightHandPinky2-Matrix-animation-transform" target="mixamorig_RightHandPinky2/matrix"/>
    </animation>
    <animation id="mixamorig_RightHandPinky3-anim" name="mixamorig_RightHandPinky3">
      <source id="mixamorig_RightHandPinky3-Matrix-animation-input">
        <float_array id="mixamorig_RightHandPinky3-Matrix-animation-input-array" count="56">

0.000000 0.033333 0.066667 0.100000 0.133333 0.166667 0.200000 0.233333 0.266667 0.300000 0.333333 0.366667 0.400000 0.433333 0.466667 0.500000
0.533333 0.566667 0.600000 0.633333 0.666667 0.700000 0.733333 0.766667 0.800000 0.833333 0.866667 0.900000 0.933333 0.966667 1.000000 1.033333
1.066667 1.100000 1.133333 1.166667 1.200000 1.233333 1.266667 1.300000 1.333333 1.366667 1.400000 1.433333 1.466667 1.500000 1.533333 1.566667
1.600000 1.633333 1.666667 1.700000 1.733333 1.766667 1.800000 1.833333</float_array>
        <technique_common>
          <accessor source="#mixamorig_RightHandPinky3-Matrix-animation-input-array" count="56">
            <param name="TIME" type="float"/>
          </accessor>
        </technique_common>
      </source>
      <source id="mixamorig_RightHandPinky3-Matrix-animation-output-transform">
        <float_array id="mixamorig_RightHandPinky3-Matrix-animation-output-transform-array" count="896">

0.999844 0.017560 0.001872 -0.000000 -0.015127 0.906317 -0.422327 1.540600 -0.009113 0.422232 0.906442 0.000000 0.000000 0.000000 0.000000 1.000000
0.999844 0.017561 0.001872 -0.000000 -0.015128 0.906318 -0.422327 1.540600 -0.009113 0.422232 0.906442 0.000000 0.000000 0.000000 0.000000 1.000000
0.999844 0.017561 0.001872 0.000000 -0.015128 0.906317 -0.422327 1.540600 -0.009114 0.422233 0.906442 0.000000 0.000000 0.000000 0.000000 1.000000
0.999844 0.017561 0.001872 0.000000 -0.015127 0.906318 -0.422327 1.540600 -0.009113 0.422232 0.906442 0.000000 0.000000 0.000000 0.000000 1.000000
0.999844 0.017561 0.001873 -0.000000 -0.015127 0.906317 -0.422327 1.540600 -0.009114 0.422232 0.906442 0.000000 0.000000 0.000000 0.000000 1.000000
0.999844 0.017561 0.001873 0.000000 -0.015128 0.906317 -0.422327 1.540600 -0.009114 0.422233 0.906442 0.000000 0.000000 0.000000 0.000000 1.000000
0.999844 0.017561 0.001873 0.000000 -0.015127 0.906318 -0.422326 1.540600 -0.009114 0.422232 0.906442 0.000000 0.000000 0.000000 0.000000 1.000000
0.999844 0.017561 0.001872 -0.000000 -0.015128 0.906317 -0.422327 1.540600 -0.009114 0.422233 0.906442 -0.000000 0.000000 0.000000 0.000000 1.000000
0.999844 0.017561 0.001872 0.000000 -0.015128 0.906318 -0.422326 1.540600 -0.009113 0.422232 0.906442 0.000000 0.000000 0.000000 0.000000 1.000000
0.999844 0.017561 0.001873 0.000000 -0.015127 0.906317 -0.422327 1.540600 -0.009114 0.422233 0.906442 -0.000000 0.000000 0.000000 0.000000 1.000000
0.999844 0.017561 0.001872 0.000000 -0.015128 0.906317 -0.422327 1.540600 -0.009113 0.422233 0.906442 0.000000 0.000000 0.000000 0.000000 1.000000
0.999844 0.017561 0.001872 -0.000000 -0.015127 0.906318 -0.422327 1.540600 -0.009113 0.422232 0.906442 0.000000 0.000000 0.000000 0.000000 1.000000
0.999844 0.017561 0.001872 0.000000 -0.015127 0.906317 -0.422327 1.540600 -0.009113 0.422233 0.906442 0.000000 0.000000 0.000000 0.000000 1.000000
0.999844 0.017561 0.001872 0.000000 -0.015127 0.906317 -0.422327 1.540600 -0.009113 0.422233 0.906442 0.000000 0.000000 0.000000 0.000000 1.000000
0.999844 0.017560 0.001872 0.000000 -0.015127 0.906318 -0.422326 1.540600 -0.009113 0.422232 0.906442 0.000000 0.000000 0.000000 0.000000 1.000000
0.999844 0.017561 0.001872 0.000000 -0.015128 0.906317 -0.422327 1.540600 -0.009113 0.422233 0.906442 0.000000 0.000000 0.000000 0.000000 1.000000
0.999844 0.017561 0.001872 0.000000 -0.015127 0.906317 -0.422327 1.540600 -0.009113 0.422232 0.906442 0.000000 0.000000 0.000000 0.000000 1.000000
0.999844 0.017561 0.001873 0.000000 -0.015127 0.906317 -0.422327 1.540600 -0.009114 0.422233 0.906442 -0.000000 0.000000 0.000000 0.000000 1.000000
0.999844 0.017561 0.001873 0.000000 -0.015127 0.906317 -0.422327 1.540600 -0.009114 0.422233 0.906441 0.000000 0.000000 0.000000 0.000000 1.000000
0.999844 0.017561 0.001872 0.000000 -0.015128 0.906317 -0.422327 1.540600 -0.009114 0.422233 0.906442 0.000000 0.000000 0.000000 0.000000 1.000000
0.999844 0.017561 0.001873 0.000000 -0.015127 0.906318 -0.422327 1.540600 -0.009114 0.422232 0.906442 0.000000 0.000000 0.000000 0.000000 1.000000
0.999844 0.017561 0.001873 -0.000000 -0.015128 0.906317 -0.422327 1.540600 -0.009114 0.422233 0.906442 0.000000 0.000000 0.000000 0.000000 1.000000
0.999844 0.017561 0.001872 -0.000000 -0.015127 0.906317 -0.422327 1.540600 -0.009113 0.422233 0.906442 -0.000000 0.000000 0.000000 0.000000 1.000000
0.999844 0.017561 0.001872 -0.000000 -0.015128 0.906317 -0.422327 1.540600 -0.009113 0.422233 0.906442 0.000000 0.000000 0.000000 0.000000 1.000000
0.999844 0.017561 0.001872 -0.000000 -0.015128 0.906318 -0.422327 1.540600 -0.009114 0.422232 0.906442 0.000000 0.000000 0.000000 0.000000 1.000000
0.999844 0.017562 0.001873 -0.000000 -0.015128 0.906317 -0.422327 1.540600 -0.009114 0.422233 0.906442 0.000000 0.000000 0.000000 0.000000 1.000000
0.999844 0.017561 0.001871 0.000000 -0.015128 0.906318 -0.422326 1.540600 -0.009113 0.422232 0.906442 0.000000 0.000000 0.000000 0.000000 1.000000
0.999844 0.017561 0.001872 0.000000 -0.015128 0.906317 -0.422327 1.540600 -0.009114 0.422233 0.906442 0.000000 0.000000 0.000000 0.000000 1.000000
0.999844 0.017561 0.001872 0.000000 -0.015127 0.906318 -0.422327 1.540600 -0.009113 0.422232 0.906442 0.000000 0.000000 0.000000 0.000000 1.000000
0.999844 0.017560 0.001873 0.000000 -0.015127 0.906317 -0.422327 1.540600 -0.009114 0.422233 0.906442 0.000000 0.000000 0.000000 0.000000 1.000000
0.999844 0.017561 0.001873 0.000000 -0.015127 0.906317 -0.422327 1.540600 -0.009114 0.422233 0.906442 0.000000 0.000000 0.000000 0.000000 1.000000
0.999844 0.017561 0.001872 -0.000000 -0.015128 0.906317 -0.422327 1.540600 -0.009113 0.422233 0.906442 0.000000 0.000000 0.000000 0.000000 1.000000
0.999844 0.017561 0.001873 -0.000000 -0.015127 0.906317 -0.422327 1.540600 -0.009114 0.422233 0.906442 0.000000 0.000000 0.000000 0.000000 1.000000
0.999844 0.017561 0.001872 0.000000 -0.015127 0.906318 -0.422326 1.540600 -0.009113 0.422232 0.906442 0.000000 0.000000 0.000000 0.000000 1.000000
0.999844 0.017561 0.001872 -0.000000 -0.015128 0.906317 -0.422327 1.540600 -0.009113 0.422233 0.906442 0.000000 0.000000 0.000000 0.000000 1.000000
0.999844 0.017561 0.001872 0.000000 -0.015128 0.906318 -0.422326 1.540600 -0.009113 0.422232 0.906442 0.000000 0.000000 0.000000 0.000000 1.000000
0.999844 0.017560 0.001872 0.000000 -0.015127 0.906318 -0.422327 1.540600 -0.009113 0.422232 0.906442 0.000000 0.000000 0.000000 0.000000 1.000000
0.999844 0.017560 0.001873 -0.000000 -0.015127 0.906317 -0.422327 1.540600 -0.009113 0.422233 0.906442 0.000000 0.000000 0.000000 0.000000 1.000000
0.999844 0.017561 0.001873 0.000000 -0.015127 0.906317 -0.422327 1.540600 -0.009114 0.422233 0.906442 0.000000 0.000000 0.000000 0.000000 1.000000
0.999844 0.017561 0.001873 0.000000 -0.015127 0.906317 -0.422327 1.540600 -0.009114 0.422233 0.906442 0.000000 0.000000 0.000000 0.000000 1.000000
0.999844 0.017561 0.001873 -0.000000 -0.015127 0.906317 -0.422327 1.540600 -0.009114 0.422233 0.906442 0.000000 0.000000 0.000000 0.000000 1.000000
0.999844 0.017561 0.001872 0.000000 -0.015128 0.906317 -0.422327 1.540600 -0.009113 0.422233 0.906442 -0.000000 0.000000 0.000000 0.000000 1.000000
0.999844 0.017560 0.001872 -0.000000 -0.015127 0.906317 -0.422327 1.540600 -0.009113 0.422233 0.906441 -0.000000 0.000000 0.000000 0.000000 1.000000
0.999844 0.017560 0.001872 0.000000 -0.015126 0.906318 -0.422327 1.540600 -0.009113 0.422232 0.906442 0.000000 0.000000 0.000000 0.000000 1.000000
0.999844 0.017561 0.001873 0.000000 -0.015127 0.906317 -0.422327 1.540600 -0.009114 0.422232 0.906442 0.000000 0.000000 0.000000 0.000000 1.000000
0.999844 0.017561 0.001872 0.000000 -0.015128 0.906317 -0.422327 1.540600 -0.009114 0.422232 0.906442 0.000000 0.000000 0.000000 0.000000 1.000000
0.999844 0.017561 0.001872 -0.000000 -0.015127 0.906317 -0.422327 1.540600 -0.009113 0.422233 0.906442 0.000000 0.000000 0.000000 0.000000 1.000000
0.999844 0.017561 0.001872 0.000000 -0.015128 0.906317 -0.422327 1.540600 -0.009113 0.422232 0.906442 0.000000 0.000000 0.000000 0.000000 1.000000
0.999844 0.017561 0.001872 0.000000 -0.015128 0.906317 -0.422327 1.540600 -0.009113 0.422233 0.906442 0.000000 0.000000 0.000000 0.000000 1.000000
0.999844 0.017561 0.001873 -0.000000 -0.015127 0.906317 -0.422327 1.540600 -0.009114 0.422232 0.906442 0.000000 0.000000 0.000000 0.000000 1.000000
0.999844 0.017561 0.001872 0.000000 -0.015128 0.906318 -0.422327 1.540600 -0.009113 0.422232 0.906442 0.000000 0.000000 0.000000 0.000000 1.000000
0.999844 0.017561 0.001872 0.000000 -0.015128 0.906317 -0.422327 1.540600 -0.009113 0.422233 0.906442 0.000000 0.000000 0.000000 0.000000 1.000000
0.999844 0.017561 0.001872 0.000000 -0.015128 0.906317 -0.422327 1.540600 -0.009114 0.422233 0.906442 0.000000 0.000000 0.000000 0.000000 1.000000
0.999844 0.017561 0.001872 0.000000 -0.015128 0.906318 -0.422327 1.540600 -0.009113 0.422232 0.906442 0.000000 0.000000 0.000000 0.000000 1.000000
0.999844 0.017560 0.001872 0.000000 -0.015127 0.906317 -0.422327 1.540600 -0.009113 0.422233 0.906442 -0.000000 0.000000 0.000000 0.000000 1.000000
0.999844 0.017560 0.001872 0.000000 -0.015127 0.906317 -0.422327 1.540600 -0.009113 0.422233 0.906442 0.000000 0.000000 0.000000 0.000000 1.000000</float_array>
        <technique_common>
          <accessor source="#mixamorig_RightHandPinky3-Matrix-animation-output-transform-array" count="56" stride="16">
            <param type="float4x4"/>
          </accessor>
        </technique_common>
      </source>
      <source id="mixamorig_RightHandPinky3-Interpolations">
        <Name_array id="mixamorig_RightHandPinky3-Interpolations-array" count="56">
 LINEAR LINEAR LINEAR LINEAR LINEAR LINEAR LINEAR LINEAR LINEAR LINEAR LINEAR
LINEAR LINEAR LINEAR LINEAR LINEAR LINEAR LINEAR LINEAR LINEAR LINEAR LINEAR LINEAR
LINEAR LINEAR LINEAR LINEAR LINEAR LINEAR LINEAR LINEAR LINEAR LINEAR LINEAR LINEAR
LINEAR LINEAR LINEAR LINEAR LINEAR LINEAR LINEAR LINEAR LINEAR LINEAR LINEAR LINEAR
LINEAR LINEAR LINEAR LINEAR LINEAR LINEAR LINEAR LINEAR LINEAR</Name_array>
        <technique_common>
          <accessor source="#mixamorig_RightHandPinky3-Interpolations-array" count="56">
            <param type="name"/>
          </accessor>
        </technique_common>
      </source>
      <sampler id="mixamorig_RightHandPinky3-Matrix-animation-transform">
        <input semantic="INPUT" source="#mixamorig_RightHandPinky3-Matrix-animation-input"/>
        <input semantic="OUTPUT" source="#mixamorig_RightHandPinky3-Matrix-animation-output-transform"/>
        <input semantic="INTERPOLATION" source="#mixamorig_RightHandPinky3-Interpolations"/>
      </sampler>
      <channel source="#mixamorig_RightHandPinky3-Matrix-animation-transform" target="mixamorig_RightHandPinky3/matrix"/>
    </animation>
    <animation id="mixamorig_RightUpLeg-anim" name="mixamorig_RightUpLeg">
      <source id="mixamorig_RightUpLeg-Matrix-animation-input">
        <float_array id="mixamorig_RightUpLeg-Matrix-animation-input-array" count="56">

0.000000 0.033333 0.066667 0.100000 0.133333 0.166667 0.200000 0.233333 0.266667 0.300000 0.333333 0.366667 0.400000 0.433333 0.466667 0.500000
0.533333 0.566667 0.600000 0.633333 0.666667 0.700000 0.733333 0.766667 0.800000 0.833333 0.866667 0.900000 0.933333 0.966667 1.000000 1.033333
1.066667 1.100000 1.133333 1.166667 1.200000 1.233333 1.266667 1.300000 1.333333 1.366667 1.400000 1.433333 1.466667 1.500000 1.533333 1.566667
1.600000 1.633333 1.666667 1.700000 1.733333 1.766667 1.800000 1.833333</float_array>
        <technique_common>
          <accessor source="#mixamorig_RightUpLeg-Matrix-animation-input-array" count="56">
            <param name="TIME" type="float"/>
          </accessor>
        </technique_common>
      </source>
      <source id="mixamorig_RightUpLeg-Matrix-animation-output-transform">
        <float_array id="mixamorig_RightUpLeg-Matrix-animation-output-transform-array" count="896">

-0.897256 -0.412369 0.157747 -9.941000 0.385013 -0.555920 0.736694 -5.272400 -0.216095 0.721738 0.657569 -1.010900 0.000000 0.000000 0.000000 1.000000
-0.897385 -0.412198 0.157458 -9.941000 0.385051 -0.557268 0.735655 -5.272400 -0.215489 0.720795 0.658801 -1.010900 0.000000 0.000000 0.000000 1.000000
-0.897801 -0.411413 0.157142 -9.941000 0.385010 -0.559972 0.733620 -5.272400 -0.213825 0.719146 0.661142 -1.010900 0.000000 0.000000 0.000000 1.000000
-0.898421 -0.409948 0.157423 -9.941000 0.384959 -0.562746 0.731522 -5.272400 -0.211296 0.717816 0.663396 -1.010900 0.000000 0.000000 0.000000 1.000000
-0.899479 -0.407299 0.158258 -9.941000 0.384392 -0.565307 0.729843 -5.272400 -0.207800 0.717312 0.665044 -1.010900 0.000000 0.000000 0.000000 1.000000
-0.900526 -0.404768 0.158794 -9.941000 0.383592 -0.567633 0.728457 -5.272400 -0.204720 0.716907 0.666434 -1.010900 0.000000 0.000000 0.000000 1.000000
-0.901911 -0.401297 0.159740 -9.941000 0.382634 -0.570774 0.726504 -5.272400 -0.200369 0.716364 0.668337 -1.010900 0.000000 0.000000 0.000000 1.000000
-0.903383 -0.397555 0.160777 -9.941000 0.381682 -0.574488 0.724074 -5.272400 -0.195495 0.715481 0.670722 -1.010900 0.000000 0.000000 0.000000 1.000000
-0.904515 -0.395315 0.159931 -9.941000 0.380435 -0.578593 0.721456 -5.272400 -0.192668 0.713411 0.673739 -1.010900 0.000000 0.000000 0.000000 1.000000
-0.905013 -0.394613 0.158844 -9.941000 0.380133 -0.582650 0.718344 -5.272400 -0.190918 0.710493 0.677311 -1.010900 0.000000 0.000000 0.000000 1.000000
-0.904982 -0.395705 0.156283 -9.941000 0.379694 -0.585472 0.716279 -5.272400 -0.191935 0.707559 0.680089 -1.010900 0.000000 0.000000 0.000000 1.000000
-0.904690 -0.396107 0.156954 -9.941000 0.380831 -0.586577 0.714769 -5.272400 -0.191059 0.706418 0.681521 -1.010900 0.000000 0.000000 0.000000 1.000000
-0.904612 -0.397039 0.155040 -9.941000 0.380379 -0.587863 0.713953 -5.272400 -0.192325 0.704824 0.682813 -1.010900 0.000000 0.000000 0.000000 1.000000
-0.904249 -0.398282 0.153965 -9.941000 0.380558 -0.588140 0.713630 -5.272400 -0.193673 0.703892 0.683394 -1.010900 0.000000 0.000000 0.000000 1.000000
-0.903745 -0.399609 0.153487 -9.941000 0.381330 -0.588614 0.712826 -5.272400 -0.194507 0.702742 0.684340 -1.010900 0.000000 0.000000 0.000000 1.000000
-0.903328 -0.399989 0.154945 -9.941000 0.383122 -0.589888 0.710809 -5.272400 -0.192915 0.701457 0.686106 -1.010900 0.000000 0.000000 0.000000 1.000000
-0.903096 -0.399629 0.157206 -9.941000 0.385176 -0.591920 0.708005 -5.272400 -0.189886 0.699948 0.688488 -1.010900 0.000000 0.000000 0.000000 1.000000
-0.902853 -0.399363 0.159267 -9.941000 0.386942 -0.593245 0.705930 -5.272400 -0.187438 0.698978 0.690143 -1.010900 0.000000 0.000000 0.000000 1.000000
-0.902346 -0.400107 0.160268 -9.941000 0.388178 -0.592794 0.705630 -5.272400 -0.187322 0.698935 0.690218 -1.010900 0.000000 0.000000 0.000000 1.000000
-0.901346 -0.402787 0.159182 -9.941000 0.389454 -0.592986 0.704764 -5.272400 -0.189477 0.697231 0.691352 -1.010900 0.000000 0.000000 0.000000 1.000000
-0.900645 -0.404545 0.158688 -9.941000 0.390750 -0.594145 0.703069 -5.272400 -0.190140 0.695223 0.693190 -1.010900 0.000000 0.000000 0.000000 1.000000
-0.900057 -0.406516 0.156976 -9.941000 0.391011 -0.594367 0.702736 -5.272400 -0.192372 0.693882 0.693917 -1.010900 0.000000 0.000000 0.000000 1.000000
-0.899770 -0.407565 0.155902 -9.941000 0.391387 -0.595783 0.701327 -5.272400 -0.192953 0.692050 0.695583 -1.010900 0.000000 0.000000 0.000000 1.000000
-0.899717 -0.408333 0.154186 -9.941000 0.391129 -0.597480 0.700026 -5.272400 -0.193720 0.690132 0.697274 -1.010900 0.000000 0.000000 0.000000 1.000000
-0.899505 -0.409890 0.151266 -9.941000 0.390514 -0.599001 0.699068 -5.272400 -0.195933 0.687887 0.698872 -1.010900 0.000000 0.000000 0.000000 1.000000
-0.899247 -0.411199 0.149232 -9.941000 0.390516 -0.600905 0.697432 -5.272400 -0.197109 0.685441 0.700941 -1.010900 0.000000 0.000000 0.000000 1.000000
-0.899197 -0.412187 0.146791 -9.941000 0.389932 -0.602712 0.696198 -5.272400 -0.198492 0.683257 0.702681 -1.010900 0.000000 0.000000 0.000000 1.000000
-0.898721 -0.414001 0.144581 -9.941000 0.389965 -0.603725 0.695301 -5.272400 -0.200568 0.681263 0.704026 -1.010900 0.000000 0.000000 0.000000 1.000000
-0.898094 -0.415933 0.142924 -9.941000 0.390322 -0.604033 0.694833 -5.272400 -0.202673 0.679811 0.704826 -1.010900 0.000000 0.000000 0.000000 1.000000
-0.897588 -0.416955 0.143125 -9.941000 0.391085 -0.603322 0.695022 -5.272400 -0.203442 0.679817 0.704599 -1.010900 0.000000 0.000000 0.000000 1.000000
-0.897059 -0.417801 0.143971 -9.941000 0.391730 -0.601022 0.696649 -5.272400 -0.204530 0.681333 0.702818 -1.010900 0.000000 0.000000 0.000000 1.000000
-0.896279 -0.418835 0.145814 -9.941000 0.393040 -0.597857 0.698632 -5.272400 -0.205436 0.683480 0.700465 -1.010900 0.000000 0.000000 0.000000 1.000000
-0.895430 -0.420140 0.147266 -9.941000 0.394467 -0.595370 0.699951 -5.272400 -0.206399 0.684848 0.698843 -1.010900 0.000000 0.000000 0.000000 1.000000
-0.893901 -0.423815 0.146019 -9.941000 0.395301 -0.591692 0.702593 -5.272400 -0.211372 0.685770 0.696449 -1.010900 0.000000 0.000000 0.000000 1.000000
-0.892808 -0.425505 0.147783 -9.941000 0.396968 -0.588229 0.704559 -5.272400 -0.212863 0.687701 0.694087 -1.010900 0.000000 0.000000 0.000000 1.000000
-0.892725 -0.424297 0.151701 -9.941000 0.398837 -0.587374 0.704217 -5.272400 -0.209692 0.689176 0.693589 -1.010900 0.000000 0.000000 0.000000 1.000000
-0.890840 -0.428335 0.151437 -9.941000 0.400734 -0.583792 0.706116 -5.272400 -0.214046 0.689722 0.691713 -1.010900 0.000000 0.000000 0.000000 1.000000
-0.890731 -0.427895 0.153314 -9.941000 0.401268 -0.581834 0.707427 -5.272400 -0.213501 0.691647 0.689958 -1.010900 0.000000 0.000000 0.000000 1.000000
-0.889703 -0.430215 0.152790 -9.941000 0.402014 -0.579658 0.708789 -5.272400 -0.216365 0.692035 0.688675 -1.010900 0.000000 0.000000 0.000000 1.000000
-0.889589 -0.428950 0.156951 -9.941000 0.404395 -0.579886 0.707246 -5.272400 -0.212359 0.692628 0.689326 -1.010900 0.000000 0.000000 0.000000 1.000000
-0.890192 -0.427614 0.157178 -9.941000 0.402877 -0.577784 0.709828 -5.272400 -0.212718 0.695206 0.686614 -1.010900 0.000000 0.000000 0.000000 1.000000
-0.889871 -0.428229 0.157321 -9.941000 0.403281 -0.577147 0.710117 -5.272400 -0.213295 0.695357 0.686283 -1.010900 0.000000 0.000000 0.000000 1.000000
-0.890584 -0.426922 0.156837 -9.941000 0.401461 -0.575828 0.712216 -5.272400 -0.213749 0.697252 0.684216 -1.010900 0.000000 0.000000 0.000000 1.000000
-0.891368 -0.425468 0.156335 -9.941000 0.399040 -0.572954 0.715884 -5.272400 -0.215013 0.700500 0.680492 -1.010900 0.000000 0.000000 0.000000 1.000000
-0.892178 -0.423703 0.156510 -9.941000 0.397080 -0.570581 0.718863 -5.272400 -0.215283 0.703501 0.677304 -1.010900 0.000000 0.000000 0.000000 1.000000
-0.893181 -0.421563 0.156567 -9.941000 0.394761 -0.568255 0.721977 -5.272400 -0.215389 0.706662 0.673970 -1.010900 0.000000 0.000000 0.000000 1.000000
-0.893836 -0.420511 0.155654 -9.941000 0.392252 -0.565110 0.725802 -5.272400 -0.217246 0.709804 0.670062 -1.010900 0.000000 0.000000 0.000000 1.000000
-0.894505 -0.419105 0.155600 -9.941000 0.390173 -0.561968 0.729354 -5.272400 -0.218234 0.713122 0.666206 -1.010900 0.000000 0.000000 0.000000 1.000000
-0.895621 -0.416358 0.156553 -9.941000 0.388491 -0.560745 0.731191 -5.272400 -0.216651 0.715689 0.663967 -1.010900 0.000000 0.000000 0.000000 1.000000
-0.896649 -0.413787 0.157483 -9.941000 0.386902 -0.559393 0.733066 -5.272400 -0.215238 0.718234 0.661674 -1.010900 0.000000 0.000000 0.000000 1.000000
-0.896778 -0.413684 0.157018 -9.941000 0.385718 -0.556980 0.735524 -5.272400 -0.216819 0.720166 0.659053 -1.010900 0.000000 0.000000 0.000000 1.000000
-0.896889 -0.413308 0.157375 -9.941000 0.385328 -0.555644 0.736737 -5.272400 -0.217055 0.721412 0.657611 -1.010900 0.000000 0.000000 0.000000 1.000000
-0.897008 -0.412976 0.157567 -9.941000 0.385152 -0.555362 0.737042 -5.272400 -0.216873 0.721820 0.657223 -1.010900 0.000000 0.000000 0.000000 1.000000
-0.897124 -0.412681 0.157682 -9.941000 0.385066 -0.555495 0.736987 -5.272400 -0.216549 0.721887 0.657257 -1.010900 0.000000 0.000000 0.000000 1.000000
-0.897214 -0.412464 0.157738 -9.941000 0.385033 -0.555772 0.736796 -5.272400 -0.216235 0.721797 0.657458 -1.010900 0.000000 0.000000 0.000000 1.000000
-0.897255 -0.412369 0.157749 -9.941000 0.385014 -0.555918 0.736694 -5.272400 -0.216094 0.721739 0.657569 -1.010900 0.000000 0.000000 0.000000 1.000000</float_array>
        <technique_common>
          <accessor source="#mixamorig_RightUpLeg-Matrix-animation-output-transform-array" count="56" stride="16">
            <param type="float4x4"/>
          </accessor>
        </technique_common>
      </source>
      <source id="mixamorig_RightUpLeg-Interpolations">
        <Name_array id="mixamorig_RightUpLeg-Interpolations-array" count="56">
 LINEAR LINEAR LINEAR LINEAR LINEAR LINEAR LINEAR LINEAR LINEAR LINEAR LINEAR
LINEAR LINEAR LINEAR LINEAR LINEAR LINEAR LINEAR LINEAR LINEAR LINEAR LINEAR LINEAR
LINEAR LINEAR LINEAR LINEAR LINEAR LINEAR LINEAR LINEAR LINEAR LINEAR LINEAR LINEAR
LINEAR LINEAR LINEAR LINEAR LINEAR LINEAR LINEAR LINEAR LINEAR LINEAR LINEAR LINEAR
LINEAR LINEAR LINEAR LINEAR LINEAR LINEAR LINEAR LINEAR LINEAR</Name_array>
        <technique_common>
          <accessor source="#mixamorig_RightUpLeg-Interpolations-array" count="56">
            <param type="name"/>
          </accessor>
        </technique_common>
      </source>
      <sampler id="mixamorig_RightUpLeg-Matrix-animation-transform">
        <input semantic="INPUT" source="#mixamorig_RightUpLeg-Matrix-animation-input"/>
        <input semantic="OUTPUT" source="#mixamorig_RightUpLeg-Matrix-animation-output-transform"/>
        <input semantic="INTERPOLATION" source="#mixamorig_RightUpLeg-Interpolations"/>
      </sampler>
      <channel source="#mixamorig_RightUpLeg-Matrix-animation-transform" target="mixamorig_RightUpLeg/matrix"/>
    </animation>
    <animation id="mixamorig_RightLeg-anim" name="mixamorig_RightLeg">
      <source id="mixamorig_RightLeg-Matrix-animation-input">
        <float_array id="mixamorig_RightLeg-Matrix-animation-input-array" count="56">

0.000000 0.033333 0.066667 0.100000 0.133333 0.166667 0.200000 0.233333 0.266667 0.300000 0.333333 0.366667 0.400000 0.433333 0.466667 0.500000
0.533333 0.566667 0.600000 0.633333 0.666667 0.700000 0.733333 0.766667 0.800000 0.833333 0.866667 0.900000 0.933333 0.966667 1.000000 1.033333
1.066667 1.100000 1.133333 1.166667 1.200000 1.233333 1.266667 1.300000 1.333333 1.366667 1.400000 1.433333 1.466667 1.500000 1.533333 1.566667
1.600000 1.633333 1.666667 1.700000 1.733333 1.766667 1.800000 1.833333</float_array>
        <technique_common>
          <accessor source="#mixamorig_RightLeg-Matrix-animation-input-array" count="56">
            <param name="TIME" type="float"/>
          </accessor>
        </technique_common>
      </source>
      <source id="mixamorig_RightLeg-Matrix-animation-output-transform">
        <float_array id="mixamorig_RightLeg-Matrix-animation-output-transform-array" count="896">

0.989146 0.141622 -0.039150 0.000000 0.034167 0.037453 0.998714 43.364799 0.142906 -0.989212 0.032208 0.000000 0.000000 0.000000 0.000000 1.000000
0.989143 0.141638 -0.039174 0.000000 0.034186 0.037483 0.998712 43.364799 0.142924 -0.989209 0.032234 0.000000 0.000000 0.000000 0.000000 1.000000
0.989120 0.141722 -0.039441 0.000000 0.034297 0.038558 0.998668 43.364799 0.143054 -0.989155 0.033278 0.000000 0.000000 0.000000 0.000000 1.000000
0.989102 0.141807 -0.039608 0.000000 0.034059 0.041343 0.998564 43.364799 0.143241 -0.989031 0.036062 0.000000 0.000000 0.000000 0.000000 1.000000
0.989066 0.142112 -0.039405 0.000000 0.032824 0.048364 0.998290 43.364799 0.143774 -0.988668 0.043170 0.000000 0.000000 0.000000 0.000000 1.000000
0.989043 0.142260 -0.039454 0.000000 0.031426 0.058245 0.997808 43.364799 0.144246 -0.988114 0.053136 0.000000 0.000000 0.000000 0.000000 1.000000
0.988957 0.142902 -0.039295 0.000000 0.029411 0.070636 0.997068 43.364799 0.145258 -0.987213 0.065653 -0.000000 0.000000 0.000000 0.000000 1.000000
0.988859 0.143560 -0.039348 -0.000000 0.027320 0.084809 0.996023 43.364799 0.146326 -0.986001 0.079942 -0.000000 0.000000 0.000000 0.000000 1.000000
0.988743 0.144172 -0.040018 0.000000 0.025661 0.100099 0.994647 43.364799 0.147406 -0.984477 0.095273 -0.000000 0.000000 0.000000 0.000000 1.000000
0.988718 0.143917 -0.041532 0.000000 0.024922 0.115348 0.993012 43.364799 0.147702 -0.982844 0.110460 0.000000 0.000000 0.000000 0.000000 1.000000
0.988552 0.144642 -0.042941 0.000000 0.024184 0.129019 0.991347 43.364799 0.148930 -0.981037 0.124044 0.000000 0.000000 0.000000 0.000000 1.000000
0.988486 0.144923 -0.043497 -0.000000 0.022954 0.140518 0.989812 43.364799 0.149558 -0.979414 0.135573 -0.000000 0.000000 0.000000 0.000000 1.000000
0.988282 0.145850 -0.045014 0.000000 0.022762 0.150787 0.988304 43.364799 0.150932 -0.977748 0.145700 0.000000 0.000000 0.000000 0.000000 1.000000
0.988156 0.146340 -0.046173 0.000000 0.022606 0.158791 0.987053 43.364799 0.151777 -0.976407 0.153603 -0.000000 0.000000 0.000000 0.000000 1.000000
0.987994 0.147018 -0.047466 0.000000 0.022743 0.165480 0.985951 43.364799 0.152807 -0.975193 0.160149 0.000000 0.000000 0.000000 0.000000 1.000000
0.987916 0.147373 -0.047995 0.000000 0.022383 0.170765 0.985058 43.364799 0.153367 -0.974228 0.165403 0.000000 0.000000 0.000000 0.000000 1.000000
0.987888 0.147674 -0.047647 0.000000 0.021337 0.174870 0.984360 43.364799 0.153696 -0.973454 0.169601 0.000000 0.000000 0.000000 0.000000 1.000000
0.987767 0.148496 -0.047600 0.000000 0.020587 0.178398 0.983743 43.364799 0.154574 -0.972689 0.173158 0.000000 0.000000 0.000000 0.000000 1.000000
0.987667 0.149101 -0.047772 0.000000 0.020191 0.181276 0.983225 43.364799 0.155260 -0.972064 0.176030 0.000000 0.000000 0.000000 0.000000 1.000000
0.987608 0.149346 -0.048229 -0.000000 0.020182 0.183902 0.982737 43.364799 0.155638 -0.971533 0.178609 0.000000 0.000000 0.000000 0.000000 1.000000
0.987671 0.149082 -0.047760 0.000000 0.019364 0.186400 0.982283 43.364799 0.155343 -0.971097 0.181215 0.000000 0.000000 0.000000 0.000000 1.000000
0.987770 0.148389 -0.047860 0.000000 0.019289 0.188303 0.981922 43.364799 0.154718 -0.970836 0.183138 0.000000 0.000000 0.000000 0.000000 1.000000
0.987954 0.147460 -0.046927 0.000000 0.018307 0.189748 0.981662 43.364799 0.153660 -0.970696 0.184763 0.000000 0.000000 0.000000 0.000000 1.000000
0.988176 0.146349 -0.045723 -0.000000 0.017250 0.190196 0.981595 43.364799 0.152352 -0.970777 0.185422 0.000000 0.000000 0.000000 0.000000 1.000000
0.988360 0.145231 -0.045308 0.000000 0.017115 0.189784 0.981677 43.364799 0.151169 -0.971025 0.185089 0.000000 0.000000 0.000000 0.000000 1.000000
0.988596 0.143892 -0.044413 0.000000 0.016703 0.188325 0.981965 43.364799 0.149661 -0.971508 0.183774 0.000000 0.000000 0.000000 0.000000 1.000000
0.988675 0.143531 -0.043820 0.000000 0.016546 0.185958 0.982418 43.364799 0.149156 -0.972018 0.181477 0.000000 0.000000 0.000000 0.000000 1.000000
0.988710 0.143352 -0.043631 0.000000 0.016970 0.182176 0.983119 43.364799 0.148880 -0.972760 0.177687 -0.000000 0.000000 0.000000 0.000000 1.000000
0.988743 0.143178 -0.043439 0.000000 0.017642 0.176735 0.984100 43.364799 0.148578 -0.973789 0.172219 -0.000000 0.000000 0.000000 0.000000 1.000000
0.988738 0.143306 -0.043130 0.000000 0.018463 0.169184 0.985411 43.364799 0.148512 -0.975110 0.164633 -0.000000 0.000000 0.000000 0.000000 1.000000
0.988607 0.144394 -0.042500 0.000000 0.019051 0.160046 0.986926 43.364799 0.149308 -0.976491 0.155472 0.000000 0.000000 0.000000 0.000000 1.000000
0.988645 0.144649 -0.040720 0.000000 0.018771 0.149975 0.988512 43.364799 0.149094 -0.978051 0.145557 -0.000000 0.000000 0.000000 0.000000 1.000000
0.988794 0.143934 -0.039612 0.000000 0.019323 0.139715 0.990003 43.364799 0.148030 -0.979675 0.135368 0.000000 0.000000 0.000000 0.000000 1.000000
0.988738 0.144140 -0.040255 0.000000 0.021467 0.129604 0.991333 43.364799 0.148108 -0.981033 0.125050 0.000000 0.000000 0.000000 0.000000 1.000000
0.988744 0.144204 -0.039881 0.000000 0.022605 0.119517 0.992575 43.364799 0.147900 -0.982304 0.114912 -0.000000 0.000000 0.000000 0.000000 1.000000
0.988805 0.144357 -0.037747 0.000000 0.021787 0.110586 0.993628 43.364799 0.147611 -0.983327 0.106203 -0.000000 0.000000 0.000000 0.000000 1.000000
0.988765 0.144178 -0.039453 -0.000000 0.024704 0.102691 0.994407 43.364799 0.147423 -0.984209 0.097976 -0.000000 0.000000 0.000000 0.000000 1.000000
0.988620 0.145268 -0.039088 0.000000 0.025243 0.095957 0.995065 43.364799 0.148302 -0.984728 0.091198 0.000000 0.000000 0.000000 0.000000 1.000000
0.988516 0.145774 -0.039816 0.000000 0.026891 0.089583 0.995616 43.364799 0.148702 -0.985254 0.084634 0.000000 0.000000 0.000000 0.000000 1.000000
0.988732 0.144775 -0.038060 0.000000 0.026060 0.083896 0.996134 43.364799 0.147408 -0.985901 0.079178 0.000000 0.000000 0.000000 0.000000 1.000000
0.988648 0.145297 -0.038268 0.000000 0.027019 0.078619 0.996539 43.364799 0.147803 -0.986259 0.073801 -0.000000 0.000000 0.000000 0.000000 1.000000
0.988768 0.144549 -0.038005 0.000000 0.027475 0.074157 0.996868 43.364799 0.146914 -0.986715 0.069352 0.000000 0.000000 0.000000 0.000000 1.000000
0.988809 0.144237 -0.038100 0.000000 0.028235 0.069839 0.997159 43.364799 0.146488 -0.987076 0.064985 0.000000 0.000000 0.000000 0.000000 1.000000
0.988836 0.143945 -0.038509 0.000000 0.029247 0.065922 0.997396 43.364799 0.146109 -0.987388 0.060976 0.000000 0.000000 0.000000 0.000000 1.000000
0.988917 0.143398 -0.038464 0.000000 0.029805 0.062054 0.997628 43.364799 0.145444 -0.987718 0.057093 0.000000 0.000000 0.000000 0.000000 1.000000
0.989031 0.142614 -0.038457 -0.000000 0.030433 0.058025 0.997851 43.364799 0.144539 -0.988076 0.053048 0.000000 0.000000 0.000000 0.000000 1.000000
0.989086 0.142060 -0.039090 0.000000 0.031717 0.053803 0.998048 43.364799 0.143886 -0.988395 0.048710 0.000000 0.000000 0.000000 0.000000 1.000000
0.989104 0.141733 -0.039804 0.000000 0.033043 0.049742 0.998215 43.364799 0.143460 -0.988654 0.044517 0.000000 0.000000 0.000000 0.000000 1.000000
0.989124 0.141584 -0.039848 -0.000000 0.033555 0.046560 0.998352 43.364799 0.143206 -0.988831 0.041302 0.000000 0.000000 0.000000 0.000000 1.000000
0.989165 0.141274 -0.039926 0.000000 0.034027 0.043927 0.998455 43.364799 0.142809 -0.988996 0.038644 -0.000000 0.000000 0.000000 0.000000 1.000000
0.989097 0.141586 -0.040503 0.000000 0.034902 0.041824 0.998515 43.364799 0.143069 -0.989042 0.036426 0.000000 0.000000 0.000000 0.000000 1.000000
0.989100 0.141532 -0.040619 0.000000 0.035201 0.040573 0.998556 43.364799 0.142975 -0.989102 0.035149 -0.000000 0.000000 0.000000 0.000000 1.000000
0.989114 0.141536 -0.040270 0.000000 0.035013 0.039443 0.998608 43.364799 0.142927 -0.989147 0.034058 0.000000 0.000000 0.000000 0.000000 1.000000
0.989130 0.141562 -0.039775 0.000000 0.034657 0.038442 0.998660 43.364799 0.142902 -0.989183 0.033118 0.000000 0.000000 0.000000 0.000000 1.000000
0.989143 0.141596 -0.039332 0.000000 0.034311 0.037726 0.998699 43.364799 0.142896 -0.989205 0.032458 0.000000 0.000000 0.000000 0.000000 1.000000
0.989146 0.141621 -0.039151 -0.000000 0.034167 0.037454 0.998714 43.364799 0.142906 -0.989212 0.032209 0.000000 0.000000 0.000000 0.000000 1.000000</float_array>
        <technique_common>
          <accessor source="#mixamorig_RightLeg-Matrix-animation-output-transform-array" count="56" stride="16">
            <param type="float4x4"/>
          </accessor>
        </technique_common>
      </source>
      <source id="mixamorig_RightLeg-Interpolations">
        <Name_array id="mixamorig_RightLeg-Interpolations-array" count="56">
 LINEAR LINEAR LINEAR LINEAR LINEAR LINEAR LINEAR LINEAR LINEAR LINEAR LINEAR
LINEAR LINEAR LINEAR LINEAR LINEAR LINEAR LINEAR LINEAR LINEAR LINEAR LINEAR LINEAR
LINEAR LINEAR LINEAR LINEAR LINEAR LINEAR LINEAR LINEAR LINEAR LINEAR LINEAR LINEAR
LINEAR LINEAR LINEAR LINEAR LINEAR LINEAR LINEAR LINEAR LINEAR LINEAR LINEAR LINEAR
LINEAR LINEAR LINEAR LINEAR LINEAR LINEAR LINEAR LINEAR LINEAR</Name_array>
        <technique_common>
          <accessor source="#mixamorig_RightLeg-Interpolations-array" count="56">
            <param type="name"/>
          </accessor>
        </technique_common>
      </source>
      <sampler id="mixamorig_RightLeg-Matrix-animation-transform">
        <input semantic="INPUT" source="#mixamorig_RightLeg-Matrix-animation-input"/>
        <input semantic="OUTPUT" source="#mixamorig_RightLeg-Matrix-animation-output-transform"/>
        <input semantic="INTERPOLATION" source="#mixamorig_RightLeg-Interpolations"/>
      </sampler>
      <channel source="#mixamorig_RightLeg-Matrix-animation-transform" target="mixamorig_RightLeg/matrix"/>
    </animation>
    <animation id="mixamorig_RightFoot-anim" name="mixamorig_RightFoot">
      <source id="mixamorig_RightFoot-Matrix-animation-input">
        <float_array id="mixamorig_RightFoot-Matrix-animation-input-array" count="56">

0.000000 0.033333 0.066667 0.100000 0.133333 0.166667 0.200000 0.233333 0.266667 0.300000 0.333333 0.366667 0.400000 0.433333 0.466667 0.500000
0.533333 0.566667 0.600000 0.633333 0.666667 0.700000 0.733333 0.766667 0.800000 0.833333 0.866667 0.900000 0.933333 0.966667 1.000000 1.033333
1.066667 1.100000 1.133333 1.166667 1.200000 1.233333 1.266667 1.300000 1.333333 1.366667 1.400000 1.433333 1.466667 1.500000 1.533333 1.566667
1.600000 1.633333 1.666667 1.700000 1.733333 1.766667 1.800000 1.833333</float_array>
        <technique_common>
          <accessor source="#mixamorig_RightFoot-Matrix-animation-input-array" count="56">
            <param name="TIME" type="float"/>
          </accessor>
        </technique_common>
      </source>
      <source id="mixamorig_RightFoot-Matrix-animation-output-transform">
        <float_array id="mixamorig_RightFoot-Matrix-animation-output-transform-array" count="896">

0.900147 -0.088834 0.426431 0.000000 0.422065 -0.064136 -0.904294 44.493000 0.107682 0.993979 -0.020238 0.000000 0.000000 0.000000 0.000000 1.000000
0.900287 -0.088850 0.426134 0.000000 0.421704 -0.064711 -0.904421 44.493000 0.107933 0.993941 -0.020790 -0.000000 0.000000 0.000000 0.000000 1.000000
0.900634 -0.089130 0.425340 0.000000 0.420891 -0.064804 -0.904794 44.493000 0.108208 0.993910 -0.020851 -0.000000 0.000000 0.000000 0.000000 1.000000
0.900907 -0.089391 0.424706 -0.000000 0.420351 -0.063863 -0.905111 44.493000 0.108032 0.993947 -0.019959 -0.000000 0.000000 0.000000 0.000000 1.000000
0.901042 -0.089606 0.424376 0.000000 0.420299 -0.061246 -0.905317 44.493000 0.107114 0.994092 -0.017524 -0.000000 0.000000 0.000000 0.000000 1.000000
0.901332 -0.090172 0.423638 -0.000000 0.419962 -0.057383 -0.905726 44.493000 0.105981 0.994272 -0.013852 -0.000000 0.000000 0.000000 0.000000 1.000000
0.901452 -0.090675 0.423276 -0.000000 0.420082 -0.052763 -0.905951 44.493000 0.104481 0.994482 -0.009472 0.000000 0.000000 0.000000 0.000000 1.000000
0.901498 -0.091391 0.423024 0.000000 0.420416 -0.047071 -0.906110 44.493000 0.102722 0.994702 -0.004012 0.000000 0.000000 0.000000 0.000000 1.000000
0.901773 -0.092565 0.422181 -0.000000 0.420220 -0.040702 -0.906509 44.493000 0.101095 0.994874 0.002194 0.000000 0.000000 0.000000 0.000000 1.000000
0.902414 -0.094144 0.420458 0.000000 0.419179 -0.033945 -0.907269 44.493000 0.099687 0.994980 0.008831 -0.000000 0.000000 0.000000 0.000000 1.000000
0.902781 -0.095710 0.419317 0.000000 0.418623 -0.028191 -0.907722 44.493000 0.098699 0.995010 0.014616 -0.000000 0.000000 0.000000 0.000000 1.000000
0.902472 -0.096435 0.419814 0.000000 0.419606 -0.023420 -0.907404 44.493000 0.097338 0.995064 0.019329 0.000000 0.000000 0.000000 0.000000 1.000000
0.902691 -0.097914 0.419001 0.000000 0.419278 -0.018726 -0.907665 44.493000 0.096719 0.995019 0.024150 0.000000 0.000000 0.000000 0.000000 1.000000
0.902650 -0.098972 0.418840 0.000000 0.419461 -0.015460 -0.907642 44.493000 0.096306 0.994970 0.027560 -0.000000 0.000000 0.000000 0.000000 1.000000
0.902566 -0.100135 0.418746 0.000000 0.419703 -0.012332 -0.907578 44.493000 0.096044 0.994897 0.030897 0.000000 0.000000 0.000000 0.000000 1.000000
0.902065 -0.100656 0.419699 -0.000000 0.420929 -0.009726 -0.907041 44.493000 0.095381 0.994874 0.033596 0.000000 0.000000 0.000000 0.000000 1.000000
0.901183 -0.100565 0.421610 0.000000 0.423063 -0.007471 -0.906070 44.493000 0.094269 0.994902 0.035812 0.000000 0.000000 0.000000 0.000000 1.000000
0.900579 -0.100642 0.422881 0.000000 0.424499 -0.005814 -0.905410 44.493000 0.093581 0.994906 0.037486 0.000000 0.000000 0.000000 0.000000 1.000000
0.900321 -0.100966 0.423353 0.000000 0.425132 -0.004265 -0.905121 44.493000 0.093192 0.994881 0.039084 0.000000 0.000000 0.000000 0.000000 1.000000
0.900368 -0.101315 0.423169 0.000000 0.425026 -0.003570 -0.905174 44.493000 0.093218 0.994848 0.039847 0.000000 0.000000 0.000000 0.000000 1.000000
0.900136 -0.100926 0.423756 0.000000 0.425634 -0.003213 -0.904890 44.493000 0.092689 0.994889 0.040065 -0.000000 0.000000 0.000000 0.000000 1.000000
0.900473 -0.100916 0.423041 0.000000 0.424981 -0.002507 -0.905199 44.493000 0.092409 0.994892 0.040630 -0.000000 0.000000 0.000000 0.000000 1.000000
0.900426 -0.100106 0.423335 0.000000 0.425248 -0.002445 -0.905073 44.493000 0.091639 0.994974 0.040369 -0.000000 0.000000 0.000000 0.000000 1.000000
0.900404 -0.099075 0.423624 0.000000 0.425492 -0.002507 -0.904959 44.493000 0.090720 0.995077 0.039898 -0.000000 0.000000 0.000000 0.000000 1.000000
0.900821 -0.098604 0.422845 0.000000 0.424641 -0.003040 -0.905357 44.493000 0.090557 0.995122 0.039133 0.000000 0.000000 0.000000 0.000000 1.000000
0.900892 -0.097645 0.422917 0.000000 0.424547 -0.004472 -0.905395 44.493000 0.090299 0.995211 0.037426 -0.000000 0.000000 0.000000 0.000000 1.000000
0.901025 -0.096958 0.422792 0.000000 0.424185 -0.006787 -0.905550 44.493000 0.090670 0.995265 0.035013 0.000000 0.000000 0.000000 0.000000 1.000000
0.901258 -0.096612 0.422374 0.000000 0.423479 -0.009786 -0.905853 44.493000 0.091649 0.995274 0.032093 0.000000 0.000000 0.000000 0.000000 1.000000
0.901429 -0.096269 0.422088 0.000000 0.422841 -0.013457 -0.906104 44.493000 0.092910 0.995264 0.028575 0.000000 0.000000 0.000000 0.000000 1.000000
0.901520 -0.095818 0.421995 -0.000000 0.422287 -0.018216 -0.906279 44.493000 0.094525 0.995232 0.024041 -0.000000 0.000000 0.000000 0.000000 1.000000
0.901406 -0.095305 0.422356 -0.000000 0.422210 -0.022693 -0.906214 44.493000 0.095951 0.995189 0.019783 0.000000 0.000000 0.000000 0.000000 1.000000
0.900636 -0.093769 0.424338 -0.000000 0.423699 -0.027612 -0.905382 44.493000 0.096613 0.995211 0.014862 -0.000000 0.000000 0.000000 0.000000 1.000000
0.900266 -0.092538 0.425390 -0.000000 0.424321 -0.031926 -0.904949 44.493000 0.097323 0.995197 0.010524 0.000000 0.000000 0.000000 0.000000 1.000000
0.900767 -0.092831 0.424266 0.000000 0.422866 -0.035249 -0.905506 44.493000 0.099014 0.995058 0.007504 -0.000000 0.000000 0.000000 0.000000 1.000000
0.900577 -0.092170 0.424813 0.000000 0.423073 -0.038635 -0.905272 44.493000 0.099852 0.994993 0.004201 -0.000000 0.000000 0.000000 0.000000 1.000000
0.899389 -0.090133 0.427756 0.000000 0.425674 -0.042160 -0.903894 44.493000 0.099505 0.995037 0.000449 -0.000000 0.000000 0.000000 0.000000 1.000000
0.900196 -0.091015 0.425869 0.000000 0.423537 -0.044529 -0.904784 44.493000 0.101312 0.994854 -0.001536 -0.000000 0.000000 0.000000 0.000000 1.000000
0.899980 -0.090623 0.426408 0.000000 0.423856 -0.046729 -0.904523 44.493000 0.101897 0.994788 -0.003644 0.000000 0.000000 0.000000 0.000000 1.000000
0.900262 -0.090914 0.425749 0.000000 0.422872 -0.049831 -0.904818 44.493000 0.103476 0.994611 -0.006415 0.000000 0.000000 0.000000 0.000000 1.000000
0.899056 -0.088905 0.428712 0.000000 0.425550 -0.052870 -0.903389 44.493000 0.102981 0.994636 -0.009699 -0.000000 0.000000 0.000000 0.000000 1.000000
0.899436 -0.089048 0.427885 -0.000000 0.424581 -0.054185 -0.903767 44.493000 0.103663 0.994552 -0.010927 0.000000 0.000000 0.000000 0.000000 1.000000
0.899359 -0.088522 0.428155 0.000000 0.424663 -0.056058 -0.903614 44.493000 0.103991 0.994496 -0.012824 -0.000000 0.000000 0.000000 0.000000 1.000000
0.899756 -0.088378 0.427350 0.000000 0.423747 -0.057095 -0.903979 44.493000 0.104291 0.994449 -0.013922 0.000000 0.000000 0.000000 0.000000 1.000000
0.900323 -0.088709 0.426086 -0.000000 0.422491 -0.056928 -0.904578 44.493000 0.104500 0.994429 -0.013774 0.000000 0.000000 0.000000 0.000000 1.000000
0.900591 -0.088577 0.425546 0.000000 0.421871 -0.057680 -0.904819 44.493000 0.104692 0.994398 -0.014578 0.000000 0.000000 0.000000 0.000000 1.000000
0.900879 -0.088501 0.424952 0.000000 0.421208 -0.058318 -0.905087 44.493000 0.104884 0.994367 -0.015261 -0.000000 0.000000 0.000000 0.000000 1.000000
0.901497 -0.088956 0.423545 0.000000 0.419713 -0.059017 -0.905736 44.493000 0.105567 0.994286 -0.015867 -0.000000 0.000000 0.000000 0.000000 1.000000
0.901992 -0.089553 0.422363 -0.000000 0.418491 -0.059259 -0.906286 44.493000 0.106189 0.994218 -0.015974 -0.000000 0.000000 0.000000 0.000000 1.000000
0.902064 -0.089626 0.422195 0.000000 0.418259 -0.059832 -0.906355 44.493000 0.106494 0.994177 -0.016485 -0.000000 0.000000 0.000000 0.000000 1.000000
0.902086 -0.089687 0.422135 0.000000 0.418180 -0.059997 -0.906381 44.493000 0.106618 0.994161 -0.016617 -0.000000 0.000000 0.000000 0.000000 1.000000
0.902189 -0.090246 0.421795 0.000000 0.417816 -0.060122 -0.906540 44.493000 0.107171 0.994103 -0.016535 -0.000000 0.000000 0.000000 0.000000 1.000000
0.901897 -0.090314 0.422404 0.000000 0.418412 -0.060258 -0.906256 44.493000 0.107301 0.994089 -0.016558 -0.000000 0.000000 0.000000 0.000000 1.000000
0.901371 -0.089949 0.423603 0.000000 0.419511 -0.061295 -0.905679 44.493000 0.107429 0.994058 -0.017515 -0.000000 0.000000 0.000000 0.000000 1.000000
0.900795 -0.089449 0.424933 0.000000 0.420717 -0.062580 -0.905031 44.493000 0.107546 0.994023 -0.018739 -0.000000 0.000000 0.000000 0.000000 1.000000
0.900330 -0.089011 0.426008 0.000000 0.421686 -0.063683 -0.904503 44.493000 0.107640 0.993993 -0.019801 -0.000000 0.000000 0.000000 0.000000 1.000000
0.900147 -0.088834 0.426432 -0.000000 0.422067 -0.064134 -0.904293 44.493000 0.107681 0.993980 -0.020236 0.000000 0.000000 0.000000 0.000000 1.000000</float_array>
        <technique_common>
          <accessor source="#mixamorig_RightFoot-Matrix-animation-output-transform-array" count="56" stride="16">
            <param type="float4x4"/>
          </accessor>
        </technique_common>
      </source>
      <source id="mixamorig_RightFoot-Interpolations">
        <Name_array id="mixamorig_RightFoot-Interpolations-array" count="56">
 LINEAR LINEAR LINEAR LINEAR LINEAR LINEAR LINEAR LINEAR LINEAR LINEAR LINEAR
LINEAR LINEAR LINEAR LINEAR LINEAR LINEAR LINEAR LINEAR LINEAR LINEAR LINEAR LINEAR
LINEAR LINEAR LINEAR LINEAR LINEAR LINEAR LINEAR LINEAR LINEAR LINEAR LINEAR LINEAR
LINEAR LINEAR LINEAR LINEAR LINEAR LINEAR LINEAR LINEAR LINEAR LINEAR LINEAR LINEAR
LINEAR LINEAR LINEAR LINEAR LINEAR LINEAR LINEAR LINEAR LINEAR</Name_array>
        <technique_common>
          <accessor source="#mixamorig_RightFoot-Interpolations-array" count="56">
            <param type="name"/>
          </accessor>
        </technique_common>
      </source>
      <sampler id="mixamorig_RightFoot-Matrix-animation-transform">
        <input semantic="INPUT" source="#mixamorig_RightFoot-Matrix-animation-input"/>
        <input semantic="OUTPUT" source="#mixamorig_RightFoot-Matrix-animation-output-transform"/>
        <input semantic="INTERPOLATION" source="#mixamorig_RightFoot-Interpolations"/>
      </sampler>
      <channel source="#mixamorig_RightFoot-Matrix-animation-transform" target="mixamorig_RightFoot/matrix"/>
    </animation>
    <animation id="mixamorig_RightToeBase-anim" name="mixamorig_RightToeBase">
      <source id="mixamorig_RightToeBase-Matrix-animation-input">
        <float_array id="mixamorig_RightToeBase-Matrix-animation-input-array" count="56">

0.000000 0.033333 0.066667 0.100000 0.133333 0.166667 0.200000 0.233333 0.266667 0.300000 0.333333 0.366667 0.400000 0.433333 0.466667 0.500000
0.533333 0.566667 0.600000 0.633333 0.666667 0.700000 0.733333 0.766667 0.800000 0.833333 0.866667 0.900000 0.933333 0.966667 1.000000 1.033333
1.066667 1.100000 1.133333 1.166667 1.200000 1.233333 1.266667 1.300000 1.333333 1.366667 1.400000 1.433333 1.466667 1.500000 1.533333 1.566667
1.600000 1.633333 1.666667 1.700000 1.733333 1.766667 1.800000 1.833333</float_array>
        <technique_common>
          <accessor source="#mixamorig_RightToeBase-Matrix-animation-input-array" count="56">
            <param name="TIME" type="float"/>
          </accessor>
        </technique_common>
      </source>
      <source id="mixamorig_RightToeBase-Matrix-animation-output-transform">
        <float_array id="mixamorig_RightToeBase-Matrix-animation-output-transform-array" count="896">

0.995216 -0.036586 0.090585 0.000000 0.087002 0.753689 -0.651447 20.000000 -0.044439 0.656212 0.753267 0.000000 0.000000 0.000000 0.000000 1.000000
0.995194 -0.036084 0.091037 -0.000000 0.086907 0.753893 -0.651224 20.000000 -0.045134 0.656006 0.753405 -0.000000 0.000000 0.000000 0.000000 1.000000
0.995160 -0.035361 0.091687 0.000000 0.086772 0.754126 -0.650971 20.000000 -0.046125 0.655777 0.753545 0.000000 0.000000 0.000000 0.000000 1.000000
0.995171 -0.035593 0.091476 0.000000 0.086829 0.753826 -0.651311 20.000000 -0.045775 0.656109 0.753277 -0.000000 0.000000 0.000000 0.000000 1.000000
0.995201 -0.036249 0.090890 0.000000 0.086910 0.754258 -0.650801 20.000000 -0.044963 0.655577 0.753789 0.000000 0.000000 0.000000 0.000000 1.000000
0.995208 -0.036410 0.090753 -0.000000 0.086877 0.755187 -0.649727 20.000000 -0.044879 0.654497 0.754731 0.000000 0.000000 0.000000 0.000000 1.000000
0.995195 -0.036166 0.090984 0.000000 0.086715 0.757048 -0.647579 20.000000 -0.045459 0.652357 0.756547 0.000000 0.000000 0.000000 0.000000 1.000000
0.995202 -0.036327 0.090851 0.000000 0.086652 0.758467 -0.645925 20.000000 -0.045444 0.650698 0.757975 -0.000000 0.000000 0.000000 0.000000 1.000000
0.995261 -0.037656 0.089655 0.000000 0.086796 0.759723 -0.644428 20.000000 -0.043846 0.649155 0.759391 0.000000 0.000000 0.000000 0.000000 1.000000
0.995186 -0.035997 0.091153 0.000000 0.086563 0.758963 -0.645354 20.000000 -0.045951 0.650138 0.758426 0.000000 0.000000 0.000000 0.000000 1.000000
0.995220 -0.036729 0.090494 0.000000 0.086649 0.759541 -0.644662 20.000000 -0.045056 0.649421 0.759093 -0.000000 0.000000 0.000000 0.000000 1.000000
0.995257 -0.037579 0.089728 0.000000 0.086758 0.760115 -0.643970 20.000000 -0.044003 0.648700 0.759771 -0.000000 0.000000 0.000000 0.000000 1.000000
0.995274 -0.037946 0.089389 0.000000 0.086884 0.759110 -0.645138 20.000000 -0.043376 0.649856 0.758819 0.000000 0.000000 0.000000 0.000000 1.000000
0.995321 -0.039066 0.088374 0.000000 0.087091 0.758846 -0.645421 20.000000 -0.041848 0.650098 0.758697 0.000000 0.000000 0.000000 0.000000 1.000000
0.995332 -0.039335 0.088131 0.000000 0.087145 0.758722 -0.645559 20.000000 -0.041474 0.650226 0.758608 0.000000 0.000000 0.000000 0.000000 1.000000
0.995333 -0.039367 0.088103 0.000000 0.087189 0.758123 -0.646257 20.000000 -0.041351 0.650923 0.758017 0.000000 0.000000 0.000000 0.000000 1.000000
0.995385 -0.040687 0.086906 0.000000 0.087415 0.758041 -0.646322 20.000000 -0.039581 0.650937 0.758099 0.000000 0.000000 0.000000 0.000000 1.000000
0.995369 -0.040269 0.087283 0.000000 0.087376 0.757516 -0.646942 20.000000 -0.040067 0.651573 0.757527 0.000000 0.000000 0.000000 0.000000 1.000000
0.995379 -0.040532 0.087046 0.000000 0.087398 0.757880 -0.646513 20.000000 -0.039766 0.651134 0.757920 -0.000000 0.000000 0.000000 0.000000 1.000000
0.995380 -0.040558 0.087023 0.000000 0.087401 0.757920 -0.646466 20.000000 -0.039737 0.651086 0.757963 0.000000 0.000000 0.000000 0.000000 1.000000
0.995365 -0.040161 0.087381 0.000000 0.087319 0.758154 -0.646203 20.000000 -0.040297 0.650838 0.758146 0.000000 0.000000 0.000000 0.000000 1.000000
0.995386 -0.040692 0.086900 0.000000 0.087401 0.758271 -0.646054 20.000000 -0.039605 0.650668 0.758329 -0.000000 0.000000 0.000000 0.000000 1.000000
0.995372 -0.040351 0.087211 0.000000 0.087316 0.758738 -0.645517 20.000000 -0.040123 0.650145 0.758750 0.000000 0.000000 0.000000 0.000000 1.000000
0.995379 -0.040524 0.087054 0.000000 0.087346 0.758731 -0.645522 20.000000 -0.039891 0.650143 0.758764 0.000000 0.000000 0.000000 0.000000 1.000000
0.995370 -0.040297 0.087258 0.000000 0.087322 0.758482 -0.645817 20.000000 -0.040159 0.650447 0.758489 0.000000 0.000000 0.000000 0.000000 1.000000
0.995358 -0.039982 0.087543 -0.000000 0.087270 0.758453 -0.645859 20.000000 -0.040574 0.650501 0.758421 0.000000 0.000000 0.000000 0.000000 1.000000
0.995336 -0.039416 0.088053 0.000000 0.087164 0.758600 -0.645700 20.000000 -0.041346 0.650363 0.758497 -0.000000 0.000000 0.000000 0.000000 1.000000
0.995306 -0.038695 0.088702 -0.000000 0.087032 0.758705 -0.645594 20.000000 -0.042318 0.650284 0.758512 -0.000000 0.000000 0.000000 0.000000 1.000000
0.995337 -0.039446 0.088025 0.000000 0.087161 0.758715 -0.645566 20.000000 -0.041321 0.650228 0.758615 0.000000 0.000000 0.000000 0.000000 1.000000
0.995286 -0.038222 0.089129 -0.000000 0.086933 0.758981 -0.645283 20.000000 -0.042983 0.649990 0.758726 0.000000 0.000000 0.000000 0.000000 1.000000
0.995227 -0.036867 0.090350 0.000000 0.086755 0.758170 -0.646260 20.000000 -0.044675 0.651014 0.757750 -0.000000 0.000000 0.000000 0.000000 1.000000
0.995259 -0.037576 0.089708 0.000000 0.086855 0.758464 -0.645901 20.000000 -0.043770 0.650630 0.758132 0.000000 0.000000 0.000000 0.000000 1.000000
0.995189 -0.036005 0.091121 0.000000 0.086621 0.757934 -0.646554 20.000000 -0.045784 0.651336 0.757407 -0.000000 0.000000 0.000000 0.000000 1.000000
0.995184 -0.035903 0.091213 0.000000 0.086642 0.757387 -0.647192 20.000000 -0.045847 0.651978 0.756851 0.000000 0.000000 0.000000 0.000000 1.000000
0.995179 -0.035790 0.091309 -0.000000 0.086698 0.756270 -0.648490 20.000000 -0.045844 0.653280 0.755727 0.000000 0.000000 0.000000 0.000000 1.000000
0.995183 -0.035876 0.091231 0.000000 0.086714 0.756235 -0.648529 20.000000 -0.045725 0.653316 0.755703 0.000000 0.000000 0.000000 0.000000 1.000000
0.995184 -0.035900 0.091210 0.000000 0.086716 0.756275 -0.648482 20.000000 -0.045700 0.653269 0.755746 -0.000000 0.000000 0.000000 0.000000 1.000000
0.995171 -0.035595 0.091478 0.000000 0.086690 0.755851 -0.648979 20.000000 -0.046043 0.653775 0.755287 -0.000000 0.000000 0.000000 0.000000 1.000000
0.995154 -0.035237 0.091802 0.000000 0.086625 0.755948 -0.648875 20.000000 -0.046534 0.653682 0.755337 0.000000 0.000000 0.000000 0.000000 1.000000
0.995126 -0.034652 0.092327 0.000000 0.086555 0.755553 -0.649344 20.000000 -0.047257 0.654170 0.754870 0.000000 0.000000 0.000000 0.000000 1.000000
0.995172 -0.035614 0.091459 0.000000 0.086749 0.755049 -0.649904 20.000000 -0.045910 0.654700 0.754493 -0.000000 0.000000 0.000000 0.000000 1.000000
0.995138 -0.034900 0.092099 0.000000 0.086634 0.754984 -0.649995 20.000000 -0.046849 0.654814 0.754337 0.000000 0.000000 0.000000 0.000000 1.000000
0.995127 -0.034663 0.092311 0.000000 0.086611 0.754743 -0.650278 20.000000 -0.047131 0.655104 0.754067 -0.000000 0.000000 0.000000 0.000000 1.000000
0.995176 -0.035701 0.091378 0.000000 0.086826 0.754113 -0.650980 20.000000 -0.045669 0.655773 0.753575 -0.000000 0.000000 0.000000 0.000000 1.000000
0.995180 -0.035783 0.091304 -0.000000 0.086842 0.754088 -0.651007 20.000000 -0.045556 0.655798 0.753561 -0.000000 0.000000 0.000000 0.000000 1.000000
0.995162 -0.035391 0.091652 0.000000 0.086816 0.753494 -0.651698 20.000000 -0.045995 0.656502 0.752921 0.000000 0.000000 0.000000 0.000000 1.000000
0.995182 -0.035820 0.091265 0.000000 0.086964 0.752351 -0.652997 20.000000 -0.045273 0.657788 0.751841 -0.000000 0.000000 0.000000 0.000000 1.000000
0.995230 -0.036880 0.090315 0.000000 0.087193 0.751492 -0.653956 20.000000 -0.043753 0.658711 0.751123 -0.000000 0.000000 0.000000 0.000000 1.000000
0.995163 -0.035408 0.091633 0.000000 0.086851 0.753008 -0.652255 20.000000 -0.045905 0.657059 0.752441 0.000000 0.000000 0.000000 0.000000 1.000000
0.995163 -0.035413 0.091632 0.000000 0.086856 0.752970 -0.652298 20.000000 -0.045896 0.657102 0.752403 0.000000 0.000000 0.000000 0.000000 1.000000
0.995182 -0.035823 0.091264 0.000000 0.086928 0.752904 -0.652364 20.000000 -0.045343 0.657155 0.752391 0.000000 0.000000 0.000000 0.000000 1.000000
0.995244 -0.037208 0.090025 -0.000000 0.087211 0.752058 -0.653302 20.000000 -0.043396 0.658046 0.751726 -0.000000 0.000000 0.000000 0.000000 1.000000
0.995253 -0.037419 0.089838 0.000000 0.087234 0.752247 -0.653081 20.000000 -0.043142 0.657818 0.751940 0.000000 0.000000 0.000000 0.000000 1.000000
0.995242 -0.037171 0.090060 0.000000 0.087156 0.752816 -0.652436 20.000000 -0.043547 0.657181 0.752474 0.000000 0.000000 0.000000 0.000000 1.000000
0.995225 -0.036787 0.090406 0.000000 0.087054 0.753413 -0.651759 20.000000 -0.044137 0.656518 0.753018 0.000000 0.000000 0.000000 0.000000 1.000000
0.995216 -0.036586 0.090585 0.000000 0.087002 0.753689 -0.651447 20.000000 -0.044439 0.656212 0.753267 -0.000000 0.000000 0.000000 0.000000 1.000000</float_array>
        <technique_common>
          <accessor source="#mixamorig_RightToeBase-Matrix-animation-output-transform-array" count="56" stride="16">
            <param type="float4x4"/>
          </accessor>
        </technique_common>
      </source>
      <source id="mixamorig_RightToeBase-Interpolations">
        <Name_array id="mixamorig_RightToeBase-Interpolations-array" count="56">
 LINEAR LINEAR LINEAR LINEAR LINEAR LINEAR LINEAR LINEAR LINEAR LINEAR LINEAR
LINEAR LINEAR LINEAR LINEAR LINEAR LINEAR LINEAR LINEAR LINEAR LINEAR LINEAR LINEAR
LINEAR LINEAR LINEAR LINEAR LINEAR LINEAR LINEAR LINEAR LINEAR LINEAR LINEAR LINEAR
LINEAR LINEAR LINEAR LINEAR LINEAR LINEAR LINEAR LINEAR LINEAR LINEAR LINEAR LINEAR
LINEAR LINEAR LINEAR LINEAR LINEAR LINEAR LINEAR LINEAR LINEAR</Name_array>
        <technique_common>
          <accessor source="#mixamorig_RightToeBase-Interpolations-array" count="56">
            <param type="name"/>
          </accessor>
        </technique_common>
      </source>
      <sampler id="mixamorig_RightToeBase-Matrix-animation-transform">
        <input semantic="INPUT" source="#mixamorig_RightToeBase-Matrix-animation-input"/>
        <input semantic="OUTPUT" source="#mixamorig_RightToeBase-Matrix-animation-output-transform"/>
        <input semantic="INTERPOLATION" source="#mixamorig_RightToeBase-Interpolations"/>
      </sampler>
      <channel source="#mixamorig_RightToeBase-Matrix-animation-transform" target="mixamorig_RightToeBase/matrix"/>
    </animation>
    <animation id="mixamorig_LeftUpLeg-anim" name="mixamorig_LeftUpLeg">
      <source id="mixamorig_LeftUpLeg-Matrix-animation-input">
        <float_array id="mixamorig_LeftUpLeg-Matrix-animation-input-array" count="56">

0.000000 0.033333 0.066667 0.100000 0.133333 0.166667 0.200000 0.233333 0.266667 0.300000 0.333333 0.366667 0.400000 0.433333 0.466667 0.500000
0.533333 0.566667 0.600000 0.633333 0.666667 0.700000 0.733333 0.766667 0.800000 0.833333 0.866667 0.900000 0.933333 0.966667 1.000000 1.033333
1.066667 1.100000 1.133333 1.166667 1.200000 1.233333 1.266667 1.300000 1.333333 1.366667 1.400000 1.433333 1.466667 1.500000 1.533333 1.566667
1.600000 1.633333 1.666667 1.700000 1.733333 1.766667 1.800000 1.833333</float_array>
        <technique_common>
          <accessor source="#mixamorig_LeftUpLeg-Matrix-animation-input-array" count="56">
            <param name="TIME" type="float"/>
          </accessor>
        </technique_common>
      </source>
      <source id="mixamorig_LeftUpLeg-Matrix-animation-output-transform">
        <float_array id="mixamorig_LeftUpLeg-Matrix-animation-output-transform-array" count="896">

-0.676349 0.702233 0.222306 9.618300 0.041506 -0.264994 0.963356 -5.272300 0.735411 0.660792 0.150082 -1.010900 0.000000 0.000000 0.000000 1.000000
-0.675792 0.702738 0.222406 9.618300 0.040132 -0.266207 0.963080 -5.272300 0.735999 0.659768 0.151698 -1.010900 0.000000 0.000000 0.000000 1.000000
-0.674553 0.703860 0.222620 9.618300 0.037121 -0.268839 0.962469 -5.272300 0.737293 0.657500 0.155218 -1.010900 0.000000 0.000000 0.000000 1.000000
-0.673167 0.704919 0.223461 9.618300 0.033931 -0.272421 0.961580 -5.272300 0.738711 0.654886 0.159466 -1.010900 0.000000 0.000000 0.000000 1.000000
-0.671636 0.705579 0.225971 9.618300 0.030884 -0.278074 0.960063 -5.272300 0.740237 0.651792 0.164973 -1.010900 0.000000 0.000000 0.000000 1.000000
-0.670217 0.705722 0.229707 9.618300 0.028428 -0.284871 0.958144 -5.272300 0.741620 0.648695 0.170863 -1.010900 0.000000 0.000000 0.000000 1.000000
-0.668458 0.705826 0.234466 9.618300 0.025424 -0.293380 0.955658 -5.272300 0.743316 0.644778 0.178167 -1.010900 0.000000 0.000000 0.000000 1.000000
-0.666470 0.705995 0.239560 9.618300 0.021975 -0.302586 0.952869 -5.272300 0.745208 0.640323 0.186150 -1.010900 0.000000 0.000000 0.000000 1.000000
-0.664521 0.705925 0.245115 9.618300 0.018676 -0.312223 0.949825 -5.272300 0.747036 0.635757 0.194295 -1.010900 0.000000 0.000000 0.000000 1.000000
-0.663144 0.705004 0.251413 9.618300 0.016785 -0.321801 0.946658 -5.272300 0.748303 0.631991 0.201567 -1.010900 0.000000 0.000000 0.000000 1.000000
-0.662409 0.703440 0.257655 9.618300 0.016315 -0.330305 0.943733 -5.272300 0.748965 0.629341 0.207320 -1.010900 0.000000 0.000000 0.000000 1.000000
-0.662394 0.701278 0.263522 9.618300 0.017458 -0.337213 0.941267 -5.272300 0.748952 0.628090 0.211125 -1.010900 0.000000 0.000000 0.000000 1.000000
-0.662017 0.700038 0.267731 9.618300 0.017430 -0.342741 0.939268 -5.272300 0.749286 0.626479 0.214698 -1.010900 0.000000 0.000000 0.000000 1.000000
-0.662010 0.698749 0.271097 9.618300 0.018091 -0.346703 0.937800 -5.272300 0.749277 0.625738 0.216880 -1.010900 0.000000 0.000000 0.000000 1.000000
-0.661909 0.697626 0.274215 9.618300 0.018428 -0.350567 0.936356 -5.272300 0.749357 0.624836 0.219187 -1.010900 0.000000 0.000000 0.000000 1.000000
-0.661683 0.696709 0.277076 9.618300 0.018379 -0.354360 0.934929 -5.272300 0.749558 0.623719 0.221669 -1.010900 0.000000 0.000000 0.000000 1.000000
-0.661242 0.696128 0.279579 9.618300 0.017731 -0.358078 0.933523 -5.272300 0.749963 0.622242 0.224433 -1.010900 0.000000 0.000000 0.000000 1.000000
-0.660995 0.695295 0.282225 9.618300 0.017574 -0.361657 0.932146 -5.272300 0.750185 0.621103 0.226835 -1.010900 0.000000 0.000000 0.000000 1.000000
-0.661197 0.694092 0.284703 9.618300 0.018483 -0.364310 0.931094 -5.272300 0.749985 0.620898 0.228052 -1.010900 0.000000 0.000000 0.000000 1.000000
-0.661812 0.692157 0.287965 9.618300 0.020412 -0.367343 0.929862 -5.272300 0.749392 0.621271 0.228984 -1.010900 0.000000 0.000000 0.000000 1.000000
-0.662525 0.690155 0.291113 9.618300 0.022547 -0.370098 0.928719 -5.272300 0.748700 0.621864 0.229638 -1.010900 0.000000 0.000000 0.000000 1.000000
-0.663132 0.688641 0.293308 9.618300 0.024315 -0.371833 0.927981 -5.272300 0.748108 0.622505 0.229830 -1.010900 0.000000 0.000000 0.000000 1.000000
-0.663894 0.686985 0.295458 9.618300 0.026402 -0.373310 0.927331 -5.272300 0.747360 0.623451 0.229701 -1.010900 0.000000 0.000000 0.000000 1.000000
-0.664655 0.685700 0.296731 9.618300 0.028320 -0.373744 0.927100 -5.272300 0.746613 0.624605 0.228992 -1.010900 0.000000 0.000000 0.000000 1.000000
-0.665266 0.684806 0.297425 9.618300 0.029762 -0.373728 0.927061 -5.272300 0.746013 0.625594 0.228247 -1.010900 0.000000 0.000000 0.000000 1.000000
-0.665821 0.684098 0.297813 9.618300 0.031001 -0.373443 0.927135 -5.272300 0.745467 0.626539 0.227439 -1.010900 0.000000 0.000000 0.000000 1.000000
-0.666058 0.684018 0.297466 9.618300 0.031375 -0.372755 0.927399 -5.272300 0.745240 0.627034 0.226815 -1.010900 0.000000 0.000000 0.000000 1.000000
-0.666284 0.683995 0.297012 9.618300 0.031700 -0.371959 0.927708 -5.272300 0.745024 0.627532 0.226148 -1.010900 0.000000 0.000000 0.000000 1.000000
-0.666445 0.684336 0.295866 9.618300 0.031756 -0.370424 0.928320 -5.272300 0.744878 0.628069 0.225135 -1.010900 0.000000 0.000000 0.000000 1.000000
-0.666730 0.684902 0.293904 9.618300 0.031988 -0.367683 0.929401 -5.272300 0.744612 0.629061 0.223236 -1.010900 0.000000 0.000000 0.000000 1.000000
-0.667505 0.685099 0.291678 9.618300 0.033353 -0.363818 0.930873 -5.272300 0.743858 0.631090 0.220001 -1.010900 0.000000 0.000000 0.000000 1.000000
-0.669096 0.684543 0.289329 9.618300 0.036643 -0.358453 0.932828 -5.272300 0.742272 0.634753 0.214756 -1.010900 0.000000 0.000000 0.000000 1.000000
-0.670579 0.684273 0.286521 9.618300 0.039589 -0.352672 0.934909 -5.272300 0.740781 0.638273 0.209405 -1.010900 0.000000 0.000000 0.000000 1.000000
-0.671702 0.684203 0.284047 9.618300 0.041763 -0.347839 0.936624 -5.272300 0.739643 0.640995 0.205070 -1.010900 0.000000 0.000000 0.000000 1.000000
-0.672779 0.684194 0.281509 9.618300 0.043881 -0.342927 0.938337 -5.272300 0.738541 0.643646 0.200691 -1.010900 0.000000 0.000000 0.000000 1.000000
-0.673279 0.684698 0.279076 9.618300 0.044628 -0.339121 0.939683 -5.272300 0.738040 0.645124 0.197766 -1.010900 0.000000 0.000000 0.000000 1.000000
-0.673746 0.684813 0.277666 9.618300 0.045507 -0.336587 0.940552 -5.272300 0.737561 0.646329 0.195611 -1.010900 0.000000 0.000000 0.000000 1.000000
-0.673831 0.685629 0.275436 9.618300 0.045336 -0.333705 0.941587 -5.272300 0.737494 0.646957 0.193777 -1.010900 0.000000 0.000000 0.000000 1.000000
-0.674201 0.685993 0.273616 9.618300 0.045904 -0.330839 0.942570 -5.272300 0.737120 0.648042 0.191563 -1.010900 0.000000 0.000000 0.000000 1.000000
-0.674633 0.686201 0.272025 9.618300 0.046663 -0.328139 0.943476 -5.272300 0.736677 0.649194 0.189353 -1.010900 0.000000 0.000000 0.000000 1.000000
-0.674168 0.688239 0.268002 9.618300 0.044788 -0.324098 0.944963 -5.272300 0.737219 0.649067 0.187672 -1.010900 0.000000 0.000000 0.000000 1.000000
-0.674670 0.688450 0.266189 9.618300 0.045632 -0.321038 0.945966 -5.272300 0.736707 0.650362 0.185180 -1.010900 0.000000 0.000000 0.000000 1.000000
-0.674590 0.690010 0.262326 9.618300 0.044675 -0.316550 0.947523 -5.272300 0.736840 0.650909 0.182715 -1.010900 0.000000 0.000000 0.000000 1.000000
-0.674564 0.691717 0.257860 9.618300 0.043798 -0.311185 0.949339 -5.272300 0.736916 0.651684 0.179618 -1.010900 0.000000 0.000000 0.000000 1.000000
-0.674754 0.693058 0.253727 9.618300 0.043498 -0.305841 0.951088 -5.272300 0.736760 0.652787 0.176221 -1.010900 0.000000 0.000000 0.000000 1.000000
-0.674974 0.694598 0.248887 9.618300 0.043122 -0.299605 0.953088 -5.272300 0.736581 0.654042 0.172273 -1.010900 0.000000 0.000000 0.000000 1.000000
-0.675169 0.696137 0.244007 9.618300 0.042693 -0.293353 0.955050 -5.272300 0.736426 0.655238 0.168343 -1.010900 0.000000 0.000000 0.000000 1.000000
-0.675141 0.697840 0.239175 9.618300 0.041753 -0.287554 0.956854 -5.272300 0.736506 0.655997 0.165003 -1.010900 0.000000 0.000000 0.000000 1.000000
-0.674753 0.699707 0.234773 9.618300 0.040006 -0.282959 0.958297 -5.272300 0.736959 0.656006 0.162935 -1.010900 0.000000 0.000000 0.000000 1.000000
-0.674413 0.701422 0.230596 9.618300 0.038437 -0.278534 0.959657 -5.272300 0.737353 0.656069 0.160886 -1.010900 0.000000 0.000000 0.000000 1.000000
-0.674734 0.701982 0.227937 9.618300 0.038752 -0.274711 0.960746 -5.272300 0.737043 0.657081 0.158154 -1.010900 0.000000 0.000000 0.000000 1.000000
-0.675118 0.702240 0.225996 9.618300 0.039333 -0.271647 0.961593 -5.272300 0.736660 0.658078 0.155772 -1.010900 0.000000 0.000000 0.000000 1.000000
-0.675539 0.702300 0.224546 9.618300 0.040054 -0.269137 0.962269 -5.272300 0.736235 0.659044 0.153683 -1.010900 0.000000 0.000000 0.000000 1.000000
-0.675944 0.702283 0.223380 9.618300 0.040775 -0.267009 0.962831 -5.272300 0.735824 0.659928 0.151848 -1.010900 0.000000 0.000000 0.000000 1.000000
-0.676243 0.702242 0.222603 9.618300 0.041319 -0.265538 0.963214 -5.272300 0.735519 0.660565 0.150552 -1.010900 0.000000 0.000000 0.000000 1.000000
-0.676350 0.702233 0.222305 9.618300 0.041505 -0.264992 0.963357 -5.272300 0.735410 0.660793 0.150081 -1.010900 0.000000 0.000000 0.000000 1.000000</float_array>
        <technique_common>
          <accessor source="#mixamorig_LeftUpLeg-Matrix-animation-output-transform-array" count="56" stride="16">
            <param type="float4x4"/>
          </accessor>
        </technique_common>
      </source>
      <source id="mixamorig_LeftUpLeg-Interpolations">
        <Name_array id="mixamorig_LeftUpLeg-Interpolations-array" count="56">
 LINEAR LINEAR LINEAR LINEAR LINEAR LINEAR LINEAR LINEAR LINEAR LINEAR LINEAR
LINEAR LINEAR LINEAR LINEAR LINEAR LINEAR LINEAR LINEAR LINEAR LINEAR LINEAR LINEAR
LINEAR LINEAR LINEAR LINEAR LINEAR LINEAR LINEAR LINEAR LINEAR LINEAR LINEAR LINEAR
LINEAR LINEAR LINEAR LINEAR LINEAR LINEAR LINEAR LINEAR LINEAR LINEAR LINEAR LINEAR
LINEAR LINEAR LINEAR LINEAR LINEAR LINEAR LINEAR LINEAR LINEAR</Name_array>
        <technique_common>
          <accessor source="#mixamorig_LeftUpLeg-Interpolations-array" count="56">
            <param type="name"/>
          </accessor>
        </technique_common>
      </source>
      <sampler id="mixamorig_LeftUpLeg-Matrix-animation-transform">
        <input semantic="INPUT" source="#mixamorig_LeftUpLeg-Matrix-animation-input"/>
        <input semantic="OUTPUT" source="#mixamorig_LeftUpLeg-Matrix-animation-output-transform"/>
        <input semantic="INTERPOLATION" source="#mixamorig_LeftUpLeg-Interpolations"/>
      </sampler>
      <channel source="#mixamorig_LeftUpLeg-Matrix-animation-transform" target="mixamorig_LeftUpLeg/matrix"/>
    </animation>
    <animation id="mixamorig_LeftLeg-anim" name="mixamorig_LeftLeg">
      <source id="mixamorig_LeftLeg-Matrix-animation-input">
        <float_array id="mixamorig_LeftLeg-Matrix-animation-input-array" count="56">

0.000000 0.033333 0.066667 0.100000 0.133333 0.166667 0.200000 0.233333 0.266667 0.300000 0.333333 0.366667 0.400000 0.433333 0.466667 0.500000
0.533333 0.566667 0.600000 0.633333 0.666667 0.700000 0.733333 0.766667 0.800000 0.833333 0.866667 0.900000 0.933333 0.966667 1.000000 1.033333
1.066667 1.100000 1.133333 1.166667 1.200000 1.233333 1.266667 1.300000 1.333333 1.366667 1.400000 1.433333 1.466667 1.500000 1.533333 1.566667
1.600000 1.633333 1.666667 1.700000 1.733333 1.766667 1.800000 1.833333</float_array>
        <technique_common>
          <accessor source="#mixamorig_LeftLeg-Matrix-animation-input-array" count="56">
            <param name="TIME" type="float"/>
          </accessor>
        </technique_common>
      </source>
      <source id="mixamorig_LeftLeg-Matrix-animation-output-transform">
        <float_array id="mixamorig_LeftLeg-Matrix-animation-output-transform-array" count="896">

0.946865 -0.106977 0.303319 0.000000 -0.284168 0.163469 0.944736 43.365002 -0.150649 -0.980731 0.124384 -0.000000 0.000000 0.000000 0.000000 1.000000
0.946798 -0.107062 0.303500 0.000000 -0.284319 0.163592 0.944670 43.365002 -0.150788 -0.980702 0.124449 0.000000 0.000000 0.000000 0.000000 1.000000
0.946740 -0.106978 0.303708 0.000000 -0.284428 0.164301 0.944514 43.365002 -0.150942 -0.980592 0.125123 -0.000000 0.000000 0.000000 0.000000 1.000000
0.946808 -0.106490 0.303668 0.000000 -0.284154 0.166230 0.944259 43.365002 -0.151033 -0.980320 0.127129 0.000000 0.000000 0.000000 0.000000 1.000000
0.947183 -0.104996 0.303018 -0.000000 -0.282909 0.171384 0.943711 43.365002 -0.151018 -0.979593 0.132628 0.000000 0.000000 0.000000 0.000000 1.000000
0.947724 -0.102946 0.302029 0.000000 -0.281108 0.178517 0.942926 43.365002 -0.150988 -0.978536 0.140246 -0.000000 0.000000 0.000000 0.000000 1.000000
0.948414 -0.100351 0.300732 0.000000 -0.278874 0.187123 0.941921 43.365002 -0.150797 -0.977197 0.149485 0.000000 0.000000 0.000000 0.000000 1.000000
0.949179 -0.097492 0.299258 0.000000 -0.276455 0.196229 0.940780 43.365002 -0.150442 -0.975700 0.159304 0.000000 0.000000 0.000000 0.000000 1.000000
0.949870 -0.094767 0.297937 0.000000 -0.274131 0.205767 0.939421 43.365002 -0.150332 -0.974002 0.169473 -0.000000 0.000000 0.000000 0.000000 1.000000
0.950432 -0.092417 0.296881 -0.000000 -0.272060 0.215105 0.937930 43.365002 -0.150541 -0.972208 0.179299 -0.000000 0.000000 0.000000 0.000000 1.000000
0.950908 -0.090416 0.295972 -0.000000 -0.270248 0.223410 0.936512 43.365002 -0.150799 -0.970522 0.188007 0.000000 0.000000 0.000000 0.000000 1.000000
0.951487 -0.088353 0.294732 0.000000 -0.268346 0.230388 0.935367 43.365002 -0.150545 -0.969080 0.195502 0.000000 0.000000 0.000000 0.000000 1.000000
0.951946 -0.086691 0.293741 0.000000 -0.266873 0.235754 0.934451 43.365002 -0.150259 -0.967938 0.201289 0.000000 0.000000 0.000000 0.000000 1.000000
0.952375 -0.085297 0.292758 0.000000 -0.265620 0.239469 0.933863 43.365002 -0.149762 -0.967150 0.205408 0.000000 0.000000 0.000000 0.000000 1.000000
0.952721 -0.084200 0.291945 0.000000 -0.264675 0.241916 0.933501 43.365002 -0.149227 -0.966637 0.208193 0.000000 0.000000 0.000000 0.000000 1.000000
0.952993 -0.083384 0.291291 0.000000 -0.264000 0.243259 0.933343 43.365002 -0.148685 -0.966371 0.209811 -0.000000 0.000000 0.000000 0.000000 1.000000
0.953181 -0.082825 0.290837 0.000000 -0.263545 0.244103 0.933251 43.365002 -0.148291 -0.966206 0.210846 -0.000000 0.000000 0.000000 0.000000 1.000000
0.953375 -0.082186 0.290383 0.000000 -0.263069 0.245202 0.933097 43.365002 -0.147890 -0.965982 0.212149 0.000000 0.000000 0.000000 0.000000 1.000000
0.953592 -0.081444 0.289878 0.000000 -0.262471 0.246930 0.932810 43.365002 -0.147551 -0.965605 0.214094 -0.000000 0.000000 0.000000 0.000000 1.000000
0.953541 -0.081368 0.290067 0.000000 -0.262309 0.249303 0.932224 43.365002 -0.148168 -0.965001 0.216377 0.000000 0.000000 0.000000 0.000000 1.000000
0.953386 -0.081527 0.290531 0.000000 -0.262276 0.252232 0.931445 43.365002 -0.149220 -0.964226 0.219092 0.000000 0.000000 0.000000 0.000000 1.000000
0.953241 -0.081615 0.290983 -0.000000 -0.262199 0.255441 0.930592 43.365002 -0.150279 -0.963374 0.222098 0.000000 0.000000 0.000000 0.000000 1.000000
0.952957 -0.082084 0.291778 0.000000 -0.262338 0.258819 0.929619 43.365002 -0.151825 -0.962432 0.225110 0.000000 0.000000 0.000000 0.000000 1.000000
0.952553 -0.082909 0.292863 0.000000 -0.262744 0.261742 0.928686 43.365002 -0.153651 -0.961570 0.227540 -0.000000 0.000000 0.000000 0.000000 1.000000
0.952075 -0.083982 0.294109 0.000000 -0.263368 0.263865 0.927908 43.365002 -0.155532 -0.960897 0.229101 0.000000 0.000000 0.000000 0.000000 1.000000
0.951541 -0.085312 0.295450 0.000000 -0.264214 0.264795 0.927402 43.365002 -0.157352 -0.960523 0.229423 -0.000000 0.000000 0.000000 0.000000 1.000000
0.951032 -0.086641 0.296702 0.000000 -0.265167 0.264543 0.927202 43.365002 -0.158824 -0.960474 0.228614 0.000000 0.000000 0.000000 0.000000 1.000000
0.950530 -0.088064 0.297889 0.000000 -0.266255 0.262983 0.927334 43.365002 -0.160004 -0.960773 0.226525 -0.000000 0.000000 0.000000 0.000000 1.000000
0.950044 -0.089571 0.298987 -0.000000 -0.267452 0.260174 0.927782 43.365002 -0.160891 -0.961398 0.223221 -0.000000 0.000000 0.000000 0.000000 1.000000
0.949632 -0.091029 0.299855 0.000000 -0.268676 0.255968 0.928597 43.365002 -0.161282 -0.962390 0.218618 0.000000 0.000000 0.000000 0.000000 1.000000
0.949293 -0.092400 0.300507 0.000000 -0.269838 0.251050 0.929603 43.365002 -0.161338 -0.963554 0.213388 0.000000 0.000000 0.000000 0.000000 1.000000
0.948903 -0.093998 0.301244 0.000000 -0.271087 0.245862 0.930625 43.365002 -0.161541 -0.964736 0.207817 0.000000 0.000000 0.000000 0.000000 1.000000
0.948371 -0.095968 0.302295 0.000000 -0.272675 0.240091 0.931668 43.365002 -0.161989 -0.965995 0.201528 -0.000000 0.000000 0.000000 0.000000 1.000000
0.947881 -0.097747 0.303260 -0.000000 -0.274254 0.234195 0.932704 43.365002 -0.162191 -0.967263 0.195182 0.000000 0.000000 0.000000 0.000000 1.000000
0.947520 -0.099189 0.303919 -0.000000 -0.275646 0.228077 0.933809 43.365002 -0.161941 -0.968577 0.188767 0.000000 0.000000 0.000000 0.000000 1.000000
0.947171 -0.100501 0.304578 0.000000 -0.276992 0.222419 0.934776 43.365002 -0.161690 -0.969757 0.182831 0.000000 0.000000 0.000000 0.000000 1.000000
0.946893 -0.101598 0.305078 -0.000000 -0.278158 0.217171 0.935663 43.365002 -0.161316 -0.970832 0.177377 0.000000 0.000000 0.000000 0.000000 1.000000
0.946801 -0.102162 0.305174 0.000000 -0.278894 0.212699 0.936471 43.365002 -0.160582 -0.971762 0.172891 0.000000 0.000000 0.000000 0.000000 1.000000
0.946544 -0.103138 0.305643 0.000000 -0.279952 0.208070 0.937194 43.365002 -0.160256 -0.972661 0.168074 0.000000 0.000000 0.000000 0.000000 1.000000
0.946268 -0.104133 0.306158 0.000000 -0.280985 0.203873 0.937808 43.365002 -0.160074 -0.973443 0.163659 0.000000 0.000000 0.000000 0.000000 1.000000
0.946289 -0.104257 0.306053 0.000000 -0.281465 0.200183 0.938458 43.365002 -0.159107 -0.974196 0.160086 0.000000 0.000000 0.000000 0.000000 1.000000
0.945985 -0.105228 0.306658 0.000000 -0.282380 0.197297 0.938795 43.365002 -0.159291 -0.974680 0.156926 0.000000 0.000000 0.000000 0.000000 1.000000
0.945890 -0.105644 0.306809 0.000000 -0.282922 0.194492 0.939217 43.365002 -0.158894 -0.975199 0.154079 -0.000000 0.000000 0.000000 0.000000 1.000000
0.945996 -0.105599 0.306496 0.000000 -0.283035 0.191932 0.939709 43.365002 -0.158059 -0.975710 0.151679 0.000000 0.000000 0.000000 0.000000 1.000000
0.946062 -0.105699 0.306259 0.000000 -0.283182 0.189467 0.940165 43.365002 -0.157401 -0.976181 0.149316 0.000000 0.000000 0.000000 0.000000 1.000000
0.946140 -0.105864 0.305959 0.000000 -0.283323 0.186580 0.940700 43.365002 -0.156673 -0.976719 0.146537 0.000000 0.000000 0.000000 0.000000 1.000000
0.946244 -0.105983 0.305598 -0.000000 -0.283455 0.183397 0.941286 43.365002 -0.155806 -0.977309 0.143497 -0.000000 0.000000 0.000000 0.000000 1.000000
0.946426 -0.105938 0.305051 -0.000000 -0.283465 0.179946 0.941948 43.365002 -0.154681 -0.977955 0.140276 0.000000 0.000000 0.000000 0.000000 1.000000
0.946594 -0.105875 0.304549 0.000000 -0.283480 0.176738 0.942551 43.365002 -0.153618 -0.978547 0.137285 0.000000 0.000000 0.000000 0.000000 1.000000
0.946780 -0.105754 0.304011 -0.000000 -0.283420 0.173810 0.943114 43.365002 -0.152578 -0.979084 0.134587 0.000000 0.000000 0.000000 0.000000 1.000000
0.946937 -0.105746 0.303527 0.000000 -0.283332 0.171277 0.943603 43.365002 -0.151770 -0.979531 0.132227 0.000000 0.000000 0.000000 0.000000 1.000000
0.947035 -0.105830 0.303191 -0.000000 -0.283318 0.169130 0.943995 43.365002 -0.151182 -0.979895 0.130188 0.000000 0.000000 0.000000 0.000000 1.000000
0.947017 -0.106148 0.303137 0.000000 -0.283531 0.167122 0.944288 43.365002 -0.150896 -0.980205 0.128171 0.000000 0.000000 0.000000 0.000000 1.000000
0.946956 -0.106531 0.303193 0.000000 -0.283817 0.165301 0.944523 43.365002 -0.150739 -0.980473 0.126298 0.000000 0.000000 0.000000 0.000000 1.000000
0.946892 -0.106850 0.303279 0.000000 -0.284066 0.163980 0.944678 43.365002 -0.150671 -0.980660 0.124918 0.000000 0.000000 0.000000 0.000000 1.000000
0.946865 -0.106978 0.303318 -0.000000 -0.284168 0.163462 0.944737 43.365002 -0.150647 -0.980732 0.124377 -0.000000 0.000000 0.000000 0.000000 1.000000</float_array>
        <technique_common>
          <accessor source="#mixamorig_LeftLeg-Matrix-animation-output-transform-array" count="56" stride="16">
            <param type="float4x4"/>
          </accessor>
        </technique_common>
      </source>
      <source id="mixamorig_LeftLeg-Interpolations">
        <Name_array id="mixamorig_LeftLeg-Interpolations-array" count="56">
 LINEAR LINEAR LINEAR LINEAR LINEAR LINEAR LINEAR LINEAR LINEAR LINEAR LINEAR
LINEAR LINEAR LINEAR LINEAR LINEAR LINEAR LINEAR LINEAR LINEAR LINEAR LINEAR LINEAR
LINEAR LINEAR LINEAR LINEAR LINEAR LINEAR LINEAR LINEAR LINEAR LINEAR LINEAR LINEAR
LINEAR LINEAR LINEAR LINEAR LINEAR LINEAR LINEAR LINEAR LINEAR LINEAR LINEAR LINEAR
LINEAR LINEAR LINEAR LINEAR LINEAR LINEAR LINEAR LINEAR LINEAR</Name_array>
        <technique_common>
          <accessor source="#mixamorig_LeftLeg-Interpolations-array" count="56">
            <param type="name"/>
          </accessor>
        </technique_common>
      </source>
      <sampler id="mixamorig_LeftLeg-Matrix-animation-transform">
        <input semantic="INPUT" source="#mixamorig_LeftLeg-Matrix-animation-input"/>
        <input semantic="OUTPUT" source="#mixamorig_LeftLeg-Matrix-animation-output-transform"/>
        <input semantic="INTERPOLATION" source="#mixamorig_LeftLeg-Interpolations"/>
      </sampler>
      <channel source="#mixamorig_LeftLeg-Matrix-animation-transform" target="mixamorig_LeftLeg/matrix"/>
    </animation>
    <animation id="mixamorig_LeftFoot-anim" name="mixamorig_LeftFoot">
      <source id="mixamorig_LeftFoot-Matrix-animation-input">
        <float_array id="mixamorig_LeftFoot-Matrix-animation-input-array" count="56">

0.000000 0.033333 0.066667 0.100000 0.133333 0.166667 0.200000 0.233333 0.266667 0.300000 0.333333 0.366667 0.400000 0.433333 0.466667 0.500000
0.533333 0.566667 0.600000 0.633333 0.666667 0.700000 0.733333 0.766667 0.800000 0.833333 0.866667 0.900000 0.933333 0.966667 1.000000 1.033333
1.066667 1.100000 1.133333 1.166667 1.200000 1.233333 1.266667 1.300000 1.333333 1.366667 1.400000 1.433333 1.466667 1.500000 1.533333 1.566667
1.600000 1.633333 1.666667 1.700000 1.733333 1.766667 1.800000 1.833333</float_array>
        <technique_common>
          <accessor source="#mixamorig_LeftFoot-Matrix-animation-input-array" count="56">
            <param name="TIME" type="float"/>
          </accessor>
        </technique_common>
      </source>
      <source id="mixamorig_LeftFoot-Matrix-animation-output-transform">
        <float_array id="mixamorig_LeftFoot-Matrix-animation-output-transform-array" count="896">

0.988068 -0.061387 -0.141253 0.000000 -0.091645 0.502767 -0.859550 44.493000 0.123782 0.862240 0.491142 0.000000 0.000000 0.000000 0.000000 1.000000
0.988076 -0.061224 -0.141269 0.000000 -0.091757 0.502642 -0.859611 44.493000 0.123637 0.862324 0.491031 0.000000 0.000000 0.000000 0.000000 1.000000
0.988020 -0.060946 -0.141783 0.000000 -0.092398 0.502255 -0.859769 44.493000 0.123611 0.862569 0.490607 0.000000 0.000000 0.000000 0.000000 1.000000
0.987868 -0.060803 -0.142895 0.000000 -0.093510 0.501740 -0.859949 44.493000 0.123984 0.862879 0.489968 0.000000 0.000000 0.000000 0.000000 1.000000
0.987513 -0.061055 -0.145226 0.000000 -0.095511 0.501074 -0.860117 44.493000 0.125284 0.863248 0.488986 0.000000 0.000000 0.000000 0.000000 1.000000
0.987095 -0.061640 -0.147796 0.000000 -0.097555 0.500434 -0.860261 44.493000 0.126989 0.863577 0.487963 0.000000 0.000000 0.000000 0.000000 1.000000
0.986559 -0.062465 -0.150995 -0.000000 -0.100092 0.499404 -0.860568 44.493000 0.129163 0.864115 0.486439 0.000000 0.000000 0.000000 0.000000 1.000000
0.985971 -0.063505 -0.154364 0.000000 -0.102733 0.498006 -0.861067 44.493000 0.131557 0.864845 0.484495 0.000000 0.000000 0.000000 0.000000 1.000000
0.985462 -0.064601 -0.157136 0.000000 -0.104820 0.496700 -0.861570 44.493000 0.133708 0.865515 0.482707 0.000000 0.000000 0.000000 0.000000 1.000000
0.985107 -0.065766 -0.158868 0.000000 -0.105941 0.495587 -0.862073 44.493000 0.135428 0.866065 0.481239 0.000000 0.000000 0.000000 0.000000 1.000000
0.984867 -0.066898 -0.159878 0.000000 -0.106417 0.494685 -0.862533 44.493000 0.136791 0.866494 0.480080 0.000000 0.000000 0.000000 0.000000 1.000000
0.984605 -0.068268 -0.160910 0.000000 -0.106772 0.493963 -0.862902 44.493000 0.138392 0.866799 0.479070 0.000000 0.000000 0.000000 0.000000 1.000000
0.984393 -0.069456 -0.161697 0.000000 -0.107049 0.492952 -0.863446 44.493000 0.139681 0.867280 0.477823 0.000000 0.000000 0.000000 0.000000 1.000000
0.984219 -0.070645 -0.162239 0.000000 -0.107128 0.491860 -0.864059 44.493000 0.140840 0.867804 0.476530 -0.000000 0.000000 0.000000 0.000000 1.000000
0.984075 -0.071713 -0.162647 0.000000 -0.107207 0.490412 -0.864871 44.493000 0.141786 0.868535 0.474914 -0.000000 0.000000 0.000000 0.000000 1.000000
0.983965 -0.072663 -0.162889 0.000000 -0.107234 0.488764 -0.865800 44.493000 0.142526 0.869385 0.473135 0.000000 0.000000 0.000000 0.000000 1.000000
0.983897 -0.073404 -0.162970 -0.000000 -0.107187 0.487326 -0.866617 44.493000 0.143033 0.870129 0.471611 0.000000 0.000000 0.000000 0.000000 1.000000
0.983790 -0.074029 -0.163329 0.000000 -0.107409 0.486094 -0.867281 44.493000 0.143597 0.870766 0.470263 0.000000 0.000000 0.000000 0.000000 1.000000
0.983668 -0.074546 -0.163831 0.000000 -0.107685 0.485609 -0.867518 44.493000 0.144227 0.870992 0.469651 0.000000 0.000000 0.000000 0.000000 1.000000
0.983783 -0.074687 -0.163075 0.000000 -0.106914 0.485834 -0.867488 44.493000 0.144017 0.870855 0.469970 0.000000 0.000000 0.000000 0.000000 1.000000
0.983988 -0.074600 -0.161871 0.000000 -0.105749 0.486712 -0.867138 44.493000 0.143473 0.870372 0.471030 -0.000000 0.000000 0.000000 0.000000 1.000000
0.984145 -0.074364 -0.161023 0.000000 -0.104870 0.488201 -0.866408 44.493000 0.143041 0.869557 0.472662 0.000000 0.000000 0.000000 0.000000 1.000000
0.984434 -0.073904 -0.159464 -0.000000 -0.103383 0.490243 -0.865433 44.493000 0.142135 0.868447 0.474971 -0.000000 0.000000 0.000000 0.000000 1.000000
0.984787 -0.073175 -0.157605 0.000000 -0.101718 0.492604 -0.864289 44.493000 0.140882 0.867172 0.477667 0.000000 0.000000 0.000000 0.000000 1.000000
0.985163 -0.072306 -0.155643 0.000000 -0.100056 0.494838 -0.863206 44.493000 0.139433 0.865972 0.480262 -0.000000 0.000000 0.000000 0.000000 1.000000
0.985565 -0.071430 -0.153490 0.000000 -0.098317 0.496593 -0.862398 44.493000 0.137823 0.865040 0.482402 0.000000 0.000000 0.000000 0.000000 1.000000
0.985897 -0.070551 -0.151755 0.000000 -0.097046 0.497745 -0.861877 44.493000 0.136342 0.864449 0.483879 0.000000 0.000000 0.000000 0.000000 1.000000
0.986203 -0.069714 -0.150145 0.000000 -0.095952 0.498369 -0.861639 44.493000 0.134896 0.864158 0.484804 -0.000000 0.000000 0.000000 0.000000 1.000000
0.986483 -0.068865 -0.148690 -0.000000 -0.095023 0.498850 -0.861464 44.493000 0.133499 0.863948 0.485563 0.000000 0.000000 0.000000 0.000000 1.000000
0.986696 -0.068049 -0.147651 -0.000000 -0.094463 0.499190 -0.861328 44.493000 0.132318 0.863816 0.486121 -0.000000 0.000000 0.000000 0.000000 1.000000
0.986864 -0.067311 -0.146864 -0.000000 -0.094054 0.499750 -0.861048 44.493000 0.131353 0.863550 0.486855 0.000000 0.000000 0.000000 0.000000 1.000000
0.987129 -0.066517 -0.145437 0.000000 -0.093046 0.500763 -0.860569 44.493000 0.130072 0.863025 0.488129 0.000000 0.000000 0.000000 0.000000 1.000000
0.987473 -0.065603 -0.143505 0.000000 -0.091668 0.501741 -0.860147 44.493000 0.128431 0.862527 0.489442 0.000000 0.000000 0.000000 0.000000 1.000000
0.987728 -0.064738 -0.142134 0.000000 -0.090824 0.502270 -0.859928 44.493000 0.127060 0.862284 0.490227 0.000000 0.000000 0.000000 0.000000 1.000000
0.987891 -0.063972 -0.141347 0.000000 -0.090494 0.502430 -0.859869 44.493000 0.126024 0.862248 0.490557 -0.000000 0.000000 0.000000 0.000000 1.000000
0.988019 -0.063274 -0.140767 0.000000 -0.090351 0.502320 -0.859949 44.493000 0.125123 0.862364 0.490584 -0.000000 0.000000 0.000000 0.000000 1.000000
0.988125 -0.062740 -0.140258 0.000000 -0.090239 0.501860 -0.860229 44.493000 0.124360 0.862670 0.490239 0.000000 0.000000 0.000000 0.000000 1.000000
0.988108 -0.062325 -0.140562 0.000000 -0.090763 0.501484 -0.860393 44.493000 0.124114 0.862919 0.489863 0.000000 0.000000 0.000000 0.000000 1.000000
0.988204 -0.061884 -0.140080 0.000000 -0.090635 0.500971 -0.860705 44.493000 0.123440 0.863249 0.489453 0.000000 0.000000 0.000000 0.000000 1.000000
0.988323 -0.061509 -0.139406 0.000000 -0.090287 0.500588 -0.860964 44.493000 0.122742 0.863498 0.489189 0.000000 0.000000 0.000000 0.000000 1.000000
0.988158 -0.061042 -0.140773 0.000000 -0.091761 0.500222 -0.861021 44.493000 0.122977 0.863743 0.488698 -0.000000 0.000000 0.000000 0.000000 1.000000
0.988322 -0.060547 -0.139836 0.000000 -0.091141 0.500555 -0.860894 44.493000 0.122120 0.863585 0.489191 -0.000000 0.000000 0.000000 0.000000 1.000000
0.988301 -0.060079 -0.140183 0.000000 -0.091623 0.500918 -0.860631 44.493000 0.121926 0.863407 0.489553 0.000000 0.000000 0.000000 0.000000 1.000000
0.988170 -0.059855 -0.141198 0.000000 -0.092545 0.501430 -0.860235 44.493000 0.122290 0.863126 0.489958 0.000000 0.000000 0.000000 0.000000 1.000000
0.988114 -0.059668 -0.141673 0.000000 -0.092957 0.502096 -0.859801 44.493000 0.122436 0.862751 0.490582 0.000000 0.000000 0.000000 0.000000 1.000000
0.988086 -0.059601 -0.141894 0.000000 -0.093065 0.502918 -0.859309 44.493000 0.122577 0.862276 0.491380 0.000000 0.000000 0.000000 0.000000 1.000000
0.988022 -0.059646 -0.142322 -0.000000 -0.093332 0.503500 -0.858940 44.493000 0.122892 0.861934 0.491901 0.000000 0.000000 0.000000 0.000000 1.000000
0.987922 -0.059762 -0.142963 -0.000000 -0.093787 0.503819 -0.858703 44.493000 0.123345 0.861740 0.492129 0.000000 0.000000 0.000000 0.000000 1.000000
0.987824 -0.059911 -0.143574 -0.000000 -0.094243 0.503820 -0.858652 44.493000 0.123778 0.861729 0.492039 0.000000 0.000000 0.000000 0.000000 1.000000
0.987741 -0.060047 -0.144089 0.000000 -0.094628 0.503786 -0.858630 44.493000 0.124148 0.861739 0.491928 0.000000 0.000000 0.000000 0.000000 1.000000
0.987730 -0.060436 -0.144006 0.000000 -0.094361 0.503795 -0.858654 44.493000 0.124443 0.861706 0.491911 0.000000 0.000000 0.000000 0.000000 1.000000
0.987758 -0.060817 -0.143650 0.000000 -0.093884 0.503655 -0.858788 44.493000 0.124579 0.861762 0.491779 0.000000 0.000000 0.000000 0.000000 1.000000
0.987846 -0.061062 -0.142938 0.000000 -0.093180 0.503397 -0.859017 44.493000 0.124407 0.861895 0.491589 0.000000 0.000000 0.000000 0.000000 1.000000
0.987950 -0.061239 -0.142142 0.000000 -0.092441 0.503108 -0.859265 44.493000 0.124133 0.862051 0.491385 -0.000000 0.000000 0.000000 0.000000 1.000000
0.988036 -0.061349 -0.141499 0.000000 -0.091863 0.502868 -0.859468 44.493000 0.123883 0.862183 0.491216 0.000000 0.000000 0.000000 0.000000 1.000000
0.988069 -0.061387 -0.141252 0.000000 -0.091644 0.502766 -0.859551 44.493000 0.123782 0.862240 0.491141 -0.000000 0.000000 0.000000 0.000000 1.000000</float_array>
        <technique_common>
          <accessor source="#mixamorig_LeftFoot-Matrix-animation-output-transform-array" count="56" stride="16">
            <param type="float4x4"/>
          </accessor>
        </technique_common>
      </source>
      <source id="mixamorig_LeftFoot-Interpolations">
        <Name_array id="mixamorig_LeftFoot-Interpolations-array" count="56">
 LINEAR LINEAR LINEAR LINEAR LINEAR LINEAR LINEAR LINEAR LINEAR LINEAR LINEAR
LINEAR LINEAR LINEAR LINEAR LINEAR LINEAR LINEAR LINEAR LINEAR LINEAR LINEAR LINEAR
LINEAR LINEAR LINEAR LINEAR LINEAR LINEAR LINEAR LINEAR LINEAR LINEAR LINEAR LINEAR
LINEAR LINEAR LINEAR LINEAR LINEAR LINEAR LINEAR LINEAR LINEAR LINEAR LINEAR LINEAR
LINEAR LINEAR LINEAR LINEAR LINEAR LINEAR LINEAR LINEAR LINEAR</Name_array>
        <technique_common>
          <accessor source="#mixamorig_LeftFoot-Interpolations-array" count="56">
            <param type="name"/>
          </accessor>
        </technique_common>
      </source>
      <sampler id="mixamorig_LeftFoot-Matrix-animation-transform">
        <input semantic="INPUT" source="#mixamorig_LeftFoot-Matrix-animation-input"/>
        <input semantic="OUTPUT" source="#mixamorig_LeftFoot-Matrix-animation-output-transform"/>
        <input semantic="INTERPOLATION" source="#mixamorig_LeftFoot-Interpolations"/>
      </sampler>
      <channel source="#mixamorig_LeftFoot-Matrix-animation-transform" target="mixamorig_LeftFoot/matrix"/>
    </animation>
    <animation id="mixamorig_LeftToeBase-anim" name="mixamorig_LeftToeBase">
      <source id="mixamorig_LeftToeBase-Matrix-animation-input">
        <float_array id="mixamorig_LeftToeBase-Matrix-animation-input-array" count="56">

0.000000 0.033333 0.066667 0.100000 0.133333 0.166667 0.200000 0.233333 0.266667 0.300000 0.333333 0.366667 0.400000 0.433333 0.466667 0.500000
0.533333 0.566667 0.600000 0.633333 0.666667 0.700000 0.733333 0.766667 0.800000 0.833333 0.866667 0.900000 0.933333 0.966667 1.000000 1.033333
1.066667 1.100000 1.133333 1.166667 1.200000 1.233333 1.266667 1.300000 1.333333 1.366667 1.400000 1.433333 1.466667 1.500000 1.533333 1.566667
1.600000 1.633333 1.666667 1.700000 1.733333 1.766667 1.800000 1.833333</float_array>
        <technique_common>
          <accessor source="#mixamorig_LeftToeBase-Matrix-animation-input-array" count="56">
            <param name="TIME" type="float"/>
          </accessor>
        </technique_common>
      </source>
      <source id="mixamorig_LeftToeBase-Matrix-animation-output-transform">
        <float_array id="mixamorig_LeftToeBase-Matrix-animation-output-transform-array" count="896">

0.994512 0.089208 -0.054665 -0.000000 -0.102580 0.728607 -0.677207 20.000000 -0.020583 0.679097 0.733760 -0.000000 0.000000 0.000000 0.000000 1.000000
0.994512 0.089208 -0.054662 0.000000 -0.102578 0.728609 -0.677205 20.000000 -0.020585 0.679096 0.733761 -0.000000 0.000000 0.000000 0.000000 1.000000
0.994512 0.089208 -0.054665 0.000000 -0.102580 0.728608 -0.677206 20.000000 -0.020583 0.679097 0.733760 0.000000 0.000000 0.000000 0.000000 1.000000
0.994512 0.089208 -0.054651 0.000000 -0.102571 0.728611 -0.677203 20.000000 -0.020593 0.679093 0.733763 0.000000 0.000000 0.000000 0.000000 1.000000
0.994512 0.089208 -0.054661 0.000000 -0.102577 0.728609 -0.677205 20.000000 -0.020585 0.679095 0.733761 0.000000 0.000000 0.000000 0.000000 1.000000
0.994512 0.089208 -0.054661 0.000000 -0.102577 0.728609 -0.677205 20.000000 -0.020585 0.679095 0.733761 -0.000000 0.000000 0.000000 0.000000 1.000000
0.994512 0.089209 -0.054652 0.000000 -0.102572 0.728611 -0.677204 20.000000 -0.020593 0.679093 0.733763 0.000000 0.000000 0.000000 0.000000 1.000000
0.994512 0.089208 -0.054653 0.000000 -0.102572 0.728611 -0.677204 20.000000 -0.020591 0.679093 0.733763 0.000000 0.000000 0.000000 0.000000 1.000000
0.994513 0.089208 -0.054636 0.000000 -0.102561 0.728615 -0.677201 20.000000 -0.020603 0.679089 0.733767 -0.000000 0.000000 0.000000 0.000000 1.000000
0.994513 0.089208 -0.054640 -0.000000 -0.102563 0.728614 -0.677201 20.000000 -0.020600 0.679090 0.733766 0.000000 0.000000 0.000000 0.000000 1.000000
0.994515 0.089210 -0.054608 -0.000000 -0.102543 0.728623 -0.677196 20.000000 -0.020624 0.679081 0.733774 0.000000 0.000000 0.000000 0.000000 1.000000
0.994515 0.089209 -0.054609 0.000000 -0.102543 0.728622 -0.677196 20.000000 -0.020622 0.679081 0.733773 0.000000 0.000000 0.000000 0.000000 1.000000
0.994515 0.089209 -0.054611 0.000000 -0.102544 0.728622 -0.677196 20.000000 -0.020621 0.679081 0.733773 0.000000 0.000000 0.000000 0.000000 1.000000
0.994515 0.089209 -0.054598 0.000000 -0.102536 0.728625 -0.677194 20.000000 -0.020631 0.679078 0.733776 0.000000 0.000000 0.000000 0.000000 1.000000
0.994515 0.089209 -0.054605 0.000000 -0.102541 0.728625 -0.677194 20.000000 -0.020625 0.679079 0.733776 0.000000 0.000000 0.000000 0.000000 1.000000
0.994516 0.089210 -0.054594 0.000000 -0.102534 0.728627 -0.677192 20.000000 -0.020633 0.679076 0.733778 0.000000 0.000000 0.000000 0.000000 1.000000
0.994516 0.089209 -0.054591 0.000000 -0.102531 0.728628 -0.677192 20.000000 -0.020635 0.679075 0.733779 0.000000 0.000000 0.000000 0.000000 1.000000
0.994516 0.089210 -0.054584 -0.000000 -0.102527 0.728630 -0.677191 20.000000 -0.020640 0.679073 0.733780 -0.000000 0.000000 0.000000 0.000000 1.000000
0.994516 0.089209 -0.054591 0.000000 -0.102531 0.728628 -0.677192 20.000000 -0.020635 0.679075 0.733779 0.000000 0.000000 0.000000 0.000000 1.000000
0.994516 0.089209 -0.054586 0.000000 -0.102528 0.728629 -0.677191 20.000000 -0.020639 0.679074 0.733780 0.000000 0.000000 0.000000 0.000000 1.000000
0.994517 0.089210 -0.054566 0.000000 -0.102515 0.728635 -0.677187 20.000000 -0.020653 0.679068 0.733785 0.000000 0.000000 0.000000 0.000000 1.000000
0.994517 0.089210 -0.054573 -0.000000 -0.102520 0.728633 -0.677188 20.000000 -0.020648 0.679069 0.733784 0.000000 0.000000 0.000000 0.000000 1.000000
0.994516 0.089210 -0.054578 0.000000 -0.102523 0.728632 -0.677189 20.000000 -0.020644 0.679071 0.733782 -0.000000 0.000000 0.000000 0.000000 1.000000
0.994518 0.089211 -0.054555 0.000000 -0.102508 0.728638 -0.677184 20.000000 -0.020661 0.679064 0.733788 0.000000 0.000000 0.000000 0.000000 1.000000
0.994518 0.089211 -0.054555 0.000000 -0.102508 0.728637 -0.677185 20.000000 -0.020661 0.679065 0.733787 0.000000 0.000000 0.000000 0.000000 1.000000
0.994518 0.089211 -0.054553 0.000000 -0.102507 0.728638 -0.677184 20.000000 -0.020663 0.679064 0.733788 0.000000 0.000000 0.000000 0.000000 1.000000
0.994517 0.089210 -0.054561 0.000000 -0.102512 0.728636 -0.677186 20.000000 -0.020657 0.679066 0.733787 0.000000 0.000000 0.000000 0.000000 1.000000
0.994517 0.089210 -0.054562 0.000000 -0.102512 0.728636 -0.677186 20.000000 -0.020656 0.679067 0.733786 0.000000 0.000000 0.000000 0.000000 1.000000
0.994517 0.089210 -0.054570 0.000000 -0.102518 0.728633 -0.677189 20.000000 -0.020651 0.679070 0.733783 0.000000 0.000000 0.000000 0.000000 1.000000
0.994516 0.089210 -0.054579 0.000000 -0.102524 0.728631 -0.677190 20.000000 -0.020644 0.679072 0.733782 0.000000 0.000000 0.000000 0.000000 1.000000
0.994515 0.089210 -0.054608 -0.000000 -0.102543 0.728624 -0.677195 20.000000 -0.020624 0.679080 0.733775 0.000000 0.000000 0.000000 0.000000 1.000000
0.994516 0.089210 -0.054581 0.000000 -0.102525 0.728631 -0.677190 20.000000 -0.020643 0.679072 0.733781 0.000000 0.000000 0.000000 0.000000 1.000000
0.994517 0.089210 -0.054574 -0.000000 -0.102520 0.728632 -0.677189 20.000000 -0.020648 0.679071 0.733782 0.000000 0.000000 0.000000 0.000000 1.000000
0.994515 0.089208 -0.054612 0.000000 -0.102545 0.728622 -0.677197 20.000000 -0.020620 0.679082 0.733773 0.000000 0.000000 0.000000 0.000000 1.000000
0.994516 0.089209 -0.054591 0.000000 -0.102532 0.728626 -0.677193 20.000000 -0.020635 0.679077 0.733777 0.000000 0.000000 0.000000 0.000000 1.000000
0.994514 0.089209 -0.054622 0.000000 -0.102552 0.728619 -0.677199 20.000000 -0.020614 0.679085 0.733770 0.000000 0.000000 0.000000 0.000000 1.000000
0.994513 0.089208 -0.054636 0.000000 -0.102560 0.728615 -0.677201 20.000000 -0.020604 0.679089 0.733767 -0.000000 0.000000 0.000000 0.000000 1.000000
0.994515 0.089208 -0.054614 0.000000 -0.102546 0.728621 -0.677197 20.000000 -0.020619 0.679082 0.733772 0.000000 0.000000 0.000000 0.000000 1.000000
0.994515 0.089208 -0.054614 0.000000 -0.102546 0.728621 -0.677197 20.000000 -0.020618 0.679082 0.733773 0.000000 0.000000 0.000000 0.000000 1.000000
0.994513 0.089208 -0.054649 0.000000 -0.102569 0.728612 -0.677203 20.000000 -0.020594 0.679092 0.733764 0.000000 0.000000 0.000000 0.000000 1.000000
0.994514 0.089209 -0.054632 0.000000 -0.102558 0.728616 -0.677200 20.000000 -0.020606 0.679088 0.733768 0.000000 0.000000 0.000000 0.000000 1.000000
0.994513 0.089208 -0.054634 0.000000 -0.102559 0.728616 -0.677200 20.000000 -0.020605 0.679088 0.733768 -0.000000 0.000000 0.000000 0.000000 1.000000
0.994514 0.089208 -0.054634 -0.000000 -0.102559 0.728616 -0.677201 20.000000 -0.020604 0.679088 0.733767 0.000000 0.000000 0.000000 0.000000 1.000000
0.994512 0.089208 -0.054668 0.000000 -0.102582 0.728607 -0.677207 20.000000 -0.020581 0.679098 0.733759 -0.000000 0.000000 0.000000 0.000000 1.000000
0.994513 0.089208 -0.054648 -0.000000 -0.102569 0.728613 -0.677202 20.000000 -0.020595 0.679091 0.733765 0.000000 0.000000 0.000000 0.000000 1.000000
0.994513 0.089208 -0.054648 0.000000 -0.102569 0.728612 -0.677203 20.000000 -0.020595 0.679092 0.733764 0.000000 0.000000 0.000000 0.000000 1.000000
0.994515 0.089209 -0.054601 -0.000000 -0.102538 0.728625 -0.677194 20.000000 -0.020629 0.679078 0.733776 -0.000000 0.000000 0.000000 0.000000 1.000000
0.994515 0.089210 -0.054596 0.000000 -0.102535 0.728626 -0.677193 20.000000 -0.020632 0.679077 0.733777 0.000000 0.000000 0.000000 0.000000 1.000000
0.994516 0.089209 -0.054587 0.000000 -0.102529 0.728628 -0.677192 20.000000 -0.020638 0.679075 0.733779 -0.000000 0.000000 0.000000 0.000000 1.000000
0.994512 0.089208 -0.054658 0.000000 -0.102575 0.728609 -0.677205 20.000000 -0.020588 0.679095 0.733761 -0.000000 0.000000 0.000000 0.000000 1.000000
0.994513 0.089208 -0.054652 0.000000 -0.102571 0.728611 -0.677204 20.000000 -0.020592 0.679093 0.733763 0.000000 0.000000 0.000000 0.000000 1.000000
0.994513 0.089208 -0.054645 0.000000 -0.102567 0.728613 -0.677203 20.000000 -0.020597 0.679092 0.733764 -0.000000 0.000000 0.000000 0.000000 1.000000
0.994512 0.089208 -0.054659 0.000000 -0.102576 0.728609 -0.677205 20.000000 -0.020587 0.679096 0.733761 0.000000 0.000000 0.000000 0.000000 1.000000
0.994512 0.089208 -0.054655 0.000000 -0.102573 0.728610 -0.677204 20.000000 -0.020590 0.679094 0.733762 0.000000 0.000000 0.000000 0.000000 1.000000
0.994513 0.089208 -0.054651 0.000000 -0.102571 0.728611 -0.677204 20.000000 -0.020593 0.679093 0.733763 -0.000000 0.000000 0.000000 0.000000 1.000000
0.994512 0.089208 -0.054664 0.000000 -0.102579 0.728608 -0.677206 20.000000 -0.020584 0.679097 0.733760 0.000000 0.000000 0.000000 0.000000 1.000000</float_array>
        <technique_common>
          <accessor source="#mixamorig_LeftToeBase-Matrix-animation-output-transform-array" count="56" stride="16">
            <param type="float4x4"/>
          </accessor>
        </technique_common>
      </source>
      <source id="mixamorig_LeftToeBase-Interpolations">
        <Name_array id="mixamorig_LeftToeBase-Interpolations-array" count="56">
 LINEAR LINEAR LINEAR LINEAR LINEAR LINEAR LINEAR LINEAR LINEAR LINEAR LINEAR
LINEAR LINEAR LINEAR LINEAR LINEAR LINEAR LINEAR LINEAR LINEAR LINEAR LINEAR LINEAR
LINEAR LINEAR LINEAR LINEAR LINEAR LINEAR LINEAR LINEAR LINEAR LINEAR LINEAR LINEAR
LINEAR LINEAR LINEAR LINEAR LINEAR LINEAR LINEAR LINEAR LINEAR LINEAR LINEAR LINEAR
LINEAR LINEAR LINEAR LINEAR LINEAR LINEAR LINEAR LINEAR LINEAR</Name_array>
        <technique_common>
          <accessor source="#mixamorig_LeftToeBase-Interpolations-array" count="56">
            <param type="name"/>
          </accessor>
        </technique_common>
      </source>
      <sampler id="mixamorig_LeftToeBase-Matrix-animation-transform">
        <input semantic="INPUT" source="#mixamorig_LeftToeBase-Matrix-animation-input"/>
        <input semantic="OUTPUT" source="#mixamorig_LeftToeBase-Matrix-animation-output-transform"/>
        <input semantic="INTERPOLATION" source="#mixamorig_LeftToeBase-Interpolations"/>
      </sampler>
      <channel source="#mixamorig_LeftToeBase-Matrix-animation-transform" target="mixamorig_LeftToeBase/matrix"/>
    </animation>
  </library_animations>
  <library_visual_scenes>
    <visual_scene id="RootNode" name="RootNode">
      <node id="mixamorig_Hips" name="mixamorig_Hips" sid="mixamorig_Hips" type="JOINT">
        <matrix sid="matrix">0.635526 -0.127961 -0.761402 1.211078 0.041566 0.990411 -0.131753 74.900406 0.770960 0.052084 0.634750 0.049930 0.000000 0.000000 0.000000 1.000000</matrix>
        <node id="mixamorig_Spine" name="mixamorig_Spine" sid="mixamorig_Spine" type="JOINT">
          <matrix sid="matrix">0.998467 -0.005391 0.055094 -0.038100 0.008487 0.998389 -0.056100 9.490500 -0.054703 0.056482 0.996904 -1.392100 0.000000 0.000000 0.000000 1.000000</matrix>
          <node id="mixamorig_Spine1" name="mixamorig_Spine1" sid="mixamorig_Spine1" type="JOINT">
            <matrix sid="matrix">0.994307 -0.001683 0.106543 0.000000 0.015027 0.992097 -0.124569 11.190800 -0.105492 0.125461 0.986474 -0.000000 0.000000 0.000000 0.000000 1.000000</matrix>
            <node id="mixamorig_Spine2" name="mixamorig_Spine2" sid="mixamorig_Spine2" type="JOINT">
              <matrix sid="matrix">0.994298 -0.004312 0.106547 0.000000 0.011154 0.997906 -0.063709 12.789500 -0.106050 0.064534 0.992264 0.000000 0.000000 0.000000 0.000000 1.000000</matrix>
              <node id="mixamorig_Neck" name="mixamorig_Neck" sid="mixamorig_Neck" type="JOINT">
                <matrix sid="matrix">0.923054 -0.034905 0.383084 -0.056900 0.037516 0.999296 0.000655 14.235800 -0.382837 0.013767 0.923713 -2.088100 0.000000 0.000000 0.000000 1.000000</matrix>
                <node id="mixamorig_Head" name="mixamorig_Head" sid="mixamorig_Head" type="JOINT">
                  <matrix sid="matrix">0.963942 0.180625 0.195423 -0.000000 -0.183038 0.983089 -0.005791 3.280200 -0.193164 -0.030188 0.980702 0.313300 0.000000 0.000000 0.000000 1.000000</matrix>
                  <node id="mixamorig_HeadTop_End" name="mixamorig_HeadTop_End" sid="mixamorig_HeadTop_End" type="JOINT">
                    <matrix sid="matrix">1.000000 0.000000 0.000000 0.000000 0.000000 1.000000 -0.000000 25.653500 0.000000 0.000000 1.000000 2.450500 0.000000 0.000000 0.000000 1.000000</matrix>
                  </node>
                </node>
              </node>
              <node id="mixamorig_LeftShoulder" name="mixamorig_LeftShoulder" sid="mixamorig_LeftShoulder" type="JOINT">
                <matrix sid="matrix">-0.021687 0.981323 -0.191143 6.728800 -0.023390 -0.191633 -0.981188 11.756600 -0.999491 -0.016808 0.027109 -2.058500 0.000000 0.000000 0.000000 1.000000</matrix>
                <node id="mixamorig_LeftArm" name="mixamorig_LeftArm" sid="mixamorig_LeftArm" type="JOINT">
                  <matrix sid="matrix">0.266117 -0.080167 -0.960601 -0.000000 0.117341 0.991819 -0.050265 14.448800 0.956772 -0.099341 0.273347 -0.000000 0.000000 0.000000 0.000000 1.000000</matrix>
                  <node id="mixamorig_LeftForeArm" name="mixamorig_LeftForeArm" sid="mixamorig_LeftForeArm" type="JOINT">
                    <matrix sid="matrix">-0.300013 -0.953406 0.031759 -0.000000 0.720723 -0.204731 0.662302 23.160299 -0.624941 0.221588 0.748564 -0.000000 0.000000 0.000000 0.000000 1.000000</matrix>
                    <node id="mixamorig_LeftHand" name="mixamorig_LeftHand" sid="mixamorig_LeftHand" type="JOINT">
                      <matrix sid="matrix">0.834664 -0.417251 0.359497 -0.000000 0.176190 0.820714 0.543495 24.071800 -0.521818 -0.390295 0.758535 -0.000000 0.000000 0.000000 0.000000 1.000000</matrix>
                      <node id="mixamorig_LeftHandThumb1" name="mixamorig_LeftHandThumb1" sid="mixamorig_LeftHandThumb1" type="JOINT">
                        <matrix sid="matrix">0.666886 -0.433273 0.606249 -1.509000 0.653845 0.730484 -0.197181 4.173400 -0.357422 0.527890 0.770443 1.926500 0.000000 0.000000 0.000000 1.000000</matrix>
                        <node id="mixamorig_LeftHandThumb2" name="mixamorig_LeftHandThumb2" sid="mixamorig_LeftHandThumb2" type="JOINT">
                          <matrix sid="matrix">0.976163 0.113207 -0.185175 0.000000 -0.133678 0.985757 -0.102048 3.870400 0.170985 0.124369 0.977393 0.000000 0.000000 0.000000 0.000000 1.000000</matrix>
                          <node id="mixamorig_LeftHandThumb3" name="mixamorig_LeftHandThumb3" sid="mixamorig_LeftHandThumb3" type="JOINT">
                            <matrix sid="matrix">0.985903 0.167312 0.001592 0.000000 -0.166919 0.984156 -0.059794 4.710600 -0.011571 0.058686 0.998209 0.000000 0.000000 0.000000 0.000000 1.000000</matrix>
                            <node id="mixamorig_LeftHandThumb4" name="mixamorig_LeftHandThumb4" sid="mixamorig_LeftHandThumb4" type="JOINT">
                              <matrix sid="matrix">1.000000 0.000000 -0.000000 0.000000 0.000000 1.000000 0.000000 3.830400 0.000000 0.000000 1.000000 0.000000 0.000000 0.000000 0.000000 1.000000</matrix>
                            </node>
                          </node>
                        </node>
                      </node>
                      <node id="mixamorig_LeftHandIndex1" name="mixamorig_LeftHandIndex1" sid="mixamorig_LeftHandIndex1" type="JOINT">
                        <matrix sid="matrix">0.994700 -0.100617 -0.021177 -2.855500 0.100569 0.994924 -0.003341 14.669400 0.021406 0.001193 0.999770 0.398800 0.000000 0.000000 0.000000 1.000000</matrix>
                        <node id="mixamorig_LeftHandIndex2" name="mixamorig_LeftHandIndex2" sid="mixamorig_LeftHandIndex2" type="JOINT">
                          <matrix sid="matrix">0.999991 -0.003251 0.002606 0.000000 0.003450 0.996770 -0.080236 3.248600 -0.002337 0.080244 0.996772 0.000000 0.000000 0.000000 0.000000 1.000000</matrix>
                          <node id="mixamorig_LeftHandIndex3" name="mixamorig_LeftHandIndex3" sid="mixamorig_LeftHandIndex3" type="JOINT">
                            <matrix sid="matrix">0.999969 -0.007625 0.001995 0.000000 0.007822 0.991259 -0.131702 2.659600 -0.000973 0.131713 0.991287 0.000000 0.000000 0.000000 0.000000 1.000000</matrix>
                            <node id="mixamorig_LeftHandIndex4" name="mixamorig_LeftHandIndex4" sid="mixamorig_LeftHandIndex4" type="JOINT">
                              <matrix sid="matrix">1.000000 -0.000000 0.000000 0.000000 -0.000000 1.000000 -0.000000 3.633200 0.000000 0.000000 1.000000 0.000000 0.000000 0.000000 0.000000 1.000000</matrix>
                            </node>
                          </node>
                        </node>
                      </node>
                      <node id="mixamorig_LeftHandMiddle1" name="mixamorig_LeftHandMiddle1" sid="mixamorig_LeftHandMiddle1" type="JOINT">
                        <matrix sid="matrix">0.996150 0.083632 0.026269 -0.000000 -0.081301 0.993483 -0.079888 14.409800 -0.032779 0.077445 0.996458 -0.000000 0.000000 0.000000 0.000000 1.000000</matrix>
                        <node id="mixamorig_LeftHandMiddle2" name="mixamorig_LeftHandMiddle2" sid="mixamorig_LeftHandMiddle2" type="JOINT">
                          <matrix sid="matrix">0.999810 -0.015302 0.012068 -0.000000 0.017623 0.974272 -0.224686 3.259100 -0.008319 0.224856 0.974357 0.000000 0.000000 0.000000 0.000000 1.000000</matrix>
                          <node id="mixamorig_LeftHandMiddle3" name="mixamorig_LeftHandMiddle3" sid="mixamorig_LeftHandMiddle3" type="JOINT">
                            <matrix sid="matrix">0.999664 -0.019400 0.017211 -0.000000 0.023501 0.958287 -0.284840 2.639900 -0.010967 0.285149 0.958420 -0.000000 0.000000 0.000000 0.000000 1.000000</matrix>
                            <node id="mixamorig_LeftHandMiddle4" name="mixamorig_LeftHandMiddle4" sid="mixamorig_LeftHandMiddle4" type="JOINT">
                              <matrix sid="matrix">1.000000 -0.000000 0.000000 -0.000000 0.000000 1.000000 -0.000000 3.673900 -0.000000 0.000000 1.000000 0.000000 0.000000 0.000000 0.000000 1.000000</matrix>
                            </node>
                          </node>
                        </node>
                      </node>
                      <node id="mixamorig_LeftHandRing1" name="mixamorig_LeftHandRing1" sid="mixamorig_LeftHandRing1" type="JOINT">
                        <matrix sid="matrix">0.989036 0.146627 0.017566 3.304900 -0.138119 0.960562 -0.241339 13.191500 -0.052260 0.236266 0.970282 -0.322000 0.000000 0.000000 0.000000 1.000000</matrix>
                        <node id="mixamorig_LeftHandRing2" name="mixamorig_LeftHandRing2" sid="mixamorig_LeftHandRing2" type="JOINT">
                          <matrix sid="matrix">0.999875 -0.013350 -0.008491 0.000000 0.009882 0.946063 -0.323831 2.717600 0.012356 0.323706 0.946077 0.000000 0.000000 0.000000 0.000000 1.000000</matrix>
                          <node id="mixamorig_LeftHandRing3" name="mixamorig_LeftHandRing3" sid="mixamorig_LeftHandRing3" type="JOINT">
                            <matrix sid="matrix">0.999844 -0.016163 -0.007128 -0.000000 0.012304 0.926731 -0.375523 2.134500 0.012675 0.375377 0.926786 -0.000000 0.000000 0.000000 0.000000 1.000000</matrix>
                            <node id="mixamorig_LeftHandRing4" name="mixamorig_LeftHandRing4" sid="mixamorig_LeftHandRing4" type="JOINT">
                              <matrix sid="matrix">1.000000 -0.000000 0.000000 0.000000 0.000000 1.000000 0.000000 2.786900 -0.000000 0.000000 1.000000 0.000000 0.000000 0.000000 0.000000 1.000000</matrix>
                            </node>
                          </node>
                        </node>
                      </node>
                      <node id="mixamorig_LeftHandPinky1" name="mixamorig_LeftHandPinky1" sid="mixamorig_LeftHandPinky1" type="JOINT">
                        <matrix sid="matrix">0.955289 0.289406 0.060563 5.614200 -0.263788 0.926723 -0.267584 11.636400 -0.133566 0.239644 0.961629 0.516600 0.000000 0.000000 0.000000 1.000000</matrix>
                        <node id="mixamorig_LeftHandPinky2" name="mixamorig_LeftHandPinky2" sid="mixamorig_LeftHandPinky2" type="JOINT">
                          <matrix sid="matrix">0.999900 -0.004260 -0.013463 0.000000 0.001132 0.974529 -0.224260 1.559400 0.014075 0.224223 0.974436 0.000000 0.000000 0.000000 0.000000 1.000000</matrix>
                          <node id="mixamorig_LeftHandPinky3" name="mixamorig_LeftHandPinky3" sid="mixamorig_LeftHandPinky3" type="JOINT">
                            <matrix sid="matrix">0.999284 -0.014902 -0.034788 0.000000 -0.002328 0.893271 -0.449512 1.540600 0.037774 0.449271 0.892596 0.000000 0.000000 0.000000 0.000000 1.000000</matrix>
                            <node id="mixamorig_LeftHandPinky4" name="mixamorig_LeftHandPinky4" sid="mixamorig_LeftHandPinky4" type="JOINT">
                              <matrix sid="matrix">1.000000 -0.000000 0.000000 -0.000000 0.000000 1.000000 0.000000 1.668700 -0.000000 0.000000 1.000000 -0.000000 0.000000 0.000000 0.000000 1.000000</matrix>
                            </node>
                          </node>
                        </node>
                      </node>
                    </node>
                  </node>
                </node>
              </node>
              <node id="mixamorig_RightShoulder" name="mixamorig_RightShoulder" sid="mixamorig_RightShoulder" type="JOINT">
                <matrix sid="matrix">0.467158 -0.868238 0.167112 -6.728800 0.014364 -0.181526 -0.983281 11.756700 0.884057 0.461748 -0.072330 -2.058500 0.000000 0.000000 0.000000 1.000000</matrix>
                <node id="mixamorig_RightArm" name="mixamorig_RightArm" sid="mixamorig_RightArm" type="JOINT">
                  <matrix sid="matrix">0.181223 0.981557 -0.060854 0.000000 -0.939110 0.154353 -0.306998 14.448800 -0.291943 0.112784 0.949763 0.000000 0.000000 0.000000 0.000000 1.000000</matrix>
                  <node id="mixamorig_RightForeArm" name="mixamorig_RightForeArm" sid="mixamorig_RightForeArm" type="JOINT">
                    <matrix sid="matrix">0.770013 0.634409 0.067871 0.000000 -0.626832 0.772048 -0.104990 23.160299 -0.119006 0.038300 0.992155 0.000000 0.000000 0.000000 0.000000 1.000000</matrix>
                    <node id="mixamorig_RightHand" name="mixamorig_RightHand" sid="mixamorig_RightHand" type="JOINT">
                      <matrix sid="matrix">0.982004 0.188139 0.016509 -0.000000 -0.180909 0.911952 0.368259 24.071699 0.054228 -0.364619 0.929576 -0.000000 0.000000 0.000000 0.000000 1.000000</matrix>
                      <node id="mixamorig_RightHandThumb1" name="mixamorig_RightHandThumb1" sid="mixamorig_RightHandThumb1" type="JOINT">
                        <matrix sid="matrix">0.168316 0.403240 -0.899482 1.509000 -0.684488 0.704441 0.187717 4.173400 0.709327 0.584089 0.394582 1.927000 0.000000 0.000000 0.000000 1.000000</matrix>
                        <node id="mixamorig_RightHandThumb2" name="mixamorig_RightHandThumb2" sid="mixamorig_RightHandThumb2" type="JOINT">
                          <matrix sid="matrix">0.966645 -0.168865 0.192566 0.000000 0.187882 0.978501 -0.085066 3.870400 -0.174061 0.118408 0.977590 0.000000 0.000000 0.000000 0.000000 1.000000</matrix>
                          <node id="mixamorig_RightHandThumb3" name="mixamorig_RightHandThumb3" sid="mixamorig_RightHandThumb3" type="JOINT">
                            <matrix sid="matrix">0.834256 -0.546507 0.073117 0.000000 0.548570 0.809318 -0.209940 4.710300 0.055559 0.215254 0.974976 0.000000 0.000000 0.000000 0.000000 1.000000</matrix>
                            <node id="mixamorig_RightHandThumb4" name="mixamorig_RightHandThumb4" sid="mixamorig_RightHandThumb4" type="JOINT">
                              <matrix sid="matrix">1.000000 -0.000000 0.000000 0.000000 0.000000 1.000000 0.000000 3.830400 -0.000000 0.000000 1.000000 0.000000 0.000000 0.000000 0.000000 1.000000</matrix>
                            </node>
                          </node>
                        </node>
                      </node>
                      <node id="mixamorig_RightHandIndex1" name="mixamorig_RightHandIndex1" sid="mixamorig_RightHandIndex1" type="JOINT">
                        <matrix sid="matrix">0.986236 0.047425 -0.158393 2.855500 -0.133552 0.793268 -0.594046 14.669400 0.097475 0.607023 0.788683 0.399000 0.000000 0.000000 0.000000 1.000000</matrix>
                        <node id="mixamorig_RightHandIndex2" name="mixamorig_RightHandIndex2" sid="mixamorig_RightHandIndex2" type="JOINT">
                          <matrix sid="matrix">0.997469 0.009346 -0.070490 0.000000 -0.069137 0.359191 -0.930700 3.248600 0.016621 0.933217 0.358928 -0.000000 0.000000 0.000000 0.000000 1.000000</matrix>
                          <node id="mixamorig_RightHandIndex3" name="mixamorig_RightHandIndex3" sid="mixamorig_RightHandIndex3" type="JOINT">
                            <matrix sid="matrix">0.998454 0.019225 -0.052154 -0.000000 -0.055101 0.465790 -0.883178 2.659600 0.007313 0.884686 0.466130 0.000000 0.000000 0.000000 0.000000 1.000000</matrix>
                            <node id="mixamorig_RightHandIndex4" name="mixamorig_RightHandIndex4" sid="mixamorig_RightHandIndex4" type="JOINT">
                              <matrix sid="matrix">1.000000 0.000000 -0.000000 0.000000 0.000000 1.000000 0.000000 3.633100 0.000000 -0.000000 1.000000 -0.000000 0.000000 0.000000 0.000000 1.000000</matrix>
                            </node>
                          </node>
                        </node>
                      </node>
                      <node id="mixamorig_RightHandMiddle1" name="mixamorig_RightHandMiddle1" sid="mixamorig_RightHandMiddle1" type="JOINT">
                        <matrix sid="matrix">0.999391 0.026674 -0.022487 0.000000 -0.034762 0.706715 -0.706644 14.409800 -0.002957 0.706995 0.707212 -0.000000 0.000000 0.000000 0.000000 1.000000</matrix>
                        <node id="mixamorig_RightHandMiddle2" name="mixamorig_RightHandMiddle2" sid="mixamorig_RightHandMiddle2" type="JOINT">
                          <matrix sid="matrix">0.998054 0.041962 -0.046114 -0.000000 -0.058332 0.367262 -0.928287 3.259100 -0.022017 0.929170 0.368995 0.000000 0.000000 0.000000 0.000000 1.000000</matrix>
                          <node id="mixamorig_RightHandMiddle3" name="mixamorig_RightHandMiddle3" sid="mixamorig_RightHandMiddle3" type="JOINT">
                            <matrix sid="matrix">0.999299 0.036308 -0.009134 0.000000 -0.033368 0.753099 -0.657061 2.639800 -0.016978 0.656905 0.753782 0.000000 0.000000 0.000000 0.000000 1.000000</matrix>
                            <node id="mixamorig_RightHandMiddle4" name="mixamorig_RightHandMiddle4" sid="mixamorig_RightHandMiddle4" type="JOINT">
                              <matrix sid="matrix">1.000000 -0.000000 0.000000 -0.000000 -0.000000 1.000000 0.000000 3.673900 0.000000 0.000000 1.000000 0.000000 0.000000 0.000000 0.000000 1.000000</matrix>
                            </node>
                          </node>
                        </node>
                      </node>
                      <node id="mixamorig_RightHandRing1" name="mixamorig_RightHandRing1" sid="mixamorig_RightHandRing1" type="JOINT">
                        <matrix sid="matrix">0.995315 0.092207 0.029093 -3.304900 -0.023464 0.522250 -0.852470 13.191500 -0.093797 0.847793 0.521966 -0.322000 0.000000 0.000000 0.000000 1.000000</matrix>
                        <node id="mixamorig_RightHandRing2" name="mixamorig_RightHandRing2" sid="mixamorig_RightHandRing2" type="JOINT">
                          <matrix sid="matrix">0.999422 0.031077 -0.013792 0.000000 -0.031045 0.668701 -0.742883 2.717600 -0.013864 0.742881 0.669279 0.000000 0.000000 0.000000 0.000000 1.000000</matrix>
                          <node id="mixamorig_RightHandRing3" name="mixamorig_RightHandRing3" sid="mixamorig_RightHandRing3" type="JOINT">
                            <matrix sid="matrix">0.999297 0.032616 -0.018494 -0.000000 -0.034228 0.592177 -0.805081 2.134500 -0.015307 0.805148 0.592877 0.000000 0.000000 0.000000 0.000000 1.000000</matrix>
                            <node id="mixamorig_RightHandRing4" name="mixamorig_RightHandRing4" sid="mixamorig_RightHandRing4" type="JOINT">
                              <matrix sid="matrix">1.000000 0.000000 -0.000000 0.000000 0.000000 1.000000 -0.000000 2.786800 0.000000 0.000000 1.000000 0.000000 0.000000 0.000000 0.000000 1.000000</matrix>
                            </node>
                          </node>
                        </node>
                      </node>
                      <node id="mixamorig_RightHandPinky1" name="mixamorig_RightHandPinky1" sid="mixamorig_RightHandPinky1" type="JOINT">
                        <matrix sid="matrix">0.977811 -0.008474 0.209319 -5.922000 0.161024 0.669555 -0.725098 11.636400 -0.134007 0.742714 0.656063 0.517000 0.000000 0.000000 0.000000 1.000000</matrix>
                        <node id="mixamorig_RightHandPinky2" name="mixamorig_RightHandPinky2" sid="mixamorig_RightHandPinky2" type="JOINT">
                          <matrix sid="matrix">0.999536 0.027251 -0.013580 0.000000 -0.028771 0.699403 -0.714148 1.559300 -0.009963 0.714208 0.699863 0.000000 0.000000 0.000000 0.000000 1.000000</matrix>
                          <node id="mixamorig_RightHandPinky3" name="mixamorig_RightHandPinky3" sid="mixamorig_RightHandPinky3" type="JOINT">
                            <matrix sid="matrix">0.999844 0.017560 0.001872 -0.000000 -0.015127 0.906317 -0.422327 1.540600 -0.009113 0.422232 0.906442 0.000000 0.000000 0.000000 0.000000 1.000000</matrix>
                            <node id="mixamorig_RightHandPinky4" name="mixamorig_RightHandPinky4" sid="mixamorig_RightHandPinky4" type="JOINT">
                              <matrix sid="matrix">1.000000 -0.000000 -0.000000 0.000000 0.000000 1.000000 0.000000 1.668700 0.000000 0.000000 1.000000 0.000000 0.000000 0.000000 0.000000 1.000000</matrix>
                            </node>
                          </node>
                        </node>
                      </node>
                    </node>
                  </node>
                </node>
              </node>
            </node>
          </node>
        </node>
        <node id="mixamorig_RightUpLeg" name="mixamorig_RightUpLeg" sid="mixamorig_RightUpLeg" type="JOINT">
          <matrix sid="matrix">-0.897256 -0.412369 0.157747 -9.941000 0.385013 -0.555920 0.736694 -5.272400 -0.216095 0.721738 0.657569 -1.010900 0.000000 0.000000 0.000000 1.000000</matrix>
          <node id="mixamorig_RightLeg" name="mixamorig_RightLeg" sid="mixamorig_RightLeg" type="JOINT">
            <matrix sid="matrix">0.989146 0.141622 -0.039150 0.000000 0.034167 0.037453 0.998714 43.364799 0.142906 -0.989212 0.032208 0.000000 0.000000 0.000000 0.000000 1.000000</matrix>
            <node id="mixamorig_RightFoot" name="mixamorig_RightFoot" sid="mixamorig_RightFoot" type="JOINT">
              <matrix sid="matrix">0.900147 -0.088834 0.426431 0.000000 0.422065 -0.064136 -0.904294 44.493000 0.107682 0.993979 -0.020238 0.000000 0.000000 0.000000 0.000000 1.000000</matrix>
              <node id="mixamorig_RightToeBase" name="mixamorig_RightToeBase" sid="mixamorig_RightToeBase" type="JOINT">
                <matrix sid="matrix">0.995216 -0.036586 0.090585 0.000000 0.087002 0.753689 -0.651447 20.000000 -0.044439 0.656212 0.753267 0.000000 0.000000 0.000000 0.000000 1.000000</matrix>
                <node id="mixamorig_RightToe_End" name="mixamorig_RightToe_End" sid="mixamorig_RightToe_End" type="JOINT">
                  <matrix sid="matrix">1.000000 0.000000 0.000000 0.000000 0.000000 1.000000 0.000000 10.000000 0.000000 0.000000 1.000000 0.000000 0.000000 0.000000 0.000000 1.000000</matrix>
                </node>
              </node>
            </node>
          </node>
        </node>
        <node id="mixamorig_LeftUpLeg" name="mixamorig_LeftUpLeg" sid="mixamorig_LeftUpLeg" type="JOINT">
          <matrix sid="matrix">-0.676349 0.702233 0.222306 9.618300 0.041506 -0.264994 0.963356 -5.272300 0.735411 0.660792 0.150082 -1.010900 0.000000 0.000000 0.000000 1.000000</matrix>
          <node id="mixamorig_LeftLeg" name="mixamorig_LeftLeg" sid="mixamorig_LeftLeg" type="JOINT">
            <matrix sid="matrix">0.946865 -0.106977 0.303319 0.000000 -0.284168 0.163469 0.944736 43.365002 -0.150649 -0.980731 0.124384 -0.000000 0.000000 0.000000 0.000000 1.000000</matrix>
            <node id="mixamorig_LeftFoot" name="mixamorig_LeftFoot" sid="mixamorig_LeftFoot" type="JOINT">
              <matrix sid="matrix">0.988068 -0.061387 -0.141253 0.000000 -0.091645 0.502767 -0.859550 44.493000 0.123782 0.862240 0.491142 0.000000 0.000000 0.000000 0.000000 1.000000</matrix>
              <node id="mixamorig_LeftToeBase" name="mixamorig_LeftToeBase" sid="mixamorig_LeftToeBase" type="JOINT">
                <matrix sid="matrix">0.994512 0.089208 -0.054665 -0.000000 -0.102580 0.728607 -0.677207 20.000000 -0.020583 0.679097 0.733760 -0.000000 0.000000 0.000000 0.000000 1.000000</matrix>
                <node id="mixamorig_LeftToe_End" name="mixamorig_LeftToe_End" sid="mixamorig_LeftToe_End" type="JOINT">
                  <matrix sid="matrix">1.000000 -0.000000 0.000000 0.000000 -0.000000 1.000000 -0.000000 10.000000 0.000000 0.000000 1.000000 0.000000 0.000000 0.000000 0.000000 1.000000</matrix>
                </node>
              </node>
            </node>
          </node>
        </node>
      </node>
    </visual_scene>
  </library_visual_scenes>
  <scene>
    <instance_visual_scene url="#RootNode"/>
  </scene>
</COLLADA>
