<?xml version="1.0" encoding="utf-8"?>
<COLLADA xmlns="http://www.collada.org/2005/11/COLLADASchema" version="1.4.1">
  <asset>
    <contributor>
      <author>Mixamo</author>
      <authoring_tool>COLLADA Mixamo exporter</authoring_tool>
      <comments/>
    </contributor>
    <created>2025-06-24T14:01:10Z</created>
    <modified>2025-06-24T14:01:10Z</modified>
    <revision/>
    <title/>
    <unit meter="0.010000"/>
    <up_axis>Y_UP</up_axis>
  </asset>
  <library_animations>
    <animation id="mixamorig_Hips-anim" name="mixamorig_Hips">
      <source id="mixamorig_Hips-Matrix-animation-input">
        <float_array id="mixamorig_Hips-Matrix-animation-input-array" count="25">

0.000000 0.033333 0.066667 0.100000 0.133333 0.166667 0.200000 0.233333 0.266667 0.300000 0.333333 0.366667 0.400000 0.433333 0.466667 0.500000
0.533333 0.566667 0.600000 0.633333 0.666667 0.700000 0.733333 0.766667 0.800000</float_array>
        <technique_common>
          <accessor source="#mixamorig_Hips-Matrix-animation-input-array" count="25">
            <param name="TIME" type="float"/>
          </accessor>
        </technique_common>
      </source>
      <source id="mixamorig_Hips-Matrix-animation-output-transform">
        <float_array id="mixamorig_Hips-Matrix-animation-output-transform-array" count="400">

0.888172 -0.170966 -0.426521 0.083761 0.116480 0.981658 -0.150932 92.516457 0.444502 0.084372 0.891795 1.076406 0.000000 0.000000 0.000000 1.000000
0.908426 -0.138522 -0.394428 -0.280337 0.093296 0.986887 -0.131717 93.939865 0.407502 0.082857 0.909438 2.819985 0.000000 0.000000 0.000000 1.000000
0.926396 -0.123505 -0.355719 -0.484692 0.085284 0.988951 -0.121257 96.132835 0.366765 0.081995 0.926693 3.494257 0.000000 0.000000 0.000000 1.000000
0.936896 -0.125224 -0.326411 -0.178397 0.083911 0.986904 -0.137766 98.556366 0.339388 0.101683 0.935134 3.779968 0.000000 0.000000 0.000000 1.000000
0.941304 -0.119037 -0.315875 0.530919 0.067990 0.983440 -0.167999 100.677635 0.330642 0.136662 0.933809 4.048568 0.000000 0.000000 0.000000 1.000000
0.938844 -0.100963 -0.329209 1.514112 0.032565 0.977798 -0.207004 101.964348 0.342800 0.183624 0.921287 4.178452 0.000000 0.000000 0.000000 1.000000
0.928393 -0.080981 -0.362669 2.466087 -0.007189 0.971869 -0.235413 102.472855 0.371531 0.221163 0.901694 4.117885 0.000000 0.000000 0.000000 1.000000
0.911190 -0.064422 -0.406918 3.366139 -0.039897 0.969258 -0.242790 101.902908 0.410050 0.237462 0.880608 4.114490 0.000000 0.000000 0.000000 1.000000
0.887463 -0.051441 -0.457999 4.218328 -0.068701 0.967883 -0.241833 100.429993 0.455730 0.246083 0.855426 4.182600 0.000000 0.000000 0.000000 1.000000
0.862404 -0.045302 -0.504190 4.743795 -0.082265 0.970206 -0.227886 98.472206 0.499491 0.238007 0.832983 4.269229 0.000000 0.000000 0.000000 1.000000
0.839081 -0.051281 -0.541584 4.979454 -0.083786 0.971486 -0.221797 96.719963 0.537515 0.231483 0.810859 4.464906 0.000000 0.000000 0.000000 1.000000
0.810458 -0.060030 -0.582713 4.756458 -0.078909 0.974482 -0.210140 95.575165 0.580458 0.216291 0.785039 5.098806 0.000000 0.000000 0.000000 1.000000
0.768066 -0.066393 -0.636919 4.274263 -0.078233 0.977432 -0.196229 95.334152 0.635574 0.200545 0.745539 6.330981 0.000000 0.000000 0.000000 1.000000
0.708248 -0.069571 -0.702528 3.658932 -0.071907 0.982848 -0.169824 96.120667 0.702292 0.170794 0.691097 7.636775 0.000000 0.000000 0.000000 1.000000
0.650813 -0.063820 -0.756551 3.097861 -0.065549 0.988017 -0.139733 97.992928 0.756403 0.140532 0.638831 8.285924 0.000000 0.000000 0.000000 1.000000
0.615980 -0.058461 -0.785589 2.718763 -0.070711 0.989114 -0.129052 100.222893 0.784582 0.135043 0.605141 8.424741 0.000000 0.000000 0.000000 1.000000
0.619150 -0.066271 -0.782471 2.470713 -0.070594 0.987701 -0.139512 102.151718 0.782093 0.141617 0.606857 7.975538 0.000000 0.000000 0.000000 1.000000
0.662228 -0.091246 -0.743726 2.295750 -0.049993 0.984966 -0.165358 103.343094 0.747633 0.146686 0.647710 6.752506 0.000000 0.000000 0.000000 1.000000
0.717425 -0.123392 -0.685621 2.204901 -0.011046 0.982050 -0.188299 103.475204 0.696548 0.142664 0.703184 5.207268 0.000000 0.000000 0.000000 1.000000
0.764668 -0.148321 -0.627124 2.186094 0.028147 0.979911 -0.197439 102.617111 0.643810 0.133323 0.753481 3.510280 0.000000 0.000000 0.000000 1.000000
0.794712 -0.151051 -0.587891 2.138457 0.047948 0.981137 -0.187275 100.809708 0.605090 0.120642 0.786964 2.067356 0.000000 0.000000 0.000000 1.000000
0.813597 -0.143952 -0.563328 1.986402 0.051558 0.982912 -0.176708 98.292244 0.579139 0.114725 0.807116 0.987457 0.000000 0.000000 0.000000 1.000000
0.831302 -0.143489 -0.536981 1.711777 0.055022 0.982602 -0.177385 95.668274 0.553092 0.117915 0.824734 0.281240 0.000000 0.000000 0.000000 1.000000
0.855961 -0.164869 -0.490050 1.096929 0.078568 0.978267 -0.191889 93.339050 0.511036 0.125747 0.850311 0.087890 0.000000 0.000000 0.000000 1.000000
0.888172 -0.170966 -0.426521 0.083764 0.116480 0.981658 -0.150932 92.516449 0.444502 0.084372 0.891795 1.076409 0.000000 0.000000 0.000000 1.000000</float_array>
        <technique_common>
          <accessor source="#mixamorig_Hips-Matrix-animation-output-transform-array" count="25" stride="16">
            <param type="float4x4"/>
          </accessor>
        </technique_common>
      </source>
      <source id="mixamorig_Hips-Interpolations">
        <Name_array id="mixamorig_Hips-Interpolations-array" count="25">
 LINEAR LINEAR LINEAR LINEAR LINEAR LINEAR LINEAR LINEAR LINEAR LINEAR LINEAR
LINEAR LINEAR LINEAR LINEAR LINEAR LINEAR LINEAR LINEAR LINEAR LINEAR LINEAR LINEAR
LINEAR LINEAR</Name_array>
        <technique_common>
          <accessor source="#mixamorig_Hips-Interpolations-array" count="25">
            <param type="name"/>
          </accessor>
        </technique_common>
      </source>
      <sampler id="mixamorig_Hips-Matrix-animation-transform">
        <input semantic="INPUT" source="#mixamorig_Hips-Matrix-animation-input"/>
        <input semantic="OUTPUT" source="#mixamorig_Hips-Matrix-animation-output-transform"/>
        <input semantic="INTERPOLATION" source="#mixamorig_Hips-Interpolations"/>
      </sampler>
      <channel source="#mixamorig_Hips-Matrix-animation-transform" target="mixamorig_Hips/matrix"/>
    </animation>
    <animation id="mixamorig_Spine-anim" name="mixamorig_Spine">
      <source id="mixamorig_Spine-Matrix-animation-input">
        <float_array id="mixamorig_Spine-Matrix-animation-input-array" count="25">

0.000000 0.033333 0.066667 0.100000 0.133333 0.166667 0.200000 0.233333 0.266667 0.300000 0.333333 0.366667 0.400000 0.433333 0.466667 0.500000
0.533333 0.566667 0.600000 0.633333 0.666667 0.700000 0.733333 0.766667 0.800000</float_array>
        <technique_common>
          <accessor source="#mixamorig_Spine-Matrix-animation-input-array" count="25">
            <param name="TIME" type="float"/>
          </accessor>
        </technique_common>
      </source>
      <source id="mixamorig_Spine-Matrix-animation-output-transform">
        <float_array id="mixamorig_Spine-Matrix-animation-output-transform-array" count="400">

0.999405 0.023962 -0.024826 -0.038100 -0.025960 0.996164 -0.083565 9.490500 0.022729 0.084160 0.996193 -1.392100 0.000000 0.000000 0.000000 1.000000
0.999378 0.017668 -0.030533 -0.038100 -0.020150 0.996347 -0.082983 9.490500 0.028955 0.083546 0.996083 -1.392100 0.000000 0.000000 0.000000 1.000000
0.999002 0.015935 -0.041738 -0.038100 -0.019258 0.996571 -0.080465 9.490500 0.040313 0.081189 0.995883 -1.392100 0.000000 0.000000 0.000000 1.000000
0.998480 0.016303 -0.052649 -0.038100 -0.020186 0.997048 -0.074084 9.490500 0.051286 0.075034 0.995861 -1.392100 0.000000 0.000000 0.000000 1.000000
0.998235 0.014406 -0.057621 -0.038100 -0.018350 0.997482 -0.068508 9.490500 0.056489 0.069444 0.995985 -1.392100 0.000000 0.000000 0.000000 1.000000
0.998352 0.010136 -0.056490 -0.038100 -0.013815 0.997782 -0.065124 9.490500 0.055704 0.065797 0.996277 -1.392100 0.000000 0.000000 0.000000 1.000000
0.998622 0.008141 -0.051838 -0.038100 -0.011551 0.997764 -0.065832 9.490500 0.051186 0.066340 0.996483 -1.392100 0.000000 0.000000 0.000000 1.000000
0.998866 0.011143 -0.046289 -0.038100 -0.014349 0.997479 -0.069503 9.490500 0.045397 0.070089 0.996507 -1.392100 0.000000 0.000000 0.000000 1.000000
0.999094 0.016825 -0.039079 -0.038100 -0.019647 0.997140 -0.072978 9.490500 0.037739 0.073680 0.996568 -1.392100 0.000000 0.000000 0.000000 1.000000
0.999292 0.023343 -0.029520 -0.038100 -0.025602 0.996575 -0.078634 9.490500 0.027583 0.079334 0.996466 -1.392100 0.000000 0.000000 0.000000 1.000000
0.999294 0.032022 -0.019632 -0.038100 -0.033541 0.996008 -0.082723 9.490500 0.016905 0.083323 0.996379 -1.392100 0.000000 0.000000 0.000000 1.000000
0.999116 0.040947 -0.009551 -0.038100 -0.041599 0.995688 -0.082914 9.490500 0.006115 0.083238 0.996511 -1.392100 0.000000 0.000000 0.000000 1.000000
0.998910 0.046677 0.000138 -0.038100 -0.046527 0.995933 -0.077158 9.490500 -0.003739 0.077067 0.997019 -1.392100 0.000000 0.000000 0.000000 1.000000
0.998614 0.051117 0.012569 -0.038100 -0.050104 0.996230 -0.070816 9.490500 -0.016141 0.070088 0.997410 -1.392100 0.000000 0.000000 0.000000 1.000000
0.998237 0.052108 0.028437 -0.038100 -0.050058 0.996389 -0.068578 9.490500 -0.031907 0.067034 0.997240 -1.392100 0.000000 0.000000 0.000000 1.000000
0.997904 0.047761 0.043674 -0.038100 -0.044795 0.996777 -0.066546 9.490500 -0.046712 0.064450 0.996827 -1.392100 0.000000 0.000000 0.000000 1.000000
0.997839 0.041570 0.050887 -0.038100 -0.038273 0.997207 -0.064135 9.490500 -0.053411 0.062048 0.996643 -1.392100 0.000000 0.000000 0.000000 1.000000
0.998149 0.039390 0.046340 -0.038100 -0.036381 0.997282 -0.064064 9.490500 -0.048738 0.062259 0.996869 -1.392100 0.000000 0.000000 0.000000 1.000000
0.998527 0.040222 0.036404 -0.038100 -0.037697 0.997003 -0.067561 9.490500 -0.039013 0.066089 0.997051 -1.392100 0.000000 0.000000 0.000000 1.000000
0.998850 0.039965 0.026488 -0.038100 -0.037938 0.996608 -0.073032 9.490500 -0.029317 0.071944 0.996978 -1.392100 0.000000 0.000000 0.000000 1.000000
0.999146 0.036711 0.018937 -0.038100 -0.035094 0.996207 -0.079629 9.490500 -0.021789 0.078896 0.996645 -1.392100 0.000000 0.000000 0.000000 1.000000
0.999396 0.032870 0.011297 -0.038100 -0.031791 0.995859 -0.085169 9.490500 -0.014050 0.084759 0.996302 -1.392100 0.000000 0.000000 0.000000 1.000000
0.999573 0.029143 0.002276 -0.038100 -0.028828 0.995668 -0.088400 9.490500 -0.004842 0.088296 0.996082 -1.392100 0.000000 0.000000 0.000000 1.000000
0.999564 0.027194 -0.011511 -0.038100 -0.028082 0.995932 -0.085622 9.490500 0.009136 0.085908 0.996261 -1.392100 0.000000 0.000000 0.000000 1.000000
0.999405 0.023962 -0.024827 -0.038100 -0.025960 0.996164 -0.083564 9.490500 0.022730 0.084159 0.996193 -1.392100 0.000000 0.000000 0.000000 1.000000</float_array>
        <technique_common>
          <accessor source="#mixamorig_Spine-Matrix-animation-output-transform-array" count="25" stride="16">
            <param type="float4x4"/>
          </accessor>
        </technique_common>
      </source>
      <source id="mixamorig_Spine-Interpolations">
        <Name_array id="mixamorig_Spine-Interpolations-array" count="25">
 LINEAR LINEAR LINEAR LINEAR LINEAR LINEAR LINEAR LINEAR LINEAR LINEAR LINEAR
LINEAR LINEAR LINEAR LINEAR LINEAR LINEAR LINEAR LINEAR LINEAR LINEAR LINEAR LINEAR
LINEAR LINEAR</Name_array>
        <technique_common>
          <accessor source="#mixamorig_Spine-Interpolations-array" count="25">
            <param type="name"/>
          </accessor>
        </technique_common>
      </source>
      <sampler id="mixamorig_Spine-Matrix-animation-transform">
        <input semantic="INPUT" source="#mixamorig_Spine-Matrix-animation-input"/>
        <input semantic="OUTPUT" source="#mixamorig_Spine-Matrix-animation-output-transform"/>
        <input semantic="INTERPOLATION" source="#mixamorig_Spine-Interpolations"/>
      </sampler>
      <channel source="#mixamorig_Spine-Matrix-animation-transform" target="mixamorig_Spine/matrix"/>
    </animation>
    <animation id="mixamorig_Spine1-anim" name="mixamorig_Spine1">
      <source id="mixamorig_Spine1-Matrix-animation-input">
        <float_array id="mixamorig_Spine1-Matrix-animation-input-array" count="25">

0.000000 0.033333 0.066667 0.100000 0.133333 0.166667 0.200000 0.233333 0.266667 0.300000 0.333333 0.366667 0.400000 0.433333 0.466667 0.500000
0.533333 0.566667 0.600000 0.633333 0.666667 0.700000 0.733333 0.766667 0.800000</float_array>
        <technique_common>
          <accessor source="#mixamorig_Spine1-Matrix-animation-input-array" count="25">
            <param name="TIME" type="float"/>
          </accessor>
        </technique_common>
      </source>
      <source id="mixamorig_Spine1-Matrix-animation-output-transform">
        <float_array id="mixamorig_Spine1-Matrix-animation-output-transform-array" count="400">

0.996968 0.056007 -0.054022 0.000000 -0.064803 0.981906 -0.177934 11.190800 0.043079 0.180896 0.982558 -0.000000 0.000000 0.000000 0.000000 1.000000
0.996642 0.047898 -0.066416 0.000000 -0.058979 0.982540 -0.176456 11.190800 0.056804 0.179780 0.982065 0.000000 0.000000 0.000000 0.000000 1.000000
0.994961 0.046326 -0.088922 -0.000000 -0.061054 0.983412 -0.170804 11.190800 0.079534 0.175373 0.981284 -0.000000 0.000000 0.000000 0.000000 1.000000
0.992595 0.048809 -0.111234 -0.000000 -0.066085 0.985328 -0.157357 11.190800 0.101921 0.163543 0.981257 0.000000 0.000000 0.000000 0.000000 1.000000
0.991473 0.046445 -0.121755 0.000000 -0.064172 0.987204 -0.145980 11.190800 0.113417 0.152549 0.981766 0.000000 0.000000 0.000000 0.000000 1.000000
0.992045 0.038344 -0.119900 0.000000 -0.055084 0.988677 -0.139582 11.190800 0.113191 0.145076 0.982925 0.000000 0.000000 0.000000 0.000000 1.000000
0.993269 0.033570 -0.110856 -0.000000 -0.049201 0.988724 -0.141435 11.190800 0.104858 0.145937 0.983721 0.000000 0.000000 0.000000 0.000000 1.000000
0.994508 0.035667 -0.098395 0.000000 -0.050177 0.987537 -0.149176 11.190800 0.091848 0.153294 0.983903 -0.000000 0.000000 0.000000 0.000000 1.000000
0.995790 0.041839 -0.081559 -0.000000 -0.054259 0.986175 -0.156573 11.190800 0.073881 0.160339 0.984293 0.000000 0.000000 0.000000 0.000000 1.000000
0.996656 0.053282 -0.061957 0.000000 -0.063041 0.983755 -0.168085 11.190800 0.051995 0.171429 0.983824 0.000000 0.000000 0.000000 0.000000 1.000000
0.996765 0.068698 -0.041708 -0.000000 -0.075028 0.981432 -0.176528 11.190800 0.028806 0.179086 0.983412 -0.000000 0.000000 0.000000 0.000000 1.000000
0.996234 0.084147 -0.020928 -0.000000 -0.086530 0.980335 -0.177356 11.190800 0.005593 0.178499 0.983924 -0.000000 0.000000 0.000000 0.000000 1.000000
0.995602 0.093680 -0.001037 0.000000 -0.092545 0.981697 -0.166453 11.190800 -0.014576 0.165817 0.986049 0.000000 0.000000 0.000000 0.000000 1.000000
0.994643 0.100520 0.024120 0.000000 -0.095634 0.983359 -0.154465 11.190800 -0.039245 0.151331 0.987704 0.000000 0.000000 0.000000 0.000000 1.000000
0.993372 0.100235 0.056259 0.000000 -0.090805 0.984422 -0.150559 11.190800 -0.070474 0.144452 0.986999 0.000000 0.000000 0.000000 0.000000 1.000000
0.991968 0.092131 0.086670 -0.000000 -0.078755 0.986030 -0.146777 11.190800 -0.098981 0.138772 0.985365 -0.000000 0.000000 0.000000 0.000000 1.000000
0.991472 0.082908 0.100550 0.000000 -0.068172 0.987511 -0.142039 11.190800 -0.111071 0.133973 0.984741 0.000000 0.000000 0.000000 0.000000 1.000000
0.992610 0.079779 0.091433 0.000000 -0.066321 0.987673 -0.141789 11.190800 -0.101618 0.134677 0.985665 0.000000 0.000000 0.000000 0.000000 1.000000
0.994046 0.082507 0.071167 0.000000 -0.071227 0.986329 -0.148600 11.190800 -0.082455 0.142646 0.986333 0.000000 0.000000 0.000000 0.000000 1.000000
0.995215 0.083747 0.050342 0.000000 -0.074784 0.984407 -0.159218 11.190800 -0.062891 0.154691 0.985959 0.000000 0.000000 0.000000 0.000000 1.000000
0.996241 0.079906 0.033450 0.000000 -0.073020 0.982386 -0.172006 11.190800 -0.046605 0.168917 0.984528 -0.000000 0.000000 0.000000 0.000000 1.000000
0.997282 0.071279 0.018652 0.000000 -0.066695 0.980919 -0.182618 11.190800 -0.031313 0.180877 0.983007 0.000000 0.000000 0.000000 0.000000 1.000000
0.997984 0.063452 0.001170 0.000000 -0.062093 0.980080 -0.188649 11.190800 -0.013117 0.188196 0.982044 -0.000000 0.000000 0.000000 0.000000 1.000000
0.997890 0.059454 -0.026088 0.000000 -0.063231 0.981142 -0.182652 11.190800 0.014737 0.183916 0.982832 0.000000 0.000000 0.000000 0.000000 1.000000
0.996968 0.056007 -0.054022 -0.000000 -0.064803 0.981906 -0.177934 11.190800 0.043079 0.180896 0.982558 0.000000 0.000000 0.000000 0.000000 1.000000</float_array>
        <technique_common>
          <accessor source="#mixamorig_Spine1-Matrix-animation-output-transform-array" count="25" stride="16">
            <param type="float4x4"/>
          </accessor>
        </technique_common>
      </source>
      <source id="mixamorig_Spine1-Interpolations">
        <Name_array id="mixamorig_Spine1-Interpolations-array" count="25">
 LINEAR LINEAR LINEAR LINEAR LINEAR LINEAR LINEAR LINEAR LINEAR LINEAR LINEAR
LINEAR LINEAR LINEAR LINEAR LINEAR LINEAR LINEAR LINEAR LINEAR LINEAR LINEAR LINEAR
LINEAR LINEAR</Name_array>
        <technique_common>
          <accessor source="#mixamorig_Spine1-Interpolations-array" count="25">
            <param type="name"/>
          </accessor>
        </technique_common>
      </source>
      <sampler id="mixamorig_Spine1-Matrix-animation-transform">
        <input semantic="INPUT" source="#mixamorig_Spine1-Matrix-animation-input"/>
        <input semantic="OUTPUT" source="#mixamorig_Spine1-Matrix-animation-output-transform"/>
        <input semantic="INTERPOLATION" source="#mixamorig_Spine1-Interpolations"/>
      </sampler>
      <channel source="#mixamorig_Spine1-Matrix-animation-transform" target="mixamorig_Spine1/matrix"/>
    </animation>
    <animation id="mixamorig_Spine2-anim" name="mixamorig_Spine2">
      <source id="mixamorig_Spine2-Matrix-animation-input">
        <float_array id="mixamorig_Spine2-Matrix-animation-input-array" count="25">

0.000000 0.033333 0.066667 0.100000 0.133333 0.166667 0.200000 0.233333 0.266667 0.300000 0.333333 0.366667 0.400000 0.433333 0.466667 0.500000
0.533333 0.566667 0.600000 0.633333 0.666667 0.700000 0.733333 0.766667 0.800000</float_array>
        <technique_common>
          <accessor source="#mixamorig_Spine2-Matrix-animation-input-array" count="25">
            <param name="TIME" type="float"/>
          </accessor>
        </technique_common>
      </source>
      <source id="mixamorig_Spine2-Matrix-animation-output-transform">
        <float_array id="mixamorig_Spine2-Matrix-animation-output-transform-array" count="400">

0.996742 0.063152 -0.050167 0.000000 -0.068688 0.990680 -0.117627 12.789500 0.042271 0.120689 0.991790 -0.000000 0.000000 0.000000 0.000000 1.000000
0.996911 0.051602 -0.059213 0.000000 -0.058305 0.991335 -0.117707 12.789500 0.052626 0.120795 0.991281 0.000000 0.000000 0.000000 0.000000 1.000000
0.994546 0.052659 -0.090026 0.000000 -0.062491 0.991950 -0.110139 12.789500 0.083501 0.115164 0.989831 -0.000000 0.000000 0.000000 0.000000 1.000000
0.991299 0.064585 -0.114696 -0.000000 -0.075975 0.992294 -0.097881 12.789500 0.107490 0.105743 0.988567 0.000000 0.000000 0.000000 0.000000 1.000000
0.990720 0.060597 -0.121659 -0.000000 -0.070571 0.994340 -0.079417 12.789500 0.116158 0.087266 0.989390 -0.000000 0.000000 0.000000 0.000000 1.000000
0.991870 0.045044 -0.119016 -0.000000 -0.054511 0.995499 -0.077525 12.789500 0.114988 0.083382 0.989861 0.000000 0.000000 0.000000 0.000000 1.000000
0.993407 0.041337 -0.106932 0.000000 -0.050121 0.995469 -0.080803 12.789500 0.103107 0.085629 0.990978 0.000000 0.000000 0.000000 0.000000 1.000000
0.994400 0.046946 -0.094686 0.000000 -0.055265 0.994653 -0.087240 12.789500 0.090085 0.091984 0.991677 0.000000 0.000000 0.000000 0.000000 1.000000
0.995553 0.050971 -0.079221 -0.000000 -0.058882 0.993146 -0.100965 12.789500 0.073531 0.105181 0.991731 -0.000000 0.000000 0.000000 0.000000 1.000000
0.996887 0.057202 -0.054253 0.000000 -0.062516 0.992825 -0.101928 12.789500 0.048033 0.105003 0.993311 0.000000 0.000000 0.000000 0.000000 1.000000
0.996122 0.081021 -0.034303 -0.000000 -0.084712 0.988513 -0.125160 12.789500 0.023768 0.127580 0.991543 0.000000 0.000000 0.000000 0.000000 1.000000
0.995744 0.090959 -0.014810 0.000000 -0.092090 0.988210 -0.122313 12.789500 0.003510 0.123157 0.992381 0.000000 0.000000 0.000000 0.000000 1.000000
0.995138 0.098026 0.009594 0.000000 -0.096618 0.990460 -0.098253 12.789500 -0.019134 0.096849 0.995115 0.000000 0.000000 0.000000 0.000000 1.000000
0.994022 0.105424 0.028390 -0.000000 -0.102333 0.990271 -0.094292 12.789500 -0.038054 0.090823 0.995140 -0.000000 0.000000 0.000000 0.000000 1.000000
0.992412 0.103727 0.066030 0.000000 -0.097637 0.991180 -0.089604 12.789500 -0.074742 0.082477 0.993786 0.000000 0.000000 0.000000 0.000000 1.000000
0.990687 0.088072 0.103843 -0.000000 -0.079389 0.993215 -0.084978 12.789500 -0.110623 0.075943 0.990957 0.000000 0.000000 0.000000 0.000000 1.000000
0.990870 0.075903 0.111428 -0.000000 -0.067067 0.994454 -0.081019 12.789500 -0.116959 0.072806 0.990464 0.000000 0.000000 0.000000 0.000000 1.000000
0.992251 0.077100 0.097437 0.000000 -0.069596 0.994505 -0.078200 12.789500 -0.102931 0.070813 0.992165 0.000000 0.000000 0.000000 0.000000 1.000000
0.993960 0.082407 0.072472 0.000000 -0.076039 0.993335 -0.086627 12.789500 -0.079127 0.080593 0.993601 0.000000 0.000000 0.000000 0.000000 1.000000
0.994875 0.086726 0.051985 0.000000 -0.081080 0.991441 -0.102324 12.789500 -0.060415 0.097585 0.993392 -0.000000 0.000000 0.000000 0.000000 1.000000
0.995901 0.082583 0.036886 0.000000 -0.077994 0.990632 -0.112093 12.789500 -0.045797 0.108757 0.993013 0.000000 0.000000 0.000000 0.000000 1.000000
0.997140 0.072347 0.021870 -0.000000 -0.069084 0.989809 -0.124525 12.789500 -0.030656 0.122658 0.991975 0.000000 0.000000 0.000000 0.000000 1.000000
0.997929 0.064084 0.005632 0.000000 -0.062762 0.989071 -0.133416 12.789500 -0.014120 0.132787 0.991044 -0.000000 0.000000 0.000000 0.000000 1.000000
0.997597 0.065364 -0.022983 -0.000000 -0.067674 0.990366 -0.120815 12.789500 0.014864 0.122080 0.992409 0.000000 0.000000 0.000000 0.000000 1.000000
0.996742 0.063152 -0.050167 -0.000000 -0.068688 0.990679 -0.117627 12.789500 0.042271 0.120689 0.991790 -0.000000 0.000000 0.000000 0.000000 1.000000</float_array>
        <technique_common>
          <accessor source="#mixamorig_Spine2-Matrix-animation-output-transform-array" count="25" stride="16">
            <param type="float4x4"/>
          </accessor>
        </technique_common>
      </source>
      <source id="mixamorig_Spine2-Interpolations">
        <Name_array id="mixamorig_Spine2-Interpolations-array" count="25">
 LINEAR LINEAR LINEAR LINEAR LINEAR LINEAR LINEAR LINEAR LINEAR LINEAR LINEAR
LINEAR LINEAR LINEAR LINEAR LINEAR LINEAR LINEAR LINEAR LINEAR LINEAR LINEAR LINEAR
LINEAR LINEAR</Name_array>
        <technique_common>
          <accessor source="#mixamorig_Spine2-Interpolations-array" count="25">
            <param type="name"/>
          </accessor>
        </technique_common>
      </source>
      <sampler id="mixamorig_Spine2-Matrix-animation-transform">
        <input semantic="INPUT" source="#mixamorig_Spine2-Matrix-animation-input"/>
        <input semantic="OUTPUT" source="#mixamorig_Spine2-Matrix-animation-output-transform"/>
        <input semantic="INTERPOLATION" source="#mixamorig_Spine2-Interpolations"/>
      </sampler>
      <channel source="#mixamorig_Spine2-Matrix-animation-transform" target="mixamorig_Spine2/matrix"/>
    </animation>
    <animation id="mixamorig_Neck-anim" name="mixamorig_Neck">
      <source id="mixamorig_Neck-Matrix-animation-input">
        <float_array id="mixamorig_Neck-Matrix-animation-input-array" count="25">

0.000000 0.033333 0.066667 0.100000 0.133333 0.166667 0.200000 0.233333 0.266667 0.300000 0.333333 0.366667 0.400000 0.433333 0.466667 0.500000
0.533333 0.566667 0.600000 0.633333 0.666667 0.700000 0.733333 0.766667 0.800000</float_array>
        <technique_common>
          <accessor source="#mixamorig_Neck-Matrix-animation-input-array" count="25">
            <param name="TIME" type="float"/>
          </accessor>
        </technique_common>
      </source>
      <source id="mixamorig_Neck-Matrix-animation-output-transform">
        <float_array id="mixamorig_Neck-Matrix-animation-output-transform-array" count="400">

0.973522 -0.061005 0.220302 -0.056900 0.051070 0.997417 0.050517 14.235800 -0.222815 -0.037928 0.974123 -2.088100 0.000000 0.000000 0.000000 1.000000
0.973670 -0.055658 0.221063 -0.056900 0.048773 0.998143 0.036484 14.235800 -0.222683 -0.024741 0.974577 -2.088100 0.000000 0.000000 0.000000 1.000000
0.972200 -0.039385 0.230816 -0.056900 0.039859 0.999202 0.002611 14.235800 -0.230735 0.006661 0.972994 -2.088100 0.000000 0.000000 0.000000 1.000000
0.970176 -0.021429 0.241453 -0.056900 0.035552 0.997892 -0.054291 14.235800 -0.239781 0.061256 0.968893 -2.088100 0.000000 0.000000 0.000000 1.000000
0.969107 -0.010547 0.246414 -0.056900 0.036460 0.994235 -0.100836 14.235800 -0.243930 0.106705 0.963905 -2.088100 0.000000 0.000000 0.000000 1.000000
0.968588 -0.018700 0.247969 -0.056900 0.048336 0.992308 -0.113969 14.235800 -0.243930 0.122374 0.962041 -2.088100 0.000000 0.000000 0.000000 1.000000
0.967545 -0.043203 0.248979 -0.056900 0.067842 0.993515 -0.091243 14.235800 -0.243423 0.105173 0.964201 -2.088100 0.000000 0.000000 0.000000 1.000000
0.965625 -0.064615 0.251779 -0.056900 0.083808 0.994277 -0.066257 14.235800 -0.246056 0.085080 0.965514 -2.088100 0.000000 0.000000 0.000000 1.000000
0.963937 -0.081115 0.253466 -0.056900 0.093524 0.994919 -0.037276 14.235800 -0.249155 0.059637 0.966626 -2.088100 0.000000 0.000000 0.000000 1.000000
0.962960 -0.098020 0.251199 -0.056900 0.095876 0.995176 0.020792 14.235800 -0.252025 0.004062 0.967712 -2.088100 0.000000 0.000000 0.000000 1.000000
0.961437 -0.137953 0.237925 -0.056900 0.114502 0.987338 0.109782 14.235800 -0.250057 -0.078306 0.965060 -2.088100 0.000000 0.000000 0.000000 1.000000
0.959610 -0.171061 0.223356 -0.056900 0.134400 0.976199 0.170212 14.235800 -0.247156 -0.133318 0.959760 -2.088100 0.000000 0.000000 0.000000 1.000000
0.956272 -0.184982 0.226551 -0.056900 0.146208 0.973201 0.177489 14.235800 -0.253312 -0.136605 0.957691 -2.088100 0.000000 0.000000 0.000000 1.000000
0.953511 -0.177232 0.243734 -0.056900 0.145054 0.978844 0.144302 14.235800 -0.264153 -0.102239 0.959047 -2.088100 0.000000 0.000000 0.000000 1.000000
0.953332 -0.159571 0.256309 -0.056900 0.140183 0.985811 0.092335 14.235800 -0.267406 -0.052096 0.962175 -2.088100 0.000000 0.000000 0.000000 1.000000
0.957185 -0.143087 0.251641 -0.056900 0.141484 0.989636 0.024547 14.235800 -0.252546 0.012108 0.967509 -2.088100 0.000000 0.000000 0.000000 1.000000
0.964325 -0.118933 0.236501 -0.056900 0.132310 0.990341 -0.041461 14.235800 -0.229286 0.071273 0.970746 -2.088100 0.000000 0.000000 0.000000 1.000000
0.969980 -0.109692 0.217041 -0.056900 0.124632 0.990602 -0.056349 14.235800 -0.208820 0.081708 0.974535 -2.088100 0.000000 0.000000 0.000000 1.000000
0.974464 -0.104499 0.198745 -0.056900 0.113871 0.992832 -0.036292 14.235800 -0.193528 0.057997 0.979379 -2.088100 0.000000 0.000000 0.000000 1.000000
0.977628 -0.096444 0.186930 -0.056900 0.098941 0.995085 -0.004054 14.235800 -0.185620 0.022459 0.982365 -2.088100 0.000000 0.000000 0.000000 1.000000
0.978920 -0.093749 0.181455 -0.056900 0.091333 0.995585 0.021645 14.235800 -0.182683 -0.004616 0.983161 -2.088100 0.000000 0.000000 0.000000 1.000000
0.978044 -0.094517 0.185733 -0.056900 0.085498 0.994763 0.056001 14.235800 -0.190053 -0.038892 0.981003 -2.088100 0.000000 0.000000 0.000000 1.000000
0.975671 -0.099600 0.195312 -0.056900 0.082440 0.992142 0.094118 14.235800 -0.203152 -0.075726 0.976215 -2.088100 0.000000 0.000000 0.000000 1.000000
0.972873 -0.095244 0.210823 -0.056900 0.071795 0.990624 0.116228 14.235800 -0.219917 -0.097939 0.970590 -2.088100 0.000000 0.000000 0.000000 1.000000
0.973522 -0.060998 0.220303 -0.056900 0.051067 0.997418 0.050501 14.235800 -0.222815 -0.037914 0.974123 -2.088100 0.000000 0.000000 0.000000 1.000000</float_array>
        <technique_common>
          <accessor source="#mixamorig_Neck-Matrix-animation-output-transform-array" count="25" stride="16">
            <param type="float4x4"/>
          </accessor>
        </technique_common>
      </source>
      <source id="mixamorig_Neck-Interpolations">
        <Name_array id="mixamorig_Neck-Interpolations-array" count="25">
 LINEAR LINEAR LINEAR LINEAR LINEAR LINEAR LINEAR LINEAR LINEAR LINEAR LINEAR
LINEAR LINEAR LINEAR LINEAR LINEAR LINEAR LINEAR LINEAR LINEAR LINEAR LINEAR LINEAR
LINEAR LINEAR</Name_array>
        <technique_common>
          <accessor source="#mixamorig_Neck-Interpolations-array" count="25">
            <param type="name"/>
          </accessor>
        </technique_common>
      </source>
      <sampler id="mixamorig_Neck-Matrix-animation-transform">
        <input semantic="INPUT" source="#mixamorig_Neck-Matrix-animation-input"/>
        <input semantic="OUTPUT" source="#mixamorig_Neck-Matrix-animation-output-transform"/>
        <input semantic="INTERPOLATION" source="#mixamorig_Neck-Interpolations"/>
      </sampler>
      <channel source="#mixamorig_Neck-Matrix-animation-transform" target="mixamorig_Neck/matrix"/>
    </animation>
    <animation id="mixamorig_Head-anim" name="mixamorig_Head">
      <source id="mixamorig_Head-Matrix-animation-input">
        <float_array id="mixamorig_Head-Matrix-animation-input-array" count="25">

0.000000 0.033333 0.066667 0.100000 0.133333 0.166667 0.200000 0.233333 0.266667 0.300000 0.333333 0.366667 0.400000 0.433333 0.466667 0.500000
0.533333 0.566667 0.600000 0.633333 0.666667 0.700000 0.733333 0.766667 0.800000</float_array>
        <technique_common>
          <accessor source="#mixamorig_Head-Matrix-animation-input-array" count="25">
            <param name="TIME" type="float"/>
          </accessor>
        </technique_common>
      </source>
      <source id="mixamorig_Head-Matrix-animation-output-transform">
        <float_array id="mixamorig_Head-Matrix-animation-output-transform-array" count="400">

0.941994 0.175211 0.286266 -0.000000 -0.230014 0.958144 0.170451 3.280200 -0.244420 -0.226409 0.942867 0.313300 0.000000 0.000000 0.000000 1.000000
0.946160 0.160312 0.281215 0.000000 -0.214670 0.960983 0.174440 3.280200 -0.242278 -0.225416 0.943657 0.313300 0.000000 0.000000 0.000000 1.000000
0.951980 0.129647 0.277354 0.000000 -0.187326 0.963206 0.192725 3.280200 -0.242163 -0.235425 0.941240 0.313300 0.000000 0.000000 0.000000 1.000000
0.955584 0.099444 0.277433 0.000000 -0.165365 0.960123 0.225429 3.280200 -0.243952 -0.261294 0.933923 0.313300 0.000000 0.000000 0.000000 1.000000
0.956805 0.081831 0.278977 0.000000 -0.156601 0.953532 0.257396 3.280200 -0.244950 -0.289965 0.925159 0.313300 0.000000 0.000000 0.000000 1.000000
0.954060 0.083777 0.287666 0.000000 -0.166129 0.946923 0.275204 3.280200 -0.249342 -0.310350 0.917339 0.313300 0.000000 0.000000 0.000000 1.000000
0.949604 0.091405 0.299830 0.000000 -0.177805 0.944833 0.275094 3.280200 -0.258145 -0.314542 0.913469 0.313300 0.000000 0.000000 0.000000 1.000000
0.944909 0.098778 0.312075 -0.000000 -0.188209 0.943979 0.271075 3.280200 -0.267815 -0.314876 0.910565 0.313300 0.000000 0.000000 0.000000 1.000000
0.941600 0.104465 0.320120 -0.000000 -0.195201 0.943970 0.266116 3.280200 -0.274384 -0.313062 0.909234 0.313300 0.000000 0.000000 0.000000 1.000000
0.941610 0.103980 0.320249 -0.000000 -0.192460 0.946640 0.258520 3.280200 -0.276279 -0.305060 0.911377 0.313300 0.000000 0.000000 0.000000 1.000000
0.940943 0.108033 0.320865 0.000000 -0.189374 0.953543 0.234292 3.280200 -0.280647 -0.281220 0.917689 0.313300 0.000000 0.000000 0.000000 1.000000
0.938943 0.117486 0.323392 0.000000 -0.191588 0.959229 0.207781 3.280200 -0.285796 -0.257052 0.923171 0.313300 0.000000 0.000000 0.000000 1.000000
0.932653 0.131517 0.335950 0.000000 -0.202200 0.961743 0.184840 3.280200 -0.298788 -0.240321 0.923565 0.313300 0.000000 0.000000 0.000000 1.000000
0.925623 0.142392 0.350637 0.000000 -0.212857 0.961957 0.171262 3.280200 -0.312911 -0.233160 0.920719 0.313300 0.000000 0.000000 0.000000 1.000000
0.920620 0.155473 0.358171 0.000000 -0.223251 0.962168 0.156176 3.280200 -0.320340 -0.223741 0.920501 0.313300 0.000000 0.000000 0.000000 1.000000
0.918855 0.173068 0.354616 -0.000000 -0.237267 0.960400 0.146072 3.280200 -0.315292 -0.218357 0.923532 0.313300 0.000000 0.000000 0.000000 1.000000
0.924219 0.178054 0.337812 0.000000 -0.244115 0.955759 0.164113 3.280200 -0.293646 -0.234141 0.926796 0.313300 0.000000 0.000000 0.000000 1.000000
0.931089 0.178533 0.318119 0.000000 -0.244102 0.952967 0.179633 3.280200 -0.271087 -0.244908 0.930877 0.313300 0.000000 0.000000 0.000000 1.000000
0.937447 0.179498 0.298284 0.000000 -0.243270 0.950672 0.192462 3.280200 -0.249023 -0.252987 0.934872 0.313300 0.000000 0.000000 0.000000 1.000000
0.942995 0.179060 0.280532 0.000000 -0.237081 0.952997 0.188652 3.280200 -0.233566 -0.244406 0.941123 0.313300 0.000000 0.000000 0.000000 1.000000
0.942304 0.189896 0.275687 0.000000 -0.245391 0.951993 0.183011 3.280200 -0.227699 -0.240103 0.943665 0.313300 0.000000 0.000000 0.000000 1.000000
0.937135 0.205974 0.281697 0.000000 -0.260388 0.950149 0.171506 3.280200 -0.232328 -0.234075 0.944051 0.313300 0.000000 0.000000 0.000000 1.000000
0.930649 0.220488 0.292022 -0.000000 -0.273976 0.948886 0.156693 3.280200 -0.242546 -0.225833 0.943488 0.313300 0.000000 0.000000 0.000000 1.000000
0.931798 0.209170 0.296648 0.000000 -0.260206 0.954734 0.144136 3.280200 -0.253071 -0.211495 0.944047 0.313300 0.000000 0.000000 0.000000 1.000000
0.941994 0.175209 0.286266 0.000000 -0.230015 0.958142 0.170461 3.280200 -0.244417 -0.226419 0.942865 0.313300 0.000000 0.000000 0.000000 1.000000</float_array>
        <technique_common>
          <accessor source="#mixamorig_Head-Matrix-animation-output-transform-array" count="25" stride="16">
            <param type="float4x4"/>
          </accessor>
        </technique_common>
      </source>
      <source id="mixamorig_Head-Interpolations">
        <Name_array id="mixamorig_Head-Interpolations-array" count="25">
 LINEAR LINEAR LINEAR LINEAR LINEAR LINEAR LINEAR LINEAR LINEAR LINEAR LINEAR
LINEAR LINEAR LINEAR LINEAR LINEAR LINEAR LINEAR LINEAR LINEAR LINEAR LINEAR LINEAR
LINEAR LINEAR</Name_array>
        <technique_common>
          <accessor source="#mixamorig_Head-Interpolations-array" count="25">
            <param type="name"/>
          </accessor>
        </technique_common>
      </source>
      <sampler id="mixamorig_Head-Matrix-animation-transform">
        <input semantic="INPUT" source="#mixamorig_Head-Matrix-animation-input"/>
        <input semantic="OUTPUT" source="#mixamorig_Head-Matrix-animation-output-transform"/>
        <input semantic="INTERPOLATION" source="#mixamorig_Head-Interpolations"/>
      </sampler>
      <channel source="#mixamorig_Head-Matrix-animation-transform" target="mixamorig_Head/matrix"/>
    </animation>
    <animation id="mixamorig_LeftShoulder-anim" name="mixamorig_LeftShoulder">
      <source id="mixamorig_LeftShoulder-Matrix-animation-input">
        <float_array id="mixamorig_LeftShoulder-Matrix-animation-input-array" count="25">

0.000000 0.033333 0.066667 0.100000 0.133333 0.166667 0.200000 0.233333 0.266667 0.300000 0.333333 0.366667 0.400000 0.433333 0.466667 0.500000
0.533333 0.566667 0.600000 0.633333 0.666667 0.700000 0.733333 0.766667 0.800000</float_array>
        <technique_common>
          <accessor source="#mixamorig_LeftShoulder-Matrix-animation-input-array" count="25">
            <param name="TIME" type="float"/>
          </accessor>
        </technique_common>
      </source>
      <source id="mixamorig_LeftShoulder-Matrix-animation-output-transform">
        <float_array id="mixamorig_LeftShoulder-Matrix-animation-output-transform-array" count="400">

0.273007 0.904271 -0.328270 6.728800 0.013033 -0.344678 -0.938630 11.756600 -0.961924 0.251975 -0.105885 -2.058500 0.000000 0.000000 0.000000 1.000000
0.319681 0.891929 -0.319792 6.728800 0.014227 -0.341983 -0.939598 11.756600 -0.947418 0.295822 -0.122015 -2.058500 0.000000 0.000000 0.000000 1.000000
0.359117 0.880636 -0.309055 6.728800 0.015803 -0.336835 -0.941431 11.756600 -0.933159 0.333200 -0.134880 -2.058500 0.000000 0.000000 0.000000 1.000000
0.386086 0.870301 -0.305800 6.728800 0.016164 -0.337836 -0.941066 11.756600 -0.922321 0.358390 -0.144501 -2.058500 0.000000 0.000000 0.000000 1.000000
0.391719 0.864493 -0.314974 6.728800 0.014403 -0.348051 -0.937365 11.756600 -0.919972 0.362647 -0.148790 -2.058500 0.000000 0.000000 0.000000 1.000000
0.384357 0.867657 -0.315342 6.728800 0.014334 -0.347149 -0.937701 11.756600 -0.923073 0.355892 -0.145866 -2.058500 0.000000 0.000000 0.000000 1.000000
0.370190 0.881153 -0.294157 6.728800 0.018046 -0.323415 -0.946085 11.756600 -0.928781 0.344922 -0.135627 -2.058500 0.000000 0.000000 0.000000 1.000000
0.351157 0.894871 -0.275488 6.728800 0.020775 -0.301600 -0.953208 11.756600 -0.936086 0.329003 -0.124499 -2.058500 0.000000 0.000000 0.000000 1.000000
0.332200 0.905455 -0.264185 6.728800 0.021858 -0.287407 -0.957559 11.756600 -0.942956 0.312327 -0.115268 -2.058500 0.000000 0.000000 0.000000 1.000000
0.317881 0.907984 -0.272978 6.728800 0.020296 -0.294362 -0.955478 11.756600 -0.947913 0.298188 -0.112001 -2.058500 0.000000 0.000000 0.000000 1.000000
0.304861 0.915461 -0.262661 6.728800 0.021422 -0.282311 -0.959084 11.756600 -0.952156 0.286761 -0.105676 -2.058500 0.000000 0.000000 0.000000 1.000000
0.285960 0.920442 -0.266485 6.728800 0.020323 -0.283861 -0.958650 11.756600 -0.958026 0.268720 -0.099879 -2.058500 0.000000 0.000000 0.000000 1.000000
0.223928 0.934211 -0.277678 6.728800 0.017317 -0.288683 -0.957268 11.756600 -0.974452 0.209550 -0.080822 -2.058500 0.000000 0.000000 0.000000 1.000000
0.132316 0.943835 -0.302768 6.728800 0.013421 -0.307132 -0.951572 11.756600 -0.991117 0.121845 -0.053306 -2.058500 0.000000 0.000000 0.000000 1.000000
0.038452 0.947082 -0.318680 6.728800 0.011397 -0.319311 -0.947582 11.756600 -0.999195 0.032804 -0.023072 -2.058500 0.000000 0.000000 0.000000 1.000000
-0.033856 0.946539 -0.320809 6.728800 0.010698 -0.320632 -0.947144 11.756600 -0.999369 -0.035499 0.000729 -2.058500 0.000000 0.000000 0.000000 1.000000
-0.056689 0.941218 -0.333009 6.728800 0.011377 -0.332915 -0.942888 11.756600 -0.998327 -0.057240 0.008165 -2.058500 0.000000 0.000000 0.000000 1.000000
-0.042992 0.940282 -0.337669 6.728800 0.012380 -0.337454 -0.941260 11.756600 -0.998999 -0.044647 0.002867 -2.058500 0.000000 0.000000 0.000000 1.000000
0.000807 0.937370 -0.348334 6.728800 0.013236 -0.348313 -0.937285 11.756600 -0.999912 -0.003854 -0.012688 -2.058500 0.000000 0.000000 0.000000 1.000000
0.042061 0.931988 -0.360041 6.728800 0.012474 -0.360822 -0.932551 11.756600 -0.999037 0.034733 -0.026802 -2.058500 0.000000 0.000000 0.000000 1.000000
0.079829 0.925697 -0.369747 6.728800 0.013141 -0.371876 -0.928189 11.756600 -0.996722 0.069238 -0.041851 -2.058500 0.000000 0.000000 0.000000 1.000000
0.114493 0.916287 -0.383809 6.728800 0.011950 -0.387592 -0.921754 11.756600 -0.993352 0.100948 -0.055326 -2.058500 0.000000 0.000000 0.000000 1.000000
0.146255 0.919819 -0.364064 6.728800 0.013094 -0.369789 -0.929024 11.756600 -0.989160 0.131108 -0.066127 -2.058500 0.000000 0.000000 0.000000 1.000000
0.193892 0.923004 -0.332370 6.728800 0.013540 -0.341285 -0.939862 11.756600 -0.980929 0.177732 -0.078670 -2.058500 0.000000 0.000000 0.000000 1.000000
0.273006 0.904271 -0.328270 6.728800 0.013033 -0.344678 -0.938631 11.756600 -0.961924 0.251974 -0.105884 -2.058500 0.000000 0.000000 0.000000 1.000000</float_array>
        <technique_common>
          <accessor source="#mixamorig_LeftShoulder-Matrix-animation-output-transform-array" count="25" stride="16">
            <param type="float4x4"/>
          </accessor>
        </technique_common>
      </source>
      <source id="mixamorig_LeftShoulder-Interpolations">
        <Name_array id="mixamorig_LeftShoulder-Interpolations-array" count="25">
 LINEAR LINEAR LINEAR LINEAR LINEAR LINEAR LINEAR LINEAR LINEAR LINEAR LINEAR
LINEAR LINEAR LINEAR LINEAR LINEAR LINEAR LINEAR LINEAR LINEAR LINEAR LINEAR LINEAR
LINEAR LINEAR</Name_array>
        <technique_common>
          <accessor source="#mixamorig_LeftShoulder-Interpolations-array" count="25">
            <param type="name"/>
          </accessor>
        </technique_common>
      </source>
      <sampler id="mixamorig_LeftShoulder-Matrix-animation-transform">
        <input semantic="INPUT" source="#mixamorig_LeftShoulder-Matrix-animation-input"/>
        <input semantic="OUTPUT" source="#mixamorig_LeftShoulder-Matrix-animation-output-transform"/>
        <input semantic="INTERPOLATION" source="#mixamorig_LeftShoulder-Interpolations"/>
      </sampler>
      <channel source="#mixamorig_LeftShoulder-Matrix-animation-transform" target="mixamorig_LeftShoulder/matrix"/>
    </animation>
    <animation id="mixamorig_LeftArm-anim" name="mixamorig_LeftArm">
      <source id="mixamorig_LeftArm-Matrix-animation-input">
        <float_array id="mixamorig_LeftArm-Matrix-animation-input-array" count="25">

0.000000 0.033333 0.066667 0.100000 0.133333 0.166667 0.200000 0.233333 0.266667 0.300000 0.333333 0.366667 0.400000 0.433333 0.466667 0.500000
0.533333 0.566667 0.600000 0.633333 0.666667 0.700000 0.733333 0.766667 0.800000</float_array>
        <technique_common>
          <accessor source="#mixamorig_LeftArm-Matrix-animation-input-array" count="25">
            <param name="TIME" type="float"/>
          </accessor>
        </technique_common>
      </source>
      <source id="mixamorig_LeftArm-Matrix-animation-output-transform">
        <float_array id="mixamorig_LeftArm-Matrix-animation-output-transform-array" count="400">

0.860364 -0.504308 -0.073800 0.000000 0.481891 0.852042 -0.204464 14.448800 0.165994 0.140350 0.976088 0.000000 0.000000 0.000000 0.000000 1.000000
0.844777 -0.529528 -0.077153 0.000000 0.511831 0.841641 -0.172245 14.448800 0.156144 0.106020 0.982028 0.000000 0.000000 0.000000 0.000000 1.000000
0.835463 -0.543136 -0.083694 0.000000 0.527894 0.835512 -0.152475 14.448800 0.152742 0.083206 0.984757 -0.000000 0.000000 0.000000 0.000000 1.000000
0.836783 -0.539723 -0.092155 -0.000000 0.525591 0.838960 -0.141068 14.448800 0.153452 0.069608 0.985701 0.000000 0.000000 0.000000 0.000000 1.000000
0.828710 -0.549716 -0.105129 0.000000 0.536624 0.833787 -0.129748 14.448800 0.158979 0.051108 0.985958 0.000000 0.000000 0.000000 0.000000 1.000000
0.818392 -0.561762 -0.121068 0.000000 0.548433 0.826432 -0.127405 14.448800 0.171626 0.037870 0.984434 0.000000 0.000000 0.000000 0.000000 1.000000
0.812016 -0.567308 -0.137086 -0.000000 0.550857 0.822577 -0.141152 14.448800 0.192840 0.039103 0.980451 0.000000 0.000000 0.000000 0.000000 1.000000
0.812724 -0.562873 -0.150508 0.000000 0.543864 0.825548 -0.150606 14.448800 0.209023 0.040545 0.977070 0.000000 0.000000 0.000000 0.000000 1.000000
0.822883 -0.545064 -0.160527 0.000000 0.525052 0.837406 -0.151895 14.448800 0.217219 0.040707 0.975274 0.000000 0.000000 0.000000 0.000000 1.000000
0.836931 -0.520774 -0.168350 0.000000 0.503649 0.853215 -0.135505 14.448800 0.214206 0.028619 0.976369 0.000000 0.000000 0.000000 0.000000 1.000000
0.860105 -0.483749 -0.161887 0.000000 0.466075 0.874218 -0.136075 14.448800 0.207350 0.041588 0.977382 -0.000000 0.000000 0.000000 0.000000 1.000000
0.908417 -0.393429 -0.141392 0.000000 0.372016 0.915028 -0.155972 14.448800 0.190742 0.089088 0.977589 0.000000 0.000000 0.000000 0.000000 1.000000
0.962645 -0.250097 -0.103763 -0.000000 0.223283 0.950000 -0.218279 14.448800 0.153165 0.186956 0.970354 0.000000 0.000000 0.000000 0.000000 1.000000
0.993994 -0.085892 -0.067817 0.000000 0.062484 0.954176 -0.292648 14.448800 0.089846 0.286653 0.953812 0.000000 0.000000 0.000000 0.000000 1.000000
0.998586 0.038217 -0.036953 -0.000000 -0.049060 0.930212 -0.363729 14.448800 0.020473 0.365028 0.930772 0.000000 0.000000 0.000000 0.000000 1.000000
0.994448 0.104750 -0.010070 0.000000 -0.099267 0.902007 -0.420155 14.448800 -0.034928 0.418821 0.907397 0.000000 0.000000 0.000000 0.000000 1.000000
0.990243 0.139195 0.006641 0.000000 -0.121578 0.886240 -0.446988 14.448800 -0.068104 0.441819 0.894515 0.000000 0.000000 0.000000 0.000000 1.000000
0.991302 0.130825 0.014308 0.000000 -0.109945 0.882995 -0.456324 14.448800 -0.072333 0.450781 0.889699 0.000000 0.000000 0.000000 0.000000 1.000000
0.996379 0.084370 0.010537 0.000000 -0.071338 0.896962 -0.436315 14.448800 -0.046263 0.433983 0.899732 0.000000 0.000000 0.000000 0.000000 1.000000
0.999990 -0.002819 0.003424 0.000000 0.003950 0.917149 -0.398524 14.448800 -0.002017 0.398534 0.917152 0.000000 0.000000 0.000000 0.000000 1.000000
0.994625 -0.102756 -0.012776 -0.000000 0.091830 0.932346 -0.349711 14.448800 0.047847 0.346658 0.936771 0.000000 0.000000 0.000000 0.000000 1.000000
0.978148 -0.204748 -0.036127 0.000000 0.186321 0.940346 -0.284663 14.448800 0.092256 0.271711 0.957947 0.000000 0.000000 0.000000 0.000000 1.000000
0.948237 -0.311159 -0.063457 0.000000 0.286808 0.924918 -0.249536 14.448800 0.136338 0.218419 0.966284 0.000000 0.000000 0.000000 0.000000 1.000000
0.903725 -0.420116 -0.082360 0.000000 0.393007 0.890416 -0.229575 14.448800 0.169783 0.175104 0.969800 0.000000 0.000000 0.000000 0.000000 1.000000
0.860364 -0.504308 -0.073799 0.000000 0.481892 0.852042 -0.204463 14.448800 0.165993 0.140349 0.976088 0.000000 0.000000 0.000000 0.000000 1.000000</float_array>
        <technique_common>
          <accessor source="#mixamorig_LeftArm-Matrix-animation-output-transform-array" count="25" stride="16">
            <param type="float4x4"/>
          </accessor>
        </technique_common>
      </source>
      <source id="mixamorig_LeftArm-Interpolations">
        <Name_array id="mixamorig_LeftArm-Interpolations-array" count="25">
 LINEAR LINEAR LINEAR LINEAR LINEAR LINEAR LINEAR LINEAR LINEAR LINEAR LINEAR
LINEAR LINEAR LINEAR LINEAR LINEAR LINEAR LINEAR LINEAR LINEAR LINEAR LINEAR LINEAR
LINEAR LINEAR</Name_array>
        <technique_common>
          <accessor source="#mixamorig_LeftArm-Interpolations-array" count="25">
            <param type="name"/>
          </accessor>
        </technique_common>
      </source>
      <sampler id="mixamorig_LeftArm-Matrix-animation-transform">
        <input semantic="INPUT" source="#mixamorig_LeftArm-Matrix-animation-input"/>
        <input semantic="OUTPUT" source="#mixamorig_LeftArm-Matrix-animation-output-transform"/>
        <input semantic="INTERPOLATION" source="#mixamorig_LeftArm-Interpolations"/>
      </sampler>
      <channel source="#mixamorig_LeftArm-Matrix-animation-transform" target="mixamorig_LeftArm/matrix"/>
    </animation>
    <animation id="mixamorig_LeftForeArm-anim" name="mixamorig_LeftForeArm">
      <source id="mixamorig_LeftForeArm-Matrix-animation-input">
        <float_array id="mixamorig_LeftForeArm-Matrix-animation-input-array" count="25">

0.000000 0.033333 0.066667 0.100000 0.133333 0.166667 0.200000 0.233333 0.266667 0.300000 0.333333 0.366667 0.400000 0.433333 0.466667 0.500000
0.533333 0.566667 0.600000 0.633333 0.666667 0.700000 0.733333 0.766667 0.800000</float_array>
        <technique_common>
          <accessor source="#mixamorig_LeftForeArm-Matrix-animation-input-array" count="25">
            <param name="TIME" type="float"/>
          </accessor>
        </technique_common>
      </source>
      <source id="mixamorig_LeftForeArm-Matrix-animation-output-transform">
        <float_array id="mixamorig_LeftForeArm-Matrix-animation-output-transform-array" count="400">

0.491633 -0.797946 0.348682 0.000000 0.839814 0.540337 0.052426 23.160299 -0.230239 0.267053 0.935774 0.000000 0.000000 0.000000 0.000000 1.000000
0.497140 -0.787121 0.365092 0.000000 0.839636 0.542512 0.026308 23.160299 -0.218774 0.293466 0.930600 0.000000 0.000000 0.000000 0.000000 1.000000
0.499488 -0.788179 0.359562 -0.000000 0.844393 0.535723 0.001339 23.160299 -0.193681 0.302943 0.933120 0.000000 0.000000 0.000000 0.000000 1.000000
0.490073 -0.800104 0.345923 0.000000 0.854689 0.519038 -0.010339 23.160299 -0.171275 0.300723 0.938206 -0.000000 0.000000 0.000000 0.000000 1.000000
0.477532 -0.815162 0.327833 0.000000 0.865177 0.501276 -0.013815 23.160299 -0.153074 0.290231 0.944635 0.000000 0.000000 0.000000 0.000000 1.000000
0.455867 -0.836249 0.304750 -0.000000 0.880242 0.474280 -0.015283 23.160299 -0.131756 0.275221 0.952310 -0.000000 0.000000 0.000000 0.000000 1.000000
0.432468 -0.860225 0.270158 0.000000 0.895554 0.444591 -0.017953 23.160299 -0.104666 0.249705 0.962649 0.000000 0.000000 0.000000 0.000000 1.000000
0.414758 -0.877545 0.240605 0.000000 0.906422 0.421655 -0.024627 23.160299 -0.079841 0.228304 0.970311 -0.000000 0.000000 0.000000 0.000000 1.000000
0.409704 -0.885338 0.219815 0.000000 0.909609 0.414709 -0.025082 23.160299 -0.068954 0.210222 0.975219 0.000000 0.000000 0.000000 0.000000 1.000000
0.426312 -0.877600 0.219264 0.000000 0.901684 0.431643 -0.025492 23.160299 -0.072272 0.208575 0.975332 0.000000 0.000000 0.000000 0.000000 1.000000
0.473477 -0.851905 0.223780 -0.000000 0.877525 0.478145 -0.036437 23.160299 -0.075958 0.213625 0.973958 0.000000 0.000000 0.000000 0.000000 1.000000
0.515385 -0.828368 0.219512 -0.000000 0.853903 0.518026 -0.049987 23.160299 -0.072305 0.213205 0.974328 0.000000 0.000000 0.000000 0.000000 1.000000
0.540390 -0.814984 0.209234 0.000000 0.839892 0.537422 -0.075889 23.160299 -0.050599 0.216744 0.974916 0.000000 0.000000 0.000000 0.000000 1.000000
0.541675 -0.814132 0.209229 0.000000 0.839517 0.536518 -0.085785 23.160299 -0.042415 0.222119 0.974097 0.000000 0.000000 0.000000 0.000000 1.000000
0.550733 -0.805270 0.219621 0.000000 0.833852 0.542524 -0.101774 23.160299 -0.037194 0.239182 0.970262 0.000000 0.000000 0.000000 0.000000 1.000000
0.556472 -0.798698 0.228955 0.000000 0.830017 0.546837 -0.109732 23.160299 -0.037558 0.251099 0.967232 0.000000 0.000000 0.000000 0.000000 1.000000
0.564071 -0.793984 0.226744 -0.000000 0.825431 0.549529 -0.129153 23.160299 -0.022057 0.260014 0.965353 0.000000 0.000000 0.000000 0.000000 1.000000
0.555574 -0.799883 0.226990 0.000000 0.831257 0.540469 -0.130019 23.160299 -0.018681 0.260923 0.965179 -0.000000 0.000000 0.000000 0.000000 1.000000
0.535297 -0.811831 0.233212 0.000000 0.843845 0.526144 -0.105345 23.160299 -0.037181 0.253185 0.966703 0.000000 0.000000 0.000000 0.000000 1.000000
0.519614 -0.815921 0.253525 0.000000 0.850508 0.522244 -0.062424 23.160299 -0.081468 0.248061 0.965313 -0.000000 0.000000 0.000000 0.000000 1.000000
0.506556 -0.818379 0.271399 0.000000 0.853765 0.520040 -0.025388 23.160299 -0.120361 0.244571 0.962132 0.000000 0.000000 0.000000 0.000000 1.000000
0.494677 -0.817278 0.295552 0.000000 0.854001 0.520191 0.009089 23.160299 -0.161171 0.247905 0.955284 0.000000 0.000000 0.000000 0.000000 1.000000
0.498852 -0.810289 0.307536 0.000000 0.847120 0.530836 0.024528 23.160299 -0.183126 0.248284 0.951220 0.000000 0.000000 0.000000 0.000000 1.000000
0.506109 -0.802826 0.315158 -0.000000 0.839723 0.542052 0.032308 23.160299 -0.196770 0.248294 0.948489 0.000000 0.000000 0.000000 0.000000 1.000000
0.491633 -0.797946 0.348682 -0.000000 0.839814 0.540337 0.052426 23.160299 -0.230239 0.267054 0.935774 0.000000 0.000000 0.000000 0.000000 1.000000</float_array>
        <technique_common>
          <accessor source="#mixamorig_LeftForeArm-Matrix-animation-output-transform-array" count="25" stride="16">
            <param type="float4x4"/>
          </accessor>
        </technique_common>
      </source>
      <source id="mixamorig_LeftForeArm-Interpolations">
        <Name_array id="mixamorig_LeftForeArm-Interpolations-array" count="25">
 LINEAR LINEAR LINEAR LINEAR LINEAR LINEAR LINEAR LINEAR LINEAR LINEAR LINEAR
LINEAR LINEAR LINEAR LINEAR LINEAR LINEAR LINEAR LINEAR LINEAR LINEAR LINEAR LINEAR
LINEAR LINEAR</Name_array>
        <technique_common>
          <accessor source="#mixamorig_LeftForeArm-Interpolations-array" count="25">
            <param type="name"/>
          </accessor>
        </technique_common>
      </source>
      <sampler id="mixamorig_LeftForeArm-Matrix-animation-transform">
        <input semantic="INPUT" source="#mixamorig_LeftForeArm-Matrix-animation-input"/>
        <input semantic="OUTPUT" source="#mixamorig_LeftForeArm-Matrix-animation-output-transform"/>
        <input semantic="INTERPOLATION" source="#mixamorig_LeftForeArm-Interpolations"/>
      </sampler>
      <channel source="#mixamorig_LeftForeArm-Matrix-animation-transform" target="mixamorig_LeftForeArm/matrix"/>
    </animation>
    <animation id="mixamorig_LeftHand-anim" name="mixamorig_LeftHand">
      <source id="mixamorig_LeftHand-Matrix-animation-input">
        <float_array id="mixamorig_LeftHand-Matrix-animation-input-array" count="25">

0.000000 0.033333 0.066667 0.100000 0.133333 0.166667 0.200000 0.233333 0.266667 0.300000 0.333333 0.366667 0.400000 0.433333 0.466667 0.500000
0.533333 0.566667 0.600000 0.633333 0.666667 0.700000 0.733333 0.766667 0.800000</float_array>
        <technique_common>
          <accessor source="#mixamorig_LeftHand-Matrix-animation-input-array" count="25">
            <param name="TIME" type="float"/>
          </accessor>
        </technique_common>
      </source>
      <source id="mixamorig_LeftHand-Matrix-animation-output-transform">
        <float_array id="mixamorig_LeftHand-Matrix-animation-output-transform-array" count="400">

0.988323 -0.111408 0.103953 -0.000000 0.110036 0.993749 0.018860 24.071800 -0.105404 -0.007201 0.994403 0.000000 0.000000 0.000000 0.000000 1.000000
0.989957 -0.125299 0.065461 -0.000000 0.119992 0.989583 0.079541 24.071800 -0.074746 -0.070887 0.994680 0.000000 0.000000 0.000000 0.000000 1.000000
0.985400 -0.168136 0.026796 0.000000 0.164572 0.980955 0.103169 24.071800 -0.043632 -0.097252 0.994303 0.000000 0.000000 0.000000 0.000000 1.000000
0.974408 -0.224751 0.004074 0.000000 0.222979 0.968701 0.109082 24.071800 -0.028462 -0.105382 0.994024 0.000000 0.000000 0.000000 0.000000 1.000000
0.957548 -0.288246 -0.004133 0.000000 0.287635 0.954366 0.080328 24.071800 -0.019210 -0.078107 0.996760 0.000000 0.000000 0.000000 0.000000 1.000000
0.941465 -0.336958 -0.010125 0.000000 0.336875 0.939261 0.065611 24.071800 -0.012598 -0.065181 0.997794 0.000000 0.000000 0.000000 0.000000 1.000000
0.926788 -0.375223 -0.016483 -0.000000 0.375557 0.925288 0.052910 24.071800 -0.004602 -0.055227 0.998463 0.000000 0.000000 0.000000 0.000000 1.000000
0.913096 -0.406996 -0.024693 0.000000 0.407689 0.912293 0.038881 24.071800 0.006703 -0.045569 0.998939 0.000000 0.000000 0.000000 0.000000 1.000000
0.892964 -0.449539 -0.023044 -0.000000 0.449876 0.893008 0.012204 24.071800 0.015092 -0.021264 0.999660 0.000000 0.000000 0.000000 0.000000 1.000000
0.870826 -0.491043 -0.023227 -0.000000 0.491417 0.870803 0.014532 24.071800 0.013090 -0.024069 0.999625 0.000000 0.000000 0.000000 0.000000 1.000000
0.848781 -0.527489 -0.036415 0.000000 0.528470 0.848544 0.026313 24.071800 0.017020 -0.041578 0.998990 0.000000 0.000000 0.000000 0.000000 1.000000
0.838280 -0.542846 -0.051040 -0.000000 0.544058 0.838950 0.012781 24.071800 0.035882 -0.038483 0.998615 -0.000000 0.000000 0.000000 0.000000 1.000000
0.832966 -0.546956 -0.083700 -0.000000 0.549921 0.835067 0.015780 24.071800 0.061264 -0.059172 0.996366 -0.000000 0.000000 0.000000 0.000000 1.000000
0.834723 -0.542083 -0.096869 0.000000 0.546631 0.836946 0.026752 24.071800 0.066573 -0.075282 0.994938 0.000000 0.000000 0.000000 0.000000 1.000000
0.875269 -0.471184 -0.109038 -0.000000 0.477445 0.877777 0.039425 24.071800 0.077134 -0.086567 0.993255 0.000000 0.000000 0.000000 0.000000 1.000000
0.943727 -0.312218 -0.109080 -0.000000 0.314496 0.949251 0.003892 24.071800 0.102329 -0.037978 0.994025 0.000000 0.000000 0.000000 0.000000 1.000000
0.981204 -0.139379 -0.133461 0.000000 0.136821 0.990194 -0.028197 24.071800 0.136082 0.009407 0.990653 0.000000 0.000000 0.000000 0.000000 1.000000
0.989518 0.003787 -0.144357 0.000000 -0.011106 0.998691 -0.049930 24.071800 0.143978 0.051010 0.988265 0.000000 0.000000 0.000000 0.000000 1.000000
0.990155 0.043042 -0.133195 0.000000 -0.052394 0.996341 -0.067521 24.071800 0.129801 0.073835 0.988787 0.000000 0.000000 0.000000 0.000000 1.000000
0.995624 0.010323 -0.092876 -0.000000 -0.016585 0.997622 -0.066896 24.071800 0.091965 0.068144 0.993428 0.000000 0.000000 0.000000 0.000000 1.000000
0.998510 -0.031541 -0.044521 0.000000 0.029089 0.998080 -0.054685 24.071800 0.046160 0.053309 0.997511 0.000000 0.000000 0.000000 0.000000 1.000000
0.997139 -0.075076 0.008809 0.000000 0.075182 0.997092 -0.012443 24.071800 -0.007849 0.013070 0.999884 0.000000 0.000000 0.000000 0.000000 1.000000
0.992964 -0.110389 0.042867 -0.000000 0.109159 0.993570 0.030044 24.071800 -0.045908 -0.025154 0.998629 0.000000 0.000000 0.000000 0.000000 1.000000
0.990333 -0.120736 0.068292 0.000000 0.117320 0.991732 0.052004 24.071800 -0.074006 -0.043489 0.996309 -0.000000 0.000000 0.000000 0.000000 1.000000
0.988323 -0.111407 0.103952 0.000000 0.110035 0.993749 0.018860 24.071800 -0.105403 -0.007201 0.994403 0.000000 0.000000 0.000000 0.000000 1.000000</float_array>
        <technique_common>
          <accessor source="#mixamorig_LeftHand-Matrix-animation-output-transform-array" count="25" stride="16">
            <param type="float4x4"/>
          </accessor>
        </technique_common>
      </source>
      <source id="mixamorig_LeftHand-Interpolations">
        <Name_array id="mixamorig_LeftHand-Interpolations-array" count="25">
 LINEAR LINEAR LINEAR LINEAR LINEAR LINEAR LINEAR LINEAR LINEAR LINEAR LINEAR
LINEAR LINEAR LINEAR LINEAR LINEAR LINEAR LINEAR LINEAR LINEAR LINEAR LINEAR LINEAR
LINEAR LINEAR</Name_array>
        <technique_common>
          <accessor source="#mixamorig_LeftHand-Interpolations-array" count="25">
            <param type="name"/>
          </accessor>
        </technique_common>
      </source>
      <sampler id="mixamorig_LeftHand-Matrix-animation-transform">
        <input semantic="INPUT" source="#mixamorig_LeftHand-Matrix-animation-input"/>
        <input semantic="OUTPUT" source="#mixamorig_LeftHand-Matrix-animation-output-transform"/>
        <input semantic="INTERPOLATION" source="#mixamorig_LeftHand-Interpolations"/>
      </sampler>
      <channel source="#mixamorig_LeftHand-Matrix-animation-transform" target="mixamorig_LeftHand/matrix"/>
    </animation>
    <animation id="mixamorig_LeftHandThumb1-anim" name="mixamorig_LeftHandThumb1">
      <source id="mixamorig_LeftHandThumb1-Matrix-animation-input">
        <float_array id="mixamorig_LeftHandThumb1-Matrix-animation-input-array" count="25">

0.000000 0.033333 0.066667 0.100000 0.133333 0.166667 0.200000 0.233333 0.266667 0.300000 0.333333 0.366667 0.400000 0.433333 0.466667 0.500000
0.533333 0.566667 0.600000 0.633333 0.666667 0.700000 0.733333 0.766667 0.800000</float_array>
        <technique_common>
          <accessor source="#mixamorig_LeftHandThumb1-Matrix-animation-input-array" count="25">
            <param name="TIME" type="float"/>
          </accessor>
        </technique_common>
      </source>
      <source id="mixamorig_LeftHandThumb1-Matrix-animation-output-transform">
        <float_array id="mixamorig_LeftHandThumb1-Matrix-animation-output-transform-array" count="400">

0.638761 -0.344072 0.688185 -1.509000 0.547746 0.831495 -0.092685 4.173400 -0.540332 0.436154 0.719590 1.926500 0.000000 0.000000 0.000000 1.000000
0.622325 -0.348988 0.700657 -1.509000 0.556531 0.826717 -0.082535 4.173400 -0.550441 0.441301 0.708709 1.926500 0.000000 0.000000 0.000000 1.000000
0.602540 -0.354733 0.714920 -1.509000 0.566593 0.821006 -0.070157 4.173400 -0.562066 0.447341 0.695678 1.926500 0.000000 0.000000 0.000000 1.000000
0.580525 -0.360922 0.729881 -1.509000 0.577159 0.814696 -0.056192 4.173400 -0.574350 0.453878 0.681261 1.926500 0.000000 0.000000 0.000000 1.000000
0.557508 -0.367180 0.744556 -1.509000 0.587529 0.808144 -0.041391 4.173400 -0.586511 0.460524 0.666276 1.926500 0.000000 0.000000 0.000000 1.000000
0.534828 -0.373149 0.758103 -1.509000 0.597098 0.801726 -0.026621 4.173400 -0.597857 0.466899 0.651592 1.926500 0.000000 0.000000 0.000000 1.000000
0.513923 -0.378488 0.769824 -1.509000 0.605371 0.795840 -0.012858 4.173400 -0.607790 0.472637 0.638126 1.926500 0.000000 0.000000 0.000000 1.000000
0.496313 -0.382875 0.779154 -1.509000 0.611946 0.790899 -0.001157 4.173400 -0.615789 0.477374 0.626832 1.926500 0.000000 0.000000 0.000000 1.000000
0.483556 -0.385990 0.785612 -1.509000 0.616489 0.787329 0.007376 4.173400 -0.621382 0.480754 0.618676 1.926500 0.000000 0.000000 0.000000 1.000000
0.477203 -0.387523 0.788735 -1.509000 0.618684 0.785554 0.011642 4.173400 -0.624105 0.482422 0.614623 1.926500 0.000000 0.000000 0.000000 1.000000
0.478754 -0.387150 0.787978 -1.509000 0.618152 0.785987 0.010599 4.173400 -0.623444 0.482016 0.615612 1.926500 0.000000 0.000000 0.000000 1.000000
0.492026 -0.383930 0.781350 -1.509000 0.613492 0.789699 0.001708 4.173400 -0.617687 0.478512 0.624090 1.926500 0.000000 0.000000 0.000000 1.000000
0.519220 -0.377157 0.766918 -1.509000 0.603322 0.797330 -0.016348 4.173400 -0.605321 0.471187 0.641537 1.926500 0.000000 0.000000 0.000000 1.000000
0.555416 -0.367751 0.745837 -1.509000 0.588436 0.807553 -0.040020 4.173400 -0.587585 0.461105 0.664926 1.926500 0.000000 0.000000 0.000000 1.000000
0.595298 -0.356808 0.719936 -1.509000 0.570139 0.818928 -0.065565 4.173400 -0.566182 0.449494 0.690936 1.926500 0.000000 0.000000 0.000000 1.000000
0.634028 -0.345516 0.691829 -1.509000 0.550316 0.830118 -0.089756 4.173400 -0.543288 0.437632 0.716461 1.926500 0.000000 0.000000 0.000000 1.000000
0.667443 -0.335165 0.664969 -1.509000 0.531435 0.839918 -0.110067 4.173400 -0.521629 0.426851 0.738716 1.926500 0.000000 0.000000 0.000000 1.000000
0.692064 -0.327124 0.643457 -1.509000 0.516371 0.847244 -0.124652 4.173400 -0.504388 0.418530 0.755265 1.926500 0.000000 0.000000 0.000000 1.000000
0.704954 -0.322759 0.631558 -1.509000 0.508067 0.851120 -0.132145 4.173400 -0.494881 0.414030 0.763984 1.926500 0.000000 0.000000 0.000000 1.000000
0.706123 -0.322358 0.630456 -1.509000 0.507299 0.851473 -0.132819 4.173400 -0.494002 0.413616 0.764777 1.926500 0.000000 0.000000 0.000000 1.000000
0.698763 -0.324869 0.637331 -1.509000 0.512093 0.849254 -0.128561 4.173400 -0.499491 0.416206 0.759791 1.926500 0.000000 0.000000 0.000000 1.000000
0.685545 -0.329286 0.649306 -1.509000 0.520460 0.845293 -0.120830 4.173400 -0.509067 0.420772 0.750867 1.926500 0.000000 0.000000 0.000000 1.000000
0.669162 -0.334607 0.663521 -1.509000 0.530416 0.840425 -0.111107 4.173400 -0.520462 0.426291 0.739862 1.926500 0.000000 0.000000 0.000000 1.000000
0.652516 -0.339852 0.677291 -1.509000 0.540083 0.835520 -0.101079 4.173400 -0.531538 0.431749 0.728738 1.926500 0.000000 0.000000 0.000000 1.000000
0.638761 -0.344071 0.688185 -1.509000 0.547745 0.831495 -0.092686 4.173400 -0.540332 0.436154 0.719591 1.926500 0.000000 0.000000 0.000000 1.000000</float_array>
        <technique_common>
          <accessor source="#mixamorig_LeftHandThumb1-Matrix-animation-output-transform-array" count="25" stride="16">
            <param type="float4x4"/>
          </accessor>
        </technique_common>
      </source>
      <source id="mixamorig_LeftHandThumb1-Interpolations">
        <Name_array id="mixamorig_LeftHandThumb1-Interpolations-array" count="25">
 LINEAR LINEAR LINEAR LINEAR LINEAR LINEAR LINEAR LINEAR LINEAR LINEAR LINEAR
LINEAR LINEAR LINEAR LINEAR LINEAR LINEAR LINEAR LINEAR LINEAR LINEAR LINEAR LINEAR
LINEAR LINEAR</Name_array>
        <technique_common>
          <accessor source="#mixamorig_LeftHandThumb1-Interpolations-array" count="25">
            <param type="name"/>
          </accessor>
        </technique_common>
      </source>
      <sampler id="mixamorig_LeftHandThumb1-Matrix-animation-transform">
        <input semantic="INPUT" source="#mixamorig_LeftHandThumb1-Matrix-animation-input"/>
        <input semantic="OUTPUT" source="#mixamorig_LeftHandThumb1-Matrix-animation-output-transform"/>
        <input semantic="INTERPOLATION" source="#mixamorig_LeftHandThumb1-Interpolations"/>
      </sampler>
      <channel source="#mixamorig_LeftHandThumb1-Matrix-animation-transform" target="mixamorig_LeftHandThumb1/matrix"/>
    </animation>
    <animation id="mixamorig_LeftHandThumb2-anim" name="mixamorig_LeftHandThumb2">
      <source id="mixamorig_LeftHandThumb2-Matrix-animation-input">
        <float_array id="mixamorig_LeftHandThumb2-Matrix-animation-input-array" count="25">

0.000000 0.033333 0.066667 0.100000 0.133333 0.166667 0.200000 0.233333 0.266667 0.300000 0.333333 0.366667 0.400000 0.433333 0.466667 0.500000
0.533333 0.566667 0.600000 0.633333 0.666667 0.700000 0.733333 0.766667 0.800000</float_array>
        <technique_common>
          <accessor source="#mixamorig_LeftHandThumb2-Matrix-animation-input-array" count="25">
            <param name="TIME" type="float"/>
          </accessor>
        </technique_common>
      </source>
      <source id="mixamorig_LeftHandThumb2-Matrix-animation-output-transform">
        <float_array id="mixamorig_LeftHandThumb2-Matrix-animation-output-transform-array" count="400">

0.965272 0.176741 -0.192385 0.000000 -0.196940 0.976150 -0.091357 3.870400 0.171650 0.126073 0.977058 0.000000 0.000000 0.000000 0.000000 1.000000
0.965092 0.177627 -0.192471 0.000000 -0.197821 0.975986 -0.091202 3.870400 0.171649 0.126093 0.977055 0.000000 0.000000 0.000000 0.000000 1.000000
0.964880 0.178673 -0.192571 -0.000000 -0.198859 0.975792 -0.091018 3.870400 0.171647 0.126116 0.977053 -0.000000 0.000000 0.000000 0.000000 1.000000
0.964647 0.179810 -0.192679 0.000000 -0.199989 0.975580 -0.090819 3.870400 0.171644 0.126142 0.977050 0.000000 0.000000 0.000000 0.000000 1.000000
0.964407 0.180975 -0.192790 0.000000 -0.201145 0.975361 -0.090614 3.870400 0.171641 0.126168 0.977047 0.000000 0.000000 0.000000 0.000000 1.000000
0.964174 0.182098 -0.192896 -0.000000 -0.202260 0.975149 -0.090417 3.870400 0.171637 0.126193 0.977045 0.000000 0.000000 0.000000 0.000000 1.000000
0.963962 0.183115 -0.192991 0.000000 -0.203269 0.974956 -0.090238 3.870400 0.171634 0.126215 0.977042 0.000000 0.000000 0.000000 0.000000 1.000000
0.963786 0.183959 -0.193070 0.000000 -0.204107 0.974794 -0.090089 3.870400 0.171631 0.126233 0.977040 0.000000 0.000000 0.000000 0.000000 1.000000
0.963659 0.184563 -0.193126 0.000000 -0.204707 0.974679 -0.089982 3.870400 0.171628 0.126246 0.977039 0.000000 0.000000 0.000000 0.000000 1.000000
0.963596 0.184862 -0.193153 0.000000 -0.205004 0.974621 -0.089930 3.870400 0.171627 0.126253 0.977039 0.000000 0.000000 0.000000 0.000000 1.000000
0.963612 0.184789 -0.193147 0.000000 -0.204931 0.974635 -0.089942 3.870400 0.171627 0.126251 0.977039 0.000000 0.000000 0.000000 0.000000 1.000000
0.963743 0.184162 -0.193089 -0.000000 -0.204309 0.974755 -0.090053 3.870400 0.171630 0.126238 0.977040 0.000000 0.000000 0.000000 0.000000 1.000000
0.964016 0.182859 -0.192967 0.000000 -0.203015 0.975005 -0.090283 3.870400 0.171634 0.126209 0.977043 -0.000000 0.000000 0.000000 0.000000 1.000000
0.964385 0.181078 -0.192800 0.000000 -0.201247 0.975342 -0.090596 3.870400 0.171641 0.126170 0.977047 -0.000000 0.000000 0.000000 0.000000 1.000000
0.964802 0.179050 -0.192607 -0.000000 -0.199233 0.975722 -0.090952 3.870400 0.171646 0.126124 0.977052 0.000000 0.000000 0.000000 0.000000 1.000000
0.965220 0.176998 -0.192410 -0.000000 -0.197196 0.976102 -0.091312 3.870400 0.171650 0.126078 0.977057 0.000000 0.000000 0.000000 0.000000 1.000000
0.965593 0.175152 -0.192230 0.000000 -0.195362 0.976441 -0.091634 3.870400 0.171652 0.126036 0.977062 0.000000 0.000000 0.000000 0.000000 1.000000
0.965876 0.173737 -0.192092 -0.000000 -0.193957 0.976698 -0.091881 3.870400 0.171652 0.126004 0.977066 0.000000 0.000000 0.000000 0.000000 1.000000
0.966027 0.172977 -0.192017 -0.000000 -0.193202 0.976835 -0.092013 3.870400 0.171653 0.125985 0.977069 0.000000 0.000000 0.000000 0.000000 1.000000
0.966041 0.172907 -0.192010 -0.000000 -0.193133 0.976848 -0.092026 3.870400 0.171652 0.125984 0.977069 0.000000 0.000000 0.000000 0.000000 1.000000
0.965954 0.173344 -0.192052 -0.000000 -0.193567 0.976769 -0.091949 3.870400 0.171652 0.125994 0.977068 -0.000000 0.000000 0.000000 0.000000 1.000000
0.965800 0.174117 -0.192129 0.000000 -0.194334 0.976629 -0.091815 3.870400 0.171652 0.126012 0.977065 0.000000 0.000000 0.000000 0.000000 1.000000
0.965612 0.175054 -0.192220 -0.000000 -0.195265 0.976459 -0.091652 3.870400 0.171651 0.126034 0.977063 0.000000 0.000000 0.000000 0.000000 1.000000
0.965425 0.175986 -0.192311 0.000000 -0.196190 0.976288 -0.091489 3.870400 0.171651 0.126055 0.977060 0.000000 0.000000 0.000000 0.000000 1.000000
0.965272 0.176741 -0.192385 0.000000 -0.196941 0.976150 -0.091357 3.870400 0.171650 0.126072 0.977058 -0.000000 0.000000 0.000000 0.000000 1.000000</float_array>
        <technique_common>
          <accessor source="#mixamorig_LeftHandThumb2-Matrix-animation-output-transform-array" count="25" stride="16">
            <param type="float4x4"/>
          </accessor>
        </technique_common>
      </source>
      <source id="mixamorig_LeftHandThumb2-Interpolations">
        <Name_array id="mixamorig_LeftHandThumb2-Interpolations-array" count="25">
 LINEAR LINEAR LINEAR LINEAR LINEAR LINEAR LINEAR LINEAR LINEAR LINEAR LINEAR
LINEAR LINEAR LINEAR LINEAR LINEAR LINEAR LINEAR LINEAR LINEAR LINEAR LINEAR LINEAR
LINEAR LINEAR</Name_array>
        <technique_common>
          <accessor source="#mixamorig_LeftHandThumb2-Interpolations-array" count="25">
            <param type="name"/>
          </accessor>
        </technique_common>
      </source>
      <sampler id="mixamorig_LeftHandThumb2-Matrix-animation-transform">
        <input semantic="INPUT" source="#mixamorig_LeftHandThumb2-Matrix-animation-input"/>
        <input semantic="OUTPUT" source="#mixamorig_LeftHandThumb2-Matrix-animation-output-transform"/>
        <input semantic="INTERPOLATION" source="#mixamorig_LeftHandThumb2-Interpolations"/>
      </sampler>
      <channel source="#mixamorig_LeftHandThumb2-Matrix-animation-transform" target="mixamorig_LeftHandThumb2/matrix"/>
    </animation>
    <animation id="mixamorig_LeftHandThumb3-anim" name="mixamorig_LeftHandThumb3">
      <source id="mixamorig_LeftHandThumb3-Matrix-animation-input">
        <float_array id="mixamorig_LeftHandThumb3-Matrix-animation-input-array" count="25">

0.000000 0.033333 0.066667 0.100000 0.133333 0.166667 0.200000 0.233333 0.266667 0.300000 0.333333 0.366667 0.400000 0.433333 0.466667 0.500000
0.533333 0.566667 0.600000 0.633333 0.666667 0.700000 0.733333 0.766667 0.800000</float_array>
        <technique_common>
          <accessor source="#mixamorig_LeftHandThumb3-Matrix-animation-input-array" count="25">
            <param name="TIME" type="float"/>
          </accessor>
        </technique_common>
      </source>
      <source id="mixamorig_LeftHandThumb3-Matrix-animation-output-transform">
        <float_array id="mixamorig_LeftHandThumb3-Matrix-animation-output-transform-array" count="400">

0.993302 0.110725 -0.033037 0.000000 -0.113663 0.987743 -0.106974 4.710600 0.020787 0.110013 0.993713 0.000000 0.000000 0.000000 0.000000 1.000000
0.990617 0.132326 -0.034183 0.000000 -0.135377 0.984376 -0.112594 4.710600 0.018750 0.116165 0.993053 0.000000 0.000000 0.000000 0.000000 1.000000
0.986840 0.157701 -0.035729 0.000000 -0.160884 0.979747 -0.119218 4.710600 0.016204 0.123397 0.992225 0.000000 0.000000 0.000000 0.000000 1.000000
0.981983 0.185178 -0.037651 0.000000 -0.188501 0.973903 -0.126415 4.710600 0.013260 0.131234 0.991263 0.000000 0.000000 0.000000 0.000000 1.000000
0.976216 0.213102 -0.039877 -0.000000 -0.216568 0.967062 -0.133753 4.710600 0.010060 0.139208 0.990212 0.000000 0.000000 0.000000 0.000000 1.000000
0.969887 0.239860 -0.042274 0.000000 -0.243462 0.959635 -0.140806 4.710600 0.006794 0.146858 0.989134 0.000000 0.000000 0.000000 0.000000 1.000000
0.963519 0.263890 -0.044655 0.000000 -0.267616 0.952222 -0.147155 4.710600 0.003688 0.153737 0.988105 0.000000 0.000000 0.000000 0.000000 1.000000
0.957776 0.283684 -0.046781 0.000000 -0.287513 0.945575 -0.152395 4.710600 0.001003 0.159411 0.987212 0.000000 0.000000 0.000000 0.000000 1.000000
0.953408 0.297777 -0.048390 -0.000000 -0.301682 0.940538 -0.156130 4.710600 -0.000979 0.163454 0.986550 0.000000 0.000000 0.000000 0.000000 1.000000
0.951170 0.304719 -0.049212 -0.000000 -0.308661 0.937962 -0.157971 4.710600 -0.001978 0.165447 0.986217 -0.000000 0.000000 0.000000 0.000000 1.000000
0.951720 0.303029 -0.049010 -0.000000 -0.306962 0.938595 -0.157523 4.710600 -0.001733 0.164962 0.986298 -0.000000 0.000000 0.000000 0.000000 1.000000
0.956327 0.288442 -0.047317 0.000000 -0.292297 0.943903 -0.153656 4.710600 0.000341 0.160776 0.986991 -0.000000 0.000000 0.000000 0.000000 1.000000
0.965179 0.257855 -0.044038 0.000000 -0.261550 0.954151 -0.145561 4.710600 0.004486 0.152011 0.988369 0.000000 0.000000 0.000000 0.000000 1.000000
0.975659 0.215596 -0.040093 0.000000 -0.219075 0.966405 -0.134413 4.710600 0.009767 0.139925 0.990114 0.000000 0.000000 0.000000 0.000000 1.000000
0.985318 0.166818 -0.036342 0.000000 -0.170048 0.977904 -0.121607 4.710600 0.015253 0.126001 0.991913 0.000000 0.000000 0.000000 0.000000 1.000000
0.992573 0.116989 -0.033357 -0.000000 -0.119961 0.986820 -0.108607 4.710600 0.020212 0.111802 0.993525 0.000000 0.000000 0.000000 0.000000 1.000000
0.996925 0.071814 -0.031360 -0.000000 -0.074543 0.992498 -0.096902 4.710600 0.024166 0.098942 0.994800 0.000000 0.000000 0.000000 0.000000 1.000000
0.998854 0.037086 -0.030267 0.000000 -0.039621 0.995335 -0.087964 4.710600 0.026863 0.089062 0.995664 0.000000 0.000000 0.000000 0.000000 1.000000
0.999386 0.018370 -0.029834 -0.000000 -0.020796 0.996318 -0.083169 4.710600 0.028196 0.083739 0.996089 0.000000 0.000000 0.000000 0.000000 1.000000
0.999417 0.016654 -0.029800 -0.000000 -0.019070 0.996389 -0.082731 4.710600 0.028315 0.083251 0.996126 0.000000 0.000000 0.000000 0.000000 1.000000
0.999173 0.027407 -0.030029 -0.000000 -0.029886 0.995891 -0.085482 4.710600 0.027563 0.086309 0.995887 0.000000 0.000000 0.000000 0.000000 1.000000
0.998456 0.046410 -0.030521 0.000000 -0.048998 0.994703 -0.090357 4.710600 0.026166 0.091713 0.995442 0.000000 0.000000 0.000000 0.000000 1.000000
0.997096 0.069435 -0.031270 0.000000 -0.072151 0.992735 -0.096286 4.710600 0.024357 0.098262 0.994862 0.000000 0.000000 0.000000 0.000000 1.000000
0.995214 0.092265 -0.032179 0.000000 -0.095105 0.990208 -0.102187 4.710600 0.022435 0.104759 0.994245 0.000000 0.000000 0.000000 0.000000 1.000000
0.993302 0.110725 -0.033036 -0.000000 -0.113663 0.987744 -0.106974 4.710600 0.020787 0.110013 0.993713 0.000000 0.000000 0.000000 0.000000 1.000000</float_array>
        <technique_common>
          <accessor source="#mixamorig_LeftHandThumb3-Matrix-animation-output-transform-array" count="25" stride="16">
            <param type="float4x4"/>
          </accessor>
        </technique_common>
      </source>
      <source id="mixamorig_LeftHandThumb3-Interpolations">
        <Name_array id="mixamorig_LeftHandThumb3-Interpolations-array" count="25">
 LINEAR LINEAR LINEAR LINEAR LINEAR LINEAR LINEAR LINEAR LINEAR LINEAR LINEAR
LINEAR LINEAR LINEAR LINEAR LINEAR LINEAR LINEAR LINEAR LINEAR LINEAR LINEAR LINEAR
LINEAR LINEAR</Name_array>
        <technique_common>
          <accessor source="#mixamorig_LeftHandThumb3-Interpolations-array" count="25">
            <param type="name"/>
          </accessor>
        </technique_common>
      </source>
      <sampler id="mixamorig_LeftHandThumb3-Matrix-animation-transform">
        <input semantic="INPUT" source="#mixamorig_LeftHandThumb3-Matrix-animation-input"/>
        <input semantic="OUTPUT" source="#mixamorig_LeftHandThumb3-Matrix-animation-output-transform"/>
        <input semantic="INTERPOLATION" source="#mixamorig_LeftHandThumb3-Interpolations"/>
      </sampler>
      <channel source="#mixamorig_LeftHandThumb3-Matrix-animation-transform" target="mixamorig_LeftHandThumb3/matrix"/>
    </animation>
    <animation id="mixamorig_LeftHandIndex1-anim" name="mixamorig_LeftHandIndex1">
      <source id="mixamorig_LeftHandIndex1-Matrix-animation-input">
        <float_array id="mixamorig_LeftHandIndex1-Matrix-animation-input-array" count="25">

0.000000 0.033333 0.066667 0.100000 0.133333 0.166667 0.200000 0.233333 0.266667 0.300000 0.333333 0.366667 0.400000 0.433333 0.466667 0.500000
0.533333 0.566667 0.600000 0.633333 0.666667 0.700000 0.733333 0.766667 0.800000</float_array>
        <technique_common>
          <accessor source="#mixamorig_LeftHandIndex1-Matrix-animation-input-array" count="25">
            <param name="TIME" type="float"/>
          </accessor>
        </technique_common>
      </source>
      <source id="mixamorig_LeftHandIndex1-Matrix-animation-output-transform">
        <float_array id="mixamorig_LeftHandIndex1-Matrix-animation-output-transform-array" count="400">

0.991509 -0.068331 0.110642 -2.855500 0.106092 0.917064 -0.384366 14.669400 -0.075202 0.392841 0.916527 0.398800 0.000000 0.000000 0.000000 1.000000
0.991686 -0.068293 0.109062 -2.855500 0.105842 0.914930 -0.389487 14.669400 -0.073185 0.397792 0.914552 0.398800 0.000000 0.000000 0.000000 1.000000
0.991892 -0.068247 0.107200 -2.855500 0.105522 0.912378 -0.395514 14.669400 -0.070814 0.403619 0.912182 0.398800 0.000000 0.000000 0.000000 1.000000
0.992113 -0.068197 0.105173 -2.855500 0.105144 0.909557 -0.402058 14.669400 -0.068242 0.409945 0.909554 0.398800 0.000000 0.000000 0.000000 1.000000
0.992334 -0.068144 0.103100 -2.855500 0.104725 0.906626 -0.408732 14.669400 -0.065620 0.416396 0.906812 0.398800 0.000000 0.000000 0.000000 1.000000
0.992543 -0.068094 0.101101 -2.855500 0.104290 0.903752 -0.415158 14.669400 -0.063101 0.422606 0.904114 0.398800 0.000000 0.000000 0.000000 1.000000
0.992729 -0.068046 0.099292 -2.855500 0.103870 0.901114 -0.420957 14.669400 -0.060829 0.428210 0.901630 0.398800 0.000000 0.000000 0.000000 1.000000
0.992881 -0.068007 0.097792 -2.855500 0.103503 0.898898 -0.425757 14.669400 -0.058950 0.432848 0.899537 0.398800 0.000000 0.000000 0.000000 1.000000
0.992988 -0.067978 0.096717 -2.855500 0.103230 0.897295 -0.429191 14.669400 -0.057608 0.436165 0.898021 0.398800 0.000000 0.000000 0.000000 1.000000
0.993040 -0.067964 0.096186 -2.855500 0.103092 0.896498 -0.430886 14.669400 -0.056945 0.437804 0.897265 0.398800 0.000000 0.000000 0.000000 1.000000
0.993028 -0.067967 0.096315 -2.855500 0.103125 0.896693 -0.430473 14.669400 -0.057107 0.437404 0.897450 0.398800 0.000000 0.000000 0.000000 1.000000
0.992917 -0.067997 0.097429 -2.855500 0.103412 0.898359 -0.426915 14.669400 -0.058498 0.433967 0.899028 0.398800 0.000000 0.000000 0.000000 1.000000
0.992683 -0.068057 0.099748 -2.855500 0.103978 0.901782 -0.419498 14.669400 -0.061401 0.426799 0.902259 0.398800 0.000000 0.000000 0.000000 1.000000
0.992354 -0.068139 0.102915 -2.855500 0.104685 0.906361 -0.409330 14.669400 -0.065387 0.416974 0.906563 0.398800 0.000000 0.000000 0.000000 1.000000
0.991966 -0.068229 0.106529 -2.855500 0.105399 0.911449 -0.397683 14.669400 -0.069962 0.405716 0.911318 0.398800 0.000000 0.000000 0.000000 1.000000
0.991560 -0.068319 0.110184 -2.855500 0.106020 0.916449 -0.385851 14.669400 -0.074617 0.394276 0.915958 0.398800 0.000000 0.000000 0.000000 1.000000
0.991183 -0.068397 0.113478 -2.855500 0.106492 0.920825 -0.375154 14.669400 -0.078834 0.383931 0.919990 0.398800 0.000000 0.000000 0.000000 1.000000
0.990887 -0.068456 0.116000 -2.855500 0.106798 0.924095 -0.366936 14.669400 -0.082076 0.375981 0.922985 0.398800 0.000000 0.000000 0.000000 1.000000
0.990725 -0.068487 0.117357 -2.855500 0.106942 0.925826 -0.362505 14.669400 -0.083825 0.371693 0.924563 0.398800 0.000000 0.000000 0.000000 1.000000
0.990710 -0.068491 0.117481 -2.855500 0.106955 0.925984 -0.362098 14.669400 -0.083986 0.371300 0.924707 0.398800 0.000000 0.000000 0.000000 1.000000
0.990804 -0.068472 0.116702 -2.855500 0.106874 0.924993 -0.364645 14.669400 -0.082981 0.373764 0.923804 0.398800 0.000000 0.000000 0.000000 1.000000
0.990967 -0.068441 0.115323 -2.855500 0.106721 0.923225 -0.369143 14.669400 -0.081205 0.378116 0.922190 0.398800 0.000000 0.000000 0.000000 1.000000
0.991163 -0.068402 0.113651 -2.855500 0.106516 0.921052 -0.374591 14.669400 -0.079055 0.383386 0.920198 0.398800 0.000000 0.000000 0.000000 1.000000
0.991355 -0.068363 0.111989 -2.855500 0.106290 0.918861 -0.379995 14.669400 -0.076925 0.388613 0.918184 0.398800 0.000000 0.000000 0.000000 1.000000
0.991509 -0.068331 0.110642 -2.855500 0.106092 0.917064 -0.384366 14.669400 -0.075202 0.392841 0.916527 0.398800 0.000000 0.000000 0.000000 1.000000</float_array>
        <technique_common>
          <accessor source="#mixamorig_LeftHandIndex1-Matrix-animation-output-transform-array" count="25" stride="16">
            <param type="float4x4"/>
          </accessor>
        </technique_common>
      </source>
      <source id="mixamorig_LeftHandIndex1-Interpolations">
        <Name_array id="mixamorig_LeftHandIndex1-Interpolations-array" count="25">
 LINEAR LINEAR LINEAR LINEAR LINEAR LINEAR LINEAR LINEAR LINEAR LINEAR LINEAR
LINEAR LINEAR LINEAR LINEAR LINEAR LINEAR LINEAR LINEAR LINEAR LINEAR LINEAR LINEAR
LINEAR LINEAR</Name_array>
        <technique_common>
          <accessor source="#mixamorig_LeftHandIndex1-Interpolations-array" count="25">
            <param type="name"/>
          </accessor>
        </technique_common>
      </source>
      <sampler id="mixamorig_LeftHandIndex1-Matrix-animation-transform">
        <input semantic="INPUT" source="#mixamorig_LeftHandIndex1-Matrix-animation-input"/>
        <input semantic="OUTPUT" source="#mixamorig_LeftHandIndex1-Matrix-animation-output-transform"/>
        <input semantic="INTERPOLATION" source="#mixamorig_LeftHandIndex1-Interpolations"/>
      </sampler>
      <channel source="#mixamorig_LeftHandIndex1-Matrix-animation-transform" target="mixamorig_LeftHandIndex1/matrix"/>
    </animation>
    <animation id="mixamorig_LeftHandIndex2-anim" name="mixamorig_LeftHandIndex2">
      <source id="mixamorig_LeftHandIndex2-Matrix-animation-input">
        <float_array id="mixamorig_LeftHandIndex2-Matrix-animation-input-array" count="25">

0.000000 0.033333 0.066667 0.100000 0.133333 0.166667 0.200000 0.233333 0.266667 0.300000 0.333333 0.366667 0.400000 0.433333 0.466667 0.500000
0.533333 0.566667 0.600000 0.633333 0.666667 0.700000 0.733333 0.766667 0.800000</float_array>
        <technique_common>
          <accessor source="#mixamorig_LeftHandIndex2-Matrix-animation-input-array" count="25">
            <param name="TIME" type="float"/>
          </accessor>
        </technique_common>
      </source>
      <source id="mixamorig_LeftHandIndex2-Matrix-animation-output-transform">
        <float_array id="mixamorig_LeftHandIndex2-Matrix-animation-output-transform-array" count="400">

0.998267 -0.008781 0.058185 0.000000 0.054646 0.505100 -0.861329 3.248600 -0.021826 0.863016 0.504705 0.000000 0.000000 0.000000 0.000000 1.000000
0.998203 -0.008275 0.059349 -0.000000 0.056356 0.466251 -0.882856 3.248600 -0.020366 0.884614 0.465879 0.000000 0.000000 0.000000 0.000000 1.000000
0.998123 -0.007582 0.060772 0.000000 0.058347 0.419245 -0.905996 3.248600 -0.018609 0.907841 0.418901 0.000000 0.000000 0.000000 0.000000 1.000000
0.998030 -0.006707 0.062378 -0.000000 0.060487 0.366766 -0.928345 3.248600 -0.016651 0.930289 0.366449 0.000000 0.000000 0.000000 0.000000 1.000000
0.997929 -0.005677 0.064073 0.000000 0.062645 0.311842 -0.948067 3.248600 -0.014598 0.950117 0.311552 0.000000 0.000000 0.000000 0.000000 1.000000
0.997826 -0.004553 0.065752 -0.000000 0.064701 0.257805 -0.964028 3.248600 -0.012562 0.966186 0.257539 0.000000 0.000000 0.000000 0.000000 1.000000
0.997727 -0.003421 0.067302 -0.000000 0.066539 0.208183 -0.975824 3.248600 -0.010672 0.978084 0.207937 0.000000 0.000000 0.000000 0.000000 1.000000
0.997641 -0.002400 0.068606 0.000000 0.068047 0.166583 -0.983677 3.248600 -0.009068 0.986025 0.166353 0.000000 0.000000 0.000000 0.000000 1.000000
0.997577 -0.001622 0.069548 0.000000 0.069118 0.136590 -0.988214 3.248600 -0.007897 0.990626 0.136371 0.000000 0.000000 0.000000 0.000000 1.000000
0.997545 -0.001223 0.070016 -0.000000 0.069644 0.121707 -0.990120 3.248600 -0.007310 0.992565 0.121493 0.000000 0.000000 0.000000 0.000000 1.000000
0.997553 -0.001321 0.069903 -0.000000 0.069517 0.125337 -0.989676 3.248600 -0.007454 0.992113 0.125122 -0.000000 0.000000 0.000000 0.000000 1.000000
0.997620 -0.002142 0.068925 0.000000 0.068411 0.156490 -0.985307 3.248600 -0.008676 0.987677 0.156264 0.000000 0.000000 0.000000 0.000000 1.000000
0.997752 -0.003715 0.066914 0.000000 0.066083 0.220738 -0.973092 3.248600 -0.011155 0.975326 0.220487 0.000000 0.000000 0.000000 0.000000 1.000000
0.997919 -0.005576 0.064235 0.000000 0.062844 0.306860 -0.949678 3.248600 -0.014416 0.951738 0.306572 0.000000 0.000000 0.000000 0.000000 1.000000
0.998092 -0.007304 0.061307 0.000000 0.059067 0.402008 -0.913729 3.248600 -0.017972 0.915607 0.401673 0.000000 0.000000 0.000000 0.000000 1.000000
0.998248 -0.008639 0.058527 0.000000 0.055150 0.493945 -0.867743 3.248600 -0.021413 0.869450 0.493556 0.000000 0.000000 0.000000 0.000000 1.000000
0.998374 -0.009506 0.056212 0.000000 0.051531 0.572229 -0.818473 3.248600 -0.024386 0.820039 0.571788 0.000000 0.000000 0.000000 0.000000 1.000000
0.998460 -0.009966 0.054579 0.000000 0.048694 0.628872 -0.775982 3.248600 -0.026589 0.777445 0.628389 -0.000000 0.000000 0.000000 0.000000 1.000000
0.998503 -0.010144 0.053756 0.000000 0.047143 0.658051 -0.751496 3.248600 -0.027751 0.752905 0.657544 0.000000 0.000000 0.000000 0.000000 1.000000
0.998506 -0.010157 0.053682 -0.000000 0.046999 0.660678 -0.749196 3.248600 -0.027857 0.750600 0.660169 -0.000000 0.000000 0.000000 0.000000 1.000000
0.998482 -0.010064 0.054147 -0.000000 0.047893 0.644082 -0.763456 3.248600 -0.027192 0.764890 0.643586 0.000000 0.000000 0.000000 0.000000 1.000000
0.998438 -0.009860 0.055001 0.000000 0.049460 0.613978 -0.787772 3.248600 -0.026002 0.789262 0.613506 0.000000 0.000000 0.000000 0.000000 1.000000
0.998380 -0.009545 0.056090 -0.000000 0.051335 0.576212 -0.815687 3.248600 -0.024534 0.817245 0.575768 0.000000 0.000000 0.000000 0.000000 1.000000
0.998319 -0.009155 0.057226 0.000000 0.053173 0.537415 -0.841640 3.248600 -0.023049 0.843268 0.536999 -0.000000 0.000000 0.000000 0.000000 1.000000
0.998267 -0.008781 0.058184 0.000000 0.054646 0.505099 -0.861330 3.248600 -0.021825 0.863017 0.504704 0.000000 0.000000 0.000000 0.000000 1.000000</float_array>
        <technique_common>
          <accessor source="#mixamorig_LeftHandIndex2-Matrix-animation-output-transform-array" count="25" stride="16">
            <param type="float4x4"/>
          </accessor>
        </technique_common>
      </source>
      <source id="mixamorig_LeftHandIndex2-Interpolations">
        <Name_array id="mixamorig_LeftHandIndex2-Interpolations-array" count="25">
 LINEAR LINEAR LINEAR LINEAR LINEAR LINEAR LINEAR LINEAR LINEAR LINEAR LINEAR
LINEAR LINEAR LINEAR LINEAR LINEAR LINEAR LINEAR LINEAR LINEAR LINEAR LINEAR LINEAR
LINEAR LINEAR</Name_array>
        <technique_common>
          <accessor source="#mixamorig_LeftHandIndex2-Interpolations-array" count="25">
            <param type="name"/>
          </accessor>
        </technique_common>
      </source>
      <sampler id="mixamorig_LeftHandIndex2-Matrix-animation-transform">
        <input semantic="INPUT" source="#mixamorig_LeftHandIndex2-Matrix-animation-input"/>
        <input semantic="OUTPUT" source="#mixamorig_LeftHandIndex2-Matrix-animation-output-transform"/>
        <input semantic="INTERPOLATION" source="#mixamorig_LeftHandIndex2-Interpolations"/>
      </sampler>
      <channel source="#mixamorig_LeftHandIndex2-Matrix-animation-transform" target="mixamorig_LeftHandIndex2/matrix"/>
    </animation>
    <animation id="mixamorig_LeftHandIndex3-anim" name="mixamorig_LeftHandIndex3">
      <source id="mixamorig_LeftHandIndex3-Matrix-animation-input">
        <float_array id="mixamorig_LeftHandIndex3-Matrix-animation-input-array" count="25">

0.000000 0.033333 0.066667 0.100000 0.133333 0.166667 0.200000 0.233333 0.266667 0.300000 0.333333 0.366667 0.400000 0.433333 0.466667 0.500000
0.533333 0.566667 0.600000 0.633333 0.666667 0.700000 0.733333 0.766667 0.800000</float_array>
        <technique_common>
          <accessor source="#mixamorig_LeftHandIndex3-Matrix-animation-input-array" count="25">
            <param name="TIME" type="float"/>
          </accessor>
        </technique_common>
      </source>
      <source id="mixamorig_LeftHandIndex3-Matrix-animation-output-transform">
        <float_array id="mixamorig_LeftHandIndex3-Matrix-animation-output-transform-array" count="400">

0.999337 -0.014866 0.033228 -0.000000 0.029980 0.853859 -0.519641 2.659600 -0.020647 0.520293 0.853738 0.000000 0.000000 0.000000 0.000000 1.000000
0.999271 -0.015937 0.034687 -0.000000 0.033373 0.805876 -0.591144 2.659600 -0.018532 0.591870 0.805820 0.000000 0.000000 0.000000 0.000000 1.000000
0.999180 -0.016937 0.036764 0.000000 0.037216 0.741607 -0.669801 2.659600 -0.015921 0.670620 0.741630 0.000000 0.000000 0.000000 0.000000 1.000000
0.999066 -0.017657 0.039429 -0.000000 0.041219 0.662951 -0.747527 2.659600 -0.012940 0.748454 0.663060 0.000000 0.000000 0.000000 0.000000 1.000000
0.998933 -0.017954 0.042544 -0.000000 0.045137 0.574088 -0.817549 2.659600 -0.009746 0.818597 0.574286 -0.000000 0.000000 0.000000 0.000000 1.000000
0.998789 -0.017778 0.045874 -0.000000 0.048765 0.481298 -0.875199 2.659600 -0.006519 0.876377 0.481582 0.000000 0.000000 0.000000 0.000000 1.000000
0.998645 -0.017201 0.049120 0.000000 0.051928 0.392320 -0.918362 2.659600 -0.003473 0.919668 0.392682 -0.000000 0.000000 0.000000 0.000000 1.000000
0.998515 -0.016405 0.051949 0.000000 0.054471 0.315520 -0.947354 2.659600 -0.000849 0.948777 0.315945 0.000000 0.000000 0.000000 0.000000 1.000000
0.998416 -0.015653 0.054037 0.000000 0.056248 0.259154 -0.964197 2.659600 0.001089 0.965709 0.259624 -0.000000 0.000000 0.000000 0.000000 1.000000
0.998366 -0.015224 0.055086 0.000000 0.057113 0.230933 -0.971292 2.659600 0.002066 0.972850 0.231425 -0.000000 0.000000 0.000000 0.000000 1.000000
0.998378 -0.015333 0.054829 0.000000 0.056903 0.237831 -0.969638 2.659600 0.001827 0.971186 0.238317 0.000000 0.000000 0.000000 0.000000 1.000000
0.998482 -0.016168 0.052653 0.000000 0.055079 0.296636 -0.953401 2.659600 -0.000204 0.954854 0.297076 0.000000 0.000000 0.000000 0.000000 1.000000
0.998682 -0.017380 0.048298 0.000000 0.051153 0.415128 -0.908324 2.659600 -0.004263 0.909597 0.415470 -0.000000 0.000000 0.000000 0.000000 1.000000
0.998920 -0.017949 0.042865 -0.000000 0.045495 0.565738 -0.823329 2.659600 -0.009473 0.824389 0.565944 0.000000 0.000000 0.000000 0.000000 1.000000
0.999143 -0.017209 0.037633 0.000000 0.038575 0.716519 -0.696500 2.659600 -0.014978 0.697355 0.716569 -0.000000 0.000000 0.000000 0.000000 1.000000
0.999318 -0.015185 0.033651 0.000000 0.030983 0.840596 -0.540776 2.659600 -0.020075 0.541450 0.840493 0.000000 0.000000 0.000000 0.000000 1.000000
0.999429 -0.012504 0.031379 0.000000 0.023555 0.923824 -0.382091 2.659600 -0.024211 0.382612 0.923592 0.000000 0.000000 0.000000 0.000000 1.000000
0.999482 -0.010054 0.030564 0.000000 0.017440 0.967560 -0.252040 2.659600 -0.027039 0.252442 0.967234 -0.000000 0.000000 0.000000 0.000000 1.000000
0.999498 -0.008637 0.030473 -0.000000 0.013987 0.983574 -0.179963 2.659600 -0.028418 0.180299 0.983201 -0.000000 0.000000 0.000000 0.000000 1.000000
0.999499 -0.008504 0.030478 -0.000000 0.013664 0.984774 -0.173302 2.659600 -0.028540 0.173631 0.984397 0.000000 0.000000 0.000000 0.000000 1.000000
0.999492 -0.009329 0.030485 0.000000 0.015669 0.976509 -0.214904 2.659600 -0.027764 0.215273 0.976159 0.000000 0.000000 0.000000 0.000000 1.000000
0.999471 -0.010740 0.030693 -0.000000 0.019119 0.957592 -0.287492 2.659600 -0.026304 0.287927 0.957291 0.000000 0.000000 0.000000 0.000000 1.000000
0.999434 -0.012352 0.031281 0.000000 0.023147 0.927394 -0.373370 2.659600 -0.024398 0.373883 0.927155 0.000000 0.000000 0.000000 0.000000 1.000000
0.999385 -0.013809 0.032219 0.000000 0.026984 0.889749 -0.455652 2.659600 -0.022374 0.456241 0.889575 -0.000000 0.000000 0.000000 0.000000 1.000000
0.999337 -0.014866 0.033228 -0.000000 0.029980 0.853859 -0.519641 2.659600 -0.020647 0.520293 0.853738 -0.000000 0.000000 0.000000 0.000000 1.000000</float_array>
        <technique_common>
          <accessor source="#mixamorig_LeftHandIndex3-Matrix-animation-output-transform-array" count="25" stride="16">
            <param type="float4x4"/>
          </accessor>
        </technique_common>
      </source>
      <source id="mixamorig_LeftHandIndex3-Interpolations">
        <Name_array id="mixamorig_LeftHandIndex3-Interpolations-array" count="25">
 LINEAR LINEAR LINEAR LINEAR LINEAR LINEAR LINEAR LINEAR LINEAR LINEAR LINEAR
LINEAR LINEAR LINEAR LINEAR LINEAR LINEAR LINEAR LINEAR LINEAR LINEAR LINEAR LINEAR
LINEAR LINEAR</Name_array>
        <technique_common>
          <accessor source="#mixamorig_LeftHandIndex3-Interpolations-array" count="25">
            <param type="name"/>
          </accessor>
        </technique_common>
      </source>
      <sampler id="mixamorig_LeftHandIndex3-Matrix-animation-transform">
        <input semantic="INPUT" source="#mixamorig_LeftHandIndex3-Matrix-animation-input"/>
        <input semantic="OUTPUT" source="#mixamorig_LeftHandIndex3-Matrix-animation-output-transform"/>
        <input semantic="INTERPOLATION" source="#mixamorig_LeftHandIndex3-Interpolations"/>
      </sampler>
      <channel source="#mixamorig_LeftHandIndex3-Matrix-animation-transform" target="mixamorig_LeftHandIndex3/matrix"/>
    </animation>
    <animation id="mixamorig_LeftHandMiddle1-anim" name="mixamorig_LeftHandMiddle1">
      <source id="mixamorig_LeftHandMiddle1-Matrix-animation-input">
        <float_array id="mixamorig_LeftHandMiddle1-Matrix-animation-input-array" count="25">

0.000000 0.033333 0.066667 0.100000 0.133333 0.166667 0.200000 0.233333 0.266667 0.300000 0.333333 0.366667 0.400000 0.433333 0.466667 0.500000
0.533333 0.566667 0.600000 0.633333 0.666667 0.700000 0.733333 0.766667 0.800000</float_array>
        <technique_common>
          <accessor source="#mixamorig_LeftHandMiddle1-Matrix-animation-input-array" count="25">
            <param name="TIME" type="float"/>
          </accessor>
        </technique_common>
      </source>
      <source id="mixamorig_LeftHandMiddle1-Matrix-animation-output-transform">
        <float_array id="mixamorig_LeftHandMiddle1-Matrix-animation-output-transform-array" count="400">

0.989026 -0.092132 0.115498 0.000000 0.145602 0.740430 -0.656173 14.409800 -0.025063 0.665789 0.745719 0.000000 0.000000 0.000000 0.000000 1.000000
0.988869 -0.093053 0.116100 0.000000 0.147037 0.730556 -0.666835 14.409800 -0.022767 0.676483 0.736106 -0.000000 0.000000 0.000000 0.000000 1.000000
0.988682 -0.094131 0.116819 0.000000 0.148682 0.718707 -0.679230 14.409800 -0.020022 0.688912 0.724569 0.000000 0.000000 0.000000 0.000000 1.000000
0.988477 -0.095296 0.117611 0.000000 0.150416 0.705565 -0.692498 14.409800 -0.016990 0.702209 0.711769 0.000000 0.000000 0.000000 0.000000 1.000000
0.988264 -0.096477 0.118431 -0.000000 0.152125 0.691863 -0.705822 14.409800 -0.013843 0.715555 0.698420 0.000000 0.000000 0.000000 0.000000 1.000000
0.988057 -0.097608 0.119233 0.000000 0.153714 0.678391 -0.718441 14.409800 -0.010761 0.728188 0.685293 0.000000 0.000000 0.000000 0.000000 1.000000
0.987867 -0.098622 0.119967 -0.000000 0.155098 0.665996 -0.729653 14.409800 -0.007938 0.739407 0.673212 0.000000 0.000000 0.000000 0.000000 1.000000
0.987709 -0.099458 0.120582 0.000000 0.156208 0.655566 -0.738804 14.409800 -0.005569 0.748559 0.663045 0.000000 0.000000 0.000000 0.000000 1.000000
0.987594 -0.100053 0.121026 -0.000000 0.156981 0.648015 -0.745274 14.409800 -0.003859 0.755027 0.655682 0.000000 0.000000 0.000000 0.000000 1.000000
0.987537 -0.100347 0.121246 0.000000 0.157356 0.644256 -0.748447 14.409800 -0.003009 0.758198 0.652017 -0.000000 0.000000 0.000000 0.000000 1.000000
0.987551 -0.100275 0.121193 -0.000000 0.157265 0.645174 -0.747675 14.409800 -0.003217 0.757427 0.652912 0.000000 0.000000 0.000000 0.000000 1.000000
0.987670 -0.099659 0.120731 -0.000000 0.156470 0.653028 -0.740993 14.409800 -0.004994 0.750748 0.660570 0.000000 0.000000 0.000000 0.000000 1.000000
0.987915 -0.098368 0.119781 -0.000000 0.154754 0.669136 -0.726848 14.409800 -0.008651 0.736601 0.676272 0.000000 0.000000 0.000000 0.000000 1.000000
0.988245 -0.096584 0.118505 -0.000000 0.152276 0.690621 -0.707004 14.409800 -0.013557 0.716739 0.697210 0.000000 0.000000 0.000000 0.000000 1.000000
0.988615 -0.094519 0.117079 0.000000 0.149263 0.714382 -0.683651 14.409800 -0.019021 0.693343 0.720357 0.000000 0.000000 0.000000 0.000000 1.000000
0.988981 -0.092401 0.115670 -0.000000 0.146021 0.737586 -0.659276 14.409800 -0.024399 0.668902 0.742950 0.000000 0.000000 0.000000 0.000000 1.000000
0.989303 -0.090468 0.114432 0.000000 0.142940 0.757744 -0.636705 14.409800 -0.029109 0.646251 0.762570 0.000000 0.000000 0.000000 0.000000 1.000000
0.989546 -0.088972 0.113504 -0.000000 0.140480 0.772700 -0.619031 14.409800 -0.032628 0.628505 0.777121 0.000000 0.000000 0.000000 0.000000 1.000000
0.989675 -0.088162 0.113011 0.000000 0.139120 0.780572 -0.609387 14.409800 -0.034489 0.618817 0.784777 0.000000 0.000000 0.000000 0.000000 1.000000
0.989686 -0.088088 0.112966 0.000000 0.138995 0.781287 -0.608498 14.409800 -0.034658 0.617924 0.785473 0.000000 0.000000 0.000000 0.000000 1.000000
0.989613 -0.088553 0.113248 0.000000 0.139780 0.776787 -0.614055 14.409800 -0.033593 0.623506 0.781096 0.000000 0.000000 0.000000 0.000000 1.000000
0.989481 -0.089375 0.113752 -0.000000 0.141148 0.768729 -0.623805 14.409800 -0.031692 0.633299 0.773258 0.000000 0.000000 0.000000 0.000000 1.000000
0.989320 -0.090365 0.114369 0.000000 0.142774 0.758783 -0.635503 14.409800 -0.029354 0.645044 0.763581 0.000000 0.000000 0.000000 0.000000 1.000000
0.989158 -0.091344 0.114990 0.000000 0.144352 0.748719 -0.646980 14.409800 -0.026998 0.656564 0.753787 0.000000 0.000000 0.000000 0.000000 1.000000
0.989026 -0.092133 0.115498 -0.000000 0.145602 0.740430 -0.656173 14.409800 -0.025063 0.665789 0.745719 0.000000 0.000000 0.000000 0.000000 1.000000</float_array>
        <technique_common>
          <accessor source="#mixamorig_LeftHandMiddle1-Matrix-animation-output-transform-array" count="25" stride="16">
            <param type="float4x4"/>
          </accessor>
        </technique_common>
      </source>
      <source id="mixamorig_LeftHandMiddle1-Interpolations">
        <Name_array id="mixamorig_LeftHandMiddle1-Interpolations-array" count="25">
 LINEAR LINEAR LINEAR LINEAR LINEAR LINEAR LINEAR LINEAR LINEAR LINEAR LINEAR
LINEAR LINEAR LINEAR LINEAR LINEAR LINEAR LINEAR LINEAR LINEAR LINEAR LINEAR LINEAR
LINEAR LINEAR</Name_array>
        <technique_common>
          <accessor source="#mixamorig_LeftHandMiddle1-Interpolations-array" count="25">
            <param type="name"/>
          </accessor>
        </technique_common>
      </source>
      <sampler id="mixamorig_LeftHandMiddle1-Matrix-animation-transform">
        <input semantic="INPUT" source="#mixamorig_LeftHandMiddle1-Matrix-animation-input"/>
        <input semantic="OUTPUT" source="#mixamorig_LeftHandMiddle1-Matrix-animation-output-transform"/>
        <input semantic="INTERPOLATION" source="#mixamorig_LeftHandMiddle1-Interpolations"/>
      </sampler>
      <channel source="#mixamorig_LeftHandMiddle1-Matrix-animation-transform" target="mixamorig_LeftHandMiddle1/matrix"/>
    </animation>
    <animation id="mixamorig_LeftHandMiddle2-anim" name="mixamorig_LeftHandMiddle2">
      <source id="mixamorig_LeftHandMiddle2-Matrix-animation-input">
        <float_array id="mixamorig_LeftHandMiddle2-Matrix-animation-input-array" count="25">

0.000000 0.033333 0.066667 0.100000 0.133333 0.166667 0.200000 0.233333 0.266667 0.300000 0.333333 0.366667 0.400000 0.433333 0.466667 0.500000
0.533333 0.566667 0.600000 0.633333 0.666667 0.700000 0.733333 0.766667 0.800000</float_array>
        <technique_common>
          <accessor source="#mixamorig_LeftHandMiddle2-Matrix-animation-input-array" count="25">
            <param name="TIME" type="float"/>
          </accessor>
        </technique_common>
      </source>
      <source id="mixamorig_LeftHandMiddle2-Matrix-animation-output-transform">
        <float_array id="mixamorig_LeftHandMiddle2-Matrix-animation-output-transform-array" count="400">

0.998576 -0.038126 0.037319 -0.000000 0.051430 0.501904 -0.863393 3.259100 0.014187 0.864083 0.503150 -0.000000 0.000000 0.000000 0.000000 1.000000
0.998489 -0.038674 0.039027 0.000000 0.052539 0.464193 -0.884174 3.259100 0.016079 0.884889 0.465524 0.000000 0.000000 0.000000 0.000000 1.000000
0.998385 -0.039213 0.041097 0.000000 0.053759 0.418604 -0.906576 3.259100 0.018346 0.907322 0.420036 0.000000 0.000000 0.000000 0.000000 1.000000
0.998270 -0.039664 0.043414 -0.000000 0.054982 0.367745 -0.928300 3.259100 0.020855 0.929080 0.369289 0.000000 0.000000 0.000000 0.000000 1.000000
0.998148 -0.039976 0.045843 0.000000 0.056118 0.314546 -0.947582 3.259100 0.023460 0.948400 0.316207 0.000000 0.000000 0.000000 0.000000 1.000000
0.998030 -0.040130 0.048236 0.000000 0.057102 0.262222 -0.963317 3.259100 0.026009 0.964173 0.263997 0.000000 0.000000 0.000000 0.000000 1.000000
0.997920 -0.040143 0.050437 0.000000 0.057898 0.214178 -0.975077 3.259100 0.028340 0.975969 0.216057 -0.000000 0.000000 0.000000 0.000000 1.000000
0.997828 -0.040062 0.052284 0.000000 0.058490 0.173898 -0.983025 3.259100 0.030290 0.983948 0.175864 -0.000000 0.000000 0.000000 0.000000 1.000000
0.997762 -0.039952 0.053616 0.000000 0.058876 0.144852 -0.987700 3.259100 0.031694 0.988646 0.146880 0.000000 0.000000 0.000000 0.000000 1.000000
0.997729 -0.039881 0.054278 0.000000 0.059055 0.130439 -0.989696 3.259100 0.032390 0.990654 0.132498 -0.000000 0.000000 0.000000 0.000000 1.000000
0.997737 -0.039900 0.054117 0.000000 0.059012 0.133953 -0.989229 3.259100 0.032221 0.990184 0.136005 0.000000 0.000000 0.000000 0.000000 1.000000
0.997806 -0.040029 0.052733 -0.000000 0.058624 0.164125 -0.984696 3.259100 0.030762 0.985627 0.166111 0.000000 0.000000 0.000000 0.000000 1.000000
0.997948 -0.040151 0.049881 -0.000000 0.057707 0.226333 -0.972339 3.259100 0.027750 0.973222 0.228186 0.000000 0.000000 0.000000 0.000000 1.000000
0.998137 -0.039995 0.046065 0.000000 0.056215 0.309721 -0.949164 3.259100 0.023694 0.949986 0.311392 0.000000 0.000000 0.000000 0.000000 1.000000
0.998347 -0.039377 0.041861 -0.000000 0.054179 0.401895 -0.914081 3.259100 0.019170 0.914839 0.403365 -0.000000 0.000000 0.000000 0.000000 1.000000
0.998551 -0.038292 0.037813 0.000000 0.051760 0.491072 -0.869580 3.259100 0.014729 0.870277 0.492343 0.000000 0.000000 0.000000 0.000000 1.000000
0.998726 -0.036938 0.034381 0.000000 0.049278 0.567158 -0.822133 3.259100 0.010869 0.822780 0.568256 -0.000000 0.000000 0.000000 0.000000 1.000000
0.998854 -0.035675 0.031908 -0.000000 0.047187 0.622340 -0.781323 3.259100 0.008016 0.781934 0.623310 0.000000 0.000000 0.000000 0.000000 1.000000
0.998920 -0.034916 0.030639 0.000000 0.045993 0.650823 -0.757835 3.259100 0.006521 0.758426 0.651727 -0.000000 0.000000 0.000000 0.000000 1.000000
0.998926 -0.034844 0.030525 0.000000 0.045881 0.653390 -0.755630 3.259100 0.006385 0.756219 0.654287 0.000000 0.000000 0.000000 0.000000 1.000000
0.998889 -0.035289 0.031246 0.000000 0.046575 0.637182 -0.769305 3.259100 0.007238 0.769905 0.638118 0.000000 0.000000 0.000000 0.000000 1.000000
0.998820 -0.036033 0.032556 0.000000 0.047763 0.607817 -0.792639 3.259100 0.008773 0.793259 0.608821 0.000000 0.000000 0.000000 0.000000 1.000000
0.998735 -0.036859 0.034204 -0.000000 0.049139 0.571034 -0.819455 3.259100 0.010672 0.820099 0.572123 0.000000 0.000000 0.000000 0.000000 1.000000
0.998648 -0.037595 0.035902 -0.000000 0.050434 0.533299 -0.844422 3.259100 0.012599 0.845091 0.534474 -0.000000 0.000000 0.000000 0.000000 1.000000
0.998576 -0.038126 0.037320 0.000000 0.051430 0.501904 -0.863393 3.259100 0.014186 0.864083 0.503150 0.000000 0.000000 0.000000 0.000000 1.000000</float_array>
        <technique_common>
          <accessor source="#mixamorig_LeftHandMiddle2-Matrix-animation-output-transform-array" count="25" stride="16">
            <param type="float4x4"/>
          </accessor>
        </technique_common>
      </source>
      <source id="mixamorig_LeftHandMiddle2-Interpolations">
        <Name_array id="mixamorig_LeftHandMiddle2-Interpolations-array" count="25">
 LINEAR LINEAR LINEAR LINEAR LINEAR LINEAR LINEAR LINEAR LINEAR LINEAR LINEAR
LINEAR LINEAR LINEAR LINEAR LINEAR LINEAR LINEAR LINEAR LINEAR LINEAR LINEAR LINEAR
LINEAR LINEAR</Name_array>
        <technique_common>
          <accessor source="#mixamorig_LeftHandMiddle2-Interpolations-array" count="25">
            <param type="name"/>
          </accessor>
        </technique_common>
      </source>
      <sampler id="mixamorig_LeftHandMiddle2-Matrix-animation-transform">
        <input semantic="INPUT" source="#mixamorig_LeftHandMiddle2-Matrix-animation-input"/>
        <input semantic="OUTPUT" source="#mixamorig_LeftHandMiddle2-Matrix-animation-output-transform"/>
        <input semantic="INTERPOLATION" source="#mixamorig_LeftHandMiddle2-Interpolations"/>
      </sampler>
      <channel source="#mixamorig_LeftHandMiddle2-Matrix-animation-transform" target="mixamorig_LeftHandMiddle2/matrix"/>
    </animation>
    <animation id="mixamorig_LeftHandMiddle3-anim" name="mixamorig_LeftHandMiddle3">
      <source id="mixamorig_LeftHandMiddle3-Matrix-animation-input">
        <float_array id="mixamorig_LeftHandMiddle3-Matrix-animation-input-array" count="25">

0.000000 0.033333 0.066667 0.100000 0.133333 0.166667 0.200000 0.233333 0.266667 0.300000 0.333333 0.366667 0.400000 0.433333 0.466667 0.500000
0.533333 0.566667 0.600000 0.633333 0.666667 0.700000 0.733333 0.766667 0.800000</float_array>
        <technique_common>
          <accessor source="#mixamorig_LeftHandMiddle3-Matrix-animation-input-array" count="25">
            <param name="TIME" type="float"/>
          </accessor>
        </technique_common>
      </source>
      <source id="mixamorig_LeftHandMiddle3-Matrix-animation-output-transform">
        <float_array id="mixamorig_LeftHandMiddle3-Matrix-animation-output-transform-array" count="400">

0.999671 -0.025347 0.003801 0.000000 0.024167 0.882800 -0.469127 2.639900 0.008536 0.469064 0.883123 0.000000 0.000000 0.000000 0.000000 1.000000
0.999604 -0.027720 0.004930 -0.000000 0.026309 0.857262 -0.514207 2.639900 0.010027 0.514133 0.857652 0.000000 0.000000 0.000000 0.000000 1.000000
0.999516 -0.030429 0.006414 0.000000 0.028720 0.824178 -0.565602 2.639900 0.011924 0.565513 0.824653 0.000000 0.000000 0.000000 0.000000 1.000000
0.999413 -0.033254 0.008207 -0.000000 0.031193 0.784654 -0.619149 2.639900 0.014150 0.619042 0.785231 0.000000 0.000000 0.000000 0.000000 1.000000
0.999299 -0.036001 0.010224 0.000000 0.033548 0.740615 -0.671092 2.639900 0.016588 0.670964 0.741304 -0.000000 0.000000 0.000000 0.000000 1.000000
0.999182 -0.038503 0.012338 0.000000 0.035644 0.694829 -0.718291 2.639900 0.019083 0.718144 0.695633 0.000000 0.000000 0.000000 0.000000 1.000000
0.999071 -0.040630 0.014384 0.000000 0.037384 0.650782 -0.758344 2.639900 0.021451 0.758177 0.651696 0.000000 0.000000 0.000000 0.000000 1.000000
0.998974 -0.042293 0.016171 0.000000 0.038710 0.612463 -0.789551 2.639900 0.023488 0.789367 0.613472 0.000000 0.000000 0.000000 0.000000 1.000000
0.998903 -0.043425 0.017499 -0.000000 0.039594 0.584080 -0.810730 2.639900 0.024985 0.810534 0.585159 -0.000000 0.000000 0.000000 0.000000 1.000000
0.998868 -0.043965 0.018170 0.000000 0.040010 0.569768 -0.820831 2.639900 0.025736 0.820629 0.570882 0.000000 0.000000 0.000000 0.000000 1.000000
0.998877 -0.043835 0.018005 0.000000 0.039909 0.573273 -0.818392 2.639900 0.025552 0.818191 0.574378 0.000000 0.000000 0.000000 0.000000 1.000000
0.998951 -0.042680 0.016614 0.000000 0.039015 0.602981 -0.796801 2.639900 0.023990 0.796613 0.604014 -0.000000 0.000000 0.000000 0.000000 1.000000
0.999099 -0.040107 0.013857 0.000000 0.036960 0.662100 -0.748504 2.639900 0.020846 0.748342 0.662986 0.000000 0.000000 0.000000 0.000000 1.000000
0.999289 -0.036238 0.010414 0.000000 0.033749 0.736493 -0.675603 2.639900 0.016813 0.675474 0.737192 0.000000 0.000000 0.000000 0.000000 1.000000
0.999483 -0.031378 0.006987 -0.000000 0.029555 0.811485 -0.583626 2.639900 0.012643 0.583530 0.811993 0.000000 0.000000 0.000000 0.000000 1.000000
0.999652 -0.026040 0.004115 0.000000 0.024795 0.875644 -0.482321 2.639900 0.008956 0.482255 0.875985 -0.000000 0.000000 0.000000 0.000000 1.000000
0.999779 -0.020933 0.002078 -0.000000 0.020118 0.922613 -0.385202 2.639900 0.006146 0.385158 0.922830 0.000000 0.000000 0.000000 0.000000 1.000000
0.999857 -0.016867 0.000887 -0.000000 0.016321 0.951319 -0.307776 2.639900 0.004347 0.307747 0.951458 -0.000000 0.000000 0.000000 0.000000 1.000000
0.999893 -0.014634 0.000383 -0.000000 0.014211 0.964081 -0.265229 2.639900 0.003512 0.265206 0.964185 0.000000 0.000000 0.000000 0.000000 1.000000
0.999896 -0.014427 0.000341 -0.000000 0.014015 0.965155 -0.261302 2.639900 0.003441 0.261279 0.965257 0.000000 0.000000 0.000000 0.000000 1.000000
0.999876 -0.015715 0.000614 -0.000000 0.015235 0.958157 -0.285839 2.639900 0.003904 0.285813 0.958277 0.000000 0.000000 0.000000 0.000000 1.000000
0.999838 -0.017969 0.001174 0.000000 0.017356 0.944250 -0.328771 2.639900 0.004799 0.328738 0.944409 0.000000 0.000000 0.000000 0.000000 1.000000
0.999785 -0.020659 0.001986 0.000000 0.019864 0.924787 -0.379967 2.639900 0.006013 0.379924 0.924998 -0.000000 0.000000 0.000000 0.000000 1.000000
0.999725 -0.023275 0.002933 0.000000 0.022276 0.902687 -0.429720 2.639900 0.007354 0.429667 0.902957 0.000000 0.000000 0.000000 0.000000 1.000000
0.999671 -0.025347 0.003801 -0.000000 0.024167 0.882800 -0.469126 2.639900 0.008536 0.469064 0.883123 0.000000 0.000000 0.000000 0.000000 1.000000</float_array>
        <technique_common>
          <accessor source="#mixamorig_LeftHandMiddle3-Matrix-animation-output-transform-array" count="25" stride="16">
            <param type="float4x4"/>
          </accessor>
        </technique_common>
      </source>
      <source id="mixamorig_LeftHandMiddle3-Interpolations">
        <Name_array id="mixamorig_LeftHandMiddle3-Interpolations-array" count="25">
 LINEAR LINEAR LINEAR LINEAR LINEAR LINEAR LINEAR LINEAR LINEAR LINEAR LINEAR
LINEAR LINEAR LINEAR LINEAR LINEAR LINEAR LINEAR LINEAR LINEAR LINEAR LINEAR LINEAR
LINEAR LINEAR</Name_array>
        <technique_common>
          <accessor source="#mixamorig_LeftHandMiddle3-Interpolations-array" count="25">
            <param type="name"/>
          </accessor>
        </technique_common>
      </source>
      <sampler id="mixamorig_LeftHandMiddle3-Matrix-animation-transform">
        <input semantic="INPUT" source="#mixamorig_LeftHandMiddle3-Matrix-animation-input"/>
        <input semantic="OUTPUT" source="#mixamorig_LeftHandMiddle3-Matrix-animation-output-transform"/>
        <input semantic="INTERPOLATION" source="#mixamorig_LeftHandMiddle3-Interpolations"/>
      </sampler>
      <channel source="#mixamorig_LeftHandMiddle3-Matrix-animation-transform" target="mixamorig_LeftHandMiddle3/matrix"/>
    </animation>
    <animation id="mixamorig_LeftHandRing1-anim" name="mixamorig_LeftHandRing1">
      <source id="mixamorig_LeftHandRing1-Matrix-animation-input">
        <float_array id="mixamorig_LeftHandRing1-Matrix-animation-input-array" count="25">

0.000000 0.033333 0.066667 0.100000 0.133333 0.166667 0.200000 0.233333 0.266667 0.300000 0.333333 0.366667 0.400000 0.433333 0.466667 0.500000
0.533333 0.566667 0.600000 0.633333 0.666667 0.700000 0.733333 0.766667 0.800000</float_array>
        <technique_common>
          <accessor source="#mixamorig_LeftHandRing1-Matrix-animation-input-array" count="25">
            <param name="TIME" type="float"/>
          </accessor>
        </technique_common>
      </source>
      <source id="mixamorig_LeftHandRing1-Matrix-animation-output-transform">
        <float_array id="mixamorig_LeftHandRing1-Matrix-animation-output-transform-array" count="400">

0.992810 -0.116843 -0.026004 3.304900 0.065172 0.709849 -0.701332 13.191500 0.100405 0.694595 0.712360 -0.322000 0.000000 0.000000 0.000000 1.000000
0.992458 -0.119586 -0.026953 3.304900 0.065459 0.702889 -0.708282 13.191500 0.103646 0.701175 0.705415 -0.322000 0.000000 0.000000 0.000000 1.000000
0.992032 -0.122817 -0.028068 3.304900 0.065724 0.694591 -0.716396 13.191500 0.107482 0.708843 0.697129 -0.322000 0.000000 0.000000 0.000000 1.000000
0.991556 -0.126330 -0.029275 3.304900 0.065921 0.685453 -0.725127 13.191500 0.111672 0.717074 0.687993 -0.322000 0.000000 0.000000 0.000000 1.000000
0.991055 -0.129918 -0.030505 3.304900 0.066025 0.675991 -0.733946 13.191500 0.115974 0.725367 0.678522 -0.322000 0.000000 0.000000 0.000000 1.000000
0.990559 -0.133376 -0.031686 3.304900 0.066030 0.666750 -0.742350 13.191500 0.120139 0.733250 0.669262 -0.322000 0.000000 0.000000 0.000000 1.000000
0.990098 -0.136501 -0.032751 3.304900 0.065953 0.658298 -0.749862 13.191500 0.123917 0.740278 0.660783 -0.322000 0.000000 0.000000 0.000000 1.000000
0.989708 -0.139091 -0.033630 3.304900 0.065831 0.651221 -0.756027 13.191500 0.127057 0.746033 0.653675 -0.322000 0.000000 0.000000 0.000000 1.000000
0.989424 -0.140946 -0.034258 3.304900 0.065712 0.646115 -0.760406 13.191500 0.129311 0.750113 0.648544 -0.322000 0.000000 0.000000 0.000000 1.000000
0.989283 -0.141862 -0.034569 3.304900 0.065642 0.643580 -0.762559 13.191500 0.130426 0.752117 0.645994 -0.322000 0.000000 0.000000 0.000000 1.000000
0.989317 -0.141638 -0.034493 3.304900 0.065660 0.644198 -0.762035 13.191500 0.130154 0.751630 0.646616 -0.322000 0.000000 0.000000 0.000000 1.000000
0.989613 -0.139716 -0.033843 3.304900 0.065793 0.649503 -0.757507 13.191500 0.127817 0.747412 0.651949 -0.322000 0.000000 0.000000 0.000000 1.000000
0.990215 -0.135714 -0.032485 3.304900 0.065978 0.660435 -0.747979 13.191500 0.122965 0.738517 0.662927 -0.322000 0.000000 0.000000 0.000000 1.000000
0.991010 -0.130238 -0.030618 3.304900 0.066026 0.675137 -0.734732 13.191500 0.116361 0.726105 0.677667 -0.322000 0.000000 0.000000 0.000000 1.000000
0.991876 -0.123980 -0.028472 3.304900 0.065796 0.691577 -0.719300 13.191500 0.108869 0.711583 0.694116 -0.322000 0.000000 0.000000 0.000000 1.000000
0.992709 -0.117637 -0.026284 3.304900 0.065257 0.707840 -0.703352 13.191500 0.101345 0.696509 0.710355 -0.322000 0.000000 0.000000 0.000000 1.000000
0.993421 -0.111913 -0.024298 3.304900 0.064510 0.722161 -0.688710 13.191500 0.094623 0.682611 0.724630 -0.322000 0.000000 0.000000 0.000000 1.000000
0.993942 -0.107524 -0.022767 3.304900 0.063772 0.732919 -0.677320 13.191500 0.089515 0.671765 0.735336 -0.322000 0.000000 0.000000 0.000000 1.000000
0.994213 -0.105160 -0.021940 3.304900 0.063316 0.738632 -0.671129 13.191500 0.086782 0.665856 0.741016 -0.322000 0.000000 0.000000 0.000000 1.000000
0.994238 -0.104943 -0.021864 3.304900 0.063272 0.739153 -0.670559 13.191500 0.086532 0.665312 0.741534 -0.322000 0.000000 0.000000 0.000000 1.000000
0.994083 -0.106301 -0.022339 3.304900 0.063542 0.735881 -0.674123 13.191500 0.088099 0.668715 0.738281 -0.322000 0.000000 0.000000 0.000000 1.000000
0.993804 -0.108703 -0.023178 3.304900 0.063985 0.730051 -0.680390 13.191500 0.090881 0.674692 0.732483 -0.322000 0.000000 0.000000 0.000000 1.000000
0.993457 -0.111614 -0.024191 3.304900 0.064466 0.722905 -0.687933 13.191500 0.094271 0.681873 0.725371 -0.322000 0.000000 0.000000 0.000000 1.000000
0.993103 -0.114503 -0.025194 3.304900 0.064881 0.715725 -0.695362 13.191500 0.097653 0.688931 0.718218 -0.322000 0.000000 0.000000 0.000000 1.000000
0.992810 -0.116843 -0.026005 3.304900 0.065172 0.709849 -0.701333 13.191500 0.100405 0.694595 0.712360 -0.322000 0.000000 0.000000 0.000000 1.000000</float_array>
        <technique_common>
          <accessor source="#mixamorig_LeftHandRing1-Matrix-animation-output-transform-array" count="25" stride="16">
            <param type="float4x4"/>
          </accessor>
        </technique_common>
      </source>
      <source id="mixamorig_LeftHandRing1-Interpolations">
        <Name_array id="mixamorig_LeftHandRing1-Interpolations-array" count="25">
 LINEAR LINEAR LINEAR LINEAR LINEAR LINEAR LINEAR LINEAR LINEAR LINEAR LINEAR
LINEAR LINEAR LINEAR LINEAR LINEAR LINEAR LINEAR LINEAR LINEAR LINEAR LINEAR LINEAR
LINEAR LINEAR</Name_array>
        <technique_common>
          <accessor source="#mixamorig_LeftHandRing1-Interpolations-array" count="25">
            <param type="name"/>
          </accessor>
        </technique_common>
      </source>
      <sampler id="mixamorig_LeftHandRing1-Matrix-animation-transform">
        <input semantic="INPUT" source="#mixamorig_LeftHandRing1-Matrix-animation-input"/>
        <input semantic="OUTPUT" source="#mixamorig_LeftHandRing1-Matrix-animation-output-transform"/>
        <input semantic="INTERPOLATION" source="#mixamorig_LeftHandRing1-Interpolations"/>
      </sampler>
      <channel source="#mixamorig_LeftHandRing1-Matrix-animation-transform" target="mixamorig_LeftHandRing1/matrix"/>
    </animation>
    <animation id="mixamorig_LeftHandRing2-anim" name="mixamorig_LeftHandRing2">
      <source id="mixamorig_LeftHandRing2-Matrix-animation-input">
        <float_array id="mixamorig_LeftHandRing2-Matrix-animation-input-array" count="25">

0.000000 0.033333 0.066667 0.100000 0.133333 0.166667 0.200000 0.233333 0.266667 0.300000 0.333333 0.366667 0.400000 0.433333 0.466667 0.500000
0.533333 0.566667 0.600000 0.633333 0.666667 0.700000 0.733333 0.766667 0.800000</float_array>
        <technique_common>
          <accessor source="#mixamorig_LeftHandRing2-Matrix-animation-input-array" count="25">
            <param name="TIME" type="float"/>
          </accessor>
        </technique_common>
      </source>
      <source id="mixamorig_LeftHandRing2-Matrix-animation-output-transform">
        <float_array id="mixamorig_LeftHandRing2-Matrix-animation-output-transform-array" count="400">

0.999446 -0.030958 0.012189 0.000000 0.029489 0.654578 -0.755419 2.717600 0.015407 0.755361 0.655128 0.000000 0.000000 0.000000 0.000000 1.000000
0.999408 -0.031816 0.013086 -0.000000 0.030342 0.635942 -0.771140 2.717600 0.016213 0.771080 0.636531 -0.000000 0.000000 0.000000 0.000000 1.000000
0.999362 -0.032798 0.014169 -0.000000 0.031321 0.613472 -0.789095 2.717600 0.017188 0.789035 0.614108 0.000000 0.000000 0.000000 0.000000 1.000000
0.999309 -0.033827 0.015379 0.000000 0.032352 0.588431 -0.807900 2.717600 0.018279 0.807840 0.589119 0.000000 0.000000 0.000000 0.000000 1.000000
0.999254 -0.034838 0.016648 -0.000000 0.033368 0.562212 -0.826319 2.717600 0.019427 0.826259 0.562956 0.000000 0.000000 0.000000 0.000000 1.000000
0.999200 -0.035769 0.017904 -0.000000 0.034310 0.536349 -0.843299 2.717600 0.020561 0.843238 0.537147 0.000000 0.000000 0.000000 0.000000 1.000000
0.999149 -0.036576 0.019063 0.000000 0.035130 0.512492 -0.857973 2.717600 0.021611 0.857912 0.513341 0.000000 0.000000 0.000000 0.000000 1.000000
0.999106 -0.037218 0.020042 -0.000000 0.035787 0.492385 -0.869641 2.717600 0.022498 0.869581 0.493277 -0.000000 0.000000 0.000000 0.000000 1.000000
0.999075 -0.037663 0.020751 0.000000 0.036243 0.477812 -0.877714 2.717600 0.023142 0.877654 0.478735 0.000000 0.000000 0.000000 0.000000 1.000000
0.999059 -0.037878 0.021105 0.000000 0.036465 0.470555 -0.881617 2.717600 0.023463 0.881557 0.471494 0.000000 0.000000 0.000000 0.000000 1.000000
0.999063 -0.037826 0.021019 0.000000 0.036411 0.472327 -0.880671 2.717600 0.023385 0.880611 0.473262 0.000000 0.000000 0.000000 0.000000 1.000000
0.999096 -0.037369 0.020280 0.000000 0.035942 0.487488 -0.872389 2.717600 0.022714 0.872329 0.488391 0.000000 0.000000 0.000000 0.000000 1.000000
0.999162 -0.036376 0.018769 0.000000 0.034927 0.518539 -0.854340 2.717600 0.021345 0.854280 0.519375 0.000000 0.000000 0.000000 0.000000 1.000000
0.999249 -0.034925 0.016764 0.000000 0.033457 0.559831 -0.827931 2.717600 0.019531 0.827870 0.560580 0.000000 0.000000 0.000000 0.000000 1.000000
0.999344 -0.033143 0.014566 -0.000000 0.031667 0.605245 -0.795409 2.717600 0.017546 0.795349 0.605898 0.000000 0.000000 0.000000 0.000000 1.000000
0.999435 -0.031208 0.012447 0.000000 0.029738 0.649219 -0.760020 2.717600 0.015638 0.759961 0.649781 0.000000 0.000000 0.000000 0.000000 1.000000
0.999512 -0.029358 0.010634 0.000000 0.027904 0.687016 -0.726106 2.717600 0.014011 0.726049 0.687501 -0.000000 0.000000 0.000000 0.000000 1.000000
0.999568 -0.027873 0.009310 0.000000 0.026440 0.714752 -0.698878 2.717600 0.012826 0.698823 0.715180 0.000000 0.000000 0.000000 0.000000 1.000000
0.999597 -0.027052 0.008621 0.000000 0.025632 0.729225 -0.683794 2.717600 0.012212 0.683739 0.729624 0.000000 0.000000 0.000000 0.000000 1.000000
0.999599 -0.026976 0.008559 0.000000 0.025558 0.730536 -0.682396 2.717600 0.012156 0.682342 0.730932 0.000000 0.000000 0.000000 0.000000 1.000000
0.999583 -0.027451 0.008951 0.000000 0.026024 0.722278 -0.691113 2.717600 0.012506 0.691058 0.722691 0.000000 0.000000 0.000000 0.000000 1.000000
0.999553 -0.028278 0.009660 0.000000 0.026839 0.707418 -0.706286 2.717600 0.013139 0.706230 0.707861 0.000000 0.000000 0.000000 0.000000 1.000000
0.999516 -0.029258 0.010541 0.000000 0.027806 0.688953 -0.724272 2.717600 0.013928 0.724215 0.689434 0.000000 0.000000 0.000000 0.000000 1.000000
0.999478 -0.030206 0.011442 0.000000 0.028744 0.670148 -0.741671 2.717600 0.014735 0.741613 0.670666 0.000000 0.000000 0.000000 0.000000 1.000000
0.999446 -0.030958 0.012190 0.000000 0.029489 0.654578 -0.755419 2.717600 0.015407 0.755360 0.655129 0.000000 0.000000 0.000000 0.000000 1.000000</float_array>
        <technique_common>
          <accessor source="#mixamorig_LeftHandRing2-Matrix-animation-output-transform-array" count="25" stride="16">
            <param type="float4x4"/>
          </accessor>
        </technique_common>
      </source>
      <source id="mixamorig_LeftHandRing2-Interpolations">
        <Name_array id="mixamorig_LeftHandRing2-Interpolations-array" count="25">
 LINEAR LINEAR LINEAR LINEAR LINEAR LINEAR LINEAR LINEAR LINEAR LINEAR LINEAR
LINEAR LINEAR LINEAR LINEAR LINEAR LINEAR LINEAR LINEAR LINEAR LINEAR LINEAR LINEAR
LINEAR LINEAR</Name_array>
        <technique_common>
          <accessor source="#mixamorig_LeftHandRing2-Interpolations-array" count="25">
            <param type="name"/>
          </accessor>
        </technique_common>
      </source>
      <sampler id="mixamorig_LeftHandRing2-Matrix-animation-transform">
        <input semantic="INPUT" source="#mixamorig_LeftHandRing2-Matrix-animation-input"/>
        <input semantic="OUTPUT" source="#mixamorig_LeftHandRing2-Matrix-animation-output-transform"/>
        <input semantic="INTERPOLATION" source="#mixamorig_LeftHandRing2-Interpolations"/>
      </sampler>
      <channel source="#mixamorig_LeftHandRing2-Matrix-animation-transform" target="mixamorig_LeftHandRing2/matrix"/>
    </animation>
    <animation id="mixamorig_LeftHandRing3-anim" name="mixamorig_LeftHandRing3">
      <source id="mixamorig_LeftHandRing3-Matrix-animation-input">
        <float_array id="mixamorig_LeftHandRing3-Matrix-animation-input-array" count="25">

0.000000 0.033333 0.066667 0.100000 0.133333 0.166667 0.200000 0.233333 0.266667 0.300000 0.333333 0.366667 0.400000 0.433333 0.466667 0.500000
0.533333 0.566667 0.600000 0.633333 0.666667 0.700000 0.733333 0.766667 0.800000</float_array>
        <technique_common>
          <accessor source="#mixamorig_LeftHandRing3-Matrix-animation-input-array" count="25">
            <param name="TIME" type="float"/>
          </accessor>
        </technique_common>
      </source>
      <source id="mixamorig_LeftHandRing3-Matrix-animation-output-transform">
        <float_array id="mixamorig_LeftHandRing3-Matrix-animation-output-transform-array" count="400">

0.999460 -0.029645 0.014167 -0.000000 0.029834 0.638183 -0.769307 2.134500 0.013765 0.769314 0.638723 0.000000 0.000000 0.000000 0.000000 1.000000
0.999408 -0.030821 0.015319 0.000000 0.030996 0.612474 -0.789883 2.134500 0.014963 0.789890 0.613066 0.000000 0.000000 0.000000 0.000000 1.000000
0.999343 -0.032151 0.016722 0.000000 0.032307 0.581293 -0.813053 2.134500 0.016420 0.813059 0.581950 -0.000000 0.000000 0.000000 0.000000 1.000000
0.999270 -0.033525 0.018303 0.000000 0.033658 0.546346 -0.836883 2.134500 0.018057 0.836888 0.547076 0.000000 0.000000 0.000000 0.000000 1.000000
0.999193 -0.034848 0.019974 -0.000000 0.034958 0.509579 -0.859713 2.134500 0.019781 0.859718 0.510386 -0.000000 0.000000 0.000000 0.000000 1.000000
0.999116 -0.036045 0.021636 -0.000000 0.036132 0.473172 -0.880229 2.134500 0.021490 0.880233 0.474056 -0.000000 0.000000 0.000000 0.000000 1.000000
0.999044 -0.037057 0.023177 0.000000 0.037123 0.439500 -0.897475 2.134500 0.023071 0.897478 0.440455 0.000000 0.000000 0.000000 0.000000 1.000000
0.998984 -0.037846 0.024483 0.000000 0.037895 0.411071 -0.910815 2.134500 0.024406 0.910817 0.412087 -0.000000 0.000000 0.000000 0.000000 1.000000
0.998939 -0.038382 0.025432 0.000000 0.038420 0.390449 -0.919822 2.134500 0.025375 0.919824 0.391510 0.000000 0.000000 0.000000 0.000000 1.000000
0.998917 -0.038638 0.025905 0.000000 0.038670 0.380177 -0.924105 2.134500 0.025857 0.924106 0.381259 0.000000 0.000000 0.000000 0.000000 1.000000
0.998923 -0.038576 0.025789 0.000000 0.038609 0.382685 -0.923072 2.134500 0.025740 0.923073 0.383762 0.000000 0.000000 0.000000 0.000000 1.000000
0.998969 -0.038029 0.024802 0.000000 0.038075 0.404144 -0.913903 2.134500 0.024731 0.913905 0.405175 0.000000 0.000000 0.000000 0.000000 1.000000
0.999063 -0.036808 0.022786 0.000000 0.036880 0.448042 -0.893252 2.134500 0.022670 0.893255 0.448979 0.000000 0.000000 0.000000 0.000000 1.000000
0.999186 -0.034962 0.020127 0.000000 0.035070 0.506233 -0.861683 2.134500 0.019937 0.861688 0.507047 0.000000 0.000000 0.000000 0.000000 1.000000
0.999319 -0.032614 0.017239 0.000000 0.032762 0.569832 -0.821108 2.134500 0.016956 0.821114 0.570512 0.000000 0.000000 0.000000 0.000000 1.000000
0.999445 -0.029990 0.014496 0.000000 0.030174 0.630805 -0.775354 2.134500 0.014109 0.775361 0.631360 0.000000 0.000000 0.000000 0.000000 1.000000
0.999550 -0.027423 0.012194 0.000000 0.027635 0.682536 -0.730330 2.134500 0.011706 0.730338 0.682986 0.000000 0.000000 0.000000 0.000000 1.000000
0.999623 -0.025336 0.010545 0.000000 0.025564 0.719969 -0.693536 2.134500 0.009979 0.693544 0.720345 0.000000 0.000000 0.000000 0.000000 1.000000
0.999661 -0.024171 0.009702 -0.000000 0.024406 0.739287 -0.672948 2.134500 0.009093 0.672957 0.739626 0.000000 0.000000 0.000000 0.000000 1.000000
0.999664 -0.024062 0.009626 0.000000 0.024299 0.741028 -0.671034 2.134500 0.009014 0.671042 0.741364 0.000000 0.000000 0.000000 0.000000 1.000000
0.999643 -0.024737 0.010105 -0.000000 0.024969 0.730034 -0.682955 2.134500 0.009517 0.682963 0.730391 -0.000000 0.000000 0.000000 0.000000 1.000000
0.999604 -0.025906 0.010977 -0.000000 0.026130 0.710120 -0.703596 2.134500 0.010433 0.703604 0.710515 -0.000000 0.000000 0.000000 0.000000 1.000000
0.999555 -0.027284 0.012077 -0.000000 0.027497 0.685165 -0.727868 2.134500 0.011584 0.727876 0.685611 0.000000 0.000000 0.000000 0.000000 1.000000
0.999503 -0.028608 0.013214 -0.000000 0.028808 0.659539 -0.751118 2.134500 0.012772 0.751126 0.660036 0.000000 0.000000 0.000000 0.000000 1.000000
0.999460 -0.029645 0.014167 -0.000000 0.029833 0.638182 -0.769307 2.134500 0.013765 0.769314 0.638722 0.000000 0.000000 0.000000 0.000000 1.000000</float_array>
        <technique_common>
          <accessor source="#mixamorig_LeftHandRing3-Matrix-animation-output-transform-array" count="25" stride="16">
            <param type="float4x4"/>
          </accessor>
        </technique_common>
      </source>
      <source id="mixamorig_LeftHandRing3-Interpolations">
        <Name_array id="mixamorig_LeftHandRing3-Interpolations-array" count="25">
 LINEAR LINEAR LINEAR LINEAR LINEAR LINEAR LINEAR LINEAR LINEAR LINEAR LINEAR
LINEAR LINEAR LINEAR LINEAR LINEAR LINEAR LINEAR LINEAR LINEAR LINEAR LINEAR LINEAR
LINEAR LINEAR</Name_array>
        <technique_common>
          <accessor source="#mixamorig_LeftHandRing3-Interpolations-array" count="25">
            <param type="name"/>
          </accessor>
        </technique_common>
      </source>
      <sampler id="mixamorig_LeftHandRing3-Matrix-animation-transform">
        <input semantic="INPUT" source="#mixamorig_LeftHandRing3-Matrix-animation-input"/>
        <input semantic="OUTPUT" source="#mixamorig_LeftHandRing3-Matrix-animation-output-transform"/>
        <input semantic="INTERPOLATION" source="#mixamorig_LeftHandRing3-Interpolations"/>
      </sampler>
      <channel source="#mixamorig_LeftHandRing3-Matrix-animation-transform" target="mixamorig_LeftHandRing3/matrix"/>
    </animation>
    <animation id="mixamorig_LeftHandPinky1-anim" name="mixamorig_LeftHandPinky1">
      <source id="mixamorig_LeftHandPinky1-Matrix-animation-input">
        <float_array id="mixamorig_LeftHandPinky1-Matrix-animation-input-array" count="25">

0.000000 0.033333 0.066667 0.100000 0.133333 0.166667 0.200000 0.233333 0.266667 0.300000 0.333333 0.366667 0.400000 0.433333 0.466667 0.500000
0.533333 0.566667 0.600000 0.633333 0.666667 0.700000 0.733333 0.766667 0.800000</float_array>
        <technique_common>
          <accessor source="#mixamorig_LeftHandPinky1-Matrix-animation-input-array" count="25">
            <param name="TIME" type="float"/>
          </accessor>
        </technique_common>
      </source>
      <source id="mixamorig_LeftHandPinky1-Matrix-animation-output-transform">
        <float_array id="mixamorig_LeftHandPinky1-Matrix-animation-output-transform-array" count="400">

0.992001 -0.125618 -0.012390 5.614200 0.111018 0.914969 -0.387951 11.636400 0.060070 0.383472 0.921597 0.516600 0.000000 0.000000 0.000000 1.000000
0.991933 -0.125850 -0.015177 5.614200 0.109815 0.912943 -0.393034 11.636400 0.063319 0.388197 0.919399 0.516600 0.000000 0.000000 0.000000 1.000000
0.991843 -0.126124 -0.018463 5.614200 0.108355 0.910521 -0.399013 11.636400 0.067136 0.393758 0.916759 0.516600 0.000000 0.000000 0.000000 1.000000
0.991732 -0.126422 -0.022039 5.614200 0.106717 0.907845 -0.405499 11.636400 0.071272 0.399795 0.913830 0.516600 0.000000 0.000000 0.000000 1.000000
0.991605 -0.126725 -0.025695 5.614200 0.104986 0.905065 -0.412110 11.636400 0.075480 0.405953 0.910772 0.516600 0.000000 0.000000 0.000000 1.000000
0.991470 -0.127017 -0.029223 5.614200 0.103265 0.902342 -0.418468 11.636400 0.079522 0.411880 0.907761 0.516600 0.000000 0.000000 0.000000 1.000000
0.991337 -0.127281 -0.032415 5.614200 0.101663 0.899843 -0.424201 11.636400 0.083161 0.417230 0.904988 0.516600 0.000000 0.000000 0.000000 1.000000
0.991219 -0.127501 -0.035062 5.614200 0.100304 0.897745 -0.428943 11.636400 0.086168 0.421660 0.902651 0.516600 0.000000 0.000000 0.000000 1.000000
0.991129 -0.127657 -0.036959 5.614200 0.099312 0.896228 -0.432333 11.636400 0.088315 0.424827 0.900956 0.516600 0.000000 0.000000 0.000000 1.000000
0.991084 -0.127735 -0.037897 5.614200 0.098817 0.895474 -0.434007 11.636400 0.089374 0.426392 0.900112 0.516600 0.000000 0.000000 0.000000 1.000000
0.991095 -0.127716 -0.037669 5.614200 0.098937 0.895658 -0.433599 11.636400 0.089116 0.426011 0.900318 0.516600 0.000000 0.000000 0.000000 1.000000
0.991189 -0.127553 -0.035702 5.614200 0.099971 0.897235 -0.430087 11.636400 0.086892 0.422728 0.902081 0.516600 0.000000 0.000000 0.000000 1.000000
0.991371 -0.127214 -0.031611 5.614200 0.102070 0.900476 -0.422759 11.636400 0.082246 0.415884 0.905691 0.516600 0.000000 0.000000 0.000000 1.000000
0.991593 -0.126751 -0.026023 5.614200 0.104827 0.904814 -0.412702 11.636400 0.075856 0.406504 0.910494 0.516600 0.000000 0.000000 0.000000 1.000000
0.991808 -0.126220 -0.019648 5.614200 0.107816 0.909639 -0.401164 11.636400 0.068507 0.395759 0.915795 0.516600 0.000000 0.000000 0.000000 1.000000
0.991983 -0.125683 -0.013198 5.614200 0.110670 0.914385 -0.389425 11.636400 0.061012 0.384843 0.920964 0.516600 0.000000 0.000000 0.000000 1.000000
0.992104 -0.125198 -0.007389 5.614200 0.113094 0.918543 -0.378799 11.636400 0.054212 0.374973 0.925449 0.516600 0.000000 0.000000 0.000000 1.000000
0.992174 -0.124825 -0.002938 5.614200 0.114855 0.921653 -0.370626 11.636400 0.048972 0.367388 0.928777 0.516600 0.000000 0.000000 0.000000 1.000000
0.992204 -0.124625 -0.000544 5.614200 0.115770 0.923300 -0.366217 11.636400 0.046142 0.363299 0.930529 0.516600 0.000000 0.000000 0.000000 1.000000
0.992206 -0.124607 -0.000325 5.614200 0.115852 0.923450 -0.365812 11.636400 0.045882 0.362923 0.930689 0.516600 0.000000 0.000000 0.000000 1.000000
0.992190 -0.124722 -0.001700 5.614200 0.115331 0.922507 -0.368347 11.636400 0.047509 0.365274 0.929687 0.516600 0.000000 0.000000 0.000000 1.000000
0.992157 -0.124926 -0.004133 5.614200 0.114392 0.920825 -0.372822 11.636400 0.050381 0.369426 0.927894 0.516600 0.000000 0.000000 0.000000 1.000000
0.992110 -0.125173 -0.007083 5.614200 0.113218 0.918758 -0.378239 11.636400 0.053853 0.374453 0.925681 0.516600 0.000000 0.000000 0.000000 1.000000
0.992053 -0.125419 -0.010014 5.614200 0.112017 0.916677 -0.383609 11.636400 0.057292 0.379439 0.923441 0.516600 0.000000 0.000000 0.000000 1.000000
0.992001 -0.125618 -0.012390 5.614200 0.111018 0.914969 -0.387951 11.636400 0.060070 0.383472 0.921597 0.516600 0.000000 0.000000 0.000000 1.000000</float_array>
        <technique_common>
          <accessor source="#mixamorig_LeftHandPinky1-Matrix-animation-output-transform-array" count="25" stride="16">
            <param type="float4x4"/>
          </accessor>
        </technique_common>
      </source>
      <source id="mixamorig_LeftHandPinky1-Interpolations">
        <Name_array id="mixamorig_LeftHandPinky1-Interpolations-array" count="25">
 LINEAR LINEAR LINEAR LINEAR LINEAR LINEAR LINEAR LINEAR LINEAR LINEAR LINEAR
LINEAR LINEAR LINEAR LINEAR LINEAR LINEAR LINEAR LINEAR LINEAR LINEAR LINEAR LINEAR
LINEAR LINEAR</Name_array>
        <technique_common>
          <accessor source="#mixamorig_LeftHandPinky1-Interpolations-array" count="25">
            <param type="name"/>
          </accessor>
        </technique_common>
      </source>
      <sampler id="mixamorig_LeftHandPinky1-Matrix-animation-transform">
        <input semantic="INPUT" source="#mixamorig_LeftHandPinky1-Matrix-animation-input"/>
        <input semantic="OUTPUT" source="#mixamorig_LeftHandPinky1-Matrix-animation-output-transform"/>
        <input semantic="INTERPOLATION" source="#mixamorig_LeftHandPinky1-Interpolations"/>
      </sampler>
      <channel source="#mixamorig_LeftHandPinky1-Matrix-animation-transform" target="mixamorig_LeftHandPinky1/matrix"/>
    </animation>
    <animation id="mixamorig_LeftHandPinky2-anim" name="mixamorig_LeftHandPinky2">
      <source id="mixamorig_LeftHandPinky2-Matrix-animation-input">
        <float_array id="mixamorig_LeftHandPinky2-Matrix-animation-input-array" count="25">

0.000000 0.033333 0.066667 0.100000 0.133333 0.166667 0.200000 0.233333 0.266667 0.300000 0.333333 0.366667 0.400000 0.433333 0.466667 0.500000
0.533333 0.566667 0.600000 0.633333 0.666667 0.700000 0.733333 0.766667 0.800000</float_array>
        <technique_common>
          <accessor source="#mixamorig_LeftHandPinky2-Matrix-animation-input-array" count="25">
            <param name="TIME" type="float"/>
          </accessor>
        </technique_common>
      </source>
      <source id="mixamorig_LeftHandPinky2-Matrix-animation-output-transform">
        <float_array id="mixamorig_LeftHandPinky2-Matrix-animation-output-transform-array" count="400">

0.999568 -0.027109 0.011332 -0.000000 0.026839 0.685458 -0.727617 1.559400 0.011958 0.727607 0.685890 0.000000 0.000000 0.000000 0.000000 1.000000
0.999532 -0.028035 0.012213 -0.000000 0.027815 0.667536 -0.744058 1.559400 0.012707 0.744050 0.668003 0.000000 0.000000 0.000000 0.000000 1.000000
0.999488 -0.029097 0.013278 0.000000 0.028938 0.645885 -0.762886 1.559400 0.013622 0.762880 0.646396 0.000000 0.000000 0.000000 0.000000 1.000000
0.999439 -0.030216 0.014471 0.000000 0.030129 0.621706 -0.782671 1.559400 0.014653 0.782667 0.622268 0.000000 0.000000 0.000000 0.000000 1.000000
0.999386 -0.031320 0.015725 -0.000000 0.031310 0.596341 -0.802120 1.559400 0.015745 0.802120 0.596956 0.000000 0.000000 0.000000 0.000000 1.000000
0.999333 -0.032345 0.016965 0.000000 0.032412 0.571270 -0.820122 1.559400 0.016835 0.820124 0.571937 0.000000 0.000000 0.000000 0.000000 1.000000
0.999283 -0.033236 0.018112 0.000000 0.033378 0.548104 -0.835744 1.559400 0.017850 0.835750 0.548821 0.000000 0.000000 0.000000 0.000000 1.000000
0.999241 -0.033950 0.019081 -0.000000 0.034155 0.528551 -0.848214 1.559400 0.018712 0.848223 0.529309 0.000000 0.000000 0.000000 0.000000 1.000000
0.999211 -0.034447 0.019785 -0.000000 0.034699 0.514364 -0.856870 1.559400 0.019340 0.856880 0.515153 0.000000 0.000000 0.000000 0.000000 1.000000
0.999195 -0.034689 0.020136 -0.000000 0.034964 0.507295 -0.861063 1.559400 0.019654 0.861074 0.508099 0.000000 0.000000 0.000000 0.000000 1.000000
0.999199 -0.034630 0.020051 0.000000 0.034900 0.509020 -0.860047 1.559400 0.019577 0.860058 0.509821 0.000000 0.000000 0.000000 0.000000 1.000000
0.999231 -0.034119 0.019318 -0.000000 0.034340 0.523786 -0.851158 1.559400 0.018922 0.851167 0.524554 0.000000 0.000000 0.000000 0.000000 1.000000
0.999296 -0.033015 0.017821 -0.000000 0.033138 0.553980 -0.831870 1.559400 0.017592 0.831875 0.554684 0.000000 0.000000 0.000000 0.000000 1.000000
0.999381 -0.031417 0.015839 -0.000000 0.031414 0.594035 -0.803825 1.559400 0.015845 0.803825 0.594654 0.000000 0.000000 0.000000 0.000000 1.000000
0.999472 -0.029472 0.013670 0.000000 0.029337 0.637946 -0.769522 1.559400 0.013959 0.769517 0.638474 0.000000 0.000000 0.000000 0.000000 1.000000
0.999558 -0.027379 0.011585 -0.000000 0.027123 0.680307 -0.732425 1.559400 0.012172 0.732415 0.680749 -0.000000 0.000000 0.000000 0.000000 1.000000
0.999629 -0.025392 0.009805 0.000000 0.025039 0.716577 -0.697059 1.559400 0.010673 0.697046 0.716947 0.000000 0.000000 0.000000 0.000000 1.000000
0.999680 -0.023806 0.008508 0.000000 0.023387 0.743097 -0.668775 1.559400 0.009599 0.668761 0.743416 -0.000000 0.000000 0.000000 0.000000 1.000000
0.999706 -0.022931 0.007835 0.000000 0.022481 0.756900 -0.653144 1.559400 0.009047 0.653128 0.757193 0.000000 0.000000 0.000000 0.000000 1.000000
0.999709 -0.022850 0.007774 -0.000000 0.022397 0.758149 -0.651697 1.559400 0.008998 0.651681 0.758439 -0.000000 0.000000 0.000000 0.000000 1.000000
0.999694 -0.023356 0.008158 -0.000000 0.022921 0.750278 -0.660726 1.559400 0.009311 0.660710 0.750583 0.000000 0.000000 0.000000 0.000000 1.000000
0.999667 -0.024237 0.008850 0.000000 0.023835 0.736092 -0.676462 1.559400 0.009881 0.676447 0.736425 0.000000 0.000000 0.000000 0.000000 1.000000
0.999633 -0.025285 0.009715 0.000000 0.024927 0.718431 -0.695151 1.559400 0.010597 0.695138 0.718798 0.000000 0.000000 0.000000 0.000000 1.000000
0.999598 -0.026302 0.010598 0.000000 0.025992 0.700407 -0.713270 1.559400 0.011338 0.713258 0.700809 -0.000000 0.000000 0.000000 0.000000 1.000000
0.999568 -0.027109 0.011331 0.000000 0.026838 0.685458 -0.727617 1.559400 0.011958 0.727607 0.685890 0.000000 0.000000 0.000000 0.000000 1.000000</float_array>
        <technique_common>
          <accessor source="#mixamorig_LeftHandPinky2-Matrix-animation-output-transform-array" count="25" stride="16">
            <param type="float4x4"/>
          </accessor>
        </technique_common>
      </source>
      <source id="mixamorig_LeftHandPinky2-Interpolations">
        <Name_array id="mixamorig_LeftHandPinky2-Interpolations-array" count="25">
 LINEAR LINEAR LINEAR LINEAR LINEAR LINEAR LINEAR LINEAR LINEAR LINEAR LINEAR
LINEAR LINEAR LINEAR LINEAR LINEAR LINEAR LINEAR LINEAR LINEAR LINEAR LINEAR LINEAR
LINEAR LINEAR</Name_array>
        <technique_common>
          <accessor source="#mixamorig_LeftHandPinky2-Interpolations-array" count="25">
            <param type="name"/>
          </accessor>
        </technique_common>
      </source>
      <sampler id="mixamorig_LeftHandPinky2-Matrix-animation-transform">
        <input semantic="INPUT" source="#mixamorig_LeftHandPinky2-Matrix-animation-input"/>
        <input semantic="OUTPUT" source="#mixamorig_LeftHandPinky2-Matrix-animation-output-transform"/>
        <input semantic="INTERPOLATION" source="#mixamorig_LeftHandPinky2-Interpolations"/>
      </sampler>
      <channel source="#mixamorig_LeftHandPinky2-Matrix-animation-transform" target="mixamorig_LeftHandPinky2/matrix"/>
    </animation>
    <animation id="mixamorig_LeftHandPinky3-anim" name="mixamorig_LeftHandPinky3">
      <source id="mixamorig_LeftHandPinky3-Matrix-animation-input">
        <float_array id="mixamorig_LeftHandPinky3-Matrix-animation-input-array" count="25">

0.000000 0.033333 0.066667 0.100000 0.133333 0.166667 0.200000 0.233333 0.266667 0.300000 0.333333 0.366667 0.400000 0.433333 0.466667 0.500000
0.533333 0.566667 0.600000 0.633333 0.666667 0.700000 0.733333 0.766667 0.800000</float_array>
        <technique_common>
          <accessor source="#mixamorig_LeftHandPinky3-Matrix-animation-input-array" count="25">
            <param name="TIME" type="float"/>
          </accessor>
        </technique_common>
      </source>
      <source id="mixamorig_LeftHandPinky3-Matrix-animation-output-transform">
        <float_array id="mixamorig_LeftHandPinky3-Matrix-animation-output-transform-array" count="400">

0.999051 -0.042289 0.010457 -0.000000 0.032235 0.556172 -0.830442 1.540600 0.029303 0.829991 0.557007 -0.000000 0.000000 0.000000 0.000000 1.000000
0.999086 -0.041523 0.010182 0.000000 0.032038 0.569461 -0.821394 1.540600 0.028309 0.820969 0.570270 -0.000000 0.000000 0.000000 0.000000 1.000000
0.999127 -0.040604 0.009869 0.000000 0.031777 0.584949 -0.810447 1.540600 0.027135 0.810053 0.585729 0.000000 0.000000 0.000000 0.000000 1.000000
0.999171 -0.039584 0.009539 0.000000 0.031453 0.601573 -0.798198 1.540600 0.025858 0.797837 0.602319 0.000000 0.000000 0.000000 0.000000 1.000000
0.999215 -0.038523 0.009216 -0.000000 0.031081 0.618314 -0.785316 1.540600 0.024554 0.784986 0.619026 0.000000 0.000000 0.000000 0.000000 1.000000
0.999258 -0.037479 0.008919 0.000000 0.030682 0.634218 -0.772545 1.540600 0.023298 0.772246 0.634897 0.000000 0.000000 0.000000 0.000000 1.000000
0.999295 -0.036519 0.008662 0.000000 0.030289 0.648386 -0.760709 1.540600 0.022164 0.760435 0.649035 0.000000 0.000000 0.000000 0.000000 1.000000
0.999326 -0.035710 0.008458 -0.000000 0.029937 0.659978 -0.750688 1.540600 0.021225 0.750436 0.660603 0.000000 0.000000 0.000000 0.000000 1.000000
0.999348 -0.035125 0.008317 0.000000 0.029672 0.668189 -0.743400 1.540600 0.020555 0.743162 0.668796 0.000000 0.000000 0.000000 0.000000 1.000000
0.999359 -0.034834 0.008248 0.000000 0.029537 0.672220 -0.739762 1.540600 0.020225 0.739531 0.672818 0.000000 0.000000 0.000000 0.000000 1.000000
0.999356 -0.034905 0.008265 -0.000000 0.029570 0.671239 -0.740651 1.540600 0.020305 0.740418 0.671840 -0.000000 0.000000 0.000000 0.000000 1.000000
0.999334 -0.035513 0.008410 0.000000 0.029849 0.662754 -0.748242 1.540600 0.020999 0.747995 0.663373 0.000000 0.000000 0.000000 0.000000 1.000000
0.999286 -0.036761 0.008725 0.000000 0.030390 0.644838 -0.763715 1.540600 0.022449 0.763435 0.645495 0.000000 0.000000 0.000000 0.000000 1.000000
0.999219 -0.038425 0.009187 0.000000 0.031044 0.619803 -0.784143 1.540600 0.024437 0.783816 0.620512 0.000000 0.000000 0.000000 0.000000 1.000000
0.999141 -0.040268 0.009756 -0.000000 0.031672 0.590482 -0.806429 1.540600 0.026712 0.806045 0.591251 0.000000 0.000000 0.000000 0.000000 1.000000
0.999061 -0.042067 0.010376 0.000000 0.032179 0.560036 -0.827843 1.540600 0.029014 0.827399 0.560864 -0.000000 0.000000 0.000000 0.000000 1.000000
0.998987 -0.043633 0.010968 0.000000 0.032525 0.531979 -0.846132 1.540600 0.031085 0.845632 0.532860 0.000000 0.000000 0.000000 0.000000 1.000000
0.998931 -0.044796 0.011444 0.000000 0.032721 0.510100 -0.859492 1.540600 0.032664 0.858948 0.511021 0.000000 0.000000 0.000000 0.000000 1.000000
0.998900 -0.045409 0.011706 -0.000000 0.032801 0.498193 -0.866446 1.540600 0.033512 0.865876 0.499134 0.000000 0.000000 0.000000 0.000000 1.000000
0.998897 -0.045464 0.011731 -0.000000 0.032808 0.497097 -0.867075 1.540600 0.033589 0.866503 0.498040 0.000000 0.000000 0.000000 0.000000 1.000000
0.998915 -0.045114 0.011579 0.000000 0.032765 0.503953 -0.863109 1.540600 0.033103 0.862552 0.504884 0.000000 0.000000 0.000000 0.000000 1.000000
0.998946 -0.044487 0.011314 0.000000 0.032675 0.516002 -0.855964 1.540600 0.032241 0.855431 0.516912 -0.000000 0.000000 0.000000 0.000000 1.000000
0.998983 -0.043715 0.011001 -0.000000 0.032542 0.530489 -0.847067 1.540600 0.031193 0.846564 0.531372 0.000000 0.000000 0.000000 0.000000 1.000000
0.999021 -0.042933 0.010697 0.000000 0.032382 0.544736 -0.837982 1.540600 0.030150 0.837508 0.545592 0.000000 0.000000 0.000000 0.000000 1.000000
0.999051 -0.042289 0.010457 0.000000 0.032234 0.556172 -0.830442 1.540600 0.029303 0.829991 0.557007 0.000000 0.000000 0.000000 0.000000 1.000000</float_array>
        <technique_common>
          <accessor source="#mixamorig_LeftHandPinky3-Matrix-animation-output-transform-array" count="25" stride="16">
            <param type="float4x4"/>
          </accessor>
        </technique_common>
      </source>
      <source id="mixamorig_LeftHandPinky3-Interpolations">
        <Name_array id="mixamorig_LeftHandPinky3-Interpolations-array" count="25">
 LINEAR LINEAR LINEAR LINEAR LINEAR LINEAR LINEAR LINEAR LINEAR LINEAR LINEAR
LINEAR LINEAR LINEAR LINEAR LINEAR LINEAR LINEAR LINEAR LINEAR LINEAR LINEAR LINEAR
LINEAR LINEAR</Name_array>
        <technique_common>
          <accessor source="#mixamorig_LeftHandPinky3-Interpolations-array" count="25">
            <param type="name"/>
          </accessor>
        </technique_common>
      </source>
      <sampler id="mixamorig_LeftHandPinky3-Matrix-animation-transform">
        <input semantic="INPUT" source="#mixamorig_LeftHandPinky3-Matrix-animation-input"/>
        <input semantic="OUTPUT" source="#mixamorig_LeftHandPinky3-Matrix-animation-output-transform"/>
        <input semantic="INTERPOLATION" source="#mixamorig_LeftHandPinky3-Interpolations"/>
      </sampler>
      <channel source="#mixamorig_LeftHandPinky3-Matrix-animation-transform" target="mixamorig_LeftHandPinky3/matrix"/>
    </animation>
    <animation id="mixamorig_RightShoulder-anim" name="mixamorig_RightShoulder">
      <source id="mixamorig_RightShoulder-Matrix-animation-input">
        <float_array id="mixamorig_RightShoulder-Matrix-animation-input-array" count="25">

0.000000 0.033333 0.066667 0.100000 0.133333 0.166667 0.200000 0.233333 0.266667 0.300000 0.333333 0.366667 0.400000 0.433333 0.466667 0.500000
0.533333 0.566667 0.600000 0.633333 0.666667 0.700000 0.733333 0.766667 0.800000</float_array>
        <technique_common>
          <accessor source="#mixamorig_RightShoulder-Matrix-animation-input-array" count="25">
            <param name="TIME" type="float"/>
          </accessor>
        </technique_common>
      </source>
      <source id="mixamorig_RightShoulder-Matrix-animation-output-transform">
        <float_array id="mixamorig_RightShoulder-Matrix-animation-output-transform-array" count="400">

0.099920 -0.958950 0.265388 -6.728800 -0.011350 -0.267804 -0.963406 11.756700 0.994931 0.093252 -0.037644 -2.058500 0.000000 0.000000 0.000000 1.000000
0.048743 -0.962115 0.268250 -6.728800 -0.008378 -0.268954 -0.963117 11.756700 0.998776 0.044698 -0.021170 -2.058500 0.000000 0.000000 0.000000 1.000000
0.000481 -0.965132 0.261762 -6.728800 -0.005462 -0.261761 -0.965117 11.756700 0.999985 -0.000965 -0.005397 -2.058500 0.000000 0.000000 0.000000 1.000000
-0.028849 -0.966763 0.254043 -6.728800 -0.003237 -0.254057 -0.967184 11.756700 0.999579 -0.028725 0.004200 -2.058500 0.000000 0.000000 0.000000 1.000000
-0.040317 -0.964969 0.259248 -6.728800 -0.002838 -0.259348 -0.965780 11.756700 0.999183 -0.039673 0.007718 -2.058500 0.000000 0.000000 0.000000 1.000000
-0.034232 -0.960157 0.277358 -6.728800 -0.004141 -0.277382 -0.960751 11.756700 0.999405 -0.034037 0.005519 -2.058500 0.000000 0.000000 0.000000 1.000000
-0.019491 -0.950430 0.310326 -6.728800 -0.006461 -0.310258 -0.950630 11.756700 0.999789 -0.020534 -0.000094 -2.058500 0.000000 0.000000 0.000000 1.000000
-0.000384 -0.942895 0.333089 -6.728800 -0.007950 -0.333075 -0.942867 11.756700 0.999968 -0.003010 -0.007369 -2.058500 0.000000 0.000000 0.000000 1.000000
0.018912 -0.938872 0.343746 -6.728800 -0.008606 -0.343947 -0.938950 11.756700 0.999784 0.014799 -0.014585 -2.058500 0.000000 0.000000 0.000000 1.000000
0.042487 -0.935381 0.351081 -6.728800 -0.008393 -0.351720 -0.936068 11.756700 0.999062 0.036824 -0.022794 -2.058500 0.000000 0.000000 0.000000 1.000000
0.076430 -0.933775 0.349603 -6.728800 -0.009047 -0.351263 -0.936233 11.756700 0.997034 0.068393 -0.035294 -2.058500 0.000000 0.000000 0.000000 1.000000
0.116991 -0.930720 0.346517 -6.728800 -0.009374 -0.349933 -0.936728 11.756700 0.993089 0.106340 -0.049664 -2.058500 0.000000 0.000000 0.000000 1.000000
0.157229 -0.925774 0.343833 -6.728800 -0.010097 -0.349652 -0.936825 11.756700 0.987511 0.143825 -0.064323 -2.058500 0.000000 0.000000 0.000000 1.000000
0.196443 -0.918447 0.343316 -6.728800 -0.010720 -0.352129 -0.935890 11.756700 0.980457 0.180169 -0.079019 -2.058500 0.000000 0.000000 0.000000 1.000000
0.236381 -0.908923 0.343487 -6.728800 -0.011155 -0.356020 -0.934412 11.756700 0.971596 0.217045 -0.094295 -2.058500 0.000000 0.000000 0.000000 1.000000
0.269389 -0.898217 0.347326 -6.728800 -0.010878 -0.363474 -0.931541 11.756700 0.962970 0.247169 -0.107687 -2.058500 0.000000 0.000000 0.000000 1.000000
0.280904 -0.889906 0.359388 -6.728800 -0.009427 -0.377006 -0.926163 11.756700 0.959690 0.256775 -0.114291 -2.058500 0.000000 0.000000 0.000000 1.000000
0.262415 -0.893266 0.364986 -6.728800 -0.009017 -0.380495 -0.924739 11.756700 0.964913 0.239374 -0.107902 -2.058500 0.000000 0.000000 0.000000 1.000000
0.234939 -0.907047 0.349384 -6.728800 -0.010780 -0.361854 -0.932172 11.756700 0.971950 0.215237 -0.094791 -2.058500 0.000000 0.000000 0.000000 1.000000
0.213798 -0.922945 0.320098 -6.728800 -0.013184 -0.330371 -0.943759 11.756700 0.976789 0.197554 -0.082801 -2.058500 0.000000 0.000000 0.000000 1.000000
0.201874 -0.933033 0.297819 -6.728800 -0.014363 -0.306867 -0.951644 11.756700 0.979306 0.187834 -0.075349 -2.058500 0.000000 0.000000 0.000000 1.000000
0.183153 -0.940835 0.285105 -6.728800 -0.014462 -0.292558 -0.956139 11.756700 0.982978 0.170996 -0.067189 -2.058500 0.000000 0.000000 0.000000 1.000000
0.157827 -0.947460 0.278227 -6.728800 -0.013642 -0.283823 -0.958780 11.756700 0.987373 0.147525 -0.057720 -2.058500 0.000000 0.000000 0.000000 1.000000
0.127549 -0.953824 0.271938 -6.728800 -0.012819 -0.275739 -0.961147 11.756700 0.991749 0.119108 -0.047397 -2.058500 0.000000 0.000000 0.000000 1.000000
0.099921 -0.958950 0.265388 -6.728800 -0.011350 -0.267804 -0.963407 11.756700 0.994931 0.093252 -0.037643 -2.058500 0.000000 0.000000 0.000000 1.000000</float_array>
        <technique_common>
          <accessor source="#mixamorig_RightShoulder-Matrix-animation-output-transform-array" count="25" stride="16">
            <param type="float4x4"/>
          </accessor>
        </technique_common>
      </source>
      <source id="mixamorig_RightShoulder-Interpolations">
        <Name_array id="mixamorig_RightShoulder-Interpolations-array" count="25">
 LINEAR LINEAR LINEAR LINEAR LINEAR LINEAR LINEAR LINEAR LINEAR LINEAR LINEAR
LINEAR LINEAR LINEAR LINEAR LINEAR LINEAR LINEAR LINEAR LINEAR LINEAR LINEAR LINEAR
LINEAR LINEAR</Name_array>
        <technique_common>
          <accessor source="#mixamorig_RightShoulder-Interpolations-array" count="25">
            <param type="name"/>
          </accessor>
        </technique_common>
      </source>
      <sampler id="mixamorig_RightShoulder-Matrix-animation-transform">
        <input semantic="INPUT" source="#mixamorig_RightShoulder-Matrix-animation-input"/>
        <input semantic="OUTPUT" source="#mixamorig_RightShoulder-Matrix-animation-output-transform"/>
        <input semantic="INTERPOLATION" source="#mixamorig_RightShoulder-Interpolations"/>
      </sampler>
      <channel source="#mixamorig_RightShoulder-Matrix-animation-transform" target="mixamorig_RightShoulder/matrix"/>
    </animation>
    <animation id="mixamorig_RightArm-anim" name="mixamorig_RightArm">
      <source id="mixamorig_RightArm-Matrix-animation-input">
        <float_array id="mixamorig_RightArm-Matrix-animation-input-array" count="25">

0.000000 0.033333 0.066667 0.100000 0.133333 0.166667 0.200000 0.233333 0.266667 0.300000 0.333333 0.366667 0.400000 0.433333 0.466667 0.500000
0.533333 0.566667 0.600000 0.633333 0.666667 0.700000 0.733333 0.766667 0.800000</float_array>
        <technique_common>
          <accessor source="#mixamorig_RightArm-Matrix-animation-input-array" count="25">
            <param name="TIME" type="float"/>
          </accessor>
        </technique_common>
      </source>
      <source id="mixamorig_RightArm-Matrix-animation-output-transform">
        <float_array id="mixamorig_RightArm-Matrix-animation-output-transform-array" count="400">

0.985084 0.154151 0.076461 -0.000000 -0.089945 0.840108 -0.534910 14.448800 -0.146693 0.520054 0.841442 0.000000 0.000000 0.000000 0.000000 1.000000
0.992602 0.098942 0.070373 0.000000 -0.044017 0.833412 -0.550896 14.448800 -0.113157 0.543722 0.831602 0.000000 0.000000 0.000000 0.000000 1.000000
0.992434 0.115908 0.040505 0.000000 -0.070111 0.805797 -0.588026 14.448800 -0.100795 0.580738 0.807827 0.000000 0.000000 0.000000 0.000000 1.000000
0.993655 0.109857 0.024104 0.000000 -0.070595 0.776042 -0.626718 14.448800 -0.087555 0.621040 0.778873 0.000000 0.000000 0.000000 0.000000 1.000000
0.995101 0.096549 0.021283 -0.000000 -0.060817 0.767499 -0.638159 14.448800 -0.077948 0.633738 0.769611 0.000000 0.000000 0.000000 0.000000 1.000000
0.994169 0.104412 0.026959 -0.000000 -0.064219 0.774085 -0.629816 14.448800 -0.086629 0.624412 0.776276 0.000000 0.000000 0.000000 0.000000 1.000000
0.992762 0.115507 0.032896 -0.000000 -0.070745 0.783769 -0.617009 14.448800 -0.097052 0.610216 0.786268 0.000000 0.000000 0.000000 0.000000 1.000000
0.989659 0.137772 0.039927 -0.000000 -0.083268 0.778446 -0.622164 14.448800 -0.116798 0.612405 0.781868 0.000000 0.000000 0.000000 0.000000 1.000000
0.985926 0.158241 0.053938 -0.000000 -0.088981 0.769829 -0.632017 14.448800 -0.141534 0.618323 0.773075 0.000000 0.000000 0.000000 0.000000 1.000000
0.987526 0.137880 0.076031 -0.000000 -0.057926 0.767154 -0.638842 14.448800 -0.146411 0.626469 0.765572 0.000000 0.000000 0.000000 0.000000 1.000000
0.988826 0.124054 0.082662 -0.000000 -0.042466 0.765947 -0.641499 14.448800 -0.142896 0.630821 0.762657 0.000000 0.000000 0.000000 0.000000 1.000000
0.991026 0.107638 0.079255 0.000000 -0.032872 0.770971 -0.636021 14.448800 -0.129563 0.627709 0.767591 -0.000000 0.000000 0.000000 0.000000 1.000000
0.991735 0.111070 0.064232 -0.000000 -0.045258 0.771266 -0.634902 14.448800 -0.120058 0.626747 0.769918 0.000000 0.000000 0.000000 0.000000 1.000000
0.983699 0.175571 0.038865 0.000000 -0.112638 0.770092 -0.627910 14.448800 -0.140172 0.613297 0.777315 0.000000 0.000000 0.000000 0.000000 1.000000
0.973466 0.227041 0.028555 -0.000000 -0.163611 0.777821 -0.606817 14.448800 -0.159983 0.586044 0.794329 0.000000 0.000000 0.000000 0.000000 1.000000
0.967750 0.248660 0.040344 -0.000000 -0.181929 0.800656 -0.570834 14.448800 -0.174245 0.545085 0.820074 0.000000 0.000000 0.000000 0.000000 1.000000
0.957841 0.283003 0.049490 -0.000000 -0.213600 0.816692 -0.536086 14.448800 -0.192132 0.502915 0.842711 -0.000000 0.000000 0.000000 0.000000 1.000000
0.943820 0.326764 0.049281 0.000000 -0.252837 0.810073 -0.529013 14.448800 -0.212783 0.486834 0.847181 0.000000 0.000000 0.000000 0.000000 1.000000
0.931603 0.359651 0.052602 0.000000 -0.274688 0.791396 -0.546112 14.448800 -0.238039 0.494311 0.836059 0.000000 0.000000 0.000000 0.000000 1.000000
0.929795 0.361886 0.067230 -0.000000 -0.263085 0.781137 -0.566226 14.448800 -0.257424 0.508787 0.821504 0.000000 0.000000 0.000000 0.000000 1.000000
0.929713 0.357844 0.087071 0.000000 -0.250172 0.787144 -0.563754 14.448800 -0.270274 0.502346 0.821341 0.000000 0.000000 0.000000 0.000000 1.000000
0.935111 0.339137 0.102734 -0.000000 -0.232881 0.806673 -0.543181 14.448800 -0.267085 0.484009 0.833307 -0.000000 0.000000 0.000000 0.000000 1.000000
0.949129 0.295441 0.108943 -0.000000 -0.199658 0.832177 -0.517317 14.448800 -0.243496 0.469250 0.848831 -0.000000 0.000000 0.000000 0.000000 1.000000
0.969443 0.225627 0.096299 -0.000000 -0.144882 0.843359 -0.517451 14.448800 -0.197965 0.487687 0.850277 0.000000 0.000000 0.000000 0.000000 1.000000
0.985084 0.154151 0.076460 0.000000 -0.089946 0.840107 -0.534911 14.448800 -0.146692 0.520056 0.841441 0.000000 0.000000 0.000000 0.000000 1.000000</float_array>
        <technique_common>
          <accessor source="#mixamorig_RightArm-Matrix-animation-output-transform-array" count="25" stride="16">
            <param type="float4x4"/>
          </accessor>
        </technique_common>
      </source>
      <source id="mixamorig_RightArm-Interpolations">
        <Name_array id="mixamorig_RightArm-Interpolations-array" count="25">
 LINEAR LINEAR LINEAR LINEAR LINEAR LINEAR LINEAR LINEAR LINEAR LINEAR LINEAR
LINEAR LINEAR LINEAR LINEAR LINEAR LINEAR LINEAR LINEAR LINEAR LINEAR LINEAR LINEAR
LINEAR LINEAR</Name_array>
        <technique_common>
          <accessor source="#mixamorig_RightArm-Interpolations-array" count="25">
            <param type="name"/>
          </accessor>
        </technique_common>
      </source>
      <sampler id="mixamorig_RightArm-Matrix-animation-transform">
        <input semantic="INPUT" source="#mixamorig_RightArm-Matrix-animation-input"/>
        <input semantic="OUTPUT" source="#mixamorig_RightArm-Matrix-animation-output-transform"/>
        <input semantic="INTERPOLATION" source="#mixamorig_RightArm-Interpolations"/>
      </sampler>
      <channel source="#mixamorig_RightArm-Matrix-animation-transform" target="mixamorig_RightArm/matrix"/>
    </animation>
    <animation id="mixamorig_RightForeArm-anim" name="mixamorig_RightForeArm">
      <source id="mixamorig_RightForeArm-Matrix-animation-input">
        <float_array id="mixamorig_RightForeArm-Matrix-animation-input-array" count="25">

0.000000 0.033333 0.066667 0.100000 0.133333 0.166667 0.200000 0.233333 0.266667 0.300000 0.333333 0.366667 0.400000 0.433333 0.466667 0.500000
0.533333 0.566667 0.600000 0.633333 0.666667 0.700000 0.733333 0.766667 0.800000</float_array>
        <technique_common>
          <accessor source="#mixamorig_RightForeArm-Matrix-animation-input-array" count="25">
            <param name="TIME" type="float"/>
          </accessor>
        </technique_common>
      </source>
      <source id="mixamorig_RightForeArm-Matrix-animation-output-transform">
        <float_array id="mixamorig_RightForeArm-Matrix-animation-output-transform-array" count="400">

0.225062 0.969019 -0.101733 0.000000 -0.949590 0.241531 0.199854 23.160299 0.218234 0.051625 0.974530 -0.000000 0.000000 0.000000 0.000000 1.000000
0.275499 0.955599 -0.104548 -0.000000 -0.933750 0.291867 0.207183 23.160299 0.228498 0.040543 0.972700 0.000000 0.000000 0.000000 0.000000 1.000000
0.345869 0.931223 -0.114888 0.000000 -0.912591 0.362324 0.189471 23.160299 0.218066 0.039314 0.975142 0.000000 0.000000 0.000000 0.000000 1.000000
0.378258 0.917865 -0.120187 0.000000 -0.900843 0.394871 0.180441 23.160299 0.213078 0.040017 0.976215 0.000000 0.000000 0.000000 0.000000 1.000000
0.398090 0.908929 -0.123984 0.000000 -0.893430 0.414814 0.172372 23.160299 0.208105 0.042151 0.977198 0.000000 0.000000 0.000000 0.000000 1.000000
0.406525 0.905316 -0.123048 -0.000000 -0.888743 0.423071 0.176488 23.160299 0.211835 0.037611 0.976581 0.000000 0.000000 0.000000 0.000000 1.000000
0.405496 0.905577 -0.124515 0.000000 -0.886126 0.422863 0.189652 23.160299 0.224398 0.033433 0.973924 0.000000 0.000000 0.000000 0.000000 1.000000
0.394648 0.910303 -0.124902 0.000000 -0.886334 0.412990 0.209409 23.160299 0.242209 0.028062 0.969818 -0.000000 0.000000 0.000000 0.000000 1.000000
0.361285 0.924993 -0.117729 -0.000000 -0.894130 0.379489 0.237738 23.160299 0.264583 0.019374 0.964168 -0.000000 0.000000 0.000000 0.000000 1.000000
0.279554 0.955343 -0.095756 0.000000 -0.916227 0.295254 0.270839 23.160299 0.287016 0.012020 0.957850 -0.000000 0.000000 0.000000 0.000000 1.000000
0.196549 0.977835 -0.072167 0.000000 -0.936788 0.209008 0.280615 23.160299 0.289478 0.012450 0.957104 0.000000 0.000000 0.000000 0.000000 1.000000
0.134612 0.989099 -0.059693 0.000000 -0.948327 0.146062 0.281677 23.160299 0.287326 0.018691 0.957651 -0.000000 0.000000 0.000000 0.000000 1.000000
0.140894 0.987253 -0.074023 0.000000 -0.949723 0.155896 0.271518 23.160299 0.279597 0.032046 0.959582 0.000000 0.000000 0.000000 0.000000 1.000000
0.219281 0.970063 -0.104376 0.000000 -0.940114 0.238693 0.243334 23.160299 0.260963 0.044767 0.964310 0.000000 0.000000 0.000000 0.000000 1.000000
0.329749 0.935497 -0.126926 0.000000 -0.914839 0.349834 0.201707 23.160299 0.233100 0.049604 0.971187 0.000000 0.000000 0.000000 0.000000 1.000000
0.437746 0.888768 -0.135904 0.000000 -0.874655 0.455958 0.164563 23.160299 0.208225 0.046832 0.976959 0.000000 0.000000 0.000000 0.000000 1.000000
0.539344 0.829920 -0.142624 -0.000000 -0.820693 0.555982 0.131709 23.160299 0.188605 0.046014 0.980974 -0.000000 0.000000 0.000000 0.000000 1.000000
0.614837 0.775907 -0.141223 0.000000 -0.770336 0.629219 0.103274 23.160299 0.168991 0.045292 0.984576 0.000000 0.000000 0.000000 0.000000 1.000000
0.639221 0.758525 -0.126636 0.000000 -0.753755 0.650628 0.092400 23.160299 0.152481 0.036389 0.987636 -0.000000 0.000000 0.000000 0.000000 1.000000
0.610588 0.784434 -0.108834 0.000000 -0.778346 0.619768 0.100326 23.160299 0.146151 0.023452 0.988984 -0.000000 0.000000 0.000000 0.000000 1.000000
0.568936 0.816415 -0.098882 0.000000 -0.808022 0.577318 0.117494 23.160299 0.153010 0.013052 0.988138 0.000000 0.000000 0.000000 0.000000 1.000000
0.497303 0.862489 -0.093823 -0.000000 -0.850536 0.506005 0.143347 23.160299 0.171110 0.008513 0.985215 0.000000 0.000000 0.000000 0.000000 1.000000
0.394571 0.914679 -0.087617 0.000000 -0.898314 0.404042 0.172573 23.160299 0.193250 0.010616 0.981092 -0.000000 0.000000 0.000000 0.000000 1.000000
0.275943 0.957235 -0.086928 0.000000 -0.936765 0.288086 0.198693 23.160299 0.215239 0.026603 0.976199 0.000000 0.000000 0.000000 0.000000 1.000000
0.225064 0.969018 -0.101733 0.000000 -0.949590 0.241533 0.199853 23.160299 0.218233 0.051625 0.974530 0.000000 0.000000 0.000000 0.000000 1.000000</float_array>
        <technique_common>
          <accessor source="#mixamorig_RightForeArm-Matrix-animation-output-transform-array" count="25" stride="16">
            <param type="float4x4"/>
          </accessor>
        </technique_common>
      </source>
      <source id="mixamorig_RightForeArm-Interpolations">
        <Name_array id="mixamorig_RightForeArm-Interpolations-array" count="25">
 LINEAR LINEAR LINEAR LINEAR LINEAR LINEAR LINEAR LINEAR LINEAR LINEAR LINEAR
LINEAR LINEAR LINEAR LINEAR LINEAR LINEAR LINEAR LINEAR LINEAR LINEAR LINEAR LINEAR
LINEAR LINEAR</Name_array>
        <technique_common>
          <accessor source="#mixamorig_RightForeArm-Interpolations-array" count="25">
            <param type="name"/>
          </accessor>
        </technique_common>
      </source>
      <sampler id="mixamorig_RightForeArm-Matrix-animation-transform">
        <input semantic="INPUT" source="#mixamorig_RightForeArm-Matrix-animation-input"/>
        <input semantic="OUTPUT" source="#mixamorig_RightForeArm-Matrix-animation-output-transform"/>
        <input semantic="INTERPOLATION" source="#mixamorig_RightForeArm-Interpolations"/>
      </sampler>
      <channel source="#mixamorig_RightForeArm-Matrix-animation-transform" target="mixamorig_RightForeArm/matrix"/>
    </animation>
    <animation id="mixamorig_RightHand-anim" name="mixamorig_RightHand">
      <source id="mixamorig_RightHand-Matrix-animation-input">
        <float_array id="mixamorig_RightHand-Matrix-animation-input-array" count="25">

0.000000 0.033333 0.066667 0.100000 0.133333 0.166667 0.200000 0.233333 0.266667 0.300000 0.333333 0.366667 0.400000 0.433333 0.466667 0.500000
0.533333 0.566667 0.600000 0.633333 0.666667 0.700000 0.733333 0.766667 0.800000</float_array>
        <technique_common>
          <accessor source="#mixamorig_RightHand-Matrix-animation-input-array" count="25">
            <param name="TIME" type="float"/>
          </accessor>
        </technique_common>
      </source>
      <source id="mixamorig_RightHand-Matrix-animation-output-transform">
        <float_array id="mixamorig_RightHand-Matrix-animation-output-transform-array" count="400">

0.766900 -0.117963 0.630833 -0.000000 0.060214 0.991852 0.112271 24.071699 -0.638936 -0.048115 0.767754 0.000000 0.000000 0.000000 0.000000 1.000000
0.781354 -0.026037 0.623544 -0.000000 0.034985 0.999386 -0.002109 24.071699 -0.623106 0.023463 0.781785 0.000000 0.000000 0.000000 0.000000 1.000000
0.813465 0.029620 0.580859 0.000000 0.021968 0.996425 -0.081575 24.071699 -0.581199 0.079119 0.809906 0.000000 0.000000 0.000000 0.000000 1.000000
0.836320 0.073787 0.543254 -0.000000 0.002430 0.990393 -0.138260 24.071699 -0.548237 0.116950 0.828106 -0.000000 0.000000 0.000000 0.000000 1.000000
0.850962 0.098160 0.515973 -0.000000 -0.010908 0.985472 -0.169488 24.071699 -0.525114 0.138600 0.839670 0.000000 0.000000 0.000000 0.000000 1.000000
0.850352 0.106969 0.515227 0.000000 -0.015715 0.983846 -0.178326 24.071699 -0.525980 0.143543 0.838296 0.000000 0.000000 0.000000 0.000000 1.000000
0.839586 0.110869 0.531793 -0.000000 -0.020319 0.984676 -0.173207 24.071699 -0.542847 0.134617 0.828973 -0.000000 0.000000 0.000000 0.000000 1.000000
0.829035 0.095878 0.550917 0.000000 -0.005994 0.986659 -0.162692 24.071699 -0.559165 0.131576 0.818549 0.000000 0.000000 0.000000 0.000000 1.000000
0.813454 0.068005 0.577639 -0.000000 0.025771 0.987951 -0.152603 24.071699 -0.581057 0.139022 0.801901 -0.000000 0.000000 0.000000 0.000000 1.000000
0.792707 0.008049 0.609549 0.000000 0.085327 0.988604 -0.124020 24.071699 -0.603601 0.150322 0.782987 -0.000000 0.000000 0.000000 0.000000 1.000000
0.756022 -0.044918 0.653003 -0.000000 0.108532 0.992435 -0.057388 24.071699 -0.645485 0.114258 0.755178 -0.000000 0.000000 0.000000 0.000000 1.000000
0.726876 -0.096545 0.679948 0.000000 0.129097 0.991628 0.002793 24.071699 -0.674526 0.085749 0.733255 0.000000 0.000000 0.000000 0.000000 1.000000
0.721692 -0.117252 0.682212 0.000000 0.126088 0.991329 0.036996 24.071699 -0.680634 0.059319 0.730218 -0.000000 0.000000 0.000000 0.000000 1.000000
0.734035 -0.113880 0.669495 0.000000 0.099938 0.993221 0.059373 24.071699 -0.671718 0.023326 0.740440 -0.000000 0.000000 0.000000 0.000000 1.000000
0.748418 -0.091592 0.656873 0.000000 0.052372 0.995487 0.079135 24.071699 -0.661157 -0.024824 0.749837 0.000000 0.000000 0.000000 0.000000 1.000000
0.753680 -0.042065 0.655894 0.000000 -0.012585 0.996843 0.078393 24.071699 -0.657121 -0.067338 0.750772 0.000000 0.000000 0.000000 0.000000 1.000000
0.755581 0.021150 0.654713 0.000000 -0.082220 0.994636 0.062756 24.071699 -0.649875 -0.101248 0.753268 0.000000 0.000000 0.000000 0.000000 1.000000
0.759827 0.084386 0.644626 0.000000 -0.150021 0.987538 0.047555 24.071699 -0.632580 -0.132841 0.763018 0.000000 0.000000 0.000000 0.000000 1.000000
0.766678 0.117779 0.631136 0.000000 -0.187674 0.981206 0.044871 24.071699 -0.613990 -0.152849 0.774373 0.000000 0.000000 0.000000 0.000000 1.000000
0.770517 0.112347 0.627440 0.000000 -0.188207 0.980557 0.055549 24.071699 -0.609001 -0.160890 0.776681 0.000000 0.000000 0.000000 0.000000 1.000000
0.765140 0.089063 0.637675 -0.000000 -0.162912 0.984939 0.057913 24.071699 -0.622913 -0.148196 0.768126 0.000000 0.000000 0.000000 0.000000 1.000000
0.760077 0.041435 0.648511 0.000000 -0.110772 0.991620 0.066471 24.071699 -0.640322 -0.122360 0.758298 0.000000 0.000000 0.000000 0.000000 1.000000
0.748161 -0.025077 0.663043 0.000000 -0.039509 0.995829 0.082244 24.071699 -0.662340 -0.087728 0.744050 -0.000000 0.000000 0.000000 0.000000 1.000000
0.742262 -0.085410 0.664645 -0.000000 0.024593 0.994648 0.100351 24.071699 -0.669659 -0.058141 0.740390 0.000000 0.000000 0.000000 0.000000 1.000000
0.766900 -0.117961 0.630832 0.000000 0.060211 0.991852 0.112271 24.071699 -0.638935 -0.048117 0.767754 0.000000 0.000000 0.000000 0.000000 1.000000</float_array>
        <technique_common>
          <accessor source="#mixamorig_RightHand-Matrix-animation-output-transform-array" count="25" stride="16">
            <param type="float4x4"/>
          </accessor>
        </technique_common>
      </source>
      <source id="mixamorig_RightHand-Interpolations">
        <Name_array id="mixamorig_RightHand-Interpolations-array" count="25">
 LINEAR LINEAR LINEAR LINEAR LINEAR LINEAR LINEAR LINEAR LINEAR LINEAR LINEAR
LINEAR LINEAR LINEAR LINEAR LINEAR LINEAR LINEAR LINEAR LINEAR LINEAR LINEAR LINEAR
LINEAR LINEAR</Name_array>
        <technique_common>
          <accessor source="#mixamorig_RightHand-Interpolations-array" count="25">
            <param type="name"/>
          </accessor>
        </technique_common>
      </source>
      <sampler id="mixamorig_RightHand-Matrix-animation-transform">
        <input semantic="INPUT" source="#mixamorig_RightHand-Matrix-animation-input"/>
        <input semantic="OUTPUT" source="#mixamorig_RightHand-Matrix-animation-output-transform"/>
        <input semantic="INTERPOLATION" source="#mixamorig_RightHand-Interpolations"/>
      </sampler>
      <channel source="#mixamorig_RightHand-Matrix-animation-transform" target="mixamorig_RightHand/matrix"/>
    </animation>
    <animation id="mixamorig_RightHandThumb1-anim" name="mixamorig_RightHandThumb1">
      <source id="mixamorig_RightHandThumb1-Matrix-animation-input">
        <float_array id="mixamorig_RightHandThumb1-Matrix-animation-input-array" count="25">

0.000000 0.033333 0.066667 0.100000 0.133333 0.166667 0.200000 0.233333 0.266667 0.300000 0.333333 0.366667 0.400000 0.433333 0.466667 0.500000
0.533333 0.566667 0.600000 0.633333 0.666667 0.700000 0.733333 0.766667 0.800000</float_array>
        <technique_common>
          <accessor source="#mixamorig_RightHandThumb1-Matrix-animation-input-array" count="25">
            <param name="TIME" type="float"/>
          </accessor>
        </technique_common>
      </source>
      <source id="mixamorig_RightHandThumb1-Matrix-animation-output-transform">
        <float_array id="mixamorig_RightHandThumb1-Matrix-animation-output-transform-array" count="400">

0.168317 0.403240 -0.899481 1.509000 -0.684488 0.704442 0.187718 4.173400 0.709328 0.584088 0.394583 1.927000 0.000000 0.000000 0.000000 1.000000
0.168317 0.403240 -0.899481 1.509000 -0.684489 0.704441 0.187717 4.173400 0.709327 0.584089 0.394582 1.927000 0.000000 0.000000 0.000000 1.000000
0.168317 0.403240 -0.899482 1.509000 -0.684488 0.704442 0.187717 4.173400 0.709327 0.584089 0.394582 1.927000 0.000000 0.000000 0.000000 1.000000
0.168316 0.403240 -0.899481 1.509000 -0.684488 0.704441 0.187718 4.173400 0.709327 0.584089 0.394582 1.927000 0.000000 0.000000 0.000000 1.000000
0.168317 0.403240 -0.899482 1.509000 -0.684488 0.704442 0.187717 4.173400 0.709328 0.584088 0.394582 1.927000 0.000000 0.000000 0.000000 1.000000
0.168317 0.403240 -0.899482 1.509000 -0.684488 0.704442 0.187717 4.173400 0.709327 0.584089 0.394582 1.927000 0.000000 0.000000 0.000000 1.000000
0.168316 0.403240 -0.899482 1.509000 -0.684488 0.704442 0.187717 4.173400 0.709327 0.584089 0.394582 1.927000 0.000000 0.000000 0.000000 1.000000
0.168316 0.403240 -0.899481 1.509000 -0.684488 0.704442 0.187718 4.173400 0.709328 0.584088 0.394582 1.927000 0.000000 0.000000 0.000000 1.000000
0.168316 0.403240 -0.899482 1.509000 -0.684488 0.704442 0.187717 4.173400 0.709327 0.584089 0.394582 1.927000 0.000000 0.000000 0.000000 1.000000
0.168317 0.403240 -0.899482 1.509000 -0.684488 0.704442 0.187717 4.173400 0.709328 0.584088 0.394582 1.927000 0.000000 0.000000 0.000000 1.000000
0.168317 0.403241 -0.899481 1.509000 -0.684488 0.704442 0.187718 4.173400 0.709328 0.584088 0.394583 1.927000 0.000000 0.000000 0.000000 1.000000
0.168317 0.403240 -0.899482 1.509000 -0.684488 0.704442 0.187717 4.173400 0.709328 0.584088 0.394582 1.927000 0.000000 0.000000 0.000000 1.000000
0.168317 0.403240 -0.899481 1.509000 -0.684488 0.704442 0.187718 4.173400 0.709328 0.584088 0.394583 1.927000 0.000000 0.000000 0.000000 1.000000
0.168316 0.403240 -0.899481 1.509000 -0.684489 0.704441 0.187718 4.173400 0.709327 0.584089 0.394582 1.927000 0.000000 0.000000 0.000000 1.000000
0.168317 0.403240 -0.899482 1.509000 -0.684488 0.704442 0.187717 4.173400 0.709327 0.584089 0.394582 1.927000 0.000000 0.000000 0.000000 1.000000
0.168316 0.403240 -0.899482 1.509000 -0.684488 0.704442 0.187718 4.173400 0.709327 0.584089 0.394582 1.927000 0.000000 0.000000 0.000000 1.000000
0.168316 0.403240 -0.899482 1.509000 -0.684488 0.704441 0.187717 4.173400 0.709327 0.584089 0.394582 1.927000 0.000000 0.000000 0.000000 1.000000
0.168317 0.403240 -0.899481 1.509000 -0.684488 0.704442 0.187717 4.173400 0.709327 0.584089 0.394582 1.927000 0.000000 0.000000 0.000000 1.000000
0.168316 0.403240 -0.899482 1.509000 -0.684488 0.704442 0.187718 4.173400 0.709328 0.584088 0.394582 1.927000 0.000000 0.000000 0.000000 1.000000
0.168317 0.403240 -0.899481 1.509000 -0.684488 0.704442 0.187718 4.173400 0.709328 0.584088 0.394582 1.927000 0.000000 0.000000 0.000000 1.000000
0.168317 0.403240 -0.899481 1.509000 -0.684488 0.704442 0.187717 4.173400 0.709327 0.584088 0.394582 1.927000 0.000000 0.000000 0.000000 1.000000
0.168317 0.403240 -0.899481 1.509000 -0.684488 0.704442 0.187718 4.173400 0.709328 0.584088 0.394582 1.927000 0.000000 0.000000 0.000000 1.000000
0.168317 0.403240 -0.899482 1.509000 -0.684488 0.704442 0.187717 4.173400 0.709327 0.584089 0.394582 1.927000 0.000000 0.000000 0.000000 1.000000
0.168316 0.403240 -0.899482 1.509000 -0.684488 0.704442 0.187718 4.173400 0.709328 0.584088 0.394582 1.927000 0.000000 0.000000 0.000000 1.000000
0.168317 0.403240 -0.899482 1.509000 -0.684488 0.704442 0.187717 4.173400 0.709328 0.584088 0.394582 1.927000 0.000000 0.000000 0.000000 1.000000</float_array>
        <technique_common>
          <accessor source="#mixamorig_RightHandThumb1-Matrix-animation-output-transform-array" count="25" stride="16">
            <param type="float4x4"/>
          </accessor>
        </technique_common>
      </source>
      <source id="mixamorig_RightHandThumb1-Interpolations">
        <Name_array id="mixamorig_RightHandThumb1-Interpolations-array" count="25">
 LINEAR LINEAR LINEAR LINEAR LINEAR LINEAR LINEAR LINEAR LINEAR LINEAR LINEAR
LINEAR LINEAR LINEAR LINEAR LINEAR LINEAR LINEAR LINEAR LINEAR LINEAR LINEAR LINEAR
LINEAR LINEAR</Name_array>
        <technique_common>
          <accessor source="#mixamorig_RightHandThumb1-Interpolations-array" count="25">
            <param type="name"/>
          </accessor>
        </technique_common>
      </source>
      <sampler id="mixamorig_RightHandThumb1-Matrix-animation-transform">
        <input semantic="INPUT" source="#mixamorig_RightHandThumb1-Matrix-animation-input"/>
        <input semantic="OUTPUT" source="#mixamorig_RightHandThumb1-Matrix-animation-output-transform"/>
        <input semantic="INTERPOLATION" source="#mixamorig_RightHandThumb1-Interpolations"/>
      </sampler>
      <channel source="#mixamorig_RightHandThumb1-Matrix-animation-transform" target="mixamorig_RightHandThumb1/matrix"/>
    </animation>
    <animation id="mixamorig_RightHandThumb2-anim" name="mixamorig_RightHandThumb2">
      <source id="mixamorig_RightHandThumb2-Matrix-animation-input">
        <float_array id="mixamorig_RightHandThumb2-Matrix-animation-input-array" count="25">

0.000000 0.033333 0.066667 0.100000 0.133333 0.166667 0.200000 0.233333 0.266667 0.300000 0.333333 0.366667 0.400000 0.433333 0.466667 0.500000
0.533333 0.566667 0.600000 0.633333 0.666667 0.700000 0.733333 0.766667 0.800000</float_array>
        <technique_common>
          <accessor source="#mixamorig_RightHandThumb2-Matrix-animation-input-array" count="25">
            <param name="TIME" type="float"/>
          </accessor>
        </technique_common>
      </source>
      <source id="mixamorig_RightHandThumb2-Matrix-animation-output-transform">
        <float_array id="mixamorig_RightHandThumb2-Matrix-animation-output-transform-array" count="400">

0.966645 -0.168865 0.192566 0.000000 0.187883 0.978501 -0.085066 3.870400 -0.174061 0.118409 0.977590 0.000000 0.000000 0.000000 0.000000 1.000000
0.966645 -0.168864 0.192566 0.000000 0.187881 0.978501 -0.085066 3.870400 -0.174061 0.118408 0.977590 0.000000 0.000000 0.000000 0.000000 1.000000
0.966645 -0.168864 0.192566 -0.000000 0.187881 0.978501 -0.085067 3.870400 -0.174061 0.118409 0.977590 -0.000000 0.000000 0.000000 0.000000 1.000000
0.966645 -0.168864 0.192565 -0.000000 0.187881 0.978501 -0.085067 3.870400 -0.174061 0.118409 0.977590 0.000000 0.000000 0.000000 0.000000 1.000000
0.966645 -0.168864 0.192565 -0.000000 0.187881 0.978501 -0.085067 3.870400 -0.174061 0.118409 0.977590 0.000000 0.000000 0.000000 0.000000 1.000000
0.966646 -0.168864 0.192565 -0.000000 0.187881 0.978501 -0.085066 3.870400 -0.174060 0.118408 0.977590 0.000000 0.000000 0.000000 0.000000 1.000000
0.966645 -0.168864 0.192566 -0.000000 0.187881 0.978501 -0.085066 3.870400 -0.174061 0.118408 0.977590 0.000000 0.000000 0.000000 0.000000 1.000000
0.966645 -0.168864 0.192566 0.000000 0.187882 0.978501 -0.085067 3.870400 -0.174061 0.118409 0.977590 -0.000000 0.000000 0.000000 0.000000 1.000000
0.966645 -0.168864 0.192565 -0.000000 0.187881 0.978501 -0.085067 3.870400 -0.174061 0.118409 0.977590 0.000000 0.000000 0.000000 0.000000 1.000000
0.966645 -0.168864 0.192565 0.000000 0.187881 0.978501 -0.085066 3.870400 -0.174061 0.118408 0.977590 -0.000000 0.000000 0.000000 0.000000 1.000000
0.966645 -0.168864 0.192565 0.000000 0.187882 0.978501 -0.085067 3.870400 -0.174061 0.118409 0.977590 -0.000000 0.000000 0.000000 0.000000 1.000000
0.966645 -0.168865 0.192566 -0.000000 0.187882 0.978501 -0.085067 3.870400 -0.174061 0.118409 0.977590 0.000000 0.000000 0.000000 0.000000 1.000000
0.966646 -0.168864 0.192566 -0.000000 0.187881 0.978501 -0.085067 3.870400 -0.174061 0.118409 0.977590 0.000000 0.000000 0.000000 0.000000 1.000000
0.966645 -0.168864 0.192566 0.000000 0.187881 0.978501 -0.085067 3.870400 -0.174061 0.118409 0.977590 -0.000000 0.000000 0.000000 0.000000 1.000000
0.966645 -0.168865 0.192566 0.000000 0.187882 0.978501 -0.085067 3.870400 -0.174061 0.118409 0.977590 0.000000 0.000000 0.000000 0.000000 1.000000
0.966645 -0.168865 0.192566 0.000000 0.187882 0.978501 -0.085066 3.870400 -0.174061 0.118409 0.977590 0.000000 0.000000 0.000000 0.000000 1.000000
0.966645 -0.168864 0.192566 -0.000000 0.187881 0.978501 -0.085067 3.870400 -0.174061 0.118409 0.977590 0.000000 0.000000 0.000000 0.000000 1.000000
0.966645 -0.168865 0.192566 0.000000 0.187882 0.978501 -0.085067 3.870400 -0.174061 0.118409 0.977590 -0.000000 0.000000 0.000000 0.000000 1.000000
0.966645 -0.168864 0.192566 0.000000 0.187882 0.978501 -0.085067 3.870400 -0.174062 0.118409 0.977590 0.000000 0.000000 0.000000 0.000000 1.000000
0.966645 -0.168864 0.192565 0.000000 0.187881 0.978501 -0.085067 3.870400 -0.174061 0.118409 0.977590 -0.000000 0.000000 0.000000 0.000000 1.000000
0.966645 -0.168864 0.192565 -0.000000 0.187882 0.978501 -0.085067 3.870400 -0.174061 0.118409 0.977590 -0.000000 0.000000 0.000000 0.000000 1.000000
0.966645 -0.168864 0.192566 -0.000000 0.187882 0.978501 -0.085067 3.870400 -0.174061 0.118409 0.977590 0.000000 0.000000 0.000000 0.000000 1.000000
0.966645 -0.168864 0.192566 -0.000000 0.187881 0.978501 -0.085067 3.870400 -0.174062 0.118409 0.977590 -0.000000 0.000000 0.000000 0.000000 1.000000
0.966645 -0.168864 0.192566 -0.000000 0.187882 0.978501 -0.085066 3.870400 -0.174061 0.118408 0.977590 0.000000 0.000000 0.000000 0.000000 1.000000
0.966645 -0.168864 0.192566 0.000000 0.187882 0.978501 -0.085066 3.870400 -0.174061 0.118409 0.977590 0.000000 0.000000 0.000000 0.000000 1.000000</float_array>
        <technique_common>
          <accessor source="#mixamorig_RightHandThumb2-Matrix-animation-output-transform-array" count="25" stride="16">
            <param type="float4x4"/>
          </accessor>
        </technique_common>
      </source>
      <source id="mixamorig_RightHandThumb2-Interpolations">
        <Name_array id="mixamorig_RightHandThumb2-Interpolations-array" count="25">
 LINEAR LINEAR LINEAR LINEAR LINEAR LINEAR LINEAR LINEAR LINEAR LINEAR LINEAR
LINEAR LINEAR LINEAR LINEAR LINEAR LINEAR LINEAR LINEAR LINEAR LINEAR LINEAR LINEAR
LINEAR LINEAR</Name_array>
        <technique_common>
          <accessor source="#mixamorig_RightHandThumb2-Interpolations-array" count="25">
            <param type="name"/>
          </accessor>
        </technique_common>
      </source>
      <sampler id="mixamorig_RightHandThumb2-Matrix-animation-transform">
        <input semantic="INPUT" source="#mixamorig_RightHandThumb2-Matrix-animation-input"/>
        <input semantic="OUTPUT" source="#mixamorig_RightHandThumb2-Matrix-animation-output-transform"/>
        <input semantic="INTERPOLATION" source="#mixamorig_RightHandThumb2-Interpolations"/>
      </sampler>
      <channel source="#mixamorig_RightHandThumb2-Matrix-animation-transform" target="mixamorig_RightHandThumb2/matrix"/>
    </animation>
    <animation id="mixamorig_RightHandThumb3-anim" name="mixamorig_RightHandThumb3">
      <source id="mixamorig_RightHandThumb3-Matrix-animation-input">
        <float_array id="mixamorig_RightHandThumb3-Matrix-animation-input-array" count="25">

0.000000 0.033333 0.066667 0.100000 0.133333 0.166667 0.200000 0.233333 0.266667 0.300000 0.333333 0.366667 0.400000 0.433333 0.466667 0.500000
0.533333 0.566667 0.600000 0.633333 0.666667 0.700000 0.733333 0.766667 0.800000</float_array>
        <technique_common>
          <accessor source="#mixamorig_RightHandThumb3-Matrix-animation-input-array" count="25">
            <param name="TIME" type="float"/>
          </accessor>
        </technique_common>
      </source>
      <source id="mixamorig_RightHandThumb3-Matrix-animation-output-transform">
        <float_array id="mixamorig_RightHandThumb3-Matrix-animation-output-transform-array" count="400">

0.834257 -0.546507 0.073117 -0.000000 0.548570 0.809318 -0.209940 4.710300 0.055559 0.215254 0.974976 0.000000 0.000000 0.000000 0.000000 1.000000
0.834256 -0.546507 0.073118 -0.000000 0.548571 0.809318 -0.209940 4.710300 0.055558 0.215254 0.974976 0.000000 0.000000 0.000000 0.000000 1.000000
0.834257 -0.546507 0.073117 -0.000000 0.548570 0.809318 -0.209940 4.710300 0.055558 0.215254 0.974976 0.000000 0.000000 0.000000 0.000000 1.000000
0.834256 -0.546507 0.073118 0.000000 0.548570 0.809318 -0.209940 4.710300 0.055558 0.215254 0.974976 0.000000 0.000000 0.000000 0.000000 1.000000
0.834256 -0.546507 0.073118 0.000000 0.548570 0.809318 -0.209940 4.710300 0.055558 0.215254 0.974976 0.000000 0.000000 0.000000 0.000000 1.000000
0.834257 -0.546507 0.073118 -0.000000 0.548570 0.809318 -0.209940 4.710300 0.055558 0.215254 0.974976 0.000000 0.000000 0.000000 0.000000 1.000000
0.834256 -0.546507 0.073117 -0.000000 0.548571 0.809318 -0.209940 4.710300 0.055559 0.215254 0.974976 0.000000 0.000000 0.000000 0.000000 1.000000
0.834256 -0.546507 0.073117 0.000000 0.548570 0.809318 -0.209940 4.710300 0.055558 0.215254 0.974976 0.000000 0.000000 0.000000 0.000000 1.000000
0.834256 -0.546507 0.073118 0.000000 0.548571 0.809318 -0.209940 4.710300 0.055558 0.215254 0.974976 0.000000 0.000000 0.000000 0.000000 1.000000
0.834256 -0.546507 0.073118 0.000000 0.548570 0.809318 -0.209940 4.710300 0.055558 0.215254 0.974976 0.000000 0.000000 0.000000 0.000000 1.000000
0.834256 -0.546507 0.073118 -0.000000 0.548570 0.809318 -0.209940 4.710300 0.055558 0.215254 0.974976 0.000000 0.000000 0.000000 0.000000 1.000000
0.834256 -0.546507 0.073118 0.000000 0.548570 0.809318 -0.209940 4.710300 0.055558 0.215254 0.974976 0.000000 0.000000 0.000000 0.000000 1.000000
0.834256 -0.546508 0.073118 -0.000000 0.548571 0.809318 -0.209940 4.710300 0.055558 0.215254 0.974976 0.000000 0.000000 0.000000 0.000000 1.000000
0.834256 -0.546507 0.073117 0.000000 0.548570 0.809318 -0.209940 4.710300 0.055558 0.215254 0.974976 0.000000 0.000000 0.000000 0.000000 1.000000
0.834257 -0.546507 0.073117 0.000000 0.548570 0.809318 -0.209940 4.710300 0.055558 0.215254 0.974976 0.000000 0.000000 0.000000 0.000000 1.000000
0.834256 -0.546507 0.073117 -0.000000 0.548570 0.809318 -0.209940 4.710300 0.055559 0.215254 0.974976 0.000000 0.000000 0.000000 0.000000 1.000000
0.834256 -0.546507 0.073117 0.000000 0.548570 0.809318 -0.209940 4.710300 0.055559 0.215254 0.974976 0.000000 0.000000 0.000000 0.000000 1.000000
0.834257 -0.546507 0.073117 -0.000000 0.548570 0.809318 -0.209940 4.710300 0.055559 0.215253 0.974977 0.000000 0.000000 0.000000 0.000000 1.000000
0.834256 -0.546507 0.073117 -0.000000 0.548570 0.809318 -0.209940 4.710300 0.055559 0.215254 0.974976 -0.000000 0.000000 0.000000 0.000000 1.000000
0.834256 -0.546507 0.073118 0.000000 0.548570 0.809318 -0.209940 4.710300 0.055558 0.215254 0.974976 0.000000 0.000000 0.000000 0.000000 1.000000
0.834257 -0.546507 0.073118 -0.000000 0.548570 0.809318 -0.209939 4.710300 0.055558 0.215254 0.974976 0.000000 0.000000 0.000000 0.000000 1.000000
0.834257 -0.546507 0.073117 -0.000000 0.548570 0.809319 -0.209940 4.710300 0.055558 0.215253 0.974977 -0.000000 0.000000 0.000000 0.000000 1.000000
0.834256 -0.546507 0.073117 -0.000000 0.548571 0.809318 -0.209940 4.710300 0.055559 0.215254 0.974976 0.000000 0.000000 0.000000 0.000000 1.000000
0.834256 -0.546507 0.073117 -0.000000 0.548570 0.809318 -0.209940 4.710300 0.055559 0.215254 0.974976 0.000000 0.000000 0.000000 0.000000 1.000000
0.834256 -0.546508 0.073118 -0.000000 0.548571 0.809318 -0.209940 4.710300 0.055558 0.215254 0.974976 0.000000 0.000000 0.000000 0.000000 1.000000</float_array>
        <technique_common>
          <accessor source="#mixamorig_RightHandThumb3-Matrix-animation-output-transform-array" count="25" stride="16">
            <param type="float4x4"/>
          </accessor>
        </technique_common>
      </source>
      <source id="mixamorig_RightHandThumb3-Interpolations">
        <Name_array id="mixamorig_RightHandThumb3-Interpolations-array" count="25">
 LINEAR LINEAR LINEAR LINEAR LINEAR LINEAR LINEAR LINEAR LINEAR LINEAR LINEAR
LINEAR LINEAR LINEAR LINEAR LINEAR LINEAR LINEAR LINEAR LINEAR LINEAR LINEAR LINEAR
LINEAR LINEAR</Name_array>
        <technique_common>
          <accessor source="#mixamorig_RightHandThumb3-Interpolations-array" count="25">
            <param type="name"/>
          </accessor>
        </technique_common>
      </source>
      <sampler id="mixamorig_RightHandThumb3-Matrix-animation-transform">
        <input semantic="INPUT" source="#mixamorig_RightHandThumb3-Matrix-animation-input"/>
        <input semantic="OUTPUT" source="#mixamorig_RightHandThumb3-Matrix-animation-output-transform"/>
        <input semantic="INTERPOLATION" source="#mixamorig_RightHandThumb3-Interpolations"/>
      </sampler>
      <channel source="#mixamorig_RightHandThumb3-Matrix-animation-transform" target="mixamorig_RightHandThumb3/matrix"/>
    </animation>
    <animation id="mixamorig_RightHandIndex1-anim" name="mixamorig_RightHandIndex1">
      <source id="mixamorig_RightHandIndex1-Matrix-animation-input">
        <float_array id="mixamorig_RightHandIndex1-Matrix-animation-input-array" count="25">

0.000000 0.033333 0.066667 0.100000 0.133333 0.166667 0.200000 0.233333 0.266667 0.300000 0.333333 0.366667 0.400000 0.433333 0.466667 0.500000
0.533333 0.566667 0.600000 0.633333 0.666667 0.700000 0.733333 0.766667 0.800000</float_array>
        <technique_common>
          <accessor source="#mixamorig_RightHandIndex1-Matrix-animation-input-array" count="25">
            <param name="TIME" type="float"/>
          </accessor>
        </technique_common>
      </source>
      <source id="mixamorig_RightHandIndex1-Matrix-animation-output-transform">
        <float_array id="mixamorig_RightHandIndex1-Matrix-animation-output-transform-array" count="400">

0.986236 0.047425 -0.158393 2.855500 -0.133552 0.793268 -0.594045 14.669400 0.097476 0.607023 0.788683 0.399000 0.000000 0.000000 0.000000 1.000000
0.986237 0.047426 -0.158393 2.855500 -0.133552 0.793268 -0.594045 14.669400 0.097475 0.607023 0.788683 0.399000 0.000000 0.000000 0.000000 1.000000
0.986237 0.047425 -0.158393 2.855500 -0.133552 0.793268 -0.594046 14.669400 0.097475 0.607023 0.788683 0.399000 0.000000 0.000000 0.000000 1.000000
0.986236 0.047426 -0.158394 2.855500 -0.133553 0.793267 -0.594046 14.669400 0.097476 0.607024 0.788683 0.399000 0.000000 0.000000 0.000000 1.000000
0.986236 0.047426 -0.158394 2.855500 -0.133553 0.793268 -0.594045 14.669400 0.097475 0.607023 0.788683 0.399000 0.000000 0.000000 0.000000 1.000000
0.986236 0.047425 -0.158393 2.855500 -0.133552 0.793267 -0.594046 14.669400 0.097475 0.607024 0.788683 0.399000 0.000000 0.000000 0.000000 1.000000
0.986236 0.047426 -0.158393 2.855500 -0.133552 0.793268 -0.594046 14.669400 0.097475 0.607023 0.788683 0.399000 0.000000 0.000000 0.000000 1.000000
0.986236 0.047425 -0.158393 2.855500 -0.133552 0.793268 -0.594046 14.669400 0.097475 0.607023 0.788683 0.399000 0.000000 0.000000 0.000000 1.000000
0.986237 0.047426 -0.158393 2.855500 -0.133552 0.793268 -0.594046 14.669400 0.097475 0.607023 0.788683 0.399000 0.000000 0.000000 0.000000 1.000000
0.986237 0.047426 -0.158393 2.855500 -0.133552 0.793268 -0.594046 14.669400 0.097475 0.607023 0.788683 0.399000 0.000000 0.000000 0.000000 1.000000
0.986236 0.047426 -0.158393 2.855500 -0.133552 0.793268 -0.594046 14.669400 0.097475 0.607023 0.788683 0.399000 0.000000 0.000000 0.000000 1.000000
0.986236 0.047426 -0.158394 2.855500 -0.133552 0.793267 -0.594046 14.669400 0.097475 0.607023 0.788683 0.399000 0.000000 0.000000 0.000000 1.000000
0.986237 0.047426 -0.158393 2.855500 -0.133552 0.793268 -0.594046 14.669400 0.097475 0.607023 0.788683 0.399000 0.000000 0.000000 0.000000 1.000000
0.986236 0.047426 -0.158393 2.855500 -0.133552 0.793268 -0.594046 14.669400 0.097475 0.607023 0.788683 0.399000 0.000000 0.000000 0.000000 1.000000
0.986236 0.047426 -0.158393 2.855500 -0.133552 0.793267 -0.594046 14.669400 0.097475 0.607023 0.788683 0.399000 0.000000 0.000000 0.000000 1.000000
0.986237 0.047426 -0.158393 2.855500 -0.133552 0.793267 -0.594046 14.669400 0.097475 0.607024 0.788683 0.399000 0.000000 0.000000 0.000000 1.000000
0.986237 0.047425 -0.158393 2.855500 -0.133552 0.793267 -0.594046 14.669400 0.097475 0.607024 0.788683 0.399000 0.000000 0.000000 0.000000 1.000000
0.986236 0.047426 -0.158394 2.855500 -0.133553 0.793268 -0.594046 14.669400 0.097475 0.607023 0.788683 0.399000 0.000000 0.000000 0.000000 1.000000
0.986237 0.047426 -0.158393 2.855500 -0.133552 0.793268 -0.594046 14.669400 0.097475 0.607023 0.788683 0.399000 0.000000 0.000000 0.000000 1.000000
0.986237 0.047426 -0.158393 2.855500 -0.133552 0.793268 -0.594046 14.669400 0.097475 0.607023 0.788683 0.399000 0.000000 0.000000 0.000000 1.000000
0.986236 0.047426 -0.158393 2.855500 -0.133552 0.793268 -0.594046 14.669400 0.097475 0.607023 0.788683 0.399000 0.000000 0.000000 0.000000 1.000000
0.986236 0.047426 -0.158394 2.855500 -0.133552 0.793267 -0.594046 14.669400 0.097475 0.607024 0.788683 0.399000 0.000000 0.000000 0.000000 1.000000
0.986236 0.047426 -0.158394 2.855500 -0.133553 0.793267 -0.594046 14.669400 0.097476 0.607024 0.788683 0.399000 0.000000 0.000000 0.000000 1.000000
0.986236 0.047425 -0.158394 2.855500 -0.133552 0.793267 -0.594046 14.669400 0.097476 0.607024 0.788683 0.399000 0.000000 0.000000 0.000000 1.000000
0.986237 0.047426 -0.158393 2.855500 -0.133552 0.793267 -0.594046 14.669400 0.097474 0.607024 0.788683 0.399000 0.000000 0.000000 0.000000 1.000000</float_array>
        <technique_common>
          <accessor source="#mixamorig_RightHandIndex1-Matrix-animation-output-transform-array" count="25" stride="16">
            <param type="float4x4"/>
          </accessor>
        </technique_common>
      </source>
      <source id="mixamorig_RightHandIndex1-Interpolations">
        <Name_array id="mixamorig_RightHandIndex1-Interpolations-array" count="25">
 LINEAR LINEAR LINEAR LINEAR LINEAR LINEAR LINEAR LINEAR LINEAR LINEAR LINEAR
LINEAR LINEAR LINEAR LINEAR LINEAR LINEAR LINEAR LINEAR LINEAR LINEAR LINEAR LINEAR
LINEAR LINEAR</Name_array>
        <technique_common>
          <accessor source="#mixamorig_RightHandIndex1-Interpolations-array" count="25">
            <param type="name"/>
          </accessor>
        </technique_common>
      </source>
      <sampler id="mixamorig_RightHandIndex1-Matrix-animation-transform">
        <input semantic="INPUT" source="#mixamorig_RightHandIndex1-Matrix-animation-input"/>
        <input semantic="OUTPUT" source="#mixamorig_RightHandIndex1-Matrix-animation-output-transform"/>
        <input semantic="INTERPOLATION" source="#mixamorig_RightHandIndex1-Interpolations"/>
      </sampler>
      <channel source="#mixamorig_RightHandIndex1-Matrix-animation-transform" target="mixamorig_RightHandIndex1/matrix"/>
    </animation>
    <animation id="mixamorig_RightHandIndex2-anim" name="mixamorig_RightHandIndex2">
      <source id="mixamorig_RightHandIndex2-Matrix-animation-input">
        <float_array id="mixamorig_RightHandIndex2-Matrix-animation-input-array" count="25">

0.000000 0.033333 0.066667 0.100000 0.133333 0.166667 0.200000 0.233333 0.266667 0.300000 0.333333 0.366667 0.400000 0.433333 0.466667 0.500000
0.533333 0.566667 0.600000 0.633333 0.666667 0.700000 0.733333 0.766667 0.800000</float_array>
        <technique_common>
          <accessor source="#mixamorig_RightHandIndex2-Matrix-animation-input-array" count="25">
            <param name="TIME" type="float"/>
          </accessor>
        </technique_common>
      </source>
      <source id="mixamorig_RightHandIndex2-Matrix-animation-output-transform">
        <float_array id="mixamorig_RightHandIndex2-Matrix-animation-output-transform-array" count="400">

0.997469 0.009348 -0.070490 0.000000 -0.069138 0.359191 -0.930699 3.248600 0.016620 0.933217 0.358928 0.000000 0.000000 0.000000 0.000000 1.000000
0.997469 0.009347 -0.070489 0.000000 -0.069137 0.359191 -0.930700 3.248600 0.016620 0.933217 0.358928 0.000000 0.000000 0.000000 0.000000 1.000000
0.997469 0.009347 -0.070490 0.000000 -0.069137 0.359191 -0.930700 3.248600 0.016620 0.933217 0.358928 0.000000 0.000000 0.000000 0.000000 1.000000
0.997469 0.009347 -0.070489 0.000000 -0.069137 0.359192 -0.930699 3.248600 0.016620 0.933217 0.358929 0.000000 0.000000 0.000000 0.000000 1.000000
0.997469 0.009347 -0.070490 0.000000 -0.069137 0.359192 -0.930699 3.248600 0.016620 0.933217 0.358929 0.000000 0.000000 0.000000 0.000000 1.000000
0.997469 0.009347 -0.070489 -0.000000 -0.069137 0.359191 -0.930700 3.248600 0.016620 0.933217 0.358928 0.000000 0.000000 0.000000 0.000000 1.000000
0.997469 0.009347 -0.070490 -0.000000 -0.069137 0.359191 -0.930700 3.248600 0.016620 0.933217 0.358928 0.000000 0.000000 0.000000 0.000000 1.000000
0.997469 0.009347 -0.070490 0.000000 -0.069137 0.359191 -0.930700 3.248600 0.016621 0.933217 0.358928 0.000000 0.000000 0.000000 0.000000 1.000000
0.997469 0.009346 -0.070489 0.000000 -0.069136 0.359191 -0.930700 3.248600 0.016621 0.933217 0.358928 0.000000 0.000000 0.000000 0.000000 1.000000
0.997469 0.009346 -0.070489 0.000000 -0.069136 0.359191 -0.930700 3.248600 0.016620 0.933217 0.358928 0.000000 0.000000 0.000000 0.000000 1.000000
0.997469 0.009346 -0.070489 0.000000 -0.069136 0.359191 -0.930700 3.248600 0.016620 0.933217 0.358928 -0.000000 0.000000 0.000000 0.000000 1.000000
0.997469 0.009347 -0.070489 0.000000 -0.069136 0.359191 -0.930700 3.248600 0.016620 0.933217 0.358928 0.000000 0.000000 0.000000 0.000000 1.000000
0.997469 0.009346 -0.070489 0.000000 -0.069136 0.359191 -0.930700 3.248600 0.016621 0.933217 0.358928 0.000000 0.000000 0.000000 0.000000 1.000000
0.997469 0.009347 -0.070489 0.000000 -0.069137 0.359191 -0.930700 3.248600 0.016620 0.933217 0.358928 0.000000 0.000000 0.000000 0.000000 1.000000
0.997469 0.009347 -0.070489 0.000000 -0.069136 0.359191 -0.930700 3.248600 0.016620 0.933217 0.358928 0.000000 0.000000 0.000000 0.000000 1.000000
0.997469 0.009346 -0.070490 0.000000 -0.069137 0.359191 -0.930700 3.248600 0.016621 0.933217 0.358928 0.000000 0.000000 0.000000 0.000000 1.000000
0.997469 0.009347 -0.070490 0.000000 -0.069137 0.359191 -0.930700 3.248600 0.016620 0.933217 0.358928 0.000000 0.000000 0.000000 0.000000 1.000000
0.997469 0.009347 -0.070489 0.000000 -0.069137 0.359191 -0.930700 3.248600 0.016620 0.933217 0.358928 0.000000 0.000000 0.000000 0.000000 1.000000
0.997469 0.009346 -0.070490 0.000000 -0.069137 0.359191 -0.930700 3.248600 0.016621 0.933217 0.358928 0.000000 0.000000 0.000000 0.000000 1.000000
0.997469 0.009347 -0.070490 0.000000 -0.069137 0.359191 -0.930700 3.248600 0.016620 0.933217 0.358928 0.000000 0.000000 0.000000 0.000000 1.000000
0.997469 0.009347 -0.070490 -0.000000 -0.069137 0.359191 -0.930700 3.248600 0.016620 0.933217 0.358928 0.000000 0.000000 0.000000 0.000000 1.000000
0.997469 0.009346 -0.070489 0.000000 -0.069136 0.359191 -0.930700 3.248600 0.016620 0.933217 0.358928 0.000000 0.000000 0.000000 0.000000 1.000000
0.997469 0.009347 -0.070489 -0.000000 -0.069137 0.359191 -0.930700 3.248600 0.016620 0.933217 0.358928 0.000000 0.000000 0.000000 0.000000 1.000000
0.997469 0.009347 -0.070489 0.000000 -0.069137 0.359192 -0.930699 3.248600 0.016620 0.933217 0.358929 0.000000 0.000000 0.000000 0.000000 1.000000
0.997469 0.009347 -0.070490 0.000000 -0.069137 0.359190 -0.930700 3.248600 0.016620 0.933217 0.358927 0.000000 0.000000 0.000000 0.000000 1.000000</float_array>
        <technique_common>
          <accessor source="#mixamorig_RightHandIndex2-Matrix-animation-output-transform-array" count="25" stride="16">
            <param type="float4x4"/>
          </accessor>
        </technique_common>
      </source>
      <source id="mixamorig_RightHandIndex2-Interpolations">
        <Name_array id="mixamorig_RightHandIndex2-Interpolations-array" count="25">
 LINEAR LINEAR LINEAR LINEAR LINEAR LINEAR LINEAR LINEAR LINEAR LINEAR LINEAR
LINEAR LINEAR LINEAR LINEAR LINEAR LINEAR LINEAR LINEAR LINEAR LINEAR LINEAR LINEAR
LINEAR LINEAR</Name_array>
        <technique_common>
          <accessor source="#mixamorig_RightHandIndex2-Interpolations-array" count="25">
            <param type="name"/>
          </accessor>
        </technique_common>
      </source>
      <sampler id="mixamorig_RightHandIndex2-Matrix-animation-transform">
        <input semantic="INPUT" source="#mixamorig_RightHandIndex2-Matrix-animation-input"/>
        <input semantic="OUTPUT" source="#mixamorig_RightHandIndex2-Matrix-animation-output-transform"/>
        <input semantic="INTERPOLATION" source="#mixamorig_RightHandIndex2-Interpolations"/>
      </sampler>
      <channel source="#mixamorig_RightHandIndex2-Matrix-animation-transform" target="mixamorig_RightHandIndex2/matrix"/>
    </animation>
    <animation id="mixamorig_RightHandIndex3-anim" name="mixamorig_RightHandIndex3">
      <source id="mixamorig_RightHandIndex3-Matrix-animation-input">
        <float_array id="mixamorig_RightHandIndex3-Matrix-animation-input-array" count="25">

0.000000 0.033333 0.066667 0.100000 0.133333 0.166667 0.200000 0.233333 0.266667 0.300000 0.333333 0.366667 0.400000 0.433333 0.466667 0.500000
0.533333 0.566667 0.600000 0.633333 0.666667 0.700000 0.733333 0.766667 0.800000</float_array>
        <technique_common>
          <accessor source="#mixamorig_RightHandIndex3-Matrix-animation-input-array" count="25">
            <param name="TIME" type="float"/>
          </accessor>
        </technique_common>
      </source>
      <source id="mixamorig_RightHandIndex3-Matrix-animation-output-transform">
        <float_array id="mixamorig_RightHandIndex3-Matrix-animation-output-transform-array" count="400">

0.998454 0.019226 -0.052154 0.000000 -0.055101 0.465791 -0.883178 2.659600 0.007313 0.884686 0.466130 -0.000000 0.000000 0.000000 0.000000 1.000000
0.998454 0.019226 -0.052154 -0.000000 -0.055101 0.465791 -0.883178 2.659600 0.007313 0.884686 0.466130 -0.000000 0.000000 0.000000 0.000000 1.000000
0.998454 0.019226 -0.052154 0.000000 -0.055101 0.465791 -0.883178 2.659600 0.007313 0.884686 0.466130 -0.000000 0.000000 0.000000 0.000000 1.000000
0.998454 0.019225 -0.052154 -0.000000 -0.055101 0.465791 -0.883178 2.659600 0.007313 0.884686 0.466130 0.000000 0.000000 0.000000 0.000000 1.000000
0.998454 0.019226 -0.052154 0.000000 -0.055102 0.465791 -0.883178 2.659600 0.007313 0.884686 0.466130 0.000000 0.000000 0.000000 0.000000 1.000000
0.998454 0.019225 -0.052154 0.000000 -0.055101 0.465791 -0.883177 2.659600 0.007314 0.884686 0.466130 0.000000 0.000000 0.000000 0.000000 1.000000
0.998454 0.019225 -0.052154 -0.000000 -0.055101 0.465791 -0.883177 2.659600 0.007314 0.884686 0.466130 -0.000000 0.000000 0.000000 0.000000 1.000000
0.998454 0.019226 -0.052154 -0.000000 -0.055101 0.465791 -0.883177 2.659600 0.007313 0.884686 0.466130 0.000000 0.000000 0.000000 0.000000 1.000000
0.998454 0.019225 -0.052154 0.000000 -0.055101 0.465791 -0.883177 2.659600 0.007314 0.884686 0.466131 -0.000000 0.000000 0.000000 0.000000 1.000000
0.998454 0.019226 -0.052154 0.000000 -0.055102 0.465791 -0.883178 2.659600 0.007313 0.884686 0.466130 0.000000 0.000000 0.000000 0.000000 1.000000
0.998454 0.019225 -0.052154 0.000000 -0.055102 0.465791 -0.883178 2.659600 0.007313 0.884686 0.466130 -0.000000 0.000000 0.000000 0.000000 1.000000
0.998454 0.019225 -0.052154 0.000000 -0.055101 0.465791 -0.883177 2.659600 0.007314 0.884686 0.466130 0.000000 0.000000 0.000000 0.000000 1.000000
0.998454 0.019226 -0.052154 -0.000000 -0.055101 0.465791 -0.883178 2.659600 0.007313 0.884686 0.466130 -0.000000 0.000000 0.000000 0.000000 1.000000
0.998454 0.019225 -0.052154 0.000000 -0.055101 0.465791 -0.883178 2.659600 0.007313 0.884686 0.466130 0.000000 0.000000 0.000000 0.000000 1.000000
0.998454 0.019226 -0.052154 0.000000 -0.055101 0.465791 -0.883178 2.659600 0.007313 0.884686 0.466130 0.000000 0.000000 0.000000 0.000000 1.000000
0.998454 0.019226 -0.052154 0.000000 -0.055102 0.465791 -0.883178 2.659600 0.007313 0.884686 0.466130 0.000000 0.000000 0.000000 0.000000 1.000000
0.998454 0.019225 -0.052154 0.000000 -0.055101 0.465791 -0.883178 2.659600 0.007314 0.884686 0.466130 -0.000000 0.000000 0.000000 0.000000 1.000000
0.998454 0.019225 -0.052154 -0.000000 -0.055102 0.465791 -0.883178 2.659600 0.007313 0.884686 0.466130 -0.000000 0.000000 0.000000 0.000000 1.000000
0.998454 0.019226 -0.052154 -0.000000 -0.055101 0.465791 -0.883178 2.659600 0.007313 0.884686 0.466130 0.000000 0.000000 0.000000 0.000000 1.000000
0.998454 0.019225 -0.052154 -0.000000 -0.055102 0.465791 -0.883177 2.659600 0.007314 0.884686 0.466130 0.000000 0.000000 0.000000 0.000000 1.000000
0.998454 0.019225 -0.052153 0.000000 -0.055101 0.465791 -0.883178 2.659600 0.007313 0.884686 0.466130 0.000000 0.000000 0.000000 0.000000 1.000000
0.998454 0.019226 -0.052154 -0.000000 -0.055102 0.465791 -0.883177 2.659600 0.007313 0.884686 0.466130 -0.000000 0.000000 0.000000 0.000000 1.000000
0.998454 0.019226 -0.052154 0.000000 -0.055102 0.465791 -0.883177 2.659600 0.007313 0.884686 0.466130 0.000000 0.000000 0.000000 0.000000 1.000000
0.998454 0.019225 -0.052154 0.000000 -0.055101 0.465791 -0.883178 2.659600 0.007313 0.884686 0.466130 0.000000 0.000000 0.000000 0.000000 1.000000
0.998454 0.019226 -0.052155 0.000000 -0.055102 0.465790 -0.883178 2.659600 0.007313 0.884686 0.466130 -0.000000 0.000000 0.000000 0.000000 1.000000</float_array>
        <technique_common>
          <accessor source="#mixamorig_RightHandIndex3-Matrix-animation-output-transform-array" count="25" stride="16">
            <param type="float4x4"/>
          </accessor>
        </technique_common>
      </source>
      <source id="mixamorig_RightHandIndex3-Interpolations">
        <Name_array id="mixamorig_RightHandIndex3-Interpolations-array" count="25">
 LINEAR LINEAR LINEAR LINEAR LINEAR LINEAR LINEAR LINEAR LINEAR LINEAR LINEAR
LINEAR LINEAR LINEAR LINEAR LINEAR LINEAR LINEAR LINEAR LINEAR LINEAR LINEAR LINEAR
LINEAR LINEAR</Name_array>
        <technique_common>
          <accessor source="#mixamorig_RightHandIndex3-Interpolations-array" count="25">
            <param type="name"/>
          </accessor>
        </technique_common>
      </source>
      <sampler id="mixamorig_RightHandIndex3-Matrix-animation-transform">
        <input semantic="INPUT" source="#mixamorig_RightHandIndex3-Matrix-animation-input"/>
        <input semantic="OUTPUT" source="#mixamorig_RightHandIndex3-Matrix-animation-output-transform"/>
        <input semantic="INTERPOLATION" source="#mixamorig_RightHandIndex3-Interpolations"/>
      </sampler>
      <channel source="#mixamorig_RightHandIndex3-Matrix-animation-transform" target="mixamorig_RightHandIndex3/matrix"/>
    </animation>
    <animation id="mixamorig_RightHandMiddle1-anim" name="mixamorig_RightHandMiddle1">
      <source id="mixamorig_RightHandMiddle1-Matrix-animation-input">
        <float_array id="mixamorig_RightHandMiddle1-Matrix-animation-input-array" count="25">

0.000000 0.033333 0.066667 0.100000 0.133333 0.166667 0.200000 0.233333 0.266667 0.300000 0.333333 0.366667 0.400000 0.433333 0.466667 0.500000
0.533333 0.566667 0.600000 0.633333 0.666667 0.700000 0.733333 0.766667 0.800000</float_array>
        <technique_common>
          <accessor source="#mixamorig_RightHandMiddle1-Matrix-animation-input-array" count="25">
            <param name="TIME" type="float"/>
          </accessor>
        </technique_common>
      </source>
      <source id="mixamorig_RightHandMiddle1-Matrix-animation-output-transform">
        <float_array id="mixamorig_RightHandMiddle1-Matrix-animation-output-transform-array" count="400">

0.999391 0.026674 -0.022486 0.000000 -0.034762 0.706715 -0.706644 14.409800 -0.002958 0.706995 0.707212 -0.000000 0.000000 0.000000 0.000000 1.000000
0.999391 0.026674 -0.022486 0.000000 -0.034762 0.706715 -0.706644 14.409800 -0.002958 0.706996 0.707212 0.000000 0.000000 0.000000 0.000000 1.000000
0.999391 0.026674 -0.022485 0.000000 -0.034761 0.706715 -0.706644 14.409800 -0.002958 0.706996 0.707212 0.000000 0.000000 0.000000 0.000000 1.000000
0.999391 0.026674 -0.022486 0.000000 -0.034762 0.706714 -0.706645 14.409800 -0.002958 0.706996 0.707211 -0.000000 0.000000 0.000000 0.000000 1.000000
0.999391 0.026674 -0.022486 0.000000 -0.034762 0.706714 -0.706645 14.409800 -0.002958 0.706996 0.707211 0.000000 0.000000 0.000000 0.000000 1.000000
0.999391 0.026673 -0.022486 0.000000 -0.034761 0.706714 -0.706645 14.409800 -0.002957 0.706996 0.707211 0.000000 0.000000 0.000000 0.000000 1.000000
0.999391 0.026674 -0.022486 0.000000 -0.034761 0.706714 -0.706644 14.409800 -0.002958 0.706996 0.707211 0.000000 0.000000 0.000000 0.000000 1.000000
0.999391 0.026674 -0.022486 -0.000000 -0.034762 0.706715 -0.706644 14.409800 -0.002958 0.706996 0.707212 -0.000000 0.000000 0.000000 0.000000 1.000000
0.999391 0.026674 -0.022486 0.000000 -0.034762 0.706715 -0.706644 14.409800 -0.002958 0.706996 0.707212 -0.000000 0.000000 0.000000 0.000000 1.000000
0.999391 0.026674 -0.022486 0.000000 -0.034761 0.706714 -0.706644 14.409800 -0.002958 0.706996 0.707211 -0.000000 0.000000 0.000000 0.000000 1.000000
0.999391 0.026674 -0.022486 0.000000 -0.034762 0.706715 -0.706644 14.409800 -0.002958 0.706996 0.707212 0.000000 0.000000 0.000000 0.000000 1.000000
0.999391 0.026674 -0.022486 0.000000 -0.034762 0.706715 -0.706644 14.409800 -0.002958 0.706996 0.707212 -0.000000 0.000000 0.000000 0.000000 1.000000
0.999391 0.026675 -0.022486 0.000000 -0.034762 0.706715 -0.706644 14.409800 -0.002958 0.706995 0.707212 0.000000 0.000000 0.000000 0.000000 1.000000
0.999391 0.026674 -0.022486 0.000000 -0.034762 0.706715 -0.706644 14.409800 -0.002958 0.706996 0.707212 0.000000 0.000000 0.000000 0.000000 1.000000
0.999391 0.026674 -0.022487 0.000000 -0.034762 0.706714 -0.706645 14.409800 -0.002957 0.706996 0.707211 -0.000000 0.000000 0.000000 0.000000 1.000000
0.999391 0.026674 -0.022487 0.000000 -0.034762 0.706714 -0.706645 14.409800 -0.002957 0.706996 0.707211 -0.000000 0.000000 0.000000 0.000000 1.000000
0.999391 0.026674 -0.022486 0.000000 -0.034762 0.706714 -0.706644 14.409800 -0.002958 0.706996 0.707211 0.000000 0.000000 0.000000 0.000000 1.000000
0.999391 0.026673 -0.022486 0.000000 -0.034761 0.706715 -0.706644 14.409800 -0.002957 0.706996 0.707212 0.000000 0.000000 0.000000 0.000000 1.000000
0.999391 0.026674 -0.022486 0.000000 -0.034761 0.706715 -0.706644 14.409800 -0.002958 0.706996 0.707212 0.000000 0.000000 0.000000 0.000000 1.000000
0.999391 0.026674 -0.022486 0.000000 -0.034762 0.706715 -0.706644 14.409800 -0.002958 0.706996 0.707212 -0.000000 0.000000 0.000000 0.000000 1.000000
0.999391 0.026674 -0.022486 0.000000 -0.034762 0.706715 -0.706644 14.409800 -0.002957 0.706996 0.707212 0.000000 0.000000 0.000000 0.000000 1.000000
0.999391 0.026674 -0.022486 0.000000 -0.034762 0.706715 -0.706644 14.409800 -0.002958 0.706995 0.707212 0.000000 0.000000 0.000000 0.000000 1.000000
0.999391 0.026674 -0.022486 0.000000 -0.034762 0.706714 -0.706644 14.409800 -0.002958 0.706996 0.707212 0.000000 0.000000 0.000000 0.000000 1.000000
0.999391 0.026674 -0.022486 -0.000000 -0.034761 0.706715 -0.706644 14.409800 -0.002958 0.706996 0.707212 -0.000000 0.000000 0.000000 0.000000 1.000000
0.999391 0.026674 -0.022486 0.000000 -0.034762 0.706715 -0.706644 14.409800 -0.002958 0.706996 0.707212 0.000000 0.000000 0.000000 0.000000 1.000000</float_array>
        <technique_common>
          <accessor source="#mixamorig_RightHandMiddle1-Matrix-animation-output-transform-array" count="25" stride="16">
            <param type="float4x4"/>
          </accessor>
        </technique_common>
      </source>
      <source id="mixamorig_RightHandMiddle1-Interpolations">
        <Name_array id="mixamorig_RightHandMiddle1-Interpolations-array" count="25">
 LINEAR LINEAR LINEAR LINEAR LINEAR LINEAR LINEAR LINEAR LINEAR LINEAR LINEAR
LINEAR LINEAR LINEAR LINEAR LINEAR LINEAR LINEAR LINEAR LINEAR LINEAR LINEAR LINEAR
LINEAR LINEAR</Name_array>
        <technique_common>
          <accessor source="#mixamorig_RightHandMiddle1-Interpolations-array" count="25">
            <param type="name"/>
          </accessor>
        </technique_common>
      </source>
      <sampler id="mixamorig_RightHandMiddle1-Matrix-animation-transform">
        <input semantic="INPUT" source="#mixamorig_RightHandMiddle1-Matrix-animation-input"/>
        <input semantic="OUTPUT" source="#mixamorig_RightHandMiddle1-Matrix-animation-output-transform"/>
        <input semantic="INTERPOLATION" source="#mixamorig_RightHandMiddle1-Interpolations"/>
      </sampler>
      <channel source="#mixamorig_RightHandMiddle1-Matrix-animation-transform" target="mixamorig_RightHandMiddle1/matrix"/>
    </animation>
    <animation id="mixamorig_RightHandMiddle2-anim" name="mixamorig_RightHandMiddle2">
      <source id="mixamorig_RightHandMiddle2-Matrix-animation-input">
        <float_array id="mixamorig_RightHandMiddle2-Matrix-animation-input-array" count="25">

0.000000 0.033333 0.066667 0.100000 0.133333 0.166667 0.200000 0.233333 0.266667 0.300000 0.333333 0.366667 0.400000 0.433333 0.466667 0.500000
0.533333 0.566667 0.600000 0.633333 0.666667 0.700000 0.733333 0.766667 0.800000</float_array>
        <technique_common>
          <accessor source="#mixamorig_RightHandMiddle2-Matrix-animation-input-array" count="25">
            <param name="TIME" type="float"/>
          </accessor>
        </technique_common>
      </source>
      <source id="mixamorig_RightHandMiddle2-Matrix-animation-output-transform">
        <float_array id="mixamorig_RightHandMiddle2-Matrix-animation-output-transform-array" count="400">

0.998054 0.041962 -0.046115 0.000000 -0.058333 0.367262 -0.928286 3.259100 -0.022017 0.929170 0.368996 0.000000 0.000000 0.000000 0.000000 1.000000
0.998054 0.041962 -0.046115 0.000000 -0.058332 0.367263 -0.928286 3.259100 -0.022017 0.929170 0.368996 -0.000000 0.000000 0.000000 0.000000 1.000000
0.998054 0.041962 -0.046115 0.000000 -0.058333 0.367263 -0.928286 3.259100 -0.022016 0.929170 0.368996 -0.000000 0.000000 0.000000 0.000000 1.000000
0.998054 0.041962 -0.046116 0.000000 -0.058333 0.367262 -0.928287 3.259100 -0.022016 0.929171 0.368995 0.000000 0.000000 0.000000 0.000000 1.000000
0.998054 0.041962 -0.046116 0.000000 -0.058333 0.367262 -0.928286 3.259100 -0.022017 0.929170 0.368996 0.000000 0.000000 0.000000 0.000000 1.000000
0.998054 0.041962 -0.046115 -0.000000 -0.058333 0.367263 -0.928286 3.259100 -0.022016 0.929170 0.368996 0.000000 0.000000 0.000000 0.000000 1.000000
0.998054 0.041963 -0.046115 0.000000 -0.058333 0.367262 -0.928286 3.259100 -0.022017 0.929170 0.368995 0.000000 0.000000 0.000000 0.000000 1.000000
0.998054 0.041962 -0.046115 0.000000 -0.058333 0.367263 -0.928286 3.259100 -0.022016 0.929170 0.368996 0.000000 0.000000 0.000000 0.000000 1.000000
0.998054 0.041962 -0.046115 0.000000 -0.058333 0.367262 -0.928287 3.259100 -0.022017 0.929171 0.368995 0.000000 0.000000 0.000000 0.000000 1.000000
0.998054 0.041962 -0.046116 -0.000000 -0.058333 0.367262 -0.928286 3.259100 -0.022017 0.929170 0.368996 0.000000 0.000000 0.000000 0.000000 1.000000
0.998054 0.041962 -0.046115 -0.000000 -0.058333 0.367263 -0.928286 3.259100 -0.022017 0.929170 0.368996 0.000000 0.000000 0.000000 0.000000 1.000000
0.998054 0.041963 -0.046115 0.000000 -0.058333 0.367262 -0.928287 3.259100 -0.022017 0.929170 0.368995 -0.000000 0.000000 0.000000 0.000000 1.000000
0.998054 0.041962 -0.046115 0.000000 -0.058333 0.367262 -0.928287 3.259100 -0.022017 0.929170 0.368995 -0.000000 0.000000 0.000000 0.000000 1.000000
0.998054 0.041962 -0.046115 0.000000 -0.058333 0.367262 -0.928287 3.259100 -0.022017 0.929171 0.368995 0.000000 0.000000 0.000000 0.000000 1.000000
0.998054 0.041963 -0.046115 0.000000 -0.058333 0.367262 -0.928286 3.259100 -0.022017 0.929170 0.368996 0.000000 0.000000 0.000000 0.000000 1.000000
0.998054 0.041963 -0.046115 -0.000000 -0.058333 0.367262 -0.928286 3.259100 -0.022017 0.929170 0.368996 0.000000 0.000000 0.000000 0.000000 1.000000
0.998054 0.041963 -0.046115 -0.000000 -0.058333 0.367261 -0.928287 3.259100 -0.022017 0.929171 0.368995 -0.000000 0.000000 0.000000 0.000000 1.000000
0.998054 0.041962 -0.046116 -0.000000 -0.058334 0.367262 -0.928286 3.259100 -0.022016 0.929170 0.368995 0.000000 0.000000 0.000000 0.000000 1.000000
0.998054 0.041962 -0.046116 0.000000 -0.058333 0.367262 -0.928286 3.259100 -0.022016 0.929170 0.368995 0.000000 0.000000 0.000000 0.000000 1.000000
0.998054 0.041962 -0.046115 0.000000 -0.058333 0.367263 -0.928286 3.259100 -0.022017 0.929170 0.368996 0.000000 0.000000 0.000000 0.000000 1.000000
0.998054 0.041962 -0.046115 0.000000 -0.058333 0.367262 -0.928286 3.259100 -0.022017 0.929170 0.368996 0.000000 0.000000 0.000000 0.000000 1.000000
0.998054 0.041962 -0.046115 0.000000 -0.058333 0.367262 -0.928287 3.259100 -0.022017 0.929171 0.368995 0.000000 0.000000 0.000000 0.000000 1.000000
0.998054 0.041963 -0.046115 0.000000 -0.058332 0.367262 -0.928287 3.259100 -0.022017 0.929170 0.368995 0.000000 0.000000 0.000000 0.000000 1.000000
0.998054 0.041962 -0.046115 0.000000 -0.058333 0.367262 -0.928287 3.259100 -0.022017 0.929170 0.368995 0.000000 0.000000 0.000000 0.000000 1.000000
0.998054 0.041963 -0.046115 0.000000 -0.058333 0.367262 -0.928286 3.259100 -0.022017 0.929170 0.368995 0.000000 0.000000 0.000000 0.000000 1.000000</float_array>
        <technique_common>
          <accessor source="#mixamorig_RightHandMiddle2-Matrix-animation-output-transform-array" count="25" stride="16">
            <param type="float4x4"/>
          </accessor>
        </technique_common>
      </source>
      <source id="mixamorig_RightHandMiddle2-Interpolations">
        <Name_array id="mixamorig_RightHandMiddle2-Interpolations-array" count="25">
 LINEAR LINEAR LINEAR LINEAR LINEAR LINEAR LINEAR LINEAR LINEAR LINEAR LINEAR
LINEAR LINEAR LINEAR LINEAR LINEAR LINEAR LINEAR LINEAR LINEAR LINEAR LINEAR LINEAR
LINEAR LINEAR</Name_array>
        <technique_common>
          <accessor source="#mixamorig_RightHandMiddle2-Interpolations-array" count="25">
            <param type="name"/>
          </accessor>
        </technique_common>
      </source>
      <sampler id="mixamorig_RightHandMiddle2-Matrix-animation-transform">
        <input semantic="INPUT" source="#mixamorig_RightHandMiddle2-Matrix-animation-input"/>
        <input semantic="OUTPUT" source="#mixamorig_RightHandMiddle2-Matrix-animation-output-transform"/>
        <input semantic="INTERPOLATION" source="#mixamorig_RightHandMiddle2-Interpolations"/>
      </sampler>
      <channel source="#mixamorig_RightHandMiddle2-Matrix-animation-transform" target="mixamorig_RightHandMiddle2/matrix"/>
    </animation>
    <animation id="mixamorig_RightHandMiddle3-anim" name="mixamorig_RightHandMiddle3">
      <source id="mixamorig_RightHandMiddle3-Matrix-animation-input">
        <float_array id="mixamorig_RightHandMiddle3-Matrix-animation-input-array" count="25">

0.000000 0.033333 0.066667 0.100000 0.133333 0.166667 0.200000 0.233333 0.266667 0.300000 0.333333 0.366667 0.400000 0.433333 0.466667 0.500000
0.533333 0.566667 0.600000 0.633333 0.666667 0.700000 0.733333 0.766667 0.800000</float_array>
        <technique_common>
          <accessor source="#mixamorig_RightHandMiddle3-Matrix-animation-input-array" count="25">
            <param name="TIME" type="float"/>
          </accessor>
        </technique_common>
      </source>
      <source id="mixamorig_RightHandMiddle3-Matrix-animation-output-transform">
        <float_array id="mixamorig_RightHandMiddle3-Matrix-animation-output-transform-array" count="400">

0.999299 0.036308 -0.009134 -0.000000 -0.033368 0.753100 -0.657060 2.639800 -0.016978 0.656904 0.753783 -0.000000 0.000000 0.000000 0.000000 1.000000
0.999299 0.036308 -0.009134 -0.000000 -0.033368 0.753100 -0.657060 2.639800 -0.016977 0.656904 0.753783 0.000000 0.000000 0.000000 0.000000 1.000000
0.999299 0.036307 -0.009134 0.000000 -0.033368 0.753099 -0.657060 2.639800 -0.016977 0.656904 0.753783 0.000000 0.000000 0.000000 0.000000 1.000000
0.999299 0.036308 -0.009134 -0.000000 -0.033368 0.753100 -0.657060 2.639800 -0.016978 0.656904 0.753783 0.000000 0.000000 0.000000 0.000000 1.000000
0.999299 0.036307 -0.009134 0.000000 -0.033368 0.753100 -0.657060 2.639800 -0.016977 0.656904 0.753783 -0.000000 0.000000 0.000000 0.000000 1.000000
0.999299 0.036308 -0.009135 -0.000000 -0.033369 0.753099 -0.657060 2.639800 -0.016977 0.656904 0.753783 0.000000 0.000000 0.000000 0.000000 1.000000
0.999299 0.036307 -0.009134 0.000000 -0.033368 0.753099 -0.657060 2.639800 -0.016977 0.656904 0.753783 0.000000 0.000000 0.000000 0.000000 1.000000
0.999299 0.036307 -0.009134 0.000000 -0.033368 0.753099 -0.657060 2.639800 -0.016977 0.656904 0.753783 0.000000 0.000000 0.000000 0.000000 1.000000
0.999299 0.036307 -0.009134 -0.000000 -0.033368 0.753099 -0.657060 2.639800 -0.016977 0.656904 0.753783 0.000000 0.000000 0.000000 0.000000 1.000000
0.999299 0.036308 -0.009134 0.000000 -0.033368 0.753099 -0.657060 2.639800 -0.016978 0.656904 0.753783 -0.000000 0.000000 0.000000 0.000000 1.000000
0.999299 0.036307 -0.009135 -0.000000 -0.033368 0.753099 -0.657060 2.639800 -0.016976 0.656904 0.753783 0.000000 0.000000 0.000000 0.000000 1.000000
0.999299 0.036307 -0.009134 0.000000 -0.033368 0.753099 -0.657060 2.639800 -0.016977 0.656904 0.753783 0.000000 0.000000 0.000000 0.000000 1.000000
0.999299 0.036307 -0.009134 -0.000000 -0.033368 0.753099 -0.657060 2.639800 -0.016977 0.656904 0.753783 0.000000 0.000000 0.000000 0.000000 1.000000
0.999299 0.036308 -0.009134 0.000000 -0.033368 0.753099 -0.657060 2.639800 -0.016978 0.656904 0.753783 0.000000 0.000000 0.000000 0.000000 1.000000
0.999299 0.036307 -0.009134 0.000000 -0.033368 0.753100 -0.657060 2.639800 -0.016977 0.656904 0.753783 -0.000000 0.000000 0.000000 0.000000 1.000000
0.999299 0.036307 -0.009134 -0.000000 -0.033368 0.753099 -0.657060 2.639800 -0.016977 0.656904 0.753783 0.000000 0.000000 0.000000 0.000000 1.000000
0.999299 0.036307 -0.009134 0.000000 -0.033368 0.753100 -0.657060 2.639800 -0.016977 0.656904 0.753783 0.000000 0.000000 0.000000 0.000000 1.000000
0.999299 0.036308 -0.009134 0.000000 -0.033368 0.753100 -0.657060 2.639800 -0.016977 0.656904 0.753783 0.000000 0.000000 0.000000 0.000000 1.000000
0.999299 0.036307 -0.009134 0.000000 -0.033368 0.753100 -0.657060 2.639800 -0.016977 0.656904 0.753783 0.000000 0.000000 0.000000 0.000000 1.000000
0.999299 0.036307 -0.009134 0.000000 -0.033368 0.753099 -0.657060 2.639800 -0.016977 0.656904 0.753783 0.000000 0.000000 0.000000 0.000000 1.000000
0.999299 0.036308 -0.009134 0.000000 -0.033368 0.753099 -0.657060 2.639800 -0.016977 0.656904 0.753783 0.000000 0.000000 0.000000 0.000000 1.000000
0.999299 0.036307 -0.009134 0.000000 -0.033368 0.753099 -0.657060 2.639800 -0.016977 0.656904 0.753783 0.000000 0.000000 0.000000 0.000000 1.000000
0.999299 0.036307 -0.009134 0.000000 -0.033368 0.753099 -0.657060 2.639800 -0.016977 0.656904 0.753783 0.000000 0.000000 0.000000 0.000000 1.000000
0.999299 0.036307 -0.009134 -0.000000 -0.033368 0.753099 -0.657060 2.639800 -0.016977 0.656904 0.753783 0.000000 0.000000 0.000000 0.000000 1.000000
0.999299 0.036307 -0.009134 0.000000 -0.033368 0.753099 -0.657060 2.639800 -0.016977 0.656904 0.753783 0.000000 0.000000 0.000000 0.000000 1.000000</float_array>
        <technique_common>
          <accessor source="#mixamorig_RightHandMiddle3-Matrix-animation-output-transform-array" count="25" stride="16">
            <param type="float4x4"/>
          </accessor>
        </technique_common>
      </source>
      <source id="mixamorig_RightHandMiddle3-Interpolations">
        <Name_array id="mixamorig_RightHandMiddle3-Interpolations-array" count="25">
 LINEAR LINEAR LINEAR LINEAR LINEAR LINEAR LINEAR LINEAR LINEAR LINEAR LINEAR
LINEAR LINEAR LINEAR LINEAR LINEAR LINEAR LINEAR LINEAR LINEAR LINEAR LINEAR LINEAR
LINEAR LINEAR</Name_array>
        <technique_common>
          <accessor source="#mixamorig_RightHandMiddle3-Interpolations-array" count="25">
            <param type="name"/>
          </accessor>
        </technique_common>
      </source>
      <sampler id="mixamorig_RightHandMiddle3-Matrix-animation-transform">
        <input semantic="INPUT" source="#mixamorig_RightHandMiddle3-Matrix-animation-input"/>
        <input semantic="OUTPUT" source="#mixamorig_RightHandMiddle3-Matrix-animation-output-transform"/>
        <input semantic="INTERPOLATION" source="#mixamorig_RightHandMiddle3-Interpolations"/>
      </sampler>
      <channel source="#mixamorig_RightHandMiddle3-Matrix-animation-transform" target="mixamorig_RightHandMiddle3/matrix"/>
    </animation>
    <animation id="mixamorig_RightHandRing1-anim" name="mixamorig_RightHandRing1">
      <source id="mixamorig_RightHandRing1-Matrix-animation-input">
        <float_array id="mixamorig_RightHandRing1-Matrix-animation-input-array" count="25">

0.000000 0.033333 0.066667 0.100000 0.133333 0.166667 0.200000 0.233333 0.266667 0.300000 0.333333 0.366667 0.400000 0.433333 0.466667 0.500000
0.533333 0.566667 0.600000 0.633333 0.666667 0.700000 0.733333 0.766667 0.800000</float_array>
        <technique_common>
          <accessor source="#mixamorig_RightHandRing1-Matrix-animation-input-array" count="25">
            <param name="TIME" type="float"/>
          </accessor>
        </technique_common>
      </source>
      <source id="mixamorig_RightHandRing1-Matrix-animation-output-transform">
        <float_array id="mixamorig_RightHandRing1-Matrix-animation-output-transform-array" count="400">

0.995315 0.092208 0.029094 -3.304900 -0.023464 0.522249 -0.852470 13.191500 -0.093798 0.847793 0.521966 -0.322000 0.000000 0.000000 0.000000 1.000000
0.995315 0.092207 0.029094 -3.304900 -0.023464 0.522250 -0.852470 13.191500 -0.093798 0.847793 0.521966 -0.322000 0.000000 0.000000 0.000000 1.000000
0.995315 0.092207 0.029093 -3.304900 -0.023464 0.522249 -0.852470 13.191500 -0.093798 0.847793 0.521966 -0.322000 0.000000 0.000000 0.000000 1.000000
0.995315 0.092207 0.029093 -3.304900 -0.023464 0.522249 -0.852470 13.191500 -0.093798 0.847793 0.521966 -0.322000 0.000000 0.000000 0.000000 1.000000
0.995315 0.092207 0.029093 -3.304900 -0.023464 0.522250 -0.852470 13.191500 -0.093798 0.847793 0.521967 -0.322000 0.000000 0.000000 0.000000 1.000000
0.995315 0.092207 0.029093 -3.304900 -0.023464 0.522249 -0.852470 13.191500 -0.093798 0.847793 0.521966 -0.322000 0.000000 0.000000 0.000000 1.000000
0.995315 0.092207 0.029094 -3.304900 -0.023464 0.522250 -0.852470 13.191500 -0.093798 0.847793 0.521966 -0.322000 0.000000 0.000000 0.000000 1.000000
0.995315 0.092207 0.029093 -3.304900 -0.023464 0.522249 -0.852470 13.191500 -0.093798 0.847793 0.521966 -0.322000 0.000000 0.000000 0.000000 1.000000
0.995315 0.092207 0.029093 -3.304900 -0.023464 0.522250 -0.852470 13.191500 -0.093798 0.847793 0.521966 -0.322000 0.000000 0.000000 0.000000 1.000000
0.995315 0.092207 0.029093 -3.304900 -0.023464 0.522250 -0.852470 13.191500 -0.093798 0.847793 0.521967 -0.322000 0.000000 0.000000 0.000000 1.000000
0.995315 0.092207 0.029093 -3.304900 -0.023464 0.522250 -0.852470 13.191500 -0.093798 0.847793 0.521966 -0.322000 0.000000 0.000000 0.000000 1.000000
0.995315 0.092207 0.029093 -3.304900 -0.023464 0.522250 -0.852470 13.191500 -0.093798 0.847793 0.521966 -0.322000 0.000000 0.000000 0.000000 1.000000
0.995315 0.092208 0.029094 -3.304900 -0.023464 0.522250 -0.852470 13.191500 -0.093798 0.847793 0.521966 -0.322000 0.000000 0.000000 0.000000 1.000000
0.995315 0.092207 0.029093 -3.304900 -0.023464 0.522250 -0.852470 13.191500 -0.093798 0.847793 0.521966 -0.322000 0.000000 0.000000 0.000000 1.000000
0.995315 0.092207 0.029093 -3.304900 -0.023464 0.522249 -0.852470 13.191500 -0.093797 0.847793 0.521966 -0.322000 0.000000 0.000000 0.000000 1.000000
0.995315 0.092207 0.029093 -3.304900 -0.023464 0.522250 -0.852470 13.191500 -0.093798 0.847793 0.521966 -0.322000 0.000000 0.000000 0.000000 1.000000
0.995315 0.092207 0.029093 -3.304900 -0.023464 0.522249 -0.852470 13.191500 -0.093797 0.847793 0.521966 -0.322000 0.000000 0.000000 0.000000 1.000000
0.995315 0.092207 0.029094 -3.304900 -0.023464 0.522250 -0.852470 13.191500 -0.093798 0.847793 0.521966 -0.322000 0.000000 0.000000 0.000000 1.000000
0.995315 0.092207 0.029093 -3.304900 -0.023464 0.522250 -0.852470 13.191500 -0.093798 0.847793 0.521966 -0.322000 0.000000 0.000000 0.000000 1.000000
0.995315 0.092207 0.029093 -3.304900 -0.023464 0.522249 -0.852470 13.191500 -0.093798 0.847793 0.521966 -0.322000 0.000000 0.000000 0.000000 1.000000
0.995315 0.092207 0.029094 -3.304900 -0.023464 0.522250 -0.852470 13.191500 -0.093798 0.847793 0.521966 -0.322000 0.000000 0.000000 0.000000 1.000000
0.995315 0.092207 0.029093 -3.304900 -0.023464 0.522250 -0.852470 13.191500 -0.093797 0.847793 0.521967 -0.322000 0.000000 0.000000 0.000000 1.000000
0.995315 0.092207 0.029093 -3.304900 -0.023464 0.522250 -0.852470 13.191500 -0.093798 0.847793 0.521966 -0.322000 0.000000 0.000000 0.000000 1.000000
0.995315 0.092207 0.029093 -3.304900 -0.023464 0.522250 -0.852470 13.191500 -0.093798 0.847793 0.521967 -0.322000 0.000000 0.000000 0.000000 1.000000
0.995315 0.092208 0.029093 -3.304900 -0.023464 0.522249 -0.852470 13.191500 -0.093798 0.847793 0.521966 -0.322000 0.000000 0.000000 0.000000 1.000000</float_array>
        <technique_common>
          <accessor source="#mixamorig_RightHandRing1-Matrix-animation-output-transform-array" count="25" stride="16">
            <param type="float4x4"/>
          </accessor>
        </technique_common>
      </source>
      <source id="mixamorig_RightHandRing1-Interpolations">
        <Name_array id="mixamorig_RightHandRing1-Interpolations-array" count="25">
 LINEAR LINEAR LINEAR LINEAR LINEAR LINEAR LINEAR LINEAR LINEAR LINEAR LINEAR
LINEAR LINEAR LINEAR LINEAR LINEAR LINEAR LINEAR LINEAR LINEAR LINEAR LINEAR LINEAR
LINEAR LINEAR</Name_array>
        <technique_common>
          <accessor source="#mixamorig_RightHandRing1-Interpolations-array" count="25">
            <param type="name"/>
          </accessor>
        </technique_common>
      </source>
      <sampler id="mixamorig_RightHandRing1-Matrix-animation-transform">
        <input semantic="INPUT" source="#mixamorig_RightHandRing1-Matrix-animation-input"/>
        <input semantic="OUTPUT" source="#mixamorig_RightHandRing1-Matrix-animation-output-transform"/>
        <input semantic="INTERPOLATION" source="#mixamorig_RightHandRing1-Interpolations"/>
      </sampler>
      <channel source="#mixamorig_RightHandRing1-Matrix-animation-transform" target="mixamorig_RightHandRing1/matrix"/>
    </animation>
    <animation id="mixamorig_RightHandRing2-anim" name="mixamorig_RightHandRing2">
      <source id="mixamorig_RightHandRing2-Matrix-animation-input">
        <float_array id="mixamorig_RightHandRing2-Matrix-animation-input-array" count="25">

0.000000 0.033333 0.066667 0.100000 0.133333 0.166667 0.200000 0.233333 0.266667 0.300000 0.333333 0.366667 0.400000 0.433333 0.466667 0.500000
0.533333 0.566667 0.600000 0.633333 0.666667 0.700000 0.733333 0.766667 0.800000</float_array>
        <technique_common>
          <accessor source="#mixamorig_RightHandRing2-Matrix-animation-input-array" count="25">
            <param name="TIME" type="float"/>
          </accessor>
        </technique_common>
      </source>
      <source id="mixamorig_RightHandRing2-Matrix-animation-output-transform">
        <float_array id="mixamorig_RightHandRing2-Matrix-animation-output-transform-array" count="400">

0.999422 0.031078 -0.013791 0.000000 -0.031045 0.668701 -0.742883 2.717600 -0.013865 0.742881 0.669279 0.000000 0.000000 0.000000 0.000000 1.000000
0.999422 0.031078 -0.013791 0.000000 -0.031045 0.668701 -0.742883 2.717600 -0.013865 0.742882 0.669279 -0.000000 0.000000 0.000000 0.000000 1.000000
0.999422 0.031078 -0.013791 0.000000 -0.031045 0.668701 -0.742883 2.717600 -0.013865 0.742882 0.669279 -0.000000 0.000000 0.000000 0.000000 1.000000
0.999422 0.031078 -0.013792 -0.000000 -0.031045 0.668701 -0.742883 2.717600 -0.013865 0.742882 0.669279 0.000000 0.000000 0.000000 0.000000 1.000000
0.999422 0.031078 -0.013792 0.000000 -0.031045 0.668701 -0.742883 2.717600 -0.013865 0.742882 0.669279 0.000000 0.000000 0.000000 0.000000 1.000000
0.999422 0.031078 -0.013791 0.000000 -0.031045 0.668701 -0.742883 2.717600 -0.013865 0.742882 0.669279 0.000000 0.000000 0.000000 0.000000 1.000000
0.999422 0.031078 -0.013791 0.000000 -0.031045 0.668701 -0.742883 2.717600 -0.013865 0.742882 0.669279 -0.000000 0.000000 0.000000 0.000000 1.000000
0.999422 0.031078 -0.013791 0.000000 -0.031045 0.668701 -0.742883 2.717600 -0.013865 0.742882 0.669279 0.000000 0.000000 0.000000 0.000000 1.000000
0.999422 0.031078 -0.013791 0.000000 -0.031045 0.668701 -0.742883 2.717600 -0.013865 0.742882 0.669279 0.000000 0.000000 0.000000 0.000000 1.000000
0.999422 0.031077 -0.013792 -0.000000 -0.031045 0.668701 -0.742883 2.717600 -0.013865 0.742882 0.669279 -0.000000 0.000000 0.000000 0.000000 1.000000
0.999422 0.031078 -0.013791 0.000000 -0.031045 0.668701 -0.742883 2.717600 -0.013865 0.742882 0.669279 0.000000 0.000000 0.000000 0.000000 1.000000
0.999422 0.031078 -0.013791 0.000000 -0.031045 0.668701 -0.742883 2.717600 -0.013865 0.742882 0.669279 0.000000 0.000000 0.000000 0.000000 1.000000
0.999422 0.031078 -0.013791 0.000000 -0.031045 0.668701 -0.742883 2.717600 -0.013865 0.742882 0.669279 -0.000000 0.000000 0.000000 0.000000 1.000000
0.999422 0.031078 -0.013791 -0.000000 -0.031045 0.668701 -0.742883 2.717600 -0.013865 0.742882 0.669279 0.000000 0.000000 0.000000 0.000000 1.000000
0.999422 0.031078 -0.013791 0.000000 -0.031045 0.668701 -0.742883 2.717600 -0.013865 0.742882 0.669279 0.000000 0.000000 0.000000 0.000000 1.000000
0.999422 0.031078 -0.013791 0.000000 -0.031045 0.668701 -0.742883 2.717600 -0.013865 0.742882 0.669279 0.000000 0.000000 0.000000 0.000000 1.000000
0.999422 0.031078 -0.013791 0.000000 -0.031045 0.668701 -0.742883 2.717600 -0.013865 0.742882 0.669279 -0.000000 0.000000 0.000000 0.000000 1.000000
0.999422 0.031078 -0.013791 -0.000000 -0.031045 0.668701 -0.742883 2.717600 -0.013865 0.742882 0.669279 0.000000 0.000000 0.000000 0.000000 1.000000
0.999422 0.031078 -0.013791 0.000000 -0.031045 0.668701 -0.742883 2.717600 -0.013865 0.742882 0.669279 0.000000 0.000000 0.000000 0.000000 1.000000
0.999422 0.031078 -0.013792 0.000000 -0.031045 0.668701 -0.742883 2.717600 -0.013865 0.742881 0.669280 -0.000000 0.000000 0.000000 0.000000 1.000000
0.999422 0.031078 -0.013791 -0.000000 -0.031045 0.668701 -0.742883 2.717600 -0.013865 0.742882 0.669279 0.000000 0.000000 0.000000 0.000000 1.000000
0.999422 0.031078 -0.013791 0.000000 -0.031045 0.668701 -0.742883 2.717600 -0.013865 0.742882 0.669279 0.000000 0.000000 0.000000 0.000000 1.000000
0.999422 0.031078 -0.013791 0.000000 -0.031045 0.668701 -0.742883 2.717600 -0.013865 0.742882 0.669279 -0.000000 0.000000 0.000000 0.000000 1.000000
0.999422 0.031078 -0.013791 0.000000 -0.031045 0.668701 -0.742883 2.717600 -0.013865 0.742882 0.669279 0.000000 0.000000 0.000000 0.000000 1.000000
0.999422 0.031078 -0.013791 0.000000 -0.031045 0.668701 -0.742883 2.717600 -0.013865 0.742881 0.669279 0.000000 0.000000 0.000000 0.000000 1.000000</float_array>
        <technique_common>
          <accessor source="#mixamorig_RightHandRing2-Matrix-animation-output-transform-array" count="25" stride="16">
            <param type="float4x4"/>
          </accessor>
        </technique_common>
      </source>
      <source id="mixamorig_RightHandRing2-Interpolations">
        <Name_array id="mixamorig_RightHandRing2-Interpolations-array" count="25">
 LINEAR LINEAR LINEAR LINEAR LINEAR LINEAR LINEAR LINEAR LINEAR LINEAR LINEAR
LINEAR LINEAR LINEAR LINEAR LINEAR LINEAR LINEAR LINEAR LINEAR LINEAR LINEAR LINEAR
LINEAR LINEAR</Name_array>
        <technique_common>
          <accessor source="#mixamorig_RightHandRing2-Interpolations-array" count="25">
            <param type="name"/>
          </accessor>
        </technique_common>
      </source>
      <sampler id="mixamorig_RightHandRing2-Matrix-animation-transform">
        <input semantic="INPUT" source="#mixamorig_RightHandRing2-Matrix-animation-input"/>
        <input semantic="OUTPUT" source="#mixamorig_RightHandRing2-Matrix-animation-output-transform"/>
        <input semantic="INTERPOLATION" source="#mixamorig_RightHandRing2-Interpolations"/>
      </sampler>
      <channel source="#mixamorig_RightHandRing2-Matrix-animation-transform" target="mixamorig_RightHandRing2/matrix"/>
    </animation>
    <animation id="mixamorig_RightHandRing3-anim" name="mixamorig_RightHandRing3">
      <source id="mixamorig_RightHandRing3-Matrix-animation-input">
        <float_array id="mixamorig_RightHandRing3-Matrix-animation-input-array" count="25">

0.000000 0.033333 0.066667 0.100000 0.133333 0.166667 0.200000 0.233333 0.266667 0.300000 0.333333 0.366667 0.400000 0.433333 0.466667 0.500000
0.533333 0.566667 0.600000 0.633333 0.666667 0.700000 0.733333 0.766667 0.800000</float_array>
        <technique_common>
          <accessor source="#mixamorig_RightHandRing3-Matrix-animation-input-array" count="25">
            <param name="TIME" type="float"/>
          </accessor>
        </technique_common>
      </source>
      <source id="mixamorig_RightHandRing3-Matrix-animation-output-transform">
        <float_array id="mixamorig_RightHandRing3-Matrix-animation-output-transform-array" count="400">

0.999297 0.032615 -0.018494 0.000000 -0.034227 0.592178 -0.805080 2.134500 -0.015306 0.805147 0.592878 0.000000 0.000000 0.000000 0.000000 1.000000
0.999297 0.032616 -0.018493 0.000000 -0.034227 0.592178 -0.805080 2.134500 -0.015307 0.805147 0.592878 0.000000 0.000000 0.000000 0.000000 1.000000
0.999297 0.032615 -0.018494 0.000000 -0.034227 0.592178 -0.805080 2.134500 -0.015306 0.805147 0.592878 -0.000000 0.000000 0.000000 0.000000 1.000000
0.999297 0.032615 -0.018493 0.000000 -0.034227 0.592178 -0.805080 2.134500 -0.015306 0.805147 0.592878 0.000000 0.000000 0.000000 0.000000 1.000000
0.999297 0.032615 -0.018493 0.000000 -0.034226 0.592178 -0.805080 2.134500 -0.015306 0.805147 0.592878 -0.000000 0.000000 0.000000 0.000000 1.000000
0.999297 0.032615 -0.018493 -0.000000 -0.034227 0.592178 -0.805080 2.134500 -0.015306 0.805147 0.592878 0.000000 0.000000 0.000000 0.000000 1.000000
0.999297 0.032615 -0.018494 0.000000 -0.034227 0.592178 -0.805080 2.134500 -0.015306 0.805147 0.592877 0.000000 0.000000 0.000000 0.000000 1.000000
0.999297 0.032615 -0.018493 -0.000000 -0.034227 0.592178 -0.805080 2.134500 -0.015306 0.805147 0.592878 -0.000000 0.000000 0.000000 0.000000 1.000000
0.999297 0.032615 -0.018493 0.000000 -0.034226 0.592178 -0.805080 2.134500 -0.015306 0.805147 0.592878 0.000000 0.000000 0.000000 0.000000 1.000000
0.999297 0.032615 -0.018494 0.000000 -0.034227 0.592178 -0.805080 2.134500 -0.015306 0.805147 0.592878 0.000000 0.000000 0.000000 0.000000 1.000000
0.999297 0.032615 -0.018493 0.000000 -0.034226 0.592178 -0.805080 2.134500 -0.015306 0.805147 0.592878 -0.000000 0.000000 0.000000 0.000000 1.000000
0.999297 0.032615 -0.018493 0.000000 -0.034227 0.592178 -0.805080 2.134500 -0.015307 0.805147 0.592878 0.000000 0.000000 0.000000 0.000000 1.000000
0.999297 0.032615 -0.018494 0.000000 -0.034227 0.592178 -0.805080 2.134500 -0.015306 0.805147 0.592878 0.000000 0.000000 0.000000 0.000000 1.000000
0.999297 0.032615 -0.018494 0.000000 -0.034227 0.592178 -0.805080 2.134500 -0.015306 0.805147 0.592878 -0.000000 0.000000 0.000000 0.000000 1.000000
0.999297 0.032615 -0.018493 0.000000 -0.034226 0.592178 -0.805080 2.134500 -0.015306 0.805147 0.592878 0.000000 0.000000 0.000000 0.000000 1.000000
0.999297 0.032615 -0.018493 0.000000 -0.034226 0.592178 -0.805080 2.134500 -0.015306 0.805147 0.592878 0.000000 0.000000 0.000000 0.000000 1.000000
0.999297 0.032615 -0.018493 -0.000000 -0.034226 0.592178 -0.805080 2.134500 -0.015306 0.805147 0.592878 0.000000 0.000000 0.000000 0.000000 1.000000
0.999297 0.032615 -0.018493 0.000000 -0.034227 0.592178 -0.805080 2.134500 -0.015306 0.805147 0.592878 -0.000000 0.000000 0.000000 0.000000 1.000000
0.999297 0.032615 -0.018493 0.000000 -0.034227 0.592178 -0.805080 2.134500 -0.015306 0.805147 0.592878 0.000000 0.000000 0.000000 0.000000 1.000000
0.999297 0.032615 -0.018493 0.000000 -0.034227 0.592178 -0.805080 2.134500 -0.015307 0.805147 0.592878 -0.000000 0.000000 0.000000 0.000000 1.000000
0.999297 0.032615 -0.018493 0.000000 -0.034227 0.592178 -0.805080 2.134500 -0.015306 0.805147 0.592878 -0.000000 0.000000 0.000000 0.000000 1.000000
0.999297 0.032615 -0.018494 0.000000 -0.034227 0.592178 -0.805080 2.134500 -0.015306 0.805147 0.592878 -0.000000 0.000000 0.000000 0.000000 1.000000
0.999297 0.032615 -0.018492 0.000000 -0.034226 0.592178 -0.805080 2.134500 -0.015307 0.805147 0.592878 0.000000 0.000000 0.000000 0.000000 1.000000
0.999297 0.032615 -0.018493 -0.000000 -0.034226 0.592178 -0.805080 2.134500 -0.015306 0.805147 0.592878 0.000000 0.000000 0.000000 0.000000 1.000000
0.999297 0.032615 -0.018493 -0.000000 -0.034226 0.592178 -0.805080 2.134500 -0.015306 0.805147 0.592878 0.000000 0.000000 0.000000 0.000000 1.000000</float_array>
        <technique_common>
          <accessor source="#mixamorig_RightHandRing3-Matrix-animation-output-transform-array" count="25" stride="16">
            <param type="float4x4"/>
          </accessor>
        </technique_common>
      </source>
      <source id="mixamorig_RightHandRing3-Interpolations">
        <Name_array id="mixamorig_RightHandRing3-Interpolations-array" count="25">
 LINEAR LINEAR LINEAR LINEAR LINEAR LINEAR LINEAR LINEAR LINEAR LINEAR LINEAR
LINEAR LINEAR LINEAR LINEAR LINEAR LINEAR LINEAR LINEAR LINEAR LINEAR LINEAR LINEAR
LINEAR LINEAR</Name_array>
        <technique_common>
          <accessor source="#mixamorig_RightHandRing3-Interpolations-array" count="25">
            <param type="name"/>
          </accessor>
        </technique_common>
      </source>
      <sampler id="mixamorig_RightHandRing3-Matrix-animation-transform">
        <input semantic="INPUT" source="#mixamorig_RightHandRing3-Matrix-animation-input"/>
        <input semantic="OUTPUT" source="#mixamorig_RightHandRing3-Matrix-animation-output-transform"/>
        <input semantic="INTERPOLATION" source="#mixamorig_RightHandRing3-Interpolations"/>
      </sampler>
      <channel source="#mixamorig_RightHandRing3-Matrix-animation-transform" target="mixamorig_RightHandRing3/matrix"/>
    </animation>
    <animation id="mixamorig_RightHandPinky1-anim" name="mixamorig_RightHandPinky1">
      <source id="mixamorig_RightHandPinky1-Matrix-animation-input">
        <float_array id="mixamorig_RightHandPinky1-Matrix-animation-input-array" count="25">

0.000000 0.033333 0.066667 0.100000 0.133333 0.166667 0.200000 0.233333 0.266667 0.300000 0.333333 0.366667 0.400000 0.433333 0.466667 0.500000
0.533333 0.566667 0.600000 0.633333 0.666667 0.700000 0.733333 0.766667 0.800000</float_array>
        <technique_common>
          <accessor source="#mixamorig_RightHandPinky1-Matrix-animation-input-array" count="25">
            <param name="TIME" type="float"/>
          </accessor>
        </technique_common>
      </source>
      <source id="mixamorig_RightHandPinky1-Matrix-animation-output-transform">
        <float_array id="mixamorig_RightHandPinky1-Matrix-animation-output-transform-array" count="400">

0.977811 -0.008473 0.209319 -5.922000 0.161023 0.669555 -0.725098 11.636400 -0.134007 0.742714 0.656062 0.517000 0.000000 0.000000 0.000000 1.000000
0.977811 -0.008473 0.209320 -5.922000 0.161024 0.669554 -0.725099 11.636400 -0.134007 0.742715 0.656062 0.517000 0.000000 0.000000 0.000000 1.000000
0.977811 -0.008473 0.209320 -5.922000 0.161024 0.669554 -0.725099 11.636400 -0.134007 0.742715 0.656062 0.517000 0.000000 0.000000 0.000000 1.000000
0.977811 -0.008473 0.209319 -5.922000 0.161023 0.669554 -0.725099 11.636400 -0.134007 0.742715 0.656062 0.517000 0.000000 0.000000 0.000000 1.000000
0.977811 -0.008473 0.209319 -5.922000 0.161023 0.669554 -0.725099 11.636400 -0.134007 0.742715 0.656062 0.517000 0.000000 0.000000 0.000000 1.000000
0.977811 -0.008473 0.209320 -5.922000 0.161024 0.669554 -0.725099 11.636400 -0.134007 0.742715 0.656061 0.517000 0.000000 0.000000 0.000000 1.000000
0.977811 -0.008473 0.209320 -5.922000 0.161024 0.669555 -0.725099 11.636400 -0.134007 0.742715 0.656062 0.517000 0.000000 0.000000 0.000000 1.000000
0.977811 -0.008473 0.209319 -5.922000 0.161024 0.669555 -0.725098 11.636400 -0.134007 0.742714 0.656062 0.517000 0.000000 0.000000 0.000000 1.000000
0.977811 -0.008473 0.209320 -5.922000 0.161024 0.669554 -0.725099 11.636400 -0.134007 0.742715 0.656062 0.517000 0.000000 0.000000 0.000000 1.000000
0.977810 -0.008473 0.209320 -5.922000 0.161024 0.669555 -0.725098 11.636400 -0.134007 0.742714 0.656062 0.517000 0.000000 0.000000 0.000000 1.000000
0.977810 -0.008473 0.209320 -5.922000 0.161024 0.669555 -0.725099 11.636400 -0.134007 0.742715 0.656062 0.517000 0.000000 0.000000 0.000000 1.000000
0.977811 -0.008474 0.209319 -5.922000 0.161024 0.669554 -0.725099 11.636400 -0.134007 0.742715 0.656062 0.517000 0.000000 0.000000 0.000000 1.000000
0.977810 -0.008473 0.209320 -5.922000 0.161024 0.669555 -0.725099 11.636400 -0.134008 0.742714 0.656062 0.517000 0.000000 0.000000 0.000000 1.000000
0.977811 -0.008473 0.209320 -5.922000 0.161024 0.669554 -0.725099 11.636400 -0.134007 0.742715 0.656062 0.517000 0.000000 0.000000 0.000000 1.000000
0.977811 -0.008473 0.209319 -5.922000 0.161024 0.669555 -0.725099 11.636400 -0.134007 0.742715 0.656062 0.517000 0.000000 0.000000 0.000000 1.000000
0.977811 -0.008473 0.209319 -5.922000 0.161024 0.669555 -0.725099 11.636400 -0.134007 0.742714 0.656062 0.517000 0.000000 0.000000 0.000000 1.000000
0.977811 -0.008473 0.209320 -5.922000 0.161024 0.669554 -0.725099 11.636400 -0.134007 0.742715 0.656062 0.517000 0.000000 0.000000 0.000000 1.000000
0.977811 -0.008473 0.209320 -5.922000 0.161024 0.669554 -0.725099 11.636400 -0.134007 0.742715 0.656061 0.517000 0.000000 0.000000 0.000000 1.000000
0.977810 -0.008473 0.209320 -5.922000 0.161024 0.669555 -0.725099 11.636400 -0.134007 0.742714 0.656062 0.517000 0.000000 0.000000 0.000000 1.000000
0.977811 -0.008473 0.209320 -5.922000 0.161024 0.669554 -0.725099 11.636400 -0.134007 0.742715 0.656062 0.517000 0.000000 0.000000 0.000000 1.000000
0.977811 -0.008473 0.209320 -5.922000 0.161024 0.669554 -0.725099 11.636400 -0.134007 0.742715 0.656062 0.517000 0.000000 0.000000 0.000000 1.000000
0.977811 -0.008473 0.209319 -5.922000 0.161024 0.669555 -0.725098 11.636400 -0.134007 0.742714 0.656062 0.517000 0.000000 0.000000 0.000000 1.000000
0.977811 -0.008473 0.209319 -5.922000 0.161024 0.669554 -0.725099 11.636400 -0.134007 0.742715 0.656062 0.517000 0.000000 0.000000 0.000000 1.000000
0.977811 -0.008473 0.209319 -5.922000 0.161023 0.669555 -0.725098 11.636400 -0.134007 0.742714 0.656062 0.517000 0.000000 0.000000 0.000000 1.000000
0.977811 -0.008473 0.209320 -5.922000 0.161024 0.669555 -0.725099 11.636400 -0.134007 0.742715 0.656062 0.517000 0.000000 0.000000 0.000000 1.000000</float_array>
        <technique_common>
          <accessor source="#mixamorig_RightHandPinky1-Matrix-animation-output-transform-array" count="25" stride="16">
            <param type="float4x4"/>
          </accessor>
        </technique_common>
      </source>
      <source id="mixamorig_RightHandPinky1-Interpolations">
        <Name_array id="mixamorig_RightHandPinky1-Interpolations-array" count="25">
 LINEAR LINEAR LINEAR LINEAR LINEAR LINEAR LINEAR LINEAR LINEAR LINEAR LINEAR
LINEAR LINEAR LINEAR LINEAR LINEAR LINEAR LINEAR LINEAR LINEAR LINEAR LINEAR LINEAR
LINEAR LINEAR</Name_array>
        <technique_common>
          <accessor source="#mixamorig_RightHandPinky1-Interpolations-array" count="25">
            <param type="name"/>
          </accessor>
        </technique_common>
      </source>
      <sampler id="mixamorig_RightHandPinky1-Matrix-animation-transform">
        <input semantic="INPUT" source="#mixamorig_RightHandPinky1-Matrix-animation-input"/>
        <input semantic="OUTPUT" source="#mixamorig_RightHandPinky1-Matrix-animation-output-transform"/>
        <input semantic="INTERPOLATION" source="#mixamorig_RightHandPinky1-Interpolations"/>
      </sampler>
      <channel source="#mixamorig_RightHandPinky1-Matrix-animation-transform" target="mixamorig_RightHandPinky1/matrix"/>
    </animation>
    <animation id="mixamorig_RightHandPinky2-anim" name="mixamorig_RightHandPinky2">
      <source id="mixamorig_RightHandPinky2-Matrix-animation-input">
        <float_array id="mixamorig_RightHandPinky2-Matrix-animation-input-array" count="25">

0.000000 0.033333 0.066667 0.100000 0.133333 0.166667 0.200000 0.233333 0.266667 0.300000 0.333333 0.366667 0.400000 0.433333 0.466667 0.500000
0.533333 0.566667 0.600000 0.633333 0.666667 0.700000 0.733333 0.766667 0.800000</float_array>
        <technique_common>
          <accessor source="#mixamorig_RightHandPinky2-Matrix-animation-input-array" count="25">
            <param name="TIME" type="float"/>
          </accessor>
        </technique_common>
      </source>
      <source id="mixamorig_RightHandPinky2-Matrix-animation-output-transform">
        <float_array id="mixamorig_RightHandPinky2-Matrix-animation-output-transform-array" count="400">

0.999536 0.027251 -0.013581 0.000000 -0.028772 0.699404 -0.714148 1.559300 -0.009962 0.714207 0.699863 0.000000 0.000000 0.000000 0.000000 1.000000
0.999536 0.027252 -0.013581 0.000000 -0.028772 0.699403 -0.714148 1.559300 -0.009964 0.714208 0.699863 -0.000000 0.000000 0.000000 0.000000 1.000000
0.999536 0.027251 -0.013581 0.000000 -0.028772 0.699404 -0.714148 1.559300 -0.009963 0.714207 0.699863 0.000000 0.000000 0.000000 0.000000 1.000000
0.999536 0.027251 -0.013581 -0.000000 -0.028772 0.699403 -0.714148 1.559300 -0.009962 0.714207 0.699863 0.000000 0.000000 0.000000 0.000000 1.000000
0.999536 0.027251 -0.013581 0.000000 -0.028772 0.699403 -0.714148 1.559300 -0.009962 0.714207 0.699863 -0.000000 0.000000 0.000000 0.000000 1.000000
0.999536 0.027252 -0.013582 0.000000 -0.028773 0.699404 -0.714147 1.559300 -0.009963 0.714207 0.699864 -0.000000 0.000000 0.000000 0.000000 1.000000
0.999536 0.027251 -0.013581 0.000000 -0.028772 0.699403 -0.714148 1.559300 -0.009962 0.714208 0.699863 -0.000000 0.000000 0.000000 0.000000 1.000000
0.999536 0.027251 -0.013582 0.000000 -0.028772 0.699403 -0.714148 1.559300 -0.009962 0.714208 0.699863 0.000000 0.000000 0.000000 0.000000 1.000000
0.999536 0.027251 -0.013581 0.000000 -0.028772 0.699403 -0.714148 1.559300 -0.009963 0.714208 0.699863 -0.000000 0.000000 0.000000 0.000000 1.000000
0.999536 0.027251 -0.013581 0.000000 -0.028772 0.699403 -0.714148 1.559300 -0.009962 0.714208 0.699863 -0.000000 0.000000 0.000000 0.000000 1.000000
0.999536 0.027251 -0.013581 -0.000000 -0.028772 0.699403 -0.714148 1.559300 -0.009962 0.714208 0.699863 0.000000 0.000000 0.000000 0.000000 1.000000
0.999536 0.027252 -0.013581 0.000000 -0.028772 0.699403 -0.714148 1.559300 -0.009963 0.714207 0.699863 -0.000000 0.000000 0.000000 0.000000 1.000000
0.999536 0.027251 -0.013582 0.000000 -0.028772 0.699403 -0.714148 1.559300 -0.009962 0.714207 0.699863 0.000000 0.000000 0.000000 0.000000 1.000000
0.999536 0.027251 -0.013581 0.000000 -0.028772 0.699403 -0.714148 1.559300 -0.009962 0.714208 0.699863 -0.000000 0.000000 0.000000 0.000000 1.000000
0.999536 0.027251 -0.013581 0.000000 -0.028772 0.699403 -0.714148 1.559300 -0.009963 0.714208 0.699863 0.000000 0.000000 0.000000 0.000000 1.000000
0.999536 0.027251 -0.013581 0.000000 -0.028772 0.699403 -0.714148 1.559300 -0.009962 0.714208 0.699863 0.000000 0.000000 0.000000 0.000000 1.000000
0.999536 0.027251 -0.013581 0.000000 -0.028772 0.699403 -0.714148 1.559300 -0.009963 0.714207 0.699863 -0.000000 0.000000 0.000000 0.000000 1.000000
0.999536 0.027251 -0.013582 -0.000000 -0.028772 0.699404 -0.714148 1.559300 -0.009962 0.714207 0.699863 -0.000000 0.000000 0.000000 0.000000 1.000000
0.999536 0.027251 -0.013582 0.000000 -0.028772 0.699404 -0.714148 1.559300 -0.009962 0.714207 0.699863 0.000000 0.000000 0.000000 0.000000 1.000000
0.999536 0.027251 -0.013581 0.000000 -0.028772 0.699403 -0.714148 1.559300 -0.009963 0.714207 0.699863 0.000000 0.000000 0.000000 0.000000 1.000000
0.999536 0.027251 -0.013581 0.000000 -0.028772 0.699403 -0.714148 1.559300 -0.009962 0.714208 0.699863 -0.000000 0.000000 0.000000 0.000000 1.000000
0.999536 0.027251 -0.013581 -0.000000 -0.028772 0.699403 -0.714148 1.559300 -0.009963 0.714208 0.699863 -0.000000 0.000000 0.000000 0.000000 1.000000
0.999536 0.027252 -0.013581 0.000000 -0.028772 0.699403 -0.714148 1.559300 -0.009963 0.714208 0.699863 0.000000 0.000000 0.000000 0.000000 1.000000
0.999536 0.027251 -0.013581 0.000000 -0.028772 0.699403 -0.714148 1.559300 -0.009963 0.714208 0.699863 0.000000 0.000000 0.000000 0.000000 1.000000
0.999536 0.027251 -0.013581 0.000000 -0.028771 0.699403 -0.714148 1.559300 -0.009962 0.714207 0.699863 -0.000000 0.000000 0.000000 0.000000 1.000000</float_array>
        <technique_common>
          <accessor source="#mixamorig_RightHandPinky2-Matrix-animation-output-transform-array" count="25" stride="16">
            <param type="float4x4"/>
          </accessor>
        </technique_common>
      </source>
      <source id="mixamorig_RightHandPinky2-Interpolations">
        <Name_array id="mixamorig_RightHandPinky2-Interpolations-array" count="25">
 LINEAR LINEAR LINEAR LINEAR LINEAR LINEAR LINEAR LINEAR LINEAR LINEAR LINEAR
LINEAR LINEAR LINEAR LINEAR LINEAR LINEAR LINEAR LINEAR LINEAR LINEAR LINEAR LINEAR
LINEAR LINEAR</Name_array>
        <technique_common>
          <accessor source="#mixamorig_RightHandPinky2-Interpolations-array" count="25">
            <param type="name"/>
          </accessor>
        </technique_common>
      </source>
      <sampler id="mixamorig_RightHandPinky2-Matrix-animation-transform">
        <input semantic="INPUT" source="#mixamorig_RightHandPinky2-Matrix-animation-input"/>
        <input semantic="OUTPUT" source="#mixamorig_RightHandPinky2-Matrix-animation-output-transform"/>
        <input semantic="INTERPOLATION" source="#mixamorig_RightHandPinky2-Interpolations"/>
      </sampler>
      <channel source="#mixamorig_RightHandPinky2-Matrix-animation-transform" target="mixamorig_RightHandPinky2/matrix"/>
    </animation>
    <animation id="mixamorig_RightHandPinky3-anim" name="mixamorig_RightHandPinky3">
      <source id="mixamorig_RightHandPinky3-Matrix-animation-input">
        <float_array id="mixamorig_RightHandPinky3-Matrix-animation-input-array" count="25">

0.000000 0.033333 0.066667 0.100000 0.133333 0.166667 0.200000 0.233333 0.266667 0.300000 0.333333 0.366667 0.400000 0.433333 0.466667 0.500000
0.533333 0.566667 0.600000 0.633333 0.666667 0.700000 0.733333 0.766667 0.800000</float_array>
        <technique_common>
          <accessor source="#mixamorig_RightHandPinky3-Matrix-animation-input-array" count="25">
            <param name="TIME" type="float"/>
          </accessor>
        </technique_common>
      </source>
      <source id="mixamorig_RightHandPinky3-Matrix-animation-output-transform">
        <float_array id="mixamorig_RightHandPinky3-Matrix-animation-output-transform-array" count="400">

0.999844 0.017561 0.001872 0.000000 -0.015128 0.906317 -0.422327 1.540600 -0.009113 0.422233 0.906442 0.000000 0.000000 0.000000 0.000000 1.000000
0.999844 0.017560 0.001872 -0.000000 -0.015127 0.906317 -0.422327 1.540600 -0.009112 0.422233 0.906442 -0.000000 0.000000 0.000000 0.000000 1.000000
0.999844 0.017561 0.001871 0.000000 -0.015128 0.906317 -0.422327 1.540600 -0.009112 0.422233 0.906442 -0.000000 0.000000 0.000000 0.000000 1.000000
0.999844 0.017561 0.001872 -0.000000 -0.015128 0.906317 -0.422327 1.540600 -0.009113 0.422233 0.906442 -0.000000 0.000000 0.000000 0.000000 1.000000
0.999844 0.017561 0.001872 -0.000000 -0.015128 0.906318 -0.422326 1.540600 -0.009113 0.422232 0.906442 -0.000000 0.000000 0.000000 0.000000 1.000000
0.999844 0.017560 0.001872 0.000000 -0.015127 0.906317 -0.422327 1.540600 -0.009113 0.422233 0.906442 0.000000 0.000000 0.000000 0.000000 1.000000
0.999844 0.017561 0.001872 0.000000 -0.015127 0.906317 -0.422327 1.540600 -0.009113 0.422232 0.906442 0.000000 0.000000 0.000000 0.000000 1.000000
0.999844 0.017561 0.001872 0.000000 -0.015128 0.906317 -0.422327 1.540600 -0.009113 0.422233 0.906442 0.000000 0.000000 0.000000 0.000000 1.000000
0.999844 0.017561 0.001872 0.000000 -0.015128 0.906317 -0.422327 1.540600 -0.009113 0.422233 0.906442 -0.000000 0.000000 0.000000 0.000000 1.000000
0.999844 0.017561 0.001872 0.000000 -0.015128 0.906317 -0.422327 1.540600 -0.009113 0.422233 0.906442 0.000000 0.000000 0.000000 0.000000 1.000000
0.999844 0.017561 0.001871 -0.000000 -0.015128 0.906317 -0.422327 1.540600 -0.009112 0.422233 0.906442 0.000000 0.000000 0.000000 0.000000 1.000000
0.999844 0.017561 0.001871 0.000000 -0.015128 0.906317 -0.422327 1.540600 -0.009113 0.422233 0.906442 0.000000 0.000000 0.000000 0.000000 1.000000
0.999844 0.017561 0.001872 -0.000000 -0.015128 0.906317 -0.422327 1.540600 -0.009113 0.422232 0.906442 0.000000 0.000000 0.000000 0.000000 1.000000
0.999844 0.017561 0.001872 0.000000 -0.015128 0.906317 -0.422327 1.540600 -0.009113 0.422233 0.906442 0.000000 0.000000 0.000000 0.000000 1.000000
0.999844 0.017560 0.001872 -0.000000 -0.015127 0.906317 -0.422327 1.540600 -0.009113 0.422233 0.906442 0.000000 0.000000 0.000000 0.000000 1.000000
0.999844 0.017561 0.001872 0.000000 -0.015128 0.906317 -0.422327 1.540600 -0.009113 0.422233 0.906442 0.000000 0.000000 0.000000 0.000000 1.000000
0.999844 0.017561 0.001872 0.000000 -0.015127 0.906317 -0.422327 1.540600 -0.009113 0.422233 0.906442 0.000000 0.000000 0.000000 0.000000 1.000000
0.999844 0.017561 0.001872 0.000000 -0.015128 0.906317 -0.422327 1.540600 -0.009113 0.422233 0.906442 -0.000000 0.000000 0.000000 0.000000 1.000000
0.999844 0.017561 0.001872 -0.000000 -0.015128 0.906317 -0.422327 1.540600 -0.009113 0.422233 0.906442 0.000000 0.000000 0.000000 0.000000 1.000000
0.999844 0.017561 0.001871 0.000000 -0.015128 0.906317 -0.422327 1.540600 -0.009113 0.422233 0.906442 0.000000 0.000000 0.000000 0.000000 1.000000
0.999844 0.017561 0.001871 0.000000 -0.015128 0.906317 -0.422327 1.540600 -0.009113 0.422233 0.906442 0.000000 0.000000 0.000000 0.000000 1.000000
0.999844 0.017561 0.001872 -0.000000 -0.015128 0.906318 -0.422327 1.540600 -0.009113 0.422232 0.906442 0.000000 0.000000 0.000000 0.000000 1.000000
0.999844 0.017560 0.001871 -0.000000 -0.015127 0.906317 -0.422327 1.540600 -0.009112 0.422233 0.906442 0.000000 0.000000 0.000000 0.000000 1.000000
0.999844 0.017561 0.001872 0.000000 -0.015128 0.906317 -0.422327 1.540600 -0.009113 0.422233 0.906442 -0.000000 0.000000 0.000000 0.000000 1.000000
0.999844 0.017561 0.001871 0.000000 -0.015128 0.906317 -0.422327 1.540600 -0.009113 0.422233 0.906441 -0.000000 0.000000 0.000000 0.000000 1.000000</float_array>
        <technique_common>
          <accessor source="#mixamorig_RightHandPinky3-Matrix-animation-output-transform-array" count="25" stride="16">
            <param type="float4x4"/>
          </accessor>
        </technique_common>
      </source>
      <source id="mixamorig_RightHandPinky3-Interpolations">
        <Name_array id="mixamorig_RightHandPinky3-Interpolations-array" count="25">
 LINEAR LINEAR LINEAR LINEAR LINEAR LINEAR LINEAR LINEAR LINEAR LINEAR LINEAR
LINEAR LINEAR LINEAR LINEAR LINEAR LINEAR LINEAR LINEAR LINEAR LINEAR LINEAR LINEAR
LINEAR LINEAR</Name_array>
        <technique_common>
          <accessor source="#mixamorig_RightHandPinky3-Interpolations-array" count="25">
            <param type="name"/>
          </accessor>
        </technique_common>
      </source>
      <sampler id="mixamorig_RightHandPinky3-Matrix-animation-transform">
        <input semantic="INPUT" source="#mixamorig_RightHandPinky3-Matrix-animation-input"/>
        <input semantic="OUTPUT" source="#mixamorig_RightHandPinky3-Matrix-animation-output-transform"/>
        <input semantic="INTERPOLATION" source="#mixamorig_RightHandPinky3-Interpolations"/>
      </sampler>
      <channel source="#mixamorig_RightHandPinky3-Matrix-animation-transform" target="mixamorig_RightHandPinky3/matrix"/>
    </animation>
    <animation id="mixamorig_RightUpLeg-anim" name="mixamorig_RightUpLeg">
      <source id="mixamorig_RightUpLeg-Matrix-animation-input">
        <float_array id="mixamorig_RightUpLeg-Matrix-animation-input-array" count="25">

0.000000 0.033333 0.066667 0.100000 0.133333 0.166667 0.200000 0.233333 0.266667 0.300000 0.333333 0.366667 0.400000 0.433333 0.466667 0.500000
0.533333 0.566667 0.600000 0.633333 0.666667 0.700000 0.733333 0.766667 0.800000</float_array>
        <technique_common>
          <accessor source="#mixamorig_RightUpLeg-Matrix-animation-input-array" count="25">
            <param name="TIME" type="float"/>
          </accessor>
        </technique_common>
      </source>
      <source id="mixamorig_RightUpLeg-Matrix-animation-output-transform">
        <float_array id="mixamorig_RightUpLeg-Matrix-animation-output-transform-array" count="400">

-0.973295 -0.164027 -0.160601 -9.941000 -0.033975 -0.588971 0.807439 -5.272400 -0.227031 0.791333 0.567670 -1.010900 0.000000 0.000000 0.000000 1.000000
-0.978197 -0.102074 -0.180864 -9.941000 -0.080392 -0.616877 0.782943 -5.272400 -0.191489 0.780413 0.595221 -1.010900 0.000000 0.000000 0.000000 1.000000
-0.984942 -0.054774 -0.163979 -9.941000 -0.091597 -0.639095 0.763654 -5.272400 -0.146627 0.767175 0.624455 -1.010900 0.000000 0.000000 0.000000 1.000000
-0.991581 -0.028243 -0.126368 -9.941000 -0.075978 -0.663350 0.744442 -5.272400 -0.104851 0.747776 0.655620 -1.010900 0.000000 0.000000 0.000000 1.000000
-0.996332 -0.022693 -0.082510 -9.941000 -0.048472 -0.644943 0.762692 -5.272400 -0.070522 0.763894 0.641477 -1.010900 0.000000 0.000000 0.000000 1.000000
-0.998979 0.001424 -0.045154 -9.941000 -0.036406 -0.617165 0.785991 -5.272400 -0.026748 0.786833 0.616587 -1.010900 0.000000 0.000000 0.000000 1.000000
-0.999259 0.034765 -0.016544 -9.941000 -0.034483 -0.617021 0.786190 -5.272400 0.017124 0.786178 0.617763 -1.010900 0.000000 0.000000 0.000000 1.000000
-0.998451 0.055583 0.002311 -9.941000 -0.030416 -0.580212 0.813898 -5.272400 0.046579 0.812567 0.581004 -1.010900 0.000000 0.000000 0.000000 1.000000
-0.998669 0.048902 -0.016402 -9.941000 -0.040119 -0.536591 0.842889 -5.272400 0.032418 0.842425 0.537838 -1.010900 0.000000 0.000000 0.000000 1.000000
-0.996388 -0.010279 -0.084291 -9.941000 -0.066711 -0.519404 0.851921 -5.272400 -0.052538 0.854467 0.516843 -1.010900 0.000000 0.000000 0.000000 1.000000
-0.979267 -0.103701 -0.174019 -9.941000 -0.098233 -0.508183 0.855628 -5.272400 -0.177163 0.854983 0.487460 -1.010900 0.000000 0.000000 0.000000 1.000000
-0.933035 -0.240383 -0.267697 -9.941000 -0.107174 -0.524572 0.844594 -5.272400 -0.343452 0.816726 0.463681 -1.010900 0.000000 0.000000 0.000000 1.000000
-0.885666 -0.342329 -0.313696 -9.941000 -0.083529 -0.547113 0.832881 -5.272400 -0.456747 0.763857 0.455965 -1.010900 0.000000 0.000000 0.000000 1.000000
-0.874207 -0.391385 -0.287367 -9.941000 -0.015696 -0.568745 0.822364 -5.272400 -0.485299 0.723427 0.491058 -1.010900 0.000000 0.000000 0.000000 1.000000
-0.911673 -0.356715 -0.203978 -9.941000 0.060469 -0.607455 0.792049 -5.272400 -0.406443 0.709756 0.575371 -1.010900 0.000000 0.000000 0.000000 1.000000
-0.922841 -0.336608 -0.187240 -9.941000 0.084415 -0.651037 0.754337 -5.272400 -0.375816 0.680328 0.629219 -1.010900 0.000000 0.000000 0.000000 1.000000
-0.904804 -0.347506 -0.246109 -9.941000 0.074132 -0.697672 0.712572 -5.272400 -0.419326 0.626493 0.657017 -1.010900 0.000000 0.000000 0.000000 1.000000
-0.897605 -0.330342 -0.291854 -9.941000 0.056608 -0.743004 0.666889 -5.272400 -0.437150 0.582082 0.685624 -1.010900 0.000000 0.000000 0.000000 1.000000
-0.906348 -0.298263 -0.299286 -9.941000 0.049813 -0.778802 0.625288 -5.272400 -0.419585 0.551821 0.720724 -1.010900 0.000000 0.000000 0.000000 1.000000
-0.934347 -0.259197 -0.244565 -9.941000 0.075338 -0.814437 0.575340 -5.272400 -0.348310 0.519143 0.780494 -1.010900 0.000000 0.000000 0.000000 1.000000
-0.954795 -0.238559 -0.177356 -9.941000 0.107483 -0.833316 0.542246 -5.272400 -0.277152 0.498671 0.821288 -1.010900 0.000000 0.000000 0.000000 1.000000
-0.963229 -0.214162 -0.162248 -9.941000 0.065182 -0.772091 0.632161 -5.272400 -0.260655 0.598340 0.757660 -1.010900 0.000000 0.000000 0.000000 1.000000
-0.968611 -0.180442 -0.170981 -9.941000 0.002202 -0.694022 0.719951 -5.272400 -0.248574 0.696975 0.672634 -1.010900 0.000000 0.000000 0.000000 1.000000
-0.972242 -0.162100 -0.168726 -9.941000 -0.037180 -0.604926 0.795413 -5.272400 -0.231003 0.779608 0.582108 -1.010900 0.000000 0.000000 0.000000 1.000000
-0.973295 -0.164026 -0.160601 -9.941000 -0.033976 -0.588971 0.807440 -5.272400 -0.227031 0.791333 0.567669 -1.010900 0.000000 0.000000 0.000000 1.000000</float_array>
        <technique_common>
          <accessor source="#mixamorig_RightUpLeg-Matrix-animation-output-transform-array" count="25" stride="16">
            <param type="float4x4"/>
          </accessor>
        </technique_common>
      </source>
      <source id="mixamorig_RightUpLeg-Interpolations">
        <Name_array id="mixamorig_RightUpLeg-Interpolations-array" count="25">
 LINEAR LINEAR LINEAR LINEAR LINEAR LINEAR LINEAR LINEAR LINEAR LINEAR LINEAR
LINEAR LINEAR LINEAR LINEAR LINEAR LINEAR LINEAR LINEAR LINEAR LINEAR LINEAR LINEAR
LINEAR LINEAR</Name_array>
        <technique_common>
          <accessor source="#mixamorig_RightUpLeg-Interpolations-array" count="25">
            <param type="name"/>
          </accessor>
        </technique_common>
      </source>
      <sampler id="mixamorig_RightUpLeg-Matrix-animation-transform">
        <input semantic="INPUT" source="#mixamorig_RightUpLeg-Matrix-animation-input"/>
        <input semantic="OUTPUT" source="#mixamorig_RightUpLeg-Matrix-animation-output-transform"/>
        <input semantic="INTERPOLATION" source="#mixamorig_RightUpLeg-Interpolations"/>
      </sampler>
      <channel source="#mixamorig_RightUpLeg-Matrix-animation-transform" target="mixamorig_RightUpLeg/matrix"/>
    </animation>
    <animation id="mixamorig_RightLeg-anim" name="mixamorig_RightLeg">
      <source id="mixamorig_RightLeg-Matrix-animation-input">
        <float_array id="mixamorig_RightLeg-Matrix-animation-input-array" count="25">

0.000000 0.033333 0.066667 0.100000 0.133333 0.166667 0.200000 0.233333 0.266667 0.300000 0.333333 0.366667 0.400000 0.433333 0.466667 0.500000
0.533333 0.566667 0.600000 0.633333 0.666667 0.700000 0.733333 0.766667 0.800000</float_array>
        <technique_common>
          <accessor source="#mixamorig_RightLeg-Matrix-animation-input-array" count="25">
            <param name="TIME" type="float"/>
          </accessor>
        </technique_common>
      </source>
      <source id="mixamorig_RightLeg-Matrix-animation-output-transform">
        <float_array id="mixamorig_RightLeg-Matrix-animation-output-transform-array" count="400">

0.993792 -0.049688 0.099538 -0.000000 -0.066341 0.453544 0.888761 43.364799 -0.089305 -0.889848 0.447432 0.000000 0.000000 0.000000 0.000000 1.000000
0.986705 -0.045314 0.156075 -0.000000 -0.105963 0.548782 0.829222 43.364799 -0.123227 -0.834736 0.536685 -0.000000 0.000000 0.000000 0.000000 1.000000
0.982096 -0.033045 0.185460 0.000000 -0.114765 0.675752 0.728140 43.364799 -0.149386 -0.736388 0.659861 -0.000000 0.000000 0.000000 0.000000 1.000000
0.985972 -0.018937 0.165832 0.000000 -0.079444 0.820538 0.566044 43.364799 -0.146791 -0.571278 0.807523 -0.000000 0.000000 0.000000 0.000000 1.000000
0.999314 -0.009118 0.035898 0.000000 -0.008700 0.884322 0.466796 43.364799 -0.036002 -0.466788 0.883636 0.000000 0.000000 0.000000 0.000000 1.000000
0.996628 -0.014664 -0.080726 -0.000000 0.049752 0.890379 0.452494 43.364799 0.065241 -0.454985 0.888106 0.000000 0.000000 0.000000 0.000000 1.000000
0.993374 -0.020824 -0.113024 0.000000 0.066690 0.905380 0.419331 43.364799 0.093597 -0.424090 0.900770 -0.000000 0.000000 0.000000 0.000000 1.000000
0.995320 -0.032017 -0.091180 0.000000 0.074887 0.851898 0.518326 43.364799 0.061081 -0.522729 0.850308 -0.000000 0.000000 0.000000 0.000000 1.000000
0.997116 -0.044389 -0.061551 0.000000 0.074173 0.741487 0.666855 43.364799 0.016038 -0.669497 0.742642 0.000000 0.000000 0.000000 0.000000 1.000000
0.996326 -0.048484 -0.070594 -0.000000 0.085435 0.619760 0.780127 43.364799 0.005928 -0.783292 0.621626 0.000000 0.000000 0.000000 0.000000 1.000000
0.997059 -0.030633 -0.070249 0.000000 0.076358 0.475328 0.876489 43.364799 0.006542 -0.879275 0.476269 0.000000 0.000000 0.000000 0.000000 1.000000
0.996354 -0.023579 -0.081991 0.000000 0.085113 0.340807 0.936273 43.364799 0.005867 -0.939837 0.341572 0.000000 0.000000 0.000000 0.000000 1.000000
0.997807 -0.007256 -0.065785 -0.000000 0.065641 0.235578 0.969636 43.364799 0.008462 -0.971828 0.235538 0.000000 0.000000 0.000000 0.000000 1.000000
0.998427 0.013434 -0.054442 0.000000 0.051468 0.165834 0.984810 43.364799 0.022258 -0.986062 0.164881 0.000000 0.000000 0.000000 0.000000 1.000000
0.997540 0.024010 -0.065854 -0.000000 0.061305 0.156656 0.985749 43.364799 0.033984 -0.987361 0.154799 -0.000000 0.000000 0.000000 0.000000 1.000000
0.992804 0.025475 -0.117013 0.000000 0.109931 0.193682 0.974886 43.364799 0.047498 -0.980733 0.189488 -0.000000 0.000000 0.000000 0.000000 1.000000
0.982720 0.015210 -0.184472 -0.000000 0.172183 0.290628 0.941217 43.364799 0.067928 -0.956715 0.282987 0.000000 0.000000 0.000000 0.000000 1.000000
0.982565 0.008891 -0.185707 0.000000 0.165003 0.418590 0.893060 43.364799 0.085676 -0.908132 0.409825 -0.000000 0.000000 0.000000 0.000000 1.000000
0.990912 0.009566 -0.134171 0.000000 0.107669 0.541486 0.833786 43.364799 0.080628 -0.840655 0.535535 0.000000 0.000000 0.000000 0.000000 1.000000
0.997768 -0.007485 -0.066355 0.000000 0.054572 0.664056 0.745688 43.364799 0.038482 -0.747645 0.662982 -0.000000 0.000000 0.000000 0.000000 1.000000
0.999252 -0.035381 -0.015593 -0.000000 0.036343 0.721820 0.691126 43.364799 -0.013197 -0.691176 0.722566 -0.000000 0.000000 0.000000 0.000000 1.000000
0.998858 -0.043276 -0.020263 0.000000 0.042809 0.622010 0.781838 43.364799 -0.021232 -0.781813 0.623152 -0.000000 0.000000 0.000000 0.000000 1.000000
0.998883 -0.046753 0.006853 -0.000000 0.018866 0.527560 0.849308 43.364799 -0.043323 -0.848230 0.527853 0.000000 0.000000 0.000000 0.000000 1.000000
0.997595 -0.049083 0.048944 0.000000 -0.020688 0.463083 0.886074 43.364799 -0.066157 -0.884955 0.460953 0.000000 0.000000 0.000000 0.000000 1.000000
0.993792 -0.049689 0.099539 0.000000 -0.066343 0.453541 0.888763 43.364799 -0.089307 -0.889849 0.447429 -0.000000 0.000000 0.000000 0.000000 1.000000</float_array>
        <technique_common>
          <accessor source="#mixamorig_RightLeg-Matrix-animation-output-transform-array" count="25" stride="16">
            <param type="float4x4"/>
          </accessor>
        </technique_common>
      </source>
      <source id="mixamorig_RightLeg-Interpolations">
        <Name_array id="mixamorig_RightLeg-Interpolations-array" count="25">
 LINEAR LINEAR LINEAR LINEAR LINEAR LINEAR LINEAR LINEAR LINEAR LINEAR LINEAR
LINEAR LINEAR LINEAR LINEAR LINEAR LINEAR LINEAR LINEAR LINEAR LINEAR LINEAR LINEAR
LINEAR LINEAR</Name_array>
        <technique_common>
          <accessor source="#mixamorig_RightLeg-Interpolations-array" count="25">
            <param type="name"/>
          </accessor>
        </technique_common>
      </source>
      <sampler id="mixamorig_RightLeg-Matrix-animation-transform">
        <input semantic="INPUT" source="#mixamorig_RightLeg-Matrix-animation-input"/>
        <input semantic="OUTPUT" source="#mixamorig_RightLeg-Matrix-animation-output-transform"/>
        <input semantic="INTERPOLATION" source="#mixamorig_RightLeg-Interpolations"/>
      </sampler>
      <channel source="#mixamorig_RightLeg-Matrix-animation-transform" target="mixamorig_RightLeg/matrix"/>
    </animation>
    <animation id="mixamorig_RightFoot-anim" name="mixamorig_RightFoot">
      <source id="mixamorig_RightFoot-Matrix-animation-input">
        <float_array id="mixamorig_RightFoot-Matrix-animation-input-array" count="25">

0.000000 0.033333 0.066667 0.100000 0.133333 0.166667 0.200000 0.233333 0.266667 0.300000 0.333333 0.366667 0.400000 0.433333 0.466667 0.500000
0.533333 0.566667 0.600000 0.633333 0.666667 0.700000 0.733333 0.766667 0.800000</float_array>
        <technique_common>
          <accessor source="#mixamorig_RightFoot-Matrix-animation-input-array" count="25">
            <param name="TIME" type="float"/>
          </accessor>
        </technique_common>
      </source>
      <source id="mixamorig_RightFoot-Matrix-animation-output-transform">
        <float_array id="mixamorig_RightFoot-Matrix-animation-output-transform-array" count="400">

0.951561 0.287144 -0.109906 0.000000 -0.205326 0.327409 -0.922304 44.493000 -0.228850 0.900195 0.370508 -0.000000 0.000000 0.000000 0.000000 1.000000
0.935896 0.327193 -0.130547 0.000000 -0.255915 0.376820 -0.890233 44.493000 -0.242086 0.866574 0.436398 0.000000 0.000000 0.000000 0.000000 1.000000
0.939093 0.338099 -0.061592 0.000000 -0.244026 0.529833 -0.812237 44.493000 -0.241983 0.777796 0.580067 0.000000 0.000000 0.000000 0.000000 1.000000
0.952694 0.295028 0.073025 -0.000000 -0.165970 0.706285 -0.688197 44.493000 -0.254614 0.643521 0.721839 0.000000 0.000000 0.000000 0.000000 1.000000
0.987697 0.071488 0.139086 -0.000000 0.018138 0.831026 -0.555938 44.493000 -0.155327 0.551621 0.819505 0.000000 0.000000 0.000000 0.000000 1.000000
0.998678 -0.026590 0.043998 0.000000 0.047426 0.806852 -0.588847 44.493000 -0.019842 0.590155 0.807046 0.000000 0.000000 0.000000 0.000000 1.000000
0.997864 -0.055209 0.034933 0.000000 0.064823 0.770067 -0.634661 44.493000 0.008138 0.635569 0.772001 0.000000 0.000000 0.000000 0.000000 1.000000
0.995654 -0.033202 0.087013 -0.000000 0.086360 0.678917 -0.729118 44.493000 -0.034866 0.733464 0.678834 0.000000 0.000000 0.000000 0.000000 1.000000
0.993074 -0.005027 0.117385 0.000000 0.099836 0.562860 -0.820501 44.493000 -0.061947 0.826537 0.559463 0.000000 0.000000 0.000000 0.000000 1.000000
0.992296 -0.024927 0.121352 0.000000 0.116778 0.515232 -0.849057 44.493000 -0.041360 0.856688 0.514174 -0.000000 0.000000 0.000000 0.000000 1.000000
0.997015 0.001884 0.077190 -0.000000 0.067428 0.465840 -0.882296 44.493000 -0.037621 0.884867 0.464323 -0.000000 0.000000 0.000000 0.000000 1.000000
0.999115 0.034928 0.023430 0.000000 0.005319 0.447676 -0.894180 44.493000 -0.041721 0.893513 0.447094 0.000000 0.000000 0.000000 0.000000 1.000000
0.992340 0.108134 -0.059733 0.000000 -0.100742 0.428494 -0.897911 44.493000 -0.071499 0.897051 0.436106 -0.000000 0.000000 0.000000 0.000000 1.000000
0.979702 0.157302 -0.124255 0.000000 -0.173423 0.354226 -0.918939 44.493000 -0.100537 0.921835 0.374316 0.000000 0.000000 0.000000 0.000000 1.000000
0.967432 0.171701 -0.185993 -0.000000 -0.227359 0.266405 -0.936662 44.493000 -0.111276 0.948445 0.296767 0.000000 0.000000 0.000000 0.000000 1.000000
0.959320 0.157019 -0.234627 0.000000 -0.264419 0.208494 -0.941601 44.493000 -0.098931 0.965337 0.241531 -0.000000 0.000000 0.000000 0.000000 1.000000
0.936118 0.159519 -0.313429 0.000000 -0.343454 0.222959 -0.912320 44.493000 -0.075650 0.961688 0.263503 -0.000000 0.000000 0.000000 0.000000 1.000000
0.909476 0.198643 -0.365231 0.000000 -0.407518 0.251915 -0.877763 44.493000 -0.082354 0.947143 0.310062 0.000000 0.000000 0.000000 0.000000 1.000000
0.898438 0.243744 -0.365236 0.000000 -0.425362 0.276687 -0.861691 44.493000 -0.108976 0.929534 0.352265 0.000000 0.000000 0.000000 0.000000 1.000000
0.940178 0.229278 -0.251985 0.000000 -0.316078 0.311047 -0.896295 44.493000 -0.127121 0.922324 0.364909 0.000000 0.000000 0.000000 0.000000 1.000000
0.986327 0.155718 -0.053958 0.000000 -0.102264 0.321560 -0.941351 44.493000 -0.129235 0.933997 0.333088 0.000000 0.000000 0.000000 0.000000 1.000000
0.986633 0.157178 -0.043012 0.000000 -0.090777 0.310922 -0.946091 44.493000 -0.135331 0.937349 0.321034 0.000000 0.000000 0.000000 0.000000 1.000000
0.976017 0.200855 -0.083949 0.000000 -0.143031 0.300963 -0.942849 44.493000 -0.164110 0.932244 0.322473 -0.000000 0.000000 0.000000 0.000000 1.000000
0.963409 0.245816 -0.106854 -0.000000 -0.181903 0.306820 -0.934223 44.493000 -0.196862 0.919476 0.340308 0.000000 0.000000 0.000000 0.000000 1.000000
0.951561 0.287145 -0.109908 0.000000 -0.205328 0.327406 -0.922305 44.493000 -0.228850 0.900196 0.370506 0.000000 0.000000 0.000000 0.000000 1.000000</float_array>
        <technique_common>
          <accessor source="#mixamorig_RightFoot-Matrix-animation-output-transform-array" count="25" stride="16">
            <param type="float4x4"/>
          </accessor>
        </technique_common>
      </source>
      <source id="mixamorig_RightFoot-Interpolations">
        <Name_array id="mixamorig_RightFoot-Interpolations-array" count="25">
 LINEAR LINEAR LINEAR LINEAR LINEAR LINEAR LINEAR LINEAR LINEAR LINEAR LINEAR
LINEAR LINEAR LINEAR LINEAR LINEAR LINEAR LINEAR LINEAR LINEAR LINEAR LINEAR LINEAR
LINEAR LINEAR</Name_array>
        <technique_common>
          <accessor source="#mixamorig_RightFoot-Interpolations-array" count="25">
            <param type="name"/>
          </accessor>
        </technique_common>
      </source>
      <sampler id="mixamorig_RightFoot-Matrix-animation-transform">
        <input semantic="INPUT" source="#mixamorig_RightFoot-Matrix-animation-input"/>
        <input semantic="OUTPUT" source="#mixamorig_RightFoot-Matrix-animation-output-transform"/>
        <input semantic="INTERPOLATION" source="#mixamorig_RightFoot-Interpolations"/>
      </sampler>
      <channel source="#mixamorig_RightFoot-Matrix-animation-transform" target="mixamorig_RightFoot/matrix"/>
    </animation>
    <animation id="mixamorig_RightToeBase-anim" name="mixamorig_RightToeBase">
      <source id="mixamorig_RightToeBase-Matrix-animation-input">
        <float_array id="mixamorig_RightToeBase-Matrix-animation-input-array" count="25">

0.000000 0.033333 0.066667 0.100000 0.133333 0.166667 0.200000 0.233333 0.266667 0.300000 0.333333 0.366667 0.400000 0.433333 0.466667 0.500000
0.533333 0.566667 0.600000 0.633333 0.666667 0.700000 0.733333 0.766667 0.800000</float_array>
        <technique_common>
          <accessor source="#mixamorig_RightToeBase-Matrix-animation-input-array" count="25">
            <param name="TIME" type="float"/>
          </accessor>
        </technique_common>
      </source>
      <source id="mixamorig_RightToeBase-Matrix-animation-output-transform">
        <float_array id="mixamorig_RightToeBase-Matrix-animation-output-transform-array" count="400">

0.987917 0.021364 0.153501 0.000000 0.077405 0.790059 -0.608124 20.000000 -0.134267 0.612658 0.778860 0.000000 0.000000 0.000000 0.000000 1.000000
0.984214 0.004269 0.176931 0.000000 0.098157 0.818698 -0.565772 20.000000 -0.147268 0.574208 0.805356 0.000000 0.000000 0.000000 0.000000 1.000000
0.990481 0.008574 0.137380 0.000000 0.075322 0.801608 -0.593086 20.000000 -0.115210 0.597788 0.793332 0.000000 0.000000 0.000000 0.000000 1.000000
0.999867 0.013752 0.008765 0.000000 -0.005666 0.796952 -0.604016 20.000000 -0.015292 0.603886 0.796924 0.000000 0.000000 0.000000 0.000000 1.000000
0.997374 0.069992 0.018602 0.000000 -0.052363 0.874378 -0.482411 20.000000 -0.050030 0.480170 0.875747 0.000000 0.000000 0.000000 0.000000 1.000000
0.968910 0.068644 0.237699 0.000000 0.033603 0.915328 -0.401305 20.000000 -0.245119 0.396815 0.884564 0.000000 0.000000 0.000000 0.000000 1.000000
0.952775 0.062997 0.297072 0.000000 0.062799 0.916228 -0.395706 20.000000 -0.297114 0.395674 0.869003 0.000000 0.000000 0.000000 0.000000 1.000000
0.949466 0.055888 0.308854 0.000000 0.074817 0.915356 -0.395634 20.000000 -0.304823 0.398749 0.864918 0.000000 0.000000 0.000000 0.000000 1.000000
0.952457 0.050115 0.300522 -0.000000 0.078925 0.912123 -0.402246 20.000000 -0.294272 0.406841 0.864803 -0.000000 0.000000 0.000000 0.000000 1.000000
0.958553 0.037132 0.282483 0.000000 0.086418 0.906872 -0.412449 20.000000 -0.271492 0.419766 0.866077 -0.000000 0.000000 0.000000 0.000000 1.000000
0.960855 0.031675 0.275234 -0.000000 0.089873 0.904084 -0.417797 20.000000 -0.262069 0.426179 0.865847 -0.000000 0.000000 0.000000 0.000000 1.000000
0.961553 0.029597 0.273021 0.000000 0.093589 0.899346 -0.427104 20.000000 -0.258181 0.436235 0.861999 0.000000 0.000000 0.000000 0.000000 1.000000
0.946085 0.040915 0.321325 -0.000000 0.112251 0.889110 -0.443714 20.000000 -0.303848 0.455860 0.836581 0.000000 0.000000 0.000000 0.000000 1.000000
0.948335 0.057084 0.312093 0.000000 0.079574 0.909444 -0.408142 20.000000 -0.307129 0.411890 0.857915 -0.000000 0.000000 0.000000 0.000000 1.000000
0.948374 0.056560 0.312069 0.000000 0.080153 0.909284 -0.408385 20.000000 -0.306858 0.412315 0.857808 -0.000000 0.000000 0.000000 0.000000 1.000000
0.959871 0.028615 0.278978 0.000000 0.088313 0.913327 -0.397536 20.000000 -0.266173 0.406221 0.874149 -0.000000 0.000000 0.000000 0.000000 1.000000
0.970148 0.000556 0.242514 0.000000 0.099310 0.911397 -0.399365 20.000000 -0.221249 0.411527 0.884135 0.000000 0.000000 0.000000 0.000000 1.000000
0.973361 -0.010245 0.229049 0.000000 0.103274 0.911510 -0.398099 20.000000 -0.204702 0.411149 0.888287 -0.000000 0.000000 0.000000 0.000000 1.000000
0.964464 0.006011 0.264145 0.000000 0.103129 0.911874 -0.397304 20.000000 -0.243255 0.410426 0.878850 0.000000 0.000000 0.000000 0.000000 1.000000
0.931552 0.019350 0.363093 -0.000000 0.160302 0.874446 -0.457874 20.000000 -0.326365 0.484737 0.811490 0.000000 0.000000 0.000000 0.000000 1.000000
0.972649 0.021523 0.231282 0.000000 0.118795 0.809536 -0.574925 20.000000 -0.199605 0.586675 0.784838 -0.000000 0.000000 0.000000 0.000000 1.000000
0.987927 0.021368 0.153438 -0.000000 0.077369 0.790027 -0.608170 20.000000 -0.134216 0.612699 0.778836 0.000000 0.000000 0.000000 0.000000 1.000000
0.987924 0.021368 0.153458 0.000000 0.077380 0.790035 -0.608159 20.000000 -0.134232 0.612689 0.778841 0.000000 0.000000 0.000000 0.000000 1.000000
0.987921 0.021370 0.153479 -0.000000 0.077391 0.790036 -0.608156 20.000000 -0.134250 0.612688 0.778839 -0.000000 0.000000 0.000000 0.000000 1.000000
0.987918 0.021365 0.153501 -0.000000 0.077404 0.790058 -0.608125 20.000000 -0.134267 0.612659 0.778859 -0.000000 0.000000 0.000000 0.000000 1.000000</float_array>
        <technique_common>
          <accessor source="#mixamorig_RightToeBase-Matrix-animation-output-transform-array" count="25" stride="16">
            <param type="float4x4"/>
          </accessor>
        </technique_common>
      </source>
      <source id="mixamorig_RightToeBase-Interpolations">
        <Name_array id="mixamorig_RightToeBase-Interpolations-array" count="25">
 LINEAR LINEAR LINEAR LINEAR LINEAR LINEAR LINEAR LINEAR LINEAR LINEAR LINEAR
LINEAR LINEAR LINEAR LINEAR LINEAR LINEAR LINEAR LINEAR LINEAR LINEAR LINEAR LINEAR
LINEAR LINEAR</Name_array>
        <technique_common>
          <accessor source="#mixamorig_RightToeBase-Interpolations-array" count="25">
            <param type="name"/>
          </accessor>
        </technique_common>
      </source>
      <sampler id="mixamorig_RightToeBase-Matrix-animation-transform">
        <input semantic="INPUT" source="#mixamorig_RightToeBase-Matrix-animation-input"/>
        <input semantic="OUTPUT" source="#mixamorig_RightToeBase-Matrix-animation-output-transform"/>
        <input semantic="INTERPOLATION" source="#mixamorig_RightToeBase-Interpolations"/>
      </sampler>
      <channel source="#mixamorig_RightToeBase-Matrix-animation-transform" target="mixamorig_RightToeBase/matrix"/>
    </animation>
    <animation id="mixamorig_LeftUpLeg-anim" name="mixamorig_LeftUpLeg">
      <source id="mixamorig_LeftUpLeg-Matrix-animation-input">
        <float_array id="mixamorig_LeftUpLeg-Matrix-animation-input-array" count="25">

0.000000 0.033333 0.066667 0.100000 0.133333 0.166667 0.200000 0.233333 0.266667 0.300000 0.333333 0.366667 0.400000 0.433333 0.466667 0.500000
0.533333 0.566667 0.600000 0.633333 0.666667 0.700000 0.733333 0.766667 0.800000</float_array>
        <technique_common>
          <accessor source="#mixamorig_LeftUpLeg-Matrix-animation-input-array" count="25">
            <param name="TIME" type="float"/>
          </accessor>
        </technique_common>
      </source>
      <source id="mixamorig_LeftUpLeg-Matrix-animation-output-transform">
        <float_array id="mixamorig_LeftUpLeg-Matrix-animation-output-transform-array" count="400">

-0.972761 0.177120 0.149548 9.618300 0.048927 -0.473719 0.879316 -5.272300 0.226588 0.862681 0.452149 -1.010900 0.000000 0.000000 0.000000 1.000000
-0.963508 0.175723 0.201924 9.618300 0.072855 -0.553721 0.829509 -5.272300 0.257573 0.813950 0.520713 -1.010900 0.000000 0.000000 0.000000 1.000000
-0.966092 0.136501 0.219164 9.618300 0.087570 -0.625290 0.775464 -5.272300 0.242893 0.768362 0.592134 -1.010900 0.000000 0.000000 0.000000 1.000000
-0.974022 0.077491 0.212782 9.618300 0.108029 -0.666816 0.737351 -5.272300 0.199025 0.741182 0.641122 -1.010900 0.000000 0.000000 0.000000 1.000000
-0.977609 0.038153 0.206941 9.618300 0.123252 -0.693260 0.710070 -5.272300 0.170556 0.719677 0.673035 -1.010900 0.000000 0.000000 0.000000 1.000000
-0.980071 0.016656 0.197949 9.618300 0.129321 -0.702904 0.699430 -5.272300 0.150789 0.711090 0.686741 -1.010900 0.000000 0.000000 0.000000 1.000000
-0.984476 0.002266 0.175507 9.618300 0.119485 -0.723811 0.679574 -5.272300 0.128574 0.689995 0.712304 -1.010900 0.000000 0.000000 0.000000 1.000000
-0.990977 -0.034770 0.129444 9.618300 0.111173 -0.752698 0.648912 -5.272300 0.074870 0.657447 0.749772 -1.010900 0.000000 0.000000 0.000000 1.000000
-0.994306 -0.060887 0.087456 9.618300 0.101356 -0.793762 0.599723 -5.272300 0.032903 0.605173 0.795414 -1.010900 0.000000 0.000000 0.000000 1.000000
-0.995468 -0.039035 0.086717 9.618300 0.086613 -0.748659 0.657273 -5.272300 0.039265 0.661805 0.748647 -1.010900 0.000000 0.000000 0.000000 1.000000
-0.996126 0.009009 0.087478 9.618300 0.058547 -0.674306 0.736128 -5.272300 0.065618 0.738397 0.671166 -1.010900 0.000000 0.000000 0.000000 1.000000
-0.994285 0.064625 0.084974 9.618300 0.025984 -0.625521 0.779774 -5.272300 0.103546 0.777526 0.620267 -1.010900 0.000000 0.000000 0.000000 1.000000
-0.987871 0.140501 0.066106 9.618300 -0.033115 -0.606572 0.794339 -5.272300 0.151704 0.782515 0.603867 -1.010900 0.000000 0.000000 0.000000 1.000000
-0.977354 0.205416 0.050834 9.618300 -0.093188 -0.633469 0.768136 -5.272300 0.189989 0.746003 0.638266 -1.010900 0.000000 0.000000 0.000000 1.000000
-0.964012 0.262445 0.042470 9.618300 -0.161229 -0.704131 0.691524 -5.272300 0.211391 0.659790 0.721104 -1.010900 0.000000 0.000000 0.000000 1.000000
-0.948598 0.306727 0.077978 9.618300 -0.184222 -0.735492 0.652007 -5.272300 0.257340 0.604128 0.754192 -1.010900 0.000000 0.000000 0.000000 1.000000
-0.933247 0.344809 0.100780 9.618300 -0.186305 -0.704425 0.684891 -5.272300 0.307148 0.620397 0.721643 -1.010900 0.000000 0.000000 0.000000 1.000000
-0.941855 0.335036 -0.025697 9.618300 -0.260517 -0.679784 0.685584 -5.272300 0.212227 0.652415 0.727540 -1.010900 0.000000 0.000000 0.000000 1.000000
-0.949552 0.287615 -0.125012 9.618300 -0.289262 -0.649250 0.703421 -5.272300 0.121151 0.704096 0.699693 -1.010900 0.000000 0.000000 0.000000 1.000000
-0.962480 0.237799 -0.130709 9.618300 -0.252153 -0.605803 0.754600 -5.272300 0.100260 0.759246 0.643035 -1.010900 0.000000 0.000000 0.000000 1.000000
-0.974343 0.207566 -0.087020 9.618300 -0.190223 -0.552800 0.811312 -5.272300 0.120296 0.807049 0.578101 -1.010900 0.000000 0.000000 0.000000 1.000000
-0.976203 0.214680 -0.030664 9.618300 -0.136499 -0.498405 0.856131 -5.272300 0.168511 0.839943 0.515848 -1.010900 0.000000 0.000000 0.000000 1.000000
-0.973067 0.229360 0.023134 9.618300 -0.084292 -0.447414 0.890346 -5.272300 0.214560 0.864416 0.454697 -1.010900 0.000000 0.000000 0.000000 1.000000
-0.972732 0.219869 0.073826 9.618300 -0.023006 -0.408206 0.912600 -5.272300 0.230788 0.886017 0.402133 -1.010900 0.000000 0.000000 0.000000 1.000000
-0.972761 0.177120 0.149548 9.618300 0.048926 -0.473722 0.879314 -5.272300 0.226589 0.862679 0.452153 -1.010900 0.000000 0.000000 0.000000 1.000000</float_array>
        <technique_common>
          <accessor source="#mixamorig_LeftUpLeg-Matrix-animation-output-transform-array" count="25" stride="16">
            <param type="float4x4"/>
          </accessor>
        </technique_common>
      </source>
      <source id="mixamorig_LeftUpLeg-Interpolations">
        <Name_array id="mixamorig_LeftUpLeg-Interpolations-array" count="25">
 LINEAR LINEAR LINEAR LINEAR LINEAR LINEAR LINEAR LINEAR LINEAR LINEAR LINEAR
LINEAR LINEAR LINEAR LINEAR LINEAR LINEAR LINEAR LINEAR LINEAR LINEAR LINEAR LINEAR
LINEAR LINEAR</Name_array>
        <technique_common>
          <accessor source="#mixamorig_LeftUpLeg-Interpolations-array" count="25">
            <param type="name"/>
          </accessor>
        </technique_common>
      </source>
      <sampler id="mixamorig_LeftUpLeg-Matrix-animation-transform">
        <input semantic="INPUT" source="#mixamorig_LeftUpLeg-Matrix-animation-input"/>
        <input semantic="OUTPUT" source="#mixamorig_LeftUpLeg-Matrix-animation-output-transform"/>
        <input semantic="INTERPOLATION" source="#mixamorig_LeftUpLeg-Interpolations"/>
      </sampler>
      <channel source="#mixamorig_LeftUpLeg-Matrix-animation-transform" target="mixamorig_LeftUpLeg/matrix"/>
    </animation>
    <animation id="mixamorig_LeftLeg-anim" name="mixamorig_LeftLeg">
      <source id="mixamorig_LeftLeg-Matrix-animation-input">
        <float_array id="mixamorig_LeftLeg-Matrix-animation-input-array" count="25">

0.000000 0.033333 0.066667 0.100000 0.133333 0.166667 0.200000 0.233333 0.266667 0.300000 0.333333 0.366667 0.400000 0.433333 0.466667 0.500000
0.533333 0.566667 0.600000 0.633333 0.666667 0.700000 0.733333 0.766667 0.800000</float_array>
        <technique_common>
          <accessor source="#mixamorig_LeftLeg-Matrix-animation-input-array" count="25">
            <param name="TIME" type="float"/>
          </accessor>
        </technique_common>
      </source>
      <source id="mixamorig_LeftLeg-Matrix-animation-output-transform">
        <float_array id="mixamorig_LeftLeg-Matrix-animation-output-transform-array" count="400">

0.998106 0.025303 0.056077 -0.000000 -0.059827 0.186802 0.980574 43.365002 0.014336 -0.982072 0.187962 -0.000000 0.000000 0.000000 0.000000 1.000000
0.999395 0.028785 0.019499 0.000000 -0.021877 0.084755 0.996162 43.365002 0.027022 -0.995986 0.085333 0.000000 0.000000 0.000000 0.000000 1.000000
0.998686 0.040226 0.031742 0.000000 -0.033803 0.051642 0.998093 43.365002 0.038510 -0.997855 0.052934 -0.000000 0.000000 0.000000 0.000000 1.000000
0.996859 0.058582 0.053296 -0.000000 -0.057618 0.074732 0.995538 43.365002 0.054338 -0.995481 0.077873 0.000000 0.000000 0.000000 0.000000 1.000000
0.995300 0.074567 0.061782 0.000000 -0.071778 0.139835 0.987570 43.365002 0.065001 -0.987363 0.144530 0.000000 0.000000 0.000000 0.000000 1.000000
0.995945 0.072326 0.053508 -0.000000 -0.069515 0.241084 0.968012 43.365002 0.057113 -0.967806 0.245134 0.000000 0.000000 0.000000 0.000000 1.000000
0.994614 0.062999 0.082310 0.000000 -0.100629 0.396468 0.912517 43.365002 0.024855 -0.915885 0.400672 0.000000 0.000000 0.000000 0.000000 1.000000
0.996123 0.027047 0.083716 -0.000000 -0.084418 0.561772 0.822974 43.365002 -0.024770 -0.826850 0.561877 0.000000 0.000000 0.000000 0.000000 1.000000
0.996837 -0.020464 0.076789 0.000000 -0.039146 0.714469 0.698572 43.365002 -0.069159 -0.699368 0.711408 0.000000 0.000000 0.000000 0.000000 1.000000
0.998087 -0.053947 0.030190 0.000000 0.014086 0.673964 0.738630 43.365002 -0.060194 -0.736792 0.673434 0.000000 0.000000 0.000000 0.000000 1.000000
0.998282 -0.056861 0.014109 -0.000000 0.023637 0.611268 0.791071 43.365002 -0.053606 -0.789378 0.611562 0.000000 0.000000 0.000000 0.000000 1.000000
0.998705 -0.050855 0.001650 0.000000 0.028637 0.588608 0.807911 43.365002 -0.042057 -0.806817 0.589302 0.000000 0.000000 0.000000 0.000000 1.000000
0.999783 -0.018082 -0.010320 0.000000 0.019188 0.607821 0.793842 43.365002 -0.008082 -0.793868 0.608036 0.000000 0.000000 0.000000 0.000000 1.000000
0.999312 -0.003072 -0.036962 0.000000 0.029272 0.677302 0.735122 43.365002 0.022776 -0.735698 0.676926 -0.000000 0.000000 0.000000 0.000000 1.000000
0.997408 0.004721 -0.071800 0.000000 0.037934 0.813418 0.580442 43.365002 0.061143 -0.581661 0.811130 0.000000 0.000000 0.000000 0.000000 1.000000
0.989508 -0.005635 -0.144370 0.000000 0.073267 0.880795 0.467795 43.365002 0.124524 -0.473465 0.871966 0.000000 0.000000 0.000000 0.000000 1.000000
0.977522 -0.014660 -0.210323 -0.000000 0.110694 0.884712 0.452804 43.365002 0.179437 -0.465908 0.866448 0.000000 0.000000 0.000000 0.000000 1.000000
0.975172 0.025167 -0.220014 0.000000 0.065774 0.915770 0.396282 43.365002 0.211456 -0.400914 0.891378 0.000000 0.000000 0.000000 0.000000 1.000000
0.976491 0.046788 -0.210420 -0.000000 0.040109 0.919674 0.390629 43.365002 0.211795 -0.389886 0.896176 0.000000 0.000000 0.000000 0.000000 1.000000
0.984459 0.054142 -0.167063 0.000000 0.028732 0.888819 0.457358 43.365002 0.173251 -0.455050 0.873449 0.000000 0.000000 0.000000 0.000000 1.000000
0.995134 0.054820 -0.081868 0.000000 0.006891 0.790157 0.612866 43.365002 0.098286 -0.610448 0.785935 0.000000 0.000000 0.000000 0.000000 1.000000
0.998453 0.052072 0.019508 0.000000 -0.049231 0.664695 0.745491 43.365002 0.025853 -0.745298 0.666230 0.000000 0.000000 0.000000 0.000000 1.000000
0.993958 0.046530 0.099415 0.000000 -0.108946 0.528631 0.841832 43.365002 -0.013383 -0.847576 0.530506 0.000000 0.000000 0.000000 0.000000 1.000000
0.991094 0.041997 0.126368 -0.000000 -0.132720 0.388960 0.911644 43.365002 -0.010866 -0.920297 0.391070 0.000000 0.000000 0.000000 0.000000 1.000000
0.998106 0.025303 0.056077 0.000000 -0.059828 0.186803 0.980574 43.365002 0.014336 -0.982071 0.187963 -0.000000 0.000000 0.000000 0.000000 1.000000</float_array>
        <technique_common>
          <accessor source="#mixamorig_LeftLeg-Matrix-animation-output-transform-array" count="25" stride="16">
            <param type="float4x4"/>
          </accessor>
        </technique_common>
      </source>
      <source id="mixamorig_LeftLeg-Interpolations">
        <Name_array id="mixamorig_LeftLeg-Interpolations-array" count="25">
 LINEAR LINEAR LINEAR LINEAR LINEAR LINEAR LINEAR LINEAR LINEAR LINEAR LINEAR
LINEAR LINEAR LINEAR LINEAR LINEAR LINEAR LINEAR LINEAR LINEAR LINEAR LINEAR LINEAR
LINEAR LINEAR</Name_array>
        <technique_common>
          <accessor source="#mixamorig_LeftLeg-Interpolations-array" count="25">
            <param type="name"/>
          </accessor>
        </technique_common>
      </source>
      <sampler id="mixamorig_LeftLeg-Matrix-animation-transform">
        <input semantic="INPUT" source="#mixamorig_LeftLeg-Matrix-animation-input"/>
        <input semantic="OUTPUT" source="#mixamorig_LeftLeg-Matrix-animation-output-transform"/>
        <input semantic="INTERPOLATION" source="#mixamorig_LeftLeg-Interpolations"/>
      </sampler>
      <channel source="#mixamorig_LeftLeg-Matrix-animation-transform" target="mixamorig_LeftLeg/matrix"/>
    </animation>
    <animation id="mixamorig_LeftFoot-anim" name="mixamorig_LeftFoot">
      <source id="mixamorig_LeftFoot-Matrix-animation-input">
        <float_array id="mixamorig_LeftFoot-Matrix-animation-input-array" count="25">

0.000000 0.033333 0.066667 0.100000 0.133333 0.166667 0.200000 0.233333 0.266667 0.300000 0.333333 0.366667 0.400000 0.433333 0.466667 0.500000
0.533333 0.566667 0.600000 0.633333 0.666667 0.700000 0.733333 0.766667 0.800000</float_array>
        <technique_common>
          <accessor source="#mixamorig_LeftFoot-Matrix-animation-input-array" count="25">
            <param name="TIME" type="float"/>
          </accessor>
        </technique_common>
      </source>
      <source id="mixamorig_LeftFoot-Matrix-animation-output-transform">
        <float_array id="mixamorig_LeftFoot-Matrix-animation-output-transform-array" count="400">

0.987026 -0.008479 -0.160339 0.000000 -0.131254 0.532569 -0.836148 44.493000 0.092481 0.846344 0.524546 -0.000000 0.000000 0.000000 0.000000 1.000000
0.989333 -0.070692 -0.127370 0.000000 -0.070165 0.534998 -0.841934 44.493000 0.127660 0.841890 0.524332 -0.000000 0.000000 0.000000 0.000000 1.000000
0.991552 -0.078069 -0.103582 0.000000 -0.044000 0.548786 -0.834804 44.493000 0.122017 0.832310 0.540715 0.000000 0.000000 0.000000 0.000000 1.000000
0.992127 -0.046329 -0.116354 0.000000 -0.072088 0.548457 -0.833066 44.493000 0.102410 0.834894 0.540799 -0.000000 0.000000 0.000000 0.000000 1.000000
0.993780 -0.037350 -0.104907 0.000000 -0.067938 0.543079 -0.836928 44.493000 0.088232 0.838850 0.537164 0.000000 0.000000 0.000000 0.000000 1.000000
0.996073 -0.060670 -0.064483 -0.000000 -0.022653 0.529434 -0.848049 44.493000 0.085590 0.846179 0.525981 0.000000 0.000000 0.000000 0.000000 1.000000
0.998133 -0.043445 -0.042935 -0.000000 -0.014605 0.512782 -0.858394 44.493000 0.059309 0.857419 0.511190 -0.000000 0.000000 0.000000 0.000000 1.000000
0.997498 -0.025493 -0.065946 -0.000000 -0.045960 0.474970 -0.878801 44.493000 0.053725 0.879633 0.472609 0.000000 0.000000 0.000000 0.000000 1.000000
0.985102 -0.131908 0.110341 0.000000 0.154371 0.395489 -0.905405 44.493000 0.075792 0.908949 0.409960 0.000000 0.000000 0.000000 0.000000 1.000000
0.982247 -0.154521 0.106371 0.000000 0.156118 0.358931 -0.920215 44.493000 0.104013 0.920484 0.376682 0.000000 0.000000 0.000000 0.000000 1.000000
0.988315 -0.135636 0.069548 0.000000 0.117893 0.390979 -0.912818 44.493000 0.096619 0.910351 0.402401 -0.000000 0.000000 0.000000 0.000000 1.000000
0.993114 -0.112285 0.033419 0.000000 0.079632 0.437768 -0.895555 44.493000 0.085928 0.892049 0.443695 0.000000 0.000000 0.000000 0.000000 1.000000
0.995284 -0.096929 -0.003731 0.000000 0.044809 0.493534 -0.868571 44.493000 0.086031 0.864308 0.495550 0.000000 0.000000 0.000000 0.000000 1.000000
0.994437 -0.081946 -0.066179 0.000000 -0.007874 0.568700 -0.822507 44.493000 0.105037 0.818453 0.564892 0.000000 0.000000 0.000000 0.000000 1.000000
0.989890 -0.061642 -0.127744 0.000000 -0.051696 0.681883 -0.729632 44.493000 0.132083 0.728859 0.671802 0.000000 0.000000 0.000000 0.000000 1.000000
0.977830 -0.103586 -0.181987 0.000000 -0.095840 0.551325 -0.828767 44.493000 0.186183 0.827835 0.529175 0.000000 0.000000 0.000000 0.000000 1.000000
0.947085 -0.178839 -0.266545 -0.000000 -0.179312 0.393967 -0.901464 44.493000 0.266227 0.901558 0.341052 0.000000 0.000000 0.000000 0.000000 1.000000
0.925016 -0.248364 -0.287508 -0.000000 -0.143748 0.471698 -0.869964 44.493000 0.351685 0.846059 0.400626 0.000000 0.000000 0.000000 0.000000 1.000000
0.926912 -0.264210 -0.266509 0.000000 -0.082159 0.550067 -0.831069 44.493000 0.366175 0.792224 0.488157 0.000000 0.000000 0.000000 0.000000 1.000000
0.959018 -0.210038 -0.190179 0.000000 -0.028752 0.595590 -0.802774 44.493000 0.281882 0.775343 0.565142 0.000000 0.000000 0.000000 0.000000 1.000000
0.983574 -0.149552 -0.101078 0.000000 0.006097 0.587178 -0.809435 44.493000 0.180403 0.795523 0.578445 0.000000 0.000000 0.000000 0.000000 1.000000
0.993579 -0.109081 -0.030038 0.000000 0.040445 0.590376 -0.806114 44.493000 0.105665 0.799723 0.590997 0.000000 0.000000 0.000000 0.000000 1.000000
0.996335 -0.085377 0.005216 -0.000000 0.055811 0.602678 -0.796030 44.493000 0.064819 0.793404 0.605234 0.000000 0.000000 0.000000 0.000000 1.000000
0.998019 -0.061539 -0.013101 -0.000000 0.027006 0.607053 -0.794202 44.493000 0.056828 0.792275 0.607512 -0.000000 0.000000 0.000000 0.000000 1.000000
0.987026 -0.008479 -0.160339 0.000000 -0.131254 0.532567 -0.836149 44.493000 0.092481 0.846346 0.524544 0.000000 0.000000 0.000000 0.000000 1.000000</float_array>
        <technique_common>
          <accessor source="#mixamorig_LeftFoot-Matrix-animation-output-transform-array" count="25" stride="16">
            <param type="float4x4"/>
          </accessor>
        </technique_common>
      </source>
      <source id="mixamorig_LeftFoot-Interpolations">
        <Name_array id="mixamorig_LeftFoot-Interpolations-array" count="25">
 LINEAR LINEAR LINEAR LINEAR LINEAR LINEAR LINEAR LINEAR LINEAR LINEAR LINEAR
LINEAR LINEAR LINEAR LINEAR LINEAR LINEAR LINEAR LINEAR LINEAR LINEAR LINEAR LINEAR
LINEAR LINEAR</Name_array>
        <technique_common>
          <accessor source="#mixamorig_LeftFoot-Interpolations-array" count="25">
            <param type="name"/>
          </accessor>
        </technique_common>
      </source>
      <sampler id="mixamorig_LeftFoot-Matrix-animation-transform">
        <input semantic="INPUT" source="#mixamorig_LeftFoot-Matrix-animation-input"/>
        <input semantic="OUTPUT" source="#mixamorig_LeftFoot-Matrix-animation-output-transform"/>
        <input semantic="INTERPOLATION" source="#mixamorig_LeftFoot-Interpolations"/>
      </sampler>
      <channel source="#mixamorig_LeftFoot-Matrix-animation-transform" target="mixamorig_LeftFoot/matrix"/>
    </animation>
    <animation id="mixamorig_LeftToeBase-anim" name="mixamorig_LeftToeBase">
      <source id="mixamorig_LeftToeBase-Matrix-animation-input">
        <float_array id="mixamorig_LeftToeBase-Matrix-animation-input-array" count="25">

0.000000 0.033333 0.066667 0.100000 0.133333 0.166667 0.200000 0.233333 0.266667 0.300000 0.333333 0.366667 0.400000 0.433333 0.466667 0.500000
0.533333 0.566667 0.600000 0.633333 0.666667 0.700000 0.733333 0.766667 0.800000</float_array>
        <technique_common>
          <accessor source="#mixamorig_LeftToeBase-Matrix-animation-input-array" count="25">
            <param name="TIME" type="float"/>
          </accessor>
        </technique_common>
      </source>
      <source id="mixamorig_LeftToeBase-Matrix-animation-output-transform">
        <float_array id="mixamorig_LeftToeBase-Matrix-animation-output-transform-array" count="400">

0.986900 -0.043963 -0.155225 0.000000 -0.048652 0.836260 -0.546171 20.000000 0.153820 0.546568 0.823166 0.000000 0.000000 0.000000 0.000000 1.000000
0.991013 -0.022934 -0.131783 0.000000 -0.054042 0.832567 -0.551282 20.000000 0.122361 0.553450 0.823845 0.000000 0.000000 0.000000 0.000000 1.000000
0.986052 -0.043711 -0.160596 0.000000 -0.055282 0.824105 -0.563733 20.000000 0.156989 0.564748 0.810194 -0.000000 0.000000 0.000000 0.000000 1.000000
0.989209 -0.027827 -0.143846 0.000000 -0.059710 0.819995 -0.569247 20.000000 0.133793 0.571693 0.809485 -0.000000 0.000000 0.000000 0.000000 1.000000
0.989296 -0.024827 -0.143797 0.000000 -0.063792 0.812695 -0.579187 20.000000 0.131242 0.582160 0.802412 0.000000 0.000000 0.000000 0.000000 1.000000
0.995704 0.024817 -0.089203 0.000000 -0.072647 0.806698 -0.586481 20.000000 0.057405 0.590442 0.805036 0.000000 0.000000 0.000000 0.000000 1.000000
0.999221 -0.039271 -0.003813 -0.000000 0.028941 0.795185 -0.605676 20.000000 0.026817 0.605094 0.795702 -0.000000 0.000000 0.000000 0.000000 1.000000
0.977079 0.018800 0.212046 -0.000000 0.119755 0.774989 -0.620525 20.000000 -0.175999 0.631695 0.754974 -0.000000 0.000000 0.000000 0.000000 1.000000
0.999890 -0.009585 -0.011289 0.000000 -0.000877 0.722613 -0.691252 20.000000 0.014783 0.691186 0.722526 -0.000000 0.000000 0.000000 0.000000 1.000000
0.990716 -0.014780 -0.135144 -0.000000 -0.080717 0.735949 -0.672208 20.000000 0.109395 0.676875 0.727924 0.000000 0.000000 0.000000 0.000000 1.000000
0.990713 -0.014779 -0.135161 -0.000000 -0.080728 0.735956 -0.672199 20.000000 0.109406 0.676868 0.727928 0.000000 0.000000 0.000000 0.000000 1.000000
0.990712 -0.014778 -0.135175 -0.000000 -0.080737 0.735962 -0.672191 20.000000 0.109417 0.676861 0.727933 -0.000000 0.000000 0.000000 0.000000 1.000000
0.990709 -0.014777 -0.135193 0.000000 -0.080749 0.735969 -0.672182 20.000000 0.109430 0.676854 0.727938 0.000000 0.000000 0.000000 0.000000 1.000000
0.990883 -0.015000 -0.133889 0.000000 -0.079884 0.734831 -0.673530 20.000000 0.108489 0.678085 0.726933 0.000000 0.000000 0.000000 0.000000 1.000000
0.991139 -0.015284 -0.131948 0.000000 -0.078596 0.733321 -0.675325 20.000000 0.107082 0.679711 0.725621 0.000000 0.000000 0.000000 0.000000 1.000000
0.990926 -0.013332 -0.133749 -0.000000 -0.075414 0.768542 -0.635339 20.000000 0.111262 0.639661 0.760562 0.000000 0.000000 0.000000 0.000000 1.000000
0.994642 -0.024678 -0.100386 0.000000 -0.034670 0.835211 -0.548835 20.000000 0.097388 0.549375 0.829881 0.000000 0.000000 0.000000 0.000000 1.000000
0.989978 -0.077574 -0.118006 0.000000 0.007544 0.863474 -0.504337 20.000000 0.141018 0.498392 0.855406 0.000000 0.000000 0.000000 0.000000 1.000000
0.988435 -0.096365 -0.117092 0.000000 0.022311 0.856145 -0.516254 20.000000 0.149996 0.507671 0.848394 0.000000 0.000000 0.000000 0.000000 1.000000
0.987809 -0.105746 -0.114243 0.000000 0.028449 0.844140 -0.535367 20.000000 0.153050 0.525590 0.836858 0.000000 0.000000 0.000000 0.000000 1.000000
0.980543 -0.144764 -0.132584 0.000000 0.053114 0.845860 -0.530754 20.000000 0.188982 0.513385 0.837091 0.000000 0.000000 0.000000 0.000000 1.000000
0.966328 -0.194886 -0.168015 0.000000 0.080404 0.848964 -0.522297 20.000000 0.244427 0.491202 0.836048 0.000000 0.000000 0.000000 0.000000 1.000000
0.950203 -0.237592 -0.201653 0.000000 0.103120 0.850358 -0.516001 20.000000 0.294075 0.469511 0.832514 0.000000 0.000000 0.000000 0.000000 1.000000
0.943758 -0.251130 -0.215066 -0.000000 0.109149 0.850634 -0.514304 20.000000 0.312100 0.461905 0.830203 0.000000 0.000000 0.000000 0.000000 1.000000
0.986900 -0.043964 -0.155225 0.000000 -0.048651 0.836260 -0.546171 20.000000 0.153820 0.546568 0.823166 -0.000000 0.000000 0.000000 0.000000 1.000000</float_array>
        <technique_common>
          <accessor source="#mixamorig_LeftToeBase-Matrix-animation-output-transform-array" count="25" stride="16">
            <param type="float4x4"/>
          </accessor>
        </technique_common>
      </source>
      <source id="mixamorig_LeftToeBase-Interpolations">
        <Name_array id="mixamorig_LeftToeBase-Interpolations-array" count="25">
 LINEAR LINEAR LINEAR LINEAR LINEAR LINEAR LINEAR LINEAR LINEAR LINEAR LINEAR
LINEAR LINEAR LINEAR LINEAR LINEAR LINEAR LINEAR LINEAR LINEAR LINEAR LINEAR LINEAR
LINEAR LINEAR</Name_array>
        <technique_common>
          <accessor source="#mixamorig_LeftToeBase-Interpolations-array" count="25">
            <param type="name"/>
          </accessor>
        </technique_common>
      </source>
      <sampler id="mixamorig_LeftToeBase-Matrix-animation-transform">
        <input semantic="INPUT" source="#mixamorig_LeftToeBase-Matrix-animation-input"/>
        <input semantic="OUTPUT" source="#mixamorig_LeftToeBase-Matrix-animation-output-transform"/>
        <input semantic="INTERPOLATION" source="#mixamorig_LeftToeBase-Interpolations"/>
      </sampler>
      <channel source="#mixamorig_LeftToeBase-Matrix-animation-transform" target="mixamorig_LeftToeBase/matrix"/>
    </animation>
  </library_animations>
  <library_visual_scenes>
    <visual_scene id="RootNode" name="RootNode">
      <node id="mixamorig_Hips" name="mixamorig_Hips" sid="mixamorig_Hips" type="JOINT">
        <matrix sid="matrix">0.888172 -0.170966 -0.426521 0.083761 0.116480 0.981658 -0.150932 92.516457 0.444502 0.084372 0.891795 1.076406 0.000000 0.000000 0.000000 1.000000</matrix>
        <node id="mixamorig_Spine" name="mixamorig_Spine" sid="mixamorig_Spine" type="JOINT">
          <matrix sid="matrix">0.999405 0.023962 -0.024826 -0.038100 -0.025960 0.996164 -0.083565 9.490500 0.022729 0.084160 0.996193 -1.392100 0.000000 0.000000 0.000000 1.000000</matrix>
          <node id="mixamorig_Spine1" name="mixamorig_Spine1" sid="mixamorig_Spine1" type="JOINT">
            <matrix sid="matrix">0.996968 0.056007 -0.054022 0.000000 -0.064803 0.981906 -0.177934 11.190800 0.043079 0.180896 0.982558 -0.000000 0.000000 0.000000 0.000000 1.000000</matrix>
            <node id="mixamorig_Spine2" name="mixamorig_Spine2" sid="mixamorig_Spine2" type="JOINT">
              <matrix sid="matrix">0.996742 0.063152 -0.050167 0.000000 -0.068688 0.990680 -0.117627 12.789500 0.042271 0.120689 0.991790 -0.000000 0.000000 0.000000 0.000000 1.000000</matrix>
              <node id="mixamorig_Neck" name="mixamorig_Neck" sid="mixamorig_Neck" type="JOINT">
                <matrix sid="matrix">0.973522 -0.061005 0.220302 -0.056900 0.051070 0.997417 0.050517 14.235800 -0.222815 -0.037928 0.974123 -2.088100 0.000000 0.000000 0.000000 1.000000</matrix>
                <node id="mixamorig_Head" name="mixamorig_Head" sid="mixamorig_Head" type="JOINT">
                  <matrix sid="matrix">0.941994 0.175211 0.286266 -0.000000 -0.230014 0.958144 0.170451 3.280200 -0.244420 -0.226409 0.942867 0.313300 0.000000 0.000000 0.000000 1.000000</matrix>
                  <node id="mixamorig_HeadTop_End" name="mixamorig_HeadTop_End" sid="mixamorig_HeadTop_End" type="JOINT">
                    <matrix sid="matrix">1.000000 0.000000 -0.000000 -0.000000 -0.000000 1.000000 0.000000 25.653500 0.000000 -0.000000 1.000000 2.450500 0.000000 0.000000 0.000000 1.000000</matrix>
                  </node>
                </node>
              </node>
              <node id="mixamorig_LeftShoulder" name="mixamorig_LeftShoulder" sid="mixamorig_LeftShoulder" type="JOINT">
                <matrix sid="matrix">0.273007 0.904271 -0.328270 6.728800 0.013033 -0.344678 -0.938630 11.756600 -0.961924 0.251975 -0.105885 -2.058500 0.000000 0.000000 0.000000 1.000000</matrix>
                <node id="mixamorig_LeftArm" name="mixamorig_LeftArm" sid="mixamorig_LeftArm" type="JOINT">
                  <matrix sid="matrix">0.860364 -0.504308 -0.073800 0.000000 0.481891 0.852042 -0.204464 14.448800 0.165994 0.140350 0.976088 0.000000 0.000000 0.000000 0.000000 1.000000</matrix>
                  <node id="mixamorig_LeftForeArm" name="mixamorig_LeftForeArm" sid="mixamorig_LeftForeArm" type="JOINT">
                    <matrix sid="matrix">0.491633 -0.797946 0.348682 0.000000 0.839814 0.540337 0.052426 23.160299 -0.230239 0.267053 0.935774 0.000000 0.000000 0.000000 0.000000 1.000000</matrix>
                    <node id="mixamorig_LeftHand" name="mixamorig_LeftHand" sid="mixamorig_LeftHand" type="JOINT">
                      <matrix sid="matrix">0.988323 -0.111408 0.103953 -0.000000 0.110036 0.993749 0.018860 24.071800 -0.105404 -0.007201 0.994403 0.000000 0.000000 0.000000 0.000000 1.000000</matrix>
                      <node id="mixamorig_LeftHandThumb1" name="mixamorig_LeftHandThumb1" sid="mixamorig_LeftHandThumb1" type="JOINT">
                        <matrix sid="matrix">0.638761 -0.344072 0.688185 -1.509000 0.547746 0.831495 -0.092685 4.173400 -0.540332 0.436154 0.719590 1.926500 0.000000 0.000000 0.000000 1.000000</matrix>
                        <node id="mixamorig_LeftHandThumb2" name="mixamorig_LeftHandThumb2" sid="mixamorig_LeftHandThumb2" type="JOINT">
                          <matrix sid="matrix">0.965272 0.176741 -0.192385 0.000000 -0.196940 0.976150 -0.091357 3.870400 0.171650 0.126073 0.977058 0.000000 0.000000 0.000000 0.000000 1.000000</matrix>
                          <node id="mixamorig_LeftHandThumb3" name="mixamorig_LeftHandThumb3" sid="mixamorig_LeftHandThumb3" type="JOINT">
                            <matrix sid="matrix">0.993302 0.110725 -0.033037 0.000000 -0.113663 0.987743 -0.106974 4.710600 0.020787 0.110013 0.993713 0.000000 0.000000 0.000000 0.000000 1.000000</matrix>
                            <node id="mixamorig_LeftHandThumb4" name="mixamorig_LeftHandThumb4" sid="mixamorig_LeftHandThumb4" type="JOINT">
                              <matrix sid="matrix">1.000000 -0.000000 -0.000000 0.000000 -0.000000 1.000000 -0.000000 3.830400 0.000000 -0.000000 1.000000 0.000000 0.000000 0.000000 0.000000 1.000000</matrix>
                            </node>
                          </node>
                        </node>
                      </node>
                      <node id="mixamorig_LeftHandIndex1" name="mixamorig_LeftHandIndex1" sid="mixamorig_LeftHandIndex1" type="JOINT">
                        <matrix sid="matrix">0.991509 -0.068331 0.110642 -2.855500 0.106092 0.917064 -0.384366 14.669400 -0.075202 0.392841 0.916527 0.398800 0.000000 0.000000 0.000000 1.000000</matrix>
                        <node id="mixamorig_LeftHandIndex2" name="mixamorig_LeftHandIndex2" sid="mixamorig_LeftHandIndex2" type="JOINT">
                          <matrix sid="matrix">0.998267 -0.008781 0.058185 0.000000 0.054646 0.505100 -0.861329 3.248600 -0.021826 0.863016 0.504705 0.000000 0.000000 0.000000 0.000000 1.000000</matrix>
                          <node id="mixamorig_LeftHandIndex3" name="mixamorig_LeftHandIndex3" sid="mixamorig_LeftHandIndex3" type="JOINT">
                            <matrix sid="matrix">0.999337 -0.014866 0.033228 -0.000000 0.029980 0.853859 -0.519641 2.659600 -0.020647 0.520293 0.853738 0.000000 0.000000 0.000000 0.000000 1.000000</matrix>
                            <node id="mixamorig_LeftHandIndex4" name="mixamorig_LeftHandIndex4" sid="mixamorig_LeftHandIndex4" type="JOINT">
                              <matrix sid="matrix">1.000000 0.000000 0.000000 -0.000000 -0.000000 1.000000 0.000000 3.633200 0.000000 0.000000 1.000000 0.000000 0.000000 0.000000 0.000000 1.000000</matrix>
                            </node>
                          </node>
                        </node>
                      </node>
                      <node id="mixamorig_LeftHandMiddle1" name="mixamorig_LeftHandMiddle1" sid="mixamorig_LeftHandMiddle1" type="JOINT">
                        <matrix sid="matrix">0.989026 -0.092132 0.115498 0.000000 0.145602 0.740430 -0.656173 14.409800 -0.025063 0.665789 0.745719 0.000000 0.000000 0.000000 0.000000 1.000000</matrix>
                        <node id="mixamorig_LeftHandMiddle2" name="mixamorig_LeftHandMiddle2" sid="mixamorig_LeftHandMiddle2" type="JOINT">
                          <matrix sid="matrix">0.998576 -0.038126 0.037319 -0.000000 0.051430 0.501904 -0.863393 3.259100 0.014187 0.864083 0.503150 -0.000000 0.000000 0.000000 0.000000 1.000000</matrix>
                          <node id="mixamorig_LeftHandMiddle3" name="mixamorig_LeftHandMiddle3" sid="mixamorig_LeftHandMiddle3" type="JOINT">
                            <matrix sid="matrix">0.999671 -0.025347 0.003801 0.000000 0.024167 0.882800 -0.469127 2.639900 0.008536 0.469064 0.883123 0.000000 0.000000 0.000000 0.000000 1.000000</matrix>
                            <node id="mixamorig_LeftHandMiddle4" name="mixamorig_LeftHandMiddle4" sid="mixamorig_LeftHandMiddle4" type="JOINT">
                              <matrix sid="matrix">1.000000 0.000000 -0.000000 -0.000000 0.000000 1.000000 -0.000000 3.673900 -0.000000 0.000000 1.000000 -0.000000 0.000000 0.000000 0.000000 1.000000</matrix>
                            </node>
                          </node>
                        </node>
                      </node>
                      <node id="mixamorig_LeftHandRing1" name="mixamorig_LeftHandRing1" sid="mixamorig_LeftHandRing1" type="JOINT">
                        <matrix sid="matrix">0.992810 -0.116843 -0.026004 3.304900 0.065172 0.709849 -0.701332 13.191500 0.100405 0.694595 0.712360 -0.322000 0.000000 0.000000 0.000000 1.000000</matrix>
                        <node id="mixamorig_LeftHandRing2" name="mixamorig_LeftHandRing2" sid="mixamorig_LeftHandRing2" type="JOINT">
                          <matrix sid="matrix">0.999446 -0.030958 0.012189 0.000000 0.029489 0.654578 -0.755419 2.717600 0.015407 0.755361 0.655128 0.000000 0.000000 0.000000 0.000000 1.000000</matrix>
                          <node id="mixamorig_LeftHandRing3" name="mixamorig_LeftHandRing3" sid="mixamorig_LeftHandRing3" type="JOINT">
                            <matrix sid="matrix">0.999460 -0.029645 0.014167 -0.000000 0.029834 0.638183 -0.769307 2.134500 0.013765 0.769314 0.638723 0.000000 0.000000 0.000000 0.000000 1.000000</matrix>
                            <node id="mixamorig_LeftHandRing4" name="mixamorig_LeftHandRing4" sid="mixamorig_LeftHandRing4" type="JOINT">
                              <matrix sid="matrix">1.000000 0.000000 0.000000 0.000000 -0.000000 1.000000 -0.000000 2.786900 -0.000000 0.000000 1.000000 0.000000 0.000000 0.000000 0.000000 1.000000</matrix>
                            </node>
                          </node>
                        </node>
                      </node>
                      <node id="mixamorig_LeftHandPinky1" name="mixamorig_LeftHandPinky1" sid="mixamorig_LeftHandPinky1" type="JOINT">
                        <matrix sid="matrix">0.992001 -0.125618 -0.012390 5.614200 0.111018 0.914969 -0.387951 11.636400 0.060070 0.383472 0.921597 0.516600 0.000000 0.000000 0.000000 1.000000</matrix>
                        <node id="mixamorig_LeftHandPinky2" name="mixamorig_LeftHandPinky2" sid="mixamorig_LeftHandPinky2" type="JOINT">
                          <matrix sid="matrix">0.999568 -0.027109 0.011332 -0.000000 0.026839 0.685458 -0.727617 1.559400 0.011958 0.727607 0.685890 0.000000 0.000000 0.000000 0.000000 1.000000</matrix>
                          <node id="mixamorig_LeftHandPinky3" name="mixamorig_LeftHandPinky3" sid="mixamorig_LeftHandPinky3" type="JOINT">
                            <matrix sid="matrix">0.999051 -0.042289 0.010457 -0.000000 0.032235 0.556172 -0.830442 1.540600 0.029303 0.829991 0.557007 -0.000000 0.000000 0.000000 0.000000 1.000000</matrix>
                            <node id="mixamorig_LeftHandPinky4" name="mixamorig_LeftHandPinky4" sid="mixamorig_LeftHandPinky4" type="JOINT">
                              <matrix sid="matrix">1.000000 0.000000 0.000000 0.000000 -0.000000 1.000000 0.000000 1.668700 -0.000000 0.000000 1.000000 0.000000 0.000000 0.000000 0.000000 1.000000</matrix>
                            </node>
                          </node>
                        </node>
                      </node>
                    </node>
                  </node>
                </node>
              </node>
              <node id="mixamorig_RightShoulder" name="mixamorig_RightShoulder" sid="mixamorig_RightShoulder" type="JOINT">
                <matrix sid="matrix">0.099920 -0.958950 0.265388 -6.728800 -0.011350 -0.267804 -0.963406 11.756700 0.994931 0.093252 -0.037644 -2.058500 0.000000 0.000000 0.000000 1.000000</matrix>
                <node id="mixamorig_RightArm" name="mixamorig_RightArm" sid="mixamorig_RightArm" type="JOINT">
                  <matrix sid="matrix">0.985084 0.154151 0.076461 -0.000000 -0.089945 0.840108 -0.534910 14.448800 -0.146693 0.520054 0.841442 0.000000 0.000000 0.000000 0.000000 1.000000</matrix>
                  <node id="mixamorig_RightForeArm" name="mixamorig_RightForeArm" sid="mixamorig_RightForeArm" type="JOINT">
                    <matrix sid="matrix">0.225062 0.969019 -0.101733 0.000000 -0.949590 0.241531 0.199854 23.160299 0.218234 0.051625 0.974530 -0.000000 0.000000 0.000000 0.000000 1.000000</matrix>
                    <node id="mixamorig_RightHand" name="mixamorig_RightHand" sid="mixamorig_RightHand" type="JOINT">
                      <matrix sid="matrix">0.766900 -0.117963 0.630833 -0.000000 0.060214 0.991852 0.112271 24.071699 -0.638936 -0.048115 0.767754 0.000000 0.000000 0.000000 0.000000 1.000000</matrix>
                      <node id="mixamorig_RightHandThumb1" name="mixamorig_RightHandThumb1" sid="mixamorig_RightHandThumb1" type="JOINT">
                        <matrix sid="matrix">0.168317 0.403240 -0.899481 1.509000 -0.684488 0.704442 0.187718 4.173400 0.709328 0.584088 0.394583 1.927000 0.000000 0.000000 0.000000 1.000000</matrix>
                        <node id="mixamorig_RightHandThumb2" name="mixamorig_RightHandThumb2" sid="mixamorig_RightHandThumb2" type="JOINT">
                          <matrix sid="matrix">0.966645 -0.168865 0.192566 0.000000 0.187883 0.978501 -0.085066 3.870400 -0.174061 0.118409 0.977590 0.000000 0.000000 0.000000 0.000000 1.000000</matrix>
                          <node id="mixamorig_RightHandThumb3" name="mixamorig_RightHandThumb3" sid="mixamorig_RightHandThumb3" type="JOINT">
                            <matrix sid="matrix">0.834257 -0.546507 0.073117 -0.000000 0.548570 0.809318 -0.209940 4.710300 0.055559 0.215254 0.974976 0.000000 0.000000 0.000000 0.000000 1.000000</matrix>
                            <node id="mixamorig_RightHandThumb4" name="mixamorig_RightHandThumb4" sid="mixamorig_RightHandThumb4" type="JOINT">
                              <matrix sid="matrix">1.000000 0.000000 -0.000000 0.000000 0.000000 1.000000 -0.000000 3.830400 0.000000 0.000000 1.000000 0.000000 0.000000 0.000000 0.000000 1.000000</matrix>
                            </node>
                          </node>
                        </node>
                      </node>
                      <node id="mixamorig_RightHandIndex1" name="mixamorig_RightHandIndex1" sid="mixamorig_RightHandIndex1" type="JOINT">
                        <matrix sid="matrix">0.986236 0.047425 -0.158393 2.855500 -0.133552 0.793268 -0.594045 14.669400 0.097476 0.607023 0.788683 0.399000 0.000000 0.000000 0.000000 1.000000</matrix>
                        <node id="mixamorig_RightHandIndex2" name="mixamorig_RightHandIndex2" sid="mixamorig_RightHandIndex2" type="JOINT">
                          <matrix sid="matrix">0.997469 0.009348 -0.070490 0.000000 -0.069138 0.359191 -0.930699 3.248600 0.016620 0.933217 0.358928 0.000000 0.000000 0.000000 0.000000 1.000000</matrix>
                          <node id="mixamorig_RightHandIndex3" name="mixamorig_RightHandIndex3" sid="mixamorig_RightHandIndex3" type="JOINT">
                            <matrix sid="matrix">0.998454 0.019226 -0.052154 0.000000 -0.055101 0.465791 -0.883178 2.659600 0.007313 0.884686 0.466130 -0.000000 0.000000 0.000000 0.000000 1.000000</matrix>
                            <node id="mixamorig_RightHandIndex4" name="mixamorig_RightHandIndex4" sid="mixamorig_RightHandIndex4" type="JOINT">
                              <matrix sid="matrix">1.000000 0.000000 -0.000000 0.000000 0.000000 1.000000 -0.000000 3.633100 0.000000 -0.000000 1.000000 0.000000 0.000000 0.000000 0.000000 1.000000</matrix>
                            </node>
                          </node>
                        </node>
                      </node>
                      <node id="mixamorig_RightHandMiddle1" name="mixamorig_RightHandMiddle1" sid="mixamorig_RightHandMiddle1" type="JOINT">
                        <matrix sid="matrix">0.999391 0.026674 -0.022486 0.000000 -0.034762 0.706715 -0.706644 14.409800 -0.002958 0.706995 0.707212 -0.000000 0.000000 0.000000 0.000000 1.000000</matrix>
                        <node id="mixamorig_RightHandMiddle2" name="mixamorig_RightHandMiddle2" sid="mixamorig_RightHandMiddle2" type="JOINT">
                          <matrix sid="matrix">0.998054 0.041962 -0.046115 0.000000 -0.058333 0.367262 -0.928286 3.259100 -0.022017 0.929170 0.368996 0.000000 0.000000 0.000000 0.000000 1.000000</matrix>
                          <node id="mixamorig_RightHandMiddle3" name="mixamorig_RightHandMiddle3" sid="mixamorig_RightHandMiddle3" type="JOINT">
                            <matrix sid="matrix">0.999299 0.036308 -0.009134 -0.000000 -0.033368 0.753100 -0.657060 2.639800 -0.016978 0.656904 0.753783 -0.000000 0.000000 0.000000 0.000000 1.000000</matrix>
                            <node id="mixamorig_RightHandMiddle4" name="mixamorig_RightHandMiddle4" sid="mixamorig_RightHandMiddle4" type="JOINT">
                              <matrix sid="matrix">1.000000 -0.000000 -0.000000 0.000000 0.000000 1.000000 -0.000000 3.673900 0.000000 0.000000 1.000000 0.000000 0.000000 0.000000 0.000000 1.000000</matrix>
                            </node>
                          </node>
                        </node>
                      </node>
                      <node id="mixamorig_RightHandRing1" name="mixamorig_RightHandRing1" sid="mixamorig_RightHandRing1" type="JOINT">
                        <matrix sid="matrix">0.995315 0.092208 0.029094 -3.304900 -0.023464 0.522249 -0.852470 13.191500 -0.093798 0.847793 0.521966 -0.322000 0.000000 0.000000 0.000000 1.000000</matrix>
                        <node id="mixamorig_RightHandRing2" name="mixamorig_RightHandRing2" sid="mixamorig_RightHandRing2" type="JOINT">
                          <matrix sid="matrix">0.999422 0.031078 -0.013791 0.000000 -0.031045 0.668701 -0.742883 2.717600 -0.013865 0.742881 0.669279 0.000000 0.000000 0.000000 0.000000 1.000000</matrix>
                          <node id="mixamorig_RightHandRing3" name="mixamorig_RightHandRing3" sid="mixamorig_RightHandRing3" type="JOINT">
                            <matrix sid="matrix">0.999297 0.032615 -0.018494 0.000000 -0.034227 0.592178 -0.805080 2.134500 -0.015306 0.805147 0.592878 0.000000 0.000000 0.000000 0.000000 1.000000</matrix>
                            <node id="mixamorig_RightHandRing4" name="mixamorig_RightHandRing4" sid="mixamorig_RightHandRing4" type="JOINT">
                              <matrix sid="matrix">1.000000 0.000000 -0.000000 0.000000 0.000000 1.000000 -0.000000 2.786800 -0.000000 0.000000 1.000000 0.000000 0.000000 0.000000 0.000000 1.000000</matrix>
                            </node>
                          </node>
                        </node>
                      </node>
                      <node id="mixamorig_RightHandPinky1" name="mixamorig_RightHandPinky1" sid="mixamorig_RightHandPinky1" type="JOINT">
                        <matrix sid="matrix">0.977811 -0.008473 0.209319 -5.922000 0.161023 0.669555 -0.725098 11.636400 -0.134007 0.742714 0.656062 0.517000 0.000000 0.000000 0.000000 1.000000</matrix>
                        <node id="mixamorig_RightHandPinky2" name="mixamorig_RightHandPinky2" sid="mixamorig_RightHandPinky2" type="JOINT">
                          <matrix sid="matrix">0.999536 0.027251 -0.013581 0.000000 -0.028772 0.699404 -0.714148 1.559300 -0.009962 0.714207 0.699863 0.000000 0.000000 0.000000 0.000000 1.000000</matrix>
                          <node id="mixamorig_RightHandPinky3" name="mixamorig_RightHandPinky3" sid="mixamorig_RightHandPinky3" type="JOINT">
                            <matrix sid="matrix">0.999844 0.017561 0.001872 0.000000 -0.015128 0.906317 -0.422327 1.540600 -0.009113 0.422233 0.906442 0.000000 0.000000 0.000000 0.000000 1.000000</matrix>
                            <node id="mixamorig_RightHandPinky4" name="mixamorig_RightHandPinky4" sid="mixamorig_RightHandPinky4" type="JOINT">
                              <matrix sid="matrix">1.000000 0.000000 -0.000000 0.000000 0.000000 1.000000 0.000000 1.668700 0.000000 0.000000 1.000000 0.000000 0.000000 0.000000 0.000000 1.000000</matrix>
                            </node>
                          </node>
                        </node>
                      </node>
                    </node>
                  </node>
                </node>
              </node>
            </node>
          </node>
        </node>
        <node id="mixamorig_RightUpLeg" name="mixamorig_RightUpLeg" sid="mixamorig_RightUpLeg" type="JOINT">
          <matrix sid="matrix">-0.973295 -0.164027 -0.160601 -9.941000 -0.033975 -0.588971 0.807439 -5.272400 -0.227031 0.791333 0.567670 -1.010900 0.000000 0.000000 0.000000 1.000000</matrix>
          <node id="mixamorig_RightLeg" name="mixamorig_RightLeg" sid="mixamorig_RightLeg" type="JOINT">
            <matrix sid="matrix">0.993792 -0.049688 0.099538 -0.000000 -0.066341 0.453544 0.888761 43.364799 -0.089305 -0.889848 0.447432 0.000000 0.000000 0.000000 0.000000 1.000000</matrix>
            <node id="mixamorig_RightFoot" name="mixamorig_RightFoot" sid="mixamorig_RightFoot" type="JOINT">
              <matrix sid="matrix">0.951561 0.287144 -0.109906 0.000000 -0.205326 0.327409 -0.922304 44.493000 -0.228850 0.900195 0.370508 -0.000000 0.000000 0.000000 0.000000 1.000000</matrix>
              <node id="mixamorig_RightToeBase" name="mixamorig_RightToeBase" sid="mixamorig_RightToeBase" type="JOINT">
                <matrix sid="matrix">0.987917 0.021364 0.153501 0.000000 0.077405 0.790059 -0.608124 20.000000 -0.134267 0.612658 0.778860 0.000000 0.000000 0.000000 0.000000 1.000000</matrix>
                <node id="mixamorig_RightToe_End" name="mixamorig_RightToe_End" sid="mixamorig_RightToe_End" type="JOINT">
                  <matrix sid="matrix">1.000000 0.000000 -0.000000 -0.000000 -0.000000 1.000000 0.000000 10.000000 -0.000000 0.000000 1.000000 0.000000 0.000000 0.000000 0.000000 1.000000</matrix>
                </node>
              </node>
            </node>
          </node>
        </node>
        <node id="mixamorig_LeftUpLeg" name="mixamorig_LeftUpLeg" sid="mixamorig_LeftUpLeg" type="JOINT">
          <matrix sid="matrix">-0.972761 0.177120 0.149548 9.618300 0.048927 -0.473719 0.879316 -5.272300 0.226588 0.862681 0.452149 -1.010900 0.000000 0.000000 0.000000 1.000000</matrix>
          <node id="mixamorig_LeftLeg" name="mixamorig_LeftLeg" sid="mixamorig_LeftLeg" type="JOINT">
            <matrix sid="matrix">0.998106 0.025303 0.056077 -0.000000 -0.059827 0.186802 0.980574 43.365002 0.014336 -0.982072 0.187962 -0.000000 0.000000 0.000000 0.000000 1.000000</matrix>
            <node id="mixamorig_LeftFoot" name="mixamorig_LeftFoot" sid="mixamorig_LeftFoot" type="JOINT">
              <matrix sid="matrix">0.987026 -0.008479 -0.160339 0.000000 -0.131254 0.532569 -0.836148 44.493000 0.092481 0.846344 0.524546 -0.000000 0.000000 0.000000 0.000000 1.000000</matrix>
              <node id="mixamorig_LeftToeBase" name="mixamorig_LeftToeBase" sid="mixamorig_LeftToeBase" type="JOINT">
                <matrix sid="matrix">0.986900 -0.043963 -0.155225 0.000000 -0.048652 0.836260 -0.546171 20.000000 0.153820 0.546568 0.823166 0.000000 0.000000 0.000000 0.000000 1.000000</matrix>
                <node id="mixamorig_LeftToe_End" name="mixamorig_LeftToe_End" sid="mixamorig_LeftToe_End" type="JOINT">
                  <matrix sid="matrix">1.000000 0.000000 -0.000000 -0.000000 0.000000 1.000000 0.000000 10.000000 -0.000000 -0.000000 1.000000 0.000000 0.000000 0.000000 0.000000 1.000000</matrix>
                </node>
              </node>
            </node>
          </node>
        </node>
      </node>
    </visual_scene>
  </library_visual_scenes>
  <scene>
    <instance_visual_scene url="#RootNode"/>
  </scene>
</COLLADA>
