<?xml version="1.0" encoding="utf-8"?>
<COLLADA xmlns="http://www.collada.org/2005/11/COLLADASchema" version="1.4.1">
  <asset>
    <contributor>
      <author>Mixamo</author>
      <authoring_tool>COLLADA Mixamo exporter</authoring_tool>
      <comments/>
    </contributor>
    <created>2025-09-01T13:57:31Z</created>
    <modified>2025-09-01T13:57:31Z</modified>
    <revision/>
    <title/>
    <unit meter="0.010000"/>
    <up_axis>Y_UP</up_axis>
  </asset>
  <library_animations>
    <animation id="mixamorig_Hips-anim" name="mixamorig_Hips">
      <source id="mixamorig_Hips-Matrix-animation-input">
        <float_array id="mixamorig_Hips-Matrix-animation-input-array" count="79">

0.000000 0.033333 0.066667 0.100000 0.133333 0.166667 0.200000 0.233333 0.266667 0.300000 0.333333 0.366667 0.400000 0.433333 0.466667 0.500000
0.533333 0.566667 0.600000 0.633333 0.666667 0.700000 0.733333 0.766667 0.800000 0.833333 0.866667 0.900000 0.933333 0.966667 1.000000 1.033333
1.066667 1.100000 1.133333 1.166667 1.200000 1.233333 1.266667 1.300000 1.333333 1.366667 1.400000 1.433333 1.466667 1.500000 1.533333 1.566667
1.600000 1.633333 1.666667 1.700000 1.733333 1.766667 1.800000 1.833333 1.866667 1.900000 1.933333 1.966667 2.000000 2.033333 2.066667 2.100000
2.133333 2.166667 2.200000 2.233333 2.266667 2.300000 2.333333 2.366667 2.400000 2.433333 2.466667 2.500000 2.533333 2.566667 2.600000</float_array>
        <technique_common>
          <accessor source="#mixamorig_Hips-Matrix-animation-input-array" count="79">
            <param name="TIME" type="float"/>
          </accessor>
        </technique_common>
      </source>
      <source id="mixamorig_Hips-Matrix-animation-output-transform">
        <float_array id="mixamorig_Hips-Matrix-animation-output-transform-array" count="1264">

0.582804 -0.119880 -0.803721 -0.076904 -0.016554 0.987102 -0.159236 89.390190 0.812444 0.106108 0.573302 0.341165 0.000000 0.000000 0.000000 1.000000
0.572524 -0.114998 -0.811783 0.445961 -0.020965 0.987738 -0.154710 89.145554 0.819620 0.105594 0.563093 0.074905 0.000000 0.000000 0.000000 1.000000
0.564249 -0.110583 -0.818165 1.233971 -0.022537 0.988557 -0.149155 88.403343 0.825297 0.102600 0.555300 -0.470591 0.000000 0.000000 0.000000 1.000000
0.550146 -0.104797 -0.828466 2.632674 -0.020614 0.990088 -0.138931 86.917618 0.834814 0.093510 0.542533 -1.189343 0.000000 0.000000 0.000000 1.000000
0.555143 -0.094475 -0.826372 3.550708 0.001649 0.993651 -0.112492 85.160583 0.831753 0.061086 0.551774 -1.238984 0.000000 0.000000 0.000000 1.000000
0.611109 -0.046823 -0.790160 3.479332 0.044460 0.998703 -0.024795 84.096016 0.790297 -0.019977 0.612398 -0.305239 0.000000 0.000000 0.000000 1.000000
0.745876 0.055041 -0.663807 3.002318 0.058249 0.987372 0.147321 83.666931 0.663533 -0.148549 0.733251 0.977636 0.000000 0.000000 0.000000 1.000000
0.856867 0.085272 -0.508437 2.356107 0.062278 0.961882 0.266279 83.363487 0.511762 -0.259830 0.818894 2.283875 0.000000 0.000000 0.000000 1.000000
0.913373 0.075911 -0.399984 1.796521 0.073495 0.935578 0.345387 83.472771 0.400435 -0.344864 0.848953 3.687120 0.000000 0.000000 0.000000 1.000000
0.952906 0.052847 -0.298625 1.354609 0.079061 0.907358 0.412857 84.019119 0.292779 -0.417024 0.860449 4.469902 0.000000 0.000000 0.000000 1.000000
0.988964 0.024242 -0.146161 0.800694 0.044136 0.893526 0.446837 84.644440 0.141431 -0.448356 0.882595 4.412457 0.000000 0.000000 0.000000 1.000000
0.999783 -0.015433 0.013966 0.126509 0.007160 0.885037 0.465466 84.980484 -0.019544 -0.465265 0.884956 3.481290 0.000000 0.000000 0.000000 1.000000
0.983635 -0.083008 0.159910 -0.640087 -0.004156 0.876859 0.480730 84.781105 -0.180123 -0.473528 0.862164 1.424486 0.000000 0.000000 0.000000 1.000000
0.947489 -0.115217 0.298310 -1.605207 -0.048705 0.869963 0.490705 84.437767 -0.316056 -0.479467 0.818669 -0.902396 0.000000 0.000000 0.000000 1.000000
0.898483 -0.133181 0.418319 -2.480928 -0.100901 0.864717 0.492020 83.731583 -0.427256 -0.484280 0.763495 -3.756094 0.000000 0.000000 0.000000 1.000000
0.844728 -0.142683 0.515826 -3.374008 -0.151310 0.860818 0.485899 82.338829 -0.513362 -0.488501 0.705568 -7.365113 0.000000 0.000000 0.000000 1.000000
0.787573 -0.150910 0.597457 -4.298094 -0.196731 0.857236 0.475860 80.255943 -0.583974 -0.492313 0.645448 -11.406750 0.000000 0.000000 0.000000 1.000000
0.719784 -0.149862 0.677829 -5.243565 -0.250478 0.854580 0.454921 77.610146 -0.647435 -0.497227 0.577576 -15.705202 0.000000 0.000000 0.000000 1.000000
0.663859 -0.143278 0.734005 -6.571146 -0.294019 0.852441 0.432317 73.098434 -0.687637 -0.502809 0.523774 -21.202724 0.000000 0.000000 0.000000 1.000000
0.634306 -0.131611 0.761797 -8.345235 -0.322211 0.850727 0.415262 68.045509 -0.702734 -0.508863 0.497216 -27.470299 0.000000 0.000000 0.000000 1.000000
0.623292 -0.118745 0.772921 -10.709629 -0.340905 0.848276 0.405231 62.508713 -0.703769 -0.516069 0.488243 -34.131348 0.000000 0.000000 0.000000 1.000000
0.613486 -0.104591 0.782748 -13.547625 -0.361857 0.843779 0.396354 56.565594 -0.701922 -0.526401 0.479800 -41.020477 0.000000 0.000000 0.000000 1.000000
0.603068 -0.088927 0.792717 -16.710230 -0.386735 0.836568 0.388060 50.386387 -0.697671 -0.540598 0.470116 -47.756332 0.000000 0.000000 0.000000 1.000000
0.600924 -0.064919 0.796666 -19.665205 -0.417295 0.824603 0.381961 44.027843 -0.681730 -0.561974 0.468433 -53.384506 0.000000 0.000000 0.000000 1.000000
0.617229 -0.057416 0.784686 -22.562038 -0.472003 0.770909 0.427683 37.279938 -0.629477 -0.634353 0.448727 -58.912582 0.000000 0.000000 0.000000 1.000000
0.639647 -0.061615 0.766195 -25.075586 -0.559761 0.645799 0.519241 30.133812 -0.526801 -0.761017 0.378594 -64.036705 0.000000 0.000000 0.000000 1.000000
0.665550 -0.067088 0.743332 -26.796326 -0.632601 0.477798 0.609529 22.427124 -0.396054 -0.875904 0.275558 -68.127647 0.000000 0.000000 0.000000 1.000000
0.695007 -0.072991 0.715288 -27.061852 -0.666232 0.308715 0.678845 19.392677 -0.270370 -0.948350 0.165931 -71.734108 0.000000 0.000000 0.000000 1.000000
0.724324 -0.083117 0.684432 -27.345043 -0.664149 0.182397 0.725009 18.494226 -0.185099 -0.979706 0.076912 -75.529526 0.000000 0.000000 0.000000 1.000000
0.754051 -0.100744 0.649044 -27.280657 -0.644057 0.080413 0.760739 17.782141 -0.128832 -0.991657 -0.004250 -79.118134 0.000000 0.000000 0.000000 1.000000
0.784414 -0.123435 0.607831 -27.035046 -0.613063 -0.005670 0.790014 17.394365 -0.094069 -0.992336 -0.080121 -81.761993 0.000000 0.000000 0.000000 1.000000
0.813743 -0.149746 0.561604 -26.769342 -0.575920 -0.077490 0.813825 17.422430 -0.078348 -0.985683 -0.149299 -84.661514 0.000000 0.000000 0.000000 1.000000
0.841194 -0.176299 0.511187 -26.471672 -0.535315 -0.138016 0.833300 17.601574 -0.076358 -0.974613 -0.210473 -87.570923 0.000000 0.000000 0.000000 1.000000
0.865741 -0.200429 0.458607 -26.098551 -0.493490 -0.189112 0.848943 18.016785 -0.083425 -0.961283 -0.262631 -90.287811 0.000000 0.000000 0.000000 1.000000
0.887102 -0.218724 0.406460 -25.623487 -0.451929 -0.232512 0.861219 18.391026 -0.093863 -0.947680 -0.305109 -92.629425 0.000000 0.000000 0.000000 1.000000
0.905878 -0.233821 0.353148 -25.108912 -0.409153 -0.267640 0.872332 18.921455 -0.109453 -0.934717 -0.338118 -94.700218 0.000000 0.000000 0.000000 1.000000
0.921651 -0.250380 0.296427 -24.662844 -0.364079 -0.293840 0.883801 19.576666 -0.134184 -0.922479 -0.361976 -96.384888 0.000000 0.000000 0.000000 1.000000
0.933374 -0.268274 0.238415 -24.436523 -0.318337 -0.312033 0.895152 20.370796 -0.165752 -0.911408 -0.376645 -97.659698 0.000000 0.000000 0.000000 1.000000
0.940750 -0.286888 0.180786 -24.489140 -0.272697 -0.323158 0.906204 20.987648 -0.201557 -0.901811 -0.382245 -98.870659 0.000000 0.000000 0.000000 1.000000
0.944311 -0.304438 0.124879 -24.769255 -0.227070 -0.328223 0.916902 21.322437 -0.238151 -0.894197 -0.379073 -99.718620 0.000000 0.000000 0.000000 1.000000
0.944562 -0.320192 0.072664 -25.215981 -0.182378 -0.327633 0.927035 21.286739 -0.273023 -0.888894 -0.367866 -100.285751 0.000000 0.000000 0.000000 1.000000
0.942541 -0.333073 0.026046 -25.674021 -0.139563 -0.321705 0.936498 20.948780 -0.303543 -0.886323 -0.349705 -100.551010 0.000000 0.000000 0.000000 1.000000
0.939960 -0.341225 -0.006444 -26.150341 -0.101930 -0.298702 0.948887 19.813215 -0.325709 -0.891259 -0.315549 -100.558960 0.000000 0.000000 0.000000 1.000000
0.938189 -0.345538 -0.020107 -26.423681 -0.074593 -0.258575 0.963107 18.430695 -0.337989 -0.902077 -0.268367 -100.408768 0.000000 0.000000 0.000000 1.000000
0.937888 -0.346406 -0.019210 -26.621181 -0.056339 -0.206706 0.976780 16.932589 -0.342333 -0.915028 -0.213383 -99.987671 0.000000 0.000000 0.000000 1.000000
0.940359 -0.339869 -0.014600 -26.752253 -0.037426 -0.146018 0.988574 15.504039 -0.338118 -0.929068 -0.150029 -99.364182 0.000000 0.000000 0.000000 1.000000
0.944031 -0.329744 -0.008586 -26.813061 -0.019576 -0.081990 0.996441 14.268494 -0.329274 -0.940503 -0.083856 -98.465500 0.000000 0.000000 0.000000 1.000000
0.947325 -0.320264 -0.002672 -26.965052 -0.004213 -0.020803 0.999775 13.433999 -0.320247 -0.947100 -0.021057 -98.049675 0.000000 0.000000 0.000000 1.000000
0.950320 -0.311268 0.001851 -27.338430 0.008251 0.031133 0.999481 13.636095 -0.311164 -0.949812 0.032155 -97.776436 0.000000 0.000000 0.000000 1.000000
0.953038 -0.302824 0.004081 -27.880951 0.015111 0.061006 0.998023 14.133459 -0.302474 -0.951092 0.062717 -97.687210 0.000000 0.000000 0.000000 1.000000
0.955352 -0.295449 0.003605 -28.366322 0.019636 0.075660 0.996940 14.587338 -0.294817 -0.952358 0.078083 -97.651306 0.000000 0.000000 0.000000 1.000000
0.957203 -0.289413 0.001335 -28.714836 0.022315 0.078401 0.996672 14.955479 -0.288554 -0.953988 0.081504 -97.719528 0.000000 0.000000 0.000000 1.000000
0.958782 -0.284140 -0.000834 -28.994818 0.022706 0.073691 0.997023 15.216314 -0.283233 -0.955947 0.077105 -97.527527 0.000000 0.000000 0.000000 1.000000
0.959303 -0.282374 -0.001795 -29.315907 0.022281 0.069354 0.997343 15.388914 -0.281500 -0.956794 0.072823 -96.988495 0.000000 0.000000 0.000000 1.000000
0.957891 -0.287132 0.000135 -29.609194 0.019515 0.065571 0.997657 15.472265 -0.286468 -0.955644 0.068414 -96.091072 0.000000 0.000000 0.000000 1.000000
0.953545 -0.301203 0.005363 -29.767059 0.014286 0.062994 0.997912 15.507492 -0.300912 -0.951477 0.064371 -95.208237 0.000000 0.000000 0.000000 1.000000
0.946858 -0.321223 0.016624 -29.783943 0.003322 0.061446 0.998105 15.559505 -0.321636 -0.945008 0.059247 -94.496826 0.000000 0.000000 0.000000 1.000000
0.940049 -0.339080 0.036508 -29.630598 -0.017082 0.060101 0.998046 15.601692 -0.340612 -0.938836 0.050706 -94.335503 0.000000 0.000000 0.000000 1.000000
0.936370 -0.346731 0.054661 -29.376326 -0.036364 0.059063 0.997592 15.603405 -0.349125 -0.936103 0.042697 -94.482414 0.000000 0.000000 0.000000 1.000000
0.935781 -0.346298 0.066264 -29.121918 -0.049038 0.058282 0.997095 15.573750 -0.349154 -0.936312 0.037557 -94.801292 0.000000 0.000000 0.000000 1.000000
0.935312 -0.345325 0.077087 -28.988300 -0.060815 0.057727 0.996478 15.525850 -0.348559 -0.936706 0.032992 -95.029243 0.000000 0.000000 0.000000 1.000000
0.935261 -0.343901 0.083778 -28.922926 -0.068110 0.057412 0.996025 15.472316 -0.347344 -0.937249 0.030272 -95.237190 0.000000 0.000000 0.000000 1.000000
0.935202 -0.342234 0.090957 -28.855972 -0.075727 0.057632 0.995462 15.420706 -0.345923 -0.937846 0.027981 -95.415710 0.000000 0.000000 0.000000 1.000000
0.935023 -0.340409 0.099268 -28.794348 -0.084374 0.058320 0.994726 15.370780 -0.344403 -0.938467 0.025809 -95.571732 0.000000 0.000000 0.000000 1.000000
0.934856 -0.338580 0.106807 -28.757805 -0.092075 0.059328 0.993983 15.308430 -0.342879 -0.939066 0.024288 -95.700478 0.000000 0.000000 0.000000 1.000000
0.934998 -0.336943 0.110671 -28.768417 -0.095619 0.061000 0.993547 15.246411 -0.341519 -0.939547 0.024817 -95.801819 0.000000 0.000000 0.000000 1.000000
0.935407 -0.335696 0.110999 -28.828524 -0.095145 0.063368 0.993444 15.195030 -0.340529 -0.939836 0.027335 -95.868690 0.000000 0.000000 0.000000 1.000000
0.936178 -0.334972 0.106603 -28.921345 -0.089586 0.065896 0.993797 15.162744 -0.339919 -0.939921 0.031682 -95.905548 0.000000 0.000000 0.000000 1.000000
0.936475 -0.335478 0.102321 -29.029387 -0.084134 0.068348 0.994108 15.150579 -0.340494 -0.939565 0.035781 -95.791397 0.000000 0.000000 0.000000 1.000000
0.936508 -0.336416 0.098879 -29.127846 -0.079670 0.070467 0.994327 15.152222 -0.341476 -0.939073 0.039191 -95.630936 0.000000 0.000000 0.000000 1.000000
0.936343 -0.337603 0.096364 -29.227621 -0.076394 0.071980 0.994476 15.162636 -0.342674 -0.938533 0.041608 -95.460114 0.000000 0.000000 0.000000 1.000000
0.936173 -0.338849 0.093601 -29.326780 -0.073173 0.072600 0.994673 15.182639 -0.343840 -0.938035 0.043172 -95.313148 0.000000 0.000000 0.000000 1.000000
0.935985 -0.340048 0.091106 -29.419724 -0.070663 0.072052 0.994895 15.208618 -0.344876 -0.937644 0.043411 -95.183784 0.000000 0.000000 0.000000 1.000000
0.935616 -0.341454 0.089617 -29.498095 -0.069581 0.070506 0.995082 15.231946 -0.346093 -0.937250 0.042207 -95.097504 0.000000 0.000000 0.000000 1.000000
0.934946 -0.342764 0.091589 -29.522186 -0.072401 0.068393 0.995028 15.247746 -0.347323 -0.936929 0.039127 -95.041519 0.000000 0.000000 0.000000 1.000000
0.934201 -0.343718 0.095535 -29.479296 -0.077414 0.066097 0.994806 15.266809 -0.348247 -0.936744 0.035139 -95.048378 0.000000 0.000000 0.000000 1.000000
0.933295 -0.344425 0.101645 -29.369413 -0.084672 0.064010 0.994351 15.286292 -0.348985 -0.936629 0.030577 -95.099770 0.000000 0.000000 0.000000 1.000000
0.932403 -0.344935 0.107911 -29.259455 -0.091894 0.062504 0.993805 15.301091 -0.349543 -0.936543 0.026581 -95.184830 0.000000 0.000000 0.000000 1.000000
0.931673 -0.345119 0.113483 -29.205906 -0.098032 0.061960 0.993253 15.305994 -0.349822 -0.936512 0.023894 -95.247398 0.000000 0.000000 0.000000 1.000000</float_array>
        <technique_common>
          <accessor source="#mixamorig_Hips-Matrix-animation-output-transform-array" count="79" stride="16">
            <param type="float4x4"/>
          </accessor>
        </technique_common>
      </source>
      <source id="mixamorig_Hips-Interpolations">
        <Name_array id="mixamorig_Hips-Interpolations-array" count="79">
 LINEAR LINEAR LINEAR LINEAR LINEAR LINEAR LINEAR LINEAR LINEAR LINEAR LINEAR
LINEAR LINEAR LINEAR LINEAR LINEAR LINEAR LINEAR LINEAR LINEAR LINEAR LINEAR LINEAR
LINEAR LINEAR LINEAR LINEAR LINEAR LINEAR LINEAR LINEAR LINEAR LINEAR LINEAR LINEAR
LINEAR LINEAR LINEAR LINEAR LINEAR LINEAR LINEAR LINEAR LINEAR LINEAR LINEAR LINEAR
LINEAR LINEAR LINEAR LINEAR LINEAR LINEAR LINEAR LINEAR LINEAR LINEAR LINEAR LINEAR
LINEAR LINEAR LINEAR LINEAR LINEAR LINEAR LINEAR LINEAR LINEAR LINEAR LINEAR LINEAR
LINEAR LINEAR LINEAR LINEAR LINEAR LINEAR LINEAR LINEAR</Name_array>
        <technique_common>
          <accessor source="#mixamorig_Hips-Interpolations-array" count="79">
            <param type="name"/>
          </accessor>
        </technique_common>
      </source>
      <sampler id="mixamorig_Hips-Matrix-animation-transform">
        <input semantic="INPUT" source="#mixamorig_Hips-Matrix-animation-input"/>
        <input semantic="OUTPUT" source="#mixamorig_Hips-Matrix-animation-output-transform"/>
        <input semantic="INTERPOLATION" source="#mixamorig_Hips-Interpolations"/>
      </sampler>
      <channel source="#mixamorig_Hips-Matrix-animation-transform" target="mixamorig_Hips/matrix"/>
    </animation>
    <animation id="mixamorig_Spine-anim" name="mixamorig_Spine">
      <source id="mixamorig_Spine-Matrix-animation-input">
        <float_array id="mixamorig_Spine-Matrix-animation-input-array" count="79">

0.000000 0.033333 0.066667 0.100000 0.133333 0.166667 0.200000 0.233333 0.266667 0.300000 0.333333 0.366667 0.400000 0.433333 0.466667 0.500000
0.533333 0.566667 0.600000 0.633333 0.666667 0.700000 0.733333 0.766667 0.800000 0.833333 0.866667 0.900000 0.933333 0.966667 1.000000 1.033333
1.066667 1.100000 1.133333 1.166667 1.200000 1.233333 1.266667 1.300000 1.333333 1.366667 1.400000 1.433333 1.466667 1.500000 1.533333 1.566667
1.600000 1.633333 1.666667 1.700000 1.733333 1.766667 1.800000 1.833333 1.866667 1.900000 1.933333 1.966667 2.000000 2.033333 2.066667 2.100000
2.133333 2.166667 2.200000 2.233333 2.266667 2.300000 2.333333 2.366667 2.400000 2.433333 2.466667 2.500000 2.533333 2.566667 2.600000</float_array>
        <technique_common>
          <accessor source="#mixamorig_Spine-Matrix-animation-input-array" count="79">
            <param name="TIME" type="float"/>
          </accessor>
        </technique_common>
      </source>
      <source id="mixamorig_Spine-Matrix-animation-output-transform">
        <float_array id="mixamorig_Spine-Matrix-animation-output-transform-array" count="1264">

0.996737 0.039043 0.070653 -0.038100 -0.040306 0.999051 0.016535 9.490500 -0.069941 -0.019329 0.997364 -1.392100 0.000000 0.000000 0.000000 1.000000
0.997145 0.036804 0.065927 -0.038100 -0.038118 0.999097 0.018782 9.490500 -0.065176 -0.021241 0.997648 -1.392100 0.000000 0.000000 0.000000 1.000000
0.998088 0.030785 0.053601 -0.038100 -0.032148 0.999177 0.024746 9.490500 -0.052796 -0.026422 0.998256 -1.392100 0.000000 0.000000 0.000000 1.000000
0.999099 0.021858 0.036368 -0.038100 -0.023069 0.999182 0.033226 9.490500 -0.035612 -0.034035 0.998786 -1.392100 0.000000 0.000000 0.000000 1.000000
0.999798 0.010730 0.017000 -0.038100 -0.011454 0.999007 0.043062 9.490500 -0.016521 -0.043248 0.998928 -1.392100 0.000000 0.000000 0.000000 1.000000
0.999996 -0.002433 -0.001357 -0.038100 0.002501 0.998579 0.053228 9.490500 0.001226 -0.053232 0.998581 -1.392100 0.000000 0.000000 0.000000 1.000000
0.999725 -0.017275 -0.015887 -0.038100 0.018242 0.997855 0.062872 9.490500 0.014767 -0.063145 0.997895 -1.392100 0.000000 0.000000 0.000000 1.000000
0.999090 -0.036391 -0.022230 -0.038100 0.037998 0.996328 0.076728 9.490500 0.019356 -0.077503 0.996804 -1.392100 0.000000 0.000000 0.000000 1.000000
0.998552 -0.050108 -0.019569 -0.038100 0.051786 0.993876 0.097619 9.490500 0.014557 -0.098491 0.995031 -1.392100 0.000000 0.000000 0.000000 1.000000
0.998054 -0.060671 -0.014422 -0.038100 0.061964 0.990879 0.119661 9.490500 0.007031 -0.120322 0.992710 -1.392100 0.000000 0.000000 0.000000 1.000000
0.997866 -0.064827 -0.007823 -0.038100 0.065281 0.987753 0.141712 9.490500 -0.001459 -0.141920 0.989877 -1.392100 0.000000 0.000000 0.000000 1.000000
0.998518 -0.054416 -0.000579 -0.038100 0.053795 0.985411 0.161463 9.490500 -0.008215 -0.161255 0.986879 -1.392100 0.000000 0.000000 0.000000 1.000000
0.999489 -0.031084 0.007506 -0.038100 0.029194 0.982774 0.182491 9.490500 -0.013049 -0.182179 0.983179 -1.392100 0.000000 0.000000 0.000000 1.000000
0.999835 -0.011073 0.014393 -0.038100 0.008052 0.980739 0.195159 9.490500 -0.016277 -0.195011 0.980666 -1.392100 0.000000 0.000000 0.000000 1.000000
0.999781 0.006070 0.020005 -0.038100 -0.009957 0.979669 0.200372 9.490500 -0.018382 -0.200527 0.979516 -1.392100 0.000000 0.000000 0.000000 1.000000
0.999609 0.016985 0.022190 -0.038100 -0.021106 0.979339 0.201122 9.490500 -0.018316 -0.201512 0.979315 -1.392100 0.000000 0.000000 0.000000 1.000000
0.999539 0.021440 0.021474 -0.038100 -0.025232 0.980348 0.195654 9.490500 -0.016857 -0.196106 0.980438 -1.392100 0.000000 0.000000 0.000000 1.000000
0.999597 0.020007 0.020149 -0.038100 -0.023427 0.982068 0.187065 9.490500 -0.016045 -0.187461 0.982141 -1.392100 0.000000 0.000000 0.000000 1.000000
0.999719 0.014502 0.018750 -0.038100 -0.017665 0.983244 0.181438 9.490500 -0.015805 -0.181718 0.983224 -1.392100 0.000000 0.000000 0.000000 1.000000
0.999840 0.005012 0.017196 -0.038100 -0.007904 0.984983 0.172468 9.490500 -0.016073 -0.172577 0.984865 -1.392100 0.000000 0.000000 0.000000 1.000000
0.999868 -0.007232 0.014530 -0.038100 0.004828 0.987241 0.159162 9.490500 -0.015496 -0.159071 0.987145 -1.392100 0.000000 0.000000 0.000000 1.000000
0.999773 -0.018149 0.011145 -0.038100 0.016370 0.989585 0.143014 9.490500 -0.013625 -0.142799 0.989658 -1.392100 0.000000 0.000000 0.000000 1.000000
0.999665 -0.024646 0.007955 -0.038100 0.023410 0.991319 0.129374 9.490500 -0.011075 -0.129145 0.991564 -1.392100 0.000000 0.000000 0.000000 1.000000
0.999504 -0.031031 0.005302 -0.038100 0.030207 0.992788 0.116018 9.490500 -0.008864 -0.115801 0.993233 -1.392100 0.000000 0.000000 0.000000 1.000000
0.999239 -0.038712 0.004870 -0.038100 0.038053 0.994499 0.097590 9.490500 -0.008621 -0.097331 0.995215 -1.392100 0.000000 0.000000 0.000000 1.000000
0.998897 -0.046620 -0.005603 -0.038100 0.046911 0.996012 0.075894 9.490500 0.002043 -0.076073 0.997100 -1.392100 0.000000 0.000000 0.000000 1.000000
0.998417 -0.053229 -0.018193 -0.038100 0.054128 0.997123 0.053072 9.490500 0.015316 -0.053973 0.998425 -1.392100 0.000000 0.000000 0.000000 1.000000
0.998120 -0.055906 -0.025100 -0.038100 0.056408 0.998212 0.019750 9.490500 0.023951 -0.021128 0.999490 -1.392100 0.000000 0.000000 0.000000 1.000000
0.997930 -0.057084 -0.029619 -0.038100 0.058109 0.997697 0.034983 9.490500 0.027554 -0.036632 0.998949 -1.392100 0.000000 0.000000 0.000000 1.000000
0.997895 -0.055753 -0.033118 -0.038100 0.057790 0.996267 0.064131 9.490500 0.029419 -0.065910 0.997392 -1.392100 0.000000 0.000000 0.000000 1.000000
0.998071 -0.051634 -0.034482 -0.038100 0.054219 0.995416 0.078789 9.490500 0.030256 -0.080507 0.996295 -1.392100 0.000000 0.000000 0.000000 1.000000
0.998630 -0.044757 -0.027119 -0.038100 0.046745 0.995878 0.077725 9.490500 0.023528 -0.078886 0.996606 -1.392100 0.000000 0.000000 0.000000 1.000000
0.999234 -0.036927 -0.012928 -0.038100 0.037668 0.997319 0.062744 9.490500 0.010577 -0.063183 0.997946 -1.392100 0.000000 0.000000 0.000000 1.000000
0.999402 -0.034581 0.000228 -0.038100 0.034530 0.998247 0.048062 9.490500 -0.001890 -0.048026 0.998844 -1.392100 0.000000 0.000000 0.000000 1.000000
0.998970 -0.045130 0.004670 -0.038100 0.044909 0.998200 0.039758 9.490500 -0.006456 -0.039507 0.999198 -1.392100 0.000000 0.000000 0.000000 1.000000
0.999006 -0.044111 -0.006386 -0.038100 0.044290 0.998526 0.031376 9.490500 0.004993 -0.031628 0.999487 -1.392100 0.000000 0.000000 0.000000 1.000000
0.999149 -0.035160 -0.021546 -0.038100 0.035858 0.998815 0.032906 9.490500 0.020363 -0.033651 0.999226 -1.392100 0.000000 0.000000 0.000000 1.000000
0.999317 -0.024051 -0.028055 -0.038100 0.025022 0.999082 0.034768 9.490500 0.027193 -0.035447 0.999002 -1.392100 0.000000 0.000000 0.000000 1.000000
0.999426 -0.012223 -0.031597 -0.038100 0.013334 0.999291 0.035215 9.490500 0.031144 -0.035616 0.998880 -1.392100 0.000000 0.000000 0.000000 1.000000
0.999397 -0.002077 -0.034660 -0.038100 0.003468 0.999189 0.040125 9.490500 0.034548 -0.040221 0.998593 -1.392100 0.000000 0.000000 0.000000 1.000000
0.999375 0.000770 -0.035353 -0.038100 0.000880 0.998911 0.046652 9.490500 0.035351 -0.046654 0.998285 -1.392100 0.000000 0.000000 0.000000 1.000000
0.999391 0.002059 -0.034836 -0.038100 -0.000184 0.998555 0.053740 9.490500 0.034896 -0.053700 0.997947 -1.392100 0.000000 0.000000 0.000000 1.000000
0.999417 0.003042 -0.034019 -0.038100 -0.000922 0.998064 0.062189 9.490500 0.034142 -0.062121 0.997484 -1.392100 0.000000 0.000000 0.000000 1.000000
0.999441 0.003927 -0.033215 -0.038100 -0.001638 0.997638 0.068665 9.490500 0.033406 -0.068572 0.997087 -1.392100 0.000000 0.000000 0.000000 1.000000
0.999453 0.005027 -0.032685 -0.038100 -0.002335 0.996638 0.081892 9.490500 0.032987 -0.081771 0.996105 -1.392100 0.000000 0.000000 0.000000 1.000000
0.999493 0.006506 -0.031179 -0.038100 -0.003420 0.995178 0.098028 9.490500 0.031666 -0.097871 0.994695 -1.392100 0.000000 0.000000 0.000000 1.000000
0.999669 0.006987 -0.024744 -0.038100 -0.004099 0.993370 0.114891 9.490500 0.025383 -0.114752 0.993070 -1.392100 0.000000 0.000000 0.000000 1.000000
0.999842 0.005867 -0.016785 -0.038100 -0.003628 0.991453 0.130413 9.490500 0.017407 -0.130331 0.991318 -1.392100 0.000000 0.000000 0.000000 1.000000
0.999948 0.002811 -0.009759 -0.038100 -0.001386 0.989713 0.143064 9.490500 0.010061 -0.143043 0.989665 -1.392100 0.000000 0.000000 0.000000 1.000000
0.999989 -0.001916 -0.004301 -0.038100 0.002554 0.988111 0.153719 9.490500 0.003956 -0.153728 0.988105 -1.392100 0.000000 0.000000 0.000000 1.000000
0.999969 -0.007884 0.000765 -0.038100 0.007659 0.986993 0.160579 9.490500 -0.002021 -0.160568 0.987023 -1.392100 0.000000 0.000000 0.000000 1.000000
0.999859 -0.015851 0.005493 -0.038100 0.014737 0.986372 0.163866 9.490500 -0.008016 -0.163762 0.986467 -1.392100 0.000000 0.000000 0.000000 1.000000
0.999674 -0.023997 0.008687 -0.038100 0.022228 0.985938 0.165630 9.490500 -0.012539 -0.165383 0.986150 -1.392100 0.000000 0.000000 0.000000 1.000000
0.999607 -0.025724 0.011176 -0.038100 0.023510 0.985802 0.166257 9.490500 -0.015294 -0.165929 0.986019 -1.392100 0.000000 0.000000 0.000000 1.000000
0.999754 -0.017895 0.013074 -0.038100 0.015476 0.985986 0.166111 9.490500 -0.015863 -0.165868 0.986020 -1.392100 0.000000 0.000000 0.000000 1.000000
0.999871 -0.008010 0.013887 -0.038100 0.005607 0.986248 0.165180 9.490500 -0.015019 -0.165081 0.986166 -1.392100 0.000000 0.000000 0.000000 1.000000
0.999887 0.004695 0.014283 -0.038100 -0.006968 0.986511 0.163550 9.490500 -0.013323 -0.163631 0.986432 -1.392100 0.000000 0.000000 0.000000 1.000000
0.999821 0.014787 0.011789 -0.038100 -0.016498 0.986731 0.161526 9.490500 -0.009244 -0.161691 0.986798 -1.392100 0.000000 0.000000 0.000000 1.000000
0.999838 0.016001 0.008252 -0.038100 -0.017112 0.987080 0.159313 9.490500 -0.005596 -0.159429 0.987194 -1.392100 0.000000 0.000000 0.000000 1.000000
0.999877 0.015078 0.004429 -0.038100 -0.015587 0.987484 0.156950 9.490500 -0.002007 -0.157000 0.987597 -1.392100 0.000000 0.000000 0.000000 1.000000
0.999900 0.014154 0.000536 -0.038100 -0.014067 0.987881 0.154575 9.490500 0.001659 -0.154567 0.987981 -1.392100 0.000000 0.000000 0.000000 1.000000
0.999909 0.013176 -0.003044 -0.038100 -0.012563 0.988406 0.151313 9.490500 0.005002 -0.151261 0.988481 -1.392100 0.000000 0.000000 0.000000 1.000000
0.999909 0.012202 -0.005830 -0.038100 -0.011210 0.989018 0.147371 9.490500 0.007564 -0.147292 0.989064 -1.392100 0.000000 0.000000 0.000000 1.000000
0.999917 0.011130 -0.006507 -0.038100 -0.010073 0.989450 0.144523 9.490500 0.008047 -0.144445 0.989480 -1.392100 0.000000 0.000000 0.000000 1.000000
0.999926 0.010049 -0.006795 -0.038100 -0.008965 0.989522 0.144105 9.490500 0.008172 -0.144034 0.989539 -1.392100 0.000000 0.000000 0.000000 1.000000
0.999936 0.009033 -0.006854 -0.038100 -0.007950 0.989502 0.144304 9.490500 0.008086 -0.144240 0.989510 -1.392100 0.000000 0.000000 0.000000 1.000000
0.999944 0.008218 -0.006639 -0.038100 -0.007171 0.989456 0.144659 9.490500 0.007757 -0.144604 0.989459 -1.392100 0.000000 0.000000 0.000000 1.000000
0.999955 0.007777 -0.005462 -0.038100 -0.006902 0.989390 0.145117 9.490500 0.006533 -0.145073 0.989399 -1.392100 0.000000 0.000000 0.000000 1.000000
0.999955 0.008380 -0.004338 -0.038100 -0.007659 0.989307 0.145646 9.490500 0.005512 -0.145607 0.989327 -1.392100 0.000000 0.000000 0.000000 1.000000
0.999954 0.009065 -0.003285 -0.038100 -0.008487 0.989220 0.146188 9.490500 0.004575 -0.146153 0.989251 -1.392100 0.000000 0.000000 0.000000 1.000000
0.999950 0.009824 -0.001950 -0.038100 -0.009431 0.989138 0.146689 9.490500 0.003369 -0.146663 0.989181 -1.392100 0.000000 0.000000 0.000000 1.000000
0.999948 0.010161 -0.001113 -0.038100 -0.009887 0.989071 0.147110 9.490500 0.002596 -0.147091 0.989120 -1.392100 0.000000 0.000000 0.000000 1.000000
0.999945 0.010513 -0.000522 -0.038100 -0.010321 0.989005 0.147523 9.490500 0.002067 -0.147509 0.989058 -1.392100 0.000000 0.000000 0.000000 1.000000
0.999943 0.010705 -0.000047 -0.038100 -0.010581 0.989012 0.147459 9.490500 0.001625 -0.147450 0.989068 -1.392100 0.000000 0.000000 0.000000 1.000000
0.999934 0.011503 -0.000263 -0.038100 -0.011339 0.989077 0.146960 9.490500 0.001951 -0.146947 0.989142 -1.392100 0.000000 0.000000 0.000000 1.000000
0.999925 0.012189 -0.000972 -0.038100 -0.011915 0.989130 0.146563 9.490500 0.002747 -0.146541 0.989201 -1.392100 0.000000 0.000000 0.000000 1.000000
0.999921 0.012439 -0.001859 -0.038100 -0.012033 0.989187 0.146163 9.490500 0.003657 -0.146129 0.989259 -1.392100 0.000000 0.000000 0.000000 1.000000
0.999915 0.012732 -0.002929 -0.038100 -0.012168 0.989231 0.145859 9.490500 0.004754 -0.145810 0.989301 -1.392100 0.000000 0.000000 0.000000 1.000000
0.999917 0.012310 -0.003818 -0.038100 -0.011622 0.989249 0.145777 9.490500 0.005572 -0.145720 0.989310 -1.392100 0.000000 0.000000 0.000000 1.000000</float_array>
        <technique_common>
          <accessor source="#mixamorig_Spine-Matrix-animation-output-transform-array" count="79" stride="16">
            <param type="float4x4"/>
          </accessor>
        </technique_common>
      </source>
      <source id="mixamorig_Spine-Interpolations">
        <Name_array id="mixamorig_Spine-Interpolations-array" count="79">
 LINEAR LINEAR LINEAR LINEAR LINEAR LINEAR LINEAR LINEAR LINEAR LINEAR LINEAR
LINEAR LINEAR LINEAR LINEAR LINEAR LINEAR LINEAR LINEAR LINEAR LINEAR LINEAR LINEAR
LINEAR LINEAR LINEAR LINEAR LINEAR LINEAR LINEAR LINEAR LINEAR LINEAR LINEAR LINEAR
LINEAR LINEAR LINEAR LINEAR LINEAR LINEAR LINEAR LINEAR LINEAR LINEAR LINEAR LINEAR
LINEAR LINEAR LINEAR LINEAR LINEAR LINEAR LINEAR LINEAR LINEAR LINEAR LINEAR LINEAR
LINEAR LINEAR LINEAR LINEAR LINEAR LINEAR LINEAR LINEAR LINEAR LINEAR LINEAR LINEAR
LINEAR LINEAR LINEAR LINEAR LINEAR LINEAR LINEAR LINEAR</Name_array>
        <technique_common>
          <accessor source="#mixamorig_Spine-Interpolations-array" count="79">
            <param type="name"/>
          </accessor>
        </technique_common>
      </source>
      <sampler id="mixamorig_Spine-Matrix-animation-transform">
        <input semantic="INPUT" source="#mixamorig_Spine-Matrix-animation-input"/>
        <input semantic="OUTPUT" source="#mixamorig_Spine-Matrix-animation-output-transform"/>
        <input semantic="INTERPOLATION" source="#mixamorig_Spine-Interpolations"/>
      </sampler>
      <channel source="#mixamorig_Spine-Matrix-animation-transform" target="mixamorig_Spine/matrix"/>
    </animation>
    <animation id="mixamorig_Spine1-anim" name="mixamorig_Spine1">
      <source id="mixamorig_Spine1-Matrix-animation-input">
        <float_array id="mixamorig_Spine1-Matrix-animation-input-array" count="79">

0.000000 0.033333 0.066667 0.100000 0.133333 0.166667 0.200000 0.233333 0.266667 0.300000 0.333333 0.366667 0.400000 0.433333 0.466667 0.500000
0.533333 0.566667 0.600000 0.633333 0.666667 0.700000 0.733333 0.766667 0.800000 0.833333 0.866667 0.900000 0.933333 0.966667 1.000000 1.033333
1.066667 1.100000 1.133333 1.166667 1.200000 1.233333 1.266667 1.300000 1.333333 1.366667 1.400000 1.433333 1.466667 1.500000 1.533333 1.566667
1.600000 1.633333 1.666667 1.700000 1.733333 1.766667 1.800000 1.833333 1.866667 1.900000 1.933333 1.966667 2.000000 2.033333 2.066667 2.100000
2.133333 2.166667 2.200000 2.233333 2.266667 2.300000 2.333333 2.366667 2.400000 2.433333 2.466667 2.500000 2.533333 2.566667 2.600000</float_array>
        <technique_common>
          <accessor source="#mixamorig_Spine1-Matrix-animation-input-array" count="79">
            <param name="TIME" type="float"/>
          </accessor>
        </technique_common>
      </source>
      <source id="mixamorig_Spine1-Matrix-animation-output-transform">
        <float_array id="mixamorig_Spine1-Matrix-animation-output-transform-array" count="1264">

0.998871 -0.043724 0.018561 0.000000 0.044116 0.998800 -0.021271 11.190800 -0.017609 0.022065 0.999601 0.000000 0.000000 0.000000 0.000000 1.000000
0.999067 -0.039912 0.016480 -0.000000 0.040424 0.998669 -0.032036 11.190800 -0.015179 0.032672 0.999351 0.000000 0.000000 0.000000 0.000000 1.000000
0.999457 -0.031174 0.010683 0.000000 0.031750 0.997762 -0.058854 11.190800 -0.008825 0.059161 0.998209 0.000000 0.000000 0.000000 0.000000 1.000000
0.999766 -0.021559 0.001842 0.000000 0.021637 0.995386 -0.093482 11.190800 0.000181 0.093500 0.995619 -0.000000 0.000000 0.000000 0.000000 1.000000
0.999842 -0.015117 -0.009363 0.000000 0.013798 0.991703 -0.127805 11.190800 0.011218 0.127655 0.991755 -0.000000 0.000000 0.000000 0.000000 1.000000
0.999626 -0.015894 -0.022253 0.000000 0.012281 0.987992 -0.154017 11.190800 0.024434 0.153686 0.987818 0.000000 0.000000 0.000000 0.000000 1.000000
0.998956 -0.027929 -0.036140 0.000000 0.021611 0.986106 -0.164703 11.190800 0.040238 0.163750 0.985681 0.000000 0.000000 0.000000 0.000000 1.000000
0.996637 -0.066270 -0.048188 0.000000 0.059087 0.988714 -0.137672 11.190800 0.056767 0.134362 0.989305 0.000000 0.000000 0.000000 0.000000 1.000000
0.994772 -0.092876 -0.042456 -0.000000 0.088442 0.991396 -0.096496 11.190800 0.051053 0.092237 0.994427 0.000000 0.000000 0.000000 0.000000 1.000000
0.992875 -0.114610 -0.032627 -0.000000 0.112803 0.992220 -0.052674 11.190800 0.038410 0.048618 0.998079 0.000000 0.000000 0.000000 0.000000 1.000000
0.992149 -0.123501 -0.019684 -0.000000 0.123368 0.992330 -0.007820 11.190800 0.020499 0.005330 0.999776 0.000000 0.000000 0.000000 0.000000 1.000000
0.994814 -0.101626 -0.004145 -0.000000 0.101707 0.994266 0.033026 11.190800 0.000765 -0.033277 0.999446 0.000000 0.000000 0.000000 0.000000 1.000000
0.998404 -0.055046 0.012644 0.000000 0.053934 0.995659 0.075852 11.190800 -0.016765 -0.075049 0.997039 0.000000 0.000000 0.000000 0.000000 1.000000
0.999514 -0.013619 0.028058 0.000000 0.010709 0.994791 0.101368 11.190800 -0.029293 -0.101019 0.994453 0.000000 0.000000 0.000000 0.000000 1.000000
0.998921 0.022266 0.040759 -0.000000 -0.026694 0.993403 0.111522 11.190800 -0.038007 -0.112489 0.992926 -0.000000 0.000000 0.000000 0.000000 1.000000
0.997900 0.045337 0.046257 0.000000 -0.050309 0.992356 0.112688 11.190800 -0.040795 -0.114778 0.992553 0.000000 0.000000 0.000000 0.000000 1.000000
0.997485 0.055032 0.044664 0.000000 -0.059332 0.993066 0.101488 11.190800 -0.038769 -0.103882 0.993834 0.000000 0.000000 0.000000 0.000000 1.000000
0.997743 0.052747 0.041558 -0.000000 -0.056096 0.994881 0.084053 11.190800 -0.036912 -0.086195 0.995594 0.000000 0.000000 0.000000 0.000000 1.000000
0.998438 0.041352 0.037579 0.000000 -0.044011 0.996367 0.072911 11.190800 -0.034427 -0.074451 0.996630 0.000000 0.000000 0.000000 0.000000 1.000000
0.999285 0.019116 0.032616 0.000000 -0.020895 0.998263 0.055082 11.190800 -0.031507 -0.055724 0.997949 -0.000000 0.000000 0.000000 0.000000 1.000000
0.999587 -0.012380 0.025945 0.000000 0.011640 0.999526 0.028484 11.190800 -0.026285 -0.028170 0.999258 0.000000 0.000000 0.000000 0.000000 1.000000
0.998877 -0.042989 0.019931 0.000000 0.043076 0.999064 -0.003957 11.190800 -0.019743 0.004811 0.999794 0.000000 0.000000 0.000000 0.000000 1.000000
0.997538 -0.067876 0.017613 0.000000 0.068404 0.997165 -0.031364 11.190800 -0.015434 0.032492 0.999353 0.000000 0.000000 0.000000 0.000000 1.000000
0.995804 -0.089679 0.018241 0.000000 0.090598 0.994193 -0.058066 11.190800 -0.012928 0.059475 0.998146 0.000000 0.000000 0.000000 0.000000 1.000000
0.993397 -0.112030 0.024713 0.000000 0.113884 0.988990 -0.094493 11.190800 -0.013855 0.096683 0.995219 0.000000 0.000000 0.000000 0.000000 1.000000
0.991240 -0.131696 0.010015 0.000000 0.131808 0.981549 -0.138522 11.190800 0.008413 0.138629 0.990309 0.000000 0.000000 0.000000 0.000000 1.000000
0.989213 -0.146117 -0.010389 0.000000 0.141245 0.970222 -0.196770 11.190800 0.038831 0.193180 0.980395 0.000000 0.000000 0.000000 0.000000 1.000000
0.988931 -0.145874 -0.027116 0.000000 0.134412 0.958184 -0.252622 11.190800 0.062833 0.246181 0.967185 0.000000 0.000000 0.000000 0.000000 1.000000
0.989489 -0.138671 -0.040999 0.000000 0.126255 0.966702 -0.222589 11.190800 0.070500 0.215074 0.974050 -0.000000 0.000000 0.000000 0.000000 1.000000
0.990482 -0.127856 -0.050970 0.000000 0.117925 0.979251 -0.164808 11.190800 0.070984 0.157229 0.985008 0.000000 0.000000 0.000000 0.000000 1.000000
0.992094 -0.112426 -0.055762 -0.000000 0.104102 0.985413 -0.134624 11.190800 0.070083 0.127755 0.989327 0.000000 0.000000 0.000000 0.000000 1.000000
0.994554 -0.095570 -0.041573 0.000000 0.089102 0.986624 -0.136503 11.190800 0.054063 0.132056 0.989767 -0.000000 0.000000 0.000000 0.000000 1.000000
0.996821 -0.078688 -0.012499 0.000000 0.075554 0.983359 -0.165215 11.190800 0.025291 0.163746 0.986178 -0.000000 0.000000 0.000000 0.000000 1.000000
0.997167 -0.073708 0.015004 -0.000000 0.075219 0.978238 -0.193374 11.190800 -0.000425 0.193954 0.981010 -0.000000 0.000000 0.000000 0.000000 1.000000
0.995261 -0.094074 0.024617 0.000000 0.097148 0.972964 -0.209529 11.190800 -0.004240 0.210927 0.977493 0.000000 0.000000 0.000000 0.000000 1.000000
0.995697 -0.092652 0.001566 0.000000 0.090600 0.969821 -0.226358 11.190800 0.019453 0.225526 0.974043 0.000000 0.000000 0.000000 0.000000 1.000000
0.996754 -0.074400 -0.030772 0.000000 0.065460 0.971395 -0.228270 11.190800 0.046875 0.225515 0.973111 0.000000 0.000000 0.000000 0.000000 1.000000
0.997607 -0.052012 -0.045549 -0.000000 0.040539 0.973738 -0.224031 11.190800 0.056005 0.221649 0.973517 0.000000 0.000000 0.000000 0.000000 1.000000
0.998149 -0.029029 -0.053448 -0.000000 0.016633 0.975535 -0.219215 11.190800 0.058504 0.217920 0.974212 0.000000 0.000000 0.000000 0.000000 1.000000
0.998135 -0.008542 -0.060438 0.000000 -0.004304 0.977844 -0.209289 11.190800 0.060887 0.209159 0.975984 0.000000 0.000000 0.000000 0.000000 1.000000
0.998080 -0.002016 -0.061905 -0.000000 -0.010200 0.980476 -0.196375 11.190800 0.061093 0.196630 0.978573 0.000000 0.000000 0.000000 0.000000 1.000000
0.998144 0.002066 -0.060866 0.000000 -0.013155 0.983144 -0.182361 11.190800 0.059463 0.182823 0.981346 0.000000 0.000000 0.000000 0.000000 1.000000
0.998259 0.004728 -0.058789 0.000000 -0.014427 0.986076 -0.165667 11.190800 0.057187 0.166227 0.984428 0.000000 0.000000 0.000000 0.000000 1.000000
0.998391 0.006993 -0.056270 0.000000 -0.015530 0.988144 -0.152740 11.190800 0.054534 0.153368 0.986663 0.000000 0.000000 0.000000 0.000000 1.000000
0.998489 0.009836 -0.054061 0.000000 -0.016615 0.991840 -0.126402 11.190800 0.052377 0.127110 0.990505 0.000000 0.000000 0.000000 0.000000 1.000000
0.998647 0.014454 -0.049946 -0.000000 -0.019115 0.995376 -0.094133 11.190800 0.048355 0.094960 0.994306 0.000000 0.000000 0.000000 0.000000 1.000000
0.999151 0.017500 -0.037293 -0.000000 -0.019735 0.997977 -0.060429 11.190800 0.036160 0.061114 0.997476 0.000000 0.000000 0.000000 0.000000 1.000000
0.999629 0.015593 -0.022332 0.000000 -0.016247 0.999435 -0.029432 11.190800 0.021861 0.029784 0.999317 0.000000 0.000000 0.000000 0.000000 1.000000
0.999914 0.007589 -0.010730 0.000000 -0.007637 0.999961 -0.004437 11.190800 0.010696 0.004518 0.999933 0.000000 0.000000 0.000000 0.000000 1.000000
0.999988 -0.002461 -0.004168 0.000000 0.002527 0.999872 0.015819 11.190800 0.004129 -0.015830 0.999866 0.000000 0.000000 0.000000 0.000000 1.000000
0.999910 -0.013389 -0.000091 0.000000 0.013385 0.999423 0.031220 11.190800 -0.000327 -0.031218 0.999513 0.000000 0.000000 0.000000 0.000000 1.000000
0.999624 -0.027311 0.002333 -0.000000 0.027204 0.998917 0.037734 11.190800 -0.003361 -0.037656 0.999285 0.000000 0.000000 0.000000 0.000000 1.000000
0.999210 -0.039516 0.004173 0.000000 0.039291 0.998236 0.044514 11.190800 -0.005925 -0.044315 0.999000 0.000000 0.000000 0.000000 0.000000 1.000000
0.999030 -0.043671 0.005595 -0.000000 0.043337 0.997806 0.050060 11.190800 -0.007769 -0.049769 0.998731 0.000000 0.000000 0.000000 0.000000 1.000000
0.999309 -0.036566 0.006630 0.000000 0.036186 0.998073 0.050400 11.190800 -0.008460 -0.050125 0.998707 0.000000 0.000000 0.000000 0.000000 1.000000
0.999788 -0.019293 0.007227 0.000000 0.018941 0.998763 0.045965 11.190800 -0.008105 -0.045818 0.998917 0.000000 0.000000 0.000000 0.000000 1.000000
0.999970 -0.003454 0.006920 -0.000000 0.003179 0.999220 0.039358 11.190800 -0.007051 -0.039334 0.999201 -0.000000 0.000000 0.000000 0.000000 1.000000
0.999941 0.009323 0.005514 0.000000 -0.009495 0.999440 0.032080 11.190800 -0.005212 -0.032130 0.999470 0.000000 0.000000 0.000000 0.000000 1.000000
0.999929 0.011739 0.002179 0.000000 -0.011792 0.999596 0.025862 11.190800 -0.001874 -0.025886 0.999663 -0.000000 0.000000 0.000000 0.000000 1.000000
0.999945 0.010177 -0.002339 -0.000000 -0.010130 0.999765 0.019188 11.190800 0.002534 -0.019163 0.999813 0.000000 0.000000 0.000000 0.000000 1.000000
0.999935 0.008820 -0.007215 -0.000000 -0.008731 0.999886 0.012314 11.190800 0.007322 -0.012251 0.999898 0.000000 0.000000 0.000000 0.000000 1.000000
0.999902 0.007531 -0.011793 -0.000000 -0.007460 0.999954 0.006006 11.190800 0.011838 -0.005918 0.999912 0.000000 0.000000 0.000000 0.000000 1.000000
0.999862 0.006258 -0.015418 0.000000 -0.006243 0.999980 0.001033 11.190800 0.015424 -0.000936 0.999881 0.000000 0.000000 0.000000 0.000000 1.000000
0.999835 0.004956 -0.017502 0.000000 -0.004989 0.999986 -0.001837 11.190800 0.017493 0.001924 0.999845 0.000000 0.000000 0.000000 0.000000 1.000000
0.999828 0.003610 -0.018216 0.000000 -0.003650 0.999991 -0.002193 11.190800 0.018208 0.002259 0.999832 0.000000 0.000000 0.000000 0.000000 1.000000
0.999835 0.002213 -0.018003 0.000000 -0.002246 0.999996 -0.001800 11.190800 0.017999 0.001840 0.999836 0.000000 0.000000 0.000000 0.000000 1.000000
0.999851 0.000777 -0.017271 -0.000000 -0.000796 0.999999 -0.001084 11.190800 0.017270 0.001097 0.999850 0.000000 0.000000 0.000000 0.000000 1.000000
0.999891 -0.000147 -0.014754 0.000000 0.000145 1.000000 -0.000140 11.190800 0.014754 0.000138 0.999891 0.000000 0.000000 0.000000 0.000000 1.000000
0.999923 0.000975 -0.012360 0.000000 -0.000964 0.999999 0.000960 11.190800 0.012361 -0.000948 0.999923 -0.000000 0.000000 0.000000 0.000000 1.000000
0.999946 0.002287 -0.010146 -0.000000 -0.002266 0.999995 0.002084 11.190800 0.010151 -0.002061 0.999946 0.000000 0.000000 0.000000 0.000000 1.000000
0.999966 0.003760 -0.007405 -0.000000 -0.003737 0.999988 0.003126 11.190800 0.007417 -0.003098 0.999968 0.000000 0.000000 0.000000 0.000000 1.000000
0.999974 0.004404 -0.005684 0.000000 -0.004382 0.999982 0.003993 11.190800 0.005701 -0.003968 0.999976 0.000000 0.000000 0.000000 0.000000 1.000000
0.999977 0.005084 -0.004506 0.000000 -0.005062 0.999975 0.004837 11.190800 0.004530 -0.004815 0.999978 0.000000 0.000000 0.000000 0.000000 1.000000
0.999979 0.005390 -0.003606 -0.000000 -0.005373 0.999974 0.004710 11.190800 0.003632 -0.004691 0.999982 0.000000 0.000000 0.000000 0.000000 1.000000
0.999967 0.006959 -0.004165 -0.000000 -0.006943 0.999969 0.003703 11.190800 0.004190 -0.003674 0.999984 0.000000 0.000000 0.000000 0.000000 1.000000
0.999949 0.008303 -0.005757 0.000000 -0.008287 0.999961 0.002928 11.190800 0.005781 -0.002880 0.999979 0.000000 0.000000 0.000000 0.000000 1.000000
0.999931 0.008848 -0.007735 0.000000 -0.008832 0.999959 0.002155 11.190800 0.007754 -0.002086 0.999968 0.000000 0.000000 0.000000 0.000000 1.000000
0.999905 0.009395 -0.010068 0.000000 -0.009380 0.999955 0.001574 11.190800 0.010082 -0.001480 0.999948 0.000000 0.000000 0.000000 0.000000 1.000000
0.999892 0.008544 -0.011989 0.000000 -0.008528 0.999963 0.001344 11.190800 0.012000 -0.001241 0.999927 -0.000000 0.000000 0.000000 0.000000 1.000000</float_array>
        <technique_common>
          <accessor source="#mixamorig_Spine1-Matrix-animation-output-transform-array" count="79" stride="16">
            <param type="float4x4"/>
          </accessor>
        </technique_common>
      </source>
      <source id="mixamorig_Spine1-Interpolations">
        <Name_array id="mixamorig_Spine1-Interpolations-array" count="79">
 LINEAR LINEAR LINEAR LINEAR LINEAR LINEAR LINEAR LINEAR LINEAR LINEAR LINEAR
LINEAR LINEAR LINEAR LINEAR LINEAR LINEAR LINEAR LINEAR LINEAR LINEAR LINEAR LINEAR
LINEAR LINEAR LINEAR LINEAR LINEAR LINEAR LINEAR LINEAR LINEAR LINEAR LINEAR LINEAR
LINEAR LINEAR LINEAR LINEAR LINEAR LINEAR LINEAR LINEAR LINEAR LINEAR LINEAR LINEAR
LINEAR LINEAR LINEAR LINEAR LINEAR LINEAR LINEAR LINEAR LINEAR LINEAR LINEAR LINEAR
LINEAR LINEAR LINEAR LINEAR LINEAR LINEAR LINEAR LINEAR LINEAR LINEAR LINEAR LINEAR
LINEAR LINEAR LINEAR LINEAR LINEAR LINEAR LINEAR LINEAR</Name_array>
        <technique_common>
          <accessor source="#mixamorig_Spine1-Interpolations-array" count="79">
            <param type="name"/>
          </accessor>
        </technique_common>
      </source>
      <sampler id="mixamorig_Spine1-Matrix-animation-transform">
        <input semantic="INPUT" source="#mixamorig_Spine1-Matrix-animation-input"/>
        <input semantic="OUTPUT" source="#mixamorig_Spine1-Matrix-animation-output-transform"/>
        <input semantic="INTERPOLATION" source="#mixamorig_Spine1-Interpolations"/>
      </sampler>
      <channel source="#mixamorig_Spine1-Matrix-animation-transform" target="mixamorig_Spine1/matrix"/>
    </animation>
    <animation id="mixamorig_Spine2-anim" name="mixamorig_Spine2">
      <source id="mixamorig_Spine2-Matrix-animation-input">
        <float_array id="mixamorig_Spine2-Matrix-animation-input-array" count="79">

0.000000 0.033333 0.066667 0.100000 0.133333 0.166667 0.200000 0.233333 0.266667 0.300000 0.333333 0.366667 0.400000 0.433333 0.466667 0.500000
0.533333 0.566667 0.600000 0.633333 0.666667 0.700000 0.733333 0.766667 0.800000 0.833333 0.866667 0.900000 0.933333 0.966667 1.000000 1.033333
1.066667 1.100000 1.133333 1.166667 1.200000 1.233333 1.266667 1.300000 1.333333 1.366667 1.400000 1.433333 1.466667 1.500000 1.533333 1.566667
1.600000 1.633333 1.666667 1.700000 1.733333 1.766667 1.800000 1.833333 1.866667 1.900000 1.933333 1.966667 2.000000 2.033333 2.066667 2.100000
2.133333 2.166667 2.200000 2.233333 2.266667 2.300000 2.333333 2.366667 2.400000 2.433333 2.466667 2.500000 2.533333 2.566667 2.600000</float_array>
        <technique_common>
          <accessor source="#mixamorig_Spine2-Matrix-animation-input-array" count="79">
            <param name="TIME" type="float"/>
          </accessor>
        </technique_common>
      </source>
      <source id="mixamorig_Spine2-Matrix-animation-output-transform">
        <float_array id="mixamorig_Spine2-Matrix-animation-output-transform-array" count="1264">

0.999651 -0.014397 0.022146 -0.000000 0.017536 0.988713 -0.148790 12.789500 -0.019754 0.149126 0.988621 0.000000 0.000000 0.000000 0.000000 1.000000
0.999731 -0.012315 0.019660 0.000000 0.015313 0.986921 -0.160475 12.789500 -0.017427 0.160733 0.986844 0.000000 0.000000 0.000000 0.000000 1.000000
0.999883 -0.008059 0.012981 0.000000 0.010375 0.981810 -0.189583 12.789500 -0.011217 0.189696 0.981779 -0.000000 0.000000 0.000000 0.000000 1.000000
0.999984 -0.004618 0.003281 -0.000000 0.005242 0.973839 -0.227179 12.789500 -0.002146 0.227192 0.973848 0.000000 0.000000 0.000000 0.000000 1.000000
0.999953 -0.004972 -0.008268 -0.000000 0.002608 0.964367 -0.264554 12.789500 0.009289 0.264520 0.964335 0.000000 0.000000 0.000000 0.000000 1.000000
0.999717 -0.012097 -0.020491 -0.000000 0.005553 0.955957 -0.293453 12.789500 0.023139 0.293256 0.955754 0.000000 0.000000 0.000000 0.000000 1.000000
0.999061 -0.028961 -0.032210 0.000000 0.017724 0.951841 -0.306079 12.789500 0.039523 0.305221 0.951461 0.000000 0.000000 0.000000 0.000000 1.000000
0.996895 -0.068654 -0.038565 0.000000 0.055187 0.958491 -0.279732 12.789500 0.056168 0.276735 0.959303 0.000000 0.000000 0.000000 0.000000 1.000000
0.995134 -0.094153 -0.029032 0.000000 0.084529 0.967235 -0.239396 12.789500 0.050620 0.235777 0.970488 0.000000 0.000000 0.000000 0.000000 1.000000
0.993322 -0.114237 -0.016151 0.000000 0.108884 0.974506 -0.196170 12.789500 0.038149 0.193101 0.980437 -0.000000 0.000000 0.000000 0.000000 1.000000
0.992631 -0.121158 -0.002055 -0.000000 0.119445 0.981166 -0.151812 12.789500 0.020410 0.150448 0.988407 0.000000 0.000000 0.000000 0.000000 1.000000
0.995208 -0.097250 0.010143 0.000000 0.097774 0.988924 -0.111668 12.789500 0.000829 0.112125 0.993694 0.000000 0.000000 0.000000 0.000000 1.000000
0.998613 -0.048712 0.019993 -0.000000 0.049992 0.996330 -0.069474 12.789500 -0.016536 0.070377 0.997383 0.000000 0.000000 0.000000 0.000000 1.000000
0.999558 -0.005483 0.029232 -0.000000 0.006769 0.999005 -0.044080 12.789500 -0.028961 0.044258 0.998600 -0.000000 0.000000 0.000000 0.000000 1.000000
0.998822 0.031862 0.036591 -0.000000 -0.030628 0.998959 -0.033813 12.789500 -0.037630 0.032653 0.998758 -0.000000 0.000000 0.000000 0.000000 1.000000
0.997710 0.055483 0.038682 -0.000000 -0.054239 0.997999 -0.032496 12.789500 -0.040408 0.030323 0.998723 0.000000 0.000000 0.000000 0.000000 1.000000
0.997257 0.064842 0.035700 -0.000000 -0.063265 0.997041 -0.043676 12.789500 -0.038426 0.041298 0.998408 -0.000000 0.000000 0.000000 0.000000 1.000000
0.997524 0.062131 0.032959 0.000000 -0.060035 0.996319 -0.061190 12.789500 -0.036640 0.059060 0.997582 0.000000 0.000000 0.000000 0.000000 1.000000
0.998264 0.050283 0.030674 0.000000 -0.047954 0.996219 -0.072437 12.789500 -0.034200 0.070840 0.996901 0.000000 0.000000 0.000000 0.000000 1.000000
0.999200 0.027566 0.028990 0.000000 -0.024845 0.995599 -0.090364 12.789500 -0.031354 0.089572 0.995487 0.000000 0.000000 0.000000 0.000000 1.000000
0.999626 -0.004564 0.026961 0.000000 0.007687 0.993116 -0.116881 12.789500 -0.026242 0.117044 0.992780 0.000000 0.000000 0.000000 0.000000 1.000000
0.999038 -0.035724 0.025453 0.000000 0.039126 0.988074 -0.148927 12.789500 -0.019829 0.149779 0.988521 -0.000000 0.000000 0.000000 0.000000 1.000000
0.997798 -0.060689 0.026772 0.000000 0.064464 0.982316 -0.175781 12.789500 -0.015631 0.177119 0.984065 0.000000 0.000000 0.000000 0.000000 1.000000
0.996149 -0.082177 0.030559 -0.000000 0.086671 0.975589 -0.201780 12.789500 -0.013231 0.203651 0.978954 0.000000 0.000000 0.000000 0.000000 1.000000
0.993831 -0.103361 0.040206 0.000000 0.109980 0.965245 -0.237078 12.789500 -0.014304 0.240037 0.970658 0.000000 0.000000 0.000000 0.000000 1.000000
0.991752 -0.124961 0.028519 0.000000 0.127937 0.951563 -0.279570 12.789500 0.007797 0.280913 0.959702 0.000000 0.000000 0.000000 0.000000 1.000000
0.989786 -0.142178 0.010487 -0.000000 0.137861 0.935804 -0.324446 12.789500 0.036315 0.322577 0.945846 0.000000 0.000000 0.000000 0.000000 1.000000
0.989502 -0.144387 -0.006160 0.000000 0.130641 0.911897 -0.389072 12.789500 0.061794 0.384183 0.921187 0.000000 0.000000 0.000000 0.000000 1.000000
0.990033 -0.139272 -0.020941 -0.000000 0.122448 0.924652 -0.360590 12.789500 0.069584 0.354432 0.932489 0.000000 0.000000 0.000000 0.000000 1.000000
0.990983 -0.130015 -0.032377 0.000000 0.114065 0.945420 -0.305237 12.789500 0.070295 0.298792 0.951726 -0.000000 0.000000 0.000000 0.000000 1.000000
0.992535 -0.115437 -0.039358 -0.000000 0.100215 0.955844 -0.276260 12.789500 0.069510 0.270254 0.960277 -0.000000 0.000000 0.000000 0.000000 1.000000
0.994927 -0.096691 -0.027767 0.000000 0.085210 0.956710 -0.278288 12.789500 0.053473 0.274510 0.960096 0.000000 0.000000 0.000000 0.000000 1.000000
0.997125 -0.075759 -0.001451 0.000000 0.071677 0.949260 -0.306214 12.789500 0.024576 0.305230 0.951961 0.000000 0.000000 0.000000 0.000000 1.000000
0.997450 -0.066840 0.025037 0.000000 0.071364 0.940105 -0.333332 12.789500 -0.001258 0.334269 0.942477 0.000000 0.000000 0.000000 0.000000 1.000000
0.995623 -0.085602 0.037504 0.000000 0.093315 0.932629 -0.348562 12.789500 -0.005140 0.350536 0.936535 -0.000000 0.000000 0.000000 0.000000 1.000000
0.996056 -0.087538 0.014491 -0.000000 0.086781 0.927051 -0.364753 12.789500 0.018496 0.364572 0.930991 -0.000000 0.000000 0.000000 0.000000 1.000000
0.997043 -0.074161 -0.020131 0.000000 0.061833 0.929794 -0.362851 12.789500 0.045627 0.360533 0.931630 -0.000000 0.000000 0.000000 0.000000 1.000000
0.997809 -0.054152 -0.038004 0.000000 0.036913 0.932426 -0.359470 12.789500 0.054902 0.357279 0.932383 0.000000 0.000000 0.000000 0.000000 1.000000
0.998259 -0.032565 -0.049175 -0.000000 0.012792 0.933451 -0.358478 12.789500 0.057576 0.357225 0.932242 -0.000000 0.000000 0.000000 0.000000 1.000000
0.998165 -0.013309 -0.059064 0.000000 -0.008155 0.937094 -0.348982 12.789500 0.059993 0.348823 0.935266 0.000000 0.000000 0.000000 0.000000 1.000000
0.998084 -0.007065 -0.061463 0.000000 -0.014062 0.941549 -0.336583 12.789500 0.060248 0.336802 0.939646 0.000000 0.000000 0.000000 0.000000 1.000000
0.998132 -0.002876 -0.061026 0.000000 -0.017029 0.946211 -0.323103 12.789500 0.058673 0.323538 0.944394 0.000000 0.000000 0.000000 0.000000 1.000000
0.998237 0.000061 -0.059358 0.000000 -0.018314 0.951530 -0.307011 12.789500 0.056462 0.307557 0.949853 0.000000 0.000000 0.000000 0.000000 1.000000
0.998359 0.002668 -0.057194 0.000000 -0.019426 0.955448 -0.294521 12.789500 0.053860 0.295149 0.953932 0.000000 0.000000 0.000000 0.000000 1.000000
0.998446 0.005802 -0.055422 0.000000 -0.020527 0.962922 -0.268997 12.789500 0.051807 0.269717 0.961545 0.000000 0.000000 0.000000 0.000000 1.000000
0.998586 0.010969 -0.052021 0.000000 -0.023043 0.971094 -0.237581 12.789500 0.047911 0.238443 0.969974 0.000000 0.000000 0.000000 0.000000 1.000000
0.999077 0.015820 -0.039944 -0.000000 -0.023676 0.978557 -0.204612 12.789500 0.035850 0.205369 0.978028 0.000000 0.000000 0.000000 0.000000 1.000000
0.999561 0.016106 -0.024865 -0.000000 -0.020196 0.984511 -0.174156 12.789500 0.021675 0.174582 0.984404 -0.000000 0.000000 0.000000 0.000000 1.000000
0.999870 0.010448 -0.012285 0.000000 -0.012168 0.988687 -0.149498 12.789500 0.010584 0.149628 0.988686 -0.000000 0.000000 0.000000 0.000000 1.000000
0.999987 0.002521 -0.004446 0.000000 -0.003075 0.991581 -0.129449 12.789500 0.004083 0.129461 0.991576 -0.000000 0.000000 0.000000 0.000000 1.000000
0.999977 -0.006719 0.001070 0.000000 0.006797 0.993439 -0.114162 12.789500 -0.000296 0.114167 0.993462 0.000000 0.000000 0.000000 0.000000 1.000000
0.999838 -0.017212 0.005180 0.000000 0.017670 0.994029 -0.107678 12.789500 -0.003295 0.107752 0.994172 -0.000000 0.000000 0.000000 0.000000 1.000000
0.999623 -0.026102 0.008493 -0.000000 0.026796 0.995051 -0.095689 12.789500 -0.005953 0.095880 0.995375 0.000000 0.000000 0.000000 0.000000 1.000000
0.999524 -0.029019 0.010450 0.000000 0.029772 0.996269 -0.081010 12.789500 -0.008060 0.081283 0.996658 0.000000 0.000000 0.000000 0.000000 1.000000
0.999650 -0.024199 0.010700 0.000000 0.024970 0.996560 -0.079024 12.789500 -0.008751 0.079263 0.996815 0.000000 0.000000 0.000000 0.000000 1.000000
0.999882 -0.012225 0.009279 0.000000 0.013036 0.995566 -0.093154 12.789500 -0.008099 0.093264 0.995608 0.000000 0.000000 0.000000 0.000000 1.000000
0.999976 0.001026 0.006914 0.000000 -0.000314 0.994754 -0.102298 12.789500 -0.006982 0.102293 0.994730 0.000000 0.000000 0.000000 0.000000 1.000000
0.999931 0.011044 0.003903 0.000000 -0.010531 0.993506 -0.113289 12.789500 -0.005129 0.113240 0.993554 0.000000 0.000000 0.000000 0.000000 1.000000
0.999923 0.012414 0.000323 0.000000 -0.012291 0.993064 -0.116935 12.789500 -0.001773 0.116922 0.993140 0.000000 0.000000 0.000000 0.000000 1.000000
0.999935 0.010667 -0.003951 0.000000 -0.011066 0.992650 -0.120512 12.789500 0.002637 0.120547 0.992704 0.000000 0.000000 0.000000 0.000000 1.000000
0.999921 0.009124 -0.008625 0.000000 -0.010140 0.991959 -0.126150 12.789500 0.007405 0.126227 0.991974 0.000000 0.000000 0.000000 0.000000 1.000000
0.999885 0.007716 -0.013030 0.000000 -0.009384 0.991031 -0.133300 12.789500 0.011884 0.133407 0.990990 0.000000 0.000000 0.000000 0.000000 1.000000
0.999843 0.006460 -0.016503 0.000000 -0.008725 0.989953 -0.141124 12.789500 0.015426 0.141246 0.989854 0.000000 0.000000 0.000000 0.000000 1.000000
0.999816 0.005367 -0.018443 0.000000 -0.008013 0.989174 -0.146525 12.789500 0.017457 0.146646 0.989035 0.000000 0.000000 0.000000 0.000000 1.000000
0.999810 0.004369 -0.019003 -0.000000 -0.007122 0.989066 -0.147300 12.789500 0.018152 0.147408 0.988909 0.000000 0.000000 0.000000 0.000000 1.000000
0.999821 0.003366 -0.018626 -0.000000 -0.006067 0.989132 -0.146907 12.789500 0.017929 0.146993 0.988975 0.000000 0.000000 0.000000 0.000000 1.000000
0.999841 0.002183 -0.017708 0.000000 -0.004749 0.989244 -0.146197 12.789500 0.017198 0.146258 0.989097 0.000000 0.000000 0.000000 0.000000 1.000000
0.999885 0.001634 -0.015083 0.000000 -0.003808 0.989385 -0.145265 12.789500 0.014686 0.145306 0.989278 0.000000 0.000000 0.000000 0.000000 1.000000
0.999912 0.003092 -0.012877 -0.000000 -0.004917 0.989540 -0.144175 12.789500 0.012297 0.144226 0.989468 -0.000000 0.000000 0.000000 0.000000 1.000000
0.999930 0.004711 -0.010877 0.000000 -0.006219 0.989694 -0.143062 12.789500 0.010091 0.143120 0.989654 0.000000 0.000000 0.000000 0.000000 1.000000
0.999943 0.006567 -0.008379 -0.000000 -0.007691 0.989833 -0.142029 12.789500 0.007361 0.142086 0.989827 0.000000 0.000000 0.000000 0.000000 1.000000
0.999949 0.007454 -0.006769 0.000000 -0.008335 0.989950 -0.141170 12.789500 0.005649 0.141219 0.989962 0.000000 0.000000 0.000000 0.000000 1.000000
0.999949 0.008297 -0.005702 0.000000 -0.009015 0.990063 -0.140334 12.789500 0.004481 0.140378 0.990088 0.000000 0.000000 0.000000 0.000000 1.000000
0.999950 0.008731 -0.004857 0.000000 -0.009327 0.990043 -0.140459 12.789500 0.003582 0.140497 0.990075 0.000000 0.000000 0.000000 0.000000 1.000000
0.999932 0.010202 -0.005637 0.000000 -0.010896 0.989885 -0.141453 12.789500 0.004137 0.141505 0.989929 0.000000 0.000000 0.000000 0.000000 1.000000
0.999909 0.011301 -0.007407 0.000000 -0.012240 0.989760 -0.142219 12.789500 0.005724 0.142296 0.989808 0.000000 0.000000 0.000000 0.000000 1.000000
0.999889 0.011553 -0.009443 -0.000000 -0.012785 0.989643 -0.142983 12.789500 0.007694 0.143088 0.989680 0.000000 0.000000 0.000000 0.000000 1.000000
0.999861 0.011755 -0.011831 0.000000 -0.013333 0.989552 -0.143557 12.789500 0.010020 0.143694 0.989571 0.000000 0.000000 0.000000 0.000000 1.000000
0.999851 0.010634 -0.013608 0.000000 -0.012481 0.989530 -0.143786 12.789500 0.011937 0.143935 0.989515 0.000000 0.000000 0.000000 0.000000 1.000000</float_array>
        <technique_common>
          <accessor source="#mixamorig_Spine2-Matrix-animation-output-transform-array" count="79" stride="16">
            <param type="float4x4"/>
          </accessor>
        </technique_common>
      </source>
      <source id="mixamorig_Spine2-Interpolations">
        <Name_array id="mixamorig_Spine2-Interpolations-array" count="79">
 LINEAR LINEAR LINEAR LINEAR LINEAR LINEAR LINEAR LINEAR LINEAR LINEAR LINEAR
LINEAR LINEAR LINEAR LINEAR LINEAR LINEAR LINEAR LINEAR LINEAR LINEAR LINEAR LINEAR
LINEAR LINEAR LINEAR LINEAR LINEAR LINEAR LINEAR LINEAR LINEAR LINEAR LINEAR LINEAR
LINEAR LINEAR LINEAR LINEAR LINEAR LINEAR LINEAR LINEAR LINEAR LINEAR LINEAR LINEAR
LINEAR LINEAR LINEAR LINEAR LINEAR LINEAR LINEAR LINEAR LINEAR LINEAR LINEAR LINEAR
LINEAR LINEAR LINEAR LINEAR LINEAR LINEAR LINEAR LINEAR LINEAR LINEAR LINEAR LINEAR
LINEAR LINEAR LINEAR LINEAR LINEAR LINEAR LINEAR LINEAR</Name_array>
        <technique_common>
          <accessor source="#mixamorig_Spine2-Interpolations-array" count="79">
            <param type="name"/>
          </accessor>
        </technique_common>
      </source>
      <sampler id="mixamorig_Spine2-Matrix-animation-transform">
        <input semantic="INPUT" source="#mixamorig_Spine2-Matrix-animation-input"/>
        <input semantic="OUTPUT" source="#mixamorig_Spine2-Matrix-animation-output-transform"/>
        <input semantic="INTERPOLATION" source="#mixamorig_Spine2-Interpolations"/>
      </sampler>
      <channel source="#mixamorig_Spine2-Matrix-animation-transform" target="mixamorig_Spine2/matrix"/>
    </animation>
    <animation id="mixamorig_Neck-anim" name="mixamorig_Neck">
      <source id="mixamorig_Neck-Matrix-animation-input">
        <float_array id="mixamorig_Neck-Matrix-animation-input-array" count="79">

0.000000 0.033333 0.066667 0.100000 0.133333 0.166667 0.200000 0.233333 0.266667 0.300000 0.333333 0.366667 0.400000 0.433333 0.466667 0.500000
0.533333 0.566667 0.600000 0.633333 0.666667 0.700000 0.733333 0.766667 0.800000 0.833333 0.866667 0.900000 0.933333 0.966667 1.000000 1.033333
1.066667 1.100000 1.133333 1.166667 1.200000 1.233333 1.266667 1.300000 1.333333 1.366667 1.400000 1.433333 1.466667 1.500000 1.533333 1.566667
1.600000 1.633333 1.666667 1.700000 1.733333 1.766667 1.800000 1.833333 1.866667 1.900000 1.933333 1.966667 2.000000 2.033333 2.066667 2.100000
2.133333 2.166667 2.200000 2.233333 2.266667 2.300000 2.333333 2.366667 2.400000 2.433333 2.466667 2.500000 2.533333 2.566667 2.600000</float_array>
        <technique_common>
          <accessor source="#mixamorig_Neck-Matrix-animation-input-array" count="79">
            <param name="TIME" type="float"/>
          </accessor>
        </technique_common>
      </source>
      <source id="mixamorig_Neck-Matrix-animation-output-transform">
        <float_array id="mixamorig_Neck-Matrix-animation-output-transform-array" count="1264">

0.985070 0.027001 0.170026 -0.056900 -0.032879 0.998952 0.031849 14.235800 -0.168988 -0.036964 0.984925 -2.088100 0.000000 0.000000 0.000000 1.000000
0.982334 0.035041 0.183824 -0.056900 -0.038424 0.999151 0.014873 14.235800 -0.183146 -0.021673 0.982847 -2.088100 0.000000 0.000000 0.000000 1.000000
0.975076 0.056537 0.214549 -0.056900 -0.051299 0.998235 -0.029909 14.235800 -0.215861 0.018157 0.976255 -2.088100 0.000000 0.000000 0.000000 1.000000
0.965249 0.087511 0.246243 -0.056900 -0.066420 0.993476 -0.092706 14.235800 -0.252750 0.073129 0.964764 -2.088100 0.000000 0.000000 0.000000 1.000000
0.956671 0.123892 0.263500 -0.056900 -0.082676 0.983295 -0.162157 14.235800 -0.279188 0.133346 0.950933 -2.088100 0.000000 0.000000 0.000000 1.000000
0.960547 0.166738 0.222592 -0.056900 -0.114328 0.966333 -0.230498 14.235800 -0.253531 0.195956 0.947272 -2.088100 0.000000 0.000000 0.000000 1.000000
0.969500 0.199498 0.142375 -0.056900 -0.133645 0.917252 -0.375217 14.235800 -0.205449 0.344745 0.915937 -2.088100 0.000000 0.000000 0.000000 1.000000
0.985907 0.157104 0.057495 -0.056900 -0.113173 0.879432 -0.462377 14.235800 -0.123204 0.449353 0.884818 -2.088100 0.000000 0.000000 0.000000 1.000000
0.991150 0.128367 0.033826 -0.056900 -0.101768 0.898367 -0.427293 14.235800 -0.085239 0.420069 0.903480 -2.088100 0.000000 0.000000 0.000000 1.000000
0.987455 0.138247 0.076288 -0.056900 -0.105870 0.938133 -0.329693 14.235800 -0.117147 0.317481 0.941001 -2.088100 0.000000 0.000000 0.000000 1.000000
0.974778 0.165072 0.150200 -0.056900 -0.147227 0.981412 -0.123101 14.235800 -0.167729 0.097883 0.980962 -2.088100 0.000000 0.000000 0.000000 1.000000
0.956430 0.180501 0.229478 -0.056900 -0.204731 0.974999 0.086384 14.235800 -0.208149 -0.129602 0.969473 -2.088100 0.000000 0.000000 0.000000 1.000000
0.956690 0.120079 0.265190 -0.056900 -0.200515 0.932222 0.301256 14.235800 -0.211041 -0.341383 0.915925 -2.088100 0.000000 0.000000 0.000000 1.000000
0.963037 0.047480 0.265151 -0.056900 -0.182137 0.839993 0.511114 14.235800 -0.198457 -0.540515 0.817593 -2.088100 0.000000 0.000000 0.000000 1.000000
0.963357 0.017312 0.267665 -0.056900 -0.182885 0.772373 0.608270 14.235800 -0.196207 -0.634933 0.747237 -2.088100 0.000000 0.000000 0.000000 1.000000
0.947767 0.029436 0.317601 -0.056900 -0.224192 0.769751 0.597680 14.235800 -0.226880 -0.637665 0.736144 -2.088100 0.000000 0.000000 0.000000 1.000000
0.924983 0.033259 0.378550 -0.056900 -0.247326 0.808988 0.533262 14.235800 -0.288507 -0.586883 0.756526 -2.088100 0.000000 0.000000 0.000000 1.000000
0.902402 0.023435 0.430257 -0.056900 -0.223110 0.879658 0.420028 14.235800 -0.368636 -0.475029 0.799034 -2.088100 0.000000 0.000000 0.000000 1.000000
0.883259 -0.005044 0.468858 -0.056900 -0.134636 0.955105 0.263909 14.235800 -0.449140 -0.296226 0.842926 -2.088100 0.000000 0.000000 0.000000 1.000000
0.865558 -0.057792 0.497463 -0.056900 -0.012694 0.990468 0.137153 14.235800 -0.500648 -0.125029 0.856574 -2.088100 0.000000 0.000000 0.000000 1.000000
0.854301 -0.062205 0.516043 -0.056900 0.058653 0.998009 0.023202 14.235800 -0.516459 0.010446 0.856248 -2.088100 0.000000 0.000000 0.000000 1.000000
0.869025 -0.064319 0.490569 -0.056900 0.100133 0.993860 -0.047075 14.235800 -0.484529 0.090031 0.870130 -2.088100 0.000000 0.000000 0.000000 1.000000
0.902583 -0.077696 0.423447 -0.056900 0.124319 0.988717 -0.083572 14.235800 -0.412176 0.128073 0.902058 -2.088100 0.000000 0.000000 0.000000 1.000000
0.933978 -0.090622 0.345649 -0.056900 0.129464 0.987405 -0.090946 14.235800 -0.333054 0.129690 0.933946 -2.088100 0.000000 0.000000 0.000000 1.000000
0.957952 -0.141505 0.249607 -0.056900 0.166961 0.982392 -0.083842 14.235800 -0.233348 0.121991 0.964711 -2.088100 0.000000 0.000000 0.000000 1.000000
0.965378 -0.218992 0.141732 -0.056900 0.236952 0.963394 -0.125403 14.235800 -0.109081 0.154645 0.981930 -2.088100 0.000000 0.000000 0.000000 1.000000
0.954682 -0.294004 0.046306 -0.056900 0.296617 0.927038 -0.229387 14.235800 0.024513 0.232727 0.972233 -2.088100 0.000000 0.000000 0.000000 1.000000
0.938090 -0.346025 0.015950 -0.056900 0.322814 0.856610 -0.402505 14.235800 0.125614 0.382734 0.915279 -2.088100 0.000000 0.000000 0.000000 1.000000
0.955069 -0.294814 0.030468 -0.056900 0.264714 0.802257 -0.535079 14.235800 0.133305 0.519103 0.844252 -2.088100 0.000000 0.000000 0.000000 1.000000
0.972903 -0.223488 0.059262 -0.056900 0.218562 0.805337 -0.551057 14.235800 0.075429 0.549077 0.832361 -2.088100 0.000000 0.000000 0.000000 1.000000
0.983236 -0.155525 0.095174 -0.056900 0.182053 0.866390 -0.465000 14.235800 -0.010138 0.474531 0.880180 -2.088100 0.000000 0.000000 0.000000 1.000000
0.985914 -0.100689 0.133550 -0.056900 0.140241 0.932777 -0.332052 14.235800 -0.091138 0.346104 0.933759 -2.088100 0.000000 0.000000 0.000000 1.000000
0.983146 -0.068585 0.169469 -0.056900 0.105001 0.970662 -0.216310 14.235800 -0.149662 0.230458 0.961504 -2.088100 0.000000 0.000000 0.000000 1.000000
0.977214 -0.088261 0.193034 -0.056900 0.124176 0.975297 -0.182693 14.235800 -0.172140 0.202501 0.964034 -2.088100 0.000000 0.000000 0.000000 1.000000
0.968341 -0.137097 0.208614 -0.056900 0.181570 0.960319 -0.211709 14.235800 -0.171312 0.242884 0.954809 -2.088100 0.000000 0.000000 0.000000 1.000000
0.955797 -0.181803 0.231083 -0.056900 0.240299 0.935891 -0.257612 14.235800 -0.169434 0.301754 0.938209 -2.088100 0.000000 0.000000 0.000000 1.000000
0.944901 -0.204682 0.255473 -0.056900 0.279202 0.911334 -0.302517 14.235800 -0.170901 0.357178 0.918268 -2.088100 0.000000 0.000000 0.000000 1.000000
0.943388 -0.186706 0.274154 -0.056900 0.275513 0.901317 -0.334245 14.235800 -0.184694 0.390856 0.901732 -2.088100 0.000000 0.000000 0.000000 1.000000
0.947099 -0.155179 0.280931 -0.056900 0.249050 0.907461 -0.338360 14.235800 -0.202428 0.390427 0.898103 -2.088100 0.000000 0.000000 0.000000 1.000000
0.953714 -0.113872 0.278320 -0.056900 0.202106 0.928051 -0.312849 14.235800 -0.222670 0.354619 0.908110 -2.088100 0.000000 0.000000 0.000000 1.000000
0.959415 -0.084282 0.269108 -0.056900 0.158090 0.950983 -0.265781 14.235800 -0.233517 0.297538 0.925711 -2.088100 0.000000 0.000000 0.000000 1.000000
0.965588 -0.056073 0.253959 -0.056900 0.112221 0.970729 -0.212346 14.235800 -0.234619 0.233539 0.943617 -2.088100 0.000000 0.000000 0.000000 1.000000
0.971366 -0.029799 0.235711 -0.056900 0.068948 0.984764 -0.159641 14.235800 -0.227363 0.171322 0.958621 -2.088100 0.000000 0.000000 0.000000 1.000000
0.977590 -0.004076 0.210480 -0.056900 0.030192 0.992192 -0.121012 14.235800 -0.208343 0.124654 0.970080 -2.088100 0.000000 0.000000 0.000000 1.000000
0.982883 0.019798 0.183164 -0.056900 -0.003773 0.996164 -0.087425 14.235800 -0.184192 0.085237 0.979187 -2.088100 0.000000 0.000000 0.000000 1.000000
0.987017 0.041660 0.155119 -0.056900 -0.033376 0.997893 -0.055632 14.235800 -0.157110 0.049733 0.986328 -2.088100 0.000000 0.000000 0.000000 1.000000
0.989407 0.059805 0.132276 -0.056900 -0.057301 0.998100 -0.022659 14.235800 -0.133380 0.014839 0.990954 -2.088100 0.000000 0.000000 0.000000 1.000000
0.989950 0.071940 0.121751 -0.056900 -0.073893 0.997199 0.011591 14.235800 -0.120576 -0.020471 0.992493 -2.088100 0.000000 0.000000 0.000000 1.000000
0.989250 0.077930 0.123735 -0.056900 -0.084125 0.995409 0.045655 14.235800 -0.119609 -0.055573 0.991264 -2.088100 0.000000 0.000000 0.000000 1.000000
0.987994 0.080043 0.132142 -0.056900 -0.090815 0.992839 0.077606 14.235800 -0.124984 -0.088674 0.988188 -2.088100 0.000000 0.000000 0.000000 1.000000
0.986421 0.079817 0.143539 -0.056900 -0.095672 0.989626 0.107176 14.235800 -0.133496 -0.119453 0.983824 -2.088100 0.000000 0.000000 0.000000 1.000000
0.984460 0.077689 0.157488 -0.056900 -0.099310 0.985934 0.134431 14.235800 -0.144829 -0.147982 0.978328 -2.088100 0.000000 0.000000 0.000000 1.000000
0.981956 0.073845 0.174094 -0.056900 -0.102120 0.981900 0.159508 14.235800 -0.159164 -0.174409 0.971724 -2.088100 0.000000 0.000000 0.000000 1.000000
0.978746 0.068295 0.193372 -0.056900 -0.104296 0.977638 0.182609 14.235800 -0.176576 -0.198895 0.963982 -2.088100 0.000000 0.000000 0.000000 1.000000
0.975332 0.062290 0.211774 -0.056900 -0.106468 0.973141 0.204109 14.235800 -0.193372 -0.221622 0.955767 -2.088100 0.000000 0.000000 0.000000 1.000000
0.972441 0.057097 0.226050 -0.056900 -0.109012 0.968391 0.224357 14.235800 -0.206094 -0.242816 0.947927 -2.088100 0.000000 0.000000 0.000000 1.000000
0.970698 0.053610 0.234248 -0.056900 -0.111951 0.963438 0.243420 14.235800 -0.212633 -0.262511 0.941209 -2.088100 0.000000 0.000000 0.000000 1.000000
0.969903 0.051399 0.238004 -0.056900 -0.114162 0.959363 0.258049 14.235800 -0.215069 -0.277454 0.936357 -2.088100 0.000000 0.000000 0.000000 1.000000
0.969843 0.050221 0.238502 -0.056900 -0.115302 0.956656 0.267421 14.235800 -0.214734 -0.286856 0.933597 -2.088100 0.000000 0.000000 0.000000 1.000000
0.970300 0.049877 0.236706 -0.056900 -0.115438 0.955380 0.271888 14.235800 -0.212583 -0.291138 0.932763 -2.088100 0.000000 0.000000 0.000000 1.000000
0.971125 0.050178 0.233234 -0.056900 -0.115379 0.954479 0.275061 14.235800 -0.208815 -0.294029 0.932708 -2.088100 0.000000 0.000000 0.000000 1.000000
0.972177 0.050930 0.228644 -0.056900 -0.115279 0.953721 0.277718 14.235800 -0.203918 -0.296349 0.933057 -2.088100 0.000000 0.000000 0.000000 1.000000
0.973234 0.051707 0.223926 -0.056900 -0.115058 0.953083 0.279990 14.235800 -0.198942 -0.298260 0.933522 -2.088100 0.000000 0.000000 0.000000 1.000000
0.973945 0.051785 0.220793 -0.056900 -0.114535 0.952611 0.281804 14.235800 -0.195736 -0.299750 0.933722 -2.088100 0.000000 0.000000 0.000000 1.000000
0.974084 0.050717 0.220429 -0.056900 -0.113669 0.952300 0.283202 14.235800 -0.195551 -0.300918 0.933385 -2.088100 0.000000 0.000000 0.000000 1.000000
0.973569 0.048322 0.223223 -0.056900 -0.112403 0.952179 0.284115 14.235800 -0.198819 -0.301696 0.932443 -2.088100 0.000000 0.000000 0.000000 1.000000
0.972579 0.045027 0.228172 -0.056900 -0.110882 0.952172 0.284733 14.235800 -0.204439 -0.302226 0.931056 -2.088100 0.000000 0.000000 0.000000 1.000000
0.971526 0.041682 0.233238 -0.056900 -0.109419 0.952073 0.285629 14.235800 -0.210154 -0.303016 0.929525 -2.088100 0.000000 0.000000 0.000000 1.000000
0.970816 0.039032 0.236628 -0.056900 -0.108364 0.951594 0.287621 14.235800 -0.213948 -0.304869 0.928052 -2.088100 0.000000 0.000000 0.000000 1.000000
0.970697 0.037450 0.237370 -0.056900 -0.107877 0.950567 0.291179 14.235800 -0.214731 -0.308254 0.926753 -2.088100 0.000000 0.000000 0.000000 1.000000
0.971074 0.036760 0.235933 -0.056900 -0.107795 0.949152 0.295788 14.235800 -0.213063 -0.312665 0.925659 -2.088100 0.000000 0.000000 0.000000 1.000000
0.971736 0.036648 0.233209 -0.056900 -0.107876 0.947637 0.300578 14.235800 -0.209981 -0.317240 0.924806 -2.088100 0.000000 0.000000 0.000000 1.000000
0.972452 0.036765 0.230184 -0.056900 -0.107969 0.946210 0.305008 14.235800 -0.206588 -0.321459 0.924113 -2.088100 0.000000 0.000000 0.000000 1.000000
0.973081 0.036726 0.227520 -0.056900 -0.107944 0.944868 0.309149 14.235800 -0.203623 -0.325387 0.923397 -2.088100 0.000000 0.000000 0.000000 1.000000
0.973563 0.036363 0.225507 -0.056900 -0.107704 0.943688 0.312814 14.235800 -0.201433 -0.328832 0.922656 -2.088100 0.000000 0.000000 0.000000 1.000000
0.973878 0.035675 0.224252 -0.056900 -0.107112 0.942978 0.315151 14.235800 -0.200221 -0.330939 0.922166 -2.088100 0.000000 0.000000 0.000000 1.000000
0.974083 0.034789 0.223499 -0.056900 -0.106095 0.942934 0.315626 14.235800 -0.199764 -0.331158 0.922187 -2.088100 0.000000 0.000000 0.000000 1.000000
0.974252 0.033714 0.222926 -0.056900 -0.104532 0.943608 0.314130 14.235800 -0.199764 -0.329345 0.922836 -2.088100 0.000000 0.000000 0.000000 1.000000
0.974423 0.032807 0.222315 -0.056900 -0.102929 0.944571 0.311755 14.235800 -0.199764 -0.326664 0.923788 -2.088100 0.000000 0.000000 0.000000 1.000000</float_array>
        <technique_common>
          <accessor source="#mixamorig_Neck-Matrix-animation-output-transform-array" count="79" stride="16">
            <param type="float4x4"/>
          </accessor>
        </technique_common>
      </source>
      <source id="mixamorig_Neck-Interpolations">
        <Name_array id="mixamorig_Neck-Interpolations-array" count="79">
 LINEAR LINEAR LINEAR LINEAR LINEAR LINEAR LINEAR LINEAR LINEAR LINEAR LINEAR
LINEAR LINEAR LINEAR LINEAR LINEAR LINEAR LINEAR LINEAR LINEAR LINEAR LINEAR LINEAR
LINEAR LINEAR LINEAR LINEAR LINEAR LINEAR LINEAR LINEAR LINEAR LINEAR LINEAR LINEAR
LINEAR LINEAR LINEAR LINEAR LINEAR LINEAR LINEAR LINEAR LINEAR LINEAR LINEAR LINEAR
LINEAR LINEAR LINEAR LINEAR LINEAR LINEAR LINEAR LINEAR LINEAR LINEAR LINEAR LINEAR
LINEAR LINEAR LINEAR LINEAR LINEAR LINEAR LINEAR LINEAR LINEAR LINEAR LINEAR LINEAR
LINEAR LINEAR LINEAR LINEAR LINEAR LINEAR LINEAR LINEAR</Name_array>
        <technique_common>
          <accessor source="#mixamorig_Neck-Interpolations-array" count="79">
            <param type="name"/>
          </accessor>
        </technique_common>
      </source>
      <sampler id="mixamorig_Neck-Matrix-animation-transform">
        <input semantic="INPUT" source="#mixamorig_Neck-Matrix-animation-input"/>
        <input semantic="OUTPUT" source="#mixamorig_Neck-Matrix-animation-output-transform"/>
        <input semantic="INTERPOLATION" source="#mixamorig_Neck-Interpolations"/>
      </sampler>
      <channel source="#mixamorig_Neck-Matrix-animation-transform" target="mixamorig_Neck/matrix"/>
    </animation>
    <animation id="mixamorig_Head-anim" name="mixamorig_Head">
      <source id="mixamorig_Head-Matrix-animation-input">
        <float_array id="mixamorig_Head-Matrix-animation-input-array" count="79">

0.000000 0.033333 0.066667 0.100000 0.133333 0.166667 0.200000 0.233333 0.266667 0.300000 0.333333 0.366667 0.400000 0.433333 0.466667 0.500000
0.533333 0.566667 0.600000 0.633333 0.666667 0.700000 0.733333 0.766667 0.800000 0.833333 0.866667 0.900000 0.933333 0.966667 1.000000 1.033333
1.066667 1.100000 1.133333 1.166667 1.200000 1.233333 1.266667 1.300000 1.333333 1.366667 1.400000 1.433333 1.466667 1.500000 1.533333 1.566667
1.600000 1.633333 1.666667 1.700000 1.733333 1.766667 1.800000 1.833333 1.866667 1.900000 1.933333 1.966667 2.000000 2.033333 2.066667 2.100000
2.133333 2.166667 2.200000 2.233333 2.266667 2.300000 2.333333 2.366667 2.400000 2.433333 2.466667 2.500000 2.533333 2.566667 2.600000</float_array>
        <technique_common>
          <accessor source="#mixamorig_Head-Matrix-animation-input-array" count="79">
            <param name="TIME" type="float"/>
          </accessor>
        </technique_common>
      </source>
      <source id="mixamorig_Head-Matrix-animation-output-transform">
        <float_array id="mixamorig_Head-Matrix-animation-output-transform-array" count="1264">

0.912383 0.079625 0.401518 0.000000 -0.112644 0.991866 0.059267 3.280200 -0.393533 -0.099303 0.913932 0.313300 0.000000 0.000000 0.000000 1.000000
0.919263 0.077986 0.385842 0.000000 -0.116663 0.990118 0.077826 3.280200 -0.375960 -0.116556 0.919276 0.313300 0.000000 0.000000 0.000000 1.000000
0.934907 0.073133 0.347276 0.000000 -0.121641 0.985296 0.119976 3.280200 -0.333396 -0.154410 0.930056 0.313300 0.000000 0.000000 0.000000 1.000000
0.952114 0.065159 0.298719 -0.000000 -0.118637 0.979210 0.164541 3.280200 -0.281787 -0.192101 0.940050 0.313300 0.000000 0.000000 0.000000 1.000000
0.965704 0.054155 0.253936 0.000000 -0.104502 0.976363 0.189194 3.280200 -0.237688 -0.209242 0.948537 0.313300 0.000000 0.000000 0.000000 1.000000
0.977509 0.040213 0.207024 -0.000000 -0.050468 0.997734 0.044490 3.280200 -0.204766 -0.053937 0.977324 0.313300 0.000000 0.000000 0.000000 1.000000
0.992078 0.001846 0.125610 0.000000 0.014581 0.991442 -0.129732 3.280200 -0.124775 0.130536 0.983561 0.313300 0.000000 0.000000 0.000000 1.000000
0.998259 -0.036091 0.046650 0.000000 0.046871 0.965542 -0.255993 3.280200 -0.035803 0.257734 0.965552 0.313300 0.000000 0.000000 0.000000 1.000000
0.996076 -0.086790 0.017326 0.000000 0.088249 0.959190 -0.268637 3.280200 0.006696 0.269112 0.963086 0.313300 0.000000 0.000000 0.000000 1.000000
0.990691 -0.130088 0.040114 -0.000000 0.134508 0.980789 -0.141279 3.280200 -0.020965 0.145359 0.989157 0.313300 0.000000 0.000000 0.000000 1.000000
0.984739 -0.156021 0.077107 0.000000 0.153736 0.987500 0.034778 3.280200 -0.081569 -0.022393 0.996416 0.313300 0.000000 0.000000 0.000000 1.000000
0.978291 -0.180419 0.101962 0.000000 0.152058 0.959204 0.238340 3.280200 -0.140803 -0.217661 0.965815 0.313300 0.000000 0.000000 0.000000 1.000000
0.970539 -0.201217 0.132533 -0.000000 0.152487 0.938847 0.308729 3.280200 -0.186550 -0.279424 0.941871 0.313300 0.000000 0.000000 0.000000 1.000000
0.965239 -0.216389 0.146590 0.000000 0.176673 0.953499 0.244186 3.280200 -0.192613 -0.209799 0.958585 0.313300 0.000000 0.000000 0.000000 1.000000
0.961168 -0.223931 0.161279 0.000000 0.196064 0.965397 0.171952 3.280200 -0.194203 -0.133654 0.971814 0.313300 0.000000 0.000000 0.000000 1.000000
0.954448 -0.220299 0.201239 -0.000000 0.201751 0.973386 0.108704 3.280200 -0.219830 -0.063152 0.973492 0.313300 0.000000 0.000000 0.000000 1.000000
0.942564 -0.192612 0.272901 -0.000000 0.186986 0.981250 0.046733 3.280200 -0.276785 0.006980 0.960906 0.313300 0.000000 0.000000 0.000000 1.000000
0.926385 -0.111605 0.359658 0.000000 0.131588 0.990805 -0.031479 3.280200 -0.352838 0.076489 0.932553 0.313300 0.000000 0.000000 0.000000 1.000000
0.895820 0.020804 0.443930 -0.000000 0.045234 0.989448 -0.137647 3.280200 -0.442110 0.143387 0.885426 0.313300 0.000000 0.000000 0.000000 1.000000
0.850246 0.164930 0.499880 0.000000 -0.035174 0.965325 -0.258671 3.280200 -0.525210 0.202352 0.826564 0.313300 0.000000 0.000000 0.000000 1.000000
0.823679 0.240947 0.513319 0.000000 -0.061967 0.938061 -0.340884 3.280200 -0.563660 0.248970 0.787592 0.313300 0.000000 0.000000 0.000000 1.000000
0.835366 0.257760 0.485513 -0.000000 -0.063378 0.922517 -0.380718 3.280200 -0.546028 0.287268 0.786976 0.313300 0.000000 0.000000 0.000000 1.000000
0.872681 0.243852 0.423041 0.000000 -0.062139 0.914789 -0.399124 3.280200 -0.484320 0.322020 0.813472 0.313300 0.000000 0.000000 0.000000 1.000000
0.916284 0.188231 0.353544 0.000000 -0.038043 0.919600 -0.391010 3.280200 -0.398719 0.344826 0.849775 0.313300 0.000000 0.000000 0.000000 1.000000
0.954643 0.108172 0.277410 0.000000 -0.002635 0.934707 -0.355410 3.280200 -0.297742 0.338558 0.892596 0.313300 0.000000 0.000000 0.000000 1.000000
0.982461 0.006842 0.186345 -0.000000 0.052044 0.949554 -0.309254 3.280200 -0.179060 0.313528 0.932544 0.313300 0.000000 0.000000 0.000000 1.000000
0.990578 -0.096379 0.097299 0.000000 0.119173 0.956679 -0.265638 3.280200 -0.067482 0.274730 0.959150 0.313300 0.000000 0.000000 0.000000 1.000000
0.981244 -0.180675 0.067205 -0.000000 0.191768 0.950391 -0.244912 3.280200 -0.019621 0.253206 0.967213 0.313300 0.000000 0.000000 0.000000 1.000000
0.970963 -0.226620 0.076644 -0.000000 0.238483 0.942209 -0.235305 3.280200 -0.018890 0.246751 0.968895 0.313300 0.000000 0.000000 0.000000 1.000000
0.980764 -0.151521 0.123057 0.000000 0.169539 0.973680 -0.152329 3.280200 -0.096737 0.170262 0.980639 0.313300 0.000000 0.000000 0.000000 1.000000
0.982677 -0.003290 0.185295 -0.000000 0.012596 0.998716 -0.049067 3.280200 -0.184896 0.050551 0.981457 0.313300 0.000000 0.000000 0.000000 1.000000
0.954499 0.161867 0.250462 0.000000 -0.177335 0.983324 0.040321 3.280200 -0.239758 -0.082902 0.967287 0.313300 0.000000 0.000000 0.000000 1.000000
0.903058 0.300179 0.307211 0.000000 -0.345024 0.932970 0.102593 3.280200 -0.255822 -0.198643 0.946095 0.313300 0.000000 0.000000 0.000000 1.000000
0.857887 0.372430 0.354013 0.000000 -0.442654 0.885521 0.141104 3.280200 -0.260935 -0.277756 0.924535 0.313300 0.000000 0.000000 0.000000 1.000000
0.847578 0.378836 0.371610 0.000000 -0.446912 0.887167 0.114909 3.280200 -0.286149 -0.263471 0.921250 0.313300 0.000000 0.000000 0.000000 1.000000
0.856693 0.354590 0.374624 0.000000 -0.386097 0.922406 0.009851 3.280200 -0.342062 -0.153081 0.927125 0.313300 0.000000 0.000000 0.000000 1.000000
0.873624 0.311971 0.373437 0.000000 -0.307950 0.948667 -0.072099 3.280200 -0.376760 -0.052012 0.924850 0.313300 0.000000 0.000000 0.000000 1.000000
0.885784 0.281602 0.368901 0.000000 -0.241417 0.958450 -0.151958 3.280200 -0.396365 0.045543 0.916963 0.313300 0.000000 0.000000 0.000000 1.000000
0.889071 0.279979 0.362166 0.000000 -0.229901 0.957236 -0.175628 3.280200 -0.395850 0.072884 0.915418 0.313300 0.000000 0.000000 0.000000 1.000000
0.888297 0.290011 0.356122 0.000000 -0.242149 0.954619 -0.173396 3.280200 -0.390247 0.067792 0.918211 0.313300 0.000000 0.000000 0.000000 1.000000
0.890421 0.291945 0.349168 -0.000000 -0.257666 0.955739 -0.142027 3.280200 -0.375178 0.036494 0.926234 0.313300 0.000000 0.000000 0.000000 1.000000
0.898799 0.279058 0.338063 0.000000 -0.263318 0.960257 -0.092579 3.280200 -0.350462 -0.005809 0.936559 0.313300 0.000000 0.000000 0.000000 1.000000
0.916400 0.246085 0.315678 -0.000000 -0.248379 0.968079 -0.033629 3.280200 -0.313877 -0.047590 0.948270 0.313300 0.000000 0.000000 0.000000 1.000000
0.940178 0.198097 0.277169 0.000000 -0.213004 0.976746 0.024428 3.280200 -0.265884 -0.082005 0.960511 0.313300 0.000000 0.000000 0.000000 1.000000
0.963693 0.142437 0.225849 0.000000 -0.163447 0.983532 0.077138 3.280200 -0.211142 -0.111251 0.971104 0.313300 0.000000 0.000000 0.000000 1.000000
0.981523 0.085983 0.170938 0.000000 -0.107038 0.987225 0.118027 3.280200 -0.158606 -0.134143 0.978187 0.313300 0.000000 0.000000 0.000000 1.000000
0.991534 0.035295 0.124959 0.000000 -0.053332 0.988127 0.144087 3.280200 -0.118390 -0.149532 0.981644 0.313300 0.000000 0.000000 0.000000 1.000000
0.995220 -0.003157 0.097606 -0.000000 -0.011483 0.988760 0.149071 3.280200 -0.096979 -0.149479 0.983997 0.313300 0.000000 0.000000 0.000000 1.000000
0.995568 -0.028892 0.089501 0.000000 0.017020 0.991279 0.130673 3.280200 -0.092495 -0.128570 0.987377 0.313300 0.000000 0.000000 0.000000 1.000000
0.994917 -0.044582 0.090289 0.000000 0.036337 0.995189 0.090990 3.280200 -0.093911 -0.087247 0.991750 0.313300 0.000000 0.000000 0.000000 1.000000
0.993887 -0.056332 0.094953 0.000000 0.052471 0.997710 0.042681 3.280200 -0.097140 -0.037438 0.994566 0.313300 0.000000 0.000000 0.000000 1.000000
0.992429 -0.065727 0.103755 -0.000000 0.066728 0.997752 -0.006199 3.280200 -0.103114 0.013076 0.994584 0.313300 0.000000 0.000000 0.000000 1.000000
0.990627 -0.073216 0.115319 0.000000 0.079738 0.995406 -0.052994 3.280200 -0.110909 0.061693 0.991914 0.313300 0.000000 0.000000 0.000000 1.000000
0.988447 -0.079451 0.129076 0.000000 0.092548 0.990789 -0.098854 3.280200 -0.120033 0.109657 0.986695 0.313300 0.000000 0.000000 0.000000 1.000000
0.986135 -0.084579 0.142770 -0.000000 0.105053 0.984194 -0.142571 3.280200 -0.128455 0.155593 0.979434 0.313300 0.000000 0.000000 0.000000 1.000000
0.984126 -0.088744 0.153692 -0.000000 0.116565 0.976234 -0.182703 3.280200 -0.133826 0.197718 0.971081 0.313300 0.000000 0.000000 0.000000 1.000000
0.982931 -0.092069 0.159282 0.000000 0.125441 0.968711 -0.214157 3.280200 -0.134581 0.230482 0.963725 0.313300 0.000000 0.000000 0.000000 1.000000
0.982398 -0.094902 0.160898 0.000000 0.130638 0.964709 -0.228625 3.280200 -0.133523 0.245620 0.960126 0.313300 0.000000 0.000000 0.000000 1.000000
0.982382 -0.097158 0.159641 0.000000 0.131880 0.965662 -0.223842 3.280200 -0.132411 0.240952 0.961462 0.313300 0.000000 0.000000 0.000000 1.000000
0.982730 -0.098574 0.156606 -0.000000 0.129908 0.970206 -0.204511 3.280200 -0.131780 0.221324 0.966256 0.313300 0.000000 0.000000 0.000000 1.000000
0.983384 -0.099191 0.152041 -0.000000 0.125989 0.975892 -0.178216 3.280200 -0.130698 0.194411 0.972174 0.313300 0.000000 0.000000 0.000000 1.000000
0.984173 -0.099227 0.146828 -0.000000 0.120666 0.982023 -0.145157 3.280200 -0.129785 0.160577 0.978453 0.313300 0.000000 0.000000 0.000000 1.000000
0.984884 -0.099046 0.142101 -0.000000 0.114900 0.987481 -0.108071 3.280200 -0.129618 0.122765 0.983935 0.313300 0.000000 0.000000 0.000000 1.000000
0.985272 -0.099054 0.139383 0.000000 0.110591 0.990831 -0.077605 3.280200 -0.130418 0.091876 0.987193 0.313300 0.000000 0.000000 0.000000 1.000000
0.985208 -0.099551 0.139478 -0.000000 0.107586 0.992872 -0.051286 3.280200 -0.133379 0.065534 0.988896 0.313300 0.000000 0.000000 0.000000 1.000000
0.984674 -0.100644 0.142438 -0.000000 0.106077 0.993873 -0.031057 3.280200 -0.138440 0.045690 0.989316 0.313300 0.000000 0.000000 0.000000 1.000000
0.983814 -0.102162 0.147216 0.000000 0.106613 0.994043 -0.022651 3.280200 -0.144025 0.037980 0.988845 0.313300 0.000000 0.000000 0.000000 1.000000
0.982891 -0.103710 0.152214 -0.000000 0.108713 0.993761 -0.024896 3.280200 -0.148683 0.041018 0.988034 0.313300 0.000000 0.000000 0.000000 1.000000
0.982158 -0.104931 0.156062 0.000000 0.111709 0.993114 -0.035292 3.280200 -0.151284 0.052096 0.987117 0.313300 0.000000 0.000000 0.000000 1.000000
0.981852 -0.105534 0.157571 -0.000000 0.114503 0.992216 -0.048947 3.280200 -0.151179 0.066101 0.986294 0.313300 0.000000 0.000000 0.000000 1.000000
0.981991 -0.105525 0.156712 -0.000000 0.116493 0.991222 -0.062510 3.280200 -0.148740 0.079640 0.985664 0.313300 0.000000 0.000000 0.000000 1.000000
0.982442 -0.105079 0.154160 0.000000 0.117554 0.990295 -0.074147 3.280200 -0.144873 0.090967 0.985260 0.313300 0.000000 0.000000 0.000000 1.000000
0.983004 -0.104445 0.150977 0.000000 0.117822 0.989599 -0.082533 3.280200 -0.140787 0.098919 0.985086 0.313300 0.000000 0.000000 0.000000 1.000000
0.983516 -0.103836 0.148038 0.000000 0.117641 0.989172 -0.087747 3.280200 -0.137323 0.103716 0.985081 0.313300 0.000000 0.000000 0.000000 1.000000
0.983883 -0.103393 0.145889 0.000000 0.117345 0.988959 -0.090500 3.280200 -0.134921 0.106161 0.985153 0.313300 0.000000 0.000000 0.000000 1.000000
0.984065 -0.103193 0.144799 0.000000 0.117072 0.988961 -0.090831 3.280200 -0.133827 0.106336 0.985283 0.313300 0.000000 0.000000 0.000000 1.000000
0.984108 -0.103172 0.144525 -0.000000 0.116818 0.989127 -0.089336 3.280200 -0.133736 0.104799 0.985460 0.313300 0.000000 0.000000 0.000000 1.000000
0.984071 -0.103259 0.144715 0.000000 0.116547 0.989406 -0.086554 3.280200 -0.134244 0.102042 0.985680 0.313300 0.000000 0.000000 0.000000 1.000000
0.983988 -0.103430 0.145153 0.000000 0.116270 0.989749 -0.082939 3.280200 -0.135087 0.098487 0.985927 0.313300 0.000000 0.000000 0.000000 1.000000</float_array>
        <technique_common>
          <accessor source="#mixamorig_Head-Matrix-animation-output-transform-array" count="79" stride="16">
            <param type="float4x4"/>
          </accessor>
        </technique_common>
      </source>
      <source id="mixamorig_Head-Interpolations">
        <Name_array id="mixamorig_Head-Interpolations-array" count="79">
 LINEAR LINEAR LINEAR LINEAR LINEAR LINEAR LINEAR LINEAR LINEAR LINEAR LINEAR
LINEAR LINEAR LINEAR LINEAR LINEAR LINEAR LINEAR LINEAR LINEAR LINEAR LINEAR LINEAR
LINEAR LINEAR LINEAR LINEAR LINEAR LINEAR LINEAR LINEAR LINEAR LINEAR LINEAR LINEAR
LINEAR LINEAR LINEAR LINEAR LINEAR LINEAR LINEAR LINEAR LINEAR LINEAR LINEAR LINEAR
LINEAR LINEAR LINEAR LINEAR LINEAR LINEAR LINEAR LINEAR LINEAR LINEAR LINEAR LINEAR
LINEAR LINEAR LINEAR LINEAR LINEAR LINEAR LINEAR LINEAR LINEAR LINEAR LINEAR LINEAR
LINEAR LINEAR LINEAR LINEAR LINEAR LINEAR LINEAR LINEAR</Name_array>
        <technique_common>
          <accessor source="#mixamorig_Head-Interpolations-array" count="79">
            <param type="name"/>
          </accessor>
        </technique_common>
      </source>
      <sampler id="mixamorig_Head-Matrix-animation-transform">
        <input semantic="INPUT" source="#mixamorig_Head-Matrix-animation-input"/>
        <input semantic="OUTPUT" source="#mixamorig_Head-Matrix-animation-output-transform"/>
        <input semantic="INTERPOLATION" source="#mixamorig_Head-Interpolations"/>
      </sampler>
      <channel source="#mixamorig_Head-Matrix-animation-transform" target="mixamorig_Head/matrix"/>
    </animation>
    <animation id="mixamorig_LeftShoulder-anim" name="mixamorig_LeftShoulder">
      <source id="mixamorig_LeftShoulder-Matrix-animation-input">
        <float_array id="mixamorig_LeftShoulder-Matrix-animation-input-array" count="79">

0.000000 0.033333 0.066667 0.100000 0.133333 0.166667 0.200000 0.233333 0.266667 0.300000 0.333333 0.366667 0.400000 0.433333 0.466667 0.500000
0.533333 0.566667 0.600000 0.633333 0.666667 0.700000 0.733333 0.766667 0.800000 0.833333 0.866667 0.900000 0.933333 0.966667 1.000000 1.033333
1.066667 1.100000 1.133333 1.166667 1.200000 1.233333 1.266667 1.300000 1.333333 1.366667 1.400000 1.433333 1.466667 1.500000 1.533333 1.566667
1.600000 1.633333 1.666667 1.700000 1.733333 1.766667 1.800000 1.833333 1.866667 1.900000 1.933333 1.966667 2.000000 2.033333 2.066667 2.100000
2.133333 2.166667 2.200000 2.233333 2.266667 2.300000 2.333333 2.366667 2.400000 2.433333 2.466667 2.500000 2.533333 2.566667 2.600000</float_array>
        <technique_common>
          <accessor source="#mixamorig_LeftShoulder-Matrix-animation-input-array" count="79">
            <param name="TIME" type="float"/>
          </accessor>
        </technique_common>
      </source>
      <source id="mixamorig_LeftShoulder-Matrix-animation-output-transform">
        <float_array id="mixamorig_LeftShoulder-Matrix-animation-output-transform-array" count="1264">

0.176044 0.942191 -0.285103 6.728800 -0.042698 -0.282046 -0.958450 11.756600 -0.983456 0.180903 -0.009423 -2.058500 0.000000 0.000000 0.000000 1.000000
0.173008 0.935132 -0.309187 6.728800 -0.040996 -0.306812 -0.950887 11.756600 -0.984067 0.177186 -0.014745 -2.058500 0.000000 0.000000 0.000000 1.000000
0.166899 0.914347 -0.368936 6.728800 -0.035945 -0.368293 -0.929015 11.756600 -0.985319 0.168313 -0.028601 -2.058500 0.000000 0.000000 0.000000 1.000000
0.162383 0.880600 -0.445169 6.728800 -0.028096 -0.446847 -0.894169 11.756600 -0.986328 0.157706 -0.047819 -2.058500 0.000000 0.000000 0.000000 1.000000
0.162970 0.838818 -0.519447 6.728800 -0.019280 -0.523677 -0.851699 11.756600 -0.986443 0.148817 -0.069171 -2.058500 0.000000 0.000000 0.000000 1.000000
0.170018 0.799729 -0.575785 6.728800 -0.012076 -0.582557 -0.812700 11.756600 -0.985367 0.145127 -0.089387 -2.058500 0.000000 0.000000 0.000000 1.000000
0.183110 0.777945 -0.601059 6.728800 -0.008410 -0.610135 -0.792253 11.756600 -0.983056 0.150124 -0.105179 -2.058500 0.000000 0.000000 0.000000 1.000000
0.197971 0.822003 -0.533965 6.728800 -0.004569 -0.543967 -0.839094 11.756600 -0.980197 0.168556 -0.103934 -2.058500 0.000000 0.000000 0.000000 1.000000
0.140087 0.892587 -0.428561 6.728800 0.006243 -0.433617 -0.901076 11.756600 -0.990120 0.123554 -0.066316 -2.058500 0.000000 0.000000 0.000000 1.000000
0.073601 0.936988 -0.341521 6.728800 0.009036 -0.343062 -0.939269 11.756600 -0.997247 0.066045 -0.033717 -2.058500 0.000000 0.000000 0.000000 1.000000
-0.012149 0.964886 -0.262389 6.728800 0.004400 -0.262354 -0.964962 11.756600 -0.999917 -0.012878 -0.001059 -2.058500 0.000000 0.000000 0.000000 1.000000
-0.085591 0.981298 -0.172421 6.728800 -0.006734 -0.173621 -0.984789 11.756600 -0.996308 -0.083128 0.021468 -2.058500 0.000000 0.000000 0.000000 1.000000
-0.098699 0.986080 -0.133811 6.728800 -0.011298 -0.135569 -0.990703 11.756600 -0.995053 -0.096270 0.024521 -2.058500 0.000000 0.000000 0.000000 1.000000
-0.113021 0.985975 -0.122797 6.728800 -0.014337 -0.125195 -0.992029 11.756600 -0.993489 -0.110360 0.028286 -2.058500 0.000000 0.000000 0.000000 1.000000
-0.128797 0.985325 -0.112011 6.728800 -0.017976 -0.115253 -0.993174 11.756600 -0.991508 -0.125904 0.032557 -2.058500 0.000000 0.000000 0.000000 1.000000
-0.144779 0.984198 -0.101950 6.728800 -0.022007 -0.106213 -0.994100 11.756600 -0.989219 -0.141681 0.037037 -2.058500 0.000000 0.000000 0.000000 1.000000
-0.159778 0.982642 -0.094264 6.728800 -0.025962 -0.099640 -0.994685 11.756600 -0.986812 -0.156481 0.041432 -2.058500 0.000000 0.000000 0.000000 1.000000
-0.173240 0.978432 -0.112512 6.728800 -0.025403 -0.118641 -0.992612 11.756600 -0.984552 -0.169102 0.045409 -2.058500 0.000000 0.000000 0.000000 1.000000
-0.183918 0.969994 -0.159016 6.728800 -0.018864 -0.165229 -0.986075 11.756600 -0.982760 -0.178358 0.048687 -2.058500 0.000000 0.000000 0.000000 1.000000
-0.189635 0.961427 -0.199240 6.728800 -0.012624 -0.205293 -0.978619 11.756600 -0.981773 -0.183065 0.051067 -2.058500 0.000000 0.000000 0.000000 1.000000
-0.189171 0.956101 -0.223796 6.728800 -0.009267 -0.229639 -0.973232 11.756600 -0.981900 -0.182033 0.052301 -2.058500 0.000000 0.000000 0.000000 1.000000
-0.181447 0.955558 -0.232351 6.728800 -0.009353 -0.237939 -0.971235 11.756600 -0.983356 -0.174054 0.052111 -2.058500 0.000000 0.000000 0.000000 1.000000
-0.132664 0.966158 -0.221220 6.728800 -0.014309 -0.225037 -0.974245 11.756600 -0.991058 -0.126082 0.043679 -2.058500 0.000000 0.000000 0.000000 1.000000
-0.072048 0.978611 -0.192688 6.728800 -0.013990 -0.194163 -0.980870 11.756600 -0.997303 -0.067974 0.027680 -2.058500 0.000000 0.000000 0.000000 1.000000
-0.005677 0.987467 -0.157726 6.728800 -0.007012 -0.157764 -0.987452 11.756600 -0.999959 -0.004500 0.007820 -2.058500 0.000000 0.000000 0.000000 1.000000
0.056125 0.990565 -0.125022 6.728800 0.004577 -0.125474 -0.992086 11.756600 -0.998413 0.055108 -0.011576 -2.058500 0.000000 0.000000 0.000000 1.000000
0.103959 0.988637 -0.108577 6.728800 0.015393 -0.110755 -0.993729 11.756600 -0.994462 0.101636 -0.026732 -2.058500 0.000000 0.000000 0.000000 1.000000
0.118996 0.986940 -0.108575 6.728800 0.017461 -0.111415 -0.993621 11.756600 -0.992741 0.116341 -0.030491 -2.058500 0.000000 0.000000 0.000000 1.000000
0.130338 0.985311 -0.110334 6.728800 0.017897 -0.113603 -0.993365 11.756600 -0.991308 0.127498 -0.032441 -2.058500 0.000000 0.000000 0.000000 1.000000
0.140350 0.983553 -0.113690 6.728800 0.017495 -0.117272 -0.992946 11.756600 -0.989947 0.137371 -0.033667 -2.058500 0.000000 0.000000 0.000000 1.000000
0.149023 0.981696 -0.118598 6.728800 0.016409 -0.122376 -0.992348 11.756600 -0.988698 0.145937 -0.034345 -2.058500 0.000000 0.000000 0.000000 1.000000
0.156345 0.979760 -0.125005 6.728800 0.014806 -0.128872 -0.991551 11.756600 -0.987592 0.153173 -0.034655 -2.058500 0.000000 0.000000 0.000000 1.000000
0.162306 0.977758 -0.132841 6.728800 0.012868 -0.136712 -0.990527 11.756600 -0.986657 0.159059 -0.034771 -2.058500 0.000000 0.000000 0.000000 1.000000
0.166898 0.975689 -0.142040 6.728800 0.010786 -0.145859 -0.989247 11.756600 -0.985915 0.163571 -0.034868 -2.058500 0.000000 0.000000 0.000000 1.000000
0.170122 0.973548 -0.152523 6.728800 0.008767 -0.156269 -0.987676 11.756600 -0.985384 0.166688 -0.035120 -2.058500 0.000000 0.000000 0.000000 1.000000
0.166052 0.971845 -0.167162 6.728800 0.006845 -0.170647 -0.985308 11.756600 -0.986093 0.162468 -0.034988 -2.058500 0.000000 0.000000 0.000000 1.000000
0.161668 0.969564 -0.183875 6.728800 0.004797 -0.187095 -0.982330 11.756600 -0.986834 0.157929 -0.034898 -2.058500 0.000000 0.000000 0.000000 1.000000
0.157042 0.968219 -0.194651 6.728800 0.003931 -0.197708 -0.980253 11.756600 -0.987584 0.153176 -0.034854 -2.058500 0.000000 0.000000 0.000000 1.000000
0.152503 0.968424 -0.197223 6.728800 0.004501 -0.200236 -0.979737 11.756600 -0.988293 0.148526 -0.034895 -2.058500 0.000000 0.000000 0.000000 1.000000
0.148425 0.967885 -0.202900 6.728800 0.004682 -0.205858 -0.978571 11.756600 -0.988913 0.144294 -0.035087 -2.058500 0.000000 0.000000 0.000000 1.000000
0.145133 0.963660 -0.224267 6.728800 0.002639 -0.227043 -0.973881 11.756600 -0.989409 0.140751 -0.035494 -2.058500 0.000000 0.000000 0.000000 1.000000
0.142447 0.957146 -0.252152 6.728800 0.000084 -0.254762 -0.967004 11.756600 -0.989802 0.137725 -0.036371 -2.058500 0.000000 0.000000 0.000000 1.000000
0.139985 0.950235 -0.278311 6.728800 -0.002781 -0.280700 -0.959791 11.756600 -0.990150 0.135131 -0.036651 -2.058500 0.000000 0.000000 0.000000 1.000000
0.137672 0.944464 -0.298386 6.728800 -0.004945 -0.300596 -0.953739 11.756600 -0.990466 0.132779 -0.036713 -2.058500 0.000000 0.000000 0.000000 1.000000
0.135435 0.940995 -0.310138 6.728800 -0.005923 -0.312248 -0.949982 11.756600 -0.990769 0.130498 -0.036716 -2.058500 0.000000 0.000000 0.000000 1.000000
0.133159 0.938039 -0.319923 6.728800 -0.006568 -0.321956 -0.946732 11.756600 -0.991073 0.128167 -0.036710 -2.058500 0.000000 0.000000 0.000000 1.000000
0.130947 0.935580 -0.327938 6.728800 -0.007124 -0.329890 -0.943992 11.756600 -0.991364 0.125949 -0.036533 -2.058500 0.000000 0.000000 0.000000 1.000000
0.128871 0.933605 -0.334325 6.728800 -0.007460 -0.336214 -0.941756 11.756600 -0.991633 0.123859 -0.036364 -2.058500 0.000000 0.000000 0.000000 1.000000
0.126926 0.932092 -0.339255 6.728800 -0.007609 -0.341096 -0.939998 11.756600 -0.991883 0.121892 -0.036202 -2.058500 0.000000 0.000000 0.000000 1.000000
0.125110 0.931008 -0.342888 6.728800 -0.007602 -0.344694 -0.938684 11.756600 -0.992114 0.120046 -0.036047 -2.058500 0.000000 0.000000 0.000000 1.000000
0.123417 0.930310 -0.345386 6.728800 -0.007466 -0.347167 -0.937774 11.756600 -0.992327 0.118316 -0.035900 -2.058500 0.000000 0.000000 0.000000 1.000000
0.121842 0.929951 -0.346909 6.728800 -0.007228 -0.348673 -0.937217 11.756600 -0.992523 0.116700 -0.035761 -2.058500 0.000000 0.000000 0.000000 1.000000
0.120378 0.929878 -0.347615 6.728800 -0.006911 -0.349367 -0.936960 11.756600 -0.992704 0.115191 -0.035630 -2.058500 0.000000 0.000000 0.000000 1.000000
0.119038 0.930036 -0.347653 6.728800 -0.006526 -0.349402 -0.936950 11.756600 -0.992868 0.113801 -0.035522 -2.058500 0.000000 0.000000 0.000000 1.000000
0.117792 0.930369 -0.347186 6.728800 -0.006108 -0.348935 -0.937127 11.756600 -0.993020 0.112507 -0.035419 -2.058500 0.000000 0.000000 0.000000 1.000000
0.116621 0.930820 -0.346372 6.728800 -0.005688 -0.348120 -0.937433 11.756600 -0.993160 0.111295 -0.035304 -2.058500 0.000000 0.000000 0.000000 1.000000
0.115527 0.931330 -0.345365 6.728800 -0.005282 -0.347113 -0.937809 11.756600 -0.993290 0.110167 -0.035182 -2.058500 0.000000 0.000000 0.000000 1.000000
0.114532 0.931842 -0.344314 6.728800 -0.004888 -0.346062 -0.938199 11.756600 -0.993408 0.109136 -0.035080 -2.058500 0.000000 0.000000 0.000000 1.000000
0.113605 0.932300 -0.343382 6.728800 -0.004545 -0.345128 -0.938545 11.756600 -0.993516 0.108184 -0.034970 -2.058500 0.000000 0.000000 0.000000 1.000000
0.112775 0.932646 -0.342715 6.728800 -0.004246 -0.344460 -0.938792 11.756600 -0.993611 0.107328 -0.034886 -2.058500 0.000000 0.000000 0.000000 1.000000
0.112073 0.932822 -0.342466 6.728800 -0.003986 -0.344213 -0.938883 11.756600 -0.993692 0.106589 -0.034858 -2.058500 0.000000 0.000000 0.000000 1.000000
0.111443 0.933027 -0.342113 6.728800 -0.003735 -0.343862 -0.939013 11.756600 -0.993764 0.105924 -0.034836 -2.058500 0.000000 0.000000 0.000000 1.000000
0.110824 0.933482 -0.341072 6.728800 -0.003461 -0.342821 -0.939394 11.756600 -0.993834 0.105288 -0.034762 -2.058500 0.000000 0.000000 0.000000 1.000000
0.110263 0.934158 -0.339397 6.728800 -0.003136 -0.341150 -0.940004 11.756600 -0.993898 0.104712 -0.034687 -2.058500 0.000000 0.000000 0.000000 1.000000
0.109787 0.935030 -0.337143 6.728800 -0.002748 -0.338906 -0.940816 11.756600 -0.993951 0.104216 -0.034638 -2.058500 0.000000 0.000000 0.000000 1.000000
0.109370 0.936071 -0.334378 6.728800 -0.002320 -0.336154 -0.941804 11.756600 -0.993998 0.103781 -0.034593 -2.058500 0.000000 0.000000 0.000000 1.000000
0.109061 0.937252 -0.331155 6.728800 -0.001871 -0.332948 -0.942943 11.756600 -0.994033 0.103458 -0.034558 -2.058500 0.000000 0.000000 0.000000 1.000000
0.108767 0.938552 -0.327551 6.728800 -0.001386 -0.329362 -0.944203 11.756600 -0.994066 0.103152 -0.034523 -2.058500 0.000000 0.000000 0.000000 1.000000
0.108488 0.939945 -0.323626 6.728800 -0.000872 -0.325457 -0.945556 11.756600 -0.994097 0.102864 -0.034489 -2.058500 0.000000 0.000000 0.000000 1.000000
0.108222 0.941405 -0.319443 6.728800 -0.000336 -0.321296 -0.946979 11.756600 -0.994127 0.102592 -0.034455 -2.058500 0.000000 0.000000 0.000000 1.000000
0.108003 0.942907 -0.315059 6.728800 0.000207 -0.316934 -0.948448 11.756600 -0.994151 0.102370 -0.034425 -2.058500 0.000000 0.000000 0.000000 1.000000
0.107846 0.944424 -0.310535 6.728800 0.000749 -0.312434 -0.949939 11.756600 -0.994167 0.102215 -0.034402 -2.058500 0.000000 0.000000 0.000000 1.000000
0.107840 0.945925 -0.305934 6.728800 0.001261 -0.307859 -0.951431 11.756600 -0.994167 0.102217 -0.034392 -2.058500 0.000000 0.000000 0.000000 1.000000
0.107831 0.947404 -0.301328 6.728800 0.001772 -0.303278 -0.952901 11.756600 -0.994168 0.102219 -0.034382 -2.058500 0.000000 0.000000 0.000000 1.000000
0.107821 0.948840 -0.296777 6.728800 0.002277 -0.298752 -0.954328 11.756600 -0.994168 0.102220 -0.034372 -2.058500 0.000000 0.000000 0.000000 1.000000
0.107808 0.950216 -0.292348 6.728800 0.002768 -0.294348 -0.955694 11.756600 -0.994168 0.102222 -0.034363 -2.058500 0.000000 0.000000 0.000000 1.000000
0.107793 0.951512 -0.288107 6.728800 0.003237 -0.290130 -0.956982 11.756600 -0.994168 0.102223 -0.034354 -2.058500 0.000000 0.000000 0.000000 1.000000
0.107777 0.952712 -0.284119 6.728800 0.003677 -0.286164 -0.958174 11.756600 -0.994168 0.102225 -0.034345 -2.058500 0.000000 0.000000 0.000000 1.000000
0.107762 0.953801 -0.280448 6.728800 0.004081 -0.282513 -0.959255 11.756600 -0.994168 0.102226 -0.034337 -2.058500 0.000000 0.000000 0.000000 1.000000</float_array>
        <technique_common>
          <accessor source="#mixamorig_LeftShoulder-Matrix-animation-output-transform-array" count="79" stride="16">
            <param type="float4x4"/>
          </accessor>
        </technique_common>
      </source>
      <source id="mixamorig_LeftShoulder-Interpolations">
        <Name_array id="mixamorig_LeftShoulder-Interpolations-array" count="79">
 LINEAR LINEAR LINEAR LINEAR LINEAR LINEAR LINEAR LINEAR LINEAR LINEAR LINEAR
LINEAR LINEAR LINEAR LINEAR LINEAR LINEAR LINEAR LINEAR LINEAR LINEAR LINEAR LINEAR
LINEAR LINEAR LINEAR LINEAR LINEAR LINEAR LINEAR LINEAR LINEAR LINEAR LINEAR LINEAR
LINEAR LINEAR LINEAR LINEAR LINEAR LINEAR LINEAR LINEAR LINEAR LINEAR LINEAR LINEAR
LINEAR LINEAR LINEAR LINEAR LINEAR LINEAR LINEAR LINEAR LINEAR LINEAR LINEAR LINEAR
LINEAR LINEAR LINEAR LINEAR LINEAR LINEAR LINEAR LINEAR LINEAR LINEAR LINEAR LINEAR
LINEAR LINEAR LINEAR LINEAR LINEAR LINEAR LINEAR LINEAR</Name_array>
        <technique_common>
          <accessor source="#mixamorig_LeftShoulder-Interpolations-array" count="79">
            <param type="name"/>
          </accessor>
        </technique_common>
      </source>
      <sampler id="mixamorig_LeftShoulder-Matrix-animation-transform">
        <input semantic="INPUT" source="#mixamorig_LeftShoulder-Matrix-animation-input"/>
        <input semantic="OUTPUT" source="#mixamorig_LeftShoulder-Matrix-animation-output-transform"/>
        <input semantic="INTERPOLATION" source="#mixamorig_LeftShoulder-Interpolations"/>
      </sampler>
      <channel source="#mixamorig_LeftShoulder-Matrix-animation-transform" target="mixamorig_LeftShoulder/matrix"/>
    </animation>
    <animation id="mixamorig_LeftArm-anim" name="mixamorig_LeftArm">
      <source id="mixamorig_LeftArm-Matrix-animation-input">
        <float_array id="mixamorig_LeftArm-Matrix-animation-input-array" count="79">

0.000000 0.033333 0.066667 0.100000 0.133333 0.166667 0.200000 0.233333 0.266667 0.300000 0.333333 0.366667 0.400000 0.433333 0.466667 0.500000
0.533333 0.566667 0.600000 0.633333 0.666667 0.700000 0.733333 0.766667 0.800000 0.833333 0.866667 0.900000 0.933333 0.966667 1.000000 1.033333
1.066667 1.100000 1.133333 1.166667 1.200000 1.233333 1.266667 1.300000 1.333333 1.366667 1.400000 1.433333 1.466667 1.500000 1.533333 1.566667
1.600000 1.633333 1.666667 1.700000 1.733333 1.766667 1.800000 1.833333 1.866667 1.900000 1.933333 1.966667 2.000000 2.033333 2.066667 2.100000
2.133333 2.166667 2.200000 2.233333 2.266667 2.300000 2.333333 2.366667 2.400000 2.433333 2.466667 2.500000 2.533333 2.566667 2.600000</float_array>
        <technique_common>
          <accessor source="#mixamorig_LeftArm-Matrix-animation-input-array" count="79">
            <param name="TIME" type="float"/>
          </accessor>
        </technique_common>
      </source>
      <source id="mixamorig_LeftArm-Matrix-animation-output-transform">
        <float_array id="mixamorig_LeftArm-Matrix-animation-output-transform-array" count="1264">

0.963840 -0.232519 0.130186 -0.000000 0.265752 0.802505 -0.534193 14.448800 0.019735 0.549474 0.835278 0.000000 0.000000 0.000000 0.000000 1.000000
0.960842 -0.246691 0.126202 0.000000 0.275776 0.806872 -0.522403 14.448800 0.027043 0.536750 0.843308 0.000000 0.000000 0.000000 0.000000 1.000000
0.951104 -0.287011 0.114131 0.000000 0.305214 0.816640 -0.489840 14.448800 0.047385 0.500724 0.864309 0.000000 0.000000 0.000000 0.000000 1.000000
0.924226 -0.368266 0.100925 -0.000000 0.372299 0.810345 -0.452475 14.448800 0.084847 0.455764 0.886048 0.000000 0.000000 0.000000 0.000000 1.000000
0.886381 -0.453379 0.093683 -0.000000 0.445953 0.781819 -0.435758 14.448800 0.124320 0.428026 0.895175 0.000000 0.000000 0.000000 0.000000 1.000000
0.873152 -0.478081 0.095102 0.000000 0.465598 0.760228 -0.453069 14.448800 0.144305 0.439878 0.886388 0.000000 0.000000 0.000000 0.000000 1.000000
0.904870 -0.415179 0.094006 0.000000 0.404313 0.769115 -0.494967 14.448800 0.133198 0.485889 0.863811 0.000000 0.000000 0.000000 0.000000 1.000000
0.923228 -0.355528 0.145773 0.000000 0.363163 0.683378 -0.633330 14.448800 0.125549 0.637648 0.760028 0.000000 0.000000 0.000000 0.000000 1.000000
0.948695 -0.279039 0.148712 0.000000 0.297827 0.630634 -0.716659 14.448800 0.106193 0.724181 0.681385 -0.000000 0.000000 0.000000 0.000000 1.000000
0.958307 -0.268743 0.097078 0.000000 0.257280 0.663723 -0.702339 14.448800 0.124316 0.698032 0.705192 -0.000000 0.000000 0.000000 0.000000 1.000000
0.900587 -0.431057 0.055978 0.000000 0.361942 0.672333 -0.645730 14.448800 0.240710 0.601796 0.761512 0.000000 0.000000 0.000000 0.000000 1.000000
0.767196 -0.640747 0.029207 0.000000 0.520854 0.595775 -0.611362 14.448800 0.374328 0.484247 0.790812 0.000000 0.000000 0.000000 0.000000 1.000000
0.593183 -0.804906 -0.016121 -0.000000 0.651440 0.491658 -0.577839 14.448800 0.473033 0.332262 0.815991 -0.000000 0.000000 0.000000 0.000000 1.000000
0.344273 -0.938726 -0.016425 0.000000 0.760063 0.288935 -0.582083 14.448800 0.551162 0.187912 0.812963 0.000000 0.000000 0.000000 0.000000 1.000000
0.118448 -0.992284 -0.036632 -0.000000 0.808851 0.117819 -0.576089 14.448800 0.575960 0.038607 0.816566 0.000000 0.000000 0.000000 0.000000 1.000000
-0.015843 -0.994693 -0.101663 -0.000000 0.829830 0.043641 -0.556307 14.448800 0.557791 -0.093177 0.824734 0.000000 0.000000 0.000000 0.000000 1.000000
-0.056379 -0.979669 -0.192533 0.000000 0.845229 0.055809 -0.531482 14.448800 0.531422 -0.192699 0.824899 0.000000 0.000000 0.000000 0.000000 1.000000
-0.055135 -0.965058 -0.256170 0.000000 0.857274 0.085780 -0.507665 14.448800 0.511901 -0.247598 0.822589 0.000000 0.000000 0.000000 0.000000 1.000000
-0.000554 -0.949465 -0.313872 -0.000000 0.864175 0.157483 -0.477912 14.448800 0.503190 -0.271506 0.820417 0.000000 0.000000 0.000000 0.000000 1.000000
0.111023 -0.912002 -0.394875 -0.000000 0.862479 0.285827 -0.417652 14.448800 0.493765 -0.294202 0.818316 0.000000 0.000000 0.000000 0.000000 1.000000
0.277388 -0.832356 -0.479832 0.000000 0.824590 0.462563 -0.325709 14.448800 0.493058 -0.305317 0.814662 0.000000 0.000000 0.000000 0.000000 1.000000
0.463365 -0.707802 -0.533207 -0.000000 0.726420 0.648005 -0.228920 14.448800 0.507550 -0.281258 0.814424 0.000000 0.000000 0.000000 0.000000 1.000000
0.667093 -0.514879 -0.538412 0.000000 0.523144 0.838308 -0.153492 14.448800 0.530385 -0.179273 0.828585 -0.000000 0.000000 0.000000 0.000000 1.000000
0.819375 -0.249878 -0.515931 -0.000000 0.234704 0.967339 -0.095762 14.448800 0.523009 -0.042626 0.851261 0.000000 0.000000 0.000000 0.000000 1.000000
0.859962 -0.060816 -0.506722 0.000000 0.043910 0.998010 -0.045260 14.448800 0.508466 0.016671 0.860921 -0.000000 0.000000 0.000000 0.000000 1.000000
0.863385 0.108074 -0.492835 0.000000 -0.128772 0.991641 -0.008136 14.448800 0.487836 0.070488 0.870085 0.000000 0.000000 0.000000 0.000000 1.000000
0.812619 0.388080 -0.434793 -0.000000 -0.442195 0.896535 -0.026239 14.448800 0.379624 0.213586 0.900148 0.000000 0.000000 0.000000 0.000000 1.000000
0.738256 0.544432 -0.398211 0.000000 -0.597216 0.802009 -0.010695 14.448800 0.313546 0.245714 0.917232 -0.000000 0.000000 0.000000 0.000000 1.000000
0.712863 0.592983 -0.374429 0.000000 -0.616553 0.784343 0.068328 14.448800 0.334199 0.182147 0.924734 0.000000 0.000000 0.000000 0.000000 1.000000
0.801350 0.411433 -0.434236 0.000000 -0.357861 0.911410 0.203143 14.448800 0.479346 -0.007393 0.877595 0.000000 0.000000 0.000000 0.000000 1.000000
0.841391 0.089974 -0.532884 0.000000 -0.015002 0.989552 0.143392 14.448800 0.540218 -0.112655 0.833950 0.000000 0.000000 0.000000 0.000000 1.000000
0.825026 -0.091083 -0.557705 0.000000 0.145341 0.987925 0.053660 14.448800 0.546084 -0.125328 0.828303 0.000000 0.000000 0.000000 0.000000 1.000000
0.809985 -0.180642 -0.557937 -0.000000 0.220770 0.975314 0.004727 14.448800 0.543310 -0.127005 0.829870 0.000000 0.000000 0.000000 0.000000 1.000000
0.802884 -0.255679 -0.538521 0.000000 0.260001 0.963095 -0.069622 14.448800 0.536448 -0.084118 0.839731 0.000000 0.000000 0.000000 0.000000 1.000000
0.812130 -0.328647 -0.482116 0.000000 0.257746 0.943362 -0.208890 14.448800 0.523461 0.045382 0.850840 0.000000 0.000000 0.000000 0.000000 1.000000
0.861048 -0.232888 -0.452063 0.000000 0.144865 0.964469 -0.220937 14.448800 0.487454 0.124749 0.864191 0.000000 0.000000 0.000000 0.000000 1.000000
0.900178 -0.086904 -0.426763 0.000000 -0.003201 0.978543 -0.206018 14.448800 0.435510 0.186819 0.880585 0.000000 0.000000 0.000000 0.000000 1.000000
0.913420 0.028125 -0.406045 0.000000 -0.113418 0.975683 -0.187559 14.448800 0.390896 0.217373 0.894399 0.000000 0.000000 0.000000 0.000000 1.000000
0.912594 0.134893 -0.385974 0.000000 -0.212323 0.963095 -0.165427 14.448800 0.349415 0.232919 0.907556 0.000000 0.000000 0.000000 0.000000 1.000000
0.910472 0.209186 -0.356766 -0.000000 -0.275655 0.950038 -0.146430 14.448800 0.308311 0.231665 0.922646 0.000000 0.000000 0.000000 0.000000 1.000000
0.900033 0.273924 -0.338979 0.000000 -0.330439 0.936045 -0.120953 14.448800 0.284168 0.220874 0.932986 0.000000 0.000000 0.000000 0.000000 1.000000
0.890258 0.325079 -0.319006 -0.000000 -0.371182 0.923734 -0.094547 14.448800 0.263942 0.202581 0.943025 0.000000 0.000000 0.000000 0.000000 1.000000
0.881013 0.357916 -0.309374 0.000000 -0.395691 0.915923 -0.067187 14.448800 0.259316 0.181609 0.948564 0.000000 0.000000 0.000000 0.000000 1.000000
0.874368 0.374360 -0.308763 0.000000 -0.405921 0.912913 -0.042643 14.448800 0.265909 0.162619 0.950183 0.000000 0.000000 0.000000 0.000000 1.000000
0.868021 0.383358 -0.315558 0.000000 -0.407314 0.913222 -0.010984 14.448800 0.283964 0.138065 0.948843 0.000000 0.000000 0.000000 0.000000 1.000000
0.862768 0.388200 -0.323933 -0.000000 -0.398928 0.916292 0.035571 14.448800 0.310626 0.098536 0.945411 0.000000 0.000000 0.000000 0.000000 1.000000
0.861689 0.396562 -0.316592 0.000000 -0.383985 0.917454 0.104085 14.448800 0.331735 0.031878 0.942834 0.000000 0.000000 0.000000 0.000000 1.000000
0.859987 0.398499 -0.318782 0.000000 -0.370234 0.917125 0.147678 14.448800 0.351212 -0.008977 0.936253 0.000000 0.000000 0.000000 0.000000 1.000000
0.861054 0.393716 -0.321829 0.000000 -0.362473 0.919085 0.154586 14.448800 0.356651 -0.016453 0.934093 0.000000 0.000000 0.000000 0.000000 1.000000
0.863372 0.386346 -0.324540 0.000000 -0.358276 0.922312 0.144839 14.448800 0.355285 -0.008776 0.934717 -0.000000 0.000000 0.000000 0.000000 1.000000
0.865874 0.378965 -0.326569 0.000000 -0.357384 0.925382 0.126274 14.448800 0.350055 0.007373 0.936700 0.000000 0.000000 0.000000 0.000000 1.000000
0.868769 0.370548 -0.328534 0.000000 -0.360604 0.928055 0.093163 14.448800 0.339418 0.037534 0.939886 0.000000 0.000000 0.000000 0.000000 1.000000
0.871829 0.362089 -0.329856 -0.000000 -0.361784 0.930015 0.064678 14.448800 0.330190 0.062949 0.941813 -0.000000 0.000000 0.000000 0.000000 1.000000
0.873820 0.355460 -0.331793 0.000000 -0.354878 0.932679 0.064591 14.448800 0.332416 0.061305 0.941138 -0.000000 0.000000 0.000000 0.000000 1.000000
0.875919 0.349220 -0.332884 0.000000 -0.341693 0.936141 0.082982 14.448800 0.340606 0.041059 0.939309 -0.000000 0.000000 0.000000 0.000000 1.000000
0.878375 0.342658 -0.333231 0.000000 -0.323782 0.939417 0.112524 14.448800 0.351600 0.009055 0.936107 0.000000 0.000000 0.000000 0.000000 1.000000
0.880458 0.335469 -0.335044 -0.000000 -0.305200 0.941798 0.140961 14.448800 0.362832 -0.021855 0.931598 -0.000000 0.000000 0.000000 0.000000 1.000000
0.880991 0.327828 -0.341151 0.000000 -0.291533 0.944033 0.154308 14.448800 0.372644 -0.036487 0.927257 0.000000 0.000000 0.000000 0.000000 1.000000
0.880404 0.320684 -0.349358 0.000000 -0.285989 0.946691 0.148278 14.448800 0.378284 -0.030632 0.925183 0.000000 0.000000 0.000000 0.000000 1.000000
0.882567 0.315231 -0.348863 -0.000000 -0.287299 0.948896 0.130597 14.448800 0.372203 -0.015032 0.928030 -0.000000 0.000000 0.000000 0.000000 1.000000
0.883179 0.311731 -0.350454 -0.000000 -0.288053 0.950160 0.119250 14.448800 0.370161 -0.004370 0.928957 0.000000 0.000000 0.000000 0.000000 1.000000
0.883146 0.309209 -0.352765 0.000000 -0.288496 0.950988 0.111321 14.448800 0.369896 0.003459 0.929067 0.000000 0.000000 0.000000 0.000000 1.000000
0.882945 0.306593 -0.355540 0.000000 -0.288937 0.951770 0.103195 14.448800 0.370032 0.011613 0.928947 0.000000 0.000000 0.000000 0.000000 1.000000
0.883287 0.302910 -0.357840 -0.000000 -0.289259 0.952770 0.092514 14.448800 0.368963 0.021792 0.929189 0.000000 0.000000 0.000000 0.000000 1.000000
0.884718 0.296854 -0.359377 0.000000 -0.287581 0.954378 0.080370 14.448800 0.366840 0.032245 0.929725 0.000000 0.000000 0.000000 0.000000 1.000000
0.886543 0.289762 -0.360665 -0.000000 -0.284638 0.956181 0.068545 14.448800 0.364723 0.041891 0.930173 0.000000 0.000000 0.000000 0.000000 1.000000
0.888310 0.282775 -0.361861 0.000000 -0.281531 0.957835 0.057384 14.448800 0.362830 0.050900 0.930464 0.000000 0.000000 0.000000 0.000000 1.000000
0.889858 0.276324 -0.363041 0.000000 -0.278155 0.959317 0.048380 14.448800 0.361640 0.057930 0.930516 0.000000 0.000000 0.000000 0.000000 1.000000
0.890705 0.271319 -0.364733 -0.000000 -0.273221 0.960779 0.047480 14.448800 0.363310 0.057362 0.929901 0.000000 0.000000 0.000000 0.000000 1.000000
0.891449 0.266678 -0.366336 -0.000000 -0.268474 0.962135 0.047085 14.448800 0.365021 0.056378 0.929291 0.000000 0.000000 0.000000 0.000000 1.000000
0.892089 0.262754 -0.367610 -0.000000 -0.264741 0.963221 0.046019 14.448800 0.366182 0.056268 0.928841 0.000000 0.000000 0.000000 0.000000 1.000000
0.892921 0.258505 -0.368602 0.000000 -0.261584 0.964242 0.042559 14.448800 0.366423 0.058419 0.928613 -0.000000 0.000000 0.000000 0.000000 1.000000
0.893857 0.254158 -0.369357 0.000000 -0.258922 0.965168 0.037541 14.448800 0.366032 0.062079 0.928529 0.000000 0.000000 0.000000 0.000000 1.000000
0.894635 0.251082 -0.369576 0.000000 -0.257915 0.965647 0.031702 14.448800 0.364839 0.066958 0.928660 0.000000 0.000000 0.000000 0.000000 1.000000
0.895308 0.248908 -0.369418 -0.000000 -0.258061 0.965797 0.025309 14.448800 0.363082 0.072673 0.928919 -0.000000 0.000000 0.000000 0.000000 1.000000
0.895927 0.247246 -0.369032 0.000000 -0.258874 0.965733 0.018539 14.448800 0.360970 0.078923 0.929232 -0.000000 0.000000 0.000000 0.000000 1.000000
0.896521 0.245855 -0.368518 0.000000 -0.260027 0.965532 0.011561 14.448800 0.358658 0.085460 0.929549 0.000000 0.000000 0.000000 0.000000 1.000000
0.897116 0.244494 -0.367974 -0.000000 -0.261202 0.965273 0.004550 14.448800 0.356308 0.092034 0.929825 0.000000 0.000000 0.000000 0.000000 1.000000
0.897740 0.242930 -0.367489 -0.000000 -0.262092 0.965040 -0.002320 14.448800 0.354078 0.098398 0.930025 0.000000 0.000000 0.000000 0.000000 1.000000</float_array>
        <technique_common>
          <accessor source="#mixamorig_LeftArm-Matrix-animation-output-transform-array" count="79" stride="16">
            <param type="float4x4"/>
          </accessor>
        </technique_common>
      </source>
      <source id="mixamorig_LeftArm-Interpolations">
        <Name_array id="mixamorig_LeftArm-Interpolations-array" count="79">
 LINEAR LINEAR LINEAR LINEAR LINEAR LINEAR LINEAR LINEAR LINEAR LINEAR LINEAR
LINEAR LINEAR LINEAR LINEAR LINEAR LINEAR LINEAR LINEAR LINEAR LINEAR LINEAR LINEAR
LINEAR LINEAR LINEAR LINEAR LINEAR LINEAR LINEAR LINEAR LINEAR LINEAR LINEAR LINEAR
LINEAR LINEAR LINEAR LINEAR LINEAR LINEAR LINEAR LINEAR LINEAR LINEAR LINEAR LINEAR
LINEAR LINEAR LINEAR LINEAR LINEAR LINEAR LINEAR LINEAR LINEAR LINEAR LINEAR LINEAR
LINEAR LINEAR LINEAR LINEAR LINEAR LINEAR LINEAR LINEAR LINEAR LINEAR LINEAR LINEAR
LINEAR LINEAR LINEAR LINEAR LINEAR LINEAR LINEAR LINEAR</Name_array>
        <technique_common>
          <accessor source="#mixamorig_LeftArm-Interpolations-array" count="79">
            <param type="name"/>
          </accessor>
        </technique_common>
      </source>
      <sampler id="mixamorig_LeftArm-Matrix-animation-transform">
        <input semantic="INPUT" source="#mixamorig_LeftArm-Matrix-animation-input"/>
        <input semantic="OUTPUT" source="#mixamorig_LeftArm-Matrix-animation-output-transform"/>
        <input semantic="INTERPOLATION" source="#mixamorig_LeftArm-Interpolations"/>
      </sampler>
      <channel source="#mixamorig_LeftArm-Matrix-animation-transform" target="mixamorig_LeftArm/matrix"/>
    </animation>
    <animation id="mixamorig_LeftForeArm-anim" name="mixamorig_LeftForeArm">
      <source id="mixamorig_LeftForeArm-Matrix-animation-input">
        <float_array id="mixamorig_LeftForeArm-Matrix-animation-input-array" count="79">

0.000000 0.033333 0.066667 0.100000 0.133333 0.166667 0.200000 0.233333 0.266667 0.300000 0.333333 0.366667 0.400000 0.433333 0.466667 0.500000
0.533333 0.566667 0.600000 0.633333 0.666667 0.700000 0.733333 0.766667 0.800000 0.833333 0.866667 0.900000 0.933333 0.966667 1.000000 1.033333
1.066667 1.100000 1.133333 1.166667 1.200000 1.233333 1.266667 1.300000 1.333333 1.366667 1.400000 1.433333 1.466667 1.500000 1.533333 1.566667
1.600000 1.633333 1.666667 1.700000 1.733333 1.766667 1.800000 1.833333 1.866667 1.900000 1.933333 1.966667 2.000000 2.033333 2.066667 2.100000
2.133333 2.166667 2.200000 2.233333 2.266667 2.300000 2.333333 2.366667 2.400000 2.433333 2.466667 2.500000 2.533333 2.566667 2.600000</float_array>
        <technique_common>
          <accessor source="#mixamorig_LeftForeArm-Matrix-animation-input-array" count="79">
            <param name="TIME" type="float"/>
          </accessor>
        </technique_common>
      </source>
      <source id="mixamorig_LeftForeArm-Matrix-animation-output-transform">
        <float_array id="mixamorig_LeftForeArm-Matrix-animation-output-transform-array" count="1264">

-0.061236 -0.998000 -0.015694 0.000000 0.849642 -0.043869 -0.525531 23.160299 0.523792 -0.045515 0.850629 0.000000 0.000000 0.000000 0.000000 1.000000
0.028626 -0.997091 -0.070643 0.000000 0.888564 0.057754 -0.455103 23.160299 0.457859 -0.049743 0.887632 -0.000000 0.000000 0.000000 0.000000 1.000000
0.282283 -0.948596 -0.143117 0.000000 0.909664 0.312053 -0.274107 23.160299 0.304677 -0.052813 0.950990 -0.000000 0.000000 0.000000 0.000000 1.000000
0.615958 -0.779527 -0.113723 0.000000 0.776788 0.625032 -0.077041 23.160299 0.131136 -0.040885 0.990521 0.000000 0.000000 0.000000 0.000000 1.000000
0.849041 -0.525122 -0.058104 -0.000000 0.525567 0.850709 -0.008573 23.160299 0.053932 -0.023259 0.998274 0.000000 0.000000 0.000000 0.000000 1.000000
0.922063 -0.372921 -0.103586 0.000000 0.372295 0.927749 -0.026037 23.160299 0.105812 -0.014557 0.994280 0.000000 0.000000 0.000000 0.000000 1.000000
0.859939 -0.494878 -0.124901 0.000000 0.486683 0.868779 -0.091447 23.160299 0.153766 0.017852 0.987946 -0.000000 0.000000 0.000000 0.000000 1.000000
0.854172 -0.519896 -0.009892 0.000000 0.516182 0.850062 -0.104640 23.160299 0.062811 0.084275 0.994461 0.000000 0.000000 0.000000 0.000000 1.000000
0.681945 -0.637152 0.359150 0.000000 0.713702 0.687067 -0.136264 23.160299 -0.159940 0.349250 0.923279 0.000000 0.000000 0.000000 0.000000 1.000000
0.443159 -0.636215 0.631539 -0.000000 0.894368 0.361696 -0.263216 23.160299 -0.060963 0.681474 0.729299 0.000000 0.000000 0.000000 0.000000 1.000000
0.474033 -0.574626 0.667156 -0.000000 0.841065 0.071267 -0.536218 23.160299 0.260579 0.815307 0.517081 0.000000 0.000000 0.000000 0.000000 1.000000
0.426256 -0.618011 0.660582 0.000000 0.810338 -0.063707 -0.582490 23.160299 0.402068 0.783584 0.473642 0.000000 0.000000 0.000000 0.000000 1.000000
0.226723 -0.734948 0.639099 0.000000 0.921196 -0.051230 -0.385711 23.160299 0.316219 0.676185 0.665417 -0.000000 0.000000 0.000000 0.000000 1.000000
0.200036 -0.803767 0.560308 -0.000000 0.979221 0.144543 -0.142245 23.160299 0.033343 0.577119 0.815979 0.000000 0.000000 0.000000 0.000000 1.000000
0.254296 -0.813637 0.522809 -0.000000 0.953226 0.302186 0.006635 23.160299 -0.163384 0.496667 0.852424 0.000000 0.000000 0.000000 0.000000 1.000000
0.297129 -0.825458 0.479930 0.000000 0.931900 0.360207 0.042593 23.160299 -0.208033 0.434591 0.876272 0.000000 0.000000 0.000000 0.000000 1.000000
0.315346 -0.848569 0.424838 0.000000 0.936914 0.349550 0.002744 23.160299 -0.150830 0.397171 0.905265 -0.000000 0.000000 0.000000 0.000000 1.000000
0.295144 -0.880251 0.371549 -0.000000 0.950492 0.310077 -0.020420 23.160299 -0.097234 0.359181 0.928189 0.000000 0.000000 0.000000 0.000000 1.000000
0.249318 -0.912050 0.325586 0.000000 0.964915 0.262540 -0.003443 23.160299 -0.082340 0.315021 0.945506 0.000000 0.000000 0.000000 0.000000 1.000000
0.158490 -0.954764 0.251608 0.000000 0.985682 0.167848 0.016037 23.160299 -0.057543 0.245464 0.967696 0.000000 0.000000 0.000000 0.000000 1.000000
0.067018 -0.985191 0.157820 0.000000 0.997584 0.069060 0.007485 23.160299 -0.018273 0.156937 0.987440 -0.000000 0.000000 0.000000 0.000000 1.000000
-0.013987 -0.996380 0.083854 0.000000 0.998330 -0.018618 -0.054694 23.160299 0.056058 0.082948 0.994976 -0.000000 0.000000 0.000000 0.000000 1.000000
-0.087561 -0.995318 0.040917 0.000000 0.983362 -0.092926 -0.156092 23.160299 0.159164 0.026569 0.986895 0.000000 0.000000 0.000000 0.000000 1.000000
-0.133981 -0.990353 0.035352 -0.000000 0.955531 -0.138562 -0.260309 23.160299 0.262696 -0.001097 0.964878 -0.000000 0.000000 0.000000 0.000000 1.000000
-0.077878 -0.992911 0.089790 0.000000 0.975324 -0.094541 -0.199514 23.160299 0.206588 0.072036 0.975773 0.000000 0.000000 0.000000 0.000000 1.000000
-0.080441 -0.984982 0.152772 -0.000000 0.995864 -0.072924 0.054195 23.160299 -0.042240 0.156500 0.986774 0.000000 0.000000 0.000000 0.000000 1.000000
0.071690 -0.964589 0.253829 -0.000000 0.939270 0.150914 0.308215 23.160299 -0.335607 0.216318 0.916828 0.000000 0.000000 0.000000 0.000000 1.000000
0.386925 -0.828737 0.404331 0.000000 0.823487 0.507855 0.252888 23.160299 -0.414919 0.235113 0.878957 0.000000 0.000000 0.000000 0.000000 1.000000
0.309929 -0.849586 0.426787 0.000000 0.878059 0.427928 0.214220 23.160299 -0.364632 0.308351 0.878614 -0.000000 0.000000 0.000000 0.000000 1.000000
0.038442 -0.910142 0.412509 0.000000 0.978896 0.117218 0.167401 23.160299 -0.200712 0.397368 0.895440 -0.000000 0.000000 0.000000 0.000000 1.000000
0.180869 -0.849200 0.496131 0.000000 0.950286 0.280898 0.134364 23.160299 -0.253464 0.447164 0.857788 -0.000000 0.000000 0.000000 0.000000 1.000000
0.302330 -0.778041 0.550681 0.000000 0.905680 0.414608 0.088559 23.160299 -0.297220 0.471967 0.830005 0.000000 0.000000 0.000000 0.000000 1.000000
0.344500 -0.753875 0.559457 0.000000 0.900873 0.433120 0.028898 23.160299 -0.264097 0.494044 0.828356 0.000000 0.000000 0.000000 0.000000 1.000000
0.406470 -0.716972 0.566333 0.000000 0.877440 0.479125 -0.023192 23.160299 -0.254716 0.506350 0.823850 0.000000 0.000000 0.000000 0.000000 1.000000
0.555092 -0.619424 0.555146 0.000000 0.775074 0.627411 -0.074942 23.160299 -0.301883 0.471879 0.828370 0.000000 0.000000 0.000000 0.000000 1.000000
0.607378 -0.602856 0.517355 0.000000 0.751638 0.646919 -0.128595 23.160299 -0.257162 0.466969 0.846054 0.000000 0.000000 0.000000 0.000000 1.000000
0.648454 -0.598672 0.470211 0.000000 0.735762 0.651393 -0.185315 23.160299 -0.195349 0.466132 0.862879 -0.000000 0.000000 0.000000 0.000000 1.000000
0.691931 -0.595862 0.407651 -0.000000 0.712336 0.655366 -0.251145 23.160299 -0.117513 0.464159 0.877922 0.000000 0.000000 0.000000 0.000000 1.000000
0.728223 -0.595705 0.338861 0.000000 0.684498 0.656702 -0.316551 23.160299 -0.033960 0.462469 0.885985 0.000000 0.000000 0.000000 0.000000 1.000000
0.769681 -0.584332 0.257192 -0.000000 0.636680 0.672738 -0.376911 23.160299 0.047219 0.453850 0.889826 0.000000 0.000000 0.000000 0.000000 1.000000
0.828237 -0.542618 0.139961 0.000000 0.550147 0.739837 -0.387271 23.160299 0.106592 0.397752 0.911280 0.000000 0.000000 0.000000 0.000000 1.000000
0.877318 -0.479904 0.002528 0.000000 0.452824 0.826045 -0.335560 23.160299 0.158948 0.295537 0.942016 0.000000 0.000000 0.000000 0.000000 1.000000
0.916247 -0.378038 -0.132586 0.000000 0.340744 0.909445 -0.238334 23.160299 0.210679 0.173195 0.962090 0.000000 0.000000 0.000000 0.000000 1.000000
0.933034 -0.282086 -0.223329 0.000000 0.255126 0.956402 -0.142150 23.160299 0.253691 0.075653 0.964322 -0.000000 0.000000 0.000000 0.000000 1.000000
0.952391 -0.203209 -0.227282 -0.000000 0.191878 0.978838 -0.071126 23.160299 0.236926 0.024130 0.971228 -0.000000 0.000000 0.000000 0.000000 1.000000
0.969421 -0.157125 -0.188509 -0.000000 0.153390 0.987569 -0.034331 23.160299 0.191560 0.004365 0.981471 -0.000000 0.000000 0.000000 0.000000 1.000000
0.975233 -0.160819 -0.151850 0.000000 0.151630 0.985931 -0.070346 23.160299 0.161026 0.045578 0.985897 0.000000 0.000000 0.000000 0.000000 1.000000
0.977545 -0.164007 -0.132317 0.000000 0.149792 0.982455 -0.111104 23.160299 0.148218 0.088789 0.984961 -0.000000 0.000000 0.000000 0.000000 1.000000
0.978227 -0.164289 -0.126810 0.000000 0.149569 0.981681 -0.118028 23.160299 0.143878 0.096492 0.984880 -0.000000 0.000000 0.000000 0.000000 1.000000
0.979937 -0.160821 -0.117728 0.000000 0.147273 0.982274 -0.115966 23.160299 0.134291 0.096301 0.986252 0.000000 0.000000 0.000000 0.000000 1.000000
0.980270 -0.168446 -0.103421 0.000000 0.156474 0.981003 -0.114668 23.160299 0.120772 0.096223 0.988006 0.000000 0.000000 0.000000 0.000000 1.000000
0.979263 -0.180739 -0.091528 -0.000000 0.170252 0.979043 -0.111757 23.160299 0.109809 0.093857 0.989511 0.000000 0.000000 0.000000 0.000000 1.000000
0.975943 -0.204003 -0.076932 -0.000000 0.195382 0.974913 -0.106632 23.160299 0.096755 0.089036 0.991318 0.000000 0.000000 0.000000 0.000000 1.000000
0.973330 -0.220644 -0.062802 0.000000 0.213427 0.971322 -0.104802 23.160299 0.084125 0.088604 0.992508 -0.000000 0.000000 0.000000 0.000000 1.000000
0.969392 -0.235616 -0.069023 -0.000000 0.227765 0.967987 -0.105468 23.160299 0.091663 0.086519 0.992024 0.000000 0.000000 0.000000 0.000000 1.000000
0.965678 -0.240445 -0.098248 0.000000 0.230407 0.967591 -0.103344 23.160299 0.119913 0.077160 0.989781 0.000000 0.000000 0.000000 0.000000 1.000000
0.964266 -0.240869 -0.110330 0.000000 0.230272 0.967915 -0.100578 23.160299 0.131016 0.071578 0.988793 0.000000 0.000000 0.000000 0.000000 1.000000
0.963867 -0.239098 -0.117441 -0.000000 0.228208 0.968571 -0.098954 23.160299 0.137409 0.068577 0.988138 -0.000000 0.000000 0.000000 0.000000 1.000000
0.964722 -0.237345 -0.113925 0.000000 0.227144 0.969156 -0.095621 23.160299 0.133106 0.066370 0.988877 -0.000000 0.000000 0.000000 0.000000 1.000000
0.963537 -0.235017 -0.127922 -0.000000 0.223926 0.969936 -0.095298 23.160299 0.146473 0.063178 0.987195 0.000000 0.000000 0.000000 0.000000 1.000000
0.963038 -0.230940 -0.138652 0.000000 0.219320 0.971101 -0.094140 23.160299 0.156386 0.060252 0.985857 0.000000 0.000000 0.000000 0.000000 1.000000
0.962502 -0.226498 -0.149293 0.000000 0.214416 0.972325 -0.092790 23.160299 0.166178 0.057300 0.984430 0.000000 0.000000 0.000000 0.000000 1.000000
0.961744 -0.223081 -0.159005 0.000000 0.210650 0.973281 -0.091378 23.160299 0.175141 0.054388 0.983040 0.000000 0.000000 0.000000 0.000000 1.000000
0.960724 -0.222859 -0.165358 -0.000000 0.210595 0.973555 -0.088542 23.160299 0.180718 0.050241 0.982251 -0.000000 0.000000 0.000000 0.000000 1.000000
0.959596 -0.230369 -0.161572 0.000000 0.219036 0.972007 -0.085004 23.160299 0.176631 0.046180 0.983193 -0.000000 0.000000 0.000000 0.000000 1.000000
0.960347 -0.231503 -0.155368 0.000000 0.221390 0.971919 -0.079746 23.160299 0.169467 0.042187 0.984633 0.000000 0.000000 0.000000 0.000000 1.000000
0.963251 -0.223326 -0.149240 -0.000000 0.214561 0.974004 -0.072665 23.160299 0.161589 0.037973 0.986127 -0.000000 0.000000 0.000000 0.000000 1.000000
0.966529 -0.213006 -0.143007 0.000000 0.205505 0.976462 -0.065493 23.160299 0.153591 0.033912 0.987552 0.000000 0.000000 0.000000 0.000000 1.000000
0.969999 -0.201881 -0.135446 -0.000000 0.195459 0.978918 -0.059286 23.160299 0.144559 0.031033 0.989009 0.000000 0.000000 0.000000 0.000000 1.000000
0.972328 -0.196937 -0.125676 -0.000000 0.191575 0.980017 -0.053528 23.160299 0.133706 0.027970 0.990626 -0.000000 0.000000 0.000000 0.000000 1.000000
0.974403 -0.193001 -0.115282 0.000000 0.188615 0.980881 -0.047922 23.160299 0.122327 0.024952 0.992176 0.000000 0.000000 0.000000 0.000000 1.000000
0.975551 -0.191591 -0.107675 -0.000000 0.187884 0.981220 -0.043675 23.160299 0.114021 0.022377 0.993226 0.000000 0.000000 0.000000 0.000000 1.000000
0.976124 -0.191894 -0.101781 -0.000000 0.188699 0.981210 -0.040239 23.160299 0.107590 0.020072 0.993993 0.000000 0.000000 0.000000 0.000000 1.000000
0.976350 -0.193265 -0.096902 0.000000 0.190483 0.980983 -0.037270 23.160299 0.102262 0.017930 0.994596 0.000000 0.000000 0.000000 0.000000 1.000000
0.976347 -0.195295 -0.092766 0.000000 0.192860 0.980616 -0.034613 23.160299 0.097728 0.015904 0.995086 0.000000 0.000000 0.000000 0.000000 1.000000
0.976229 -0.197584 -0.089091 -0.000000 0.195453 0.980187 -0.032123 23.160299 0.093673 0.013946 0.995505 0.000000 0.000000 0.000000 0.000000 1.000000
0.976107 -0.199723 -0.085593 -0.000000 0.197874 0.979779 -0.029655 23.160299 0.089785 0.012010 0.995889 -0.000000 0.000000 0.000000 0.000000 1.000000
0.976091 -0.201306 -0.081983 0.000000 0.199731 0.979477 -0.027071 23.160299 0.085750 0.010049 0.996266 0.000000 0.000000 0.000000 0.000000 1.000000
0.976291 -0.201933 -0.077969 -0.000000 0.200634 0.979367 -0.024233 23.160299 0.081253 0.008015 0.996661 -0.000000 0.000000 0.000000 0.000000 1.000000</float_array>
        <technique_common>
          <accessor source="#mixamorig_LeftForeArm-Matrix-animation-output-transform-array" count="79" stride="16">
            <param type="float4x4"/>
          </accessor>
        </technique_common>
      </source>
      <source id="mixamorig_LeftForeArm-Interpolations">
        <Name_array id="mixamorig_LeftForeArm-Interpolations-array" count="79">
 LINEAR LINEAR LINEAR LINEAR LINEAR LINEAR LINEAR LINEAR LINEAR LINEAR LINEAR
LINEAR LINEAR LINEAR LINEAR LINEAR LINEAR LINEAR LINEAR LINEAR LINEAR LINEAR LINEAR
LINEAR LINEAR LINEAR LINEAR LINEAR LINEAR LINEAR LINEAR LINEAR LINEAR LINEAR LINEAR
LINEAR LINEAR LINEAR LINEAR LINEAR LINEAR LINEAR LINEAR LINEAR LINEAR LINEAR LINEAR
LINEAR LINEAR LINEAR LINEAR LINEAR LINEAR LINEAR LINEAR LINEAR LINEAR LINEAR LINEAR
LINEAR LINEAR LINEAR LINEAR LINEAR LINEAR LINEAR LINEAR LINEAR LINEAR LINEAR LINEAR
LINEAR LINEAR LINEAR LINEAR LINEAR LINEAR LINEAR LINEAR</Name_array>
        <technique_common>
          <accessor source="#mixamorig_LeftForeArm-Interpolations-array" count="79">
            <param type="name"/>
          </accessor>
        </technique_common>
      </source>
      <sampler id="mixamorig_LeftForeArm-Matrix-animation-transform">
        <input semantic="INPUT" source="#mixamorig_LeftForeArm-Matrix-animation-input"/>
        <input semantic="OUTPUT" source="#mixamorig_LeftForeArm-Matrix-animation-output-transform"/>
        <input semantic="INTERPOLATION" source="#mixamorig_LeftForeArm-Interpolations"/>
      </sampler>
      <channel source="#mixamorig_LeftForeArm-Matrix-animation-transform" target="mixamorig_LeftForeArm/matrix"/>
    </animation>
    <animation id="mixamorig_LeftHand-anim" name="mixamorig_LeftHand">
      <source id="mixamorig_LeftHand-Matrix-animation-input">
        <float_array id="mixamorig_LeftHand-Matrix-animation-input-array" count="79">

0.000000 0.033333 0.066667 0.100000 0.133333 0.166667 0.200000 0.233333 0.266667 0.300000 0.333333 0.366667 0.400000 0.433333 0.466667 0.500000
0.533333 0.566667 0.600000 0.633333 0.666667 0.700000 0.733333 0.766667 0.800000 0.833333 0.866667 0.900000 0.933333 0.966667 1.000000 1.033333
1.066667 1.100000 1.133333 1.166667 1.200000 1.233333 1.266667 1.300000 1.333333 1.366667 1.400000 1.433333 1.466667 1.500000 1.533333 1.566667
1.600000 1.633333 1.666667 1.700000 1.733333 1.766667 1.800000 1.833333 1.866667 1.900000 1.933333 1.966667 2.000000 2.033333 2.066667 2.100000
2.133333 2.166667 2.200000 2.233333 2.266667 2.300000 2.333333 2.366667 2.400000 2.433333 2.466667 2.500000 2.533333 2.566667 2.600000</float_array>
        <technique_common>
          <accessor source="#mixamorig_LeftHand-Matrix-animation-input-array" count="79">
            <param name="TIME" type="float"/>
          </accessor>
        </technique_common>
      </source>
      <source id="mixamorig_LeftHand-Matrix-animation-output-transform">
        <float_array id="mixamorig_LeftHand-Matrix-animation-output-transform-array" count="1264">

0.999978 -0.006542 0.000842 -0.000000 0.006580 0.998358 -0.056899 24.071800 -0.000468 0.056903 0.998380 0.000000 0.000000 0.000000 0.000000 1.000000
0.998477 -0.054202 -0.010330 0.000000 0.053934 0.998239 -0.024708 24.071800 0.011651 0.024113 0.999641 -0.000000 0.000000 0.000000 0.000000 1.000000
0.985561 -0.167183 -0.026838 0.000000 0.168357 0.984460 0.049951 24.071800 0.018070 -0.053748 0.998391 0.000000 0.000000 0.000000 0.000000 1.000000
0.958899 -0.282652 -0.024912 -0.000000 0.283410 0.949773 0.132700 24.071800 -0.013847 -0.134306 0.990843 -0.000000 0.000000 0.000000 0.000000 1.000000
0.940184 -0.340262 0.016639 0.000000 0.331382 0.924790 0.186947 24.071800 -0.078999 -0.170251 0.982229 0.000000 0.000000 0.000000 0.000000 1.000000
0.953652 -0.278322 0.114385 -0.000000 0.254648 0.948977 0.186001 24.071800 -0.160317 -0.148253 0.975869 0.000000 0.000000 0.000000 0.000000 1.000000
0.956992 0.040786 0.287234 0.000000 -0.082156 0.987640 0.133484 24.071800 -0.278240 -0.151341 0.948514 0.000000 0.000000 0.000000 0.000000 1.000000
0.684619 0.408333 0.603789 -0.000000 -0.337265 0.911806 -0.234225 24.071800 -0.646181 -0.043282 0.761956 0.000000 0.000000 0.000000 0.000000 1.000000
0.826243 0.317387 0.465391 -0.000000 -0.183004 0.932589 -0.311105 24.071800 -0.532759 0.171880 0.828628 0.000000 0.000000 0.000000 0.000000 1.000000
0.977795 -0.019649 0.208641 0.000000 0.051467 0.987619 -0.148189 24.071800 -0.203146 0.155637 0.966700 0.000000 0.000000 0.000000 0.000000 1.000000
0.908293 -0.355598 0.220351 0.000000 0.367676 0.929832 -0.015028 24.071800 -0.199545 0.094668 0.975305 0.000000 0.000000 0.000000 0.000000 1.000000
0.787659 -0.548896 0.279833 -0.000000 0.505287 0.835387 0.216366 24.071800 -0.352531 -0.029027 0.935350 0.000000 0.000000 0.000000 0.000000 1.000000
0.862347 -0.454070 0.224006 -0.000000 0.380229 0.872916 0.305686 24.071800 -0.334342 -0.178434 0.925406 0.000000 0.000000 0.000000 0.000000 1.000000
0.911853 -0.257751 0.319514 0.000000 0.206823 0.960766 0.184803 24.071800 -0.354612 -0.102430 0.929386 0.000000 0.000000 0.000000 0.000000 1.000000
0.847715 -0.090655 0.522648 -0.000000 0.124549 0.991760 -0.029989 24.071800 -0.515623 0.090517 0.852021 0.000000 0.000000 0.000000 0.000000 1.000000
0.738903 0.004367 0.673798 -0.000000 0.148102 0.974472 -0.168729 24.071800 -0.657334 0.224465 0.719394 0.000000 0.000000 0.000000 0.000000 1.000000
0.768003 -0.023372 0.640020 0.000000 0.102569 0.990923 -0.086893 24.071800 -0.632180 0.132380 0.763429 0.000000 0.000000 0.000000 0.000000 1.000000
0.871386 -0.139835 0.470247 -0.000000 0.096195 0.988612 0.115726 24.071800 -0.481075 -0.055606 0.874914 0.000000 0.000000 0.000000 0.000000 1.000000
0.925937 -0.297965 0.232074 0.000000 0.213012 0.919423 0.330587 24.071800 -0.311877 -0.256669 0.914797 0.000000 0.000000 0.000000 0.000000 1.000000
0.931767 -0.356059 0.070941 0.000000 0.282381 0.833559 0.474805 24.071800 -0.228192 -0.422375 0.877227 -0.000000 0.000000 0.000000 0.000000 1.000000
0.928989 -0.369642 0.018537 0.000000 0.294433 0.768464 0.568131 24.071800 -0.224250 -0.522330 0.822730 0.000000 0.000000 0.000000 0.000000 1.000000
0.961030 -0.276357 -0.006932 0.000000 0.230422 0.786933 0.572400 24.071800 -0.152732 -0.551691 0.819945 0.000000 0.000000 0.000000 0.000000 1.000000
0.981648 -0.181591 -0.058234 0.000000 0.186276 0.847682 0.496726 24.071800 -0.040837 -0.498457 0.865952 0.000000 0.000000 0.000000 0.000000 1.000000
0.991084 -0.114827 -0.067574 -0.000000 0.132029 0.914511 0.382410 24.071800 0.017886 -0.387922 0.921519 0.000000 0.000000 0.000000 0.000000 1.000000
0.995119 -0.098385 0.007621 0.000000 0.093901 0.967846 0.233361 24.071800 -0.030336 -0.231507 0.972360 0.000000 0.000000 0.000000 0.000000 1.000000
0.985181 0.049551 0.164206 -0.000000 -0.047700 0.998746 -0.015202 24.071800 -0.164753 0.007145 0.986309 0.000000 0.000000 0.000000 0.000000 1.000000
0.945183 -0.115616 0.305388 0.000000 0.123177 0.992369 -0.005540 24.071800 -0.302417 0.042853 0.952212 0.000000 0.000000 0.000000 0.000000 1.000000
0.819731 -0.270685 0.504748 0.000000 0.215213 0.962264 0.166527 24.071800 -0.530778 -0.027878 0.847052 0.000000 0.000000 0.000000 0.000000 1.000000
0.800786 0.000203 0.598951 0.000000 0.045134 0.997136 -0.060681 24.071800 -0.597248 0.075626 0.798483 0.000000 0.000000 0.000000 0.000000 1.000000
0.764049 0.498282 0.409810 0.000000 -0.223387 0.800241 -0.556518 24.071800 -0.605250 0.333661 0.722733 0.000000 0.000000 0.000000 0.000000 1.000000
0.758136 0.580228 0.297598 0.000000 -0.299781 0.715406 -0.631131 24.071800 -0.579103 0.389269 0.716316 -0.000000 0.000000 0.000000 0.000000 1.000000
0.784931 0.537138 0.308814 0.000000 -0.344950 0.792887 -0.502335 24.071800 -0.514678 0.287772 0.807647 -0.000000 0.000000 0.000000 0.000000 1.000000
0.817281 0.478878 0.320513 0.000000 -0.394097 0.870302 -0.295402 24.071800 -0.420404 0.115113 0.900005 0.000000 0.000000 0.000000 0.000000 1.000000
0.875231 0.360161 0.322886 0.000000 -0.367220 0.929226 -0.041094 24.071800 -0.314835 -0.082603 0.945545 0.000000 0.000000 0.000000 0.000000 1.000000
0.948499 0.147885 0.280143 0.000000 -0.214717 0.950332 0.225310 24.071800 -0.232909 -0.273858 0.933143 0.000000 0.000000 0.000000 0.000000 1.000000
0.978535 0.042051 0.201743 -0.000000 -0.120885 0.909966 0.396672 24.071800 -0.166899 -0.412546 0.895517 0.000000 0.000000 0.000000 0.000000 1.000000
0.992279 0.011434 0.123499 0.000000 -0.067438 0.885424 0.459866 24.071800 -0.104091 -0.464643 0.879359 0.000000 0.000000 0.000000 0.000000 1.000000
0.999050 -0.007691 0.042897 0.000000 -0.014858 0.865229 0.501156 24.071800 -0.040970 -0.501318 0.864293 0.000000 0.000000 0.000000 0.000000 1.000000
0.999089 -0.016372 -0.039401 0.000000 0.034994 0.842743 0.537177 24.071800 0.024411 -0.538067 0.842549 0.000000 0.000000 0.000000 0.000000 1.000000
0.992557 0.004612 -0.121695 0.000000 0.064049 0.830150 0.553849 24.071800 0.103579 -0.557521 0.823676 0.000000 0.000000 0.000000 0.000000 1.000000
0.973247 -0.020124 -0.228879 -0.000000 0.138430 0.846417 0.514214 24.071800 0.183379 -0.532141 0.826558 -0.000000 0.000000 0.000000 0.000000 1.000000
0.939878 -0.054898 -0.337070 -0.000000 0.212002 0.867583 0.449840 24.071800 0.267741 -0.494254 0.827060 0.000000 0.000000 0.000000 0.000000 1.000000
0.894055 -0.105290 -0.435407 0.000000 0.281899 0.887634 0.364197 24.071800 0.348136 -0.448353 0.823274 0.000000 0.000000 0.000000 0.000000 1.000000
0.848396 -0.131632 -0.512735 0.000000 0.321077 0.898040 0.300720 24.071800 0.420872 -0.419757 0.804158 0.000000 0.000000 0.000000 0.000000 1.000000
0.806216 -0.116911 -0.579955 0.000000 0.324029 0.907436 0.267518 24.071800 0.494996 -0.403599 0.769472 0.000000 0.000000 0.000000 0.000000 1.000000
0.766540 -0.073472 -0.637980 0.000000 0.307200 0.914350 0.263805 24.071800 0.563955 -0.398204 0.723456 -0.000000 0.000000 0.000000 0.000000 1.000000
0.728882 -0.023717 -0.684228 -0.000000 0.290810 0.915486 0.278056 24.071800 0.619806 -0.401651 0.674179 -0.000000 0.000000 0.000000 0.000000 1.000000
0.692866 -0.011549 -0.720974 0.000000 0.301419 0.912961 0.275043 24.071800 0.655044 -0.407883 0.636041 0.000000 0.000000 0.000000 0.000000 1.000000
0.665048 -0.030753 -0.746167 0.000000 0.320797 0.914036 0.248251 24.071800 0.674389 -0.404467 0.617743 0.000000 0.000000 0.000000 0.000000 1.000000
0.649706 -0.039197 -0.759174 0.000000 0.331246 0.913471 0.236319 24.071800 0.684221 -0.405012 0.606471 0.000000 0.000000 0.000000 0.000000 1.000000
0.636253 -0.033809 -0.770739 0.000000 0.336443 0.911193 0.237767 24.071800 0.694254 -0.410590 0.591124 0.000000 0.000000 0.000000 0.000000 1.000000
0.622147 -0.021566 -0.782603 0.000000 0.340248 0.907730 0.245473 24.071800 0.705099 -0.418999 0.572080 0.000000 0.000000 0.000000 0.000000 1.000000
0.617570 0.001491 -0.786514 0.000000 0.332854 0.905539 0.263073 24.071800 0.712612 -0.424260 0.558738 0.000000 0.000000 0.000000 0.000000 1.000000
0.614497 0.020593 -0.788650 -0.000000 0.320833 0.906739 0.273662 24.071800 0.720736 -0.421189 0.550581 0.000000 0.000000 0.000000 0.000000 1.000000
0.615063 0.069190 -0.785436 -0.000000 0.286143 0.908645 0.304117 24.071800 0.734724 -0.411798 0.539076 0.000000 0.000000 0.000000 0.000000 1.000000
0.611875 0.096143 -0.785089 0.000000 0.256779 0.914677 0.312139 24.071800 0.748113 -0.392585 0.534981 0.000000 0.000000 0.000000 0.000000 1.000000
0.606959 0.102701 -0.788070 0.000000 0.239654 0.921802 0.304707 24.071800 0.757738 -0.373809 0.534883 0.000000 0.000000 0.000000 0.000000 1.000000
0.602891 0.099263 -0.791624 0.000000 0.236480 0.925408 0.296138 24.071800 0.761971 -0.365742 0.534446 0.000000 0.000000 0.000000 0.000000 1.000000
0.599464 0.075545 -0.796829 0.000000 0.249591 0.928252 0.275776 24.071800 0.760492 -0.364199 0.537598 0.000000 0.000000 0.000000 0.000000 1.000000
0.599030 0.068484 -0.797793 0.000000 0.257990 0.926698 0.273263 24.071800 0.758027 -0.369515 0.537451 0.000000 0.000000 0.000000 0.000000 1.000000
0.597812 0.055104 -0.799740 0.000000 0.267423 0.926777 0.263758 24.071800 0.755715 -0.371547 0.539302 0.000000 0.000000 0.000000 0.000000 1.000000
0.595322 0.033921 -0.802771 -0.000000 0.279428 0.928004 0.246433 24.071800 0.753333 -0.371024 0.542983 -0.000000 0.000000 0.000000 0.000000 1.000000
0.592783 0.016352 -0.805197 0.000000 0.289344 0.928717 0.231874 24.071800 0.751591 -0.370429 0.545796 0.000000 0.000000 0.000000 0.000000 1.000000
0.591831 0.012605 -0.805963 0.000000 0.292675 0.928279 0.229434 24.071800 0.751050 -0.371672 0.545695 -0.000000 0.000000 0.000000 0.000000 1.000000
0.592495 0.019268 -0.805344 -0.000000 0.291227 0.926977 0.236435 24.071800 0.751090 -0.374624 0.543618 0.000000 0.000000 0.000000 0.000000 1.000000
0.593535 0.023202 -0.804474 0.000000 0.290182 0.926179 0.240806 24.071800 0.750674 -0.376370 0.542986 0.000000 0.000000 0.000000 0.000000 1.000000
0.594926 0.021623 -0.803489 0.000000 0.290586 0.926239 0.240084 24.071800 0.749415 -0.376315 0.544761 0.000000 0.000000 0.000000 0.000000 1.000000
0.596671 0.018713 -0.802268 0.000000 0.290892 0.926691 0.237961 24.071800 0.747908 -0.375357 0.547486 0.000000 0.000000 0.000000 0.000000 1.000000
0.598306 0.016462 -0.801099 0.000000 0.288557 0.928280 0.234587 24.071800 0.747506 -0.371517 0.550645 0.000000 0.000000 0.000000 0.000000 1.000000
0.600337 0.018784 -0.799526 0.000000 0.283333 0.929887 0.234592 24.071800 0.747875 -0.367367 0.552924 0.000000 0.000000 0.000000 0.000000 1.000000
0.602651 0.021962 -0.797702 0.000000 0.277474 0.931480 0.235272 24.071800 0.748211 -0.363129 0.555264 -0.000000 0.000000 0.000000 0.000000 1.000000
0.604712 0.025390 -0.796040 0.000000 0.273115 0.932278 0.237206 24.071800 0.748152 -0.360851 0.556825 0.000000 0.000000 0.000000 0.000000 1.000000
0.606607 0.028945 -0.794475 0.000000 0.269676 0.932594 0.239883 24.071800 0.747866 -0.359766 0.557912 0.000000 0.000000 0.000000 0.000000 1.000000
0.608408 0.032611 -0.792954 0.000000 0.266760 0.932617 0.243031 24.071800 0.747448 -0.359390 0.558713 0.000000 0.000000 0.000000 0.000000 1.000000
0.610140 0.036355 -0.791459 -0.000000 0.264212 0.932429 0.246512 24.071800 0.746941 -0.359520 0.559307 0.000000 0.000000 0.000000 0.000000 1.000000
0.611825 0.040146 -0.789974 0.000000 0.261879 0.932107 0.250191 24.071800 0.746385 -0.359950 0.559773 0.000000 0.000000 0.000000 0.000000 1.000000
0.613485 0.043952 -0.788482 0.000000 0.259608 0.931732 0.253928 24.071800 0.745815 -0.360477 0.560194 0.000000 0.000000 0.000000 0.000000 1.000000
0.615145 0.047741 -0.786967 0.000000 0.257248 0.931383 0.257584 24.071800 0.745265 -0.360897 0.560654 -0.000000 0.000000 0.000000 0.000000 1.000000
0.616827 0.051482 -0.785413 0.000000 0.254631 0.931148 0.261009 24.071800 0.744773 -0.360988 0.561249 0.000000 0.000000 0.000000 0.000000 1.000000</float_array>
        <technique_common>
          <accessor source="#mixamorig_LeftHand-Matrix-animation-output-transform-array" count="79" stride="16">
            <param type="float4x4"/>
          </accessor>
        </technique_common>
      </source>
      <source id="mixamorig_LeftHand-Interpolations">
        <Name_array id="mixamorig_LeftHand-Interpolations-array" count="79">
 LINEAR LINEAR LINEAR LINEAR LINEAR LINEAR LINEAR LINEAR LINEAR LINEAR LINEAR
LINEAR LINEAR LINEAR LINEAR LINEAR LINEAR LINEAR LINEAR LINEAR LINEAR LINEAR LINEAR
LINEAR LINEAR LINEAR LINEAR LINEAR LINEAR LINEAR LINEAR LINEAR LINEAR LINEAR LINEAR
LINEAR LINEAR LINEAR LINEAR LINEAR LINEAR LINEAR LINEAR LINEAR LINEAR LINEAR LINEAR
LINEAR LINEAR LINEAR LINEAR LINEAR LINEAR LINEAR LINEAR LINEAR LINEAR LINEAR LINEAR
LINEAR LINEAR LINEAR LINEAR LINEAR LINEAR LINEAR LINEAR LINEAR LINEAR LINEAR LINEAR
LINEAR LINEAR LINEAR LINEAR LINEAR LINEAR LINEAR LINEAR</Name_array>
        <technique_common>
          <accessor source="#mixamorig_LeftHand-Interpolations-array" count="79">
            <param type="name"/>
          </accessor>
        </technique_common>
      </source>
      <sampler id="mixamorig_LeftHand-Matrix-animation-transform">
        <input semantic="INPUT" source="#mixamorig_LeftHand-Matrix-animation-input"/>
        <input semantic="OUTPUT" source="#mixamorig_LeftHand-Matrix-animation-output-transform"/>
        <input semantic="INTERPOLATION" source="#mixamorig_LeftHand-Interpolations"/>
      </sampler>
      <channel source="#mixamorig_LeftHand-Matrix-animation-transform" target="mixamorig_LeftHand/matrix"/>
    </animation>
    <animation id="mixamorig_LeftHandThumb1-anim" name="mixamorig_LeftHandThumb1">
      <source id="mixamorig_LeftHandThumb1-Matrix-animation-input">
        <float_array id="mixamorig_LeftHandThumb1-Matrix-animation-input-array" count="79">

0.000000 0.033333 0.066667 0.100000 0.133333 0.166667 0.200000 0.233333 0.266667 0.300000 0.333333 0.366667 0.400000 0.433333 0.466667 0.500000
0.533333 0.566667 0.600000 0.633333 0.666667 0.700000 0.733333 0.766667 0.800000 0.833333 0.866667 0.900000 0.933333 0.966667 1.000000 1.033333
1.066667 1.100000 1.133333 1.166667 1.200000 1.233333 1.266667 1.300000 1.333333 1.366667 1.400000 1.433333 1.466667 1.500000 1.533333 1.566667
1.600000 1.633333 1.666667 1.700000 1.733333 1.766667 1.800000 1.833333 1.866667 1.900000 1.933333 1.966667 2.000000 2.033333 2.066667 2.100000
2.133333 2.166667 2.200000 2.233333 2.266667 2.300000 2.333333 2.366667 2.400000 2.433333 2.466667 2.500000 2.533333 2.566667 2.600000</float_array>
        <technique_common>
          <accessor source="#mixamorig_LeftHandThumb1-Matrix-animation-input-array" count="79">
            <param name="TIME" type="float"/>
          </accessor>
        </technique_common>
      </source>
      <source id="mixamorig_LeftHandThumb1-Matrix-animation-output-transform">
        <float_array id="mixamorig_LeftHandThumb1-Matrix-animation-output-transform-array" count="1264">

0.857971 -0.403243 0.318245 -1.509000 0.512607 0.631711 -0.581529 4.173400 0.033459 0.662070 0.748695 1.926500 0.000000 0.000000 0.000000 1.000000
0.856111 -0.408511 0.316534 -1.509000 0.515522 0.632134 -0.578485 4.173400 0.036225 0.658427 0.751772 1.926500 0.000000 0.000000 0.000000 1.000000
0.850737 -0.423384 0.311438 -1.509000 0.523741 0.633196 -0.569876 4.173400 0.044075 0.647927 0.760426 1.926500 0.000000 0.000000 0.000000 1.000000
0.842074 -0.446359 0.302778 -1.509000 0.536413 0.634445 -0.556544 4.173400 0.056322 0.631065 0.773682 1.926500 0.000000 0.000000 0.000000 1.000000
0.830289 -0.475810 0.290217 -1.509000 0.552629 0.635340 -0.539393 4.173400 0.072262 0.608234 0.790462 1.926500 0.000000 0.000000 0.000000 1.000000
0.815545 -0.510028 0.273418 -1.509000 0.571465 0.635349 -0.519384 4.173400 0.091184 0.579830 0.809619 1.926500 0.000000 0.000000 0.000000 1.000000
0.798060 -0.547266 0.252192 -1.509000 0.592008 0.634044 -0.497509 4.173400 0.112369 0.546341 0.829991 1.926500 0.000000 0.000000 0.000000 1.000000
0.778135 -0.585802 0.226590 -1.509000 0.613396 0.631150 -0.474759 4.173400 0.135102 0.508416 0.850447 1.926500 0.000000 0.000000 0.000000 1.000000
0.756178 -0.624015 0.196979 -1.509000 0.634835 0.626585 -0.452080 4.173400 0.158680 0.466902 0.869956 1.926500 0.000000 0.000000 0.000000 1.000000
0.732716 -0.660465 0.164052 -1.509000 0.655629 0.620465 -0.430319 4.173400 0.182422 0.422859 0.887644 1.926500 0.000000 0.000000 0.000000 1.000000
0.708390 -0.693965 0.128825 -1.509000 0.675190 0.613081 -0.410183 4.173400 0.205673 0.377551 0.902859 1.926500 0.000000 0.000000 0.000000 1.000000
0.683946 -0.723635 0.092576 -1.509000 0.693048 0.604861 -0.392209 4.173400 0.227820 0.332409 0.915206 1.926500 0.000000 0.000000 0.000000 1.000000
0.660215 -0.748927 0.056786 -1.509000 0.708850 0.596320 -0.376741 4.173400 0.248289 0.288983 0.924576 1.926500 0.000000 0.000000 0.000000 1.000000
0.638097 -0.769611 0.023051 -1.509000 0.722347 0.588009 -0.363951 4.173400 0.266546 0.248887 0.931133 1.926500 0.000000 0.000000 0.000000 1.000000
0.618533 -0.785728 -0.006990 -1.509000 0.733376 0.580469 -0.353857 4.173400 0.282093 0.213746 0.935273 1.926500 0.000000 0.000000 0.000000 1.000000
0.602483 -0.797501 -0.031721 -1.509000 0.741829 0.574203 -0.346383 4.173400 0.294455 0.185158 0.937557 1.926500 0.000000 0.000000 0.000000 1.000000
0.590898 -0.805221 -0.049597 -1.509000 0.747614 0.569654 -0.341420 4.173400 0.303172 0.164665 0.938601 1.926500 0.000000 0.000000 0.000000 1.000000
0.584694 -0.809093 -0.059172 -1.509000 0.750607 0.567214 -0.338907 4.173400 0.307770 0.153742 0.938957 1.926500 0.000000 0.000000 0.000000 1.000000
0.583881 -0.809587 -0.060427 -1.509000 0.750994 0.566894 -0.338584 4.173400 0.308370 0.152312 0.938994 1.926500 0.000000 0.000000 0.000000 1.000000
0.583881 -0.809587 -0.060428 -1.509000 0.750993 0.566895 -0.338585 4.173400 0.308370 0.152312 0.938994 1.926500 0.000000 0.000000 0.000000 1.000000
0.583881 -0.809587 -0.060427 -1.509000 0.750994 0.566894 -0.338584 4.173400 0.308369 0.152313 0.938994 1.926500 0.000000 0.000000 0.000000 1.000000
0.583881 -0.809587 -0.060428 -1.509000 0.750993 0.566895 -0.338584 4.173400 0.308370 0.152312 0.938994 1.926500 0.000000 0.000000 0.000000 1.000000
0.583881 -0.809587 -0.060427 -1.509000 0.750994 0.566894 -0.338585 4.173400 0.308370 0.152312 0.938994 1.926500 0.000000 0.000000 0.000000 1.000000
0.583881 -0.809587 -0.060428 -1.509000 0.750993 0.566895 -0.338584 4.173400 0.308370 0.152312 0.938994 1.926500 0.000000 0.000000 0.000000 1.000000
0.583881 -0.809587 -0.060428 -1.509000 0.750993 0.566895 -0.338585 4.173400 0.308370 0.152312 0.938994 1.926500 0.000000 0.000000 0.000000 1.000000
0.583881 -0.809587 -0.060428 -1.509000 0.750994 0.566894 -0.338584 4.173400 0.308370 0.152312 0.938994 1.926500 0.000000 0.000000 0.000000 1.000000
0.583881 -0.809587 -0.060428 -1.509000 0.750993 0.566895 -0.338585 4.173400 0.308370 0.152312 0.938994 1.926500 0.000000 0.000000 0.000000 1.000000
0.471206 -0.850830 -0.232493 -1.509000 0.793816 0.523984 -0.308700 4.173400 0.384475 -0.039096 0.922307 1.926500 0.000000 0.000000 0.000000 1.000000
0.429712 -0.853802 -0.293887 -1.509000 0.804790 0.509727 -0.304123 4.173400 0.409463 -0.105832 0.906167 1.926500 0.000000 0.000000 0.000000 1.000000
0.508836 -0.842747 -0.175678 -1.509000 0.781752 0.537806 -0.315640 4.173400 0.360485 0.023273 0.932475 1.926500 0.000000 0.000000 0.000000 1.000000
0.583881 -0.809587 -0.060427 -1.509000 0.750993 0.566894 -0.338585 4.173400 0.308370 0.152312 0.938994 1.926500 0.000000 0.000000 0.000000 1.000000
0.583881 -0.809587 -0.060427 -1.509000 0.750994 0.566894 -0.338584 4.173400 0.308370 0.152312 0.938994 1.926500 0.000000 0.000000 0.000000 1.000000
0.583881 -0.809587 -0.060427 -1.509000 0.750993 0.566895 -0.338585 4.173400 0.308370 0.152313 0.938994 1.926500 0.000000 0.000000 0.000000 1.000000
0.583881 -0.809587 -0.060427 -1.509000 0.750994 0.566894 -0.338584 4.173400 0.308370 0.152312 0.938994 1.926500 0.000000 0.000000 0.000000 1.000000
0.583881 -0.809587 -0.060428 -1.509000 0.750993 0.566895 -0.338585 4.173400 0.308370 0.152312 0.938994 1.926500 0.000000 0.000000 0.000000 1.000000
0.583881 -0.809587 -0.060427 -1.509000 0.750993 0.566895 -0.338584 4.173400 0.308370 0.152312 0.938994 1.926500 0.000000 0.000000 0.000000 1.000000
0.583881 -0.809587 -0.060428 -1.509000 0.750993 0.566895 -0.338584 4.173400 0.308370 0.152312 0.938994 1.926500 0.000000 0.000000 0.000000 1.000000
0.583881 -0.809587 -0.060427 -1.509000 0.750993 0.566895 -0.338584 4.173400 0.308370 0.152312 0.938994 1.926500 0.000000 0.000000 0.000000 1.000000
0.583881 -0.809587 -0.060427 -1.509000 0.750993 0.566895 -0.338584 4.173400 0.308370 0.152312 0.938994 1.926500 0.000000 0.000000 0.000000 1.000000
0.583881 -0.809587 -0.060427 -1.509000 0.750993 0.566895 -0.338584 4.173400 0.308370 0.152313 0.938994 1.926500 0.000000 0.000000 0.000000 1.000000
0.583881 -0.809587 -0.060427 -1.509000 0.750993 0.566895 -0.338584 4.173400 0.308370 0.152312 0.938994 1.926500 0.000000 0.000000 0.000000 1.000000
0.583881 -0.809587 -0.060428 -1.509000 0.750993 0.566895 -0.338584 4.173400 0.308370 0.152312 0.938994 1.926500 0.000000 0.000000 0.000000 1.000000
0.583881 -0.809587 -0.060427 -1.509000 0.750994 0.566894 -0.338584 4.173400 0.308370 0.152313 0.938994 1.926500 0.000000 0.000000 0.000000 1.000000
0.583881 -0.809587 -0.060427 -1.509000 0.750993 0.566895 -0.338585 4.173400 0.308370 0.152313 0.938994 1.926500 0.000000 0.000000 0.000000 1.000000
0.583881 -0.809587 -0.060427 -1.509000 0.750993 0.566894 -0.338585 4.173400 0.308370 0.152313 0.938994 1.926500 0.000000 0.000000 0.000000 1.000000
0.583881 -0.809587 -0.060427 -1.509000 0.750993 0.566895 -0.338584 4.173400 0.308370 0.152312 0.938994 1.926500 0.000000 0.000000 0.000000 1.000000
0.583881 -0.809587 -0.060427 -1.509000 0.750993 0.566895 -0.338584 4.173400 0.308370 0.152312 0.938994 1.926500 0.000000 0.000000 0.000000 1.000000
0.583881 -0.809587 -0.060427 -1.509000 0.750994 0.566894 -0.338584 4.173400 0.308370 0.152312 0.938994 1.926500 0.000000 0.000000 0.000000 1.000000
0.583881 -0.809587 -0.060428 -1.509000 0.750993 0.566895 -0.338584 4.173400 0.308370 0.152312 0.938994 1.926500 0.000000 0.000000 0.000000 1.000000
0.583881 -0.809587 -0.060428 -1.509000 0.750993 0.566895 -0.338585 4.173400 0.308370 0.152312 0.938994 1.926500 0.000000 0.000000 0.000000 1.000000
0.583881 -0.809587 -0.060427 -1.509000 0.750993 0.566895 -0.338584 4.173400 0.308369 0.152312 0.938994 1.926500 0.000000 0.000000 0.000000 1.000000
0.583881 -0.809587 -0.060427 -1.509000 0.750994 0.566894 -0.338585 4.173400 0.308370 0.152313 0.938994 1.926500 0.000000 0.000000 0.000000 1.000000
0.583881 -0.809587 -0.060427 -1.509000 0.750993 0.566895 -0.338585 4.173400 0.308370 0.152313 0.938994 1.926500 0.000000 0.000000 0.000000 1.000000
0.583881 -0.809587 -0.060427 -1.509000 0.750994 0.566894 -0.338584 4.173400 0.308370 0.152312 0.938994 1.926500 0.000000 0.000000 0.000000 1.000000
0.583881 -0.809587 -0.060427 -1.509000 0.750994 0.566894 -0.338584 4.173400 0.308370 0.152312 0.938994 1.926500 0.000000 0.000000 0.000000 1.000000
0.583881 -0.809587 -0.060428 -1.509000 0.750993 0.566895 -0.338585 4.173400 0.308370 0.152312 0.938994 1.926500 0.000000 0.000000 0.000000 1.000000
0.583881 -0.809587 -0.060428 -1.509000 0.750994 0.566894 -0.338584 4.173400 0.308370 0.152312 0.938994 1.926500 0.000000 0.000000 0.000000 1.000000
0.583881 -0.809587 -0.060428 -1.509000 0.750993 0.566894 -0.338585 4.173400 0.308370 0.152312 0.938994 1.926500 0.000000 0.000000 0.000000 1.000000
0.583881 -0.809587 -0.060428 -1.509000 0.750993 0.566894 -0.338585 4.173400 0.308370 0.152312 0.938994 1.926500 0.000000 0.000000 0.000000 1.000000
0.583881 -0.809587 -0.060428 -1.509000 0.750993 0.566895 -0.338584 4.173400 0.308370 0.152312 0.938994 1.926500 0.000000 0.000000 0.000000 1.000000
0.583881 -0.809587 -0.060427 -1.509000 0.750994 0.566894 -0.338584 4.173400 0.308370 0.152312 0.938994 1.926500 0.000000 0.000000 0.000000 1.000000
0.583881 -0.809587 -0.060427 -1.509000 0.750994 0.566894 -0.338584 4.173400 0.308370 0.152312 0.938994 1.926500 0.000000 0.000000 0.000000 1.000000
0.583881 -0.809587 -0.060427 -1.509000 0.750993 0.566894 -0.338584 4.173400 0.308370 0.152312 0.938994 1.926500 0.000000 0.000000 0.000000 1.000000
0.583881 -0.809587 -0.060427 -1.509000 0.750994 0.566894 -0.338584 4.173400 0.308370 0.152312 0.938994 1.926500 0.000000 0.000000 0.000000 1.000000
0.583881 -0.809587 -0.060427 -1.509000 0.750994 0.566894 -0.338584 4.173400 0.308370 0.152312 0.938994 1.926500 0.000000 0.000000 0.000000 1.000000
0.583881 -0.809587 -0.060428 -1.509000 0.750993 0.566895 -0.338584 4.173400 0.308370 0.152312 0.938994 1.926500 0.000000 0.000000 0.000000 1.000000
0.583881 -0.809587 -0.060428 -1.509000 0.750993 0.566895 -0.338584 4.173400 0.308370 0.152312 0.938994 1.926500 0.000000 0.000000 0.000000 1.000000
0.583881 -0.809587 -0.060428 -1.509000 0.750994 0.566894 -0.338584 4.173400 0.308370 0.152312 0.938994 1.926500 0.000000 0.000000 0.000000 1.000000
0.583881 -0.809587 -0.060428 -1.509000 0.750993 0.566895 -0.338584 4.173400 0.308370 0.152312 0.938994 1.926500 0.000000 0.000000 0.000000 1.000000
0.583881 -0.809587 -0.060427 -1.509000 0.750994 0.566894 -0.338585 4.173400 0.308370 0.152312 0.938994 1.926500 0.000000 0.000000 0.000000 1.000000
0.583881 -0.809587 -0.060427 -1.509000 0.750994 0.566894 -0.338585 4.173400 0.308370 0.152313 0.938994 1.926500 0.000000 0.000000 0.000000 1.000000
0.583881 -0.809587 -0.060427 -1.509000 0.750993 0.566895 -0.338584 4.173400 0.308370 0.152312 0.938994 1.926500 0.000000 0.000000 0.000000 1.000000
0.583881 -0.809587 -0.060428 -1.509000 0.750993 0.566895 -0.338584 4.173400 0.308370 0.152312 0.938994 1.926500 0.000000 0.000000 0.000000 1.000000
0.583881 -0.809587 -0.060427 -1.509000 0.750993 0.566895 -0.338584 4.173400 0.308370 0.152312 0.938994 1.926500 0.000000 0.000000 0.000000 1.000000
0.583881 -0.809587 -0.060427 -1.509000 0.750993 0.566894 -0.338585 4.173400 0.308370 0.152313 0.938994 1.926500 0.000000 0.000000 0.000000 1.000000
0.583881 -0.809587 -0.060427 -1.509000 0.750993 0.566894 -0.338585 4.173400 0.308370 0.152312 0.938994 1.926500 0.000000 0.000000 0.000000 1.000000
0.583881 -0.809587 -0.060428 -1.509000 0.750993 0.566895 -0.338585 4.173400 0.308370 0.152312 0.938994 1.926500 0.000000 0.000000 0.000000 1.000000
0.583881 -0.809587 -0.060427 -1.509000 0.750993 0.566894 -0.338585 4.173400 0.308370 0.152313 0.938994 1.926500 0.000000 0.000000 0.000000 1.000000
0.583881 -0.809587 -0.060427 -1.509000 0.750993 0.566895 -0.338584 4.173400 0.308370 0.152312 0.938994 1.926500 0.000000 0.000000 0.000000 1.000000</float_array>
        <technique_common>
          <accessor source="#mixamorig_LeftHandThumb1-Matrix-animation-output-transform-array" count="79" stride="16">
            <param type="float4x4"/>
          </accessor>
        </technique_common>
      </source>
      <source id="mixamorig_LeftHandThumb1-Interpolations">
        <Name_array id="mixamorig_LeftHandThumb1-Interpolations-array" count="79">
 LINEAR LINEAR LINEAR LINEAR LINEAR LINEAR LINEAR LINEAR LINEAR LINEAR LINEAR
LINEAR LINEAR LINEAR LINEAR LINEAR LINEAR LINEAR LINEAR LINEAR LINEAR LINEAR LINEAR
LINEAR LINEAR LINEAR LINEAR LINEAR LINEAR LINEAR LINEAR LINEAR LINEAR LINEAR LINEAR
LINEAR LINEAR LINEAR LINEAR LINEAR LINEAR LINEAR LINEAR LINEAR LINEAR LINEAR LINEAR
LINEAR LINEAR LINEAR LINEAR LINEAR LINEAR LINEAR LINEAR LINEAR LINEAR LINEAR LINEAR
LINEAR LINEAR LINEAR LINEAR LINEAR LINEAR LINEAR LINEAR LINEAR LINEAR LINEAR LINEAR
LINEAR LINEAR LINEAR LINEAR LINEAR LINEAR LINEAR LINEAR</Name_array>
        <technique_common>
          <accessor source="#mixamorig_LeftHandThumb1-Interpolations-array" count="79">
            <param type="name"/>
          </accessor>
        </technique_common>
      </source>
      <sampler id="mixamorig_LeftHandThumb1-Matrix-animation-transform">
        <input semantic="INPUT" source="#mixamorig_LeftHandThumb1-Matrix-animation-input"/>
        <input semantic="OUTPUT" source="#mixamorig_LeftHandThumb1-Matrix-animation-output-transform"/>
        <input semantic="INTERPOLATION" source="#mixamorig_LeftHandThumb1-Interpolations"/>
      </sampler>
      <channel source="#mixamorig_LeftHandThumb1-Matrix-animation-transform" target="mixamorig_LeftHandThumb1/matrix"/>
    </animation>
    <animation id="mixamorig_LeftHandThumb2-anim" name="mixamorig_LeftHandThumb2">
      <source id="mixamorig_LeftHandThumb2-Matrix-animation-input">
        <float_array id="mixamorig_LeftHandThumb2-Matrix-animation-input-array" count="79">

0.000000 0.033333 0.066667 0.100000 0.133333 0.166667 0.200000 0.233333 0.266667 0.300000 0.333333 0.366667 0.400000 0.433333 0.466667 0.500000
0.533333 0.566667 0.600000 0.633333 0.666667 0.700000 0.733333 0.766667 0.800000 0.833333 0.866667 0.900000 0.933333 0.966667 1.000000 1.033333
1.066667 1.100000 1.133333 1.166667 1.200000 1.233333 1.266667 1.300000 1.333333 1.366667 1.400000 1.433333 1.466667 1.500000 1.533333 1.566667
1.600000 1.633333 1.666667 1.700000 1.733333 1.766667 1.800000 1.833333 1.866667 1.900000 1.933333 1.966667 2.000000 2.033333 2.066667 2.100000
2.133333 2.166667 2.200000 2.233333 2.266667 2.300000 2.333333 2.366667 2.400000 2.433333 2.466667 2.500000 2.533333 2.566667 2.600000</float_array>
        <technique_common>
          <accessor source="#mixamorig_LeftHandThumb2-Matrix-animation-input-array" count="79">
            <param name="TIME" type="float"/>
          </accessor>
        </technique_common>
      </source>
      <source id="mixamorig_LeftHandThumb2-Matrix-animation-output-transform">
        <float_array id="mixamorig_LeftHandThumb2-Matrix-animation-output-transform-array" count="1264">

0.922605 0.321842 0.212644 0.000000 -0.322872 0.945940 -0.030852 3.870400 -0.211077 -0.040193 0.976643 -0.000000 0.000000 0.000000 0.000000 1.000000
0.922367 0.322491 0.212693 0.000000 -0.323535 0.945712 -0.030868 3.870400 -0.211101 -0.040342 0.976631 -0.000000 0.000000 0.000000 0.000000 1.000000
0.921644 0.324500 0.212771 0.000000 -0.325580 0.945008 -0.030957 3.870400 -0.211116 -0.040743 0.976612 0.000000 0.000000 0.000000 0.000000 1.000000
0.920539 0.327641 0.212741 -0.000000 -0.328780 0.943896 -0.031043 3.870400 -0.210976 -0.041369 0.976615 0.000000 0.000000 0.000000 0.000000 1.000000
0.919079 0.331741 0.212702 -0.000000 -0.332958 0.942427 -0.031156 3.870400 -0.210792 -0.042186 0.976620 0.000000 0.000000 0.000000 0.000000 1.000000
0.917311 0.336629 0.212654 0.000000 -0.337939 0.940648 -0.031290 3.870400 -0.210566 -0.043162 0.976626 0.000000 0.000000 0.000000 0.000000 1.000000
0.915285 0.342133 0.212599 0.000000 -0.343549 0.938608 -0.031440 3.870400 -0.210304 -0.044261 0.976633 0.000000 0.000000 0.000000 0.000000 1.000000
0.913053 0.348083 0.212539 0.000000 -0.349612 0.936361 -0.031604 3.870400 -0.210014 -0.045451 0.976641 0.000000 0.000000 0.000000 0.000000 1.000000
0.910670 0.354309 0.212475 0.000000 -0.355957 0.933962 -0.031774 3.870400 -0.209701 -0.046696 0.976650 0.000000 0.000000 0.000000 0.000000 1.000000
0.908196 0.360642 0.212408 0.000000 -0.362412 0.931470 -0.031948 3.870400 -0.209374 -0.047964 0.976659 0.000000 0.000000 0.000000 0.000000 1.000000
0.905695 0.366917 0.212341 0.000000 -0.368808 0.928951 -0.032120 3.870400 -0.209040 -0.049222 0.976668 -0.000000 0.000000 0.000000 0.000000 1.000000
0.903235 0.372969 0.212275 0.000000 -0.374976 0.926472 -0.032286 3.870400 -0.208708 -0.050436 0.976677 0.000000 0.000000 0.000000 0.000000 1.000000
0.900890 0.378634 0.212212 -0.000000 -0.380751 0.924108 -0.032441 3.870400 -0.208390 -0.051574 0.976685 0.000000 0.000000 0.000000 0.000000 1.000000
0.898735 0.383753 0.212154 0.000000 -0.385969 0.921936 -0.032582 3.870400 -0.208095 -0.052602 0.976693 0.000000 0.000000 0.000000 0.000000 1.000000
0.896851 0.388164 0.212103 0.000000 -0.390465 0.920037 -0.032702 3.870400 -0.207836 -0.053490 0.976700 0.000000 0.000000 0.000000 0.000000 1.000000
0.895317 0.391710 0.212061 0.000000 -0.394080 0.918491 -0.032800 3.870400 -0.207624 -0.054203 0.976706 0.000000 0.000000 0.000000 0.000000 1.000000
0.894217 0.394232 0.212032 0.000000 -0.396650 0.917381 -0.032869 3.870400 -0.207472 -0.054711 0.976710 0.000000 0.000000 0.000000 0.000000 1.000000
0.893628 0.395569 0.212024 0.000000 -0.398014 0.916789 -0.032909 3.870400 -0.207399 -0.054980 0.976710 0.000000 0.000000 0.000000 0.000000 1.000000
0.893501 0.395870 0.211997 0.000000 -0.398317 0.916657 -0.032929 3.870400 -0.207364 -0.055020 0.976715 0.000000 0.000000 0.000000 0.000000 1.000000
0.893477 0.395945 0.211960 0.000000 -0.398388 0.916625 -0.032944 3.870400 -0.207332 -0.055008 0.976723 0.000000 0.000000 0.000000 0.000000 1.000000
0.893475 0.395958 0.211945 0.000000 -0.398399 0.916620 -0.032949 3.870400 -0.207320 -0.055000 0.976726 0.000000 0.000000 0.000000 0.000000 1.000000
0.893481 0.395941 0.211950 0.000000 -0.398383 0.916627 -0.032945 3.870400 -0.207324 -0.055002 0.976725 0.000000 0.000000 0.000000 0.000000 1.000000
0.893493 0.395903 0.211968 0.000000 -0.398347 0.916643 -0.032936 3.870400 -0.207338 -0.055008 0.976722 0.000000 0.000000 0.000000 0.000000 1.000000
0.893512 0.395850 0.211988 0.000000 -0.398296 0.916666 -0.032926 3.870400 -0.207356 -0.055015 0.976717 0.000000 0.000000 0.000000 0.000000 1.000000
0.893531 0.395797 0.212006 0.000000 -0.398245 0.916689 -0.032916 3.870400 -0.207372 -0.055019 0.976714 0.000000 0.000000 0.000000 0.000000 1.000000
0.893547 0.395756 0.212015 0.000000 -0.398204 0.916706 -0.032911 3.870400 -0.207380 -0.055018 0.976712 0.000000 0.000000 0.000000 0.000000 1.000000
0.893553 0.395744 0.212014 0.000000 -0.398192 0.916712 -0.032910 3.870400 -0.207380 -0.055015 0.976712 0.000000 0.000000 0.000000 0.000000 1.000000
0.883068 0.418762 0.211731 0.000000 -0.421658 0.906134 -0.033541 3.870400 -0.205903 -0.059659 0.976752 0.000000 0.000000 0.000000 0.000000 1.000000
0.879258 0.426753 0.211629 0.000000 -0.429806 0.902290 -0.033761 3.870400 -0.205358 -0.061275 0.976767 0.000000 0.000000 0.000000 0.000000 1.000000
0.886540 0.411310 0.211825 0.000000 -0.414061 0.909638 -0.033337 3.870400 -0.206396 -0.058154 0.976739 0.000000 0.000000 0.000000 0.000000 1.000000
0.893553 0.395744 0.212014 0.000000 -0.398192 0.916712 -0.032910 3.870400 -0.207380 -0.055015 0.976712 0.000000 0.000000 0.000000 0.000000 1.000000
0.893553 0.395744 0.212014 0.000000 -0.398192 0.916712 -0.032910 3.870400 -0.207379 -0.055015 0.976712 0.000000 0.000000 0.000000 0.000000 1.000000
0.893553 0.395744 0.212014 0.000000 -0.398192 0.916712 -0.032910 3.870400 -0.207380 -0.055015 0.976712 0.000000 0.000000 0.000000 0.000000 1.000000
0.893553 0.395744 0.212014 0.000000 -0.398192 0.916711 -0.032910 3.870400 -0.207380 -0.055015 0.976712 0.000000 0.000000 0.000000 0.000000 1.000000
0.893553 0.395744 0.212014 0.000000 -0.398192 0.916712 -0.032910 3.870400 -0.207380 -0.055015 0.976712 0.000000 0.000000 0.000000 0.000000 1.000000
0.893553 0.395744 0.212014 -0.000000 -0.398192 0.916712 -0.032911 3.870400 -0.207380 -0.055015 0.976712 0.000000 0.000000 0.000000 0.000000 1.000000
0.893553 0.395744 0.212014 0.000000 -0.398192 0.916711 -0.032911 3.870400 -0.207380 -0.055015 0.976712 0.000000 0.000000 0.000000 0.000000 1.000000
0.893553 0.395744 0.212014 0.000000 -0.398192 0.916711 -0.032910 3.870400 -0.207380 -0.055015 0.976712 0.000000 0.000000 0.000000 0.000000 1.000000
0.893553 0.395744 0.212014 -0.000000 -0.398192 0.916712 -0.032910 3.870400 -0.207380 -0.055015 0.976712 -0.000000 0.000000 0.000000 0.000000 1.000000
0.893553 0.395744 0.212014 0.000000 -0.398192 0.916712 -0.032910 3.870400 -0.207380 -0.055015 0.976712 0.000000 0.000000 0.000000 0.000000 1.000000
0.893553 0.395744 0.212014 0.000000 -0.398192 0.916712 -0.032910 3.870400 -0.207380 -0.055015 0.976712 0.000000 0.000000 0.000000 0.000000 1.000000
0.893553 0.395744 0.212014 0.000000 -0.398192 0.916712 -0.032910 3.870400 -0.207380 -0.055015 0.976712 0.000000 0.000000 0.000000 0.000000 1.000000
0.893553 0.395744 0.212014 0.000000 -0.398192 0.916711 -0.032910 3.870400 -0.207379 -0.055015 0.976712 0.000000 0.000000 0.000000 0.000000 1.000000
0.893553 0.395744 0.212014 -0.000000 -0.398192 0.916712 -0.032910 3.870400 -0.207380 -0.055015 0.976712 0.000000 0.000000 0.000000 0.000000 1.000000
0.893553 0.395744 0.212014 -0.000000 -0.398192 0.916712 -0.032910 3.870400 -0.207380 -0.055015 0.976712 0.000000 0.000000 0.000000 0.000000 1.000000
0.893553 0.395744 0.212014 -0.000000 -0.398192 0.916712 -0.032911 3.870400 -0.207380 -0.055015 0.976712 -0.000000 0.000000 0.000000 0.000000 1.000000
0.893553 0.395744 0.212014 0.000000 -0.398192 0.916712 -0.032910 3.870400 -0.207380 -0.055015 0.976712 0.000000 0.000000 0.000000 0.000000 1.000000
0.893553 0.395744 0.212014 0.000000 -0.398192 0.916712 -0.032911 3.870400 -0.207380 -0.055015 0.976712 0.000000 0.000000 0.000000 0.000000 1.000000
0.893553 0.395744 0.212014 0.000000 -0.398192 0.916711 -0.032910 3.870400 -0.207380 -0.055015 0.976712 0.000000 0.000000 0.000000 0.000000 1.000000
0.893553 0.395744 0.212014 -0.000000 -0.398192 0.916712 -0.032911 3.870400 -0.207380 -0.055015 0.976712 0.000000 0.000000 0.000000 0.000000 1.000000
0.893553 0.395744 0.212014 0.000000 -0.398192 0.916712 -0.032910 3.870400 -0.207379 -0.055015 0.976712 0.000000 0.000000 0.000000 0.000000 1.000000
0.893553 0.395744 0.212014 0.000000 -0.398192 0.916711 -0.032910 3.870400 -0.207379 -0.055015 0.976712 0.000000 0.000000 0.000000 0.000000 1.000000
0.893553 0.395744 0.212014 -0.000000 -0.398192 0.916711 -0.032910 3.870400 -0.207380 -0.055015 0.976712 0.000000 0.000000 0.000000 0.000000 1.000000
0.893553 0.395744 0.212013 0.000000 -0.398192 0.916712 -0.032910 3.870400 -0.207379 -0.055015 0.976712 0.000000 0.000000 0.000000 0.000000 1.000000
0.893553 0.395744 0.212014 0.000000 -0.398192 0.916712 -0.032910 3.870400 -0.207380 -0.055015 0.976712 0.000000 0.000000 0.000000 0.000000 1.000000
0.893553 0.395744 0.212014 0.000000 -0.398192 0.916711 -0.032910 3.870400 -0.207380 -0.055015 0.976712 0.000000 0.000000 0.000000 0.000000 1.000000
0.893553 0.395744 0.212014 -0.000000 -0.398192 0.916712 -0.032910 3.870400 -0.207380 -0.055015 0.976712 -0.000000 0.000000 0.000000 0.000000 1.000000
0.893553 0.395744 0.212014 0.000000 -0.398192 0.916711 -0.032911 3.870400 -0.207380 -0.055015 0.976712 0.000000 0.000000 0.000000 0.000000 1.000000
0.893553 0.395744 0.212014 -0.000000 -0.398192 0.916712 -0.032911 3.870400 -0.207380 -0.055015 0.976712 0.000000 0.000000 0.000000 0.000000 1.000000
0.893553 0.395744 0.212014 0.000000 -0.398192 0.916712 -0.032910 3.870400 -0.207380 -0.055015 0.976712 0.000000 0.000000 0.000000 0.000000 1.000000
0.893553 0.395744 0.212014 -0.000000 -0.398192 0.916712 -0.032910 3.870400 -0.207380 -0.055015 0.976712 0.000000 0.000000 0.000000 0.000000 1.000000
0.893553 0.395744 0.212014 0.000000 -0.398192 0.916712 -0.032910 3.870400 -0.207380 -0.055015 0.976712 0.000000 0.000000 0.000000 0.000000 1.000000
0.893553 0.395744 0.212014 -0.000000 -0.398192 0.916711 -0.032910 3.870400 -0.207379 -0.055015 0.976712 0.000000 0.000000 0.000000 0.000000 1.000000
0.893553 0.395744 0.212014 0.000000 -0.398192 0.916712 -0.032910 3.870400 -0.207380 -0.055015 0.976712 0.000000 0.000000 0.000000 0.000000 1.000000
0.893553 0.395744 0.212014 0.000000 -0.398192 0.916712 -0.032910 3.870400 -0.207379 -0.055015 0.976712 0.000000 0.000000 0.000000 0.000000 1.000000
0.893553 0.395744 0.212014 0.000000 -0.398192 0.916712 -0.032910 3.870400 -0.207380 -0.055015 0.976712 -0.000000 0.000000 0.000000 0.000000 1.000000
0.893553 0.395744 0.212014 0.000000 -0.398192 0.916712 -0.032911 3.870400 -0.207380 -0.055015 0.976712 0.000000 0.000000 0.000000 0.000000 1.000000
0.893553 0.395744 0.212014 -0.000000 -0.398192 0.916711 -0.032910 3.870400 -0.207380 -0.055015 0.976712 0.000000 0.000000 0.000000 0.000000 1.000000
0.893553 0.395744 0.212014 -0.000000 -0.398192 0.916712 -0.032911 3.870400 -0.207380 -0.055015 0.976712 0.000000 0.000000 0.000000 0.000000 1.000000
0.893553 0.395744 0.212014 0.000000 -0.398192 0.916712 -0.032910 3.870400 -0.207380 -0.055015 0.976712 0.000000 0.000000 0.000000 0.000000 1.000000
0.893553 0.395744 0.212014 0.000000 -0.398192 0.916711 -0.032910 3.870400 -0.207379 -0.055015 0.976712 0.000000 0.000000 0.000000 0.000000 1.000000
0.893553 0.395744 0.212014 -0.000000 -0.398192 0.916712 -0.032910 3.870400 -0.207380 -0.055015 0.976712 0.000000 0.000000 0.000000 0.000000 1.000000
0.893553 0.395744 0.212014 0.000000 -0.398192 0.916712 -0.032911 3.870400 -0.207380 -0.055015 0.976712 0.000000 0.000000 0.000000 0.000000 1.000000
0.893553 0.395744 0.212014 0.000000 -0.398192 0.916712 -0.032910 3.870400 -0.207380 -0.055015 0.976712 0.000000 0.000000 0.000000 0.000000 1.000000
0.893553 0.395744 0.212014 -0.000000 -0.398192 0.916711 -0.032910 3.870400 -0.207380 -0.055015 0.976712 -0.000000 0.000000 0.000000 0.000000 1.000000
0.893553 0.395744 0.212014 0.000000 -0.398192 0.916712 -0.032910 3.870400 -0.207380 -0.055015 0.976712 0.000000 0.000000 0.000000 0.000000 1.000000
0.893553 0.395744 0.212014 0.000000 -0.398192 0.916712 -0.032910 3.870400 -0.207380 -0.055015 0.976712 0.000000 0.000000 0.000000 0.000000 1.000000
0.893553 0.395744 0.212014 -0.000000 -0.398192 0.916712 -0.032910 3.870400 -0.207380 -0.055015 0.976712 -0.000000 0.000000 0.000000 0.000000 1.000000
0.893553 0.395744 0.212014 0.000000 -0.398192 0.916712 -0.032910 3.870400 -0.207380 -0.055015 0.976712 0.000000 0.000000 0.000000 0.000000 1.000000</float_array>
        <technique_common>
          <accessor source="#mixamorig_LeftHandThumb2-Matrix-animation-output-transform-array" count="79" stride="16">
            <param type="float4x4"/>
          </accessor>
        </technique_common>
      </source>
      <source id="mixamorig_LeftHandThumb2-Interpolations">
        <Name_array id="mixamorig_LeftHandThumb2-Interpolations-array" count="79">
 LINEAR LINEAR LINEAR LINEAR LINEAR LINEAR LINEAR LINEAR LINEAR LINEAR LINEAR
LINEAR LINEAR LINEAR LINEAR LINEAR LINEAR LINEAR LINEAR LINEAR LINEAR LINEAR LINEAR
LINEAR LINEAR LINEAR LINEAR LINEAR LINEAR LINEAR LINEAR LINEAR LINEAR LINEAR LINEAR
LINEAR LINEAR LINEAR LINEAR LINEAR LINEAR LINEAR LINEAR LINEAR LINEAR LINEAR LINEAR
LINEAR LINEAR LINEAR LINEAR LINEAR LINEAR LINEAR LINEAR LINEAR LINEAR LINEAR LINEAR
LINEAR LINEAR LINEAR LINEAR LINEAR LINEAR LINEAR LINEAR LINEAR LINEAR LINEAR LINEAR
LINEAR LINEAR LINEAR LINEAR LINEAR LINEAR LINEAR LINEAR</Name_array>
        <technique_common>
          <accessor source="#mixamorig_LeftHandThumb2-Interpolations-array" count="79">
            <param type="name"/>
          </accessor>
        </technique_common>
      </source>
      <sampler id="mixamorig_LeftHandThumb2-Matrix-animation-transform">
        <input semantic="INPUT" source="#mixamorig_LeftHandThumb2-Matrix-animation-input"/>
        <input semantic="OUTPUT" source="#mixamorig_LeftHandThumb2-Matrix-animation-output-transform"/>
        <input semantic="INTERPOLATION" source="#mixamorig_LeftHandThumb2-Interpolations"/>
      </sampler>
      <channel source="#mixamorig_LeftHandThumb2-Matrix-animation-transform" target="mixamorig_LeftHandThumb2/matrix"/>
    </animation>
    <animation id="mixamorig_LeftHandThumb3-anim" name="mixamorig_LeftHandThumb3">
      <source id="mixamorig_LeftHandThumb3-Matrix-animation-input">
        <float_array id="mixamorig_LeftHandThumb3-Matrix-animation-input-array" count="79">

0.000000 0.033333 0.066667 0.100000 0.133333 0.166667 0.200000 0.233333 0.266667 0.300000 0.333333 0.366667 0.400000 0.433333 0.466667 0.500000
0.533333 0.566667 0.600000 0.633333 0.666667 0.700000 0.733333 0.766667 0.800000 0.833333 0.866667 0.900000 0.933333 0.966667 1.000000 1.033333
1.066667 1.100000 1.133333 1.166667 1.200000 1.233333 1.266667 1.300000 1.333333 1.366667 1.400000 1.433333 1.466667 1.500000 1.533333 1.566667
1.600000 1.633333 1.666667 1.700000 1.733333 1.766667 1.800000 1.833333 1.866667 1.900000 1.933333 1.966667 2.000000 2.033333 2.066667 2.100000
2.133333 2.166667 2.200000 2.233333 2.266667 2.300000 2.333333 2.366667 2.400000 2.433333 2.466667 2.500000 2.533333 2.566667 2.600000</float_array>
        <technique_common>
          <accessor source="#mixamorig_LeftHandThumb3-Matrix-animation-input-array" count="79">
            <param name="TIME" type="float"/>
          </accessor>
        </technique_common>
      </source>
      <source id="mixamorig_LeftHandThumb3-Matrix-animation-output-transform">
        <float_array id="mixamorig_LeftHandThumb3-Matrix-animation-output-transform-array" count="1264">

0.590274 0.439672 0.676953 0.000000 0.028969 0.826562 -0.562100 4.710600 -0.806683 0.351403 0.475161 0.000000 0.000000 0.000000 0.000000 1.000000
0.594126 0.435518 0.676267 0.000000 0.025698 0.830034 -0.557121 4.710600 -0.803961 0.348379 0.481953 0.000000 0.000000 0.000000 0.000000 1.000000
0.605140 0.423625 0.674052 -0.000000 0.016719 0.839724 -0.542756 4.710600 -0.795943 0.339713 0.501068 0.000000 0.000000 0.000000 0.000000 1.000000
0.622543 0.404758 0.669785 0.000000 0.003625 0.854360 -0.519668 4.710600 -0.782578 0.325944 0.530409 0.000000 0.000000 0.000000 0.000000 1.000000
0.645530 0.379632 0.662699 0.000000 -0.011681 0.872515 -0.488448 4.710600 -0.763646 0.307567 0.567669 0.000000 0.000000 0.000000 0.000000 1.000000
0.673176 0.348991 0.651950 0.000000 -0.027169 0.892708 -0.449816 4.710600 -0.738983 0.285092 0.610431 0.000000 0.000000 0.000000 0.000000 1.000000
0.704374 0.313654 0.636772 0.000000 -0.040864 0.913508 -0.404764 4.710600 -0.708652 0.259084 0.656268 0.000000 0.000000 0.000000 0.000000 1.000000
0.737827 0.274558 0.616627 0.000000 -0.051032 0.933611 -0.354636 4.710600 -0.673058 0.230192 0.702855 0.000000 0.000000 0.000000 0.000000 1.000000
0.772103 0.232760 0.591338 -0.000000 -0.056355 0.951923 -0.301111 4.710600 -0.632994 0.199164 0.748099 0.000000 0.000000 0.000000 0.000000 1.000000
0.805721 0.189434 0.561185 0.000000 -0.056071 0.967615 -0.246125 4.710600 -0.589636 0.166841 0.790249 0.000000 0.000000 0.000000 0.000000 1.000000
0.837286 0.145841 0.526956 0.000000 -0.050064 0.980171 -0.191727 4.710600 -0.544469 0.134149 0.827984 0.000000 0.000000 0.000000 0.000000 1.000000
0.865620 0.103299 0.489930 0.000000 -0.038877 0.989399 -0.139920 4.710600 -0.499190 0.102070 0.860460 -0.000000 0.000000 0.000000 0.000000 1.000000
0.889875 0.063136 0.451814 0.000000 -0.023662 0.995432 -0.092498 4.710600 -0.455590 0.071621 0.887304 0.000000 0.000000 0.000000 0.000000 1.000000
0.909597 0.026664 0.414636 0.000000 -0.006055 0.998683 -0.050940 4.710600 -0.415448 0.043824 0.908561 0.000000 0.000000 0.000000 0.000000 1.000000
0.924723 -0.004850 0.380610 -0.000000 0.011978 0.999794 -0.016360 4.710600 -0.380452 0.019688 0.924591 0.000000 0.000000 0.000000 0.000000 1.000000
0.935511 -0.030198 0.352004 0.000000 0.028331 0.999544 0.010454 4.710600 -0.352159 0.000193 0.935940 0.000000 0.000000 0.000000 0.000000 1.000000
0.942392 -0.048214 0.331016 0.000000 0.040937 0.998743 0.028928 4.710600 -0.331995 -0.013711 0.943182 0.000000 0.000000 0.000000 0.000000 1.000000
0.945766 -0.057766 0.319673 0.000000 0.047946 0.998107 0.038513 4.710600 -0.321292 -0.021098 0.946745 0.000000 0.000000 0.000000 0.000000 1.000000
0.946192 -0.059014 0.318180 0.000000 0.048878 0.998013 0.039754 4.710600 -0.319894 -0.022063 0.947196 0.000000 0.000000 0.000000 0.000000 1.000000
0.946192 -0.059014 0.318180 0.000000 0.048878 0.998013 0.039754 4.710600 -0.319894 -0.022063 0.947196 -0.000000 0.000000 0.000000 0.000000 1.000000
0.946192 -0.059014 0.318180 -0.000000 0.048877 0.998013 0.039754 4.710600 -0.319894 -0.022063 0.947196 -0.000000 0.000000 0.000000 0.000000 1.000000
0.946192 -0.059014 0.318180 0.000000 0.048877 0.998013 0.039754 4.710600 -0.319894 -0.022063 0.947196 0.000000 0.000000 0.000000 0.000000 1.000000
0.946192 -0.059014 0.318180 0.000000 0.048878 0.998013 0.039754 4.710600 -0.319894 -0.022063 0.947196 -0.000000 0.000000 0.000000 0.000000 1.000000
0.946192 -0.059014 0.318180 0.000000 0.048878 0.998013 0.039754 4.710600 -0.319894 -0.022063 0.947196 0.000000 0.000000 0.000000 0.000000 1.000000
0.946192 -0.059014 0.318180 -0.000000 0.048878 0.998013 0.039754 4.710600 -0.319894 -0.022063 0.947196 -0.000000 0.000000 0.000000 0.000000 1.000000
0.946192 -0.059014 0.318180 0.000000 0.048878 0.998013 0.039754 4.710600 -0.319894 -0.022063 0.947196 0.000000 0.000000 0.000000 0.000000 1.000000
0.946192 -0.059014 0.318180 0.000000 0.048878 0.998013 0.039754 4.710600 -0.319894 -0.022063 0.947196 0.000000 0.000000 0.000000 0.000000 1.000000
0.968408 -0.222487 0.112629 0.000000 0.205400 0.967777 0.145667 4.710600 -0.141409 -0.117931 0.982902 0.000000 0.000000 0.000000 0.000000 1.000000
0.960405 -0.276367 0.035275 0.000000 0.266814 0.948795 0.169111 4.710600 -0.080205 -0.153003 0.984966 0.000000 0.000000 0.000000 0.000000 1.000000
0.968271 -0.170720 0.182498 0.000000 0.150956 0.981558 0.117289 4.710600 -0.199156 -0.086019 0.976185 0.000000 0.000000 0.000000 0.000000 1.000000
0.946192 -0.059014 0.318180 0.000000 0.048878 0.998013 0.039754 4.710600 -0.319894 -0.022063 0.947196 0.000000 0.000000 0.000000 0.000000 1.000000
0.946192 -0.059014 0.318180 -0.000000 0.048878 0.998013 0.039754 4.710600 -0.319894 -0.022063 0.947196 0.000000 0.000000 0.000000 0.000000 1.000000
0.946192 -0.059014 0.318180 0.000000 0.048878 0.998013 0.039754 4.710600 -0.319894 -0.022063 0.947196 0.000000 0.000000 0.000000 0.000000 1.000000
0.946192 -0.059014 0.318180 0.000000 0.048878 0.998013 0.039754 4.710600 -0.319894 -0.022063 0.947196 0.000000 0.000000 0.000000 0.000000 1.000000
0.946192 -0.059014 0.318180 0.000000 0.048878 0.998013 0.039754 4.710600 -0.319894 -0.022063 0.947196 0.000000 0.000000 0.000000 0.000000 1.000000
0.946192 -0.059014 0.318180 0.000000 0.048878 0.998013 0.039754 4.710600 -0.319894 -0.022063 0.947196 0.000000 0.000000 0.000000 0.000000 1.000000
0.946192 -0.059014 0.318180 0.000000 0.048878 0.998013 0.039754 4.710600 -0.319894 -0.022063 0.947196 -0.000000 0.000000 0.000000 0.000000 1.000000
0.946192 -0.059014 0.318180 0.000000 0.048878 0.998013 0.039754 4.710600 -0.319894 -0.022063 0.947196 0.000000 0.000000 0.000000 0.000000 1.000000
0.946192 -0.059014 0.318180 0.000000 0.048878 0.998013 0.039754 4.710600 -0.319894 -0.022063 0.947196 0.000000 0.000000 0.000000 0.000000 1.000000
0.946192 -0.059014 0.318180 0.000000 0.048878 0.998013 0.039754 4.710600 -0.319894 -0.022063 0.947196 0.000000 0.000000 0.000000 0.000000 1.000000
0.946192 -0.059014 0.318180 0.000000 0.048878 0.998013 0.039754 4.710600 -0.319894 -0.022063 0.947196 0.000000 0.000000 0.000000 0.000000 1.000000
0.946192 -0.059014 0.318180 -0.000000 0.048878 0.998013 0.039754 4.710600 -0.319894 -0.022063 0.947196 0.000000 0.000000 0.000000 0.000000 1.000000
0.946192 -0.059014 0.318180 0.000000 0.048878 0.998013 0.039754 4.710600 -0.319894 -0.022063 0.947196 0.000000 0.000000 0.000000 0.000000 1.000000
0.946192 -0.059014 0.318180 0.000000 0.048878 0.998013 0.039754 4.710600 -0.319894 -0.022063 0.947196 0.000000 0.000000 0.000000 0.000000 1.000000
0.946192 -0.059014 0.318180 0.000000 0.048878 0.998013 0.039754 4.710600 -0.319894 -0.022063 0.947196 0.000000 0.000000 0.000000 0.000000 1.000000
0.946192 -0.059014 0.318180 0.000000 0.048878 0.998013 0.039754 4.710600 -0.319894 -0.022063 0.947196 0.000000 0.000000 0.000000 0.000000 1.000000
0.946192 -0.059014 0.318180 -0.000000 0.048878 0.998013 0.039754 4.710600 -0.319894 -0.022063 0.947196 -0.000000 0.000000 0.000000 0.000000 1.000000
0.946192 -0.059014 0.318180 0.000000 0.048877 0.998013 0.039754 4.710600 -0.319894 -0.022063 0.947196 0.000000 0.000000 0.000000 0.000000 1.000000
0.946192 -0.059014 0.318180 0.000000 0.048878 0.998013 0.039754 4.710600 -0.319894 -0.022063 0.947196 0.000000 0.000000 0.000000 0.000000 1.000000
0.946192 -0.059014 0.318180 -0.000000 0.048878 0.998013 0.039754 4.710600 -0.319894 -0.022063 0.947196 -0.000000 0.000000 0.000000 0.000000 1.000000
0.946192 -0.059014 0.318180 -0.000000 0.048878 0.998013 0.039754 4.710600 -0.319894 -0.022063 0.947196 0.000000 0.000000 0.000000 0.000000 1.000000
0.946192 -0.059014 0.318180 0.000000 0.048878 0.998013 0.039754 4.710600 -0.319894 -0.022063 0.947196 0.000000 0.000000 0.000000 0.000000 1.000000
0.946192 -0.059014 0.318180 0.000000 0.048878 0.998013 0.039754 4.710600 -0.319894 -0.022063 0.947196 0.000000 0.000000 0.000000 0.000000 1.000000
0.946192 -0.059014 0.318180 0.000000 0.048877 0.998013 0.039754 4.710600 -0.319894 -0.022063 0.947196 0.000000 0.000000 0.000000 0.000000 1.000000
0.946192 -0.059014 0.318180 0.000000 0.048878 0.998013 0.039754 4.710600 -0.319894 -0.022063 0.947196 0.000000 0.000000 0.000000 0.000000 1.000000
0.946192 -0.059014 0.318180 0.000000 0.048878 0.998013 0.039755 4.710600 -0.319894 -0.022064 0.947196 0.000000 0.000000 0.000000 0.000000 1.000000
0.946192 -0.059014 0.318180 0.000000 0.048878 0.998013 0.039754 4.710600 -0.319894 -0.022063 0.947196 0.000000 0.000000 0.000000 0.000000 1.000000
0.946192 -0.059014 0.318180 0.000000 0.048877 0.998013 0.039754 4.710600 -0.319894 -0.022063 0.947196 -0.000000 0.000000 0.000000 0.000000 1.000000
0.946192 -0.059014 0.318180 0.000000 0.048877 0.998013 0.039754 4.710600 -0.319894 -0.022063 0.947196 0.000000 0.000000 0.000000 0.000000 1.000000
0.946192 -0.059014 0.318180 0.000000 0.048878 0.998013 0.039754 4.710600 -0.319894 -0.022063 0.947196 0.000000 0.000000 0.000000 0.000000 1.000000
0.946192 -0.059014 0.318180 -0.000000 0.048878 0.998013 0.039754 4.710600 -0.319894 -0.022063 0.947196 -0.000000 0.000000 0.000000 0.000000 1.000000
0.946192 -0.059014 0.318180 0.000000 0.048878 0.998013 0.039754 4.710600 -0.319894 -0.022063 0.947196 0.000000 0.000000 0.000000 0.000000 1.000000
0.946192 -0.059014 0.318180 0.000000 0.048878 0.998013 0.039754 4.710600 -0.319894 -0.022063 0.947196 0.000000 0.000000 0.000000 0.000000 1.000000
0.946192 -0.059014 0.318180 0.000000 0.048878 0.998013 0.039754 4.710600 -0.319894 -0.022063 0.947196 0.000000 0.000000 0.000000 0.000000 1.000000
0.946192 -0.059014 0.318180 -0.000000 0.048877 0.998013 0.039754 4.710600 -0.319894 -0.022063 0.947196 -0.000000 0.000000 0.000000 0.000000 1.000000
0.946192 -0.059014 0.318180 0.000000 0.048877 0.998013 0.039754 4.710600 -0.319894 -0.022063 0.947196 0.000000 0.000000 0.000000 0.000000 1.000000
0.946192 -0.059014 0.318180 0.000000 0.048878 0.998013 0.039754 4.710600 -0.319894 -0.022063 0.947196 0.000000 0.000000 0.000000 0.000000 1.000000
0.946192 -0.059014 0.318180 -0.000000 0.048878 0.998013 0.039754 4.710600 -0.319894 -0.022063 0.947196 0.000000 0.000000 0.000000 0.000000 1.000000
0.946192 -0.059014 0.318180 0.000000 0.048878 0.998013 0.039754 4.710600 -0.319894 -0.022063 0.947196 -0.000000 0.000000 0.000000 0.000000 1.000000
0.946192 -0.059014 0.318180 0.000000 0.048878 0.998013 0.039754 4.710600 -0.319894 -0.022063 0.947196 0.000000 0.000000 0.000000 0.000000 1.000000
0.946192 -0.059014 0.318180 0.000000 0.048878 0.998013 0.039754 4.710600 -0.319894 -0.022063 0.947196 0.000000 0.000000 0.000000 0.000000 1.000000
0.946192 -0.059014 0.318180 -0.000000 0.048878 0.998013 0.039754 4.710600 -0.319894 -0.022063 0.947196 -0.000000 0.000000 0.000000 0.000000 1.000000
0.946192 -0.059014 0.318180 0.000000 0.048878 0.998013 0.039754 4.710600 -0.319894 -0.022063 0.947196 0.000000 0.000000 0.000000 0.000000 1.000000
0.946192 -0.059014 0.318180 -0.000000 0.048878 0.998013 0.039754 4.710600 -0.319894 -0.022063 0.947196 0.000000 0.000000 0.000000 0.000000 1.000000
0.946192 -0.059014 0.318180 -0.000000 0.048877 0.998013 0.039754 4.710600 -0.319894 -0.022063 0.947196 0.000000 0.000000 0.000000 0.000000 1.000000
0.946192 -0.059014 0.318180 0.000000 0.048878 0.998013 0.039754 4.710600 -0.319894 -0.022063 0.947196 0.000000 0.000000 0.000000 0.000000 1.000000
0.946192 -0.059014 0.318180 0.000000 0.048878 0.998013 0.039754 4.710600 -0.319894 -0.022063 0.947196 0.000000 0.000000 0.000000 0.000000 1.000000
0.946192 -0.059014 0.318180 -0.000000 0.048878 0.998013 0.039754 4.710600 -0.319894 -0.022063 0.947196 -0.000000 0.000000 0.000000 0.000000 1.000000
0.946192 -0.059014 0.318180 0.000000 0.048878 0.998013 0.039754 4.710600 -0.319894 -0.022063 0.947196 0.000000 0.000000 0.000000 0.000000 1.000000</float_array>
        <technique_common>
          <accessor source="#mixamorig_LeftHandThumb3-Matrix-animation-output-transform-array" count="79" stride="16">
            <param type="float4x4"/>
          </accessor>
        </technique_common>
      </source>
      <source id="mixamorig_LeftHandThumb3-Interpolations">
        <Name_array id="mixamorig_LeftHandThumb3-Interpolations-array" count="79">
 LINEAR LINEAR LINEAR LINEAR LINEAR LINEAR LINEAR LINEAR LINEAR LINEAR LINEAR
LINEAR LINEAR LINEAR LINEAR LINEAR LINEAR LINEAR LINEAR LINEAR LINEAR LINEAR LINEAR
LINEAR LINEAR LINEAR LINEAR LINEAR LINEAR LINEAR LINEAR LINEAR LINEAR LINEAR LINEAR
LINEAR LINEAR LINEAR LINEAR LINEAR LINEAR LINEAR LINEAR LINEAR LINEAR LINEAR LINEAR
LINEAR LINEAR LINEAR LINEAR LINEAR LINEAR LINEAR LINEAR LINEAR LINEAR LINEAR LINEAR
LINEAR LINEAR LINEAR LINEAR LINEAR LINEAR LINEAR LINEAR LINEAR LINEAR LINEAR LINEAR
LINEAR LINEAR LINEAR LINEAR LINEAR LINEAR LINEAR LINEAR</Name_array>
        <technique_common>
          <accessor source="#mixamorig_LeftHandThumb3-Interpolations-array" count="79">
            <param type="name"/>
          </accessor>
        </technique_common>
      </source>
      <sampler id="mixamorig_LeftHandThumb3-Matrix-animation-transform">
        <input semantic="INPUT" source="#mixamorig_LeftHandThumb3-Matrix-animation-input"/>
        <input semantic="OUTPUT" source="#mixamorig_LeftHandThumb3-Matrix-animation-output-transform"/>
        <input semantic="INTERPOLATION" source="#mixamorig_LeftHandThumb3-Interpolations"/>
      </sampler>
      <channel source="#mixamorig_LeftHandThumb3-Matrix-animation-transform" target="mixamorig_LeftHandThumb3/matrix"/>
    </animation>
    <animation id="mixamorig_LeftHandIndex1-anim" name="mixamorig_LeftHandIndex1">
      <source id="mixamorig_LeftHandIndex1-Matrix-animation-input">
        <float_array id="mixamorig_LeftHandIndex1-Matrix-animation-input-array" count="79">

0.000000 0.033333 0.066667 0.100000 0.133333 0.166667 0.200000 0.233333 0.266667 0.300000 0.333333 0.366667 0.400000 0.433333 0.466667 0.500000
0.533333 0.566667 0.600000 0.633333 0.666667 0.700000 0.733333 0.766667 0.800000 0.833333 0.866667 0.900000 0.933333 0.966667 1.000000 1.033333
1.066667 1.100000 1.133333 1.166667 1.200000 1.233333 1.266667 1.300000 1.333333 1.366667 1.400000 1.433333 1.466667 1.500000 1.533333 1.566667
1.600000 1.633333 1.666667 1.700000 1.733333 1.766667 1.800000 1.833333 1.866667 1.900000 1.933333 1.966667 2.000000 2.033333 2.066667 2.100000
2.133333 2.166667 2.200000 2.233333 2.266667 2.300000 2.333333 2.366667 2.400000 2.433333 2.466667 2.500000 2.533333 2.566667 2.600000</float_array>
        <technique_common>
          <accessor source="#mixamorig_LeftHandIndex1-Matrix-animation-input-array" count="79">
            <param name="TIME" type="float"/>
          </accessor>
        </technique_common>
      </source>
      <source id="mixamorig_LeftHandIndex1-Matrix-animation-output-transform">
        <float_array id="mixamorig_LeftHandIndex1-Matrix-animation-output-transform-array" count="1264">

0.988740 -0.082869 0.124605 -2.855500 0.136017 0.150493 -0.979209 14.669400 0.062394 0.985132 0.160070 0.398800 0.000000 0.000000 0.000000 1.000000
0.988808 -0.083113 0.123897 -2.855500 0.136031 0.161217 -0.977499 14.669400 0.061269 0.983413 0.170719 0.398800 0.000000 0.000000 0.000000 1.000000
0.989014 -0.083752 0.121807 -2.855500 0.135937 0.191582 -0.972017 14.669400 0.058072 0.977897 0.200862 0.398800 0.000000 0.000000 0.000000 1.000000
0.989368 -0.084583 0.118310 -2.855500 0.135397 0.238709 -0.961606 14.669400 0.053094 0.967401 0.247623 0.398800 0.000000 0.000000 0.000000 1.000000
0.989886 -0.085335 0.113334 -2.855500 0.133971 0.299462 -0.944656 14.669400 0.046673 0.950284 0.307866 0.398800 0.000000 0.000000 0.000000 1.000000
0.990577 -0.085705 0.106823 -2.855500 0.131213 0.370425 -0.919548 14.669400 0.039240 0.924900 0.378180 0.398800 0.000000 0.000000 0.000000 1.000000
0.991440 -0.085375 0.098786 -2.855500 0.126757 0.447943 -0.885031 14.669400 0.031309 0.889977 0.454930 0.398800 0.000000 0.000000 0.000000 1.000000
0.992449 -0.084058 0.089331 -2.855500 0.120396 0.528242 -0.840515 14.669400 0.023464 0.844923 0.534373 0.398800 0.000000 0.000000 0.000000 1.000000
0.993561 -0.081531 0.078676 -2.855500 0.112123 0.607631 -0.786265 14.669400 0.016299 0.790023 0.612860 0.398800 0.000000 0.000000 0.000000 1.000000
0.994715 -0.077677 0.067148 -2.855500 0.102154 0.682744 -0.723481 14.669400 0.010353 0.726517 0.687071 0.398800 0.000000 0.000000 0.000000 1.000000
0.995841 -0.072514 0.055160 -2.855500 0.090910 0.750788 -0.654258 14.669400 0.006030 0.656551 0.754257 0.398800 0.000000 0.000000 0.000000 1.000000
0.996870 -0.066216 0.043182 -2.855500 0.078974 0.809747 -0.581440 14.669400 0.003534 0.583031 0.812442 0.398800 0.000000 0.000000 0.000000 1.000000
0.997748 -0.059112 0.031704 -2.855500 0.067017 0.858501 -0.508414 14.669400 0.002835 0.509394 0.860529 0.398800 0.000000 0.000000 0.000000 1.000000
0.998439 -0.051669 0.021198 -2.855500 0.055728 0.896826 -0.438859 14.669400 0.003664 0.439355 0.898306 0.398800 0.000000 0.000000 0.000000 1.000000
0.998938 -0.044467 0.012099 -2.855500 0.045748 0.925280 -0.376515 14.669400 0.005547 0.376668 0.926332 0.398800 0.000000 0.000000 0.000000 1.000000
0.999261 -0.038147 0.004791 -2.855500 0.037633 0.944964 -0.325002 14.669400 0.007871 0.324942 0.945701 0.398800 0.000000 0.000000 0.000000 1.000000
0.999443 -0.033367 -0.000387 -2.855500 0.031845 0.957190 -0.287702 14.669400 0.009970 0.287530 0.957720 0.398800 0.000000 0.000000 0.000000 1.000000
0.999523 -0.030734 -0.003124 -2.855500 0.028776 0.963069 -0.267711 14.669400 0.011236 0.267493 0.963494 0.398800 0.000000 0.000000 0.000000 1.000000
0.999532 -0.030384 -0.003481 -2.855500 0.028375 0.963806 -0.265089 14.669400 0.011410 0.264866 0.964218 0.398800 0.000000 0.000000 0.000000 1.000000
0.999532 -0.030385 -0.003482 -2.855500 0.028375 0.963806 -0.265089 14.669400 0.011410 0.264866 0.964218 0.398800 0.000000 0.000000 0.000000 1.000000
0.999532 -0.030385 -0.003481 -2.855500 0.028376 0.963806 -0.265089 14.669400 0.011410 0.264866 0.964218 0.398800 0.000000 0.000000 0.000000 1.000000
0.999532 -0.030385 -0.003481 -2.855500 0.028375 0.963806 -0.265089 14.669400 0.011410 0.264866 0.964218 0.398800 0.000000 0.000000 0.000000 1.000000
0.999532 -0.030385 -0.003481 -2.855500 0.028376 0.963806 -0.265089 14.669400 0.011410 0.264866 0.964218 0.398800 0.000000 0.000000 0.000000 1.000000
0.999532 -0.030385 -0.003481 -2.855500 0.028375 0.963806 -0.265089 14.669400 0.011410 0.264866 0.964218 0.398800 0.000000 0.000000 0.000000 1.000000
0.999532 -0.030385 -0.003481 -2.855500 0.028375 0.963806 -0.265089 14.669400 0.011410 0.264866 0.964218 0.398800 0.000000 0.000000 0.000000 1.000000
0.999532 -0.030385 -0.003482 -2.855500 0.028376 0.963806 -0.265089 14.669400 0.011410 0.264866 0.964218 0.398800 0.000000 0.000000 0.000000 1.000000
0.999532 -0.030385 -0.003481 -2.855500 0.028375 0.963806 -0.265089 14.669400 0.011410 0.264866 0.964218 0.398800 0.000000 0.000000 0.000000 1.000000
0.998488 0.022779 -0.050020 -2.855500 -0.020816 0.999006 0.039419 14.669400 0.050868 -0.038319 0.997970 0.398800 0.000000 0.000000 0.000000 1.000000
0.996897 0.044442 -0.064975 -2.855500 -0.034507 0.988575 0.146726 14.669400 0.070753 -0.144028 0.987041 0.398800 0.000000 0.000000 0.000000 1.000000
0.999362 0.004060 -0.035471 -2.855500 -0.006206 0.998142 -0.060618 14.669400 0.035159 0.060799 0.997531 0.398800 0.000000 0.000000 0.000000 1.000000
0.999532 -0.030385 -0.003481 -2.855500 0.028376 0.963806 -0.265089 14.669400 0.011410 0.264866 0.964218 0.398800 0.000000 0.000000 0.000000 1.000000
0.999530 -0.030474 -0.003270 -2.855500 0.028519 0.963833 -0.264977 14.669400 0.011227 0.264759 0.964249 0.398800 0.000000 0.000000 0.000000 1.000000
0.999529 -0.030541 -0.003072 -2.855500 0.028639 0.963907 -0.264696 14.669400 0.011045 0.264483 0.964327 0.398800 0.000000 0.000000 0.000000 1.000000
0.999527 -0.030623 -0.002898 -2.855500 0.028770 0.964028 -0.264238 14.669400 0.010886 0.264029 0.964453 0.398800 0.000000 0.000000 0.000000 1.000000
0.999524 -0.030715 -0.002765 -2.855500 0.028900 0.964190 -0.263633 14.669400 0.010763 0.263428 0.964619 0.398800 0.000000 0.000000 0.000000 1.000000
0.999522 -0.030815 -0.002669 -2.855500 0.029030 0.964395 -0.262868 14.669400 0.010675 0.262664 0.964828 0.398800 0.000000 0.000000 0.000000 1.000000
0.999519 -0.030906 -0.002580 -2.855500 0.029151 0.964640 -0.261955 14.669400 0.010585 0.261754 0.965077 0.398800 0.000000 0.000000 0.000000 1.000000
0.999518 -0.030936 -0.002505 -2.855500 0.029211 0.964923 -0.260904 14.669400 0.010488 0.260705 0.965361 0.398800 0.000000 0.000000 0.000000 1.000000
0.999519 -0.030912 -0.002427 -2.855500 0.029221 0.965243 -0.259716 14.669400 0.010371 0.259520 0.965682 0.398800 0.000000 0.000000 0.000000 1.000000
0.999520 -0.030888 -0.002362 -2.855500 0.029229 0.965595 -0.258402 14.669400 0.010262 0.258209 0.966035 0.398800 0.000000 0.000000 0.000000 1.000000
0.999521 -0.030860 -0.002342 -2.855500 0.029222 0.965977 -0.256971 14.669400 0.010192 0.256779 0.966416 0.398800 0.000000 0.000000 0.000000 1.000000
0.999522 -0.030832 -0.002336 -2.855500 0.029213 0.966386 -0.255431 14.669400 0.010133 0.255240 0.966825 0.398800 0.000000 0.000000 0.000000 1.000000
0.999523 -0.030801 -0.002342 -2.855500 0.029198 0.966819 -0.253789 14.669400 0.010081 0.253599 0.967257 0.398800 0.000000 0.000000 0.000000 1.000000
0.999524 -0.030768 -0.002358 -2.855500 0.029181 0.967274 -0.252052 14.669400 0.010036 0.251863 0.967711 0.398800 0.000000 0.000000 0.000000 1.000000
0.999525 -0.030734 -0.002384 -2.855500 0.029160 0.967747 -0.250229 14.669400 0.009998 0.250041 0.968184 0.398800 0.000000 0.000000 0.000000 1.000000
0.999526 -0.030699 -0.002416 -2.855500 0.029138 0.968238 -0.248327 14.669400 0.009963 0.248139 0.968673 0.398800 0.000000 0.000000 0.000000 1.000000
0.999527 -0.030664 -0.002454 -2.855500 0.029114 0.968742 -0.246354 14.669400 0.009931 0.246166 0.969177 0.398800 0.000000 0.000000 0.000000 1.000000
0.999528 -0.030627 -0.002496 -2.855500 0.029090 0.969259 -0.244318 14.669400 0.009902 0.244130 0.969692 0.398800 0.000000 0.000000 0.000000 1.000000
0.999529 -0.030589 -0.002567 -2.855500 0.029057 0.969785 -0.242225 14.669400 0.009899 0.242037 0.970217 0.398800 0.000000 0.000000 0.000000 1.000000
0.999530 -0.030552 -0.002647 -2.855500 0.029023 0.970318 -0.240085 14.669400 0.009903 0.239896 0.970748 0.398800 0.000000 0.000000 0.000000 1.000000
0.999531 -0.030514 -0.002732 -2.855500 0.028988 0.970856 -0.237905 14.669400 0.009912 0.237714 0.971285 0.398800 0.000000 0.000000 0.000000 1.000000
0.999532 -0.030475 -0.002832 -2.855500 0.028950 0.971396 -0.235692 14.669400 0.009934 0.235500 0.971824 0.398800 0.000000 0.000000 0.000000 1.000000
0.999532 -0.030437 -0.002949 -2.855500 0.028908 0.971938 -0.233455 14.669400 0.009972 0.233261 0.972363 0.398800 0.000000 0.000000 0.000000 1.000000
0.999533 -0.030399 -0.003069 -2.855500 0.028867 0.972478 -0.231201 14.669400 0.010013 0.231005 0.972901 0.398800 0.000000 0.000000 0.000000 1.000000
0.999534 -0.030361 -0.003198 -2.855500 0.028823 0.973014 -0.228938 14.669400 0.010063 0.228739 0.973436 0.398800 0.000000 0.000000 0.000000 1.000000
0.999535 -0.030324 -0.003330 -2.855500 0.028780 0.973545 -0.226675 14.669400 0.010115 0.226473 0.973965 0.398800 0.000000 0.000000 0.000000 1.000000
0.999535 -0.030287 -0.003466 -2.855500 0.028737 0.974069 -0.224417 14.669400 0.010173 0.224213 0.974487 0.398800 0.000000 0.000000 0.000000 1.000000
0.999537 -0.030226 -0.003490 -2.855500 0.028696 0.974585 -0.222174 14.669400 0.010117 0.221971 0.975001 0.398800 0.000000 0.000000 0.000000 1.000000
0.999538 -0.030178 -0.003509 -2.855500 0.028668 0.975089 -0.219954 14.669400 0.010060 0.219752 0.975504 0.398800 0.000000 0.000000 0.000000 1.000000
0.999539 -0.030143 -0.003525 -2.855500 0.028652 0.975581 -0.217764 14.669400 0.010003 0.217562 0.975995 0.398800 0.000000 0.000000 0.000000 1.000000
0.999540 -0.030110 -0.003539 -2.855500 0.028639 0.976059 -0.215612 14.669400 0.009946 0.215412 0.976473 0.398800 0.000000 0.000000 0.000000 1.000000
0.999541 -0.030077 -0.003552 -2.855500 0.028626 0.976522 -0.213507 14.669400 0.009890 0.213307 0.976935 0.398800 0.000000 0.000000 0.000000 1.000000
0.999542 -0.030047 -0.003563 -2.855500 0.028614 0.976968 -0.211457 14.669400 0.009834 0.211258 0.977381 0.398800 0.000000 0.000000 0.000000 1.000000
0.999543 -0.030017 -0.003573 -2.855500 0.028603 0.977397 -0.209468 14.669400 0.009780 0.209271 0.977809 0.398800 0.000000 0.000000 0.000000 1.000000
0.999544 -0.029989 -0.003582 -2.855500 0.028593 0.977806 -0.207551 14.669400 0.009726 0.207354 0.978218 0.398800 0.000000 0.000000 0.000000 1.000000
0.999545 -0.029962 -0.003589 -2.855500 0.028583 0.978195 -0.205711 14.669400 0.009675 0.205515 0.978606 0.398800 0.000000 0.000000 0.000000 1.000000
0.999545 -0.029937 -0.003596 -2.855500 0.028574 0.978562 -0.203959 14.669400 0.009625 0.203763 0.978973 0.398800 0.000000 0.000000 0.000000 1.000000
0.999546 -0.029913 -0.003602 -2.855500 0.028566 0.978907 -0.202300 14.669400 0.009577 0.202105 0.979317 0.398800 0.000000 0.000000 0.000000 1.000000
0.999547 -0.029891 -0.003606 -2.855500 0.028559 0.979227 -0.200744 14.669400 0.009532 0.200550 0.979637 0.398800 0.000000 0.000000 0.000000 1.000000
0.999547 -0.029871 -0.003610 -2.855500 0.028553 0.979523 -0.199298 14.669400 0.009489 0.199105 0.979932 0.398800 0.000000 0.000000 0.000000 1.000000
0.999548 -0.029852 -0.003613 -2.855500 0.028547 0.979792 -0.197971 14.669400 0.009450 0.197778 0.980201 0.398800 0.000000 0.000000 0.000000 1.000000
0.999548 -0.029836 -0.003615 -2.855500 0.028541 0.980034 -0.196769 14.669400 0.009414 0.196577 0.980443 0.398800 0.000000 0.000000 0.000000 1.000000
0.999549 -0.029821 -0.003617 -2.855500 0.028537 0.980248 -0.195703 14.669400 0.009382 0.195511 0.980657 0.398800 0.000000 0.000000 0.000000 1.000000
0.999549 -0.029809 -0.003618 -2.855500 0.028534 0.980433 -0.194775 14.669400 0.009354 0.194584 0.980841 0.398800 0.000000 0.000000 0.000000 1.000000
0.999549 -0.029803 -0.003619 -2.855500 0.028535 0.980589 -0.193989 14.669400 0.009330 0.193798 0.980997 0.398800 0.000000 0.000000 0.000000 1.000000
0.999549 -0.029805 -0.003617 -2.855500 0.028544 0.980713 -0.193360 14.669400 0.009311 0.193170 0.981121 0.398800 0.000000 0.000000 0.000000 1.000000
0.999548 -0.029829 -0.003613 -2.855500 0.028572 0.980790 -0.192962 14.669400 0.009299 0.192771 0.981200 0.398800 0.000000 0.000000 0.000000 1.000000
0.999547 -0.029864 -0.003606 -2.855500 0.028609 0.980827 -0.192770 14.669400 0.009294 0.192579 0.981237 0.398800 0.000000 0.000000 0.000000 1.000000
0.999547 -0.029864 -0.003606 -2.855500 0.028609 0.980827 -0.192770 14.669400 0.009294 0.192579 0.981237 0.398800 0.000000 0.000000 0.000000 1.000000</float_array>
        <technique_common>
          <accessor source="#mixamorig_LeftHandIndex1-Matrix-animation-output-transform-array" count="79" stride="16">
            <param type="float4x4"/>
          </accessor>
        </technique_common>
      </source>
      <source id="mixamorig_LeftHandIndex1-Interpolations">
        <Name_array id="mixamorig_LeftHandIndex1-Interpolations-array" count="79">
 LINEAR LINEAR LINEAR LINEAR LINEAR LINEAR LINEAR LINEAR LINEAR LINEAR LINEAR
LINEAR LINEAR LINEAR LINEAR LINEAR LINEAR LINEAR LINEAR LINEAR LINEAR LINEAR LINEAR
LINEAR LINEAR LINEAR LINEAR LINEAR LINEAR LINEAR LINEAR LINEAR LINEAR LINEAR LINEAR
LINEAR LINEAR LINEAR LINEAR LINEAR LINEAR LINEAR LINEAR LINEAR LINEAR LINEAR LINEAR
LINEAR LINEAR LINEAR LINEAR LINEAR LINEAR LINEAR LINEAR LINEAR LINEAR LINEAR LINEAR
LINEAR LINEAR LINEAR LINEAR LINEAR LINEAR LINEAR LINEAR LINEAR LINEAR LINEAR LINEAR
LINEAR LINEAR LINEAR LINEAR LINEAR LINEAR LINEAR LINEAR</Name_array>
        <technique_common>
          <accessor source="#mixamorig_LeftHandIndex1-Interpolations-array" count="79">
            <param type="name"/>
          </accessor>
        </technique_common>
      </source>
      <sampler id="mixamorig_LeftHandIndex1-Matrix-animation-transform">
        <input semantic="INPUT" source="#mixamorig_LeftHandIndex1-Matrix-animation-input"/>
        <input semantic="OUTPUT" source="#mixamorig_LeftHandIndex1-Matrix-animation-output-transform"/>
        <input semantic="INTERPOLATION" source="#mixamorig_LeftHandIndex1-Interpolations"/>
      </sampler>
      <channel source="#mixamorig_LeftHandIndex1-Matrix-animation-transform" target="mixamorig_LeftHandIndex1/matrix"/>
    </animation>
    <animation id="mixamorig_LeftHandIndex2-anim" name="mixamorig_LeftHandIndex2">
      <source id="mixamorig_LeftHandIndex2-Matrix-animation-input">
        <float_array id="mixamorig_LeftHandIndex2-Matrix-animation-input-array" count="79">

0.000000 0.033333 0.066667 0.100000 0.133333 0.166667 0.200000 0.233333 0.266667 0.300000 0.333333 0.366667 0.400000 0.433333 0.466667 0.500000
0.533333 0.566667 0.600000 0.633333 0.666667 0.700000 0.733333 0.766667 0.800000 0.833333 0.866667 0.900000 0.933333 0.966667 1.000000 1.033333
1.066667 1.100000 1.133333 1.166667 1.200000 1.233333 1.266667 1.300000 1.333333 1.366667 1.400000 1.433333 1.466667 1.500000 1.533333 1.566667
1.600000 1.633333 1.666667 1.700000 1.733333 1.766667 1.800000 1.833333 1.866667 1.900000 1.933333 1.966667 2.000000 2.033333 2.066667 2.100000
2.133333 2.166667 2.200000 2.233333 2.266667 2.300000 2.333333 2.366667 2.400000 2.433333 2.466667 2.500000 2.533333 2.566667 2.600000</float_array>
        <technique_common>
          <accessor source="#mixamorig_LeftHandIndex2-Matrix-animation-input-array" count="79">
            <param name="TIME" type="float"/>
          </accessor>
        </technique_common>
      </source>
      <source id="mixamorig_LeftHandIndex2-Matrix-animation-output-transform">
        <float_array id="mixamorig_LeftHandIndex2-Matrix-animation-output-transform-array" count="1264">

0.997063 -0.029247 0.070783 0.000000 0.076587 0.382220 -0.920892 3.248600 -0.000121 0.923608 0.383337 0.000000 0.000000 0.000000 0.000000 1.000000
0.997063 -0.029787 0.070558 0.000000 0.076588 0.389223 -0.917954 3.248600 -0.000119 0.920662 0.390361 0.000000 0.000000 0.000000 0.000000 1.000000
0.997063 -0.031313 0.069896 0.000000 0.076590 0.408998 -0.909316 3.248600 -0.000114 0.911998 0.410194 0.000000 0.000000 0.000000 0.000000 1.000000
0.997062 -0.033670 0.068795 -0.000000 0.076592 0.439547 -0.894948 3.248600 -0.000106 0.897588 0.440835 0.000000 0.000000 0.000000 0.000000 1.000000
0.997062 -0.036693 0.067236 0.000000 0.076597 0.478721 -0.874620 3.248600 -0.000094 0.877200 0.480125 0.000000 0.000000 0.000000 0.000000 1.000000
0.997062 -0.040208 0.065201 0.000000 0.076602 0.524267 -0.848102 3.248600 -0.000082 0.850604 0.525806 -0.000000 0.000000 0.000000 0.000000 1.000000
0.997061 -0.044040 0.062686 0.000000 0.076609 0.573895 -0.815338 3.248600 -0.000068 0.817744 0.575582 0.000000 0.000000 0.000000 0.000000 1.000000
0.997061 -0.048013 0.059708 0.000000 0.076618 0.625355 -0.776570 3.248600 -0.000053 0.778862 0.627195 0.000000 0.000000 0.000000 0.000000 1.000000
0.997060 -0.051965 0.056316 0.000000 0.076628 0.676526 -0.732421 3.248600 -0.000039 0.734583 0.678519 0.000000 0.000000 0.000000 0.000000 1.000000
0.997059 -0.055750 0.052588 0.000000 0.076639 0.725518 -0.683922 3.248600 -0.000024 0.685941 0.727657 0.000000 0.000000 0.000000 0.000000 1.000000
0.997058 -0.059247 0.048634 0.000000 0.076651 0.770756 -0.632503 3.248600 -0.000011 0.634370 0.773030 0.000000 0.000000 0.000000 0.000000 1.000000
0.997057 -0.062362 0.044591 0.000000 0.076664 0.811047 -0.579936 3.248600 0.000001 0.581648 0.813441 -0.000000 0.000000 0.000000 0.000000 1.000000
0.997056 -0.065036 0.040614 0.000000 0.076676 0.845615 -0.528258 3.248600 0.000012 0.529817 0.848112 0.000000 0.000000 0.000000 0.000000 1.000000
0.997055 -0.067240 0.036876 0.000000 0.076688 0.874088 -0.479676 3.248600 0.000020 0.481091 0.876671 0.000000 0.000000 0.000000 0.000000 1.000000
0.997054 -0.068971 0.033551 0.000000 0.076699 0.896443 -0.436472 3.248600 0.000028 0.437760 0.899092 0.000000 0.000000 0.000000 0.000000 1.000000
0.997054 -0.070262 0.030767 0.000000 0.076703 0.912894 -0.400925 3.248600 0.000083 0.402104 0.915594 -0.000000 0.000000 0.000000 0.000000 1.000000
0.997053 -0.071098 0.028802 0.000000 0.076711 0.923753 -0.375227 3.248600 0.000072 0.376331 0.926485 -0.000000 0.000000 0.000000 0.000000 1.000000
0.997053 -0.071502 0.027812 0.000000 0.076721 0.929225 -0.361463 3.248600 0.000002 0.362531 0.931972 0.000000 0.000000 0.000000 0.000000 1.000000
0.997053 -0.071558 0.027671 0.000000 0.076721 0.929925 -0.359658 3.248600 0.000004 0.360721 0.932674 0.000000 0.000000 0.000000 0.000000 1.000000
0.997053 -0.071561 0.027657 -0.000000 0.076720 0.929925 -0.359658 3.248600 0.000018 0.360719 0.932674 -0.000000 0.000000 0.000000 0.000000 1.000000
0.997053 -0.071564 0.027648 0.000000 0.076719 0.929925 -0.359658 3.248600 0.000028 0.360719 0.932675 -0.000000 0.000000 0.000000 0.000000 1.000000
0.997053 -0.071565 0.027643 0.000000 0.076719 0.929925 -0.359657 3.248600 0.000033 0.360718 0.932675 0.000000 0.000000 0.000000 0.000000 1.000000
0.997053 -0.071565 0.027642 0.000000 0.076718 0.929925 -0.359657 3.248600 0.000034 0.360718 0.932675 0.000000 0.000000 0.000000 0.000000 1.000000
0.997053 -0.071566 0.027641 0.000000 0.076718 0.929925 -0.359657 3.248600 0.000035 0.360717 0.932675 0.000000 0.000000 0.000000 0.000000 1.000000
0.997053 -0.071566 0.027641 0.000000 0.076718 0.929925 -0.359657 3.248600 0.000035 0.360718 0.932675 0.000000 0.000000 0.000000 0.000000 1.000000
0.997053 -0.071566 0.027639 0.000000 0.076718 0.929925 -0.359657 3.248600 0.000037 0.360717 0.932675 0.000000 0.000000 0.000000 0.000000 1.000000
0.997053 -0.071567 0.027638 0.000000 0.076718 0.929925 -0.359657 3.248600 0.000038 0.360717 0.932675 0.000000 0.000000 0.000000 0.000000 1.000000
0.997048 -0.076309 0.008503 0.000000 0.076781 0.990826 -0.111216 3.248600 0.000062 0.111541 0.993760 0.000000 0.000000 0.000000 0.000000 1.000000
0.997046 -0.076787 0.001603 -0.000000 0.076804 0.996811 -0.021670 3.248600 0.000066 0.021729 0.999764 0.000000 0.000000 0.000000 0.000000 1.000000
0.997050 -0.075310 0.014848 0.000000 0.076760 0.978078 -0.193575 3.248600 0.000056 0.194143 0.980973 0.000000 0.000000 0.000000 0.000000 1.000000
0.997053 -0.071567 0.027638 0.000000 0.076718 0.929925 -0.359657 3.248600 0.000039 0.360717 0.932675 0.000000 0.000000 0.000000 0.000000 1.000000
0.997053 -0.071564 0.027626 0.000000 0.076712 0.929965 -0.359556 3.248600 0.000040 0.360615 0.932715 0.000000 0.000000 0.000000 0.000000 1.000000
0.997054 -0.071569 0.027601 0.000000 0.076706 0.930070 -0.359284 3.248600 0.000043 0.360343 0.932820 0.000000 0.000000 0.000000 0.000000 1.000000
0.997053 -0.071587 0.027567 0.000000 0.076711 0.930231 -0.358866 3.248600 0.000047 0.359923 0.932982 0.000000 0.000000 0.000000 0.000000 1.000000
0.997053 -0.071610 0.027522 -0.000000 0.076717 0.930452 -0.358292 3.248600 0.000050 0.359348 0.933204 0.000000 0.000000 0.000000 0.000000 1.000000
0.997053 -0.071633 0.027463 0.000000 0.076717 0.930736 -0.357555 3.248600 0.000052 0.358608 0.933488 0.000000 0.000000 0.000000 0.000000 1.000000
0.997053 -0.071659 0.027395 0.000000 0.076717 0.931073 -0.356676 3.248600 0.000052 0.357726 0.933827 0.000000 0.000000 0.000000 0.000000 1.000000
0.997053 -0.071689 0.027317 0.000000 0.076717 0.931461 -0.355660 3.248600 0.000052 0.356707 0.934216 0.000000 0.000000 0.000000 0.000000 1.000000
0.997053 -0.071723 0.027230 -0.000000 0.076718 0.931898 -0.354515 3.248600 0.000051 0.355560 0.934654 0.000000 0.000000 0.000000 0.000000 1.000000
0.997053 -0.071759 0.027134 0.000000 0.076718 0.932378 -0.353250 3.248600 0.000049 0.354291 0.935135 0.000000 0.000000 0.000000 0.000000 1.000000
0.997053 -0.071799 0.027031 0.000000 0.076719 0.932899 -0.351871 3.248600 0.000047 0.352908 0.935658 0.000000 0.000000 0.000000 0.000000 1.000000
0.997053 -0.071842 0.026919 0.000000 0.076719 0.933458 -0.350385 3.248600 0.000044 0.351417 0.936219 0.000000 0.000000 0.000000 0.000000 1.000000
0.997053 -0.071887 0.026802 0.000000 0.076721 0.934052 -0.348800 3.248600 0.000040 0.349828 0.936814 0.000000 0.000000 0.000000 0.000000 1.000000
0.997053 -0.071935 0.026672 0.000000 0.076721 0.934676 -0.347124 3.248600 0.000041 0.348147 0.937440 -0.000000 0.000000 0.000000 0.000000 1.000000
0.997053 -0.071987 0.026535 -0.000000 0.076721 0.935328 -0.345362 3.248600 0.000043 0.346380 0.938094 -0.000000 0.000000 0.000000 0.000000 1.000000
0.997053 -0.072039 0.026392 0.000000 0.076722 0.936005 -0.343524 3.248600 0.000044 0.344537 0.938773 0.000000 0.000000 0.000000 0.000000 1.000000
0.997053 -0.072093 0.026246 0.000000 0.076722 0.936702 -0.341617 3.248600 0.000044 0.342624 0.939473 -0.000000 0.000000 0.000000 0.000000 1.000000
0.997052 -0.072149 0.026094 0.000000 0.076723 0.937418 -0.339647 3.248600 0.000044 0.340648 0.940191 0.000000 0.000000 0.000000 0.000000 1.000000
0.997052 -0.072205 0.025940 0.000000 0.076723 0.938149 -0.337623 3.248600 0.000042 0.338618 0.940924 0.000000 0.000000 0.000000 0.000000 1.000000
0.997052 -0.072263 0.025782 0.000000 0.076724 0.938892 -0.335552 3.248600 0.000042 0.336541 0.941669 0.000000 0.000000 0.000000 0.000000 1.000000
0.997052 -0.072321 0.025618 0.000000 0.076724 0.939644 -0.333441 3.248600 0.000043 0.334424 0.942423 -0.000000 0.000000 0.000000 0.000000 1.000000
0.997052 -0.072380 0.025453 0.000000 0.076725 0.940402 -0.331298 3.248600 0.000043 0.332274 0.943183 0.000000 0.000000 0.000000 0.000000 1.000000
0.997052 -0.072439 0.025286 -0.000000 0.076725 0.941162 -0.329130 3.248600 0.000044 0.330100 0.943946 0.000000 0.000000 0.000000 0.000000 1.000000
0.997052 -0.072498 0.025118 -0.000000 0.076726 0.941923 -0.326946 3.248600 0.000043 0.327909 0.944709 0.000000 0.000000 0.000000 0.000000 1.000000
0.997052 -0.072557 0.024950 0.000000 0.076727 0.942682 -0.324752 3.248600 0.000043 0.325709 0.945470 0.000000 0.000000 0.000000 0.000000 1.000000
0.997052 -0.072615 0.024781 0.000000 0.076727 0.943436 -0.322556 3.248600 0.000044 0.323506 0.946226 0.000000 0.000000 0.000000 0.000000 1.000000
0.997052 -0.072673 0.024612 0.000000 0.076728 0.944181 -0.320366 3.248600 0.000044 0.321310 0.946974 0.000000 0.000000 0.000000 0.000000 1.000000
0.997052 -0.072730 0.024445 -0.000000 0.076728 0.944917 -0.318190 3.248600 0.000044 0.319127 0.947712 -0.000000 0.000000 0.000000 0.000000 1.000000
0.997052 -0.072786 0.024279 0.000000 0.076729 0.945640 -0.316034 3.248600 0.000044 0.316966 0.948437 0.000000 0.000000 0.000000 0.000000 1.000000
0.997052 -0.072841 0.024115 0.000000 0.076729 0.946348 -0.313908 3.248600 0.000044 0.314833 0.949147 0.000000 0.000000 0.000000 0.000000 1.000000
0.997052 -0.072895 0.023954 0.000000 0.076730 0.947038 -0.311819 3.248600 0.000044 0.312737 0.949840 0.000000 0.000000 0.000000 0.000000 1.000000
0.997052 -0.072947 0.023797 -0.000000 0.076731 0.947709 -0.309774 3.248600 0.000045 0.310687 0.950512 -0.000000 0.000000 0.000000 0.000000 1.000000
0.997052 -0.072998 0.023643 0.000000 0.076731 0.948358 -0.307782 3.248600 0.000045 0.308688 0.951163 0.000000 0.000000 0.000000 0.000000 1.000000
0.997052 -0.073046 0.023495 0.000000 0.076732 0.948983 -0.305849 3.248600 0.000045 0.306750 0.951790 0.000000 0.000000 0.000000 0.000000 1.000000
0.997052 -0.073093 0.023351 -0.000000 0.076732 0.949582 -0.303984 3.248600 0.000045 0.304880 0.952391 0.000000 0.000000 0.000000 0.000000 1.000000
0.997052 -0.073137 0.023213 0.000000 0.076732 0.950153 -0.302195 3.248600 0.000046 0.303085 0.952963 0.000000 0.000000 0.000000 0.000000 1.000000
0.997052 -0.073179 0.023083 0.000000 0.076733 0.950693 -0.300490 3.248600 0.000045 0.301375 0.953506 0.000000 0.000000 0.000000 0.000000 1.000000
0.997052 -0.073218 0.022960 0.000000 0.076733 0.951202 -0.298876 3.248600 0.000044 0.299756 0.954016 0.000000 0.000000 0.000000 0.000000 1.000000
0.997052 -0.073255 0.022844 0.000000 0.076734 0.951677 -0.297361 3.248600 0.000043 0.298237 0.954492 0.000000 0.000000 0.000000 0.000000 1.000000
0.997052 -0.073289 0.022734 -0.000000 0.076734 0.952115 -0.295953 3.248600 0.000045 0.296825 0.954932 0.000000 0.000000 0.000000 0.000000 1.000000
0.997051 -0.073318 0.022647 0.000000 0.076736 0.952516 -0.294662 3.248600 0.000032 0.295531 0.955333 0.000000 0.000000 0.000000 0.000000 1.000000
0.997051 -0.073340 0.022584 0.000000 0.076739 0.952875 -0.293496 3.248600 0.000005 0.294364 0.955693 0.000000 0.000000 0.000000 0.000000 1.000000
0.997051 -0.073360 0.022528 0.000000 0.076741 0.953193 -0.292460 3.248600 -0.000018 0.293327 0.956012 -0.000000 0.000000 0.000000 0.000000 1.000000
0.997051 -0.073377 0.022479 0.000000 0.076743 0.953468 -0.291563 3.248600 -0.000039 0.292428 0.956287 -0.000000 0.000000 0.000000 0.000000 1.000000
0.997051 -0.073392 0.022439 0.000000 0.076745 0.953697 -0.290812 3.248600 -0.000057 0.291676 0.956517 0.000000 0.000000 0.000000 0.000000 1.000000
0.997051 -0.073404 0.022407 -0.000000 0.076748 0.953879 -0.290216 3.248600 -0.000071 0.291080 0.956699 -0.000000 0.000000 0.000000 0.000000 1.000000
0.997049 -0.073436 0.022392 0.000000 0.076774 0.953993 -0.289831 3.248600 -0.000077 0.290695 0.956816 0.000000 0.000000 0.000000 0.000000 1.000000
0.997046 -0.073475 0.022389 0.000000 0.076811 0.954049 -0.289638 3.248600 -0.000079 0.290502 0.956874 0.000000 0.000000 0.000000 0.000000 1.000000
0.997046 -0.073475 0.022389 -0.000000 0.076810 0.954049 -0.289638 3.248600 -0.000079 0.290502 0.956875 0.000000 0.000000 0.000000 0.000000 1.000000</float_array>
        <technique_common>
          <accessor source="#mixamorig_LeftHandIndex2-Matrix-animation-output-transform-array" count="79" stride="16">
            <param type="float4x4"/>
          </accessor>
        </technique_common>
      </source>
      <source id="mixamorig_LeftHandIndex2-Interpolations">
        <Name_array id="mixamorig_LeftHandIndex2-Interpolations-array" count="79">
 LINEAR LINEAR LINEAR LINEAR LINEAR LINEAR LINEAR LINEAR LINEAR LINEAR LINEAR
LINEAR LINEAR LINEAR LINEAR LINEAR LINEAR LINEAR LINEAR LINEAR LINEAR LINEAR LINEAR
LINEAR LINEAR LINEAR LINEAR LINEAR LINEAR LINEAR LINEAR LINEAR LINEAR LINEAR LINEAR
LINEAR LINEAR LINEAR LINEAR LINEAR LINEAR LINEAR LINEAR LINEAR LINEAR LINEAR LINEAR
LINEAR LINEAR LINEAR LINEAR LINEAR LINEAR LINEAR LINEAR LINEAR LINEAR LINEAR LINEAR
LINEAR LINEAR LINEAR LINEAR LINEAR LINEAR LINEAR LINEAR LINEAR LINEAR LINEAR LINEAR
LINEAR LINEAR LINEAR LINEAR LINEAR LINEAR LINEAR LINEAR</Name_array>
        <technique_common>
          <accessor source="#mixamorig_LeftHandIndex2-Interpolations-array" count="79">
            <param type="name"/>
          </accessor>
        </technique_common>
      </source>
      <sampler id="mixamorig_LeftHandIndex2-Matrix-animation-transform">
        <input semantic="INPUT" source="#mixamorig_LeftHandIndex2-Matrix-animation-input"/>
        <input semantic="OUTPUT" source="#mixamorig_LeftHandIndex2-Matrix-animation-output-transform"/>
        <input semantic="INTERPOLATION" source="#mixamorig_LeftHandIndex2-Interpolations"/>
      </sampler>
      <channel source="#mixamorig_LeftHandIndex2-Matrix-animation-transform" target="mixamorig_LeftHandIndex2/matrix"/>
    </animation>
    <animation id="mixamorig_LeftHandIndex3-anim" name="mixamorig_LeftHandIndex3">
      <source id="mixamorig_LeftHandIndex3-Matrix-animation-input">
        <float_array id="mixamorig_LeftHandIndex3-Matrix-animation-input-array" count="79">

0.000000 0.033333 0.066667 0.100000 0.133333 0.166667 0.200000 0.233333 0.266667 0.300000 0.333333 0.366667 0.400000 0.433333 0.466667 0.500000
0.533333 0.566667 0.600000 0.633333 0.666667 0.700000 0.733333 0.766667 0.800000 0.833333 0.866667 0.900000 0.933333 0.966667 1.000000 1.033333
1.066667 1.100000 1.133333 1.166667 1.200000 1.233333 1.266667 1.300000 1.333333 1.366667 1.400000 1.433333 1.466667 1.500000 1.533333 1.566667
1.600000 1.633333 1.666667 1.700000 1.733333 1.766667 1.800000 1.833333 1.866667 1.900000 1.933333 1.966667 2.000000 2.033333 2.066667 2.100000
2.133333 2.166667 2.200000 2.233333 2.266667 2.300000 2.333333 2.366667 2.400000 2.433333 2.466667 2.500000 2.533333 2.566667 2.600000</float_array>
        <technique_common>
          <accessor source="#mixamorig_LeftHandIndex3-Matrix-animation-input-array" count="79">
            <param name="TIME" type="float"/>
          </accessor>
        </technique_common>
      </source>
      <source id="mixamorig_LeftHandIndex3-Matrix-animation-output-transform">
        <float_array id="mixamorig_LeftHandIndex3-Matrix-animation-output-transform-array" count="1264">

0.999406 0.034474 0.000037 0.000000 -0.011996 0.348779 -0.937128 2.659600 -0.032319 0.936571 0.348985 0.000000 0.000000 0.000000 0.000000 1.000000
0.999406 0.034473 0.000296 0.000000 -0.011997 0.355828 -0.934474 2.659600 -0.032319 0.933915 0.356031 0.000000 0.000000 0.000000 0.000000 1.000000
0.999406 0.034459 0.001034 -0.000000 -0.011997 0.375748 -0.926644 2.659600 -0.032320 0.926081 0.375938 0.000000 0.000000 0.000000 0.000000 1.000000
0.999405 0.034408 0.002187 0.000000 -0.011998 0.406564 -0.913544 2.659600 -0.032322 0.912974 0.406735 0.000000 0.000000 0.000000 0.000000 1.000000
0.999405 0.034282 0.003691 0.000000 -0.011999 0.446158 -0.894874 2.659600 -0.032325 0.894298 0.446304 0.000000 0.000000 0.000000 0.000000 1.000000
0.999405 0.034045 0.005478 -0.000000 -0.012000 0.492314 -0.870335 2.659600 -0.032327 0.869751 0.492430 0.000000 0.000000 0.000000 0.000000 1.000000
0.999405 0.033666 0.007475 -0.000000 -0.012003 0.542775 -0.839793 2.659600 -0.032330 0.839203 0.542856 0.000000 0.000000 0.000000 0.000000 1.000000
0.999405 0.033124 0.009610 0.000000 -0.012005 0.595309 -0.803408 2.659600 -0.032333 0.802814 0.595352 -0.000000 0.000000 0.000000 0.000000 1.000000
0.999405 0.032409 0.011808 0.000000 -0.012008 0.647800 -0.761716 2.659600 -0.032336 0.761121 0.647804 0.000000 0.000000 0.000000 0.000000 1.000000
0.999405 0.031531 0.013995 0.000000 -0.012011 0.698342 -0.715664 2.659600 -0.032339 0.715070 0.698305 0.000000 0.000000 0.000000 0.000000 1.000000
0.999405 0.030512 0.016104 0.000000 -0.012014 0.745320 -0.666598 2.659600 -0.032342 0.666008 0.745243 0.000000 0.000000 0.000000 0.000000 1.000000
0.999405 0.029392 0.018072 0.000000 -0.012017 0.787482 -0.616221 2.659600 -0.032344 0.615637 0.787366 0.000000 0.000000 0.000000 0.000000 1.000000
0.999405 0.028226 0.019832 0.000000 -0.012030 0.823970 -0.566506 2.659600 -0.032331 0.565931 0.823819 0.000000 0.000000 0.000000 0.000000 1.000000
0.999405 0.027077 0.021378 -0.000000 -0.012031 0.854315 -0.519616 2.659600 -0.032333 0.519050 0.854132 0.000000 0.000000 0.000000 0.000000 1.000000
0.999404 0.026017 0.022675 0.000000 -0.012025 0.878386 -0.477801 2.659600 -0.032349 0.477244 0.878175 0.000000 0.000000 0.000000 0.000000 1.000000
0.999404 0.025118 0.023669 -0.000000 -0.012028 0.896285 -0.443316 2.659600 -0.032349 0.442767 0.896053 -0.000000 0.000000 0.000000 0.000000 1.000000
0.999404 0.024456 0.024355 0.000000 -0.012029 0.908207 -0.418349 2.659600 -0.032350 0.417806 0.907960 -0.000000 0.000000 0.000000 0.000000 1.000000
0.999404 0.024096 0.024721 0.000000 -0.012026 0.914256 -0.404959 2.659600 -0.032359 0.404421 0.914000 0.000000 0.000000 0.000000 0.000000 1.000000
0.999403 0.024044 0.024803 0.000000 -0.012009 0.915052 -0.403157 2.659600 -0.032389 0.402618 0.914795 0.000000 0.000000 0.000000 0.000000 1.000000
0.999402 0.024051 0.024853 -0.000000 -0.011996 0.915066 -0.403126 2.659600 -0.032438 0.402587 0.914807 0.000000 0.000000 0.000000 0.000000 1.000000
0.999401 0.024054 0.024871 0.000000 -0.011992 0.915070 -0.403117 2.659600 -0.032455 0.402577 0.914811 0.000000 0.000000 0.000000 0.000000 1.000000
0.999401 0.024054 0.024864 0.000000 -0.011995 0.915067 -0.403123 2.659600 -0.032449 0.402584 0.914808 0.000000 0.000000 0.000000 0.000000 1.000000
0.999402 0.024053 0.024840 0.000000 -0.012003 0.915059 -0.403141 2.659600 -0.032427 0.402602 0.914801 0.000000 0.000000 0.000000 0.000000 1.000000
0.999403 0.024051 0.024809 0.000000 -0.012013 0.915049 -0.403163 2.659600 -0.032398 0.402624 0.914792 0.000000 0.000000 0.000000 0.000000 1.000000
0.999404 0.024049 0.024780 0.000000 -0.012022 0.915040 -0.403185 2.659600 -0.032370 0.402646 0.914783 0.000000 0.000000 0.000000 0.000000 1.000000
0.999404 0.024048 0.024761 0.000000 -0.012029 0.915033 -0.403200 2.659600 -0.032353 0.402662 0.914777 0.000000 0.000000 0.000000 0.000000 1.000000
0.999404 0.024048 0.024758 -0.000000 -0.012030 0.915032 -0.403203 2.659600 -0.032350 0.402665 0.914776 0.000000 0.000000 0.000000 0.000000 1.000000
0.999404 0.012852 0.032045 -0.000000 -0.012053 0.999614 -0.025017 2.659600 -0.032354 0.024616 0.999173 0.000000 0.000000 0.000000 0.000000 1.000000
0.999404 0.008380 0.033496 0.000000 -0.012061 0.993719 0.111248 2.659600 -0.032353 -0.111586 0.993228 0.000000 0.000000 0.000000 0.000000 1.000000
0.999404 0.016793 0.030164 -0.000000 -0.012045 0.988432 -0.151186 2.659600 -0.032354 0.150732 0.988045 0.000000 0.000000 0.000000 0.000000 1.000000
0.999404 0.024049 0.024758 0.000000 -0.012030 0.915032 -0.403203 2.659600 -0.032350 0.402665 0.914776 0.000000 0.000000 0.000000 0.000000 1.000000
0.999404 0.024044 0.024765 0.000000 -0.012026 0.915072 -0.403112 2.659600 -0.032354 0.402574 0.914816 0.000000 0.000000 0.000000 0.000000 1.000000
0.999404 0.024036 0.024778 0.000000 -0.012023 0.915189 -0.402844 2.659600 -0.032360 0.402306 0.914933 0.000000 0.000000 0.000000 0.000000 1.000000
0.999404 0.024020 0.024793 0.000000 -0.012018 0.915377 -0.402418 2.659600 -0.032361 0.401880 0.915120 -0.000000 0.000000 0.000000 0.000000 1.000000
0.999404 0.023994 0.024812 -0.000000 -0.012006 0.915625 -0.401854 2.659600 -0.032361 0.401317 0.915367 0.000000 0.000000 0.000000 0.000000 1.000000
0.999404 0.023973 0.024827 0.000000 -0.012006 0.915942 -0.401132 2.659600 -0.032357 0.400594 0.915684 0.000000 0.000000 0.000000 0.000000 1.000000
0.999404 0.023950 0.024859 0.000000 -0.012003 0.916320 -0.400268 2.659600 -0.032365 0.399731 0.916061 0.000000 0.000000 0.000000 0.000000 1.000000
0.999404 0.023924 0.024893 -0.000000 -0.012000 0.916755 -0.399269 2.659600 -0.032373 0.398732 0.916496 0.000000 0.000000 0.000000 0.000000 1.000000
0.999404 0.023895 0.024929 0.000000 -0.011999 0.917245 -0.398143 2.659600 -0.032379 0.397607 0.916984 0.000000 0.000000 0.000000 0.000000 1.000000
0.999403 0.023867 0.024970 -0.000000 -0.012001 0.917784 -0.396898 2.659600 -0.032390 0.396361 0.917523 0.000000 0.000000 0.000000 0.000000 1.000000
0.999403 0.023832 0.025016 0.000000 -0.011998 0.918370 -0.395540 2.659600 -0.032401 0.395004 0.918108 0.000000 0.000000 0.000000 0.000000 1.000000
0.999403 0.023794 0.025067 -0.000000 -0.011996 0.918999 -0.394078 2.659600 -0.032413 0.393541 0.918735 0.000000 0.000000 0.000000 0.000000 1.000000
0.999402 0.023756 0.025119 0.000000 -0.011995 0.919666 -0.392518 2.659600 -0.032425 0.391982 0.919401 -0.000000 0.000000 0.000000 0.000000 1.000000
0.999402 0.023711 0.025175 0.000000 -0.011990 0.920369 -0.390867 2.659600 -0.032438 0.390331 0.920103 0.000000 0.000000 0.000000 0.000000 1.000000
0.999401 0.023664 0.025233 -0.000000 -0.011986 0.921104 -0.389133 2.659600 -0.032451 0.388598 0.920836 0.000000 0.000000 0.000000 0.000000 1.000000
0.999401 0.023616 0.025295 -0.000000 -0.011981 0.921866 -0.387323 2.659600 -0.032465 0.386788 0.921597 -0.000000 0.000000 0.000000 0.000000 1.000000
0.999401 0.023565 0.025358 0.000000 -0.011975 0.922653 -0.385444 2.659600 -0.032479 0.384910 0.922383 0.000000 0.000000 0.000000 0.000000 1.000000
0.999400 0.023513 0.025424 -0.000000 -0.011970 0.923461 -0.383504 2.659600 -0.032495 0.382970 0.923189 0.000000 0.000000 0.000000 0.000000 1.000000
0.999400 0.023459 0.025491 0.000000 -0.011965 0.924287 -0.381511 2.659600 -0.032511 0.380977 0.924013 -0.000000 0.000000 0.000000 0.000000 1.000000
0.999399 0.023403 0.025560 0.000000 -0.011959 0.925127 -0.379470 2.659600 -0.032527 0.378936 0.924851 0.000000 0.000000 0.000000 0.000000 1.000000
0.999399 0.023346 0.025630 0.000000 -0.011952 0.925977 -0.377390 2.659600 -0.032544 0.376857 0.925700 0.000000 0.000000 0.000000 0.000000 1.000000
0.999398 0.023288 0.025702 0.000000 -0.011946 0.926835 -0.375278 2.659600 -0.032561 0.374745 0.926556 0.000000 0.000000 0.000000 0.000000 1.000000
0.999398 0.023230 0.025774 0.000000 -0.011940 0.927698 -0.373142 2.659600 -0.032578 0.372609 0.927416 -0.000000 0.000000 0.000000 0.000000 1.000000
0.999397 0.023171 0.025847 0.000000 -0.011934 0.928561 -0.370988 2.659600 -0.032596 0.370456 0.928278 0.000000 0.000000 0.000000 0.000000 1.000000
0.999397 0.023111 0.025920 0.000000 -0.011927 0.929422 -0.368826 2.659600 -0.032615 0.368294 0.929137 0.000000 0.000000 0.000000 0.000000 1.000000
0.999396 0.023052 0.025993 0.000000 -0.011921 0.930278 -0.366661 2.659600 -0.032633 0.366130 0.929991 0.000000 0.000000 0.000000 0.000000 1.000000
0.999396 0.022993 0.026066 -0.000000 -0.011915 0.931127 -0.364501 2.659600 -0.032652 0.363971 0.930838 0.000000 0.000000 0.000000 0.000000 1.000000
0.999395 0.022934 0.026139 -0.000000 -0.011909 0.931964 -0.362356 2.659600 -0.032670 0.361825 0.931673 0.000000 0.000000 0.000000 0.000000 1.000000
0.999395 0.022875 0.026211 0.000000 -0.011902 0.932788 -0.360230 2.659600 -0.032689 0.359700 0.932495 0.000000 0.000000 0.000000 0.000000 1.000000
0.999394 0.022814 0.026282 -0.000000 -0.011894 0.933595 -0.358133 2.659600 -0.032707 0.357604 0.933301 0.000000 0.000000 0.000000 0.000000 1.000000
0.999394 0.022763 0.026351 0.000000 -0.011894 0.934383 -0.356071 2.659600 -0.032727 0.355542 0.934087 0.000000 0.000000 0.000000 0.000000 1.000000
0.999392 0.022735 0.026419 0.000000 -0.011914 0.935149 -0.354055 2.659600 -0.032756 0.353525 0.934851 0.000000 0.000000 0.000000 0.000000 1.000000
0.999391 0.022734 0.026486 0.000000 -0.011958 0.935889 -0.352091 2.659600 -0.032792 0.351560 0.935591 0.000000 0.000000 0.000000 0.000000 1.000000
0.999388 0.022758 0.026550 0.000000 -0.012025 0.936602 -0.350187 2.659600 -0.032837 0.349654 0.936303 0.000000 0.000000 0.000000 0.000000 1.000000
0.999386 0.022782 0.026613 0.000000 -0.012090 0.937287 -0.348349 2.659600 -0.032880 0.347814 0.936987 0.000000 0.000000 0.000000 0.000000 1.000000
0.999384 0.022805 0.026672 0.000000 -0.012153 0.937939 -0.346586 2.659600 -0.032921 0.346049 0.937639 0.000000 0.000000 0.000000 0.000000 1.000000
0.999382 0.022826 0.026729 -0.000000 -0.012212 0.938558 -0.344906 2.659600 -0.032960 0.344366 0.938257 -0.000000 0.000000 0.000000 0.000000 1.000000
0.999380 0.022847 0.026783 0.000000 -0.012269 0.939140 -0.343314 2.659600 -0.032997 0.342773 0.938839 0.000000 0.000000 0.000000 0.000000 1.000000
0.999378 0.022866 0.026833 0.000000 -0.012322 0.939684 -0.341821 2.659600 -0.033031 0.341278 0.939382 0.000000 0.000000 0.000000 0.000000 1.000000
0.999377 0.022883 0.026881 0.000000 -0.012371 0.940187 -0.340433 2.659600 -0.033063 0.339888 0.939884 0.000000 0.000000 0.000000 0.000000 1.000000
0.999375 0.022899 0.026923 0.000000 -0.012417 0.940647 -0.339158 2.659600 -0.033091 0.338612 0.940344 0.000000 0.000000 0.000000 0.000000 1.000000
0.999374 0.022914 0.026963 0.000000 -0.012457 0.941062 -0.338004 2.659600 -0.033119 0.337457 0.940758 0.000000 0.000000 0.000000 0.000000 1.000000
0.999373 0.022925 0.026995 -0.000000 -0.012493 0.941429 -0.336981 2.659600 -0.033139 0.336432 0.941124 -0.000000 0.000000 0.000000 0.000000 1.000000
0.999371 0.022938 0.027027 0.000000 -0.012526 0.941746 -0.336092 2.659600 -0.033162 0.335542 0.941441 0.000000 0.000000 0.000000 0.000000 1.000000
0.999372 0.022930 0.027007 0.000000 -0.012551 0.942004 -0.335366 2.659600 -0.033131 0.334816 0.941701 0.000000 0.000000 0.000000 0.000000 1.000000
0.999373 0.022922 0.026992 -0.000000 -0.012568 0.942206 -0.334798 2.659600 -0.033107 0.334248 0.941903 -0.000000 0.000000 0.000000 0.000000 1.000000
0.999374 0.022892 0.026992 -0.000000 -0.012553 0.942338 -0.334427 2.659600 -0.033091 0.333878 0.942035 0.000000 0.000000 0.000000 0.000000 1.000000
0.999374 0.022855 0.027000 0.000000 -0.012522 0.942401 -0.334252 2.659600 -0.033084 0.333705 0.942097 0.000000 0.000000 0.000000 0.000000 1.000000
0.999374 0.022855 0.027000 0.000000 -0.012521 0.942401 -0.334252 2.659600 -0.033084 0.333705 0.942097 0.000000 0.000000 0.000000 0.000000 1.000000</float_array>
        <technique_common>
          <accessor source="#mixamorig_LeftHandIndex3-Matrix-animation-output-transform-array" count="79" stride="16">
            <param type="float4x4"/>
          </accessor>
        </technique_common>
      </source>
      <source id="mixamorig_LeftHandIndex3-Interpolations">
        <Name_array id="mixamorig_LeftHandIndex3-Interpolations-array" count="79">
 LINEAR LINEAR LINEAR LINEAR LINEAR LINEAR LINEAR LINEAR LINEAR LINEAR LINEAR
LINEAR LINEAR LINEAR LINEAR LINEAR LINEAR LINEAR LINEAR LINEAR LINEAR LINEAR LINEAR
LINEAR LINEAR LINEAR LINEAR LINEAR LINEAR LINEAR LINEAR LINEAR LINEAR LINEAR LINEAR
LINEAR LINEAR LINEAR LINEAR LINEAR LINEAR LINEAR LINEAR LINEAR LINEAR LINEAR LINEAR
LINEAR LINEAR LINEAR LINEAR LINEAR LINEAR LINEAR LINEAR LINEAR LINEAR LINEAR LINEAR
LINEAR LINEAR LINEAR LINEAR LINEAR LINEAR LINEAR LINEAR LINEAR LINEAR LINEAR LINEAR
LINEAR LINEAR LINEAR LINEAR LINEAR LINEAR LINEAR LINEAR</Name_array>
        <technique_common>
          <accessor source="#mixamorig_LeftHandIndex3-Interpolations-array" count="79">
            <param type="name"/>
          </accessor>
        </technique_common>
      </source>
      <sampler id="mixamorig_LeftHandIndex3-Matrix-animation-transform">
        <input semantic="INPUT" source="#mixamorig_LeftHandIndex3-Matrix-animation-input"/>
        <input semantic="OUTPUT" source="#mixamorig_LeftHandIndex3-Matrix-animation-output-transform"/>
        <input semantic="INTERPOLATION" source="#mixamorig_LeftHandIndex3-Interpolations"/>
      </sampler>
      <channel source="#mixamorig_LeftHandIndex3-Matrix-animation-transform" target="mixamorig_LeftHandIndex3/matrix"/>
    </animation>
    <animation id="mixamorig_LeftHandMiddle1-anim" name="mixamorig_LeftHandMiddle1">
      <source id="mixamorig_LeftHandMiddle1-Matrix-animation-input">
        <float_array id="mixamorig_LeftHandMiddle1-Matrix-animation-input-array" count="79">

0.000000 0.033333 0.066667 0.100000 0.133333 0.166667 0.200000 0.233333 0.266667 0.300000 0.333333 0.366667 0.400000 0.433333 0.466667 0.500000
0.533333 0.566667 0.600000 0.633333 0.666667 0.700000 0.733333 0.766667 0.800000 0.833333 0.866667 0.900000 0.933333 0.966667 1.000000 1.033333
1.066667 1.100000 1.133333 1.166667 1.200000 1.233333 1.266667 1.300000 1.333333 1.366667 1.400000 1.433333 1.466667 1.500000 1.533333 1.566667
1.600000 1.633333 1.666667 1.700000 1.733333 1.766667 1.800000 1.833333 1.866667 1.900000 1.933333 1.966667 2.000000 2.033333 2.066667 2.100000
2.133333 2.166667 2.200000 2.233333 2.266667 2.300000 2.333333 2.366667 2.400000 2.433333 2.466667 2.500000 2.533333 2.566667 2.600000</float_array>
        <technique_common>
          <accessor source="#mixamorig_LeftHandMiddle1-Matrix-animation-input-array" count="79">
            <param name="TIME" type="float"/>
          </accessor>
        </technique_common>
      </source>
      <source id="mixamorig_LeftHandMiddle1-Matrix-animation-output-transform">
        <float_array id="mixamorig_LeftHandMiddle1-Matrix-animation-output-transform-array" count="1264">

0.994536 -0.092941 -0.047537 0.000000 -0.042219 0.058365 -0.997402 14.409800 0.095474 0.993959 0.054123 0.000000 0.000000 0.000000 0.000000 1.000000
0.994538 -0.092428 -0.048499 0.000000 -0.042220 0.068714 -0.996743 14.409800 0.095459 0.993346 0.064436 0.000000 0.000000 0.000000 0.000000 1.000000
0.994542 -0.090913 -0.051203 0.000000 -0.042224 0.098075 -0.994283 14.409800 0.095415 0.991018 0.093701 0.000000 0.000000 0.000000 0.000000 1.000000
0.994548 -0.088387 -0.055340 0.000000 -0.042232 0.143828 -0.988701 14.409800 0.095348 0.985648 0.139311 0.000000 0.000000 0.000000 0.000000 1.000000
0.994556 -0.084801 -0.060565 0.000000 -0.042248 0.203168 -0.978232 14.409800 0.095260 0.975465 0.198480 0.000000 0.000000 0.000000 0.000000 1.000000
0.994564 -0.080116 -0.066508 0.000000 -0.042273 0.273045 -0.961072 14.409800 0.095156 0.958659 0.268174 0.000000 0.000000 0.000000 0.000000 1.000000
0.994574 -0.074331 -0.072789 0.000000 -0.042311 0.350175 -0.935728 14.409800 0.095042 0.933730 0.345130 0.000000 0.000000 0.000000 0.000000 1.000000
0.994583 -0.067511 -0.079039 0.000000 -0.042362 0.431115 -0.901302 14.409800 0.094922 0.899768 0.425919 0.000000 0.000000 0.000000 0.000000 1.000000
0.994592 -0.059795 -0.084924 0.000000 -0.042427 0.512419 -0.857687 14.409800 0.094802 0.856651 0.507111 -0.000000 0.000000 0.000000 0.000000 1.000000
0.994599 -0.051400 -0.090166 0.000000 -0.042504 0.590844 -0.805666 14.409800 0.094685 0.805147 0.585468 0.000000 0.000000 0.000000 0.000000 1.000000
0.994606 -0.042608 -0.094570 0.000000 -0.042591 0.663566 -0.746905 14.409800 0.094577 0.746904 0.658172 -0.000000 0.000000 0.000000 0.000000 1.000000
0.994611 -0.033749 -0.098029 -0.000000 -0.042686 0.728371 -0.683852 14.409800 0.094481 0.684351 0.723006 0.000000 0.000000 0.000000 0.000000 1.000000
0.994615 -0.025181 -0.100535 0.000000 -0.042781 0.783785 -0.619557 14.409800 0.094399 0.620522 0.778487 -0.000000 0.000000 0.000000 0.000000 1.000000
0.994617 -0.017262 -0.102169 0.000000 -0.042873 0.829100 -0.557454 14.409800 0.094332 0.558834 0.823897 0.000000 0.000000 0.000000 0.000000 1.000000
0.994619 -0.010338 -0.103087 0.000000 -0.042957 0.864301 -0.501137 14.409800 0.094279 0.502869 0.859206 0.000000 0.000000 0.000000 0.000000 1.000000
0.994619 -0.004728 -0.103491 0.000000 -0.043027 0.889877 -0.454166 14.409800 0.094241 0.456176 0.884886 0.000000 0.000000 0.000000 0.000000 1.000000
0.994619 -0.000723 -0.103595 0.000000 -0.043078 0.906539 -0.419918 14.409800 0.094216 0.422121 0.901630 0.000000 0.000000 0.000000 0.000000 1.000000
0.994619 0.001404 -0.103588 0.000000 -0.043105 0.914853 -0.401480 14.409800 0.094204 0.403785 0.909991 0.000000 0.000000 0.000000 0.000000 1.000000
0.994622 0.001691 -0.103561 0.000000 -0.043108 0.915912 -0.399059 14.409800 0.094178 0.401376 0.911058 0.000000 0.000000 0.000000 0.000000 1.000000
0.994625 0.001701 -0.103533 0.000000 -0.043106 0.915911 -0.399059 14.409800 0.094148 0.401377 0.911061 0.000000 0.000000 0.000000 0.000000 1.000000
0.994626 0.001705 -0.103523 0.000000 -0.043106 0.915911 -0.399059 14.409800 0.094138 0.401377 0.911062 0.000000 0.000000 0.000000 0.000000 1.000000
0.994625 0.001704 -0.103527 0.000000 -0.043106 0.915911 -0.399060 14.409800 0.094142 0.401377 0.911062 0.000000 0.000000 0.000000 0.000000 1.000000
0.994624 0.001699 -0.103540 0.000000 -0.043107 0.915911 -0.399059 14.409800 0.094155 0.401377 0.911061 0.000000 0.000000 0.000000 0.000000 1.000000
0.994622 0.001693 -0.103556 0.000000 -0.043107 0.915912 -0.399059 14.409800 0.094173 0.401377 0.911059 0.000000 0.000000 0.000000 0.000000 1.000000
0.994621 0.001687 -0.103572 0.000000 -0.043108 0.915912 -0.399058 14.409800 0.094190 0.401376 0.911057 0.000000 0.000000 0.000000 0.000000 1.000000
0.994619 0.001683 -0.103582 0.000000 -0.043108 0.915912 -0.399058 14.409800 0.094200 0.401376 0.911056 0.000000 0.000000 0.000000 0.000000 1.000000
0.994619 0.001682 -0.103584 0.000000 -0.043109 0.915912 -0.399058 14.409800 0.094202 0.401376 0.911056 0.000000 0.000000 0.000000 0.000000 1.000000
0.994600 0.051149 -0.090308 0.000000 -0.043822 0.995723 0.081329 14.409800 0.094082 -0.076932 0.992588 -0.000000 0.000000 0.000000 0.000000 1.000000
0.994585 0.066131 -0.080177 -0.000000 -0.044074 0.967015 0.250877 14.409800 0.094123 -0.245985 0.964693 0.000000 0.000000 0.000000 0.000000 1.000000
0.994610 0.035870 -0.097285 -0.000000 -0.043585 0.995971 -0.078376 14.409800 0.094082 0.082194 0.992166 0.000000 0.000000 0.000000 0.000000 1.000000
0.994619 0.001682 -0.103584 0.000000 -0.043108 0.915912 -0.399058 14.409800 0.094202 0.401376 0.911056 0.000000 0.000000 0.000000 0.000000 1.000000
0.994619 0.001705 -0.103586 0.000000 -0.043118 0.915964 -0.398937 14.409800 0.094201 0.401257 0.911109 -0.000000 0.000000 0.000000 0.000000 1.000000
0.994619 0.001759 -0.103584 -0.000000 -0.043132 0.916113 -0.398593 14.409800 0.094194 0.400916 0.911259 0.000000 0.000000 0.000000 0.000000 1.000000
0.994620 0.001835 -0.103578 0.000000 -0.043141 0.916358 -0.398029 14.409800 0.094184 0.400355 0.911507 0.000000 0.000000 0.000000 0.000000 1.000000
0.994620 0.001921 -0.103569 0.000000 -0.043136 0.916693 -0.397257 14.409800 0.094178 0.399587 0.911845 -0.000000 0.000000 0.000000 0.000000 1.000000
0.994621 0.002026 -0.103562 0.000000 -0.043130 0.917114 -0.396286 14.409800 0.094175 0.398621 0.912268 -0.000000 0.000000 0.000000 0.000000 1.000000
0.994621 0.002150 -0.103557 0.000000 -0.043123 0.917615 -0.395125 14.409800 0.094176 0.397466 0.912772 0.000000 0.000000 0.000000 0.000000 1.000000
0.994621 0.002298 -0.103556 0.000000 -0.043121 0.918191 -0.393785 14.409800 0.094179 0.396132 0.913351 0.000000 0.000000 0.000000 0.000000 1.000000
0.994621 0.002466 -0.103556 0.000000 -0.043120 0.918837 -0.392274 14.409800 0.094184 0.394629 0.914001 0.000000 0.000000 0.000000 0.000000 1.000000
0.994620 0.002654 -0.103556 0.000000 -0.043121 0.919549 -0.390603 14.409800 0.094188 0.392967 0.914716 0.000000 0.000000 0.000000 0.000000 1.000000
0.994620 0.002861 -0.103551 0.000000 -0.043123 0.920321 -0.388781 14.409800 0.094188 0.391155 0.915493 0.000000 0.000000 0.000000 0.000000 1.000000
0.994620 0.003085 -0.103546 -0.000000 -0.043127 0.921147 -0.386818 14.409800 0.094188 0.389202 0.916324 -0.000000 0.000000 0.000000 0.000000 1.000000
0.994620 0.003322 -0.103540 0.000000 -0.043129 0.922024 -0.384723 14.409800 0.094188 0.387118 0.917207 0.000000 0.000000 0.000000 0.000000 1.000000
0.994620 0.003574 -0.103534 0.000000 -0.043133 0.922946 -0.382506 14.409800 0.094189 0.384914 0.918134 0.000000 0.000000 0.000000 0.000000 1.000000
0.994619 0.003838 -0.103526 0.000000 -0.043137 0.923907 -0.380177 14.409800 0.094189 0.382597 0.919102 0.000000 0.000000 0.000000 0.000000 1.000000
0.994619 0.004114 -0.103516 -0.000000 -0.043140 0.924904 -0.377745 14.409800 0.094188 0.380178 0.920105 -0.000000 0.000000 0.000000 0.000000 1.000000
0.994619 0.004401 -0.103505 0.000000 -0.043144 0.925931 -0.375220 14.409800 0.094187 0.377667 0.921139 -0.000000 0.000000 0.000000 0.000000 1.000000
0.994619 0.004696 -0.103492 0.000000 -0.043148 0.926983 -0.372613 14.409800 0.094186 0.375073 0.922198 0.000000 0.000000 0.000000 0.000000 1.000000
0.994619 0.004999 -0.103479 0.000000 -0.043152 0.928056 -0.369932 14.409800 0.094185 0.372406 0.923278 0.000000 0.000000 0.000000 0.000000 1.000000
0.994619 0.005309 -0.103465 0.000000 -0.043156 0.929145 -0.367187 14.409800 0.094185 0.369677 0.924375 0.000000 0.000000 0.000000 0.000000 1.000000
0.994619 0.005625 -0.103449 0.000000 -0.043160 0.930246 -0.364389 14.409800 0.094183 0.366893 0.925483 0.000000 0.000000 0.000000 0.000000 1.000000
0.994619 0.005945 -0.103431 0.000000 -0.043164 0.931354 -0.361547 14.409800 0.094181 0.364066 0.926599 0.000000 0.000000 0.000000 0.000000 1.000000
0.994619 0.006269 -0.103412 0.000000 -0.043169 0.932465 -0.358672 14.409800 0.094180 0.361206 0.927718 -0.000000 0.000000 0.000000 0.000000 1.000000
0.994619 0.006594 -0.103393 0.000000 -0.043173 0.933575 -0.355773 14.409800 0.094179 0.358322 0.928836 -0.000000 0.000000 0.000000 0.000000 1.000000
0.994619 0.006921 -0.103372 0.000000 -0.043177 0.934679 -0.352860 14.409800 0.094177 0.355425 0.929948 0.000000 0.000000 0.000000 0.000000 1.000000
0.994619 0.007249 -0.103349 -0.000000 -0.043182 0.935775 -0.349944 14.409800 0.094174 0.352524 0.931052 -0.000000 0.000000 0.000000 0.000000 1.000000
0.994619 0.007574 -0.103324 -0.000000 -0.043186 0.936857 -0.347035 14.409800 0.094171 0.349630 0.932143 0.000000 0.000000 0.000000 0.000000 1.000000
0.994618 0.007894 -0.103312 0.000000 -0.043191 0.937924 -0.344142 14.409800 0.094182 0.346752 0.933216 0.000000 0.000000 0.000000 0.000000 1.000000
0.994616 0.008209 -0.103303 0.000000 -0.043195 0.938970 -0.341276 14.409800 0.094197 0.343901 0.934269 0.000000 0.000000 0.000000 0.000000 1.000000
0.994614 0.008518 -0.103297 0.000000 -0.043201 0.939993 -0.338448 14.409800 0.094216 0.341088 0.935298 0.000000 0.000000 0.000000 0.000000 1.000000
0.994612 0.008821 -0.103293 -0.000000 -0.043206 0.940989 -0.335667 14.409800 0.094237 0.338322 0.936300 -0.000000 0.000000 0.000000 0.000000 1.000000
0.994610 0.009117 -0.103288 0.000000 -0.043211 0.941956 -0.332945 14.409800 0.094257 0.335614 0.937272 0.000000 0.000000 0.000000 0.000000 1.000000
0.994608 0.009406 -0.103282 0.000000 -0.043215 0.942889 -0.330292 14.409800 0.094277 0.332974 0.938211 -0.000000 0.000000 0.000000 0.000000 1.000000
0.994606 0.009687 -0.103272 -0.000000 -0.043220 0.943787 -0.327718 14.409800 0.094292 0.330414 0.939114 -0.000000 0.000000 0.000000 0.000000 1.000000
0.994612 0.009773 -0.103203 0.000000 -0.043030 0.944649 -0.325250 14.409800 0.094312 0.327938 0.939980 -0.000000 0.000000 0.000000 0.000000 1.000000
0.994619 0.009847 -0.103127 -0.000000 -0.042838 0.945469 -0.322882 14.409800 0.094324 0.325563 0.940804 -0.000000 0.000000 0.000000 0.000000 1.000000
0.994627 0.009916 -0.103047 0.000000 -0.042652 0.946245 -0.320625 14.409800 0.094328 0.323298 0.941584 0.000000 0.000000 0.000000 0.000000 1.000000
0.994635 0.009982 -0.102961 0.000000 -0.042472 0.946974 -0.318490 14.409800 0.094322 0.321154 0.942318 0.000000 0.000000 0.000000 0.000000 1.000000
0.994644 0.010041 -0.102867 0.000000 -0.042298 0.947654 -0.316485 14.409800 0.094304 0.319141 0.943003 -0.000000 0.000000 0.000000 0.000000 1.000000
0.994655 0.010092 -0.102763 0.000000 -0.042127 0.948282 -0.314622 14.409800 0.094273 0.317269 0.943638 0.000000 0.000000 0.000000 0.000000 1.000000
0.994669 0.010144 -0.102620 0.000000 -0.041960 0.948855 -0.312912 14.409800 0.094197 0.315550 0.944222 0.000000 0.000000 0.000000 0.000000 1.000000
0.994682 0.010190 -0.102489 0.000000 -0.041808 0.949371 -0.311364 14.409800 0.094127 0.313993 0.944748 -0.000000 0.000000 0.000000 0.000000 1.000000
0.994693 0.010231 -0.102376 -0.000000 -0.041674 0.949826 -0.309989 14.409800 0.094068 0.312610 0.945212 -0.000000 0.000000 0.000000 0.000000 1.000000
0.994703 0.010266 -0.102277 0.000000 -0.041558 0.950220 -0.308797 14.409800 0.094015 0.311411 0.945613 0.000000 0.000000 0.000000 0.000000 1.000000
0.994709 0.010288 -0.102213 -0.000000 -0.041459 0.950547 -0.307800 14.409800 0.093992 0.310409 0.945945 0.000000 0.000000 0.000000 0.000000 1.000000
0.994712 0.010302 -0.102186 -0.000000 -0.041385 0.950812 -0.306991 14.409800 0.093997 0.309597 0.946211 0.000000 0.000000 0.000000 0.000000 1.000000
0.994715 0.010262 -0.102157 0.000000 -0.041291 0.950967 -0.306524 14.409800 0.094002 0.309122 0.946365 0.000000 0.000000 0.000000 0.000000 1.000000
0.994717 0.010237 -0.102139 0.000000 -0.041233 0.951062 -0.306237 14.409800 0.094005 0.308831 0.946460 0.000000 0.000000 0.000000 0.000000 1.000000
0.994718 0.010231 -0.102134 -0.000000 -0.041218 0.951086 -0.306164 14.409800 0.094006 0.308757 0.946484 -0.000000 0.000000 0.000000 0.000000 1.000000</float_array>
        <technique_common>
          <accessor source="#mixamorig_LeftHandMiddle1-Matrix-animation-output-transform-array" count="79" stride="16">
            <param type="float4x4"/>
          </accessor>
        </technique_common>
      </source>
      <source id="mixamorig_LeftHandMiddle1-Interpolations">
        <Name_array id="mixamorig_LeftHandMiddle1-Interpolations-array" count="79">
 LINEAR LINEAR LINEAR LINEAR LINEAR LINEAR LINEAR LINEAR LINEAR LINEAR LINEAR
LINEAR LINEAR LINEAR LINEAR LINEAR LINEAR LINEAR LINEAR LINEAR LINEAR LINEAR LINEAR
LINEAR LINEAR LINEAR LINEAR LINEAR LINEAR LINEAR LINEAR LINEAR LINEAR LINEAR LINEAR
LINEAR LINEAR LINEAR LINEAR LINEAR LINEAR LINEAR LINEAR LINEAR LINEAR LINEAR LINEAR
LINEAR LINEAR LINEAR LINEAR LINEAR LINEAR LINEAR LINEAR LINEAR LINEAR LINEAR LINEAR
LINEAR LINEAR LINEAR LINEAR LINEAR LINEAR LINEAR LINEAR LINEAR LINEAR LINEAR LINEAR
LINEAR LINEAR LINEAR LINEAR LINEAR LINEAR LINEAR LINEAR</Name_array>
        <technique_common>
          <accessor source="#mixamorig_LeftHandMiddle1-Interpolations-array" count="79">
            <param type="name"/>
          </accessor>
        </technique_common>
      </source>
      <sampler id="mixamorig_LeftHandMiddle1-Matrix-animation-transform">
        <input semantic="INPUT" source="#mixamorig_LeftHandMiddle1-Matrix-animation-input"/>
        <input semantic="OUTPUT" source="#mixamorig_LeftHandMiddle1-Matrix-animation-output-transform"/>
        <input semantic="INTERPOLATION" source="#mixamorig_LeftHandMiddle1-Interpolations"/>
      </sampler>
      <channel source="#mixamorig_LeftHandMiddle1-Matrix-animation-transform" target="mixamorig_LeftHandMiddle1/matrix"/>
    </animation>
    <animation id="mixamorig_LeftHandMiddle2-anim" name="mixamorig_LeftHandMiddle2">
      <source id="mixamorig_LeftHandMiddle2-Matrix-animation-input">
        <float_array id="mixamorig_LeftHandMiddle2-Matrix-animation-input-array" count="79">

0.000000 0.033333 0.066667 0.100000 0.133333 0.166667 0.200000 0.233333 0.266667 0.300000 0.333333 0.366667 0.400000 0.433333 0.466667 0.500000
0.533333 0.566667 0.600000 0.633333 0.666667 0.700000 0.733333 0.766667 0.800000 0.833333 0.866667 0.900000 0.933333 0.966667 1.000000 1.033333
1.066667 1.100000 1.133333 1.166667 1.200000 1.233333 1.266667 1.300000 1.333333 1.366667 1.400000 1.433333 1.466667 1.500000 1.533333 1.566667
1.600000 1.633333 1.666667 1.700000 1.733333 1.766667 1.800000 1.833333 1.866667 1.900000 1.933333 1.966667 2.000000 2.033333 2.066667 2.100000
2.133333 2.166667 2.200000 2.233333 2.266667 2.300000 2.333333 2.366667 2.400000 2.433333 2.466667 2.500000 2.533333 2.566667 2.600000</float_array>
        <technique_common>
          <accessor source="#mixamorig_LeftHandMiddle2-Matrix-animation-input-array" count="79">
            <param name="TIME" type="float"/>
          </accessor>
        </technique_common>
      </source>
      <source id="mixamorig_LeftHandMiddle2-Matrix-animation-output-transform">
        <float_array id="mixamorig_LeftHandMiddle2-Matrix-animation-output-transform-array" count="1264">

0.996350 -0.020869 0.082769 0.000000 0.085352 0.230814 -0.969247 3.259100 0.001123 0.972774 0.231753 0.000000 0.000000 0.000000 0.000000 1.000000
0.996350 -0.021379 0.082636 0.000000 0.085350 0.236872 -0.967785 3.259100 0.001116 0.971306 0.237832 0.000000 0.000000 0.000000 0.000000 1.000000
0.996351 -0.022823 0.082242 0.000000 0.085343 0.254035 -0.963422 3.259100 0.001096 0.966926 0.255056 0.000000 0.000000 0.000000 0.000000 1.000000
0.996352 -0.025068 0.081573 -0.000000 0.085332 0.280723 -0.955988 3.259100 0.001065 0.959461 0.281838 -0.000000 0.000000 0.000000 0.000000 1.000000
0.996353 -0.027974 0.080606 0.000000 0.085316 0.315283 -0.945155 3.259100 0.001026 0.948585 0.316520 0.000000 0.000000 0.000000 0.000000 1.000000
0.996355 -0.031394 0.079314 -0.000000 0.085295 0.356005 -0.930583 3.259100 0.000979 0.933957 0.357385 -0.000000 0.000000 0.000000 0.000000 1.000000
0.996357 -0.035183 0.077678 0.000000 0.085270 0.401146 -0.912037 3.259100 0.000927 0.915338 0.402685 0.000000 0.000000 0.000000 0.000000 1.000000
0.996360 -0.039191 0.075700 0.000000 0.085239 0.448964 -0.889475 3.259100 0.000873 0.892690 0.450671 0.000000 0.000000 0.000000 0.000000 1.000000
0.996363 -0.043277 0.073399 0.000000 0.085204 0.497765 -0.863117 3.259100 0.000817 0.866231 0.499642 0.000000 0.000000 0.000000 0.000000 1.000000
0.996367 -0.047306 0.070822 -0.000000 0.085165 0.545954 -0.833476 3.259100 0.000763 0.836479 0.547999 0.000000 0.000000 0.000000 0.000000 1.000000
0.996370 -0.051158 0.068039 -0.000000 0.085123 0.592084 -0.801368 3.259100 0.000712 0.804251 0.594290 -0.000000 0.000000 0.000000 0.000000 1.000000
0.996374 -0.054728 0.065145 0.000000 0.085080 0.634905 -0.767891 3.259100 0.000664 0.770649 0.637259 0.000000 0.000000 0.000000 0.000000 1.000000
0.996378 -0.057931 0.062255 -0.000000 0.085037 0.673385 -0.734385 3.259100 0.000622 0.737018 0.675872 0.000000 0.000000 0.000000 0.000000 1.000000
0.996381 -0.060700 0.059500 0.000000 0.084997 0.706715 -0.702374 3.259100 0.000585 0.704890 0.709317 0.000000 0.000000 0.000000 0.000000 1.000000
0.996384 -0.062987 0.057018 0.000000 0.084960 0.734285 -0.673504 3.259100 0.000555 0.675913 0.736981 -0.000000 0.000000 0.000000 0.000000 1.000000
0.996387 -0.064756 0.054955 0.000000 0.084930 0.755631 -0.649468 3.259100 0.000532 0.651789 0.758400 0.000000 0.000000 0.000000 0.000000 1.000000
0.996389 -0.065975 0.053451 -0.000000 0.084908 0.770353 -0.631939 3.259100 0.000516 0.634195 0.773173 0.000000 0.000000 0.000000 0.000000 1.000000
0.996390 -0.066608 0.052641 0.000000 0.084897 0.778006 -0.622495 3.259100 0.000508 0.624716 0.780852 0.000000 0.000000 0.000000 0.000000 1.000000
0.996390 -0.066680 0.052551 0.000000 0.084898 0.779002 -0.621247 3.259100 0.000487 0.623466 0.781851 0.000000 0.000000 0.000000 0.000000 1.000000
0.996389 -0.066668 0.052573 -0.000000 0.084901 0.779006 -0.621242 3.259100 0.000462 0.623462 0.781853 0.000000 0.000000 0.000000 0.000000 1.000000
0.996389 -0.066664 0.052580 0.000000 0.084903 0.779007 -0.621240 3.259100 0.000454 0.623461 0.781854 -0.000000 0.000000 0.000000 0.000000 1.000000
0.996389 -0.066665 0.052577 0.000000 0.084902 0.779006 -0.621241 3.259100 0.000457 0.623462 0.781854 -0.000000 0.000000 0.000000 0.000000 1.000000
0.996389 -0.066671 0.052568 0.000000 0.084901 0.779004 -0.621244 3.259100 0.000468 0.623464 0.781852 0.000000 0.000000 0.000000 0.000000 1.000000
0.996389 -0.066678 0.052555 0.000000 0.084899 0.779002 -0.621247 3.259100 0.000483 0.623466 0.781850 0.000000 0.000000 0.000000 0.000000 1.000000
0.996390 -0.066684 0.052543 -0.000000 0.084896 0.778999 -0.621251 3.259100 0.000496 0.623469 0.781848 0.000000 0.000000 0.000000 0.000000 1.000000
0.996390 -0.066689 0.052536 0.000000 0.084895 0.778998 -0.621253 3.259100 0.000506 0.623470 0.781847 0.000000 0.000000 0.000000 0.000000 1.000000
0.996390 -0.066690 0.052535 -0.000000 0.084895 0.778997 -0.621253 3.259100 0.000507 0.623471 0.781847 0.000000 0.000000 0.000000 0.000000 1.000000
0.996427 -0.081465 0.022302 0.000000 0.084462 0.960044 -0.266799 3.259100 0.000324 0.267729 0.963494 0.000000 0.000000 0.000000 0.000000 1.000000
0.996441 -0.083623 0.010652 0.000000 0.084298 0.987992 -0.129481 3.259100 0.000303 0.129918 0.991525 0.000000 0.000000 0.000000 0.000000 1.000000
0.996414 -0.078016 0.032750 -0.000000 0.084611 0.917074 -0.389637 3.259100 0.000364 0.391011 0.920386 0.000000 0.000000 0.000000 0.000000 1.000000
0.996390 -0.066690 0.052535 0.000000 0.084895 0.778998 -0.621253 3.259100 0.000507 0.623470 0.781847 0.000000 0.000000 0.000000 0.000000 1.000000
0.996390 -0.066694 0.052529 0.000000 0.084894 0.779079 -0.621151 3.259100 0.000503 0.623368 0.781929 0.000000 0.000000 0.000000 0.000000 1.000000
0.996390 -0.066711 0.052509 -0.000000 0.084896 0.779313 -0.620857 3.259100 0.000497 0.623073 0.782163 0.000000 0.000000 0.000000 0.000000 1.000000
0.996390 -0.066740 0.052469 0.000000 0.084893 0.779700 -0.620372 3.259100 0.000494 0.622586 0.782551 0.000000 0.000000 0.000000 0.000000 1.000000
0.996390 -0.066785 0.052414 0.000000 0.084895 0.780219 -0.619719 3.259100 0.000494 0.621931 0.783072 0.000000 0.000000 0.000000 0.000000 1.000000
0.996390 -0.066840 0.052340 0.000000 0.084893 0.780875 -0.618892 3.259100 0.000496 0.621101 0.783730 -0.000000 0.000000 0.000000 0.000000 1.000000
0.996390 -0.066908 0.052251 0.000000 0.084891 0.781656 -0.617905 3.259100 0.000500 0.620110 0.784515 0.000000 0.000000 0.000000 0.000000 1.000000
0.996390 -0.066984 0.052150 0.000000 0.084889 0.782558 -0.616764 3.259100 0.000503 0.618964 0.785419 0.000000 0.000000 0.000000 0.000000 1.000000
0.996390 -0.067067 0.052041 0.000000 0.084888 0.783572 -0.615475 3.259100 0.000500 0.617671 0.786436 0.000000 0.000000 0.000000 0.000000 1.000000
0.996391 -0.067159 0.051919 0.000000 0.084886 0.784689 -0.614050 3.259100 0.000499 0.616241 0.787558 0.000000 0.000000 0.000000 0.000000 1.000000
0.996391 -0.067260 0.051784 0.000000 0.084884 0.785904 -0.612495 3.259100 0.000500 0.614680 0.788776 -0.000000 0.000000 0.000000 0.000000 1.000000
0.996391 -0.067368 0.051641 -0.000000 0.084882 0.787208 -0.610818 3.259100 0.000498 0.612997 0.790085 0.000000 0.000000 0.000000 0.000000 1.000000
0.996391 -0.067482 0.051488 0.000000 0.084880 0.788595 -0.609027 3.259100 0.000496 0.611199 0.791477 0.000000 0.000000 0.000000 0.000000 1.000000
0.996391 -0.067603 0.051325 0.000000 0.084877 0.790056 -0.607130 3.259100 0.000495 0.609295 0.792943 0.000000 0.000000 0.000000 0.000000 1.000000
0.996391 -0.067730 0.051154 0.000000 0.084875 0.791585 -0.605135 3.259100 0.000493 0.607293 0.794477 0.000000 0.000000 0.000000 0.000000 1.000000
0.996392 -0.067861 0.050975 0.000000 0.084872 0.793175 -0.603051 3.259100 0.000491 0.605201 0.796072 0.000000 0.000000 0.000000 0.000000 1.000000
0.996392 -0.067996 0.050789 0.000000 0.084869 0.794817 -0.600885 3.259100 0.000490 0.603027 0.797720 0.000000 0.000000 0.000000 0.000000 1.000000
0.996392 -0.068136 0.050597 -0.000000 0.084866 0.796506 -0.598645 3.259100 0.000488 0.600780 0.799415 -0.000000 0.000000 0.000000 0.000000 1.000000
0.996392 -0.068278 0.050400 -0.000000 0.084864 0.798233 -0.596341 3.259100 0.000486 0.598466 0.801148 0.000000 0.000000 0.000000 0.000000 1.000000
0.996393 -0.068424 0.050198 0.000000 0.084861 0.799993 -0.593979 3.259100 0.000484 0.596096 0.802913 0.000000 0.000000 0.000000 0.000000 1.000000
0.996393 -0.068571 0.049991 0.000000 0.084858 0.801777 -0.591568 3.259100 0.000483 0.593677 0.804703 0.000000 0.000000 0.000000 0.000000 1.000000
0.996393 -0.068720 0.049782 0.000000 0.084855 0.803579 -0.589118 3.259100 0.000481 0.591217 0.806512 0.000000 0.000000 0.000000 0.000000 1.000000
0.996393 -0.068870 0.049569 -0.000000 0.084852 0.805394 -0.586636 3.259100 0.000479 0.588726 0.808333 0.000000 0.000000 0.000000 0.000000 1.000000
0.996394 -0.069019 0.049354 0.000000 0.084849 0.807213 -0.584130 3.259100 0.000477 0.586211 0.810158 0.000000 0.000000 0.000000 0.000000 1.000000
0.996394 -0.069169 0.049139 0.000000 0.084846 0.809030 -0.581611 3.259100 0.000475 0.583682 0.811982 0.000000 0.000000 0.000000 0.000000 1.000000
0.996394 -0.069319 0.048922 0.000000 0.084843 0.810840 -0.579085 3.259100 0.000473 0.581148 0.813798 0.000000 0.000000 0.000000 0.000000 1.000000
0.996395 -0.069466 0.048707 0.000000 0.084839 0.812636 -0.576563 3.259100 0.000471 0.578616 0.815600 0.000000 0.000000 0.000000 0.000000 1.000000
0.996395 -0.069613 0.048492 -0.000000 0.084836 0.814412 -0.574053 3.259100 0.000470 0.576097 0.817381 0.000000 0.000000 0.000000 0.000000 1.000000
0.996395 -0.069757 0.048278 -0.000000 0.084833 0.816160 -0.571564 3.259100 0.000468 0.573599 0.819136 0.000000 0.000000 0.000000 0.000000 1.000000
0.996395 -0.069898 0.048068 0.000000 0.084830 0.817878 -0.569105 3.259100 0.000466 0.571131 0.820859 0.000000 0.000000 0.000000 0.000000 1.000000
0.996396 -0.070037 0.047861 -0.000000 0.084827 0.819556 -0.566685 3.259100 0.000464 0.568703 0.822543 0.000000 0.000000 0.000000 0.000000 1.000000
0.996396 -0.070172 0.047658 -0.000000 0.084824 0.821191 -0.564314 3.259100 0.000463 0.566323 0.824184 0.000000 0.000000 0.000000 0.000000 1.000000
0.996396 -0.070302 0.047460 -0.000000 0.084821 0.822777 -0.562000 3.259100 0.000461 0.564000 0.825774 0.000000 0.000000 0.000000 0.000000 1.000000
0.996396 -0.070428 0.047268 0.000000 0.084819 0.824307 -0.559753 3.259100 0.000459 0.561745 0.827310 0.000000 0.000000 0.000000 0.000000 1.000000
0.996397 -0.070550 0.047080 -0.000000 0.084816 0.825777 -0.557584 3.259100 0.000460 0.559568 0.828785 0.000000 0.000000 0.000000 0.000000 1.000000
0.996397 -0.070667 0.046900 0.000000 0.084813 0.827180 -0.555500 3.259100 0.000460 0.557476 0.830193 0.000000 0.000000 0.000000 0.000000 1.000000
0.996397 -0.070776 0.046730 0.000000 0.084810 0.828513 -0.553510 3.259100 0.000459 0.555479 0.831530 -0.000000 0.000000 0.000000 0.000000 1.000000
0.996397 -0.070879 0.046571 0.000000 0.084808 0.829770 -0.551625 3.259100 0.000455 0.553587 0.832791 0.000000 0.000000 0.000000 0.000000 1.000000
0.996398 -0.070980 0.046410 0.000000 0.084804 0.830943 -0.549856 3.259100 0.000465 0.551811 0.833969 -0.000000 0.000000 0.000000 0.000000 1.000000
0.996398 -0.071079 0.046247 0.000000 0.084799 0.832028 -0.548214 3.259100 0.000488 0.550161 0.835058 0.000000 0.000000 0.000000 0.000000 1.000000
0.996398 -0.071170 0.046098 0.000000 0.084794 0.833021 -0.546705 3.259100 0.000509 0.548644 0.836056 -0.000000 0.000000 0.000000 0.000000 1.000000
0.996399 -0.071252 0.045963 -0.000000 0.084789 0.833918 -0.545337 3.259100 0.000527 0.547270 0.836956 -0.000000 0.000000 0.000000 0.000000 1.000000
0.996399 -0.071324 0.045844 -0.000000 0.084785 0.834712 -0.544121 3.259100 0.000542 0.546049 0.837753 0.000000 0.000000 0.000000 0.000000 1.000000
0.996399 -0.071387 0.045741 0.000000 0.084782 0.835398 -0.543067 3.259100 0.000556 0.544989 0.838443 -0.000000 0.000000 0.000000 0.000000 1.000000
0.996400 -0.071438 0.045655 0.000000 0.084779 0.835972 -0.542183 3.259100 0.000567 0.544102 0.839019 0.000000 0.000000 0.000000 0.000000 1.000000
0.996400 -0.071479 0.045586 0.000000 0.084777 0.836429 -0.541479 3.259100 0.000575 0.543394 0.839477 0.000000 0.000000 0.000000 0.000000 1.000000
0.996400 -0.071510 0.045536 0.000000 0.084775 0.836761 -0.540965 3.259100 0.000581 0.542878 0.839811 0.000000 0.000000 0.000000 0.000000 1.000000
0.996396 -0.071568 0.045535 -0.000000 0.084823 0.836904 -0.540737 3.259100 0.000591 0.542651 0.839958 -0.000000 0.000000 0.000000 0.000000 1.000000
0.996395 -0.071583 0.045534 0.000000 0.084836 0.836940 -0.540680 3.259100 0.000594 0.542593 0.839995 0.000000 0.000000 0.000000 0.000000 1.000000</float_array>
        <technique_common>
          <accessor source="#mixamorig_LeftHandMiddle2-Matrix-animation-output-transform-array" count="79" stride="16">
            <param type="float4x4"/>
          </accessor>
        </technique_common>
      </source>
      <source id="mixamorig_LeftHandMiddle2-Interpolations">
        <Name_array id="mixamorig_LeftHandMiddle2-Interpolations-array" count="79">
 LINEAR LINEAR LINEAR LINEAR LINEAR LINEAR LINEAR LINEAR LINEAR LINEAR LINEAR
LINEAR LINEAR LINEAR LINEAR LINEAR LINEAR LINEAR LINEAR LINEAR LINEAR LINEAR LINEAR
LINEAR LINEAR LINEAR LINEAR LINEAR LINEAR LINEAR LINEAR LINEAR LINEAR LINEAR LINEAR
LINEAR LINEAR LINEAR LINEAR LINEAR LINEAR LINEAR LINEAR LINEAR LINEAR LINEAR LINEAR
LINEAR LINEAR LINEAR LINEAR LINEAR LINEAR LINEAR LINEAR LINEAR LINEAR LINEAR LINEAR
LINEAR LINEAR LINEAR LINEAR LINEAR LINEAR LINEAR LINEAR LINEAR LINEAR LINEAR LINEAR
LINEAR LINEAR LINEAR LINEAR LINEAR LINEAR LINEAR LINEAR</Name_array>
        <technique_common>
          <accessor source="#mixamorig_LeftHandMiddle2-Interpolations-array" count="79">
            <param type="name"/>
          </accessor>
        </technique_common>
      </source>
      <sampler id="mixamorig_LeftHandMiddle2-Matrix-animation-transform">
        <input semantic="INPUT" source="#mixamorig_LeftHandMiddle2-Matrix-animation-input"/>
        <input semantic="OUTPUT" source="#mixamorig_LeftHandMiddle2-Matrix-animation-output-transform"/>
        <input semantic="INTERPOLATION" source="#mixamorig_LeftHandMiddle2-Interpolations"/>
      </sampler>
      <channel source="#mixamorig_LeftHandMiddle2-Matrix-animation-transform" target="mixamorig_LeftHandMiddle2/matrix"/>
    </animation>
    <animation id="mixamorig_LeftHandMiddle3-anim" name="mixamorig_LeftHandMiddle3">
      <source id="mixamorig_LeftHandMiddle3-Matrix-animation-input">
        <float_array id="mixamorig_LeftHandMiddle3-Matrix-animation-input-array" count="79">

0.000000 0.033333 0.066667 0.100000 0.133333 0.166667 0.200000 0.233333 0.266667 0.300000 0.333333 0.366667 0.400000 0.433333 0.466667 0.500000
0.533333 0.566667 0.600000 0.633333 0.666667 0.700000 0.733333 0.766667 0.800000 0.833333 0.866667 0.900000 0.933333 0.966667 1.000000 1.033333
1.066667 1.100000 1.133333 1.166667 1.200000 1.233333 1.266667 1.300000 1.333333 1.366667 1.400000 1.433333 1.466667 1.500000 1.533333 1.566667
1.600000 1.633333 1.666667 1.700000 1.733333 1.766667 1.800000 1.833333 1.866667 1.900000 1.933333 1.966667 2.000000 2.033333 2.066667 2.100000
2.133333 2.166667 2.200000 2.233333 2.266667 2.300000 2.333333 2.366667 2.400000 2.433333 2.466667 2.500000 2.533333 2.566667 2.600000</float_array>
        <technique_common>
          <accessor source="#mixamorig_LeftHandMiddle3-Matrix-animation-input-array" count="79">
            <param name="TIME" type="float"/>
          </accessor>
        </technique_common>
      </source>
      <source id="mixamorig_LeftHandMiddle3-Matrix-animation-output-transform">
        <float_array id="mixamorig_LeftHandMiddle3-Matrix-animation-output-transform-array" count="1264">

0.999609 0.027927 0.001567 0.000000 -0.009361 0.386802 -0.922115 2.639900 -0.026358 0.921740 0.386913 -0.000000 0.000000 0.000000 0.000000 1.000000
0.999608 0.027929 0.001738 -0.000000 -0.009400 0.393666 -0.919206 2.639900 -0.026357 0.918829 0.393774 0.000000 0.000000 0.000000 0.000000 1.000000
0.999607 0.027925 0.002330 0.000000 -0.009416 0.413048 -0.910660 2.639900 -0.026393 0.910281 0.413149 0.000000 0.000000 0.000000 0.000000 1.000000
0.999606 0.027895 0.003255 -0.000000 -0.009443 0.442996 -0.896474 2.639900 -0.026449 0.896089 0.443085 0.000000 0.000000 0.000000 0.000000 1.000000
0.999603 0.027808 0.004462 0.000000 -0.009480 0.481410 -0.876444 2.639900 -0.026521 0.876054 0.481483 -0.000000 0.000000 0.000000 0.000000 1.000000
0.999601 0.027637 0.005898 0.000000 -0.009528 0.526094 -0.850373 2.639900 -0.026604 0.849977 0.526148 0.000000 0.000000 0.000000 0.000000 1.000000
0.999598 0.027355 0.007504 0.000000 -0.009588 0.574818 -0.818225 2.639900 -0.026696 0.817824 0.574849 0.000000 0.000000 0.000000 0.000000 1.000000
0.999594 0.026944 0.009222 0.000000 -0.009659 0.625392 -0.780251 2.639900 -0.026790 0.779845 0.625399 -0.000000 0.000000 0.000000 0.000000 1.000000
0.999591 0.026397 0.010993 0.000000 -0.009740 0.675752 -0.737065 2.639900 -0.026885 0.736656 0.675733 -0.000000 0.000000 0.000000 0.000000 1.000000
0.999588 0.025719 0.012757 0.000000 -0.009828 0.724054 -0.689673 2.639900 -0.026975 0.689263 0.724009 -0.000000 0.000000 0.000000 0.000000 1.000000
0.999585 0.024930 0.014461 0.000000 -0.009922 0.768758 -0.639463 2.639900 -0.027059 0.639054 0.768686 0.000000 0.000000 0.000000 0.000000 1.000000
0.999582 0.024059 0.016013 -0.000000 -0.010042 0.808686 -0.588155 2.639900 -0.027100 0.587748 0.808590 -0.000000 0.000000 0.000000 0.000000 1.000000
0.999580 0.023149 0.017411 -0.000000 -0.010158 0.843059 -0.537725 2.639900 -0.027126 0.537322 0.842941 0.000000 0.000000 0.000000 0.000000 1.000000
0.999578 0.022250 0.018674 0.000000 -0.010238 0.871484 -0.490318 2.639900 -0.027184 0.489920 0.871344 0.000000 0.000000 0.000000 0.000000 1.000000
0.999575 0.021418 0.019764 -0.000000 -0.010293 0.893896 -0.448156 2.639900 -0.027265 0.447762 0.893737 -0.000000 0.000000 0.000000 0.000000 1.000000
0.999573 0.020713 0.020606 0.000000 -0.010343 0.910465 -0.413457 2.639900 -0.027325 0.413068 0.910290 -0.000000 0.000000 0.000000 0.000000 1.000000
0.999572 0.020192 0.021166 -0.000000 -0.010390 0.921444 -0.388373 2.639900 -0.027345 0.387987 0.921259 0.000000 0.000000 0.000000 0.000000 1.000000
0.999571 0.019910 0.021479 0.000000 -0.010408 0.926993 -0.374933 2.639900 -0.027375 0.374549 0.926803 0.000000 0.000000 0.000000 0.000000 1.000000
0.999571 0.019863 0.021536 0.000000 -0.010396 0.927714 -0.373146 2.639900 -0.027391 0.372762 0.927523 0.000000 0.000000 0.000000 0.000000 1.000000
0.999570 0.019863 0.021570 0.000000 -0.010383 0.927721 -0.373129 2.639900 -0.027422 0.372745 0.927529 0.000000 0.000000 0.000000 0.000000 1.000000
0.999570 0.019863 0.021580 -0.000000 -0.010380 0.927723 -0.373124 2.639900 -0.027432 0.372740 0.927530 0.000000 0.000000 0.000000 0.000000 1.000000
0.999570 0.019864 0.021573 0.000000 -0.010383 0.927722 -0.373128 2.639900 -0.027426 0.372744 0.927529 -0.000000 0.000000 0.000000 0.000000 1.000000
0.999570 0.019866 0.021556 -0.000000 -0.010391 0.927718 -0.373138 2.639900 -0.027411 0.372753 0.927526 0.000000 0.000000 0.000000 0.000000 1.000000
0.999571 0.019868 0.021533 0.000000 -0.010401 0.927713 -0.373150 2.639900 -0.027391 0.372765 0.927521 0.000000 0.000000 0.000000 0.000000 1.000000
0.999571 0.019870 0.021512 -0.000000 -0.010411 0.927708 -0.373161 2.639900 -0.027372 0.372777 0.927517 0.000000 0.000000 0.000000 0.000000 1.000000
0.999571 0.019872 0.021498 -0.000000 -0.010417 0.927705 -0.373169 2.639900 -0.027359 0.372785 0.927514 0.000000 0.000000 0.000000 0.000000 1.000000
0.999571 0.019873 0.021495 0.000000 -0.010419 0.927704 -0.373171 2.639900 -0.027357 0.372787 0.927514 0.000000 0.000000 0.000000 0.000000 1.000000
0.999559 0.009743 0.028047 0.000000 -0.011215 0.998542 0.052809 2.639900 -0.027491 -0.053101 0.998211 -0.000000 0.000000 0.000000 0.000000 1.000000
0.999557 0.005658 0.029223 0.000000 -0.011498 0.978958 0.203738 2.639900 -0.027455 -0.203983 0.978589 0.000000 0.000000 0.000000 0.000000 1.000000
0.999562 0.013337 0.026411 0.000000 -0.010951 0.996015 -0.088508 2.639900 -0.027486 0.088180 0.995725 0.000000 0.000000 0.000000 0.000000 1.000000
0.999571 0.019872 0.021495 0.000000 -0.010419 0.927704 -0.373171 2.639900 -0.027357 0.372787 0.927514 0.000000 0.000000 0.000000 0.000000 1.000000
0.999571 0.019868 0.021503 0.000000 -0.010415 0.927756 -0.373043 2.639900 -0.027361 0.372659 0.927565 0.000000 0.000000 0.000000 0.000000 1.000000
0.999571 0.019860 0.021516 0.000000 -0.010414 0.927898 -0.372690 2.639900 -0.027367 0.372306 0.927706 -0.000000 0.000000 0.000000 0.000000 1.000000
0.999571 0.019844 0.021533 0.000000 -0.010409 0.928124 -0.372125 2.639900 -0.027369 0.371741 0.927933 0.000000 0.000000 0.000000 0.000000 1.000000
0.999571 0.019818 0.021553 -0.000000 -0.010401 0.928436 -0.371346 2.639900 -0.027370 0.370963 0.928244 -0.000000 0.000000 0.000000 0.000000 1.000000
0.999571 0.019790 0.021573 0.000000 -0.010396 0.928830 -0.370361 2.639900 -0.027367 0.369978 0.928637 0.000000 0.000000 0.000000 0.000000 1.000000
0.999571 0.019767 0.021607 -0.000000 -0.010397 0.929298 -0.369185 2.639900 -0.027377 0.368802 0.929105 0.000000 0.000000 0.000000 0.000000 1.000000
0.999571 0.019744 0.021646 -0.000000 -0.010401 0.929835 -0.367829 2.639900 -0.027390 0.367446 0.929641 0.000000 0.000000 0.000000 0.000000 1.000000
0.999570 0.019717 0.021686 0.000000 -0.010406 0.930439 -0.366300 2.639900 -0.027400 0.365917 0.930244 0.000000 0.000000 0.000000 0.000000 1.000000
0.999570 0.019683 0.021734 -0.000000 -0.010407 0.931103 -0.364608 2.639900 -0.027413 0.364225 0.930908 0.000000 0.000000 0.000000 0.000000 1.000000
0.999570 0.019645 0.021786 0.000000 -0.010407 0.931823 -0.362763 2.639900 -0.027427 0.362380 0.931627 -0.000000 0.000000 0.000000 0.000000 1.000000
0.999569 0.019606 0.021840 0.000000 -0.010409 0.932594 -0.360776 2.639900 -0.027441 0.360393 0.932397 -0.000000 0.000000 0.000000 0.000000 1.000000
0.999569 0.019560 0.021900 0.000000 -0.010408 0.933412 -0.358655 2.639900 -0.027457 0.358273 0.933213 0.000000 0.000000 0.000000 0.000000 1.000000
0.999568 0.019513 0.021961 0.000000 -0.010407 0.934271 -0.356411 2.639900 -0.027472 0.356029 0.934071 0.000000 0.000000 0.000000 0.000000 1.000000
0.999568 0.019464 0.022027 -0.000000 -0.010408 0.935167 -0.354054 2.639900 -0.027490 0.353672 0.934966 -0.000000 0.000000 0.000000 0.000000 1.000000
0.999567 0.019411 0.022096 -0.000000 -0.010407 0.936095 -0.351593 2.639900 -0.027509 0.351211 0.935892 0.000000 0.000000 0.000000 0.000000 1.000000
0.999567 0.019357 0.022167 -0.000000 -0.010406 0.937051 -0.349038 2.639900 -0.027528 0.348656 0.936846 -0.000000 0.000000 0.000000 0.000000 1.000000
0.999566 0.019300 0.022241 -0.000000 -0.010404 0.938029 -0.346400 2.639900 -0.027548 0.346018 0.937823 0.000000 0.000000 0.000000 0.000000 1.000000
0.999566 0.019242 0.022316 0.000000 -0.010403 0.939027 -0.343687 2.639900 -0.027569 0.343306 0.938819 0.000000 0.000000 0.000000 0.000000 1.000000
0.999565 0.019182 0.022393 0.000000 -0.010402 0.940038 -0.340910 2.639900 -0.027590 0.340529 0.939829 0.000000 0.000000 0.000000 0.000000 1.000000
0.999565 0.019121 0.022472 0.000000 -0.010401 0.941060 -0.338080 2.639900 -0.027612 0.337699 0.940849 0.000000 0.000000 0.000000 0.000000 1.000000
0.999564 0.019059 0.022553 -0.000000 -0.010400 0.942088 -0.335205 2.639900 -0.027635 0.334824 0.941875 0.000000 0.000000 0.000000 0.000000 1.000000
0.999563 0.018996 0.022634 0.000000 -0.010399 0.943118 -0.332297 2.639900 -0.027658 0.331916 0.942903 0.000000 0.000000 0.000000 0.000000 1.000000
0.999563 0.018932 0.022715 -0.000000 -0.010398 0.944145 -0.329365 2.639900 -0.027682 0.328985 0.943929 0.000000 0.000000 0.000000 0.000000 1.000000
0.999562 0.018869 0.022798 0.000000 -0.010397 0.945168 -0.326420 2.639900 -0.027707 0.326040 0.944950 0.000000 0.000000 0.000000 0.000000 1.000000
0.999561 0.018804 0.022880 -0.000000 -0.010396 0.946181 -0.323472 2.639900 -0.027731 0.323092 0.945961 0.000000 0.000000 0.000000 0.000000 1.000000
0.999561 0.018740 0.022962 0.000000 -0.010395 0.947181 -0.320531 2.639900 -0.027756 0.320151 0.946960 0.000000 0.000000 0.000000 0.000000 1.000000
0.999560 0.018676 0.023044 0.000000 -0.010394 0.948166 -0.317607 2.639900 -0.027781 0.317227 0.947942 0.000000 0.000000 0.000000 0.000000 1.000000
0.999559 0.018613 0.023125 0.000000 -0.010393 0.949131 -0.314711 2.639900 -0.027806 0.314332 0.948906 -0.000000 0.000000 0.000000 0.000000 1.000000
0.999559 0.018550 0.023205 0.000000 -0.010392 0.950074 -0.311853 2.639900 -0.027832 0.311474 0.949847 0.000000 0.000000 0.000000 0.000000 1.000000
0.999558 0.018488 0.023283 -0.000000 -0.010391 0.950991 -0.309044 2.639900 -0.027856 0.308665 0.950763 -0.000000 0.000000 0.000000 0.000000 1.000000
0.999557 0.018424 0.023361 0.000000 -0.010387 0.951880 -0.306294 2.639900 -0.027880 0.305915 0.951650 0.000000 0.000000 0.000000 0.000000 1.000000
0.999556 0.018378 0.023434 0.000000 -0.010399 0.952738 -0.303614 2.639900 -0.027907 0.303235 0.952507 0.000000 0.000000 0.000000 0.000000 1.000000
0.999555 0.018349 0.023508 -0.000000 -0.010425 0.953563 -0.301014 2.639900 -0.027940 0.300636 0.953330 0.000000 0.000000 0.000000 0.000000 1.000000
0.999553 0.018378 0.023578 -0.000000 -0.010506 0.954349 -0.298508 2.639900 -0.027988 0.298127 0.954116 0.000000 0.000000 0.000000 0.000000 1.000000
0.999551 0.018406 0.023646 0.000000 -0.010583 0.955097 -0.296103 2.639900 -0.028034 0.295720 0.954863 -0.000000 0.000000 0.000000 0.000000 1.000000
0.999549 0.018432 0.023710 -0.000000 -0.010656 0.955804 -0.293810 2.639900 -0.028078 0.293425 0.955570 0.000000 0.000000 0.000000 0.000000 1.000000
0.999547 0.018457 0.023771 -0.000000 -0.010726 0.956468 -0.291640 2.639900 -0.028119 0.291252 0.956233 0.000000 0.000000 0.000000 0.000000 1.000000
0.999545 0.018480 0.023828 0.000000 -0.010792 0.957087 -0.289601 2.639900 -0.028157 0.289213 0.956851 0.000000 0.000000 0.000000 0.000000 1.000000
0.999544 0.018502 0.023881 0.000000 -0.010852 0.957657 -0.287708 2.639900 -0.028193 0.287317 0.957420 0.000000 0.000000 0.000000 0.000000 1.000000
0.999542 0.018521 0.023930 -0.000000 -0.010909 0.958177 -0.285968 2.639900 -0.028226 0.285576 0.957940 -0.000000 0.000000 0.000000 0.000000 1.000000
0.999541 0.018538 0.023971 -0.000000 -0.010959 0.958645 -0.284395 2.639900 -0.028252 0.284002 0.958407 -0.000000 0.000000 0.000000 0.000000 1.000000
0.999540 0.018553 0.024011 0.000000 -0.011004 0.959058 -0.282996 2.639900 -0.028279 0.282601 0.958821 0.000000 0.000000 0.000000 0.000000 1.000000
0.999539 0.018562 0.024026 -0.000000 -0.011044 0.959413 -0.281789 2.639900 -0.028282 0.281394 0.959176 -0.000000 0.000000 0.000000 0.000000 1.000000
0.999539 0.018563 0.024018 0.000000 -0.011076 0.959707 -0.280784 2.639900 -0.028263 0.280388 0.959471 0.000000 0.000000 0.000000 0.000000 1.000000
0.999539 0.018564 0.024012 -0.000000 -0.011102 0.959941 -0.279984 2.639900 -0.028247 0.279588 0.959704 0.000000 0.000000 0.000000 0.000000 1.000000
0.999539 0.018565 0.024006 0.000000 -0.011122 0.960111 -0.279399 2.639900 -0.028236 0.279004 0.959875 0.000000 0.000000 0.000000 0.000000 1.000000
0.999540 0.018514 0.024019 0.000000 -0.011077 0.960182 -0.279156 2.639900 -0.028230 0.278762 0.959945 0.000000 0.000000 0.000000 0.000000 1.000000
0.999540 0.018502 0.024021 0.000000 -0.011066 0.960200 -0.279094 2.639900 -0.028229 0.278700 0.959963 0.000000 0.000000 0.000000 0.000000 1.000000</float_array>
        <technique_common>
          <accessor source="#mixamorig_LeftHandMiddle3-Matrix-animation-output-transform-array" count="79" stride="16">
            <param type="float4x4"/>
          </accessor>
        </technique_common>
      </source>
      <source id="mixamorig_LeftHandMiddle3-Interpolations">
        <Name_array id="mixamorig_LeftHandMiddle3-Interpolations-array" count="79">
 LINEAR LINEAR LINEAR LINEAR LINEAR LINEAR LINEAR LINEAR LINEAR LINEAR LINEAR
LINEAR LINEAR LINEAR LINEAR LINEAR LINEAR LINEAR LINEAR LINEAR LINEAR LINEAR LINEAR
LINEAR LINEAR LINEAR LINEAR LINEAR LINEAR LINEAR LINEAR LINEAR LINEAR LINEAR LINEAR
LINEAR LINEAR LINEAR LINEAR LINEAR LINEAR LINEAR LINEAR LINEAR LINEAR LINEAR LINEAR
LINEAR LINEAR LINEAR LINEAR LINEAR LINEAR LINEAR LINEAR LINEAR LINEAR LINEAR LINEAR
LINEAR LINEAR LINEAR LINEAR LINEAR LINEAR LINEAR LINEAR LINEAR LINEAR LINEAR LINEAR
LINEAR LINEAR LINEAR LINEAR LINEAR LINEAR LINEAR LINEAR</Name_array>
        <technique_common>
          <accessor source="#mixamorig_LeftHandMiddle3-Interpolations-array" count="79">
            <param type="name"/>
          </accessor>
        </technique_common>
      </source>
      <sampler id="mixamorig_LeftHandMiddle3-Matrix-animation-transform">
        <input semantic="INPUT" source="#mixamorig_LeftHandMiddle3-Matrix-animation-input"/>
        <input semantic="OUTPUT" source="#mixamorig_LeftHandMiddle3-Matrix-animation-output-transform"/>
        <input semantic="INTERPOLATION" source="#mixamorig_LeftHandMiddle3-Interpolations"/>
      </sampler>
      <channel source="#mixamorig_LeftHandMiddle3-Matrix-animation-transform" target="mixamorig_LeftHandMiddle3/matrix"/>
    </animation>
    <animation id="mixamorig_LeftHandRing1-anim" name="mixamorig_LeftHandRing1">
      <source id="mixamorig_LeftHandRing1-Matrix-animation-input">
        <float_array id="mixamorig_LeftHandRing1-Matrix-animation-input-array" count="79">

0.000000 0.033333 0.066667 0.100000 0.133333 0.166667 0.200000 0.233333 0.266667 0.300000 0.333333 0.366667 0.400000 0.433333 0.466667 0.500000
0.533333 0.566667 0.600000 0.633333 0.666667 0.700000 0.733333 0.766667 0.800000 0.833333 0.866667 0.900000 0.933333 0.966667 1.000000 1.033333
1.066667 1.100000 1.133333 1.166667 1.200000 1.233333 1.266667 1.300000 1.333333 1.366667 1.400000 1.433333 1.466667 1.500000 1.533333 1.566667
1.600000 1.633333 1.666667 1.700000 1.733333 1.766667 1.800000 1.833333 1.866667 1.900000 1.933333 1.966667 2.000000 2.033333 2.066667 2.100000
2.133333 2.166667 2.200000 2.233333 2.266667 2.300000 2.333333 2.366667 2.400000 2.433333 2.466667 2.500000 2.533333 2.566667 2.600000</float_array>
        <technique_common>
          <accessor source="#mixamorig_LeftHandRing1-Matrix-animation-input-array" count="79">
            <param name="TIME" type="float"/>
          </accessor>
        </technique_common>
      </source>
      <source id="mixamorig_LeftHandRing1-Matrix-animation-output-transform">
        <float_array id="mixamorig_LeftHandRing1-Matrix-animation-output-transform-array" count="1264">

0.994617 -0.078608 -0.067512 3.304900 -0.068285 -0.007178 -0.997640 13.191500 0.077938 0.996880 -0.012507 -0.322000 0.000000 0.000000 0.000000 1.000000
0.994619 -0.077996 -0.068190 3.304900 -0.068265 0.001705 -0.997666 13.191500 0.077930 0.996952 -0.003629 -0.322000 0.000000 0.000000 0.000000 1.000000
0.994621 -0.076216 -0.070142 3.304900 -0.068265 0.026958 -0.997303 13.191500 0.077901 0.996727 0.021610 -0.322000 0.000000 0.000000 0.000000 1.000000
0.994625 -0.073334 -0.073104 3.304900 -0.068267 0.066423 -0.995453 13.191500 0.077856 0.995093 0.061060 -0.322000 0.000000 0.000000 0.000000 1.000000
0.994629 -0.069393 -0.076799 3.304900 -0.068272 0.117852 -0.990681 13.191500 0.077798 0.990604 0.112482 -0.322000 0.000000 0.000000 0.000000 1.000000
0.994634 -0.064445 -0.080938 3.304900 -0.068282 0.178844 -0.981505 13.191500 0.077728 0.981765 0.173484 -0.322000 0.000000 0.000000 0.000000 1.000000
0.994638 -0.058567 -0.085231 3.304900 -0.068298 0.246833 -0.966648 13.191500 0.077651 0.967287 0.241510 -0.322000 0.000000 0.000000 0.000000 1.000000
0.994643 -0.051877 -0.089407 3.304900 -0.068322 0.319129 -0.945245 13.191500 0.077569 0.946290 0.313875 -0.322000 0.000000 0.000000 0.000000 1.000000
0.994648 -0.044542 -0.093232 3.304900 -0.068354 0.393002 -0.916994 13.191500 0.077485 0.918458 0.387854 -0.322000 0.000000 0.000000 0.000000 1.000000
0.994651 -0.036771 -0.096521 3.304900 -0.068393 0.465806 -0.882240 13.191500 0.077401 0.884123 0.460799 -0.322000 0.000000 0.000000 0.000000 1.000000
0.994655 -0.028814 -0.099157 3.304900 -0.068437 0.535118 -0.842001 13.191500 0.077322 0.844286 0.530286 -0.322000 0.000000 0.000000 0.000000 1.000000
0.994657 -0.020941 -0.101091 3.304900 -0.068487 0.598867 -0.797915 13.191500 0.077249 0.800575 0.594233 -0.322000 0.000000 0.000000 0.000000 1.000000
0.994658 -0.013435 -0.102345 3.304900 -0.068539 0.655426 -0.752143 13.191500 0.077185 0.755140 0.651004 -0.322000 0.000000 0.000000 0.000000 1.000000
0.994659 -0.006573 -0.103006 3.304900 -0.068590 0.703649 -0.707229 13.191500 0.077129 0.710517 0.699440 -0.322000 0.000000 0.000000 0.000000 1.000000
0.994659 -0.000623 -0.103211 3.304900 -0.068636 0.742841 -0.665940 13.191500 0.077084 0.669467 0.738831 -0.322000 0.000000 0.000000 0.000000 1.000000
0.994659 0.004171 -0.103129 3.304900 -0.068675 0.772648 -0.631109 13.191500 0.077050 0.634821 0.768808 -0.322000 0.000000 0.000000 0.000000 1.000000
0.994659 0.007580 -0.102936 3.304900 -0.068704 0.792882 -0.605490 13.191500 0.077027 0.609328 0.789168 -0.322000 0.000000 0.000000 0.000000 1.000000
0.994659 0.009387 -0.102789 3.304900 -0.068720 0.803283 -0.591620 13.191500 0.077015 0.595524 0.799637 -0.322000 0.000000 0.000000 0.000000 1.000000
0.994662 0.009623 -0.102739 3.304900 -0.068705 0.804624 -0.589796 13.191500 0.076990 0.593706 0.800990 -0.322000 0.000000 0.000000 0.000000 1.000000
0.994663 0.009623 -0.102724 3.304900 -0.068696 0.804624 -0.589797 13.191500 0.076979 0.593707 0.800991 -0.322000 0.000000 0.000000 0.000000 1.000000
0.994664 0.009624 -0.102721 3.304900 -0.068694 0.804624 -0.589797 13.191500 0.076976 0.593706 0.800992 -0.322000 0.000000 0.000000 0.000000 1.000000
0.994663 0.009623 -0.102725 3.304900 -0.068697 0.804624 -0.589797 13.191500 0.076979 0.593706 0.800991 -0.322000 0.000000 0.000000 0.000000 1.000000
0.994662 0.009624 -0.102735 3.304900 -0.068703 0.804624 -0.589797 13.191500 0.076987 0.593706 0.800990 -0.322000 0.000000 0.000000 0.000000 1.000000
0.994661 0.009624 -0.102746 3.304900 -0.068709 0.804624 -0.589796 13.191500 0.076996 0.593706 0.800990 -0.322000 0.000000 0.000000 0.000000 1.000000
0.994660 0.009624 -0.102757 3.304900 -0.068716 0.804624 -0.589795 13.191500 0.077005 0.593706 0.800989 -0.322000 0.000000 0.000000 0.000000 1.000000
0.994659 0.009623 -0.102765 3.304900 -0.068721 0.804624 -0.589794 13.191500 0.077012 0.593706 0.800988 -0.322000 0.000000 0.000000 0.000000 1.000000
0.994659 0.009624 -0.102767 3.304900 -0.068722 0.804624 -0.589794 13.191500 0.077013 0.593706 0.800988 -0.322000 0.000000 0.000000 0.000000 1.000000
0.994632 0.067292 -0.078607 3.304900 -0.069363 0.997305 -0.023908 13.191500 0.076787 0.029233 0.996619 -0.322000 0.000000 0.000000 0.000000 1.000000
0.994614 0.082628 -0.062578 3.304900 -0.069603 0.979803 0.187458 13.191500 0.076803 -0.182093 0.980277 -0.322000 0.000000 0.000000 0.000000 1.000000
0.994645 0.050312 -0.090277 3.304900 -0.069141 0.973179 -0.219415 13.191500 0.076816 0.224482 0.971446 -0.322000 0.000000 0.000000 0.000000 1.000000
0.994659 0.009623 -0.102767 3.304900 -0.068722 0.804624 -0.589794 13.191500 0.077013 0.593706 0.800988 -0.322000 0.000000 0.000000 0.000000 1.000000
0.994659 0.009652 -0.102763 3.304900 -0.068729 0.804726 -0.589654 13.191500 0.077005 0.593567 0.801092 -0.322000 0.000000 0.000000 0.000000 1.000000
0.994659 0.009717 -0.102762 3.304900 -0.068741 0.805026 -0.589243 13.191500 0.077000 0.593160 0.801394 -0.322000 0.000000 0.000000 0.000000 1.000000
0.994658 0.009790 -0.102761 3.304900 -0.068736 0.805512 -0.588579 13.191500 0.077013 0.592498 0.801882 -0.322000 0.000000 0.000000 0.000000 1.000000
0.994656 0.009902 -0.102768 3.304900 -0.068744 0.806178 -0.587666 13.191500 0.077030 0.591590 0.802551 -0.322000 0.000000 0.000000 0.000000 1.000000
0.994655 0.010046 -0.102769 3.304900 -0.068750 0.807014 -0.586517 13.191500 0.077044 0.590447 0.803391 -0.322000 0.000000 0.000000 0.000000 1.000000
0.994653 0.010222 -0.102770 3.304900 -0.068762 0.808010 -0.585142 13.191500 0.077058 0.589080 0.804392 -0.322000 0.000000 0.000000 0.000000 1.000000
0.994650 0.010426 -0.102771 3.304900 -0.068777 0.809157 -0.583554 13.191500 0.077073 0.587500 0.805545 -0.322000 0.000000 0.000000 0.000000 1.000000
0.994648 0.010655 -0.102772 3.304900 -0.068793 0.810444 -0.581762 13.191500 0.077092 0.585719 0.806840 -0.322000 0.000000 0.000000 0.000000 1.000000
0.994645 0.010909 -0.102773 3.304900 -0.068811 0.811863 -0.579779 13.191500 0.077113 0.583746 0.808266 -0.322000 0.000000 0.000000 0.000000 1.000000
0.994642 0.011186 -0.102775 3.304900 -0.068831 0.813403 -0.577614 13.191500 0.077137 0.581593 0.809814 -0.322000 0.000000 0.000000 0.000000 1.000000
0.994638 0.011482 -0.102777 3.304900 -0.068853 0.815054 -0.575279 13.191500 0.077163 0.579271 0.811475 -0.322000 0.000000 0.000000 0.000000 1.000000
0.994634 0.011799 -0.102778 3.304900 -0.068876 0.816807 -0.572784 13.191500 0.077192 0.576790 0.813237 -0.322000 0.000000 0.000000 0.000000 1.000000
0.994630 0.012134 -0.102780 3.304900 -0.068902 0.818652 -0.570141 13.191500 0.077223 0.574161 0.815092 -0.322000 0.000000 0.000000 0.000000 1.000000
0.994626 0.012485 -0.102782 3.304900 -0.068929 0.820580 -0.567360 13.191500 0.077257 0.571396 0.817030 -0.322000 0.000000 0.000000 0.000000 1.000000
0.994621 0.012851 -0.102783 3.304900 -0.068958 0.822580 -0.564453 13.191500 0.077294 0.568504 0.819041 -0.322000 0.000000 0.000000 0.000000 1.000000
0.994616 0.013231 -0.102785 3.304900 -0.068989 0.824643 -0.561430 13.191500 0.077333 0.565498 0.821116 -0.322000 0.000000 0.000000 0.000000 1.000000
0.994610 0.013622 -0.102787 3.304900 -0.069020 0.826760 -0.558304 13.191500 0.077375 0.562389 0.823245 -0.322000 0.000000 0.000000 0.000000 1.000000
0.994604 0.014024 -0.102789 3.304900 -0.069053 0.828923 -0.555084 13.191500 0.077419 0.559187 0.825419 -0.322000 0.000000 0.000000 0.000000 1.000000
0.994598 0.014434 -0.102791 3.304900 -0.069088 0.831120 -0.551784 13.191500 0.077467 0.555905 0.827628 -0.322000 0.000000 0.000000 0.000000 1.000000
0.994592 0.014852 -0.102793 3.304900 -0.069123 0.833345 -0.548414 13.191500 0.077517 0.552554 0.829865 -0.322000 0.000000 0.000000 0.000000 1.000000
0.994585 0.015275 -0.102794 3.304900 -0.069160 0.835588 -0.544986 13.191500 0.077569 0.549145 0.832120 -0.322000 0.000000 0.000000 0.000000 1.000000
0.994578 0.015703 -0.102796 3.304900 -0.069197 0.837840 -0.541513 13.191500 0.077623 0.545690 0.834384 -0.322000 0.000000 0.000000 0.000000 1.000000
0.994571 0.016134 -0.102798 3.304900 -0.069235 0.840093 -0.538005 13.191500 0.077680 0.542202 0.836650 -0.322000 0.000000 0.000000 0.000000 1.000000
0.994564 0.016566 -0.102800 3.304900 -0.069274 0.842340 -0.534476 13.191500 0.077739 0.538692 0.838909 -0.322000 0.000000 0.000000 0.000000 1.000000
0.994557 0.016997 -0.102802 3.304900 -0.069314 0.844572 -0.530937 13.191500 0.077799 0.535173 0.841153 -0.322000 0.000000 0.000000 0.000000 1.000000
0.994549 0.017426 -0.102803 3.304900 -0.069353 0.846781 -0.527401 13.191500 0.077861 0.531656 0.843374 -0.322000 0.000000 0.000000 0.000000 1.000000
0.994541 0.017853 -0.102805 3.304900 -0.069393 0.848960 -0.523881 13.191500 0.077925 0.528155 0.845565 -0.322000 0.000000 0.000000 0.000000 1.000000
0.994533 0.018274 -0.102807 3.304900 -0.069432 0.851102 -0.520388 13.191500 0.077989 0.524682 0.847719 -0.322000 0.000000 0.000000 0.000000 1.000000
0.994526 0.018690 -0.102808 3.304900 -0.069472 0.853200 -0.516937 13.191500 0.078055 0.521249 0.849828 -0.322000 0.000000 0.000000 0.000000 1.000000
0.994518 0.019097 -0.102810 3.304900 -0.069511 0.855246 -0.513539 13.191500 0.078120 0.517870 0.851885 -0.322000 0.000000 0.000000 0.000000 1.000000
0.994510 0.019496 -0.102811 3.304900 -0.069549 0.857235 -0.510208 13.191500 0.078186 0.514557 0.853884 -0.322000 0.000000 0.000000 0.000000 1.000000
0.994502 0.019883 -0.102812 3.304900 -0.069587 0.859158 -0.506957 13.191500 0.078252 0.511324 0.855818 -0.322000 0.000000 0.000000 0.000000 1.000000
0.994494 0.020259 -0.102814 3.304900 -0.069624 0.861011 -0.503799 13.191500 0.078318 0.508183 0.857681 -0.322000 0.000000 0.000000 0.000000 1.000000
0.994487 0.020620 -0.102815 3.304900 -0.069659 0.862786 -0.500747 13.191500 0.078382 0.505148 0.859466 -0.322000 0.000000 0.000000 0.000000 1.000000
0.994479 0.020967 -0.102816 3.304900 -0.069693 0.864479 -0.497815 13.191500 0.078445 0.502232 0.861167 -0.322000 0.000000 0.000000 0.000000 1.000000
0.994472 0.021296 -0.102817 3.304900 -0.069726 0.866082 -0.495016 13.191500 0.078506 0.499449 0.862779 -0.322000 0.000000 0.000000 0.000000 1.000000
0.994465 0.021608 -0.102818 3.304900 -0.069757 0.867590 -0.492364 13.191500 0.078565 0.496811 0.864295 -0.322000 0.000000 0.000000 0.000000 1.000000
0.994459 0.021901 -0.102819 3.304900 -0.069787 0.868997 -0.489872 13.191500 0.078621 0.494333 0.865710 -0.322000 0.000000 0.000000 0.000000 1.000000
0.994459 0.021903 -0.102821 3.304900 -0.069581 0.870303 -0.487577 13.191500 0.078806 0.492029 0.867005 -0.322000 0.000000 0.000000 0.000000 1.000000
0.994459 0.021906 -0.102822 3.304900 -0.069392 0.871497 -0.485467 13.191500 0.078974 0.489912 0.868187 -0.322000 0.000000 0.000000 0.000000 1.000000
0.994458 0.021907 -0.102826 3.304900 -0.069221 0.872572 -0.483556 13.191500 0.079130 0.487994 0.869253 -0.322000 0.000000 0.000000 0.000000 1.000000
0.994458 0.021908 -0.102827 3.304900 -0.069068 0.873523 -0.481859 13.191500 0.079265 0.486290 0.870195 -0.322000 0.000000 0.000000 0.000000 1.000000
0.994456 0.021904 -0.102844 3.304900 -0.068939 0.874341 -0.480391 13.191500 0.079399 0.484818 0.871004 -0.322000 0.000000 0.000000 0.000000 1.000000
0.994453 0.021891 -0.102878 3.304900 -0.068833 0.875019 -0.479170 13.191500 0.079531 0.483594 0.871672 -0.322000 0.000000 0.000000 0.000000 1.000000
0.994450 0.021881 -0.102905 3.304900 -0.068749 0.875555 -0.478202 13.191500 0.079636 0.482623 0.872200 -0.322000 0.000000 0.000000 0.000000 1.000000
0.994452 0.021821 -0.102901 3.304900 -0.068636 0.875908 -0.477572 13.191500 0.079711 0.481985 0.872546 -0.322000 0.000000 0.000000 0.000000 1.000000
0.994453 0.021786 -0.102898 3.304900 -0.068570 0.876115 -0.477201 13.191500 0.079755 0.481610 0.872749 -0.322000 0.000000 0.000000 0.000000 1.000000
0.994454 0.021777 -0.102898 3.304900 -0.068554 0.876168 -0.477107 13.191500 0.079766 0.481514 0.872801 -0.322000 0.000000 0.000000 0.000000 1.000000</float_array>
        <technique_common>
          <accessor source="#mixamorig_LeftHandRing1-Matrix-animation-output-transform-array" count="79" stride="16">
            <param type="float4x4"/>
          </accessor>
        </technique_common>
      </source>
      <source id="mixamorig_LeftHandRing1-Interpolations">
        <Name_array id="mixamorig_LeftHandRing1-Interpolations-array" count="79">
 LINEAR LINEAR LINEAR LINEAR LINEAR LINEAR LINEAR LINEAR LINEAR LINEAR LINEAR
LINEAR LINEAR LINEAR LINEAR LINEAR LINEAR LINEAR LINEAR LINEAR LINEAR LINEAR LINEAR
LINEAR LINEAR LINEAR LINEAR LINEAR LINEAR LINEAR LINEAR LINEAR LINEAR LINEAR LINEAR
LINEAR LINEAR LINEAR LINEAR LINEAR LINEAR LINEAR LINEAR LINEAR LINEAR LINEAR LINEAR
LINEAR LINEAR LINEAR LINEAR LINEAR LINEAR LINEAR LINEAR LINEAR LINEAR LINEAR LINEAR
LINEAR LINEAR LINEAR LINEAR LINEAR LINEAR LINEAR LINEAR LINEAR LINEAR LINEAR LINEAR
LINEAR LINEAR LINEAR LINEAR LINEAR LINEAR LINEAR LINEAR</Name_array>
        <technique_common>
          <accessor source="#mixamorig_LeftHandRing1-Interpolations-array" count="79">
            <param type="name"/>
          </accessor>
        </technique_common>
      </source>
      <sampler id="mixamorig_LeftHandRing1-Matrix-animation-transform">
        <input semantic="INPUT" source="#mixamorig_LeftHandRing1-Matrix-animation-input"/>
        <input semantic="OUTPUT" source="#mixamorig_LeftHandRing1-Matrix-animation-output-transform"/>
        <input semantic="INTERPOLATION" source="#mixamorig_LeftHandRing1-Interpolations"/>
      </sampler>
      <channel source="#mixamorig_LeftHandRing1-Matrix-animation-transform" target="mixamorig_LeftHandRing1/matrix"/>
    </animation>
    <animation id="mixamorig_LeftHandRing2-anim" name="mixamorig_LeftHandRing2">
      <source id="mixamorig_LeftHandRing2-Matrix-animation-input">
        <float_array id="mixamorig_LeftHandRing2-Matrix-animation-input-array" count="79">

0.000000 0.033333 0.066667 0.100000 0.133333 0.166667 0.200000 0.233333 0.266667 0.300000 0.333333 0.366667 0.400000 0.433333 0.466667 0.500000
0.533333 0.566667 0.600000 0.633333 0.666667 0.700000 0.733333 0.766667 0.800000 0.833333 0.866667 0.900000 0.933333 0.966667 1.000000 1.033333
1.066667 1.100000 1.133333 1.166667 1.200000 1.233333 1.266667 1.300000 1.333333 1.366667 1.400000 1.433333 1.466667 1.500000 1.533333 1.566667
1.600000 1.633333 1.666667 1.700000 1.733333 1.766667 1.800000 1.833333 1.866667 1.900000 1.933333 1.966667 2.000000 2.033333 2.066667 2.100000
2.133333 2.166667 2.200000 2.233333 2.266667 2.300000 2.333333 2.366667 2.400000 2.433333 2.466667 2.500000 2.533333 2.566667 2.600000</float_array>
        <technique_common>
          <accessor source="#mixamorig_LeftHandRing2-Matrix-animation-input-array" count="79">
            <param name="TIME" type="float"/>
          </accessor>
        </technique_common>
      </source>
      <source id="mixamorig_LeftHandRing2-Matrix-animation-output-transform">
        <float_array id="mixamorig_LeftHandRing2-Matrix-animation-output-transform-array" count="1264">

0.999749 -0.022358 0.001389 0.000000 0.011621 0.464646 -0.885420 2.717600 0.019151 0.885214 0.464789 -0.000000 0.000000 0.000000 0.000000 1.000000
0.999748 -0.022431 0.001337 0.000000 0.011687 0.468244 -0.883522 2.717600 0.019192 0.883315 0.468388 0.000000 0.000000 0.000000 0.000000 1.000000
0.999748 -0.022422 0.001190 0.000000 0.011775 0.478430 -0.878047 2.717600 0.019119 0.877839 0.478573 -0.000000 0.000000 0.000000 0.000000 1.000000
0.999749 -0.022404 0.000784 -0.000000 0.011757 0.494238 -0.869247 2.717600 0.019087 0.869038 0.494377 -0.000000 0.000000 0.000000 0.000000 1.000000
0.999750 -0.022368 0.000255 -0.000000 0.011733 0.514659 -0.857315 2.717600 0.019045 0.857103 0.514793 0.000000 0.000000 0.000000 0.000000 1.000000
0.999751 -0.022309 -0.000376 0.000000 0.011703 0.538668 -0.842437 2.717600 0.018997 0.842223 0.538795 0.000000 0.000000 0.000000 0.000000 1.000000
0.999752 -0.022222 -0.001086 0.000000 0.011668 0.565242 -0.824842 2.717600 0.018943 0.824626 0.565362 0.000000 0.000000 0.000000 0.000000 1.000000
0.999754 -0.022101 -0.001851 0.000000 0.011627 0.593385 -0.804835 2.717600 0.018886 0.804615 0.593496 0.000000 0.000000 0.000000 0.000000 1.000000
0.999756 -0.021947 -0.002649 0.000000 0.011583 0.622146 -0.782815 2.717600 0.018828 0.782593 0.622248 0.000000 0.000000 0.000000 0.000000 1.000000
0.999757 -0.021759 -0.003456 -0.000000 0.011536 0.650642 -0.759297 2.717600 0.018770 0.759073 0.650735 0.000000 0.000000 0.000000 0.000000 1.000000
0.999759 -0.021543 -0.004251 0.000000 0.011486 0.678071 -0.734907 2.717600 0.018715 0.734681 0.678155 0.000000 0.000000 0.000000 0.000000 1.000000
0.999760 -0.021307 -0.005011 -0.000000 0.011437 0.703729 -0.710376 2.717600 0.018663 0.710149 0.703804 0.000000 0.000000 0.000000 0.000000 1.000000
0.999762 -0.021061 -0.005718 -0.000000 0.011388 0.727007 -0.686535 2.717600 0.018616 0.686307 0.727074 0.000000 0.000000 0.000000 0.000000 1.000000
0.999763 -0.020818 -0.006350 0.000000 0.011344 0.747395 -0.664284 2.717600 0.018575 0.664054 0.747454 -0.000000 0.000000 0.000000 0.000000 1.000000
0.999764 -0.020593 -0.006884 -0.000000 0.011307 0.764458 -0.644574 2.717600 0.018536 0.644344 0.764511 0.000000 0.000000 0.000000 0.000000 1.000000
0.999765 -0.020401 -0.007311 0.000000 0.011277 0.777822 -0.628384 2.717600 0.018506 0.628154 0.777869 0.000000 0.000000 0.000000 0.000000 1.000000
0.999766 -0.020259 -0.007630 0.000000 0.011244 0.787129 -0.616686 2.717600 0.018500 0.616456 0.787172 0.000000 0.000000 0.000000 0.000000 1.000000
0.999766 -0.020182 -0.007819 0.000000 0.011214 0.791999 -0.610419 2.717600 0.018512 0.610188 0.792040 -0.000000 0.000000 0.000000 0.000000 1.000000
0.999767 -0.020123 -0.007847 -0.000000 0.011170 0.792652 -0.609572 2.717600 0.018486 0.609342 0.792692 0.000000 0.000000 0.000000 0.000000 1.000000
0.999768 -0.020086 -0.007827 0.000000 0.011154 0.792666 -0.609554 2.717600 0.018448 0.609325 0.792706 0.000000 0.000000 0.000000 0.000000 1.000000
0.999768 -0.020075 -0.007825 0.000000 0.011146 0.792670 -0.609549 2.717600 0.018440 0.609320 0.792710 -0.000000 0.000000 0.000000 0.000000 1.000000
0.999768 -0.020083 -0.007836 0.000000 0.011145 0.792667 -0.609553 2.717600 0.018453 0.609324 0.792707 0.000000 0.000000 0.000000 0.000000 1.000000
0.999767 -0.020103 -0.007852 -0.000000 0.011151 0.792659 -0.609563 2.717600 0.018478 0.609333 0.792699 0.000000 0.000000 0.000000 0.000000 1.000000
0.999766 -0.020128 -0.007865 0.000000 0.011163 0.792650 -0.609575 2.717600 0.018504 0.609345 0.792689 0.000000 0.000000 0.000000 0.000000 1.000000
0.999766 -0.020153 -0.007869 0.000000 0.011180 0.792640 -0.609587 2.717600 0.018522 0.609356 0.792680 0.000000 0.000000 0.000000 0.000000 1.000000
0.999766 -0.020168 -0.007855 0.000000 0.011200 0.792634 -0.609595 2.717600 0.018521 0.609364 0.792674 0.000000 0.000000 0.000000 0.000000 1.000000
0.999766 -0.020172 -0.007805 0.000000 0.011234 0.792632 -0.609597 2.717600 0.018483 0.609366 0.792673 0.000000 0.000000 0.000000 0.000000 1.000000
0.999783 -0.013253 -0.016084 0.000000 0.010343 0.985542 -0.169116 2.717600 0.018093 0.168913 0.985465 0.000000 0.000000 0.000000 0.000000 1.000000
0.999787 -0.010000 -0.018064 0.000000 0.010001 0.999950 -0.000000 2.717600 0.018064 -0.000180 0.999837 0.000000 0.000000 0.000000 0.000000 1.000000
0.999778 -0.015934 -0.013777 0.000000 0.010652 0.946706 -0.321923 2.717600 0.018172 0.321705 0.946665 0.000000 0.000000 0.000000 0.000000 1.000000
0.999766 -0.020172 -0.007805 -0.000000 0.011233 0.792632 -0.609596 2.717600 0.018483 0.609366 0.792674 0.000000 0.000000 0.000000 0.000000 1.000000
0.999766 -0.020164 -0.007810 0.000000 0.011228 0.792746 -0.609449 2.717600 0.018480 0.609219 0.792787 0.000000 0.000000 0.000000 0.000000 1.000000
0.999766 -0.020164 -0.007820 0.000000 0.011231 0.793056 -0.609045 2.717600 0.018483 0.608815 0.793097 0.000000 0.000000 0.000000 0.000000 1.000000
0.999766 -0.020187 -0.007834 -0.000000 0.011256 0.793551 -0.608399 2.717600 0.018499 0.608168 0.793592 0.000000 0.000000 0.000000 0.000000 1.000000
0.999765 -0.020198 -0.007854 0.000000 0.011274 0.794238 -0.607503 2.717600 0.018508 0.607271 0.794279 0.000000 0.000000 0.000000 0.000000 1.000000
0.999765 -0.020215 -0.007882 0.000000 0.011296 0.795101 -0.606371 2.717600 0.018525 0.606139 0.795143 0.000000 0.000000 0.000000 0.000000 1.000000
0.999764 -0.020233 -0.007914 -0.000000 0.011323 0.796130 -0.605019 2.717600 0.018542 0.604787 0.796172 0.000000 0.000000 0.000000 0.000000 1.000000
0.999763 -0.020254 -0.007951 0.000000 0.011353 0.797316 -0.603456 2.717600 0.018562 0.603223 0.797357 0.000000 0.000000 0.000000 0.000000 1.000000
0.999762 -0.020277 -0.007993 0.000000 0.011388 0.798646 -0.601693 2.717600 0.018585 0.601459 0.798688 0.000000 0.000000 0.000000 0.000000 1.000000
0.999762 -0.020303 -0.008040 0.000000 0.011426 0.800113 -0.599741 2.717600 0.018609 0.599506 0.800154 0.000000 0.000000 0.000000 0.000000 1.000000
0.999761 -0.020332 -0.008090 0.000000 0.011468 0.801705 -0.597610 2.717600 0.018637 0.597374 0.801746 0.000000 0.000000 0.000000 0.000000 1.000000
0.999760 -0.020362 -0.008145 0.000000 0.011513 0.803412 -0.595312 2.717600 0.018665 0.595075 0.803454 0.000000 0.000000 0.000000 0.000000 1.000000
0.999758 -0.020394 -0.008203 0.000000 0.011561 0.805226 -0.592856 2.717600 0.018696 0.592617 0.805267 -0.000000 0.000000 0.000000 0.000000 1.000000
0.999757 -0.020427 -0.008265 0.000000 0.011612 0.807134 -0.590254 2.717600 0.018728 0.590014 0.807176 -0.000000 0.000000 0.000000 0.000000 1.000000
0.999756 -0.020462 -0.008330 0.000000 0.011666 0.809129 -0.587516 2.717600 0.018762 0.587275 0.809170 0.000000 0.000000 0.000000 0.000000 1.000000
0.999755 -0.020499 -0.008397 0.000000 0.011722 0.811199 -0.584653 2.717600 0.018797 0.584411 0.811240 0.000000 0.000000 0.000000 0.000000 1.000000
0.999753 -0.020536 -0.008468 -0.000000 0.011780 0.813335 -0.581677 2.717600 0.018833 0.581434 0.813376 -0.000000 0.000000 0.000000 0.000000 1.000000
0.999752 -0.020575 -0.008541 -0.000000 0.011840 0.815527 -0.578598 2.717600 0.018870 0.578353 0.815568 0.000000 0.000000 0.000000 0.000000 1.000000
0.999750 -0.020614 -0.008616 0.000000 0.011903 0.817767 -0.575427 2.717600 0.018907 0.575181 0.817808 0.000000 0.000000 0.000000 0.000000 1.000000
0.999749 -0.020653 -0.008692 -0.000000 0.011966 0.820044 -0.572176 2.717600 0.018946 0.571928 0.820085 0.000000 0.000000 0.000000 0.000000 1.000000
0.999747 -0.020694 -0.008770 -0.000000 0.012031 0.822349 -0.568856 2.717600 0.018984 0.568607 0.822390 0.000000 0.000000 0.000000 0.000000 1.000000
0.999746 -0.020734 -0.008850 0.000000 0.012097 0.824674 -0.565479 2.717600 0.019023 0.565228 0.824715 0.000000 0.000000 0.000000 0.000000 1.000000
0.999744 -0.020774 -0.008931 0.000000 0.012164 0.827010 -0.562056 2.717600 0.019062 0.561804 0.827051 0.000000 0.000000 0.000000 0.000000 1.000000
0.999743 -0.020815 -0.009012 0.000000 0.012232 0.829347 -0.558600 2.717600 0.019101 0.558346 0.829388 0.000000 0.000000 0.000000 0.000000 1.000000
0.999741 -0.020855 -0.009094 -0.000000 0.012300 0.831678 -0.555122 2.717600 0.019140 0.554866 0.831719 0.000000 0.000000 0.000000 0.000000 1.000000
0.999740 -0.020895 -0.009176 0.000000 0.012368 0.833995 -0.551634 2.717600 0.019179 0.551376 0.834036 0.000000 0.000000 0.000000 0.000000 1.000000
0.999738 -0.020934 -0.009258 0.000000 0.012436 0.836289 -0.548148 2.717600 0.019217 0.547889 0.836330 0.000000 0.000000 0.000000 0.000000 1.000000
0.999736 -0.020973 -0.009339 0.000000 0.012503 0.838553 -0.544677 2.717600 0.019255 0.544417 0.838594 0.000000 0.000000 0.000000 0.000000 1.000000
0.999735 -0.021011 -0.009420 0.000000 0.012571 0.840778 -0.541234 2.717600 0.019292 0.540972 0.840819 0.000000 0.000000 0.000000 0.000000 1.000000
0.999733 -0.021048 -0.009500 -0.000000 0.012637 0.842958 -0.537830 2.717600 0.019328 0.537567 0.843000 0.000000 0.000000 0.000000 0.000000 1.000000
0.999732 -0.021084 -0.009579 -0.000000 0.012702 0.845086 -0.534480 2.717600 0.019364 0.534215 0.845127 0.000000 0.000000 0.000000 0.000000 1.000000
0.999730 -0.021119 -0.009655 0.000000 0.012766 0.847154 -0.531195 2.717600 0.019398 0.530928 0.847195 0.000000 0.000000 0.000000 0.000000 1.000000
0.999729 -0.021153 -0.009730 -0.000000 0.012828 0.849155 -0.527988 2.717600 0.019431 0.527720 0.849196 0.000000 0.000000 0.000000 0.000000 1.000000
0.999727 -0.021186 -0.009803 0.000000 0.012889 0.851083 -0.524873 2.717600 0.019463 0.524604 0.851124 0.000000 0.000000 0.000000 0.000000 1.000000
0.999726 -0.021217 -0.009873 -0.000000 0.012948 0.852932 -0.521862 2.717600 0.019494 0.521591 0.852973 -0.000000 0.000000 0.000000 0.000000 1.000000
0.999725 -0.021246 -0.009941 -0.000000 0.013004 0.854694 -0.518970 2.717600 0.019523 0.518698 0.854735 -0.000000 0.000000 0.000000 0.000000 1.000000
0.999724 -0.021275 -0.010005 0.000000 0.013058 0.856364 -0.516208 2.717600 0.019550 0.515935 0.856405 0.000000 0.000000 0.000000 0.000000 1.000000
0.999722 -0.021301 -0.010066 0.000000 0.013108 0.857935 -0.513591 2.717600 0.019576 0.513317 0.857976 0.000000 0.000000 0.000000 0.000000 1.000000
0.999721 -0.021325 -0.010124 0.000000 0.013156 0.859402 -0.511132 2.717600 0.019600 0.510856 0.859443 0.000000 0.000000 0.000000 0.000000 1.000000
0.999720 -0.021348 -0.010177 0.000000 0.013201 0.860757 -0.508844 2.717600 0.019623 0.508567 0.860799 0.000000 0.000000 0.000000 0.000000 1.000000
0.999719 -0.021369 -0.010226 0.000000 0.013241 0.861997 -0.506740 2.717600 0.019643 0.506463 0.862038 0.000000 0.000000 0.000000 0.000000 1.000000
0.999719 -0.021387 -0.010270 0.000000 0.013278 0.863114 -0.504835 2.717600 0.019661 0.504556 0.863155 0.000000 0.000000 0.000000 0.000000 1.000000
0.999718 -0.021404 -0.010310 0.000000 0.013311 0.864102 -0.503140 2.717600 0.019678 0.502861 0.864143 0.000000 0.000000 0.000000 0.000000 1.000000
0.999717 -0.021418 -0.010344 0.000000 0.013340 0.864956 -0.501671 2.717600 0.019692 0.501391 0.864997 0.000000 0.000000 0.000000 0.000000 1.000000
0.999716 -0.021431 -0.010375 -0.000000 0.013364 0.865668 -0.500441 2.717600 0.019706 0.500160 0.865709 0.000000 0.000000 0.000000 0.000000 1.000000
0.999716 -0.021452 -0.010421 0.000000 0.013381 0.866225 -0.499474 2.717600 0.019742 0.499193 0.866266 0.000000 0.000000 0.000000 0.000000 1.000000
0.999714 -0.021479 -0.010478 -0.000000 0.013392 0.866622 -0.498785 2.717600 0.019793 0.498502 0.866662 0.000000 0.000000 0.000000 0.000000 1.000000
0.999713 -0.021544 -0.010478 0.000000 0.013456 0.866807 -0.498462 2.717600 0.019821 0.498178 0.866848 0.000000 0.000000 0.000000 0.000000 1.000000
0.999713 -0.021560 -0.010478 0.000000 0.013471 0.866851 -0.498384 2.717600 0.019828 0.498100 0.866893 0.000000 0.000000 0.000000 0.000000 1.000000</float_array>
        <technique_common>
          <accessor source="#mixamorig_LeftHandRing2-Matrix-animation-output-transform-array" count="79" stride="16">
            <param type="float4x4"/>
          </accessor>
        </technique_common>
      </source>
      <source id="mixamorig_LeftHandRing2-Interpolations">
        <Name_array id="mixamorig_LeftHandRing2-Interpolations-array" count="79">
 LINEAR LINEAR LINEAR LINEAR LINEAR LINEAR LINEAR LINEAR LINEAR LINEAR LINEAR
LINEAR LINEAR LINEAR LINEAR LINEAR LINEAR LINEAR LINEAR LINEAR LINEAR LINEAR LINEAR
LINEAR LINEAR LINEAR LINEAR LINEAR LINEAR LINEAR LINEAR LINEAR LINEAR LINEAR LINEAR
LINEAR LINEAR LINEAR LINEAR LINEAR LINEAR LINEAR LINEAR LINEAR LINEAR LINEAR LINEAR
LINEAR LINEAR LINEAR LINEAR LINEAR LINEAR LINEAR LINEAR LINEAR LINEAR LINEAR LINEAR
LINEAR LINEAR LINEAR LINEAR LINEAR LINEAR LINEAR LINEAR LINEAR LINEAR LINEAR LINEAR
LINEAR LINEAR LINEAR LINEAR LINEAR LINEAR LINEAR LINEAR</Name_array>
        <technique_common>
          <accessor source="#mixamorig_LeftHandRing2-Interpolations-array" count="79">
            <param type="name"/>
          </accessor>
        </technique_common>
      </source>
      <sampler id="mixamorig_LeftHandRing2-Matrix-animation-transform">
        <input semantic="INPUT" source="#mixamorig_LeftHandRing2-Matrix-animation-input"/>
        <input semantic="OUTPUT" source="#mixamorig_LeftHandRing2-Matrix-animation-output-transform"/>
        <input semantic="INTERPOLATION" source="#mixamorig_LeftHandRing2-Interpolations"/>
      </sampler>
      <channel source="#mixamorig_LeftHandRing2-Matrix-animation-transform" target="mixamorig_LeftHandRing2/matrix"/>
    </animation>
    <animation id="mixamorig_LeftHandRing3-anim" name="mixamorig_LeftHandRing3">
      <source id="mixamorig_LeftHandRing3-Matrix-animation-input">
        <float_array id="mixamorig_LeftHandRing3-Matrix-animation-input-array" count="79">

0.000000 0.033333 0.066667 0.100000 0.133333 0.166667 0.200000 0.233333 0.266667 0.300000 0.333333 0.366667 0.400000 0.433333 0.466667 0.500000
0.533333 0.566667 0.600000 0.633333 0.666667 0.700000 0.733333 0.766667 0.800000 0.833333 0.866667 0.900000 0.933333 0.966667 1.000000 1.033333
1.066667 1.100000 1.133333 1.166667 1.200000 1.233333 1.266667 1.300000 1.333333 1.366667 1.400000 1.433333 1.466667 1.500000 1.533333 1.566667
1.600000 1.633333 1.666667 1.700000 1.733333 1.766667 1.800000 1.833333 1.866667 1.900000 1.933333 1.966667 2.000000 2.033333 2.066667 2.100000
2.133333 2.166667 2.200000 2.233333 2.266667 2.300000 2.333333 2.366667 2.400000 2.433333 2.466667 2.500000 2.533333 2.566667 2.600000</float_array>
        <technique_common>
          <accessor source="#mixamorig_LeftHandRing3-Matrix-animation-input-array" count="79">
            <param name="TIME" type="float"/>
          </accessor>
        </technique_common>
      </source>
      <source id="mixamorig_LeftHandRing3-Matrix-animation-output-transform">
        <float_array id="mixamorig_LeftHandRing3-Matrix-animation-output-transform-array" count="1264">

0.999789 0.004554 -0.020018 0.000000 -0.020461 0.300543 -0.953549 2.134500 0.001674 0.953758 0.300572 0.000000 0.000000 0.000000 0.000000 1.000000
0.999789 0.004726 -0.019980 0.000000 -0.020463 0.308253 -0.951084 2.134500 0.001664 0.951293 0.308285 0.000000 0.000000 0.000000 0.000000 1.000000
0.999789 0.005213 -0.019865 -0.000000 -0.020472 0.330053 -0.943741 2.134500 0.001637 0.943948 0.330090 0.000000 0.000000 0.000000 0.000000 1.000000
0.999789 0.005969 -0.019663 0.000000 -0.020487 0.363801 -0.931251 2.134500 0.001595 0.931457 0.363847 0.000000 0.000000 0.000000 0.000000 1.000000
0.999789 0.006946 -0.019357 0.000000 -0.020508 0.407205 -0.913106 2.134500 0.001540 0.913310 0.407262 0.000000 0.000000 0.000000 0.000000 1.000000
0.999788 0.008092 -0.018933 0.000000 -0.020537 0.457849 -0.888793 2.134500 0.001477 0.888993 0.457919 0.000000 0.000000 0.000000 0.000000 1.000000
0.999787 0.009354 -0.018378 -0.000000 -0.020574 0.513252 -0.857991 2.134500 0.001407 0.858187 0.513335 0.000000 0.000000 0.000000 0.000000 1.000000
0.999787 0.010679 -0.017687 0.000000 -0.020618 0.570941 -0.820732 2.134500 0.001334 0.820921 0.571040 -0.000000 0.000000 0.000000 0.000000 1.000000
0.999786 0.012015 -0.016867 0.000000 -0.020671 0.628558 -0.777488 2.134500 0.001261 0.777670 0.628672 -0.000000 0.000000 0.000000 0.000000 1.000000
0.999784 0.013313 -0.015934 0.000000 -0.020729 0.683964 -0.729221 2.134500 0.001190 0.729394 0.684093 0.000000 0.000000 0.000000 0.000000 1.000000
0.999783 0.014531 -0.014915 0.000000 -0.020792 0.735350 -0.677368 2.134500 0.001125 0.677532 0.735493 0.000000 0.000000 0.000000 0.000000 1.000000
0.999782 0.015635 -0.013847 0.000000 -0.020858 0.781317 -0.623785 2.134500 0.001066 0.623938 0.781473 0.000000 0.000000 0.000000 0.000000 1.000000
0.999781 0.016600 -0.012776 -0.000000 -0.020923 0.820926 -0.570651 2.134500 0.001015 0.570794 0.821093 0.000000 0.000000 0.000000 0.000000 1.000000
0.999779 0.017411 -0.011753 -0.000000 -0.020984 0.853690 -0.520359 2.134500 0.000973 0.520491 0.853867 0.000000 0.000000 0.000000 0.000000 1.000000
0.999778 0.018062 -0.010831 -0.000000 -0.021040 0.879519 -0.475398 2.134500 0.000940 0.475520 0.879704 0.000000 0.000000 0.000000 0.000000 1.000000
0.999777 0.018550 -0.010065 -0.000000 -0.021085 0.898602 -0.438258 2.134500 0.000915 0.438373 0.898793 -0.000000 0.000000 0.000000 0.000000 1.000000
0.999777 0.018878 -0.009508 0.000000 -0.021118 0.911237 -0.411341 2.134500 0.000898 0.411450 0.911432 -0.000000 0.000000 0.000000 0.000000 1.000000
0.999776 0.019046 -0.009208 0.000000 -0.021136 0.917619 -0.396899 2.134500 0.000890 0.397005 0.917816 0.000000 0.000000 0.000000 0.000000 1.000000
0.999776 0.019089 -0.009118 0.000000 -0.021138 0.918451 -0.394970 2.134500 0.000835 0.395075 0.918649 -0.000000 0.000000 0.000000 0.000000 1.000000
0.999776 0.019116 -0.009054 0.000000 -0.021138 0.918461 -0.394947 2.134500 0.000766 0.395050 0.918659 0.000000 0.000000 0.000000 0.000000 1.000000
0.999776 0.019126 -0.009032 0.000000 -0.021138 0.918463 -0.394941 2.134500 0.000742 0.395043 0.918662 -0.000000 0.000000 0.000000 0.000000 1.000000
0.999776 0.019122 -0.009040 0.000000 -0.021138 0.918461 -0.394945 2.134500 0.000751 0.395048 0.918660 0.000000 0.000000 0.000000 0.000000 1.000000
0.999776 0.019110 -0.009069 0.000000 -0.021138 0.918456 -0.394958 2.134500 0.000782 0.395061 0.918654 0.000000 0.000000 0.000000 0.000000 1.000000
0.999776 0.019094 -0.009106 0.000000 -0.021138 0.918449 -0.394975 2.134500 0.000822 0.395079 0.918647 0.000000 0.000000 0.000000 0.000000 1.000000
0.999776 0.019079 -0.009142 -0.000000 -0.021138 0.918442 -0.394991 2.134500 0.000860 0.395095 0.918640 -0.000000 0.000000 0.000000 0.000000 1.000000
0.999776 0.019069 -0.009165 0.000000 -0.021138 0.918437 -0.395001 2.134500 0.000885 0.395107 0.918635 0.000000 0.000000 0.000000 0.000000 1.000000
0.999776 0.019067 -0.009169 0.000000 -0.021139 0.918436 -0.395004 2.134500 0.000889 0.395109 0.918634 0.000000 0.000000 0.000000 0.000000 1.000000
0.999766 0.021619 -0.000868 0.000000 -0.021623 0.999757 -0.004233 2.134500 0.000777 0.004250 0.999991 0.000000 0.000000 0.000000 0.000000 1.000000
0.999762 0.021701 0.002188 0.000000 -0.021797 0.990470 0.135990 2.134500 0.000784 -0.136005 0.990708 0.000000 0.000000 0.000000 0.000000 1.000000
0.999769 0.021159 -0.003670 0.000000 -0.021461 0.990692 -0.134423 2.134500 0.000791 0.134470 0.990917 0.000000 0.000000 0.000000 0.000000 1.000000
0.999776 0.019067 -0.009169 0.000000 -0.021138 0.918436 -0.395004 2.134500 0.000889 0.395109 0.918634 0.000000 0.000000 0.000000 0.000000 1.000000
0.999776 0.019076 -0.009162 0.000000 -0.021144 0.918511 -0.394830 2.134500 0.000884 0.394935 0.918709 -0.000000 0.000000 0.000000 0.000000 1.000000
0.999776 0.019084 -0.009147 0.000000 -0.021145 0.918713 -0.394360 2.134500 0.000877 0.394465 0.918910 0.000000 0.000000 0.000000 0.000000 1.000000
0.999776 0.019087 -0.009130 0.000000 -0.021140 0.919033 -0.393614 2.134500 0.000878 0.393718 0.919231 0.000000 0.000000 0.000000 0.000000 1.000000
0.999776 0.019095 -0.009118 0.000000 -0.021141 0.919476 -0.392578 2.134500 0.000888 0.392683 0.919673 0.000000 0.000000 0.000000 0.000000 1.000000
0.999776 0.019110 -0.009090 0.000000 -0.021143 0.920034 -0.391268 2.134500 0.000885 0.391372 0.920232 0.000000 0.000000 0.000000 0.000000 1.000000
0.999776 0.019127 -0.009058 -0.000000 -0.021145 0.920698 -0.389703 2.134500 0.000886 0.389808 0.920896 0.000000 0.000000 0.000000 0.000000 1.000000
0.999776 0.019147 -0.009020 -0.000000 -0.021147 0.921461 -0.387895 2.134500 0.000884 0.387999 0.921659 0.000000 0.000000 0.000000 0.000000 1.000000
0.999776 0.019170 -0.008978 0.000000 -0.021150 0.922316 -0.385858 2.134500 0.000884 0.385962 0.922514 0.000000 0.000000 0.000000 0.000000 1.000000
0.999776 0.019195 -0.008931 -0.000000 -0.021152 0.923255 -0.383604 2.134500 0.000883 0.383707 0.923455 0.000000 0.000000 0.000000 0.000000 1.000000
0.999776 0.019222 -0.008880 -0.000000 -0.021156 0.924273 -0.381146 2.134500 0.000881 0.381248 0.924472 0.000000 0.000000 0.000000 0.000000 1.000000
0.999776 0.019251 -0.008825 0.000000 -0.021159 0.925361 -0.378496 2.134500 0.000880 0.378597 0.925561 0.000000 0.000000 0.000000 0.000000 1.000000
0.999776 0.019281 -0.008766 0.000000 -0.021162 0.926513 -0.375668 2.134500 0.000879 0.375769 0.926713 0.000000 0.000000 0.000000 0.000000 1.000000
0.999776 0.019314 -0.008704 0.000000 -0.021166 0.927721 -0.372674 2.134500 0.000877 0.372774 0.927922 0.000000 0.000000 0.000000 0.000000 1.000000
0.999776 0.019347 -0.008638 -0.000000 -0.021170 0.928979 -0.369527 2.134500 0.000875 0.369627 0.929180 0.000000 0.000000 0.000000 0.000000 1.000000
0.999775 0.019382 -0.008570 0.000000 -0.021174 0.930279 -0.366242 2.134500 0.000874 0.366341 0.930480 0.000000 0.000000 0.000000 0.000000 1.000000
0.999775 0.019418 -0.008498 0.000000 -0.021178 0.931615 -0.362829 2.134500 0.000872 0.362927 0.931817 0.000000 0.000000 0.000000 0.000000 1.000000
0.999775 0.019455 -0.008424 -0.000000 -0.021182 0.932981 -0.359303 2.134500 0.000869 0.359400 0.933183 0.000000 0.000000 0.000000 0.000000 1.000000
0.999775 0.019492 -0.008349 -0.000000 -0.021187 0.934369 -0.355677 2.134500 0.000868 0.355774 0.934572 0.000000 0.000000 0.000000 0.000000 1.000000
0.999775 0.019530 -0.008271 0.000000 -0.021192 0.935774 -0.351963 2.134500 0.000866 0.352059 0.935977 0.000000 0.000000 0.000000 0.000000 1.000000
0.999775 0.019568 -0.008192 0.000000 -0.021196 0.937190 -0.348176 2.134500 0.000864 0.348271 0.937394 0.000000 0.000000 0.000000 0.000000 1.000000
0.999775 0.019607 -0.008111 0.000000 -0.021201 0.938610 -0.344328 2.134500 0.000862 0.344423 0.938814 0.000000 0.000000 0.000000 0.000000 1.000000
0.999775 0.019645 -0.008030 0.000000 -0.021206 0.940029 -0.340434 2.134500 0.000860 0.340527 0.940234 0.000000 0.000000 0.000000 0.000000 1.000000
0.999775 0.019684 -0.007948 0.000000 -0.021210 0.941442 -0.336506 2.134500 0.000859 0.336599 0.941648 0.000000 0.000000 0.000000 0.000000 1.000000
0.999775 0.019722 -0.007865 -0.000000 -0.021215 0.942844 -0.332558 2.134500 0.000857 0.332650 0.943050 0.000000 0.000000 0.000000 0.000000 1.000000
0.999774 0.019761 -0.007782 0.000000 -0.021221 0.944229 -0.328606 2.134500 0.000855 0.328697 0.944435 0.000000 0.000000 0.000000 0.000000 1.000000
0.999774 0.019798 -0.007700 0.000000 -0.021225 0.945593 -0.324660 2.134500 0.000853 0.324750 0.945799 0.000000 0.000000 0.000000 0.000000 1.000000
0.999774 0.019835 -0.007618 0.000000 -0.021230 0.946930 -0.320737 2.134500 0.000852 0.320827 0.947138 0.000000 0.000000 0.000000 0.000000 1.000000
0.999774 0.019871 -0.007536 -0.000000 -0.021235 0.948238 -0.316850 2.134500 0.000850 0.316938 0.948446 0.000000 0.000000 0.000000 0.000000 1.000000
0.999774 0.019906 -0.007455 0.000000 -0.021240 0.949511 -0.313013 2.134500 0.000848 0.313100 0.949720 0.000000 0.000000 0.000000 0.000000 1.000000
0.999774 0.019941 -0.007376 0.000000 -0.021244 0.950747 -0.309239 2.134500 0.000846 0.309326 0.950956 0.000000 0.000000 0.000000 0.000000 1.000000
0.999774 0.019974 -0.007298 0.000000 -0.021249 0.951941 -0.305544 2.134500 0.000845 0.305630 0.952150 0.000000 0.000000 0.000000 0.000000 1.000000
0.999774 0.020006 -0.007223 -0.000000 -0.021253 0.953089 -0.301942 2.134500 0.000843 0.302027 0.953299 0.000000 0.000000 0.000000 0.000000 1.000000
0.999774 0.020037 -0.007149 0.000000 -0.021258 0.954190 -0.298446 2.134500 0.000842 0.298530 0.954400 0.000000 0.000000 0.000000 0.000000 1.000000
0.999774 0.020067 -0.007078 -0.000000 -0.021262 0.955239 -0.295071 2.134500 0.000840 0.295155 0.955449 0.000000 0.000000 0.000000 0.000000 1.000000
0.999774 0.020095 -0.007010 -0.000000 -0.021266 0.956233 -0.291832 2.134500 0.000839 0.291915 0.956444 0.000000 0.000000 0.000000 0.000000 1.000000
0.999773 0.020121 -0.006945 -0.000000 -0.021270 0.957170 -0.288743 2.134500 0.000838 0.288825 0.957381 -0.000000 0.000000 0.000000 0.000000 1.000000
0.999773 0.020146 -0.006884 0.000000 -0.021273 0.958048 -0.285818 2.134500 0.000837 0.285900 0.958259 0.000000 0.000000 0.000000 0.000000 1.000000
0.999773 0.020169 -0.006826 -0.000000 -0.021277 0.958863 -0.283072 2.134500 0.000835 0.283153 0.959074 0.000000 0.000000 0.000000 0.000000 1.000000
0.999773 0.020191 -0.006772 -0.000000 -0.021280 0.959613 -0.280519 2.134500 0.000835 0.280599 0.959825 0.000000 0.000000 0.000000 0.000000 1.000000
0.999773 0.020210 -0.006723 0.000000 -0.021283 0.960295 -0.278174 2.134500 0.000834 0.278254 0.960507 0.000000 0.000000 0.000000 0.000000 1.000000
0.999773 0.020228 -0.006677 -0.000000 -0.021285 0.960907 -0.276051 2.134500 0.000832 0.276130 0.961120 0.000000 0.000000 0.000000 0.000000 1.000000
0.999773 0.020243 -0.006640 0.000000 -0.021288 0.961447 -0.274165 2.134500 0.000834 0.274244 0.961660 -0.000000 0.000000 0.000000 0.000000 1.000000
0.999773 0.020256 -0.006607 0.000000 -0.021290 0.961912 -0.272530 2.134500 0.000835 0.272609 0.962124 0.000000 0.000000 0.000000 0.000000 1.000000
0.999773 0.020261 -0.006600 0.000000 -0.021291 0.962296 -0.271169 2.134500 0.000857 0.271248 0.962509 0.000000 0.000000 0.000000 0.000000 1.000000
0.999773 0.020258 -0.006619 0.000000 -0.021293 0.962598 -0.270095 2.134500 0.000900 0.270175 0.962811 0.000000 0.000000 0.000000 0.000000 1.000000
0.999773 0.020253 -0.006631 0.000000 -0.021290 0.962816 -0.269319 2.134500 0.000930 0.269399 0.963028 0.000000 0.000000 0.000000 0.000000 1.000000
0.999773 0.020229 -0.006633 -0.000000 -0.021268 0.962935 -0.268894 2.134500 0.000947 0.268974 0.963147 0.000000 0.000000 0.000000 0.000000 1.000000
0.999774 0.020214 -0.006629 0.000000 -0.021252 0.962959 -0.268810 2.134500 0.000950 0.268890 0.963170 0.000000 0.000000 0.000000 0.000000 1.000000</float_array>
        <technique_common>
          <accessor source="#mixamorig_LeftHandRing3-Matrix-animation-output-transform-array" count="79" stride="16">
            <param type="float4x4"/>
          </accessor>
        </technique_common>
      </source>
      <source id="mixamorig_LeftHandRing3-Interpolations">
        <Name_array id="mixamorig_LeftHandRing3-Interpolations-array" count="79">
 LINEAR LINEAR LINEAR LINEAR LINEAR LINEAR LINEAR LINEAR LINEAR LINEAR LINEAR
LINEAR LINEAR LINEAR LINEAR LINEAR LINEAR LINEAR LINEAR LINEAR LINEAR LINEAR LINEAR
LINEAR LINEAR LINEAR LINEAR LINEAR LINEAR LINEAR LINEAR LINEAR LINEAR LINEAR LINEAR
LINEAR LINEAR LINEAR LINEAR LINEAR LINEAR LINEAR LINEAR LINEAR LINEAR LINEAR LINEAR
LINEAR LINEAR LINEAR LINEAR LINEAR LINEAR LINEAR LINEAR LINEAR LINEAR LINEAR LINEAR
LINEAR LINEAR LINEAR LINEAR LINEAR LINEAR LINEAR LINEAR LINEAR LINEAR LINEAR LINEAR
LINEAR LINEAR LINEAR LINEAR LINEAR LINEAR LINEAR LINEAR</Name_array>
        <technique_common>
          <accessor source="#mixamorig_LeftHandRing3-Interpolations-array" count="79">
            <param type="name"/>
          </accessor>
        </technique_common>
      </source>
      <sampler id="mixamorig_LeftHandRing3-Matrix-animation-transform">
        <input semantic="INPUT" source="#mixamorig_LeftHandRing3-Matrix-animation-input"/>
        <input semantic="OUTPUT" source="#mixamorig_LeftHandRing3-Matrix-animation-output-transform"/>
        <input semantic="INTERPOLATION" source="#mixamorig_LeftHandRing3-Interpolations"/>
      </sampler>
      <channel source="#mixamorig_LeftHandRing3-Matrix-animation-transform" target="mixamorig_LeftHandRing3/matrix"/>
    </animation>
    <animation id="mixamorig_LeftHandPinky1-anim" name="mixamorig_LeftHandPinky1">
      <source id="mixamorig_LeftHandPinky1-Matrix-animation-input">
        <float_array id="mixamorig_LeftHandPinky1-Matrix-animation-input-array" count="79">

0.000000 0.033333 0.066667 0.100000 0.133333 0.166667 0.200000 0.233333 0.266667 0.300000 0.333333 0.366667 0.400000 0.433333 0.466667 0.500000
0.533333 0.566667 0.600000 0.633333 0.666667 0.700000 0.733333 0.766667 0.800000 0.833333 0.866667 0.900000 0.933333 0.966667 1.000000 1.033333
1.066667 1.100000 1.133333 1.166667 1.200000 1.233333 1.266667 1.300000 1.333333 1.366667 1.400000 1.433333 1.466667 1.500000 1.533333 1.566667
1.600000 1.633333 1.666667 1.700000 1.733333 1.766667 1.800000 1.833333 1.866667 1.900000 1.933333 1.966667 2.000000 2.033333 2.066667 2.100000
2.133333 2.166667 2.200000 2.233333 2.266667 2.300000 2.333333 2.366667 2.400000 2.433333 2.466667 2.500000 2.533333 2.566667 2.600000</float_array>
        <technique_common>
          <accessor source="#mixamorig_LeftHandPinky1-Matrix-animation-input-array" count="79">
            <param name="TIME" type="float"/>
          </accessor>
        </technique_common>
      </source>
      <source id="mixamorig_LeftHandPinky1-Matrix-animation-output-transform">
        <float_array id="mixamorig_LeftHandPinky1-Matrix-animation-output-transform-array" count="1264">

0.977786 -0.143229 -0.153038 5.614200 -0.143731 0.073272 -0.986900 11.636400 0.152567 0.986973 0.051058 0.516600 0.000000 0.000000 0.000000 1.000000
0.977787 -0.142070 -0.154107 5.614200 -0.143732 0.080668 -0.986323 11.636400 0.152558 0.986564 0.058456 0.516600 0.000000 0.000000 0.000000 1.000000
0.977790 -0.138731 -0.157098 5.614200 -0.143734 0.101655 -0.984381 11.636400 0.152534 0.985099 0.079457 0.516600 0.000000 0.000000 0.000000 1.000000
0.977795 -0.133382 -0.161634 5.614200 -0.143739 0.134394 -0.980447 11.636400 0.152497 0.981910 0.112238 0.516600 0.000000 0.000000 0.000000 1.000000
0.977802 -0.126167 -0.167290 5.614200 -0.143748 0.176965 -0.973663 11.636400 0.152449 0.976097 0.154900 0.516600 0.000000 0.000000 0.000000 1.000000
0.977809 -0.117239 -0.173624 5.614200 -0.143760 0.227356 -0.963142 11.636400 0.152392 0.966729 0.205456 0.516600 0.000000 0.000000 0.000000 1.000000
0.977816 -0.106783 -0.180203 5.614200 -0.143778 0.283470 -0.948142 11.636400 0.152328 0.953017 0.261829 0.516600 0.000000 0.000000 0.000000 1.000000
0.977823 -0.095042 -0.186626 5.614200 -0.143802 0.343159 -0.928204 11.636400 0.152260 0.934457 0.321882 0.516600 0.000000 0.000000 0.000000 1.000000
0.977830 -0.082312 -0.192546 5.614200 -0.143831 0.404276 -0.903257 11.636400 0.152191 0.910926 0.383474 0.516600 0.000000 0.000000 0.000000 1.000000
0.977835 -0.068951 -0.197696 5.614200 -0.143865 0.464762 -0.873670 11.636400 0.152122 0.882747 0.444541 0.516600 0.000000 0.000000 0.000000 1.000000
0.977840 -0.055360 -0.201902 5.614200 -0.143903 0.522721 -0.840271 11.636400 0.152056 0.850704 0.503171 0.516600 0.000000 0.000000 0.000000 1.000000
0.977843 -0.041976 -0.205087 5.614200 -0.143945 0.576502 -0.804317 11.636400 0.151995 0.816017 0.557686 0.516600 0.000000 0.000000 0.000000 1.000000
0.977846 -0.029247 -0.207274 5.614200 -0.143988 0.624747 -0.767436 11.636400 0.151940 0.780279 0.606695 0.516600 0.000000 0.000000 0.000000 1.000000
0.977847 -0.017623 -0.208578 5.614200 -0.144029 0.666417 -0.731535 11.636400 0.151892 0.745371 0.649116 0.516600 0.000000 0.000000 0.000000 1.000000
0.977847 -0.007537 -0.209183 5.614200 -0.144066 0.700759 -0.698700 11.636400 0.151853 0.713359 0.684149 0.516600 0.000000 0.000000 0.000000 1.000000
0.977851 0.000600 -0.209299 5.614200 -0.144086 0.727242 -0.671088 11.636400 0.151809 0.686381 0.711221 0.516600 0.000000 0.000000 0.000000 1.000000
0.977853 0.006393 -0.209197 5.614200 -0.144105 0.745439 -0.650810 11.636400 0.151783 0.666543 0.729851 0.516600 0.000000 0.000000 0.000000 1.000000
0.977841 0.009468 -0.209136 5.614200 -0.144154 0.754873 -0.639833 11.636400 0.151813 0.655803 0.739511 0.516600 0.000000 0.000000 0.000000 1.000000
0.977843 0.009935 -0.209104 5.614200 -0.144196 0.756089 -0.638386 11.636400 0.151759 0.654393 0.740769 0.516600 0.000000 0.000000 0.000000 1.000000
0.977850 0.009998 -0.209069 5.614200 -0.144221 0.756084 -0.638387 11.636400 0.151691 0.654399 0.740778 0.516600 0.000000 0.000000 0.000000 1.000000
0.977853 0.010019 -0.209053 5.614200 -0.144226 0.756082 -0.638388 11.636400 0.151665 0.654400 0.740782 0.516600 0.000000 0.000000 0.000000 1.000000
0.977854 0.010009 -0.209051 5.614200 -0.144217 0.756083 -0.638389 11.636400 0.151670 0.654400 0.740781 0.516600 0.000000 0.000000 0.000000 1.000000
0.977852 0.009978 -0.209058 5.614200 -0.144198 0.756086 -0.638390 11.636400 0.151696 0.654397 0.740779 0.516600 0.000000 0.000000 0.000000 1.000000
0.977850 0.009938 -0.209070 5.614200 -0.144176 0.756089 -0.638391 11.636400 0.151731 0.654394 0.740774 0.516600 0.000000 0.000000 0.000000 1.000000
0.977848 0.009900 -0.209082 5.614200 -0.144155 0.756092 -0.638392 11.636400 0.151765 0.654390 0.740770 0.516600 0.000000 0.000000 0.000000 1.000000
0.977847 0.009874 -0.209088 5.614200 -0.144139 0.756094 -0.638393 11.636400 0.151787 0.654388 0.740768 0.516600 0.000000 0.000000 0.000000 1.000000
0.977847 0.009870 -0.209088 5.614200 -0.144136 0.756094 -0.638394 11.636400 0.151789 0.654388 0.740767 0.516600 0.000000 0.000000 0.000000 1.000000
0.977781 0.143667 -0.152656 5.614200 -0.144867 0.989446 0.003291 11.636400 0.151518 0.018896 0.988274 0.516600 0.000000 0.000000 0.000000 1.000000
0.977736 0.176855 -0.112938 5.614200 -0.145140 0.958670 0.244716 11.636400 0.151549 -0.222875 0.962995 0.516600 0.000000 0.000000 0.000000 1.000000
0.977814 0.105015 -0.181249 5.614200 -0.144611 0.964404 -0.221388 11.636400 0.151548 0.242687 0.958194 0.516600 0.000000 0.000000 0.000000 1.000000
0.977847 0.009870 -0.209088 5.614200 -0.144136 0.756094 -0.638393 11.636400 0.151789 0.654388 0.740767 0.516600 0.000000 0.000000 0.000000 1.000000
0.977847 0.009918 -0.209085 5.614200 -0.144144 0.756205 -0.638260 11.636400 0.151781 0.654259 0.740883 0.516600 0.000000 0.000000 0.000000 1.000000
0.977849 0.010035 -0.209073 5.614200 -0.144149 0.756522 -0.637884 11.636400 0.151767 0.653892 0.741210 0.516600 0.000000 0.000000 0.000000 1.000000
0.977851 0.010200 -0.209054 5.614200 -0.144140 0.757031 -0.637281 11.636400 0.151760 0.653299 0.741734 0.516600 0.000000 0.000000 0.000000 1.000000
0.977852 0.010418 -0.209037 5.614200 -0.144126 0.757737 -0.636445 11.636400 0.151765 0.652477 0.742457 0.516600 0.000000 0.000000 0.000000 1.000000
0.977853 0.010705 -0.209018 5.614200 -0.144121 0.758622 -0.635391 11.636400 0.151764 0.651443 0.743364 0.516600 0.000000 0.000000 0.000000 1.000000
0.977854 0.011055 -0.208998 5.614200 -0.144122 0.759676 -0.634130 11.636400 0.151760 0.650207 0.744446 0.516600 0.000000 0.000000 0.000000 1.000000
0.977854 0.011457 -0.208975 5.614200 -0.144122 0.760891 -0.632672 11.636400 0.151759 0.648779 0.745691 0.516600 0.000000 0.000000 0.000000 1.000000
0.977853 0.011910 -0.208953 5.614200 -0.144125 0.762255 -0.631027 11.636400 0.151760 0.647168 0.747090 0.516600 0.000000 0.000000 0.000000 1.000000
0.977852 0.012412 -0.208930 5.614200 -0.144132 0.763758 -0.629205 11.636400 0.151762 0.645383 0.748631 0.516600 0.000000 0.000000 0.000000 1.000000
0.977851 0.012958 -0.208899 5.614200 -0.144135 0.765391 -0.627217 11.636400 0.151762 0.643435 0.750307 0.516600 0.000000 0.000000 0.000000 1.000000
0.977851 0.013545 -0.208864 5.614200 -0.144139 0.767143 -0.625072 11.636400 0.151762 0.641333 0.752104 0.516600 0.000000 0.000000 0.000000 1.000000
0.977850 0.014172 -0.208826 5.614200 -0.144144 0.769005 -0.622780 11.636400 0.151762 0.639086 0.754014 0.516600 0.000000 0.000000 0.000000 1.000000
0.977849 0.014834 -0.208785 5.614200 -0.144150 0.770965 -0.620350 11.636400 0.151764 0.636705 0.756025 0.516600 0.000000 0.000000 0.000000 1.000000
0.977848 0.015529 -0.208739 5.614200 -0.144155 0.773014 -0.617793 11.636400 0.151765 0.634198 0.758129 0.516600 0.000000 0.000000 0.000000 1.000000
0.977848 0.016254 -0.208684 5.614200 -0.144158 0.775143 -0.615120 11.636400 0.151762 0.631577 0.760315 0.516600 0.000000 0.000000 0.000000 1.000000
0.977847 0.017005 -0.208627 5.614200 -0.144163 0.777340 -0.612339 11.636400 0.151761 0.628851 0.762571 0.516600 0.000000 0.000000 0.000000 1.000000
0.977847 0.017780 -0.208564 5.614200 -0.144167 0.779597 -0.609463 11.636400 0.151760 0.626029 0.764890 0.516600 0.000000 0.000000 0.000000 1.000000
0.977847 0.018575 -0.208495 5.614200 -0.144170 0.781903 -0.606500 11.636400 0.151757 0.623123 0.767260 0.516600 0.000000 0.000000 0.000000 1.000000
0.977847 0.019388 -0.208423 5.614200 -0.144174 0.784250 -0.603462 11.636400 0.151755 0.620142 0.769671 0.516600 0.000000 0.000000 0.000000 1.000000
0.977847 0.020216 -0.208344 5.614200 -0.144178 0.786627 -0.600358 11.636400 0.151752 0.617097 0.772116 0.516600 0.000000 0.000000 0.000000 1.000000
0.977846 0.021056 -0.208263 5.614200 -0.144182 0.789027 -0.597201 11.636400 0.151751 0.613998 0.774582 0.516600 0.000000 0.000000 0.000000 1.000000
0.977828 0.021903 -0.208262 5.614200 -0.144238 0.791438 -0.593987 11.636400 0.151816 0.610856 0.777050 0.516600 0.000000 0.000000 0.000000 1.000000
0.977809 0.022757 -0.208261 5.614200 -0.144296 0.793854 -0.590741 11.636400 0.151885 0.607682 0.779521 0.516600 0.000000 0.000000 0.000000 1.000000
0.977789 0.023613 -0.208260 5.614200 -0.144355 0.796265 -0.587472 11.636400 0.151958 0.604487 0.781987 0.516600 0.000000 0.000000 0.000000 1.000000
0.977768 0.024469 -0.208258 5.614200 -0.144416 0.798662 -0.584194 11.636400 0.152033 0.601282 0.784440 0.516600 0.000000 0.000000 0.000000 1.000000
0.977747 0.025321 -0.208256 5.614200 -0.144477 0.801038 -0.580917 11.636400 0.152112 0.598077 0.786871 0.516600 0.000000 0.000000 0.000000 1.000000
0.977725 0.026166 -0.208255 5.614200 -0.144540 0.803384 -0.577652 11.636400 0.152194 0.594886 0.789271 0.516600 0.000000 0.000000 0.000000 1.000000
0.977702 0.027003 -0.208252 5.614200 -0.144603 0.805693 -0.574412 11.636400 0.152276 0.591718 0.791632 0.516600 0.000000 0.000000 0.000000 1.000000
0.977680 0.027830 -0.208250 5.614200 -0.144669 0.807956 -0.571208 11.636400 0.152360 0.588586 0.793948 0.516600 0.000000 0.000000 0.000000 1.000000
0.977657 0.028636 -0.208249 5.614200 -0.144730 0.810166 -0.568053 11.636400 0.152449 0.585501 0.796208 0.516600 0.000000 0.000000 0.000000 1.000000
0.977634 0.029426 -0.208246 5.614200 -0.144792 0.812316 -0.564959 11.636400 0.152537 0.582475 0.798408 0.516600 0.000000 0.000000 0.000000 1.000000
0.977601 0.030130 -0.208300 5.614200 -0.144833 0.814404 -0.561934 11.636400 0.152709 0.579516 0.800526 0.516600 0.000000 0.000000 0.000000 1.000000
0.977576 0.030775 -0.208320 5.614200 -0.144824 0.816422 -0.559001 11.636400 0.152874 0.576636 0.802571 0.516600 0.000000 0.000000 0.000000 1.000000
0.977555 0.031385 -0.208327 5.614200 -0.144799 0.818358 -0.556168 11.636400 0.153031 0.573851 0.804535 0.516600 0.000000 0.000000 0.000000 1.000000
0.977536 0.031973 -0.208331 5.614200 -0.144776 0.820206 -0.553446 11.636400 0.153179 0.571174 0.806409 0.516600 0.000000 0.000000 0.000000 1.000000
0.977517 0.032534 -0.208333 5.614200 -0.144755 0.821958 -0.550846 11.636400 0.153319 0.568618 0.808187 0.516600 0.000000 0.000000 0.000000 1.000000
0.977499 0.033069 -0.208333 5.614200 -0.144738 0.823607 -0.548381 11.636400 0.153450 0.566196 0.809861 0.516600 0.000000 0.000000 0.000000 1.000000
0.977482 0.033574 -0.208332 5.614200 -0.144725 0.825147 -0.546065 11.636400 0.153571 0.563919 0.811425 0.516600 0.000000 0.000000 0.000000 1.000000
0.977466 0.034047 -0.208331 5.614200 -0.144717 0.826571 -0.543909 11.636400 0.153682 0.561801 0.812872 0.516600 0.000000 0.000000 0.000000 1.000000
0.977450 0.034484 -0.208331 5.614200 -0.144712 0.827874 -0.541926 11.636400 0.153784 0.559853 0.814196 0.516600 0.000000 0.000000 0.000000 1.000000
0.977436 0.034883 -0.208330 5.614200 -0.144710 0.829048 -0.540129 11.636400 0.153874 0.558089 0.815389 0.516600 0.000000 0.000000 0.000000 1.000000
0.977424 0.035239 -0.208329 5.614200 -0.144710 0.830087 -0.538530 11.636400 0.153954 0.556520 0.816446 0.516600 0.000000 0.000000 0.000000 1.000000
0.977413 0.035549 -0.208329 5.614200 -0.144712 0.830984 -0.537144 11.636400 0.154023 0.555159 0.817359 0.516600 0.000000 0.000000 0.000000 1.000000
0.977403 0.035810 -0.208328 5.614200 -0.144714 0.831734 -0.535982 11.636400 0.154080 0.554018 0.818122 0.516600 0.000000 0.000000 0.000000 1.000000
0.977396 0.036018 -0.208327 5.614200 -0.144717 0.832329 -0.535056 11.636400 0.154125 0.553110 0.818727 0.516600 0.000000 0.000000 0.000000 1.000000
0.977390 0.036170 -0.208327 5.614200 -0.144719 0.832763 -0.534380 11.636400 0.154158 0.552446 0.819169 0.516600 0.000000 0.000000 0.000000 1.000000
0.977399 0.036186 -0.208284 5.614200 -0.144643 0.832995 -0.534040 11.636400 0.154175 0.552097 0.819402 0.516600 0.000000 0.000000 0.000000 1.000000
0.977401 0.036190 -0.208273 5.614200 -0.144624 0.833053 -0.533953 11.636400 0.154179 0.552007 0.819461 0.516600 0.000000 0.000000 0.000000 1.000000</float_array>
        <technique_common>
          <accessor source="#mixamorig_LeftHandPinky1-Matrix-animation-output-transform-array" count="79" stride="16">
            <param type="float4x4"/>
          </accessor>
        </technique_common>
      </source>
      <source id="mixamorig_LeftHandPinky1-Interpolations">
        <Name_array id="mixamorig_LeftHandPinky1-Interpolations-array" count="79">
 LINEAR LINEAR LINEAR LINEAR LINEAR LINEAR LINEAR LINEAR LINEAR LINEAR LINEAR
LINEAR LINEAR LINEAR LINEAR LINEAR LINEAR LINEAR LINEAR LINEAR LINEAR LINEAR LINEAR
LINEAR LINEAR LINEAR LINEAR LINEAR LINEAR LINEAR LINEAR LINEAR LINEAR LINEAR LINEAR
LINEAR LINEAR LINEAR LINEAR LINEAR LINEAR LINEAR LINEAR LINEAR LINEAR LINEAR LINEAR
LINEAR LINEAR LINEAR LINEAR LINEAR LINEAR LINEAR LINEAR LINEAR LINEAR LINEAR LINEAR
LINEAR LINEAR LINEAR LINEAR LINEAR LINEAR LINEAR LINEAR LINEAR LINEAR LINEAR LINEAR
LINEAR LINEAR LINEAR LINEAR LINEAR LINEAR LINEAR LINEAR</Name_array>
        <technique_common>
          <accessor source="#mixamorig_LeftHandPinky1-Interpolations-array" count="79">
            <param type="name"/>
          </accessor>
        </technique_common>
      </source>
      <sampler id="mixamorig_LeftHandPinky1-Matrix-animation-transform">
        <input semantic="INPUT" source="#mixamorig_LeftHandPinky1-Matrix-animation-input"/>
        <input semantic="OUTPUT" source="#mixamorig_LeftHandPinky1-Matrix-animation-output-transform"/>
        <input semantic="INTERPOLATION" source="#mixamorig_LeftHandPinky1-Interpolations"/>
      </sampler>
      <channel source="#mixamorig_LeftHandPinky1-Matrix-animation-transform" target="mixamorig_LeftHandPinky1/matrix"/>
    </animation>
    <animation id="mixamorig_LeftHandPinky2-anim" name="mixamorig_LeftHandPinky2">
      <source id="mixamorig_LeftHandPinky2-Matrix-animation-input">
        <float_array id="mixamorig_LeftHandPinky2-Matrix-animation-input-array" count="79">

0.000000 0.033333 0.066667 0.100000 0.133333 0.166667 0.200000 0.233333 0.266667 0.300000 0.333333 0.366667 0.400000 0.433333 0.466667 0.500000
0.533333 0.566667 0.600000 0.633333 0.666667 0.700000 0.733333 0.766667 0.800000 0.833333 0.866667 0.900000 0.933333 0.966667 1.000000 1.033333
1.066667 1.100000 1.133333 1.166667 1.200000 1.233333 1.266667 1.300000 1.333333 1.366667 1.400000 1.433333 1.466667 1.500000 1.533333 1.566667
1.600000 1.633333 1.666667 1.700000 1.733333 1.766667 1.800000 1.833333 1.866667 1.900000 1.933333 1.966667 2.000000 2.033333 2.066667 2.100000
2.133333 2.166667 2.200000 2.233333 2.266667 2.300000 2.333333 2.366667 2.400000 2.433333 2.466667 2.500000 2.533333 2.566667 2.600000</float_array>
        <technique_common>
          <accessor source="#mixamorig_LeftHandPinky2-Matrix-animation-input-array" count="79">
            <param name="TIME" type="float"/>
          </accessor>
        </technique_common>
      </source>
      <source id="mixamorig_LeftHandPinky2-Matrix-animation-output-transform">
        <float_array id="mixamorig_LeftHandPinky2-Matrix-animation-output-transform-array" count="1264">

0.999999 -0.001121 0.000810 0.000000 0.001086 0.273865 -0.961768 1.559400 0.000856 0.961768 0.273866 0.000000 0.000000 0.000000 0.000000 1.000000
0.999999 -0.001119 0.000805 0.000000 0.001085 0.278400 -0.960465 1.559400 0.000851 0.960465 0.278401 0.000000 0.000000 0.000000 0.000000 1.000000
0.999999 -0.001115 0.000790 0.000000 0.001081 0.291253 -0.956645 1.559400 0.000837 0.956645 0.291254 0.000000 0.000000 0.000000 0.000000 1.000000
0.999999 -0.001108 0.000768 -0.000000 0.001075 0.311257 -0.950325 1.559400 0.000814 0.950325 0.311258 -0.000000 0.000000 0.000000 0.000000 1.000000
0.999999 -0.001098 0.000738 0.000000 0.001065 0.337201 -0.941432 1.559400 0.000785 0.941432 0.337202 0.000000 0.000000 0.000000 0.000000 1.000000
0.999999 -0.001085 0.000703 0.000000 0.001053 0.367849 -0.929885 1.559400 0.000750 0.929885 0.367850 0.000000 0.000000 0.000000 0.000000 1.000000
0.999999 -0.001069 0.000665 -0.000000 0.001038 0.401957 -0.915658 1.559400 0.000711 0.915658 0.401958 0.000000 0.000000 0.000000 0.000000 1.000000
0.999999 -0.001049 0.000624 0.000000 0.001020 0.438289 -0.898834 1.559400 0.000670 0.898834 0.438290 -0.000000 0.000000 0.000000 0.000000 1.000000
0.999999 -0.001028 0.000581 0.000000 0.001000 0.475646 -0.879636 1.559400 0.000627 0.879636 0.475646 -0.000000 0.000000 0.000000 0.000000 1.000000
0.999999 -0.001004 0.000539 0.000000 0.000978 0.512886 -0.858456 1.559400 0.000585 0.858456 0.512886 0.000000 0.000000 0.000000 0.000000 1.000000
0.999999 -0.000978 0.000498 0.000000 0.000953 0.548949 -0.835855 1.559400 0.000544 0.835855 0.548950 -0.000000 0.000000 0.000000 0.000000 1.000000
0.999999 -0.000951 0.000460 -0.000000 0.000929 0.582881 -0.812557 1.559400 0.000505 0.812557 0.582882 -0.000000 0.000000 0.000000 0.000000 1.000000
0.999999 -0.000925 0.000425 0.000000 0.000903 0.613836 -0.789433 1.559400 0.000469 0.789433 0.613836 -0.000000 0.000000 0.000000 0.000000 1.000000
1.000000 -0.000900 0.000394 0.000000 0.000879 0.641080 -0.767473 1.559400 0.000438 0.767473 0.641081 -0.000000 0.000000 0.000000 0.000000 1.000000
1.000000 -0.000877 0.000368 -0.000000 0.000858 0.663984 -0.747746 1.559400 0.000412 0.747746 0.663985 0.000000 0.000000 0.000000 0.000000 1.000000
1.000000 -0.000859 0.000348 0.000000 0.000840 0.681988 -0.731363 1.559400 0.000391 0.731363 0.681988 0.000000 0.000000 0.000000 0.000000 1.000000
1.000000 -0.000847 0.000331 0.000000 0.000827 0.694563 -0.719432 1.559400 0.000379 0.719432 0.694563 0.000000 0.000000 0.000000 0.000000 1.000000
1.000000 -0.000828 0.000339 -0.000000 0.000822 0.701155 -0.713008 1.559400 0.000353 0.713008 0.701155 0.000000 0.000000 0.000000 0.000000 1.000000
1.000000 -0.000815 0.000353 0.000000 0.000824 0.702013 -0.712164 1.559400 0.000333 0.712164 0.702013 0.000000 0.000000 0.000000 0.000000 1.000000
1.000000 -0.000809 0.000360 -0.000000 0.000825 0.702013 -0.712164 1.559400 0.000324 0.712164 0.702013 0.000000 0.000000 0.000000 0.000000 1.000000
1.000000 -0.000810 0.000359 0.000000 0.000824 0.702013 -0.712164 1.559400 0.000325 0.712164 0.702013 0.000000 0.000000 0.000000 0.000000 1.000000
1.000000 -0.000814 0.000354 0.000000 0.000824 0.702013 -0.712164 1.559400 0.000331 0.712164 0.702013 0.000000 0.000000 0.000000 0.000000 1.000000
1.000000 -0.000821 0.000346 0.000000 0.000823 0.702012 -0.712165 1.559400 0.000342 0.712165 0.702013 0.000000 0.000000 0.000000 0.000000 1.000000
1.000000 -0.000828 0.000337 0.000000 0.000821 0.702012 -0.712164 1.559400 0.000353 0.712164 0.702013 0.000000 0.000000 0.000000 0.000000 1.000000
1.000000 -0.000834 0.000329 0.000000 0.000820 0.702012 -0.712164 1.559400 0.000363 0.712164 0.702013 0.000000 0.000000 0.000000 0.000000 1.000000
1.000000 -0.000837 0.000325 0.000000 0.000819 0.702012 -0.712164 1.559400 0.000368 0.712164 0.702013 0.000000 0.000000 0.000000 0.000000 1.000000
1.000000 -0.000837 0.000325 0.000000 0.000819 0.702012 -0.712164 1.559400 0.000368 0.712164 0.702013 0.000000 0.000000 0.000000 0.000000 1.000000
1.000000 -0.000369 0.000040 0.000000 0.000364 0.953975 -0.299885 1.559400 0.000072 0.299885 0.953975 0.000000 0.000000 0.000000 0.000000 1.000000
1.000000 -0.000180 -0.000001 0.000000 0.000178 0.991066 -0.133371 1.559400 0.000025 0.133371 0.991066 0.000000 0.000000 0.000000 0.000000 1.000000
1.000000 -0.000536 0.000108 -0.000000 0.000527 0.894639 -0.446789 1.559400 0.000143 0.446789 0.894639 0.000000 0.000000 0.000000 0.000000 1.000000
1.000000 -0.000837 0.000325 -0.000000 0.000819 0.702012 -0.712164 1.559400 0.000368 0.712164 0.702013 0.000000 0.000000 0.000000 0.000000 1.000000
1.000000 -0.000834 0.000322 0.000000 0.000815 0.702138 -0.712040 1.559400 0.000368 0.712040 0.702139 0.000000 0.000000 0.000000 0.000000 1.000000
1.000000 -0.000837 0.000324 -0.000000 0.000819 0.702485 -0.711698 1.559400 0.000369 0.711698 0.702485 -0.000000 0.000000 0.000000 0.000000 1.000000
1.000000 -0.000837 0.000322 -0.000000 0.000818 0.703060 -0.711130 1.559400 0.000369 0.711130 0.703060 0.000000 0.000000 0.000000 0.000000 1.000000
1.000000 -0.000837 0.000321 0.000000 0.000817 0.703847 -0.710352 1.559400 0.000369 0.710352 0.703847 -0.000000 0.000000 0.000000 0.000000 1.000000
1.000000 -0.000836 0.000319 0.000000 0.000816 0.704834 -0.709372 1.559400 0.000368 0.709372 0.704835 0.000000 0.000000 0.000000 0.000000 1.000000
1.000000 -0.000835 0.000318 -0.000000 0.000815 0.706012 -0.708199 1.559400 0.000366 0.708199 0.706012 -0.000000 0.000000 0.000000 0.000000 1.000000
1.000000 -0.000833 0.000316 0.000000 0.000813 0.707368 -0.706845 1.559400 0.000365 0.706845 0.707369 0.000000 0.000000 0.000000 0.000000 1.000000
1.000000 -0.000831 0.000315 0.000000 0.000811 0.708893 -0.705315 1.559400 0.000363 0.705315 0.708894 0.000000 0.000000 0.000000 0.000000 1.000000
1.000000 -0.000829 0.000314 0.000000 0.000810 0.710575 -0.703621 1.559400 0.000360 0.703621 0.710575 0.000000 0.000000 0.000000 0.000000 1.000000
1.000000 -0.000825 0.000313 0.000000 0.000808 0.712402 -0.701771 1.559400 0.000356 0.701771 0.712402 0.000000 0.000000 0.000000 0.000000 1.000000
1.000000 -0.000825 0.000309 0.000000 0.000805 0.714364 -0.699774 1.559400 0.000357 0.699774 0.714364 -0.000000 0.000000 0.000000 0.000000 1.000000
1.000000 -0.000825 0.000303 0.000000 0.000803 0.716449 -0.697639 1.559400 0.000359 0.697639 0.716449 0.000000 0.000000 0.000000 0.000000 1.000000
1.000000 -0.000825 0.000297 0.000000 0.000800 0.718646 -0.695376 1.559400 0.000360 0.695376 0.718646 -0.000000 0.000000 0.000000 0.000000 1.000000
1.000000 -0.000823 0.000293 -0.000000 0.000797 0.720945 -0.692992 1.559400 0.000359 0.692992 0.720945 -0.000000 0.000000 0.000000 0.000000 1.000000
1.000000 -0.000821 0.000290 0.000000 0.000794 0.723333 -0.690498 1.559400 0.000357 0.690498 0.723334 0.000000 0.000000 0.000000 0.000000 1.000000
1.000000 -0.000817 0.000288 0.000000 0.000791 0.725801 -0.687904 1.559400 0.000353 0.687904 0.725802 0.000000 0.000000 0.000000 0.000000 1.000000
1.000000 -0.000813 0.000287 0.000000 0.000789 0.728338 -0.685217 1.559400 0.000348 0.685217 0.728339 0.000000 0.000000 0.000000 0.000000 1.000000
1.000000 -0.000807 0.000287 -0.000000 0.000786 0.730933 -0.682449 1.559400 0.000341 0.682449 0.730933 -0.000000 0.000000 0.000000 0.000000 1.000000
1.000000 -0.000800 0.000289 0.000000 0.000784 0.733575 -0.679608 1.559400 0.000332 0.679608 0.733576 0.000000 0.000000 0.000000 0.000000 1.000000
1.000000 -0.000798 0.000285 0.000000 0.000780 0.736255 -0.676704 1.559400 0.000330 0.676704 0.736255 0.000000 0.000000 0.000000 0.000000 1.000000
1.000000 -0.000795 0.000281 -0.000000 0.000777 0.738961 -0.673748 1.559400 0.000328 0.673748 0.738961 0.000000 0.000000 0.000000 0.000000 1.000000
1.000000 -0.000791 0.000279 0.000000 0.000774 0.741684 -0.670749 1.559400 0.000324 0.670749 0.741684 0.000000 0.000000 0.000000 0.000000 1.000000
1.000000 -0.000787 0.000277 0.000000 0.000771 0.744414 -0.667718 1.559400 0.000319 0.667718 0.744414 0.000000 0.000000 0.000000 0.000000 1.000000
1.000000 -0.000784 0.000273 0.000000 0.000767 0.747140 -0.664666 1.559400 0.000317 0.664666 0.747141 0.000000 0.000000 0.000000 0.000000 1.000000
1.000000 -0.000780 0.000270 0.000000 0.000764 0.749855 -0.661601 1.559400 0.000314 0.661601 0.749856 -0.000000 0.000000 0.000000 0.000000 1.000000
1.000000 -0.000776 0.000268 -0.000000 0.000761 0.752547 -0.658538 1.559400 0.000310 0.658538 0.752548 0.000000 0.000000 0.000000 0.000000 1.000000
1.000000 -0.000773 0.000265 0.000000 0.000757 0.755209 -0.655484 1.559400 0.000307 0.655484 0.755209 0.000000 0.000000 0.000000 0.000000 1.000000
1.000000 -0.000770 0.000261 0.000000 0.000754 0.757830 -0.652452 1.559400 0.000304 0.652452 0.757830 0.000000 0.000000 0.000000 0.000000 1.000000
1.000000 -0.000766 0.000259 0.000000 0.000751 0.760402 -0.649453 1.559400 0.000301 0.649453 0.760402 0.000000 0.000000 0.000000 0.000000 1.000000
1.000000 -0.000763 0.000256 0.000000 0.000748 0.762916 -0.646497 1.559400 0.000298 0.646497 0.762916 0.000000 0.000000 0.000000 0.000000 1.000000
1.000000 -0.000759 0.000253 0.000000 0.000744 0.765363 -0.643598 1.559400 0.000295 0.643598 0.765364 0.000000 0.000000 0.000000 0.000000 1.000000
1.000000 -0.000756 0.000251 0.000000 0.000741 0.767736 -0.640765 1.559400 0.000292 0.640765 0.767737 0.000000 0.000000 0.000000 0.000000 1.000000
1.000000 -0.000753 0.000248 0.000000 0.000738 0.770026 -0.638012 1.559400 0.000289 0.638012 0.770027 0.000000 0.000000 0.000000 0.000000 1.000000
1.000000 -0.000750 0.000245 0.000000 0.000735 0.772225 -0.635349 1.559400 0.000287 0.635349 0.772225 0.000000 0.000000 0.000000 0.000000 1.000000
1.000000 -0.000747 0.000244 0.000000 0.000733 0.774325 -0.632788 1.559400 0.000284 0.632788 0.774325 -0.000000 0.000000 0.000000 0.000000 1.000000
1.000000 -0.000744 0.000241 -0.000000 0.000730 0.776317 -0.630343 1.559400 0.000282 0.630343 0.776317 0.000000 0.000000 0.000000 0.000000 1.000000
1.000000 -0.000741 0.000239 -0.000000 0.000727 0.778194 -0.628023 1.559400 0.000280 0.628023 0.778195 0.000000 0.000000 0.000000 0.000000 1.000000
1.000000 -0.000739 0.000237 -0.000000 0.000725 0.779949 -0.625843 1.559400 0.000277 0.625842 0.779949 0.000000 0.000000 0.000000 0.000000 1.000000
1.000000 -0.000737 0.000235 0.000000 0.000722 0.781574 -0.623812 1.559400 0.000276 0.623812 0.781574 0.000000 0.000000 0.000000 0.000000 1.000000
1.000000 -0.000734 0.000235 -0.000000 0.000721 0.783060 -0.621945 1.559400 0.000272 0.621945 0.783061 0.000000 0.000000 0.000000 0.000000 1.000000
1.000000 -0.000731 0.000235 -0.000000 0.000719 0.784401 -0.620254 1.559400 0.000269 0.620254 0.784401 0.000000 0.000000 0.000000 0.000000 1.000000
1.000000 -0.000730 0.000233 0.000000 0.000718 0.785589 -0.618748 1.559400 0.000268 0.618748 0.785589 0.000000 0.000000 0.000000 0.000000 1.000000
1.000000 -0.000719 0.000246 -0.000000 0.000718 0.786613 -0.617446 1.559400 0.000250 0.617446 0.786613 -0.000000 0.000000 0.000000 0.000000 1.000000
1.000000 -0.000700 0.000276 0.000000 0.000721 0.787465 -0.616359 1.559400 0.000214 0.616359 0.787465 0.000000 0.000000 0.000000 0.000000 1.000000
1.000000 -0.000684 0.000299 0.000000 0.000723 0.788142 -0.615493 1.559400 0.000186 0.615493 0.788142 0.000000 0.000000 0.000000 0.000000 1.000000
1.000000 -0.000673 0.000316 0.000000 0.000725 0.788635 -0.614861 1.559400 0.000164 0.614861 0.788636 -0.000000 0.000000 0.000000 0.000000 1.000000
1.000000 -0.000692 0.000341 0.000000 0.000755 0.788898 -0.614524 1.559400 0.000156 0.614524 0.788898 0.000000 0.000000 0.000000 0.000000 1.000000
1.000000 -0.000706 0.000352 0.000000 0.000773 0.788950 -0.614457 1.559400 0.000156 0.614457 0.788951 0.000000 0.000000 0.000000 0.000000 1.000000</float_array>
        <technique_common>
          <accessor source="#mixamorig_LeftHandPinky2-Matrix-animation-output-transform-array" count="79" stride="16">
            <param type="float4x4"/>
          </accessor>
        </technique_common>
      </source>
      <source id="mixamorig_LeftHandPinky2-Interpolations">
        <Name_array id="mixamorig_LeftHandPinky2-Interpolations-array" count="79">
 LINEAR LINEAR LINEAR LINEAR LINEAR LINEAR LINEAR LINEAR LINEAR LINEAR LINEAR
LINEAR LINEAR LINEAR LINEAR LINEAR LINEAR LINEAR LINEAR LINEAR LINEAR LINEAR LINEAR
LINEAR LINEAR LINEAR LINEAR LINEAR LINEAR LINEAR LINEAR LINEAR LINEAR LINEAR LINEAR
LINEAR LINEAR LINEAR LINEAR LINEAR LINEAR LINEAR LINEAR LINEAR LINEAR LINEAR LINEAR
LINEAR LINEAR LINEAR LINEAR LINEAR LINEAR LINEAR LINEAR LINEAR LINEAR LINEAR LINEAR
LINEAR LINEAR LINEAR LINEAR LINEAR LINEAR LINEAR LINEAR LINEAR LINEAR LINEAR LINEAR
LINEAR LINEAR LINEAR LINEAR LINEAR LINEAR LINEAR LINEAR</Name_array>
        <technique_common>
          <accessor source="#mixamorig_LeftHandPinky2-Interpolations-array" count="79">
            <param type="name"/>
          </accessor>
        </technique_common>
      </source>
      <sampler id="mixamorig_LeftHandPinky2-Matrix-animation-transform">
        <input semantic="INPUT" source="#mixamorig_LeftHandPinky2-Matrix-animation-input"/>
        <input semantic="OUTPUT" source="#mixamorig_LeftHandPinky2-Matrix-animation-output-transform"/>
        <input semantic="INTERPOLATION" source="#mixamorig_LeftHandPinky2-Interpolations"/>
      </sampler>
      <channel source="#mixamorig_LeftHandPinky2-Matrix-animation-transform" target="mixamorig_LeftHandPinky2/matrix"/>
    </animation>
    <animation id="mixamorig_LeftHandPinky3-anim" name="mixamorig_LeftHandPinky3">
      <source id="mixamorig_LeftHandPinky3-Matrix-animation-input">
        <float_array id="mixamorig_LeftHandPinky3-Matrix-animation-input-array" count="79">

0.000000 0.033333 0.066667 0.100000 0.133333 0.166667 0.200000 0.233333 0.266667 0.300000 0.333333 0.366667 0.400000 0.433333 0.466667 0.500000
0.533333 0.566667 0.600000 0.633333 0.666667 0.700000 0.733333 0.766667 0.800000 0.833333 0.866667 0.900000 0.933333 0.966667 1.000000 1.033333
1.066667 1.100000 1.133333 1.166667 1.200000 1.233333 1.266667 1.300000 1.333333 1.366667 1.400000 1.433333 1.466667 1.500000 1.533333 1.566667
1.600000 1.633333 1.666667 1.700000 1.733333 1.766667 1.800000 1.833333 1.866667 1.900000 1.933333 1.966667 2.000000 2.033333 2.066667 2.100000
2.133333 2.166667 2.200000 2.233333 2.266667 2.300000 2.333333 2.366667 2.400000 2.433333 2.466667 2.500000 2.533333 2.566667 2.600000</float_array>
        <technique_common>
          <accessor source="#mixamorig_LeftHandPinky3-Matrix-animation-input-array" count="79">
            <param name="TIME" type="float"/>
          </accessor>
        </technique_common>
      </source>
      <source id="mixamorig_LeftHandPinky3-Matrix-animation-output-transform">
        <float_array id="mixamorig_LeftHandPinky3-Matrix-animation-output-transform-array" count="1264">

0.999999 -0.000762 0.000824 0.000000 0.001122 0.661982 -0.749519 1.540600 0.000026 0.749519 0.661982 0.000000 0.000000 0.000000 0.000000 1.000000
0.999999 -0.000760 0.000821 0.000000 0.001118 0.664623 -0.747178 1.540600 0.000022 0.747179 0.664623 0.000000 0.000000 0.000000 0.000000 1.000000
0.999999 -0.000751 0.000812 0.000000 0.001107 0.672081 -0.740477 1.540600 0.000010 0.740477 0.672081 0.000000 0.000000 0.000000 0.000000 1.000000
0.999999 -0.000739 0.000799 -0.000000 0.001089 0.683613 -0.729844 1.540600 -0.000007 0.729844 0.683613 0.000000 0.000000 0.000000 0.000000 1.000000
0.999999 -0.000723 0.000783 -0.000000 0.001065 0.698435 -0.715672 1.540600 -0.000029 0.715673 0.698436 0.000000 0.000000 0.000000 0.000000 1.000000
0.999999 -0.000703 0.000763 -0.000000 0.001036 0.715751 -0.698355 1.540600 -0.000055 0.698355 0.715752 0.000000 0.000000 0.000000 0.000000 1.000000
0.999999 -0.000681 0.000742 0.000000 0.001003 0.734774 -0.678311 1.540600 -0.000083 0.678312 0.734774 0.000000 0.000000 0.000000 0.000000 1.000000
1.000000 -0.000655 0.000719 0.000000 0.000966 0.754750 -0.656011 1.540600 -0.000113 0.656012 0.754751 0.000000 0.000000 0.000000 0.000000 1.000000
1.000000 -0.000628 0.000696 -0.000000 0.000927 0.774979 -0.631987 1.540600 -0.000143 0.631987 0.774979 0.000000 0.000000 0.000000 0.000000 1.000000
1.000000 -0.000599 0.000674 0.000000 0.000885 0.794824 -0.606839 1.540600 -0.000172 0.606840 0.794824 0.000000 0.000000 0.000000 0.000000 1.000000
1.000000 -0.000570 0.000653 0.000000 0.000843 0.813732 -0.581240 1.540600 -0.000200 0.581240 0.813732 0.000000 0.000000 0.000000 0.000000 1.000000
1.000000 -0.000541 0.000633 -0.000000 0.000802 0.831234 -0.555922 1.540600 -0.000225 0.555923 0.831234 0.000000 0.000000 0.000000 0.000000 1.000000
1.000000 -0.000514 0.000616 0.000000 0.000762 0.846946 -0.531678 1.540600 -0.000248 0.531678 0.846946 -0.000000 0.000000 0.000000 0.000000 1.000000
1.000000 -0.000488 0.000600 0.000000 0.000726 0.860567 -0.509336 1.540600 -0.000268 0.509336 0.860567 0.000000 0.000000 0.000000 0.000000 1.000000
1.000000 -0.000466 0.000587 -0.000000 0.000694 0.871860 -0.489756 1.540600 -0.000284 0.489756 0.871860 0.000000 0.000000 0.000000 0.000000 1.000000
1.000000 -0.000448 0.000578 0.000000 0.000668 0.880629 -0.473806 1.540600 -0.000296 0.473806 0.880629 0.000000 0.000000 0.000000 0.000000 1.000000
1.000000 -0.000435 0.000571 -0.000000 0.000649 0.886696 -0.462352 1.540600 -0.000305 0.462353 0.886696 -0.000000 0.000000 0.000000 0.000000 1.000000
1.000000 -0.000428 0.000567 0.000000 0.000640 0.889857 -0.456239 1.540600 -0.000309 0.456239 0.889857 0.000000 0.000000 0.000000 0.000000 1.000000
1.000000 -0.000405 0.000605 0.000000 0.000636 0.890275 -0.455422 1.540600 -0.000355 0.455423 0.890275 0.000000 0.000000 0.000000 0.000000 1.000000
1.000000 -0.000384 0.000641 0.000000 0.000634 0.890279 -0.455414 1.540600 -0.000396 0.455414 0.890279 0.000000 0.000000 0.000000 0.000000 1.000000
1.000000 -0.000378 0.000652 0.000000 0.000633 0.890280 -0.455412 1.540600 -0.000409 0.455413 0.890280 0.000000 0.000000 0.000000 0.000000 1.000000
1.000000 -0.000382 0.000645 0.000000 0.000634 0.890279 -0.455415 1.540600 -0.000400 0.455415 0.890279 0.000000 0.000000 0.000000 0.000000 1.000000
1.000000 -0.000393 0.000626 0.000000 0.000635 0.890277 -0.455420 1.540600 -0.000379 0.455420 0.890277 -0.000000 0.000000 0.000000 0.000000 1.000000
1.000000 -0.000406 0.000603 0.000000 0.000636 0.890273 -0.455427 1.540600 -0.000352 0.455427 0.890273 0.000000 0.000000 0.000000 0.000000 1.000000
1.000000 -0.000418 0.000581 0.000000 0.000637 0.890270 -0.455433 1.540600 -0.000327 0.455433 0.890270 0.000000 0.000000 0.000000 0.000000 1.000000
1.000000 -0.000426 0.000568 0.000000 0.000638 0.890268 -0.455437 1.540600 -0.000312 0.455437 0.890268 0.000000 0.000000 0.000000 0.000000 1.000000
1.000000 -0.000427 0.000566 0.000000 0.000638 0.890267 -0.455438 1.540600 -0.000310 0.455438 0.890267 0.000000 0.000000 0.000000 0.000000 1.000000
1.000000 0.000104 0.000445 0.000000 -0.000110 0.999924 0.012318 1.540600 -0.000444 -0.012318 0.999924 0.000000 0.000000 0.000000 0.000000 1.000000
1.000000 0.000295 0.000464 0.000000 -0.000375 0.983460 0.181128 1.540600 -0.000403 -0.181128 0.983460 0.000000 0.000000 0.000000 0.000000 1.000000
1.000000 -0.000074 0.000456 -0.000000 0.000139 0.989453 -0.144854 1.540600 -0.000440 0.144854 0.989453 0.000000 0.000000 0.000000 0.000000 1.000000
1.000000 -0.000427 0.000566 -0.000000 0.000638 0.890267 -0.455438 1.540600 -0.000310 0.455438 0.890267 0.000000 0.000000 0.000000 0.000000 1.000000
1.000000 -0.000420 0.000567 0.000000 0.000632 0.890350 -0.455276 1.540600 -0.000314 0.455276 0.890350 -0.000000 0.000000 0.000000 0.000000 1.000000
1.000000 -0.000417 0.000571 0.000000 0.000631 0.890577 -0.454833 1.540600 -0.000319 0.454833 0.890577 0.000000 0.000000 0.000000 0.000000 1.000000
1.000000 -0.000421 0.000574 0.000000 0.000636 0.890938 -0.454124 1.540600 -0.000320 0.454124 0.890938 0.000000 0.000000 0.000000 0.000000 1.000000
1.000000 -0.000422 0.000569 0.000000 0.000634 0.891439 -0.453140 1.540600 -0.000316 0.453140 0.891439 0.000000 0.000000 0.000000 0.000000 1.000000
1.000000 -0.000423 0.000565 0.000000 0.000632 0.892068 -0.451900 1.540600 -0.000313 0.451900 0.892068 0.000000 0.000000 0.000000 0.000000 1.000000
1.000000 -0.000420 0.000566 -0.000000 0.000630 0.892818 -0.450417 1.540600 -0.000316 0.450417 0.892818 0.000000 0.000000 0.000000 0.000000 1.000000
1.000000 -0.000419 0.000564 0.000000 0.000627 0.893680 -0.448704 1.540600 -0.000317 0.448704 0.893680 -0.000000 0.000000 0.000000 0.000000 1.000000
1.000000 -0.000417 0.000562 0.000000 0.000624 0.894647 -0.446774 1.540600 -0.000316 0.446774 0.894647 0.000000 0.000000 0.000000 0.000000 1.000000
1.000000 -0.000414 0.000561 0.000000 0.000621 0.895710 -0.444637 1.540600 -0.000318 0.444638 0.895710 0.000000 0.000000 0.000000 0.000000 1.000000
1.000000 -0.000412 0.000559 0.000000 0.000617 0.896864 -0.442307 1.540600 -0.000319 0.442307 0.896864 0.000000 0.000000 0.000000 0.000000 1.000000
1.000000 -0.000408 0.000558 -0.000000 0.000612 0.898098 -0.439795 1.540600 -0.000322 0.439795 0.898098 0.000000 0.000000 0.000000 0.000000 1.000000
1.000000 -0.000406 0.000556 0.000000 0.000608 0.899406 -0.437113 1.540600 -0.000323 0.437113 0.899406 0.000000 0.000000 0.000000 0.000000 1.000000
1.000000 -0.000403 0.000555 0.000000 0.000604 0.900781 -0.434274 1.540600 -0.000325 0.434274 0.900781 0.000000 0.000000 0.000000 0.000000 1.000000
1.000000 -0.000399 0.000553 -0.000000 0.000599 0.902214 -0.431289 1.540600 -0.000327 0.431289 0.902214 0.000000 0.000000 0.000000 0.000000 1.000000
1.000000 -0.000396 0.000552 0.000000 0.000594 0.903698 -0.428170 1.540600 -0.000329 0.428171 0.903698 0.000000 0.000000 0.000000 0.000000 1.000000
1.000000 -0.000392 0.000550 -0.000000 0.000589 0.905225 -0.424931 1.540600 -0.000331 0.424932 0.905225 0.000000 0.000000 0.000000 0.000000 1.000000
1.000000 -0.000388 0.000548 0.000000 0.000583 0.906789 -0.421583 1.540600 -0.000333 0.421584 0.906789 0.000000 0.000000 0.000000 0.000000 1.000000
1.000000 -0.000384 0.000546 0.000000 0.000578 0.908383 -0.418140 1.540600 -0.000336 0.418140 0.908383 0.000000 0.000000 0.000000 0.000000 1.000000
1.000000 -0.000380 0.000544 0.000000 0.000572 0.909998 -0.414612 1.540600 -0.000338 0.414612 0.909998 0.000000 0.000000 0.000000 0.000000 1.000000
1.000000 -0.000376 0.000543 -0.000000 0.000566 0.911629 -0.411013 1.540600 -0.000340 0.411013 0.911629 0.000000 0.000000 0.000000 0.000000 1.000000
1.000000 -0.000372 0.000541 0.000000 0.000560 0.913269 -0.407356 1.540600 -0.000342 0.407356 0.913269 -0.000000 0.000000 0.000000 0.000000 1.000000
1.000000 -0.000368 0.000539 0.000000 0.000554 0.914912 -0.403653 1.540600 -0.000345 0.403654 0.914912 0.000000 0.000000 0.000000 0.000000 1.000000
1.000000 -0.000364 0.000537 0.000000 0.000548 0.916551 -0.399918 1.540600 -0.000347 0.399919 0.916551 0.000000 0.000000 0.000000 0.000000 1.000000
1.000000 -0.000359 0.000535 0.000000 0.000542 0.918180 -0.396163 1.540600 -0.000349 0.396164 0.918180 0.000000 0.000000 0.000000 0.000000 1.000000
1.000000 -0.000355 0.000533 -0.000000 0.000536 0.919794 -0.392401 1.540600 -0.000351 0.392402 0.919794 -0.000000 0.000000 0.000000 0.000000 1.000000
1.000000 -0.000351 0.000532 0.000000 0.000530 0.921387 -0.388647 1.540600 -0.000353 0.388647 0.921387 0.000000 0.000000 0.000000 0.000000 1.000000
1.000000 -0.000347 0.000530 0.000000 0.000524 0.922953 -0.384911 1.540600 -0.000356 0.384911 0.922953 0.000000 0.000000 0.000000 0.000000 1.000000
1.000000 -0.000343 0.000528 0.000000 0.000518 0.924489 -0.381209 1.540600 -0.000357 0.381209 0.924489 0.000000 0.000000 0.000000 0.000000 1.000000
1.000000 -0.000338 0.000527 0.000000 0.000512 0.925988 -0.377553 1.540600 -0.000360 0.377554 0.925988 0.000000 0.000000 0.000000 0.000000 1.000000
1.000000 -0.000334 0.000524 0.000000 0.000506 0.927446 -0.373958 1.540600 -0.000361 0.373958 0.927446 -0.000000 0.000000 0.000000 0.000000 1.000000
1.000000 -0.000330 0.000523 0.000000 0.000500 0.928858 -0.370436 1.540600 -0.000364 0.370436 0.928858 0.000000 0.000000 0.000000 0.000000 1.000000
1.000000 -0.000327 0.000521 0.000000 0.000495 0.930220 -0.367001 1.540600 -0.000365 0.367001 0.930220 0.000000 0.000000 0.000000 0.000000 1.000000
1.000000 -0.000322 0.000520 0.000000 0.000489 0.931529 -0.363667 1.540600 -0.000367 0.363667 0.931529 0.000000 0.000000 0.000000 0.000000 1.000000
1.000000 -0.000319 0.000518 0.000000 0.000484 0.932779 -0.360449 1.540600 -0.000369 0.360449 0.932779 0.000000 0.000000 0.000000 0.000000 1.000000
1.000000 -0.000316 0.000516 0.000000 0.000479 0.933967 -0.357358 1.540600 -0.000369 0.357358 0.933967 -0.000000 0.000000 0.000000 0.000000 1.000000
1.000000 -0.000312 0.000517 0.000000 0.000475 0.935090 -0.354410 1.540600 -0.000373 0.354410 0.935090 0.000000 0.000000 0.000000 0.000000 1.000000
1.000000 -0.000310 0.000514 0.000000 0.000470 0.936144 -0.351618 1.540600 -0.000372 0.351618 0.936143 0.000000 0.000000 0.000000 0.000000 1.000000
1.000000 -0.000307 0.000510 0.000000 0.000466 0.937124 -0.348997 1.540600 -0.000371 0.348997 0.937124 0.000000 0.000000 0.000000 0.000000 1.000000
1.000000 -0.000305 0.000509 0.000000 0.000462 0.938028 -0.346559 1.540600 -0.000372 0.346559 0.938028 0.000000 0.000000 0.000000 0.000000 1.000000
1.000000 -0.000300 0.000512 0.000000 0.000458 0.938853 -0.344318 1.540600 -0.000377 0.344318 0.938853 0.000000 0.000000 0.000000 0.000000 1.000000
1.000000 -0.000310 0.000482 -0.000000 0.000457 0.939592 -0.342295 1.540600 -0.000347 0.342296 0.939592 0.000000 0.000000 0.000000 0.000000 1.000000
1.000000 -0.000319 0.000456 -0.000000 0.000455 0.940246 -0.340497 1.540600 -0.000320 0.340497 0.940246 0.000000 0.000000 0.000000 0.000000 1.000000
1.000000 -0.000326 0.000434 0.000000 0.000454 0.940809 -0.338937 1.540600 -0.000298 0.338937 0.940809 -0.000000 0.000000 0.000000 0.000000 1.000000
1.000000 -0.000332 0.000416 0.000000 0.000453 0.941279 -0.337630 1.540600 -0.000279 0.337630 0.941279 0.000000 0.000000 0.000000 0.000000 1.000000
1.000000 -0.000336 0.000402 0.000000 0.000452 0.941651 -0.336590 1.540600 -0.000265 0.336590 0.941651 0.000000 0.000000 0.000000 0.000000 1.000000
1.000000 -0.000342 0.000393 -0.000000 0.000455 0.941920 -0.335837 1.540600 -0.000255 0.335837 0.941920 0.000000 0.000000 0.000000 0.000000 1.000000
1.000000 -0.000366 0.000397 0.000000 0.000478 0.942068 -0.335422 1.540600 -0.000251 0.335422 0.942068 0.000000 0.000000 0.000000 0.000000 1.000000
1.000000 -0.000382 0.000402 0.000000 0.000494 0.942098 -0.335338 1.540600 -0.000250 0.335338 0.942098 0.000000 0.000000 0.000000 0.000000 1.000000</float_array>
        <technique_common>
          <accessor source="#mixamorig_LeftHandPinky3-Matrix-animation-output-transform-array" count="79" stride="16">
            <param type="float4x4"/>
          </accessor>
        </technique_common>
      </source>
      <source id="mixamorig_LeftHandPinky3-Interpolations">
        <Name_array id="mixamorig_LeftHandPinky3-Interpolations-array" count="79">
 LINEAR LINEAR LINEAR LINEAR LINEAR LINEAR LINEAR LINEAR LINEAR LINEAR LINEAR
LINEAR LINEAR LINEAR LINEAR LINEAR LINEAR LINEAR LINEAR LINEAR LINEAR LINEAR LINEAR
LINEAR LINEAR LINEAR LINEAR LINEAR LINEAR LINEAR LINEAR LINEAR LINEAR LINEAR LINEAR
LINEAR LINEAR LINEAR LINEAR LINEAR LINEAR LINEAR LINEAR LINEAR LINEAR LINEAR LINEAR
LINEAR LINEAR LINEAR LINEAR LINEAR LINEAR LINEAR LINEAR LINEAR LINEAR LINEAR LINEAR
LINEAR LINEAR LINEAR LINEAR LINEAR LINEAR LINEAR LINEAR LINEAR LINEAR LINEAR LINEAR
LINEAR LINEAR LINEAR LINEAR LINEAR LINEAR LINEAR LINEAR</Name_array>
        <technique_common>
          <accessor source="#mixamorig_LeftHandPinky3-Interpolations-array" count="79">
            <param type="name"/>
          </accessor>
        </technique_common>
      </source>
      <sampler id="mixamorig_LeftHandPinky3-Matrix-animation-transform">
        <input semantic="INPUT" source="#mixamorig_LeftHandPinky3-Matrix-animation-input"/>
        <input semantic="OUTPUT" source="#mixamorig_LeftHandPinky3-Matrix-animation-output-transform"/>
        <input semantic="INTERPOLATION" source="#mixamorig_LeftHandPinky3-Interpolations"/>
      </sampler>
      <channel source="#mixamorig_LeftHandPinky3-Matrix-animation-transform" target="mixamorig_LeftHandPinky3/matrix"/>
    </animation>
    <animation id="mixamorig_RightShoulder-anim" name="mixamorig_RightShoulder">
      <source id="mixamorig_RightShoulder-Matrix-animation-input">
        <float_array id="mixamorig_RightShoulder-Matrix-animation-input-array" count="79">

0.000000 0.033333 0.066667 0.100000 0.133333 0.166667 0.200000 0.233333 0.266667 0.300000 0.333333 0.366667 0.400000 0.433333 0.466667 0.500000
0.533333 0.566667 0.600000 0.633333 0.666667 0.700000 0.733333 0.766667 0.800000 0.833333 0.866667 0.900000 0.933333 0.966667 1.000000 1.033333
1.066667 1.100000 1.133333 1.166667 1.200000 1.233333 1.266667 1.300000 1.333333 1.366667 1.400000 1.433333 1.466667 1.500000 1.533333 1.566667
1.600000 1.633333 1.666667 1.700000 1.733333 1.766667 1.800000 1.833333 1.866667 1.900000 1.933333 1.966667 2.000000 2.033333 2.066667 2.100000
2.133333 2.166667 2.200000 2.233333 2.266667 2.300000 2.333333 2.366667 2.400000 2.433333 2.466667 2.500000 2.533333 2.566667 2.600000</float_array>
        <technique_common>
          <accessor source="#mixamorig_RightShoulder-Matrix-animation-input-array" count="79">
            <param name="TIME" type="float"/>
          </accessor>
        </technique_common>
      </source>
      <source id="mixamorig_RightShoulder-Matrix-animation-output-transform">
        <float_array id="mixamorig_RightShoulder-Matrix-animation-output-transform-array" count="1264">

-0.327070 -0.910626 0.252560 -6.728800 0.122601 -0.305890 -0.944140 11.756700 0.937014 -0.277836 0.211690 -2.058500 0.000000 0.000000 0.000000 1.000000
-0.320855 -0.911899 0.255914 -6.728800 0.120340 -0.307260 -0.943986 11.756700 0.939452 -0.272086 0.208324 -2.058500 0.000000 0.000000 0.000000 1.000000
-0.303666 -0.915213 0.264899 -6.728800 0.114218 -0.310991 -0.943525 11.756700 0.945908 -0.256260 0.198971 -2.058500 0.000000 0.000000 0.000000 1.000000
-0.277601 -0.919674 0.277735 -6.728800 0.105283 -0.316480 -0.942739 11.756700 0.954910 -0.232464 0.184681 -2.058500 0.000000 0.000000 0.000000 1.000000
-0.244787 -0.924371 0.292604 -6.728800 0.094593 -0.323114 -0.941621 11.756700 0.964952 -0.202818 0.166533 -2.058500 0.000000 0.000000 0.000000 1.000000
-0.207498 -0.928534 0.307845 -6.728800 0.083139 -0.330294 -0.940209 11.756700 0.974696 -0.169498 0.145733 -2.058500 0.000000 0.000000 0.000000 1.000000
-0.168203 -0.931644 0.322097 -6.728800 0.071799 -0.337463 -0.938597 11.756700 0.983134 -0.134748 0.123653 -2.058500 0.000000 0.000000 0.000000 1.000000
-0.129548 -0.933487 0.334393 -6.728800 0.061311 -0.344131 -0.936918 11.756700 0.989676 -0.100874 0.101815 -2.058500 0.000000 0.000000 0.000000 1.000000
-0.092547 -0.934167 0.344626 -6.728800 0.051842 -0.350163 -0.935253 11.756700 0.994358 -0.068689 0.080835 -2.058500 0.000000 0.000000 0.000000 1.000000
-0.049565 -0.933669 0.354690 -6.728800 0.041482 -0.356745 -0.933280 11.756700 0.997909 -0.031545 0.056413 -2.058500 0.000000 0.000000 0.000000 1.000000
-0.002652 -0.931588 0.363507 -6.728800 0.030896 -0.363411 -0.931116 11.756700 0.999519 0.008762 0.029746 -2.058500 0.000000 0.000000 0.000000 1.000000
0.044942 -0.927866 0.370196 -6.728800 0.020855 -0.369618 -0.928950 11.756700 0.998772 0.049469 0.002739 -2.058500 0.000000 0.000000 0.000000 1.000000
0.089420 -0.922932 0.374433 -6.728800 0.012049 -0.374909 -0.926983 11.756700 0.995921 0.087402 -0.022404 -2.058500 0.000000 0.000000 0.000000 1.000000
0.127147 -0.917644 0.376515 -6.728800 0.004978 -0.379001 -0.925383 11.756700 0.991871 0.119534 -0.043620 -2.058500 0.000000 0.000000 0.000000 1.000000
0.157652 -0.912621 0.377185 -6.728800 -0.000492 -0.382034 -0.924148 11.756700 0.987495 0.145509 -0.060678 -2.058500 0.000000 0.000000 0.000000 1.000000
0.181164 -0.908173 0.377361 -6.728800 -0.003128 -0.384241 -0.923228 11.756700 0.983448 0.166075 -0.072451 -2.058500 0.000000 0.000000 0.000000 1.000000
0.198227 -0.907245 0.370961 -6.728800 -0.006133 -0.379612 -0.925126 11.756700 0.980137 0.181110 -0.080814 -2.058500 0.000000 0.000000 0.000000 1.000000
0.213898 -0.910682 0.353421 -6.728800 -0.010685 -0.363954 -0.931356 11.756700 0.976798 0.195439 -0.087580 -2.058500 0.000000 0.000000 0.000000 1.000000
0.229214 -0.915370 0.330995 -6.728800 -0.015643 -0.343469 -0.939034 11.756700 0.973250 0.210062 -0.093047 -2.058500 0.000000 0.000000 0.000000 1.000000
0.244300 -0.920315 0.305513 -6.728800 -0.021706 -0.320170 -0.947111 11.756700 0.969457 0.224748 -0.098194 -2.058500 0.000000 0.000000 0.000000 1.000000
0.258755 -0.924741 0.279105 -6.728800 -0.028517 -0.296133 -0.954721 11.756700 0.965522 0.239080 -0.102997 -2.058500 0.000000 0.000000 0.000000 1.000000
0.272233 -0.928107 0.253979 -6.728800 -0.035547 -0.273469 -0.961224 11.756700 0.961574 0.252649 -0.107439 -2.058500 0.000000 0.000000 0.000000 1.000000
0.284451 -0.930094 0.232406 -6.728800 -0.042111 -0.254308 -0.966206 11.756700 0.957765 0.265051 -0.111506 -2.058500 0.000000 0.000000 0.000000 1.000000
0.295247 -0.930655 0.216127 -6.728800 -0.047558 -0.240247 -0.969546 11.756700 0.954237 0.275977 -0.115192 -2.058500 0.000000 0.000000 0.000000 1.000000
0.304585 -0.930400 0.203923 -6.728800 -0.052062 -0.230038 -0.971788 11.756700 0.951061 0.285375 -0.118505 -2.058500 0.000000 0.000000 0.000000 1.000000
0.311816 -0.929468 0.197131 -6.728800 -0.055195 -0.224844 -0.972830 11.756700 0.948538 0.292463 -0.121412 -2.058500 0.000000 0.000000 0.000000 1.000000
0.316473 -0.927390 0.199479 -6.728800 -0.055752 -0.228108 -0.972038 11.756700 0.946962 0.296502 -0.123894 -2.058500 0.000000 0.000000 0.000000 1.000000
0.319465 -0.921847 0.219411 -6.728800 -0.050792 -0.247870 -0.967461 11.756700 0.946236 0.297925 -0.126008 -2.058500 0.000000 0.000000 0.000000 1.000000
0.320564 -0.913881 0.249119 -6.728800 -0.042753 -0.276689 -0.960008 11.756700 0.946261 0.297094 -0.127768 -2.058500 0.000000 0.000000 0.000000 1.000000
0.319453 -0.905731 0.278571 -6.728800 -0.035021 -0.305058 -0.951690 11.756700 0.946955 0.294264 -0.129171 -2.058500 0.000000 0.000000 0.000000 1.000000
0.315393 -0.897268 0.308931 -6.728800 -0.027645 -0.334096 -0.942134 11.756700 0.948558 0.288602 -0.130176 -2.058500 0.000000 0.000000 0.000000 1.000000
0.308876 -0.887489 0.341994 -6.728800 -0.020152 -0.365602 -0.930553 11.756700 0.950889 0.280533 -0.130810 -2.058500 0.000000 0.000000 0.000000 1.000000
0.301817 -0.878988 0.369170 -6.728800 -0.014805 -0.391503 -0.920058 11.756700 0.953251 0.272223 -0.131176 -2.058500 0.000000 0.000000 0.000000 1.000000
0.293451 -0.877955 0.378261 -6.728800 -0.013782 -0.399525 -0.916618 11.756700 0.955875 0.263770 -0.129341 -2.058500 0.000000 0.000000 0.000000 1.000000
0.271441 -0.885671 0.376706 -6.728800 -0.013622 -0.394897 -0.918624 11.756700 0.962359 0.244221 -0.119256 -2.058500 0.000000 0.000000 0.000000 1.000000
0.232775 -0.898559 0.372031 -6.728800 -0.013178 -0.385418 -0.922648 11.756700 0.972441 0.209867 -0.101557 -2.058500 0.000000 0.000000 0.000000 1.000000
0.187010 -0.913212 0.362036 -6.728800 -0.012017 -0.370637 -0.928700 11.756700 0.982285 0.169325 -0.080287 -2.058500 0.000000 0.000000 0.000000 1.000000
0.143826 -0.927216 0.345811 -6.728800 -0.008888 -0.350640 -0.936468 11.756700 0.989563 0.131615 -0.058673 -2.058500 0.000000 0.000000 0.000000 1.000000
0.099481 -0.940753 0.324171 -6.728800 -0.006922 -0.326433 -0.945195 11.756700 0.995015 0.091785 -0.038986 -2.058500 0.000000 0.000000 0.000000 1.000000
0.060384 -0.952712 0.297815 -6.728800 -0.006717 -0.298741 -0.954311 11.756700 0.998153 0.055624 -0.024438 -2.058500 0.000000 0.000000 0.000000 1.000000
0.046538 -0.962315 0.267924 -6.728800 -0.006233 -0.268489 -0.963262 11.756700 0.998897 0.043158 -0.018493 -2.058500 0.000000 0.000000 0.000000 1.000000
0.039862 -0.970798 0.236561 -6.728800 -0.005651 -0.236965 -0.971502 11.756700 0.999189 0.037390 -0.014931 -2.058500 0.000000 0.000000 0.000000 1.000000
0.035349 -0.978159 0.204830 -6.728800 -0.005131 -0.205133 -0.978721 11.756700 0.999362 0.033546 -0.012270 -2.058500 0.000000 0.000000 0.000000 1.000000
0.032564 -0.984263 0.173683 -6.728800 -0.004767 -0.173926 -0.984747 11.756700 0.999458 0.031239 -0.010356 -2.058500 0.000000 0.000000 0.000000 1.000000
0.031071 -0.989079 0.144074 -6.728800 -0.004606 -0.144284 -0.989526 11.756700 0.999507 0.030082 -0.009038 -2.058500 0.000000 0.000000 0.000000 1.000000
0.030439 -0.992669 0.116970 -6.728800 -0.004630 -0.117163 -0.993102 11.756700 0.999526 0.029687 -0.008163 -2.058500 0.000000 0.000000 0.000000 1.000000
0.030246 -0.995176 0.093324 -6.728800 -0.004772 -0.093510 -0.995607 11.756700 0.999531 0.029668 -0.007577 -2.058500 0.000000 0.000000 0.000000 1.000000
0.030591 -0.996880 0.072765 -6.728800 -0.004851 -0.072946 -0.997324 11.756700 0.999520 0.030156 -0.007067 -2.058500 0.000000 0.000000 0.000000 1.000000
0.031634 -0.997972 0.055232 -6.728800 -0.004838 -0.055412 -0.998452 11.756700 0.999488 0.031318 -0.006581 -2.058500 0.000000 0.000000 0.000000 1.000000
0.033045 -0.998565 0.042146 -6.728800 -0.004814 -0.042328 -0.999092 11.756700 0.999442 0.032812 -0.006206 -2.058500 0.000000 0.000000 0.000000 1.000000
0.034490 -0.998795 0.034925 -6.728800 -0.004823 -0.035112 -0.999372 11.756700 0.999393 0.034300 -0.006028 -2.058500 0.000000 0.000000 0.000000 1.000000
0.035697 -0.998786 0.033954 -6.728800 -0.004894 -0.034150 -0.999405 11.756700 0.999351 0.035509 -0.006107 -2.058500 0.000000 0.000000 0.000000 1.000000
0.036859 -0.998738 0.034101 -6.728800 -0.005053 -0.034310 -0.999398 11.756700 0.999308 0.036665 -0.006311 -2.058500 0.000000 0.000000 0.000000 1.000000
0.038089 -0.998673 0.034673 -6.728800 -0.005390 -0.034903 -0.999376 11.756700 0.999260 0.037878 -0.006712 -2.058500 0.000000 0.000000 0.000000 1.000000
0.039614 -0.998528 0.037056 -6.728800 -0.005924 -0.037319 -0.999286 11.756700 0.999198 0.039366 -0.007393 -2.058500 0.000000 0.000000 0.000000 1.000000
0.041400 -0.998250 0.042236 -6.728800 -0.006508 -0.042540 -0.999074 11.756700 0.999121 0.041087 -0.008257 -2.058500 0.000000 0.000000 0.000000 1.000000
0.043120 -0.997823 0.049894 -6.728800 -0.006964 -0.050239 -0.998713 11.756700 0.999046 0.042717 -0.009115 -2.058500 0.000000 0.000000 0.000000 1.000000
0.044441 -0.997226 0.059718 -6.728800 -0.007128 -0.060092 -0.998167 11.756700 0.998987 0.043934 -0.009779 -2.058500 0.000000 0.000000 0.000000 1.000000
0.045018 -0.996432 0.071394 -6.728800 -0.006853 -0.071773 -0.997397 11.756700 0.998963 0.044412 -0.010060 -2.058500 0.000000 0.000000 0.000000 1.000000
0.042169 -0.995389 0.086153 -6.728800 -0.005980 -0.086480 -0.996236 11.756700 0.999093 0.041495 -0.009600 -2.058500 0.000000 0.000000 0.000000 1.000000
0.034767 -0.993952 0.104168 -6.728800 -0.004784 -0.104395 -0.994524 11.756700 0.999384 0.034079 -0.008384 -2.058500 0.000000 0.000000 0.000000 1.000000
0.024815 -0.992029 0.123540 -6.728800 -0.003701 -0.123669 -0.992317 11.756700 0.999685 0.024167 -0.006740 -2.058500 0.000000 0.000000 0.000000 1.000000
0.014339 -0.989707 0.142388 -6.728800 -0.002980 -0.142445 -0.989798 11.756700 0.999893 0.013768 -0.004992 -2.058500 0.000000 0.000000 0.000000 1.000000
0.005382 -0.987285 0.158871 -6.728800 -0.002648 -0.158887 -0.987293 11.756700 0.999982 0.004893 -0.003469 -2.058500 0.000000 0.000000 0.000000 1.000000
-0.000383 -0.985204 0.171383 -6.728800 -0.002521 -0.171382 -0.985201 11.756700 0.999997 -0.000809 -0.002418 -2.058500 0.000000 0.000000 0.000000 1.000000
-0.003945 -0.983658 0.180002 -6.728800 -0.002381 -0.179994 -0.983665 11.756700 0.999989 -0.004309 -0.001632 -2.058500 0.000000 0.000000 0.000000 1.000000
-0.005689 -0.982694 0.185151 -6.728800 -0.002324 -0.185140 -0.982709 11.756700 0.999981 -0.006021 -0.001231 -2.058500 0.000000 0.000000 0.000000 1.000000
-0.005491 -0.982391 0.186757 -6.728800 -0.002401 -0.186746 -0.982405 11.756700 0.999982 -0.005843 -0.001333 -2.058500 0.000000 0.000000 0.000000 1.000000
-0.003833 -0.982613 0.185627 -6.728800 -0.002529 -0.185618 -0.982619 11.756700 0.999989 -0.004236 -0.001774 -2.058500 0.000000 0.000000 0.000000 1.000000
-0.001718 -0.982996 0.183619 -6.728800 -0.002681 -0.183614 -0.982995 11.756700 0.999995 -0.002181 -0.002320 -2.058500 0.000000 0.000000 0.000000 1.000000
-0.000151 -0.983203 0.182514 -6.728800 -0.002815 -0.182513 -0.983199 11.756700 0.999996 -0.000662 -0.002740 -2.058500 0.000000 0.000000 0.000000 1.000000
0.000748 -0.983173 0.182675 -6.728800 -0.002732 -0.182677 -0.983169 11.756700 0.999996 0.000237 -0.002823 -2.058500 0.000000 0.000000 0.000000 1.000000
0.001558 -0.983074 0.183201 -6.728800 -0.002656 -0.183205 -0.983071 11.756700 0.999995 0.001045 -0.002897 -2.058500 0.000000 0.000000 0.000000 1.000000
0.002269 -0.982937 0.183927 -6.728800 -0.002590 -0.183933 -0.982935 11.756700 0.999994 0.001754 -0.002963 -2.058500 0.000000 0.000000 0.000000 1.000000
0.002869 -0.982772 0.184799 -6.728800 -0.002533 -0.184806 -0.982772 11.756700 0.999993 0.002352 -0.003019 -2.058500 0.000000 0.000000 0.000000 1.000000
0.003253 -0.982606 0.185675 -6.728800 -0.002418 -0.185683 -0.982607 11.756700 0.999992 0.002748 -0.002980 -2.058500 0.000000 0.000000 0.000000 1.000000
0.003342 -0.982452 0.186484 -6.728800 -0.002408 -0.186492 -0.982454 11.756700 0.999992 0.002835 -0.002989 -2.058500 0.000000 0.000000 0.000000 1.000000
0.003402 -0.982356 0.186989 -6.728800 -0.002402 -0.186997 -0.982357 11.756700 0.999991 0.002893 -0.002995 -2.058500 0.000000 0.000000 0.000000 1.000000
0.003422 -0.982318 0.187191 -6.728800 -0.002399 -0.187199 -0.982319 11.756700 0.999991 0.002913 -0.002997 -2.058500 0.000000 0.000000 0.000000 1.000000</float_array>
        <technique_common>
          <accessor source="#mixamorig_RightShoulder-Matrix-animation-output-transform-array" count="79" stride="16">
            <param type="float4x4"/>
          </accessor>
        </technique_common>
      </source>
      <source id="mixamorig_RightShoulder-Interpolations">
        <Name_array id="mixamorig_RightShoulder-Interpolations-array" count="79">
 LINEAR LINEAR LINEAR LINEAR LINEAR LINEAR LINEAR LINEAR LINEAR LINEAR LINEAR
LINEAR LINEAR LINEAR LINEAR LINEAR LINEAR LINEAR LINEAR LINEAR LINEAR LINEAR LINEAR
LINEAR LINEAR LINEAR LINEAR LINEAR LINEAR LINEAR LINEAR LINEAR LINEAR LINEAR LINEAR
LINEAR LINEAR LINEAR LINEAR LINEAR LINEAR LINEAR LINEAR LINEAR LINEAR LINEAR LINEAR
LINEAR LINEAR LINEAR LINEAR LINEAR LINEAR LINEAR LINEAR LINEAR LINEAR LINEAR LINEAR
LINEAR LINEAR LINEAR LINEAR LINEAR LINEAR LINEAR LINEAR LINEAR LINEAR LINEAR LINEAR
LINEAR LINEAR LINEAR LINEAR LINEAR LINEAR LINEAR LINEAR</Name_array>
        <technique_common>
          <accessor source="#mixamorig_RightShoulder-Interpolations-array" count="79">
            <param type="name"/>
          </accessor>
        </technique_common>
      </source>
      <sampler id="mixamorig_RightShoulder-Matrix-animation-transform">
        <input semantic="INPUT" source="#mixamorig_RightShoulder-Matrix-animation-input"/>
        <input semantic="OUTPUT" source="#mixamorig_RightShoulder-Matrix-animation-output-transform"/>
        <input semantic="INTERPOLATION" source="#mixamorig_RightShoulder-Interpolations"/>
      </sampler>
      <channel source="#mixamorig_RightShoulder-Matrix-animation-transform" target="mixamorig_RightShoulder/matrix"/>
    </animation>
    <animation id="mixamorig_RightArm-anim" name="mixamorig_RightArm">
      <source id="mixamorig_RightArm-Matrix-animation-input">
        <float_array id="mixamorig_RightArm-Matrix-animation-input-array" count="79">

0.000000 0.033333 0.066667 0.100000 0.133333 0.166667 0.200000 0.233333 0.266667 0.300000 0.333333 0.366667 0.400000 0.433333 0.466667 0.500000
0.533333 0.566667 0.600000 0.633333 0.666667 0.700000 0.733333 0.766667 0.800000 0.833333 0.866667 0.900000 0.933333 0.966667 1.000000 1.033333
1.066667 1.100000 1.133333 1.166667 1.200000 1.233333 1.266667 1.300000 1.333333 1.366667 1.400000 1.433333 1.466667 1.500000 1.533333 1.566667
1.600000 1.633333 1.666667 1.700000 1.733333 1.766667 1.800000 1.833333 1.866667 1.900000 1.933333 1.966667 2.000000 2.033333 2.066667 2.100000
2.133333 2.166667 2.200000 2.233333 2.266667 2.300000 2.333333 2.366667 2.400000 2.433333 2.466667 2.500000 2.533333 2.566667 2.600000</float_array>
        <technique_common>
          <accessor source="#mixamorig_RightArm-Matrix-animation-input-array" count="79">
            <param name="TIME" type="float"/>
          </accessor>
        </technique_common>
      </source>
      <source id="mixamorig_RightArm-Matrix-animation-output-transform">
        <float_array id="mixamorig_RightArm-Matrix-animation-output-transform-array" count="1264">

0.997846 -0.020745 -0.062240 0.000000 -0.023211 0.775702 -0.630672 14.448800 0.061363 0.630758 0.773549 0.000000 0.000000 0.000000 0.000000 1.000000
0.998118 -0.021324 -0.057489 0.000000 -0.019574 0.777709 -0.628320 14.448800 0.058108 0.628263 0.775828 0.000000 0.000000 0.000000 0.000000 1.000000
0.998741 -0.023205 -0.044475 0.000000 -0.009485 0.783234 -0.621654 14.448800 0.049260 0.621293 0.782028 0.000000 0.000000 0.000000 0.000000 1.000000
0.999329 -0.026696 -0.025089 0.000000 0.005794 0.791372 -0.611308 14.448800 0.036174 0.610752 0.790995 0.000000 0.000000 0.000000 0.000000 1.000000
0.999483 -0.032115 -0.001279 0.000000 0.024979 0.801204 -0.597869 14.448800 0.020225 0.597529 0.801592 -0.000000 0.000000 0.000000 0.000000 1.000000
0.998901 -0.039677 0.024966 0.000000 0.046793 0.811800 -0.582057 14.448800 0.002826 0.582585 0.812765 0.000000 0.000000 0.000000 0.000000 1.000000
0.997443 -0.049386 0.051655 -0.000000 0.069962 0.822237 -0.564829 14.448800 -0.014578 0.566999 0.823590 0.000000 0.000000 0.000000 0.000000 1.000000
0.995173 -0.061017 0.076863 0.000000 0.093271 0.831639 -0.547428 14.448800 -0.030520 0.551954 0.833316 0.000000 0.000000 0.000000 0.000000 1.000000
0.992213 -0.075088 0.099371 0.000000 0.116667 0.839667 -0.530423 14.448800 -0.043610 0.537886 0.841889 0.000000 0.000000 0.000000 0.000000 1.000000
0.986475 -0.109812 0.121686 0.000000 0.156890 0.847516 -0.507052 14.448800 -0.047451 0.519286 0.853282 -0.000000 0.000000 0.000000 0.000000 1.000000
0.981843 -0.127990 0.140010 0.000000 0.180951 0.853435 -0.488779 14.448800 -0.056930 0.505239 0.861100 0.000000 0.000000 0.000000 0.000000 1.000000
0.973625 -0.166364 0.156131 0.000000 0.221290 0.855174 -0.468730 14.448800 -0.055539 0.490918 0.869434 0.000000 0.000000 0.000000 0.000000 1.000000
0.963321 -0.207765 0.169845 -0.000000 0.263149 0.855401 -0.446140 14.448800 -0.052594 0.474471 0.878699 -0.000000 0.000000 0.000000 0.000000 1.000000
0.951709 -0.247729 0.181330 0.000000 0.302484 0.857621 -0.415921 14.448800 -0.052477 0.450685 0.891139 0.000000 0.000000 0.000000 0.000000 1.000000
0.939565 -0.283990 0.191225 0.000000 0.337335 0.863329 -0.375324 14.448800 -0.058502 0.417148 0.906954 0.000000 0.000000 0.000000 0.000000 1.000000
0.927727 -0.315704 0.199132 -0.000000 0.366084 0.873694 -0.320378 14.448800 -0.072836 0.370122 0.926123 -0.000000 0.000000 0.000000 0.000000 1.000000
0.919901 -0.336356 0.201609 0.000000 0.381174 0.887721 -0.258182 14.448800 -0.092132 0.314350 0.944826 0.000000 0.000000 0.000000 0.000000 1.000000
0.921287 -0.325974 0.212066 0.000000 0.367259 0.908619 -0.198829 14.448800 -0.127874 0.261062 0.956815 0.000000 0.000000 0.000000 0.000000 1.000000
0.906714 -0.354476 0.228510 0.000000 0.384682 0.917222 -0.103555 14.448800 -0.172887 0.181798 0.968018 0.000000 0.000000 0.000000 0.000000 1.000000
0.911927 -0.317817 0.259579 0.000000 0.333313 0.942667 -0.016802 14.448800 -0.239356 0.101843 0.965576 -0.000000 0.000000 0.000000 0.000000 1.000000
0.924259 -0.238922 0.297761 0.000000 0.224948 0.971008 0.080887 14.448800 -0.308454 -0.007780 0.951207 0.000000 0.000000 0.000000 0.000000 1.000000
0.927546 -0.145545 0.344202 -0.000000 0.087304 0.979949 0.179105 14.448800 -0.363369 -0.136078 0.921654 -0.000000 0.000000 0.000000 0.000000 1.000000
0.916643 -0.068268 0.393833 0.000000 -0.039311 0.965133 0.258793 14.448800 -0.397769 -0.252703 0.881999 -0.000000 0.000000 0.000000 0.000000 1.000000
0.887189 0.017753 0.461065 0.000000 -0.182638 0.931157 0.315581 14.448800 -0.423721 -0.364187 0.829354 0.000000 0.000000 0.000000 0.000000 1.000000
0.822163 0.131855 0.553770 0.000000 -0.345839 0.888389 0.301926 14.448800 -0.452153 -0.439748 0.776002 0.000000 0.000000 0.000000 0.000000 1.000000
0.736097 0.263034 0.623678 0.000000 -0.498701 0.833756 0.236958 14.448800 -0.457667 -0.485453 0.744900 0.000000 0.000000 0.000000 0.000000 1.000000
0.636985 0.405494 0.655610 0.000000 -0.636204 0.756787 0.150059 14.448800 -0.435310 -0.512687 0.740039 0.000000 0.000000 0.000000 0.000000 1.000000
0.586348 0.474059 0.656859 0.000000 -0.680203 0.728486 0.081433 14.448800 -0.439909 -0.494546 0.749603 0.000000 0.000000 0.000000 0.000000 1.000000
0.572477 0.606518 0.551730 0.000000 -0.651932 0.744803 -0.142315 14.448800 -0.497247 -0.278219 0.821791 0.000000 0.000000 0.000000 0.000000 1.000000
0.668433 0.624150 0.404517 0.000000 -0.531710 0.781297 -0.326894 14.448800 -0.520079 0.003421 0.854111 0.000000 0.000000 0.000000 0.000000 1.000000
0.759670 0.580341 0.293437 0.000000 -0.415248 0.780149 -0.467907 14.448800 -0.500470 0.233606 0.833641 0.000000 0.000000 0.000000 0.000000 1.000000
0.859275 0.455220 0.233284 0.000000 -0.263375 0.784707 -0.561132 14.448800 -0.438498 0.420725 0.794172 0.000000 0.000000 0.000000 0.000000 1.000000
0.928327 0.310345 0.204681 0.000000 -0.118868 0.769451 -0.627547 14.448800 -0.352249 0.558239 0.751193 0.000000 0.000000 0.000000 0.000000 1.000000
0.961753 0.199554 0.187643 0.000000 -0.013988 0.719915 -0.693921 14.448800 -0.273562 0.664756 0.695172 0.000000 0.000000 0.000000 0.000000 1.000000
0.966838 0.179961 0.181216 0.000000 0.007738 0.688593 -0.725107 14.448800 -0.255275 0.702462 0.664365 0.000000 0.000000 0.000000 0.000000 1.000000
0.956330 0.250458 0.150679 0.000000 -0.049340 0.646443 -0.761365 14.448800 -0.288096 0.720681 0.630571 0.000000 0.000000 0.000000 0.000000 1.000000
0.925662 0.356155 0.127686 0.000000 -0.136855 0.629811 -0.764597 14.448800 -0.352733 0.690284 0.631734 0.000000 0.000000 0.000000 0.000000 1.000000
0.888720 0.440893 0.125661 0.000000 -0.201138 0.621289 -0.757326 14.448800 -0.411972 0.647776 0.640832 -0.000000 0.000000 0.000000 0.000000 1.000000
0.857631 0.502578 0.109013 0.000000 -0.247700 0.589467 -0.768878 14.448800 -0.450681 0.632411 0.630034 -0.000000 0.000000 0.000000 0.000000 1.000000
0.852623 0.517672 0.071057 -0.000000 -0.260664 0.539242 -0.800795 14.448800 -0.452866 0.664255 0.594708 0.000000 0.000000 0.000000 0.000000 1.000000
0.862762 0.503018 0.051132 -0.000000 -0.253154 0.517302 -0.817504 14.448800 -0.437670 0.692367 0.573649 0.000000 0.000000 0.000000 0.000000 1.000000
0.880046 0.473341 0.038296 -0.000000 -0.235802 0.505555 -0.829946 14.448800 -0.412208 0.721361 0.556527 0.000000 0.000000 0.000000 0.000000 1.000000
0.901878 0.431156 0.026850 -0.000000 -0.209690 0.491270 -0.845390 14.448800 -0.377686 0.756808 0.533474 -0.000000 0.000000 0.000000 0.000000 1.000000
0.927409 0.372925 0.028981 0.000000 -0.169641 0.488391 -0.855977 14.448800 -0.333369 0.788924 0.516201 0.000000 0.000000 0.000000 0.000000 1.000000
0.951877 0.304019 0.038751 -0.000000 -0.119435 0.484414 -0.866648 14.448800 -0.282249 0.820314 0.497413 0.000000 0.000000 0.000000 0.000000 1.000000
0.973203 0.221668 0.061156 0.000000 -0.055311 0.483806 -0.873426 14.448800 -0.223198 0.846638 0.483102 0.000000 0.000000 0.000000 0.000000 1.000000
0.986735 0.129624 0.097737 0.000000 0.021541 0.492175 -0.870230 14.448800 -0.160906 0.860791 0.482853 0.000000 0.000000 0.000000 0.000000 1.000000
0.988781 0.100532 0.110479 0.000000 0.048462 0.483704 -0.873889 14.448800 -0.141293 0.869439 0.473405 0.000000 0.000000 0.000000 0.000000 1.000000
0.988045 0.111095 0.106885 0.000000 0.043136 0.466397 -0.883523 14.448800 -0.148006 0.877572 0.456029 -0.000000 0.000000 0.000000 0.000000 1.000000
0.988790 0.084405 0.123168 0.000000 0.068257 0.478141 -0.875626 14.448800 -0.132799 0.874218 0.467020 0.000000 0.000000 0.000000 0.000000 1.000000
0.987960 0.027895 0.152175 0.000000 0.118362 0.497134 -0.859563 14.448800 -0.099629 0.867225 0.487847 0.000000 0.000000 0.000000 0.000000 1.000000
0.986241 -0.003836 0.165268 0.000000 0.144465 0.505989 -0.850356 14.448800 -0.080362 0.862531 0.499581 -0.000000 0.000000 0.000000 0.000000 1.000000
0.984198 -0.024119 0.175419 0.000000 0.163735 0.501118 -0.849748 14.448800 -0.067411 0.865043 0.497149 -0.000000 0.000000 0.000000 0.000000 1.000000
0.982258 -0.044176 0.182259 0.000000 0.180244 0.490762 -0.852446 14.448800 -0.051788 0.870173 0.490017 0.000000 0.000000 0.000000 0.000000 1.000000
0.980510 -0.056516 0.188163 0.000000 0.191978 0.479162 -0.856474 14.448800 -0.041756 0.875905 0.480673 0.000000 0.000000 0.000000 0.000000 1.000000
0.981428 -0.055234 0.183708 0.000000 0.188229 0.461984 -0.866684 14.448800 -0.037000 0.885167 0.463801 0.000000 0.000000 0.000000 0.000000 1.000000
0.980957 -0.059030 0.185039 0.000000 0.191831 0.443635 -0.875436 14.448800 -0.030413 0.894261 0.446510 0.000000 0.000000 0.000000 0.000000 1.000000
0.979370 -0.070669 0.189316 0.000000 0.200978 0.438146 -0.876148 14.448800 -0.021032 0.896121 0.443310 0.000000 0.000000 0.000000 0.000000 1.000000
0.977101 -0.081171 0.196682 -0.000000 0.211954 0.452380 -0.866272 14.448800 -0.018659 0.888124 0.459226 -0.000000 0.000000 0.000000 0.000000 1.000000
0.977041 -0.080718 0.197166 0.000000 0.211404 0.482107 -0.850224 14.448800 -0.026426 0.872386 0.488102 0.000000 0.000000 0.000000 0.000000 1.000000
0.978673 -0.070422 0.192978 0.000000 0.201326 0.515550 -0.832872 14.448800 -0.040837 0.853961 0.518732 0.000000 0.000000 0.000000 0.000000 1.000000
0.981013 -0.052458 0.186715 0.000000 0.184451 0.549861 -0.814635 14.448800 -0.059933 0.833607 0.549097 0.000000 0.000000 0.000000 0.000000 1.000000
0.982430 -0.036953 0.182936 0.000000 0.169926 0.582445 -0.794910 14.448800 -0.077176 0.812030 0.578491 0.000000 0.000000 0.000000 0.000000 1.000000
0.982972 -0.023952 0.182188 -0.000000 0.158046 0.615995 -0.771733 14.448800 -0.093742 0.787386 0.609291 0.000000 0.000000 0.000000 0.000000 1.000000
0.981829 -0.024443 0.188186 0.000000 0.160838 0.633473 -0.756864 14.448800 -0.100711 0.773378 0.625894 0.000000 0.000000 0.000000 0.000000 1.000000
0.981625 -0.020144 0.189756 0.000000 0.157132 0.649551 -0.743904 14.448800 -0.108271 0.760051 0.640781 0.000000 0.000000 0.000000 0.000000 1.000000
0.981020 -0.021854 0.192673 0.000000 0.159968 0.652795 -0.740452 14.448800 -0.109594 0.757219 0.643901 0.000000 0.000000 0.000000 0.000000 1.000000
0.980239 -0.026809 0.195991 -0.000000 0.165948 0.650712 -0.740969 14.448800 -0.107670 0.758851 0.642302 0.000000 0.000000 0.000000 0.000000 1.000000
0.980801 -0.026188 0.193245 0.000000 0.164088 0.646302 -0.745230 14.448800 -0.105379 0.762632 0.638191 0.000000 0.000000 0.000000 0.000000 1.000000
0.980510 -0.029542 0.194233 -0.000000 0.168159 0.637427 -0.751937 14.448800 -0.101596 0.769944 0.629971 -0.000000 0.000000 0.000000 0.000000 1.000000
0.980229 -0.034291 0.194872 -0.000000 0.172625 0.629543 -0.757546 14.448800 -0.096703 0.776209 0.623016 0.000000 0.000000 0.000000 0.000000 1.000000
0.980126 -0.036386 0.195009 -0.000000 0.174883 0.622515 -0.762818 14.448800 -0.093641 0.781761 0.616507 -0.000000 0.000000 0.000000 0.000000 1.000000
0.979888 -0.039495 0.195598 -0.000000 0.178071 0.615430 -0.767813 14.448800 -0.090052 0.787201 0.610086 0.000000 0.000000 0.000000 0.000000 1.000000
0.980317 -0.037094 0.193914 0.000000 0.175540 0.613276 -0.770116 14.448800 -0.090356 0.788998 0.607716 0.000000 0.000000 0.000000 0.000000 1.000000
0.980281 -0.037643 0.193990 -0.000000 0.176552 0.607789 -0.774223 14.448800 -0.088761 0.793206 0.602450 -0.000000 0.000000 0.000000 0.000000 1.000000
0.981036 -0.032216 0.191130 0.000000 0.170455 0.612819 -0.771620 14.448800 -0.092270 0.789566 0.606689 0.000000 0.000000 0.000000 0.000000 1.000000
0.980246 -0.037160 0.194259 -0.000000 0.175974 0.612206 -0.770868 14.448800 -0.090282 0.789825 0.606652 0.000000 0.000000 0.000000 0.000000 1.000000
0.980745 -0.032999 0.192484 0.000000 0.170984 0.621317 -0.764676 14.448800 -0.094360 0.782864 0.614996 0.000000 0.000000 0.000000 0.000000 1.000000
0.980101 -0.036704 0.195077 -0.000000 0.175264 0.621400 -0.763639 14.448800 -0.093192 0.782633 0.615467 -0.000000 0.000000 0.000000 0.000000 1.000000</float_array>
        <technique_common>
          <accessor source="#mixamorig_RightArm-Matrix-animation-output-transform-array" count="79" stride="16">
            <param type="float4x4"/>
          </accessor>
        </technique_common>
      </source>
      <source id="mixamorig_RightArm-Interpolations">
        <Name_array id="mixamorig_RightArm-Interpolations-array" count="79">
 LINEAR LINEAR LINEAR LINEAR LINEAR LINEAR LINEAR LINEAR LINEAR LINEAR LINEAR
LINEAR LINEAR LINEAR LINEAR LINEAR LINEAR LINEAR LINEAR LINEAR LINEAR LINEAR LINEAR
LINEAR LINEAR LINEAR LINEAR LINEAR LINEAR LINEAR LINEAR LINEAR LINEAR LINEAR LINEAR
LINEAR LINEAR LINEAR LINEAR LINEAR LINEAR LINEAR LINEAR LINEAR LINEAR LINEAR LINEAR
LINEAR LINEAR LINEAR LINEAR LINEAR LINEAR LINEAR LINEAR LINEAR LINEAR LINEAR LINEAR
LINEAR LINEAR LINEAR LINEAR LINEAR LINEAR LINEAR LINEAR LINEAR LINEAR LINEAR LINEAR
LINEAR LINEAR LINEAR LINEAR LINEAR LINEAR LINEAR LINEAR</Name_array>
        <technique_common>
          <accessor source="#mixamorig_RightArm-Interpolations-array" count="79">
            <param type="name"/>
          </accessor>
        </technique_common>
      </source>
      <sampler id="mixamorig_RightArm-Matrix-animation-transform">
        <input semantic="INPUT" source="#mixamorig_RightArm-Matrix-animation-input"/>
        <input semantic="OUTPUT" source="#mixamorig_RightArm-Matrix-animation-output-transform"/>
        <input semantic="INTERPOLATION" source="#mixamorig_RightArm-Interpolations"/>
      </sampler>
      <channel source="#mixamorig_RightArm-Matrix-animation-transform" target="mixamorig_RightArm/matrix"/>
    </animation>
    <animation id="mixamorig_RightForeArm-anim" name="mixamorig_RightForeArm">
      <source id="mixamorig_RightForeArm-Matrix-animation-input">
        <float_array id="mixamorig_RightForeArm-Matrix-animation-input-array" count="79">

0.000000 0.033333 0.066667 0.100000 0.133333 0.166667 0.200000 0.233333 0.266667 0.300000 0.333333 0.366667 0.400000 0.433333 0.466667 0.500000
0.533333 0.566667 0.600000 0.633333 0.666667 0.700000 0.733333 0.766667 0.800000 0.833333 0.866667 0.900000 0.933333 0.966667 1.000000 1.033333
1.066667 1.100000 1.133333 1.166667 1.200000 1.233333 1.266667 1.300000 1.333333 1.366667 1.400000 1.433333 1.466667 1.500000 1.533333 1.566667
1.600000 1.633333 1.666667 1.700000 1.733333 1.766667 1.800000 1.833333 1.866667 1.900000 1.933333 1.966667 2.000000 2.033333 2.066667 2.100000
2.133333 2.166667 2.200000 2.233333 2.266667 2.300000 2.333333 2.366667 2.400000 2.433333 2.466667 2.500000 2.533333 2.566667 2.600000</float_array>
        <technique_common>
          <accessor source="#mixamorig_RightForeArm-Matrix-animation-input-array" count="79">
            <param name="TIME" type="float"/>
          </accessor>
        </technique_common>
      </source>
      <source id="mixamorig_RightForeArm-Matrix-animation-output-transform">
        <float_array id="mixamorig_RightForeArm-Matrix-animation-output-transform-array" count="1264">

0.266616 0.963801 0.001898 0.000000 -0.960660 0.265905 -0.080168 23.160299 -0.077771 0.019550 0.996780 0.000000 0.000000 0.000000 0.000000 1.000000
0.309808 0.950783 0.005524 0.000000 -0.947725 0.309268 -0.078548 23.160299 -0.076390 0.019099 0.996895 -0.000000 0.000000 0.000000 0.000000 1.000000
0.419427 0.907678 0.014243 0.000000 -0.904849 0.419278 -0.073845 23.160299 -0.072999 0.018085 0.997168 0.000000 0.000000 0.000000 0.000000 1.000000
0.562235 0.826630 0.023975 0.000000 -0.824120 0.562465 -0.066776 23.160299 -0.068685 0.017785 0.997480 0.000000 0.000000 0.000000 0.000000 1.000000
0.704325 0.709185 0.031352 -0.000000 -0.706995 0.704757 -0.058959 23.160299 -0.063908 0.019360 0.997768 0.000000 0.000000 0.000000 0.000000 1.000000
0.818912 0.572875 0.034599 0.000000 -0.570905 0.819300 -0.053054 23.160299 -0.058741 0.023694 0.997992 0.000000 0.000000 0.000000 0.000000 1.000000
0.893360 0.448107 0.033297 0.000000 -0.446225 0.893437 -0.051521 23.160299 -0.052836 0.031169 0.998117 0.000000 0.000000 0.000000 0.000000 1.000000
0.928693 0.369841 0.027325 0.000000 -0.368020 0.928188 -0.055028 23.160299 -0.045714 0.041048 0.998111 0.000000 0.000000 0.000000 0.000000 1.000000
0.933434 0.358363 0.016657 -0.000000 -0.356795 0.932186 -0.061044 23.160299 -0.037404 0.051037 0.997996 0.000000 0.000000 0.000000 0.000000 1.000000
0.933296 0.359081 0.004337 0.000000 -0.358004 0.931308 -0.067074 23.160299 -0.028124 0.061047 0.997739 0.000000 0.000000 0.000000 0.000000 1.000000
0.933230 0.359139 -0.010055 0.000000 -0.358908 0.930629 -0.071521 23.160299 -0.016328 0.070354 0.997388 0.000000 0.000000 0.000000 0.000000 1.000000
0.933116 0.358627 -0.026096 0.000000 -0.359563 0.930013 -0.076098 23.160299 -0.003022 0.080391 0.996759 0.000000 0.000000 0.000000 0.000000 1.000000
0.932819 0.357776 -0.042958 -0.000000 -0.360173 0.929409 -0.080463 23.160299 0.011138 0.090529 0.995831 0.000000 0.000000 0.000000 0.000000 1.000000
0.932288 0.356721 -0.059917 0.000000 -0.360825 0.928773 -0.084776 23.160299 0.025407 0.100655 0.994597 -0.000000 0.000000 0.000000 0.000000 1.000000
0.931522 0.355604 -0.076246 0.000000 -0.361584 0.928063 -0.089194 23.160299 0.039044 0.110655 0.993092 0.000000 0.000000 0.000000 0.000000 1.000000
0.930571 0.354564 -0.091231 0.000000 -0.362499 0.927246 -0.093863 23.160299 0.051313 0.120417 0.991396 -0.000000 0.000000 0.000000 0.000000 1.000000
0.929525 0.353742 -0.104159 0.000000 -0.363596 0.926289 -0.098928 23.160299 0.061487 0.129828 0.989628 -0.000000 0.000000 0.000000 0.000000 1.000000
0.948180 0.294291 -0.119784 -0.000000 -0.306358 0.946751 -0.099030 23.160299 0.084262 0.130595 0.987849 0.000000 0.000000 0.000000 0.000000 1.000000
0.923659 0.363863 -0.120243 0.000000 -0.376801 0.919503 -0.111961 23.160299 0.069825 0.148721 0.986411 -0.000000 0.000000 0.000000 0.000000 1.000000
0.927228 0.353995 -0.122213 0.000000 -0.367754 0.922335 -0.118558 23.160299 0.070753 0.154875 0.985397 -0.000000 0.000000 0.000000 0.000000 1.000000
0.936185 0.334082 -0.109302 -0.000000 -0.346677 0.928922 -0.130072 23.160299 0.058078 0.159664 0.985462 0.000000 0.000000 0.000000 0.000000 1.000000
0.946212 0.308404 -0.097825 0.000000 -0.319720 0.937625 -0.136524 23.160299 0.049619 0.160457 0.985795 0.000000 0.000000 0.000000 0.000000 1.000000
0.936916 0.335537 -0.097993 0.000000 -0.346909 0.926963 -0.142809 23.160299 0.042918 0.167795 0.984887 -0.000000 0.000000 0.000000 0.000000 1.000000
0.926872 0.366445 -0.081405 0.000000 -0.374979 0.913848 -0.155798 23.160299 0.017300 0.174930 0.984429 0.000000 0.000000 0.000000 0.000000 1.000000
0.937101 0.344384 -0.056932 0.000000 -0.349041 0.922889 -0.162623 23.160299 -0.003463 0.172266 0.985044 -0.000000 0.000000 0.000000 0.000000 1.000000
0.940812 0.336115 -0.043593 -0.000000 -0.338506 0.925401 -0.170433 23.160299 -0.016944 0.175102 0.984404 0.000000 0.000000 0.000000 0.000000 1.000000
0.955237 0.294179 -0.031315 0.000000 -0.295231 0.941115 -0.164743 23.160299 -0.018993 0.166614 0.985839 0.000000 0.000000 0.000000 0.000000 1.000000
0.933143 0.359494 -0.002727 0.000000 -0.353735 0.916787 -0.185400 23.160299 -0.064150 0.173970 0.982659 0.000000 0.000000 0.000000 0.000000 1.000000
0.919662 0.392704 0.002312 0.000000 -0.385447 0.903763 -0.186125 23.160299 -0.075181 0.170281 0.982523 0.000000 0.000000 0.000000 0.000000 1.000000
0.841355 0.538730 0.043493 0.000000 -0.510766 0.818833 -0.261976 23.160299 -0.176747 0.198200 0.964094 0.000000 0.000000 0.000000 0.000000 1.000000
0.728313 0.685011 0.017882 0.000000 -0.644645 0.693777 -0.321102 23.160299 -0.232364 0.222335 0.946876 0.000000 0.000000 0.000000 0.000000 1.000000
0.482940 0.869589 -0.102882 0.000000 -0.832606 0.419632 -0.361493 23.160299 -0.271177 0.260239 0.926681 0.000000 0.000000 0.000000 0.000000 1.000000
0.177609 0.949920 -0.257114 0.000000 -0.930979 0.077507 -0.356750 23.160299 -0.318956 0.302729 0.898121 0.000000 0.000000 0.000000 0.000000 1.000000
-0.032571 0.918832 -0.393303 0.000000 -0.925035 -0.176730 -0.336270 23.160299 -0.378484 0.352866 0.855707 0.000000 0.000000 0.000000 0.000000 1.000000
-0.103719 0.863290 -0.493935 0.000000 -0.887352 -0.304644 -0.346120 23.160299 -0.449277 0.402395 0.797640 -0.000000 0.000000 0.000000 0.000000 1.000000
-0.031056 0.816537 -0.576456 0.000000 -0.853706 -0.321618 -0.409571 23.160299 -0.519829 0.479404 0.707071 0.000000 0.000000 0.000000 0.000000 1.000000
0.201482 0.735185 -0.647231 -0.000000 -0.783609 -0.275471 -0.556841 23.160299 -0.587675 0.619370 0.520595 -0.000000 0.000000 0.000000 0.000000 1.000000
0.432283 0.619908 -0.654863 0.000000 -0.676339 -0.257424 -0.690144 23.160299 -0.596403 0.741247 0.307987 -0.000000 0.000000 0.000000 0.000000 1.000000
0.535053 0.575734 -0.618262 0.000000 -0.635772 -0.207524 -0.743456 23.160299 -0.556338 0.790863 0.254999 0.000000 0.000000 0.000000 0.000000 1.000000
0.570733 0.587489 -0.573691 0.000000 -0.627815 -0.138112 -0.766012 23.160299 -0.529257 0.797359 0.290009 0.000000 0.000000 0.000000 0.000000 1.000000
0.583976 0.610308 -0.535254 0.000000 -0.603381 -0.114757 -0.789153 23.160299 -0.543051 0.783808 0.301232 0.000000 0.000000 0.000000 0.000000 1.000000
0.598150 0.643798 -0.477222 0.000000 -0.538980 -0.117509 -0.834082 23.160299 -0.593058 0.756119 0.276706 0.000000 0.000000 0.000000 0.000000 1.000000
0.565364 0.678364 -0.469240 0.000000 -0.531954 -0.134909 -0.835957 23.160299 -0.630388 0.722234 0.284585 0.000000 0.000000 0.000000 0.000000 1.000000
0.482539 0.707727 -0.516022 0.000000 -0.575065 -0.188385 -0.796123 23.160299 -0.660648 0.680907 0.316085 0.000000 0.000000 0.000000 0.000000 1.000000
0.397651 0.731486 -0.553897 0.000000 -0.618918 -0.231815 -0.750468 23.160299 -0.677358 0.641242 0.360548 -0.000000 0.000000 0.000000 0.000000 1.000000
0.324285 0.743705 -0.584587 0.000000 -0.644879 -0.278321 -0.711807 23.160299 -0.692077 0.607816 0.389344 0.000000 0.000000 0.000000 0.000000 1.000000
0.250156 0.742614 -0.621246 0.000000 -0.661145 -0.337737 -0.669941 23.160299 -0.707325 0.578324 0.406489 0.000000 0.000000 0.000000 0.000000 1.000000
0.209336 0.776083 -0.594873 0.000000 -0.670242 -0.329087 -0.665190 23.160299 -0.712008 0.537957 0.451273 0.000000 0.000000 0.000000 0.000000 1.000000
0.161453 0.811330 -0.561851 0.000000 -0.710205 -0.299781 -0.636977 23.160299 -0.685231 0.501872 0.527810 0.000000 0.000000 0.000000 0.000000 1.000000
0.182383 0.788399 -0.587506 0.000000 -0.702150 -0.313841 -0.639131 23.160299 -0.688274 0.529084 0.496335 -0.000000 0.000000 0.000000 0.000000 1.000000
0.218740 0.735368 -0.641394 0.000000 -0.678973 -0.357386 -0.641304 23.160299 -0.700820 0.575768 0.421121 0.000000 0.000000 0.000000 0.000000 1.000000
0.191462 0.711493 -0.676106 0.000000 -0.713377 -0.372242 -0.593742 23.160299 -0.674119 0.595997 0.436292 0.000000 0.000000 0.000000 0.000000 1.000000
0.177222 0.709174 -0.682396 0.000000 -0.751258 -0.350435 -0.559292 23.160299 -0.635771 0.611774 0.470668 0.000000 0.000000 0.000000 0.000000 1.000000
0.210763 0.713416 -0.668294 0.000000 -0.752343 -0.318122 -0.576870 23.160299 -0.624147 0.624369 0.469685 0.000000 0.000000 0.000000 0.000000 1.000000
0.242105 0.723651 -0.646308 0.000000 -0.757504 -0.275262 -0.591961 23.160299 -0.606277 0.632898 0.481527 0.000000 0.000000 0.000000 0.000000 1.000000
0.234901 0.739219 -0.631171 0.000000 -0.781551 -0.242437 -0.574807 23.160299 -0.577928 0.628314 0.520789 0.000000 0.000000 0.000000 0.000000 1.000000
0.223668 0.747911 -0.624982 0.000000 -0.788206 -0.238391 -0.567364 23.160299 -0.573328 0.619515 0.536187 -0.000000 0.000000 0.000000 0.000000 1.000000
0.215752 0.751652 -0.623274 0.000000 -0.789225 -0.241614 -0.564577 23.160299 -0.574957 0.613711 0.541094 0.000000 0.000000 0.000000 0.000000 1.000000
0.216251 0.746351 -0.629441 0.000000 -0.784114 -0.251359 -0.567436 23.160299 -0.581722 0.616263 0.530867 0.000000 0.000000 0.000000 0.000000 1.000000
0.223080 0.738198 -0.636631 -0.000000 -0.776834 -0.259898 -0.573569 23.160299 -0.588867 0.622508 0.515479 0.000000 0.000000 0.000000 0.000000 1.000000
0.231558 0.726330 -0.647167 0.000000 -0.768217 -0.271618 -0.579713 23.160299 -0.596845 0.631402 0.495083 0.000000 0.000000 0.000000 0.000000 1.000000
0.249221 0.712653 -0.655755 0.000000 -0.755435 -0.280630 -0.592085 23.160299 -0.605976 0.642940 0.468424 0.000000 0.000000 0.000000 0.000000 1.000000
0.254684 0.698372 -0.668889 0.000000 -0.754274 -0.289391 -0.589342 23.160299 -0.605150 0.654621 0.453060 -0.000000 0.000000 0.000000 0.000000 1.000000
0.267254 0.678869 -0.683895 0.000000 -0.747620 -0.301703 -0.591642 23.160299 -0.607981 0.669412 0.426904 -0.000000 0.000000 0.000000 0.000000 1.000000
0.269549 0.666967 -0.694621 0.000000 -0.750594 -0.306372 -0.585444 23.160299 -0.603284 0.679185 0.418039 0.000000 0.000000 0.000000 0.000000 1.000000
0.286801 0.653437 -0.700546 -0.000000 -0.740232 -0.313035 -0.595034 23.160299 -0.608113 0.689223 0.393917 -0.000000 0.000000 0.000000 0.000000 1.000000
0.295894 0.647171 -0.702578 0.000000 -0.732931 -0.317866 -0.601476 23.160299 -0.612583 0.692915 0.380277 -0.000000 0.000000 0.000000 0.000000 1.000000
0.312483 0.643008 -0.699210 0.000000 -0.723282 -0.316118 -0.613949 23.160299 -0.615807 0.697574 0.366295 -0.000000 0.000000 0.000000 0.000000 1.000000
0.327303 0.642946 -0.692455 -0.000000 -0.717333 -0.307941 -0.624985 23.160299 -0.615066 0.701280 0.360416 0.000000 0.000000 0.000000 0.000000 1.000000
0.333913 0.643941 -0.688362 0.000000 -0.717594 -0.299861 -0.628603 23.160299 -0.611196 0.703863 0.361961 0.000000 0.000000 0.000000 0.000000 1.000000
0.331246 0.645195 -0.688476 0.000000 -0.726433 -0.291264 -0.622463 23.160299 -0.602138 0.706320 0.372211 -0.000000 0.000000 0.000000 0.000000 1.000000
0.325779 0.646601 -0.689765 -0.000000 -0.737862 -0.282264 -0.613096 23.160299 -0.591124 0.708685 0.385146 -0.000000 0.000000 0.000000 0.000000 1.000000
0.321342 0.647110 -0.691366 0.000000 -0.746769 -0.275775 -0.605215 23.160299 -0.582302 0.710772 0.394623 0.000000 0.000000 0.000000 0.000000 1.000000
0.321116 0.646122 -0.692395 0.000000 -0.753231 -0.268915 -0.600274 23.160299 -0.574045 0.714291 0.400326 0.000000 0.000000 0.000000 0.000000 1.000000
0.318917 0.648984 -0.690733 -0.000000 -0.757788 -0.263122 -0.597096 23.160299 -0.569253 0.713853 0.407878 0.000000 0.000000 0.000000 0.000000 1.000000
0.327290 0.644649 -0.690875 0.000000 -0.756976 -0.258743 -0.600034 23.160299 -0.565570 0.719361 0.403300 0.000000 0.000000 0.000000 0.000000 1.000000
0.327205 0.643950 -0.691567 0.000000 -0.754826 -0.262169 -0.601253 23.160299 -0.568484 0.718746 0.400287 0.000000 0.000000 0.000000 0.000000 1.000000
0.333137 0.636483 -0.695636 -0.000000 -0.754193 -0.262903 -0.601727 23.160299 -0.565873 0.725101 0.392448 0.000000 0.000000 0.000000 0.000000 1.000000
0.328808 0.634583 -0.699421 -0.000000 -0.755780 -0.267271 -0.597798 23.160299 -0.566288 0.725169 0.391724 -0.000000 0.000000 0.000000 0.000000 1.000000</float_array>
        <technique_common>
          <accessor source="#mixamorig_RightForeArm-Matrix-animation-output-transform-array" count="79" stride="16">
            <param type="float4x4"/>
          </accessor>
        </technique_common>
      </source>
      <source id="mixamorig_RightForeArm-Interpolations">
        <Name_array id="mixamorig_RightForeArm-Interpolations-array" count="79">
 LINEAR LINEAR LINEAR LINEAR LINEAR LINEAR LINEAR LINEAR LINEAR LINEAR LINEAR
LINEAR LINEAR LINEAR LINEAR LINEAR LINEAR LINEAR LINEAR LINEAR LINEAR LINEAR LINEAR
LINEAR LINEAR LINEAR LINEAR LINEAR LINEAR LINEAR LINEAR LINEAR LINEAR LINEAR LINEAR
LINEAR LINEAR LINEAR LINEAR LINEAR LINEAR LINEAR LINEAR LINEAR LINEAR LINEAR LINEAR
LINEAR LINEAR LINEAR LINEAR LINEAR LINEAR LINEAR LINEAR LINEAR LINEAR LINEAR LINEAR
LINEAR LINEAR LINEAR LINEAR LINEAR LINEAR LINEAR LINEAR LINEAR LINEAR LINEAR LINEAR
LINEAR LINEAR LINEAR LINEAR LINEAR LINEAR LINEAR LINEAR</Name_array>
        <technique_common>
          <accessor source="#mixamorig_RightForeArm-Interpolations-array" count="79">
            <param type="name"/>
          </accessor>
        </technique_common>
      </source>
      <sampler id="mixamorig_RightForeArm-Matrix-animation-transform">
        <input semantic="INPUT" source="#mixamorig_RightForeArm-Matrix-animation-input"/>
        <input semantic="OUTPUT" source="#mixamorig_RightForeArm-Matrix-animation-output-transform"/>
        <input semantic="INTERPOLATION" source="#mixamorig_RightForeArm-Interpolations"/>
      </sampler>
      <channel source="#mixamorig_RightForeArm-Matrix-animation-transform" target="mixamorig_RightForeArm/matrix"/>
    </animation>
    <animation id="mixamorig_RightHand-anim" name="mixamorig_RightHand">
      <source id="mixamorig_RightHand-Matrix-animation-input">
        <float_array id="mixamorig_RightHand-Matrix-animation-input-array" count="79">

0.000000 0.033333 0.066667 0.100000 0.133333 0.166667 0.200000 0.233333 0.266667 0.300000 0.333333 0.366667 0.400000 0.433333 0.466667 0.500000
0.533333 0.566667 0.600000 0.633333 0.666667 0.700000 0.733333 0.766667 0.800000 0.833333 0.866667 0.900000 0.933333 0.966667 1.000000 1.033333
1.066667 1.100000 1.133333 1.166667 1.200000 1.233333 1.266667 1.300000 1.333333 1.366667 1.400000 1.433333 1.466667 1.500000 1.533333 1.566667
1.600000 1.633333 1.666667 1.700000 1.733333 1.766667 1.800000 1.833333 1.866667 1.900000 1.933333 1.966667 2.000000 2.033333 2.066667 2.100000
2.133333 2.166667 2.200000 2.233333 2.266667 2.300000 2.333333 2.366667 2.400000 2.433333 2.466667 2.500000 2.533333 2.566667 2.600000</float_array>
        <technique_common>
          <accessor source="#mixamorig_RightHand-Matrix-animation-input-array" count="79">
            <param name="TIME" type="float"/>
          </accessor>
        </technique_common>
      </source>
      <source id="mixamorig_RightHand-Matrix-animation-output-transform">
        <float_array id="mixamorig_RightHand-Matrix-animation-output-transform-array" count="1264">

0.884658 0.464487 -0.040401 0.000000 -0.464573 0.870855 -0.160573 24.071699 -0.039401 0.160821 0.986197 0.000000 0.000000 0.000000 0.000000 1.000000
0.890240 0.452851 -0.048979 0.000000 -0.454478 0.875936 -0.161818 24.071699 -0.030377 0.166317 0.985604 -0.000000 0.000000 0.000000 0.000000 1.000000
0.904169 0.420951 -0.072655 0.000000 -0.427141 0.888768 -0.166257 24.071699 -0.005412 0.181358 0.983402 0.000000 0.000000 0.000000 0.000000 1.000000
0.921434 0.373096 -0.108433 -0.000000 -0.387161 0.905138 -0.175588 24.071699 0.032636 0.203774 0.978474 0.000000 0.000000 0.000000 0.000000 1.000000
0.937107 0.313808 -0.152826 0.000000 -0.339584 0.920917 -0.191297 24.071699 0.080710 0.231163 0.969562 0.000000 0.000000 0.000000 0.000000 1.000000
0.947532 0.248128 -0.201536 -0.000000 -0.289750 0.932954 -0.213641 24.071699 0.135013 0.260826 0.955898 0.000000 0.000000 0.000000 0.000000 1.000000
0.951124 0.181698 -0.249696 0.000000 -0.242797 0.939642 -0.241087 24.071699 0.190820 0.289929 0.937832 0.000000 0.000000 0.000000 0.000000 1.000000
0.948647 0.120564 -0.292460 0.000000 -0.202952 0.941131 -0.270337 24.071699 0.242651 0.315810 0.917270 0.000000 0.000000 0.000000 0.000000 1.000000
0.942294 0.067451 -0.327922 0.000000 -0.171135 0.938897 -0.298638 24.071699 0.287741 0.337523 0.896260 0.000000 0.000000 0.000000 0.000000 1.000000
0.932099 -0.011991 -0.362005 0.000000 -0.120383 0.932378 -0.340849 24.071699 0.341613 0.361285 0.867625 -0.000000 0.000000 0.000000 0.000000 1.000000
0.914227 -0.052617 -0.401772 0.000000 -0.109347 0.922711 -0.369659 24.071699 0.390170 0.381885 0.837813 0.000000 0.000000 0.000000 0.000000 1.000000
0.895751 -0.107048 -0.431475 0.000000 -0.086549 0.910011 -0.405449 24.071699 0.436049 0.400525 0.805879 -0.000000 0.000000 0.000000 0.000000 1.000000
0.880352 -0.147112 -0.450931 0.000000 -0.071840 0.898365 -0.433335 24.071699 0.468849 0.413882 0.780309 0.000000 0.000000 0.000000 0.000000 1.000000
0.873730 -0.164955 -0.457587 0.000000 -0.064721 0.892950 -0.445479 24.071699 0.482086 0.418843 0.769521 -0.000000 0.000000 0.000000 0.000000 1.000000
0.882107 -0.167258 -0.440355 0.000000 -0.050269 0.896074 -0.441049 24.071699 0.468360 0.411189 0.782025 0.000000 0.000000 0.000000 0.000000 1.000000
0.903719 -0.166498 -0.394424 -0.000000 -0.017573 0.906078 -0.422746 24.071699 0.427765 0.388975 0.815914 -0.000000 0.000000 0.000000 0.000000 1.000000
0.931327 -0.159430 -0.327432 -0.000000 0.022303 0.922366 -0.385673 24.071699 0.363500 0.351885 0.862580 0.000000 0.000000 0.000000 0.000000 1.000000
0.960189 -0.104744 -0.258972 0.000000 0.012420 0.942134 -0.335005 24.071699 0.279076 0.318452 0.905928 0.000000 0.000000 0.000000 0.000000 1.000000
0.974760 -0.157207 -0.158518 0.000000 0.110374 0.956538 -0.269913 24.071699 0.194061 0.245604 0.949747 0.000000 0.000000 0.000000 0.000000 1.000000
0.985360 -0.154946 -0.071112 0.000000 0.139290 0.972194 -0.188248 24.071699 0.098303 0.175587 0.979544 -0.000000 0.000000 0.000000 0.000000 1.000000
0.987233 -0.159223 0.004314 0.000000 0.158596 0.980110 -0.119300 24.071699 0.014767 0.118461 0.992849 0.000000 0.000000 0.000000 0.000000 1.000000
0.986348 -0.157578 0.047823 -0.000000 0.160312 0.985238 -0.060055 24.071699 -0.037654 0.066901 0.997049 0.000000 0.000000 0.000000 0.000000 1.000000
0.981090 -0.181451 0.067367 0.000000 0.180219 0.983334 0.023984 24.071699 -0.070596 -0.011390 0.997440 0.000000 0.000000 0.000000 0.000000 1.000000
0.974719 -0.210483 0.074969 -0.000000 0.201755 0.973297 0.109487 24.071699 -0.096012 -0.091594 0.991157 0.000000 0.000000 0.000000 0.000000 1.000000
0.974296 -0.212894 0.073649 0.000000 0.198411 0.965787 0.166996 24.071699 -0.106682 -0.148091 0.983203 -0.000000 0.000000 0.000000 0.000000 1.000000
0.969491 -0.238679 0.055849 0.000000 0.220679 0.949033 0.225027 24.071699 -0.106712 -0.205837 0.972751 0.000000 0.000000 0.000000 0.000000 1.000000
0.969822 -0.242218 0.027841 0.000000 0.228698 0.943327 0.240481 24.071699 -0.084512 -0.226856 0.970255 0.000000 0.000000 0.000000 0.000000 1.000000
0.966222 -0.256666 -0.023204 0.000000 0.255839 0.944462 0.206248 24.071699 -0.031022 -0.205218 0.978225 0.000000 0.000000 0.000000 0.000000 1.000000
0.961590 -0.257490 -0.095098 0.000000 0.268947 0.953093 0.138855 24.071699 0.054883 -0.159098 0.985736 0.000000 0.000000 0.000000 0.000000 1.000000
0.946601 -0.270491 -0.175445 0.000000 0.283601 0.957417 0.054059 24.071699 0.153352 -0.100929 0.983004 0.000000 0.000000 0.000000 0.000000 1.000000
0.925601 -0.285950 -0.247983 0.000000 0.286215 0.957497 -0.035787 24.071699 0.247676 -0.037852 0.968103 0.000000 0.000000 0.000000 0.000000 1.000000
0.900063 -0.298368 -0.317590 0.000000 0.273648 0.954199 -0.120916 24.071699 0.339122 0.021924 0.940487 -0.000000 0.000000 0.000000 0.000000 1.000000
0.865118 -0.313695 -0.391364 -0.000000 0.272624 0.949048 -0.158062 24.071699 0.421006 0.030047 0.906560 0.000000 0.000000 0.000000 0.000000 1.000000
0.822407 -0.339783 -0.456284 0.000000 0.281988 0.940055 -0.191778 24.071699 0.494095 0.029053 0.868922 0.000000 0.000000 0.000000 0.000000 1.000000
0.779864 -0.371937 -0.503463 0.000000 0.295036 0.927787 -0.228398 24.071699 0.552055 0.029580 0.833283 -0.000000 0.000000 0.000000 0.000000 1.000000
0.751474 -0.392855 -0.530049 0.000000 0.300802 0.919045 -0.254706 24.071699 0.587201 0.031966 0.808810 0.000000 0.000000 0.000000 0.000000 1.000000
0.787743 -0.376185 -0.487798 0.000000 0.317149 0.926533 -0.202370 24.071699 0.528089 0.004710 0.849176 -0.000000 0.000000 0.000000 0.000000 1.000000
0.849512 -0.313976 -0.423968 0.000000 0.290519 0.949209 -0.120835 24.071699 0.440373 -0.020519 0.897580 -0.000000 0.000000 0.000000 0.000000 1.000000
0.906620 -0.267064 -0.326675 0.000000 0.221181 0.960111 -0.171070 24.071699 0.359331 0.082841 0.929526 0.000000 0.000000 0.000000 0.000000 1.000000
0.904096 -0.269324 -0.331776 0.000000 0.172370 0.940269 -0.293568 24.071699 0.391024 0.208226 0.896517 0.000000 0.000000 0.000000 0.000000 1.000000
0.858285 -0.328044 -0.394631 0.000000 0.192049 0.918449 -0.345788 24.071699 0.475882 0.220996 0.851292 -0.000000 0.000000 0.000000 0.000000 1.000000
0.795778 -0.366967 -0.481739 0.000000 0.206628 0.912285 -0.353611 24.071699 0.569247 0.181855 0.801802 -0.000000 0.000000 0.000000 0.000000 1.000000
0.760066 -0.363081 -0.538954 -0.000000 0.205084 0.920992 -0.331230 24.071699 0.616636 0.141226 0.774477 -0.000000 0.000000 0.000000 0.000000 1.000000
0.755765 -0.360669 -0.546568 0.000000 0.214285 0.924914 -0.314030 24.071699 0.618790 0.120212 0.776304 0.000000 0.000000 0.000000 0.000000 1.000000
0.786567 -0.333810 -0.519502 0.000000 0.199226 0.933488 -0.298175 24.071699 0.584483 0.131036 0.800755 0.000000 0.000000 0.000000 0.000000 1.000000
0.816147 -0.298246 -0.494928 -0.000000 0.178322 0.944698 -0.275222 24.071699 0.549641 0.136365 0.824196 0.000000 0.000000 0.000000 0.000000 1.000000
0.838204 -0.273940 -0.471562 0.000000 0.182312 0.955691 -0.231120 24.071699 0.513980 0.107754 0.851007 0.000000 0.000000 0.000000 0.000000 1.000000
0.856327 -0.277851 -0.435319 0.000000 0.156268 0.942826 -0.294379 24.071699 0.492224 0.184058 0.850787 0.000000 0.000000 0.000000 0.000000 1.000000
0.893205 -0.272718 -0.357506 -0.000000 0.130684 0.918203 -0.373932 24.071699 0.430241 0.287278 0.855783 0.000000 0.000000 0.000000 0.000000 1.000000
0.893481 -0.236550 -0.381754 -0.000000 0.097019 0.931634 -0.350206 24.071699 0.438497 0.275865 0.855347 0.000000 0.000000 0.000000 0.000000 1.000000
0.868434 -0.188880 -0.458417 0.000000 0.064724 0.959869 -0.272878 24.071699 0.491561 0.207306 0.845808 0.000000 0.000000 0.000000 0.000000 1.000000
0.875884 -0.133261 -0.463755 0.000000 0.036981 0.976820 -0.210846 24.071699 0.481102 0.167526 0.860509 -0.000000 0.000000 0.000000 0.000000 1.000000
0.891690 -0.084723 -0.444647 0.000000 -0.000900 0.981993 -0.188914 24.071699 0.452646 0.168853 0.875557 0.000000 0.000000 0.000000 0.000000 1.000000
0.880776 -0.080453 -0.466649 0.000000 -0.023235 0.976932 -0.212283 24.071699 0.472963 0.197817 0.858589 0.000000 0.000000 0.000000 0.000000 1.000000
0.873831 -0.071346 -0.480968 0.000000 -0.059535 0.966034 -0.251464 24.071699 0.482572 0.248371 0.839902 0.000000 0.000000 0.000000 0.000000 1.000000
0.880930 -0.063691 -0.468942 0.000000 -0.085361 0.953265 -0.289825 24.071699 0.465485 0.295345 0.834323 0.000000 0.000000 0.000000 0.000000 1.000000
0.877545 -0.084598 -0.471973 0.000000 -0.081251 0.943842 -0.320249 24.071699 0.472560 0.319382 0.821390 0.000000 0.000000 0.000000 0.000000 1.000000
0.870046 -0.087688 -0.485108 0.000000 -0.087952 0.940653 -0.327775 24.071699 0.485061 0.327846 0.810699 0.000000 0.000000 0.000000 0.000000 1.000000
0.862397 -0.092394 -0.497730 -0.000000 -0.084989 0.942824 -0.322273 24.071699 0.499048 0.320229 0.805236 0.000000 0.000000 0.000000 0.000000 1.000000
0.859470 -0.086104 -0.503882 0.000000 -0.085411 0.947667 -0.307623 24.071699 0.503999 0.307430 0.807138 -0.000000 0.000000 0.000000 0.000000 1.000000
0.857948 -0.078073 -0.507770 0.000000 -0.080325 0.955843 -0.282688 24.071699 0.507418 0.283318 0.813792 0.000000 0.000000 0.000000 0.000000 1.000000
0.853376 -0.067009 -0.516972 0.000000 -0.077206 0.964521 -0.252465 24.071699 0.515548 0.255361 0.817925 0.000000 0.000000 0.000000 0.000000 1.000000
0.858398 -0.046612 -0.510862 0.000000 -0.077580 0.972613 -0.219101 24.071699 0.507084 0.227709 0.831273 -0.000000 0.000000 0.000000 0.000000 1.000000
0.861875 -0.023857 -0.506560 0.000000 -0.075129 0.981863 -0.174070 24.071699 0.501525 0.188084 0.844451 0.000000 0.000000 0.000000 0.000000 1.000000
0.868158 -0.010467 -0.496177 0.000000 -0.072477 0.986385 -0.147620 24.071699 0.490966 0.164119 0.855580 0.000000 0.000000 0.000000 0.000000 1.000000
0.865513 -0.001570 -0.500884 0.000000 -0.064710 0.991264 -0.114923 24.071699 0.496689 0.131880 0.857850 0.000000 0.000000 0.000000 0.000000 1.000000
0.860446 -0.004964 -0.509517 0.000000 -0.053413 0.993565 -0.099881 24.071699 0.506734 0.113157 0.854644 0.000000 0.000000 0.000000 0.000000 1.000000
0.849855 -0.006330 -0.526978 0.000000 -0.048675 0.994711 -0.090445 24.071699 0.524764 0.102516 0.845052 0.000000 0.000000 0.000000 0.000000 1.000000
0.843001 -0.003737 -0.537900 0.000000 -0.047171 0.995610 -0.080843 24.071699 0.535840 0.093524 0.839124 0.000000 0.000000 0.000000 0.000000 1.000000
0.838907 -0.006040 -0.544241 -0.000000 -0.044102 0.995896 -0.079033 24.071699 0.542485 0.090303 0.835198 0.000000 0.000000 0.000000 0.000000 1.000000
0.841472 -0.005841 -0.540269 0.000000 -0.042414 0.996142 -0.076829 24.071699 0.538633 0.087565 0.837978 0.000000 0.000000 0.000000 0.000000 1.000000
0.845532 -0.009364 -0.533843 0.000000 -0.037925 0.996268 -0.077542 24.071699 0.532576 0.085810 0.842021 0.000000 0.000000 0.000000 0.000000 1.000000
0.847306 -0.016047 -0.530863 0.000000 -0.031050 0.996337 -0.079676 24.071699 0.530197 0.083994 0.843704 0.000000 0.000000 0.000000 0.000000 1.000000
0.848756 -0.018534 -0.528460 0.000000 -0.024852 0.996883 -0.074876 24.071699 0.528200 0.076685 0.845650 0.000000 0.000000 0.000000 0.000000 1.000000
0.847280 -0.024680 -0.530572 0.000000 -0.019815 0.996756 -0.078007 24.071699 0.530776 0.076607 0.844042 0.000000 0.000000 0.000000 0.000000 1.000000
0.846044 -0.020176 -0.532731 0.000000 -0.017999 0.997633 -0.066368 24.071699 0.532809 0.065739 0.843678 0.000000 0.000000 0.000000 0.000000 1.000000
0.839745 -0.028532 -0.542231 0.000000 -0.010103 0.997625 -0.068141 24.071699 0.542887 0.062700 0.837462 0.000000 0.000000 0.000000 0.000000 1.000000
0.839604 -0.021842 -0.542760 0.000000 -0.008148 0.998572 -0.052789 24.071699 0.543138 0.048745 0.838227 -0.000000 0.000000 0.000000 0.000000 1.000000
0.835330 -0.028972 -0.548985 0.000000 0.000425 0.998644 -0.052056 24.071699 0.549749 0.043251 0.834209 0.000000 0.000000 0.000000 0.000000 1.000000</float_array>
        <technique_common>
          <accessor source="#mixamorig_RightHand-Matrix-animation-output-transform-array" count="79" stride="16">
            <param type="float4x4"/>
          </accessor>
        </technique_common>
      </source>
      <source id="mixamorig_RightHand-Interpolations">
        <Name_array id="mixamorig_RightHand-Interpolations-array" count="79">
 LINEAR LINEAR LINEAR LINEAR LINEAR LINEAR LINEAR LINEAR LINEAR LINEAR LINEAR
LINEAR LINEAR LINEAR LINEAR LINEAR LINEAR LINEAR LINEAR LINEAR LINEAR LINEAR LINEAR
LINEAR LINEAR LINEAR LINEAR LINEAR LINEAR LINEAR LINEAR LINEAR LINEAR LINEAR LINEAR
LINEAR LINEAR LINEAR LINEAR LINEAR LINEAR LINEAR LINEAR LINEAR LINEAR LINEAR LINEAR
LINEAR LINEAR LINEAR LINEAR LINEAR LINEAR LINEAR LINEAR LINEAR LINEAR LINEAR LINEAR
LINEAR LINEAR LINEAR LINEAR LINEAR LINEAR LINEAR LINEAR LINEAR LINEAR LINEAR LINEAR
LINEAR LINEAR LINEAR LINEAR LINEAR LINEAR LINEAR LINEAR</Name_array>
        <technique_common>
          <accessor source="#mixamorig_RightHand-Interpolations-array" count="79">
            <param type="name"/>
          </accessor>
        </technique_common>
      </source>
      <sampler id="mixamorig_RightHand-Matrix-animation-transform">
        <input semantic="INPUT" source="#mixamorig_RightHand-Matrix-animation-input"/>
        <input semantic="OUTPUT" source="#mixamorig_RightHand-Matrix-animation-output-transform"/>
        <input semantic="INTERPOLATION" source="#mixamorig_RightHand-Interpolations"/>
      </sampler>
      <channel source="#mixamorig_RightHand-Matrix-animation-transform" target="mixamorig_RightHand/matrix"/>
    </animation>
    <animation id="mixamorig_RightHandThumb1-anim" name="mixamorig_RightHandThumb1">
      <source id="mixamorig_RightHandThumb1-Matrix-animation-input">
        <float_array id="mixamorig_RightHandThumb1-Matrix-animation-input-array" count="79">

0.000000 0.033333 0.066667 0.100000 0.133333 0.166667 0.200000 0.233333 0.266667 0.300000 0.333333 0.366667 0.400000 0.433333 0.466667 0.500000
0.533333 0.566667 0.600000 0.633333 0.666667 0.700000 0.733333 0.766667 0.800000 0.833333 0.866667 0.900000 0.933333 0.966667 1.000000 1.033333
1.066667 1.100000 1.133333 1.166667 1.200000 1.233333 1.266667 1.300000 1.333333 1.366667 1.400000 1.433333 1.466667 1.500000 1.533333 1.566667
1.600000 1.633333 1.666667 1.700000 1.733333 1.766667 1.800000 1.833333 1.866667 1.900000 1.933333 1.966667 2.000000 2.033333 2.066667 2.100000
2.133333 2.166667 2.200000 2.233333 2.266667 2.300000 2.333333 2.366667 2.400000 2.433333 2.466667 2.500000 2.533333 2.566667 2.600000</float_array>
        <technique_common>
          <accessor source="#mixamorig_RightHandThumb1-Matrix-animation-input-array" count="79">
            <param name="TIME" type="float"/>
          </accessor>
        </technique_common>
      </source>
      <source id="mixamorig_RightHandThumb1-Matrix-animation-output-transform">
        <float_array id="mixamorig_RightHandThumb1-Matrix-animation-output-transform-array" count="1264">

0.976823 -0.093487 -0.192557 1.509000 -0.104942 0.574892 -0.811472 4.173400 0.186561 0.812871 0.551757 1.927000 0.000000 0.000000 0.000000 1.000000
0.976823 -0.093486 -0.192557 1.509000 -0.104942 0.574892 -0.811472 4.173400 0.186561 0.812871 0.551757 1.927000 0.000000 0.000000 0.000000 1.000000
0.976823 -0.093486 -0.192556 1.509000 -0.104942 0.574892 -0.811472 4.173400 0.186560 0.812871 0.551757 1.927000 0.000000 0.000000 0.000000 1.000000
0.976823 -0.093487 -0.192556 1.509000 -0.104942 0.574892 -0.811472 4.173400 0.186561 0.812871 0.551757 1.927000 0.000000 0.000000 0.000000 1.000000
0.976823 -0.093487 -0.192557 1.509000 -0.104942 0.574892 -0.811472 4.173400 0.186561 0.812871 0.551757 1.927000 0.000000 0.000000 0.000000 1.000000
0.976822 -0.093487 -0.192557 1.509000 -0.104942 0.574892 -0.811472 4.173400 0.186561 0.812871 0.551757 1.927000 0.000000 0.000000 0.000000 1.000000
0.976823 -0.093486 -0.192556 1.509000 -0.104942 0.574892 -0.811472 4.173400 0.186561 0.812871 0.551757 1.927000 0.000000 0.000000 0.000000 1.000000
0.976823 -0.093487 -0.192556 1.509000 -0.104942 0.574892 -0.811472 4.173400 0.186561 0.812871 0.551757 1.927000 0.000000 0.000000 0.000000 1.000000
0.976823 -0.093486 -0.192556 1.509000 -0.104942 0.574892 -0.811472 4.173400 0.186561 0.812871 0.551757 1.927000 0.000000 0.000000 0.000000 1.000000
0.976823 -0.093486 -0.192556 1.509000 -0.104942 0.574892 -0.811472 4.173400 0.186561 0.812871 0.551757 1.927000 0.000000 0.000000 0.000000 1.000000
0.976823 -0.093487 -0.192557 1.509000 -0.104942 0.574892 -0.811472 4.173400 0.186561 0.812871 0.551757 1.927000 0.000000 0.000000 0.000000 1.000000
0.976823 -0.093486 -0.192557 1.509000 -0.104942 0.574892 -0.811472 4.173400 0.186561 0.812871 0.551757 1.927000 0.000000 0.000000 0.000000 1.000000
0.976823 -0.093486 -0.192556 1.509000 -0.104942 0.574892 -0.811472 4.173400 0.186560 0.812871 0.551757 1.927000 0.000000 0.000000 0.000000 1.000000
0.976823 -0.093487 -0.192556 1.509000 -0.104941 0.574892 -0.811472 4.173400 0.186561 0.812871 0.551757 1.927000 0.000000 0.000000 0.000000 1.000000
0.976823 -0.093487 -0.192556 1.509000 -0.104941 0.574892 -0.811472 4.173400 0.186561 0.812871 0.551757 1.927000 0.000000 0.000000 0.000000 1.000000
0.976823 -0.093486 -0.192556 1.509000 -0.104942 0.574892 -0.811472 4.173400 0.186561 0.812871 0.551757 1.927000 0.000000 0.000000 0.000000 1.000000
0.976823 -0.093487 -0.192556 1.509000 -0.104942 0.574892 -0.811472 4.173400 0.186561 0.812871 0.551757 1.927000 0.000000 0.000000 0.000000 1.000000
0.976823 -0.093487 -0.192556 1.509000 -0.104942 0.574892 -0.811472 4.173400 0.186561 0.812871 0.551757 1.927000 0.000000 0.000000 0.000000 1.000000
0.976823 -0.093486 -0.192556 1.509000 -0.104942 0.574892 -0.811472 4.173400 0.186561 0.812871 0.551757 1.927000 0.000000 0.000000 0.000000 1.000000
0.976823 -0.093487 -0.192556 1.509000 -0.104942 0.574892 -0.811472 4.173400 0.186561 0.812871 0.551757 1.927000 0.000000 0.000000 0.000000 1.000000
0.976823 -0.093487 -0.192556 1.509000 -0.104942 0.574892 -0.811472 4.173400 0.186561 0.812871 0.551757 1.927000 0.000000 0.000000 0.000000 1.000000
0.976823 -0.093486 -0.192556 1.509000 -0.104942 0.574892 -0.811472 4.173400 0.186561 0.812871 0.551757 1.927000 0.000000 0.000000 0.000000 1.000000
0.976823 -0.093487 -0.192556 1.509000 -0.104942 0.574892 -0.811472 4.173400 0.186561 0.812871 0.551757 1.927000 0.000000 0.000000 0.000000 1.000000
0.976823 -0.093486 -0.192556 1.509000 -0.104942 0.574892 -0.811472 4.173400 0.186561 0.812871 0.551757 1.927000 0.000000 0.000000 0.000000 1.000000
0.976823 -0.093487 -0.192556 1.509000 -0.104941 0.574892 -0.811472 4.173400 0.186561 0.812871 0.551757 1.927000 0.000000 0.000000 0.000000 1.000000
0.976823 -0.093486 -0.192557 1.509000 -0.104942 0.574892 -0.811472 4.173400 0.186561 0.812871 0.551757 1.927000 0.000000 0.000000 0.000000 1.000000
0.976823 -0.093487 -0.192556 1.509000 -0.104941 0.574892 -0.811472 4.173400 0.186561 0.812871 0.551757 1.927000 0.000000 0.000000 0.000000 1.000000
0.976823 -0.093487 -0.192556 1.509000 -0.104942 0.574892 -0.811472 4.173400 0.186561 0.812871 0.551757 1.927000 0.000000 0.000000 0.000000 1.000000
0.976823 -0.093487 -0.192556 1.509000 -0.104942 0.574892 -0.811472 4.173400 0.186561 0.812871 0.551757 1.927000 0.000000 0.000000 0.000000 1.000000
0.976823 -0.093486 -0.192556 1.509000 -0.104942 0.574892 -0.811472 4.173400 0.186561 0.812871 0.551757 1.927000 0.000000 0.000000 0.000000 1.000000
0.976823 -0.093487 -0.192556 1.509000 -0.104942 0.574892 -0.811472 4.173400 0.186561 0.812871 0.551757 1.927000 0.000000 0.000000 0.000000 1.000000
0.976823 -0.093486 -0.192557 1.509000 -0.104942 0.574892 -0.811472 4.173400 0.186561 0.812871 0.551757 1.927000 0.000000 0.000000 0.000000 1.000000
0.976823 -0.093486 -0.192556 1.509000 -0.104942 0.574892 -0.811472 4.173400 0.186561 0.812871 0.551757 1.927000 0.000000 0.000000 0.000000 1.000000
0.976823 -0.093487 -0.192556 1.509000 -0.104942 0.574892 -0.811472 4.173400 0.186561 0.812871 0.551757 1.927000 0.000000 0.000000 0.000000 1.000000
0.976823 -0.093486 -0.192556 1.509000 -0.104942 0.574892 -0.811472 4.173400 0.186561 0.812871 0.551757 1.927000 0.000000 0.000000 0.000000 1.000000
0.976823 -0.093486 -0.192556 1.509000 -0.104942 0.574892 -0.811472 4.173400 0.186561 0.812871 0.551757 1.927000 0.000000 0.000000 0.000000 1.000000
0.976822 -0.093487 -0.192557 1.509000 -0.104942 0.574892 -0.811472 4.173400 0.186561 0.812871 0.551757 1.927000 0.000000 0.000000 0.000000 1.000000
0.976823 -0.093487 -0.192557 1.509000 -0.104942 0.574892 -0.811472 4.173400 0.186561 0.812871 0.551757 1.927000 0.000000 0.000000 0.000000 1.000000
0.976823 -0.093487 -0.192556 1.509000 -0.104942 0.574892 -0.811472 4.173400 0.186561 0.812871 0.551757 1.927000 0.000000 0.000000 0.000000 1.000000
0.976823 -0.093486 -0.192556 1.509000 -0.104942 0.574892 -0.811472 4.173400 0.186561 0.812871 0.551757 1.927000 0.000000 0.000000 0.000000 1.000000
0.976823 -0.093487 -0.192557 1.509000 -0.104942 0.574892 -0.811472 4.173400 0.186561 0.812871 0.551757 1.927000 0.000000 0.000000 0.000000 1.000000
0.976823 -0.093486 -0.192557 1.509000 -0.104942 0.574892 -0.811472 4.173400 0.186561 0.812871 0.551757 1.927000 0.000000 0.000000 0.000000 1.000000
0.976823 -0.093487 -0.192556 1.509000 -0.104942 0.574892 -0.811472 4.173400 0.186561 0.812871 0.551757 1.927000 0.000000 0.000000 0.000000 1.000000
0.976823 -0.093486 -0.192556 1.509000 -0.104942 0.574892 -0.811472 4.173400 0.186561 0.812871 0.551757 1.927000 0.000000 0.000000 0.000000 1.000000
0.976823 -0.093486 -0.192556 1.509000 -0.104942 0.574892 -0.811472 4.173400 0.186561 0.812871 0.551757 1.927000 0.000000 0.000000 0.000000 1.000000
0.976823 -0.093487 -0.192557 1.509000 -0.104942 0.574892 -0.811472 4.173400 0.186561 0.812871 0.551757 1.927000 0.000000 0.000000 0.000000 1.000000
0.976823 -0.093487 -0.192556 1.509000 -0.104942 0.574892 -0.811472 4.173400 0.186561 0.812871 0.551757 1.927000 0.000000 0.000000 0.000000 1.000000
0.976823 -0.093487 -0.192556 1.509000 -0.104942 0.574892 -0.811472 4.173400 0.186561 0.812871 0.551757 1.927000 0.000000 0.000000 0.000000 1.000000
0.976823 -0.093487 -0.192556 1.509000 -0.104942 0.574892 -0.811472 4.173400 0.186561 0.812871 0.551757 1.927000 0.000000 0.000000 0.000000 1.000000
0.976823 -0.093487 -0.192556 1.509000 -0.104942 0.574892 -0.811472 4.173400 0.186561 0.812871 0.551757 1.927000 0.000000 0.000000 0.000000 1.000000
0.976823 -0.093487 -0.192556 1.509000 -0.104942 0.574892 -0.811472 4.173400 0.186561 0.812871 0.551757 1.927000 0.000000 0.000000 0.000000 1.000000
0.976823 -0.093487 -0.192556 1.509000 -0.104942 0.574892 -0.811472 4.173400 0.186561 0.812871 0.551757 1.927000 0.000000 0.000000 0.000000 1.000000
0.976823 -0.093487 -0.192556 1.509000 -0.104941 0.574892 -0.811472 4.173400 0.186561 0.812871 0.551757 1.927000 0.000000 0.000000 0.000000 1.000000
0.976823 -0.093486 -0.192556 1.509000 -0.104942 0.574892 -0.811472 4.173400 0.186561 0.812871 0.551757 1.927000 0.000000 0.000000 0.000000 1.000000
0.976823 -0.093487 -0.192556 1.509000 -0.104942 0.574892 -0.811472 4.173400 0.186561 0.812871 0.551757 1.927000 0.000000 0.000000 0.000000 1.000000
0.976823 -0.093487 -0.192556 1.509000 -0.104942 0.574892 -0.811472 4.173400 0.186561 0.812871 0.551757 1.927000 0.000000 0.000000 0.000000 1.000000
0.976823 -0.093487 -0.192556 1.509000 -0.104942 0.574892 -0.811472 4.173400 0.186561 0.812871 0.551757 1.927000 0.000000 0.000000 0.000000 1.000000
0.976823 -0.093486 -0.192556 1.509000 -0.104942 0.574892 -0.811472 4.173400 0.186561 0.812871 0.551757 1.927000 0.000000 0.000000 0.000000 1.000000
0.976823 -0.093487 -0.192556 1.509000 -0.104941 0.574892 -0.811472 4.173400 0.186561 0.812871 0.551757 1.927000 0.000000 0.000000 0.000000 1.000000
0.976823 -0.093487 -0.192556 1.509000 -0.104941 0.574892 -0.811472 4.173400 0.186561 0.812871 0.551757 1.927000 0.000000 0.000000 0.000000 1.000000
0.976823 -0.093487 -0.192557 1.509000 -0.104942 0.574892 -0.811472 4.173400 0.186561 0.812871 0.551757 1.927000 0.000000 0.000000 0.000000 1.000000
0.976823 -0.093486 -0.192556 1.509000 -0.104942 0.574892 -0.811472 4.173400 0.186561 0.812871 0.551757 1.927000 0.000000 0.000000 0.000000 1.000000
0.976823 -0.093487 -0.192556 1.509000 -0.104942 0.574892 -0.811472 4.173400 0.186561 0.812871 0.551757 1.927000 0.000000 0.000000 0.000000 1.000000
0.976823 -0.093486 -0.192556 1.509000 -0.104942 0.574892 -0.811472 4.173400 0.186561 0.812871 0.551757 1.927000 0.000000 0.000000 0.000000 1.000000
0.976823 -0.093487 -0.192557 1.509000 -0.104942 0.574892 -0.811472 4.173400 0.186561 0.812871 0.551757 1.927000 0.000000 0.000000 0.000000 1.000000
0.976823 -0.093486 -0.192557 1.509000 -0.104942 0.574892 -0.811472 4.173400 0.186561 0.812871 0.551757 1.927000 0.000000 0.000000 0.000000 1.000000
0.976823 -0.093486 -0.192556 1.509000 -0.104942 0.574892 -0.811472 4.173400 0.186561 0.812871 0.551757 1.927000 0.000000 0.000000 0.000000 1.000000
0.976823 -0.093486 -0.192556 1.509000 -0.104942 0.574892 -0.811472 4.173400 0.186560 0.812871 0.551757 1.927000 0.000000 0.000000 0.000000 1.000000
0.976823 -0.093486 -0.192556 1.509000 -0.104942 0.574892 -0.811472 4.173400 0.186561 0.812871 0.551757 1.927000 0.000000 0.000000 0.000000 1.000000
0.976823 -0.093486 -0.192556 1.509000 -0.104942 0.574892 -0.811472 4.173400 0.186561 0.812871 0.551757 1.927000 0.000000 0.000000 0.000000 1.000000
0.976823 -0.093487 -0.192556 1.509000 -0.104942 0.574892 -0.811472 4.173400 0.186561 0.812871 0.551757 1.927000 0.000000 0.000000 0.000000 1.000000
0.976823 -0.093487 -0.192556 1.509000 -0.104942 0.574892 -0.811472 4.173400 0.186561 0.812871 0.551757 1.927000 0.000000 0.000000 0.000000 1.000000
0.976823 -0.093487 -0.192556 1.509000 -0.104942 0.574892 -0.811472 4.173400 0.186561 0.812871 0.551757 1.927000 0.000000 0.000000 0.000000 1.000000
0.976823 -0.093487 -0.192556 1.509000 -0.104942 0.574892 -0.811472 4.173400 0.186561 0.812871 0.551757 1.927000 0.000000 0.000000 0.000000 1.000000
0.976823 -0.093487 -0.192556 1.509000 -0.104942 0.574892 -0.811472 4.173400 0.186561 0.812871 0.551757 1.927000 0.000000 0.000000 0.000000 1.000000
0.976823 -0.093487 -0.192556 1.509000 -0.104942 0.574892 -0.811472 4.173400 0.186561 0.812871 0.551757 1.927000 0.000000 0.000000 0.000000 1.000000
0.976823 -0.093486 -0.192557 1.509000 -0.104942 0.574892 -0.811472 4.173400 0.186561 0.812871 0.551757 1.927000 0.000000 0.000000 0.000000 1.000000
0.976823 -0.093487 -0.192556 1.509000 -0.104942 0.574892 -0.811472 4.173400 0.186561 0.812871 0.551757 1.927000 0.000000 0.000000 0.000000 1.000000
0.976823 -0.093486 -0.192556 1.509000 -0.104942 0.574892 -0.811472 4.173400 0.186561 0.812871 0.551757 1.927000 0.000000 0.000000 0.000000 1.000000</float_array>
        <technique_common>
          <accessor source="#mixamorig_RightHandThumb1-Matrix-animation-output-transform-array" count="79" stride="16">
            <param type="float4x4"/>
          </accessor>
        </technique_common>
      </source>
      <source id="mixamorig_RightHandThumb1-Interpolations">
        <Name_array id="mixamorig_RightHandThumb1-Interpolations-array" count="79">
 LINEAR LINEAR LINEAR LINEAR LINEAR LINEAR LINEAR LINEAR LINEAR LINEAR LINEAR
LINEAR LINEAR LINEAR LINEAR LINEAR LINEAR LINEAR LINEAR LINEAR LINEAR LINEAR LINEAR
LINEAR LINEAR LINEAR LINEAR LINEAR LINEAR LINEAR LINEAR LINEAR LINEAR LINEAR LINEAR
LINEAR LINEAR LINEAR LINEAR LINEAR LINEAR LINEAR LINEAR LINEAR LINEAR LINEAR LINEAR
LINEAR LINEAR LINEAR LINEAR LINEAR LINEAR LINEAR LINEAR LINEAR LINEAR LINEAR LINEAR
LINEAR LINEAR LINEAR LINEAR LINEAR LINEAR LINEAR LINEAR LINEAR LINEAR LINEAR LINEAR
LINEAR LINEAR LINEAR LINEAR LINEAR LINEAR LINEAR LINEAR</Name_array>
        <technique_common>
          <accessor source="#mixamorig_RightHandThumb1-Interpolations-array" count="79">
            <param type="name"/>
          </accessor>
        </technique_common>
      </source>
      <sampler id="mixamorig_RightHandThumb1-Matrix-animation-transform">
        <input semantic="INPUT" source="#mixamorig_RightHandThumb1-Matrix-animation-input"/>
        <input semantic="OUTPUT" source="#mixamorig_RightHandThumb1-Matrix-animation-output-transform"/>
        <input semantic="INTERPOLATION" source="#mixamorig_RightHandThumb1-Interpolations"/>
      </sampler>
      <channel source="#mixamorig_RightHandThumb1-Matrix-animation-transform" target="mixamorig_RightHandThumb1/matrix"/>
    </animation>
    <animation id="mixamorig_RightHandThumb2-anim" name="mixamorig_RightHandThumb2">
      <source id="mixamorig_RightHandThumb2-Matrix-animation-input">
        <float_array id="mixamorig_RightHandThumb2-Matrix-animation-input-array" count="79">

0.000000 0.033333 0.066667 0.100000 0.133333 0.166667 0.200000 0.233333 0.266667 0.300000 0.333333 0.366667 0.400000 0.433333 0.466667 0.500000
0.533333 0.566667 0.600000 0.633333 0.666667 0.700000 0.733333 0.766667 0.800000 0.833333 0.866667 0.900000 0.933333 0.966667 1.000000 1.033333
1.066667 1.100000 1.133333 1.166667 1.200000 1.233333 1.266667 1.300000 1.333333 1.366667 1.400000 1.433333 1.466667 1.500000 1.533333 1.566667
1.600000 1.633333 1.666667 1.700000 1.733333 1.766667 1.800000 1.833333 1.866667 1.900000 1.933333 1.966667 2.000000 2.033333 2.066667 2.100000
2.133333 2.166667 2.200000 2.233333 2.266667 2.300000 2.333333 2.366667 2.400000 2.433333 2.466667 2.500000 2.533333 2.566667 2.600000</float_array>
        <technique_common>
          <accessor source="#mixamorig_RightHandThumb2-Matrix-animation-input-array" count="79">
            <param name="TIME" type="float"/>
          </accessor>
        </technique_common>
      </source>
      <source id="mixamorig_RightHandThumb2-Matrix-animation-output-transform">
        <float_array id="mixamorig_RightHandThumb2-Matrix-animation-output-transform-array" count="1264">

0.951158 0.055872 -0.303607 0.000000 0.004527 0.980855 0.194686 3.870400 0.308672 -0.186551 0.932695 -0.000000 0.000000 0.000000 0.000000 1.000000
0.951158 0.055872 -0.303607 -0.000000 0.004527 0.980855 0.194686 3.870400 0.308672 -0.186551 0.932695 0.000000 0.000000 0.000000 0.000000 1.000000
0.951158 0.055872 -0.303608 0.000000 0.004527 0.980855 0.194686 3.870400 0.308673 -0.186551 0.932695 0.000000 0.000000 0.000000 0.000000 1.000000
0.951158 0.055872 -0.303608 0.000000 0.004527 0.980855 0.194686 3.870400 0.308673 -0.186552 0.932695 0.000000 0.000000 0.000000 0.000000 1.000000
0.951158 0.055872 -0.303607 0.000000 0.004527 0.980855 0.194686 3.870400 0.308672 -0.186552 0.932695 -0.000000 0.000000 0.000000 0.000000 1.000000
0.951158 0.055872 -0.303607 -0.000000 0.004526 0.980855 0.194686 3.870400 0.308672 -0.186551 0.932695 -0.000000 0.000000 0.000000 0.000000 1.000000
0.951158 0.055872 -0.303607 0.000000 0.004527 0.980855 0.194686 3.870400 0.308672 -0.186551 0.932695 0.000000 0.000000 0.000000 0.000000 1.000000
0.951158 0.055872 -0.303607 -0.000000 0.004527 0.980855 0.194686 3.870400 0.308672 -0.186551 0.932695 -0.000000 0.000000 0.000000 0.000000 1.000000
0.951158 0.055872 -0.303608 0.000000 0.004527 0.980855 0.194686 3.870400 0.308673 -0.186552 0.932695 0.000000 0.000000 0.000000 0.000000 1.000000
0.951158 0.055872 -0.303607 0.000000 0.004527 0.980855 0.194686 3.870400 0.308672 -0.186552 0.932695 0.000000 0.000000 0.000000 0.000000 1.000000
0.951158 0.055872 -0.303607 -0.000000 0.004527 0.980855 0.194686 3.870400 0.308673 -0.186552 0.932695 -0.000000 0.000000 0.000000 0.000000 1.000000
0.951158 0.055872 -0.303607 0.000000 0.004527 0.980855 0.194686 3.870400 0.308672 -0.186551 0.932695 0.000000 0.000000 0.000000 0.000000 1.000000
0.951158 0.055872 -0.303607 -0.000000 0.004527 0.980855 0.194686 3.870400 0.308673 -0.186551 0.932695 0.000000 0.000000 0.000000 0.000000 1.000000
0.951158 0.055872 -0.303607 0.000000 0.004527 0.980855 0.194686 3.870400 0.308672 -0.186551 0.932695 0.000000 0.000000 0.000000 0.000000 1.000000
0.951158 0.055872 -0.303607 -0.000000 0.004527 0.980855 0.194686 3.870400 0.308672 -0.186551 0.932695 0.000000 0.000000 0.000000 0.000000 1.000000
0.951158 0.055872 -0.303607 -0.000000 0.004527 0.980855 0.194686 3.870400 0.308672 -0.186551 0.932695 -0.000000 0.000000 0.000000 0.000000 1.000000
0.951158 0.055873 -0.303608 -0.000000 0.004526 0.980855 0.194686 3.870400 0.308673 -0.186551 0.932695 0.000000 0.000000 0.000000 0.000000 1.000000
0.951158 0.055872 -0.303607 -0.000000 0.004527 0.980855 0.194686 3.870400 0.308673 -0.186552 0.932695 0.000000 0.000000 0.000000 0.000000 1.000000
0.951158 0.055872 -0.303607 0.000000 0.004527 0.980855 0.194686 3.870400 0.308672 -0.186551 0.932695 0.000000 0.000000 0.000000 0.000000 1.000000
0.951158 0.055872 -0.303607 -0.000000 0.004527 0.980855 0.194686 3.870400 0.308673 -0.186551 0.932695 -0.000000 0.000000 0.000000 0.000000 1.000000
0.951158 0.055872 -0.303608 0.000000 0.004526 0.980855 0.194686 3.870400 0.308673 -0.186551 0.932695 -0.000000 0.000000 0.000000 0.000000 1.000000
0.951158 0.055872 -0.303607 0.000000 0.004527 0.980855 0.194686 3.870400 0.308673 -0.186552 0.932695 0.000000 0.000000 0.000000 0.000000 1.000000
0.951158 0.055873 -0.303608 0.000000 0.004526 0.980855 0.194686 3.870400 0.308673 -0.186552 0.932695 0.000000 0.000000 0.000000 0.000000 1.000000
0.951158 0.055872 -0.303607 0.000000 0.004527 0.980855 0.194686 3.870400 0.308672 -0.186552 0.932695 0.000000 0.000000 0.000000 0.000000 1.000000
0.951158 0.055872 -0.303607 0.000000 0.004527 0.980855 0.194686 3.870400 0.308672 -0.186551 0.932695 0.000000 0.000000 0.000000 0.000000 1.000000
0.951158 0.055872 -0.303607 0.000000 0.004527 0.980855 0.194686 3.870400 0.308672 -0.186551 0.932695 0.000000 0.000000 0.000000 0.000000 1.000000
0.951158 0.055872 -0.303607 0.000000 0.004527 0.980855 0.194686 3.870400 0.308672 -0.186551 0.932695 0.000000 0.000000 0.000000 0.000000 1.000000
0.951158 0.055873 -0.303607 0.000000 0.004526 0.980855 0.194686 3.870400 0.308673 -0.186551 0.932695 0.000000 0.000000 0.000000 0.000000 1.000000
0.951158 0.055872 -0.303607 0.000000 0.004527 0.980855 0.194686 3.870400 0.308672 -0.186552 0.932695 -0.000000 0.000000 0.000000 0.000000 1.000000
0.951158 0.055872 -0.303608 0.000000 0.004527 0.980855 0.194686 3.870400 0.308673 -0.186551 0.932695 -0.000000 0.000000 0.000000 0.000000 1.000000
0.951158 0.055872 -0.303608 -0.000000 0.004527 0.980855 0.194686 3.870400 0.308673 -0.186551 0.932695 -0.000000 0.000000 0.000000 0.000000 1.000000
0.951158 0.055872 -0.303607 0.000000 0.004527 0.980855 0.194686 3.870400 0.308672 -0.186552 0.932695 -0.000000 0.000000 0.000000 0.000000 1.000000
0.951158 0.055872 -0.303607 0.000000 0.004527 0.980855 0.194686 3.870400 0.308673 -0.186551 0.932695 0.000000 0.000000 0.000000 0.000000 1.000000
0.951158 0.055872 -0.303607 0.000000 0.004527 0.980855 0.194686 3.870400 0.308672 -0.186551 0.932695 0.000000 0.000000 0.000000 0.000000 1.000000
0.951158 0.055872 -0.303607 0.000000 0.004527 0.980855 0.194686 3.870400 0.308672 -0.186551 0.932695 0.000000 0.000000 0.000000 0.000000 1.000000
0.951158 0.055872 -0.303608 0.000000 0.004527 0.980855 0.194686 3.870400 0.308673 -0.186551 0.932695 -0.000000 0.000000 0.000000 0.000000 1.000000
0.951158 0.055872 -0.303607 -0.000000 0.004527 0.980855 0.194686 3.870400 0.308672 -0.186552 0.932695 0.000000 0.000000 0.000000 0.000000 1.000000
0.951158 0.055872 -0.303607 0.000000 0.004527 0.980855 0.194686 3.870400 0.308672 -0.186552 0.932695 0.000000 0.000000 0.000000 0.000000 1.000000
0.951158 0.055872 -0.303608 0.000000 0.004527 0.980855 0.194686 3.870400 0.308673 -0.186551 0.932695 -0.000000 0.000000 0.000000 0.000000 1.000000
0.951158 0.055872 -0.303607 -0.000000 0.004527 0.980855 0.194686 3.870400 0.308672 -0.186551 0.932695 -0.000000 0.000000 0.000000 0.000000 1.000000
0.951158 0.055872 -0.303607 0.000000 0.004527 0.980855 0.194686 3.870400 0.308672 -0.186551 0.932695 0.000000 0.000000 0.000000 0.000000 1.000000
0.951158 0.055872 -0.303607 0.000000 0.004527 0.980855 0.194686 3.870400 0.308672 -0.186552 0.932695 0.000000 0.000000 0.000000 0.000000 1.000000
0.951158 0.055872 -0.303608 0.000000 0.004527 0.980855 0.194686 3.870400 0.308673 -0.186552 0.932695 0.000000 0.000000 0.000000 0.000000 1.000000
0.951158 0.055872 -0.303607 -0.000000 0.004527 0.980855 0.194686 3.870400 0.308672 -0.186552 0.932695 -0.000000 0.000000 0.000000 0.000000 1.000000
0.951158 0.055872 -0.303607 0.000000 0.004527 0.980855 0.194686 3.870400 0.308673 -0.186552 0.932695 0.000000 0.000000 0.000000 0.000000 1.000000
0.951158 0.055872 -0.303607 -0.000000 0.004527 0.980855 0.194686 3.870400 0.308672 -0.186551 0.932695 -0.000000 0.000000 0.000000 0.000000 1.000000
0.951158 0.055872 -0.303608 0.000000 0.004527 0.980855 0.194686 3.870400 0.308673 -0.186552 0.932695 0.000000 0.000000 0.000000 0.000000 1.000000
0.951158 0.055872 -0.303607 0.000000 0.004527 0.980855 0.194686 3.870400 0.308673 -0.186551 0.932695 0.000000 0.000000 0.000000 0.000000 1.000000
0.951158 0.055872 -0.303607 0.000000 0.004527 0.980855 0.194686 3.870400 0.308672 -0.186551 0.932695 0.000000 0.000000 0.000000 0.000000 1.000000
0.951158 0.055872 -0.303608 0.000000 0.004527 0.980855 0.194686 3.870400 0.308673 -0.186552 0.932695 0.000000 0.000000 0.000000 0.000000 1.000000
0.951158 0.055872 -0.303608 -0.000000 0.004526 0.980855 0.194686 3.870400 0.308673 -0.186551 0.932695 0.000000 0.000000 0.000000 0.000000 1.000000
0.951158 0.055872 -0.303607 -0.000000 0.004527 0.980855 0.194686 3.870400 0.308672 -0.186551 0.932695 0.000000 0.000000 0.000000 0.000000 1.000000
0.951158 0.055872 -0.303607 0.000000 0.004527 0.980855 0.194686 3.870400 0.308672 -0.186552 0.932695 0.000000 0.000000 0.000000 0.000000 1.000000
0.951158 0.055872 -0.303607 0.000000 0.004527 0.980855 0.194686 3.870400 0.308672 -0.186552 0.932695 0.000000 0.000000 0.000000 0.000000 1.000000
0.951158 0.055872 -0.303608 0.000000 0.004527 0.980855 0.194686 3.870400 0.308673 -0.186552 0.932695 0.000000 0.000000 0.000000 0.000000 1.000000
0.951158 0.055872 -0.303607 0.000000 0.004527 0.980855 0.194686 3.870400 0.308672 -0.186551 0.932695 0.000000 0.000000 0.000000 0.000000 1.000000
0.951158 0.055872 -0.303607 0.000000 0.004527 0.980855 0.194686 3.870400 0.308672 -0.186551 0.932695 0.000000 0.000000 0.000000 0.000000 1.000000
0.951158 0.055872 -0.303607 0.000000 0.004527 0.980855 0.194686 3.870400 0.308673 -0.186551 0.932695 0.000000 0.000000 0.000000 0.000000 1.000000
0.951158 0.055872 -0.303607 0.000000 0.004527 0.980855 0.194686 3.870400 0.308672 -0.186551 0.932695 -0.000000 0.000000 0.000000 0.000000 1.000000
0.951158 0.055873 -0.303608 0.000000 0.004526 0.980855 0.194686 3.870400 0.308673 -0.186551 0.932695 0.000000 0.000000 0.000000 0.000000 1.000000
0.951158 0.055872 -0.303607 0.000000 0.004527 0.980855 0.194686 3.870400 0.308672 -0.186551 0.932695 0.000000 0.000000 0.000000 0.000000 1.000000
0.951158 0.055872 -0.303608 0.000000 0.004527 0.980855 0.194686 3.870400 0.308673 -0.186551 0.932695 0.000000 0.000000 0.000000 0.000000 1.000000
0.951158 0.055872 -0.303607 0.000000 0.004527 0.980855 0.194686 3.870400 0.308672 -0.186552 0.932695 0.000000 0.000000 0.000000 0.000000 1.000000
0.951158 0.055872 -0.303607 0.000000 0.004527 0.980855 0.194686 3.870400 0.308672 -0.186551 0.932695 0.000000 0.000000 0.000000 0.000000 1.000000
0.951158 0.055872 -0.303607 0.000000 0.004527 0.980855 0.194686 3.870400 0.308672 -0.186552 0.932695 -0.000000 0.000000 0.000000 0.000000 1.000000
0.951158 0.055872 -0.303607 0.000000 0.004527 0.980855 0.194686 3.870400 0.308672 -0.186552 0.932695 0.000000 0.000000 0.000000 0.000000 1.000000
0.951158 0.055872 -0.303608 0.000000 0.004527 0.980855 0.194686 3.870400 0.308673 -0.186552 0.932695 0.000000 0.000000 0.000000 0.000000 1.000000
0.951158 0.055872 -0.303608 0.000000 0.004527 0.980855 0.194686 3.870400 0.308673 -0.186552 0.932695 0.000000 0.000000 0.000000 0.000000 1.000000
0.951158 0.055872 -0.303607 -0.000000 0.004527 0.980855 0.194686 3.870400 0.308672 -0.186551 0.932695 0.000000 0.000000 0.000000 0.000000 1.000000
0.951158 0.055872 -0.303608 0.000000 0.004526 0.980855 0.194686 3.870400 0.308673 -0.186551 0.932695 0.000000 0.000000 0.000000 0.000000 1.000000
0.951158 0.055872 -0.303608 -0.000000 0.004527 0.980855 0.194686 3.870400 0.308673 -0.186552 0.932695 0.000000 0.000000 0.000000 0.000000 1.000000
0.951158 0.055872 -0.303608 0.000000 0.004527 0.980855 0.194686 3.870400 0.308673 -0.186552 0.932695 0.000000 0.000000 0.000000 0.000000 1.000000
0.951158 0.055872 -0.303608 0.000000 0.004527 0.980855 0.194686 3.870400 0.308673 -0.186552 0.932695 -0.000000 0.000000 0.000000 0.000000 1.000000
0.951158 0.055872 -0.303607 0.000000 0.004527 0.980855 0.194686 3.870400 0.308673 -0.186551 0.932695 -0.000000 0.000000 0.000000 0.000000 1.000000
0.951158 0.055872 -0.303608 0.000000 0.004526 0.980855 0.194686 3.870400 0.308673 -0.186551 0.932695 0.000000 0.000000 0.000000 0.000000 1.000000
0.951158 0.055872 -0.303608 0.000000 0.004527 0.980855 0.194686 3.870400 0.308673 -0.186551 0.932695 0.000000 0.000000 0.000000 0.000000 1.000000
0.951158 0.055872 -0.303607 0.000000 0.004527 0.980855 0.194686 3.870400 0.308672 -0.186552 0.932695 0.000000 0.000000 0.000000 0.000000 1.000000
0.951158 0.055872 -0.303608 -0.000000 0.004527 0.980855 0.194686 3.870400 0.308673 -0.186552 0.932695 0.000000 0.000000 0.000000 0.000000 1.000000
0.951158 0.055872 -0.303607 0.000000 0.004527 0.980855 0.194686 3.870400 0.308672 -0.186551 0.932695 0.000000 0.000000 0.000000 0.000000 1.000000</float_array>
        <technique_common>
          <accessor source="#mixamorig_RightHandThumb2-Matrix-animation-output-transform-array" count="79" stride="16">
            <param type="float4x4"/>
          </accessor>
        </technique_common>
      </source>
      <source id="mixamorig_RightHandThumb2-Interpolations">
        <Name_array id="mixamorig_RightHandThumb2-Interpolations-array" count="79">
 LINEAR LINEAR LINEAR LINEAR LINEAR LINEAR LINEAR LINEAR LINEAR LINEAR LINEAR
LINEAR LINEAR LINEAR LINEAR LINEAR LINEAR LINEAR LINEAR LINEAR LINEAR LINEAR LINEAR
LINEAR LINEAR LINEAR LINEAR LINEAR LINEAR LINEAR LINEAR LINEAR LINEAR LINEAR LINEAR
LINEAR LINEAR LINEAR LINEAR LINEAR LINEAR LINEAR LINEAR LINEAR LINEAR LINEAR LINEAR
LINEAR LINEAR LINEAR LINEAR LINEAR LINEAR LINEAR LINEAR LINEAR LINEAR LINEAR LINEAR
LINEAR LINEAR LINEAR LINEAR LINEAR LINEAR LINEAR LINEAR LINEAR LINEAR LINEAR LINEAR
LINEAR LINEAR LINEAR LINEAR LINEAR LINEAR LINEAR LINEAR</Name_array>
        <technique_common>
          <accessor source="#mixamorig_RightHandThumb2-Interpolations-array" count="79">
            <param type="name"/>
          </accessor>
        </technique_common>
      </source>
      <sampler id="mixamorig_RightHandThumb2-Matrix-animation-transform">
        <input semantic="INPUT" source="#mixamorig_RightHandThumb2-Matrix-animation-input"/>
        <input semantic="OUTPUT" source="#mixamorig_RightHandThumb2-Matrix-animation-output-transform"/>
        <input semantic="INTERPOLATION" source="#mixamorig_RightHandThumb2-Interpolations"/>
      </sampler>
      <channel source="#mixamorig_RightHandThumb2-Matrix-animation-transform" target="mixamorig_RightHandThumb2/matrix"/>
    </animation>
    <animation id="mixamorig_RightHandThumb3-anim" name="mixamorig_RightHandThumb3">
      <source id="mixamorig_RightHandThumb3-Matrix-animation-input">
        <float_array id="mixamorig_RightHandThumb3-Matrix-animation-input-array" count="79">

0.000000 0.033333 0.066667 0.100000 0.133333 0.166667 0.200000 0.233333 0.266667 0.300000 0.333333 0.366667 0.400000 0.433333 0.466667 0.500000
0.533333 0.566667 0.600000 0.633333 0.666667 0.700000 0.733333 0.766667 0.800000 0.833333 0.866667 0.900000 0.933333 0.966667 1.000000 1.033333
1.066667 1.100000 1.133333 1.166667 1.200000 1.233333 1.266667 1.300000 1.333333 1.366667 1.400000 1.433333 1.466667 1.500000 1.533333 1.566667
1.600000 1.633333 1.666667 1.700000 1.733333 1.766667 1.800000 1.833333 1.866667 1.900000 1.933333 1.966667 2.000000 2.033333 2.066667 2.100000
2.133333 2.166667 2.200000 2.233333 2.266667 2.300000 2.333333 2.366667 2.400000 2.433333 2.466667 2.500000 2.533333 2.566667 2.600000</float_array>
        <technique_common>
          <accessor source="#mixamorig_RightHandThumb3-Matrix-animation-input-array" count="79">
            <param name="TIME" type="float"/>
          </accessor>
        </technique_common>
      </source>
      <source id="mixamorig_RightHandThumb3-Matrix-animation-output-transform">
        <float_array id="mixamorig_RightHandThumb3-Matrix-animation-output-transform-array" count="1264">

0.926979 -0.296702 0.229518 0.000000 0.227168 0.930931 0.285941 4.710300 -0.298505 -0.212922 0.930354 -0.000000 0.000000 0.000000 0.000000 1.000000
0.926979 -0.296702 0.229518 0.000000 0.227168 0.930931 0.285941 4.710300 -0.298505 -0.212922 0.930354 0.000000 0.000000 0.000000 0.000000 1.000000
0.926979 -0.296702 0.229518 0.000000 0.227168 0.930931 0.285941 4.710300 -0.298505 -0.212922 0.930354 0.000000 0.000000 0.000000 0.000000 1.000000
0.926979 -0.296702 0.229518 0.000000 0.227168 0.930931 0.285941 4.710300 -0.298505 -0.212922 0.930354 -0.000000 0.000000 0.000000 0.000000 1.000000
0.926979 -0.296702 0.229517 0.000000 0.227168 0.930931 0.285941 4.710300 -0.298504 -0.212922 0.930354 0.000000 0.000000 0.000000 0.000000 1.000000
0.926979 -0.296702 0.229518 0.000000 0.227168 0.930931 0.285941 4.710300 -0.298505 -0.212922 0.930354 0.000000 0.000000 0.000000 0.000000 1.000000
0.926979 -0.296702 0.229518 0.000000 0.227168 0.930931 0.285941 4.710300 -0.298504 -0.212922 0.930354 0.000000 0.000000 0.000000 0.000000 1.000000
0.926979 -0.296702 0.229518 0.000000 0.227168 0.930931 0.285941 4.710300 -0.298505 -0.212922 0.930354 0.000000 0.000000 0.000000 0.000000 1.000000
0.926979 -0.296702 0.229518 0.000000 0.227168 0.930931 0.285941 4.710300 -0.298504 -0.212922 0.930354 0.000000 0.000000 0.000000 0.000000 1.000000
0.926979 -0.296702 0.229518 -0.000000 0.227168 0.930931 0.285941 4.710300 -0.298505 -0.212922 0.930354 -0.000000 0.000000 0.000000 0.000000 1.000000
0.926979 -0.296702 0.229518 0.000000 0.227168 0.930931 0.285941 4.710300 -0.298504 -0.212922 0.930354 0.000000 0.000000 0.000000 0.000000 1.000000
0.926979 -0.296702 0.229518 0.000000 0.227168 0.930931 0.285941 4.710300 -0.298505 -0.212922 0.930354 0.000000 0.000000 0.000000 0.000000 1.000000
0.926979 -0.296702 0.229518 0.000000 0.227168 0.930931 0.285941 4.710300 -0.298504 -0.212922 0.930354 0.000000 0.000000 0.000000 0.000000 1.000000
0.926979 -0.296702 0.229518 -0.000000 0.227168 0.930931 0.285941 4.710300 -0.298505 -0.212922 0.930354 0.000000 0.000000 0.000000 0.000000 1.000000
0.926979 -0.296702 0.229518 -0.000000 0.227168 0.930931 0.285941 4.710300 -0.298505 -0.212922 0.930354 0.000000 0.000000 0.000000 0.000000 1.000000
0.926979 -0.296702 0.229518 0.000000 0.227168 0.930931 0.285941 4.710300 -0.298505 -0.212922 0.930354 0.000000 0.000000 0.000000 0.000000 1.000000
0.926979 -0.296702 0.229518 0.000000 0.227168 0.930931 0.285941 4.710300 -0.298505 -0.212922 0.930354 0.000000 0.000000 0.000000 0.000000 1.000000
0.926979 -0.296702 0.229518 -0.000000 0.227168 0.930931 0.285941 4.710300 -0.298505 -0.212922 0.930354 0.000000 0.000000 0.000000 0.000000 1.000000
0.926979 -0.296702 0.229518 0.000000 0.227168 0.930931 0.285941 4.710300 -0.298505 -0.212922 0.930354 -0.000000 0.000000 0.000000 0.000000 1.000000
0.926979 -0.296702 0.229518 0.000000 0.227168 0.930931 0.285941 4.710300 -0.298505 -0.212922 0.930354 0.000000 0.000000 0.000000 0.000000 1.000000
0.926979 -0.296702 0.229518 0.000000 0.227168 0.930931 0.285942 4.710300 -0.298504 -0.212923 0.930354 -0.000000 0.000000 0.000000 0.000000 1.000000
0.926979 -0.296702 0.229518 -0.000000 0.227168 0.930931 0.285941 4.710300 -0.298505 -0.212922 0.930354 0.000000 0.000000 0.000000 0.000000 1.000000
0.926979 -0.296702 0.229518 0.000000 0.227169 0.930931 0.285942 4.710300 -0.298505 -0.212922 0.930354 0.000000 0.000000 0.000000 0.000000 1.000000
0.926979 -0.296702 0.229518 0.000000 0.227168 0.930931 0.285941 4.710300 -0.298504 -0.212922 0.930354 0.000000 0.000000 0.000000 0.000000 1.000000
0.926979 -0.296702 0.229518 0.000000 0.227168 0.930931 0.285941 4.710300 -0.298505 -0.212922 0.930354 0.000000 0.000000 0.000000 0.000000 1.000000
0.926979 -0.296702 0.229518 0.000000 0.227168 0.930931 0.285941 4.710300 -0.298504 -0.212922 0.930354 0.000000 0.000000 0.000000 0.000000 1.000000
0.926979 -0.296702 0.229518 -0.000000 0.227168 0.930931 0.285941 4.710300 -0.298505 -0.212922 0.930354 0.000000 0.000000 0.000000 0.000000 1.000000
0.926979 -0.296702 0.229518 -0.000000 0.227168 0.930931 0.285941 4.710300 -0.298504 -0.212922 0.930354 0.000000 0.000000 0.000000 0.000000 1.000000
0.926979 -0.296702 0.229518 0.000000 0.227168 0.930931 0.285941 4.710300 -0.298504 -0.212922 0.930354 0.000000 0.000000 0.000000 0.000000 1.000000
0.926979 -0.296702 0.229518 0.000000 0.227168 0.930931 0.285941 4.710300 -0.298505 -0.212922 0.930354 0.000000 0.000000 0.000000 0.000000 1.000000
0.926979 -0.296702 0.229518 0.000000 0.227168 0.930931 0.285941 4.710300 -0.298505 -0.212922 0.930354 0.000000 0.000000 0.000000 0.000000 1.000000
0.926979 -0.296702 0.229518 0.000000 0.227168 0.930931 0.285941 4.710300 -0.298505 -0.212922 0.930354 0.000000 0.000000 0.000000 0.000000 1.000000
0.926979 -0.296702 0.229518 0.000000 0.227168 0.930931 0.285941 4.710300 -0.298505 -0.212922 0.930354 0.000000 0.000000 0.000000 0.000000 1.000000
0.926979 -0.296702 0.229518 0.000000 0.227168 0.930931 0.285941 4.710300 -0.298504 -0.212922 0.930354 0.000000 0.000000 0.000000 0.000000 1.000000
0.926979 -0.296702 0.229518 0.000000 0.227168 0.930931 0.285941 4.710300 -0.298504 -0.212922 0.930354 0.000000 0.000000 0.000000 0.000000 1.000000
0.926979 -0.296702 0.229518 0.000000 0.227169 0.930931 0.285941 4.710300 -0.298504 -0.212922 0.930354 0.000000 0.000000 0.000000 0.000000 1.000000
0.926979 -0.296702 0.229518 0.000000 0.227168 0.930931 0.285941 4.710300 -0.298504 -0.212922 0.930354 0.000000 0.000000 0.000000 0.000000 1.000000
0.926979 -0.296702 0.229518 0.000000 0.227168 0.930931 0.285941 4.710300 -0.298504 -0.212922 0.930354 -0.000000 0.000000 0.000000 0.000000 1.000000
0.926979 -0.296702 0.229518 -0.000000 0.227168 0.930931 0.285941 4.710300 -0.298504 -0.212922 0.930354 0.000000 0.000000 0.000000 0.000000 1.000000
0.926979 -0.296702 0.229518 0.000000 0.227168 0.930931 0.285941 4.710300 -0.298505 -0.212922 0.930354 0.000000 0.000000 0.000000 0.000000 1.000000
0.926979 -0.296702 0.229518 -0.000000 0.227168 0.930931 0.285941 4.710300 -0.298504 -0.212922 0.930354 -0.000000 0.000000 0.000000 0.000000 1.000000
0.926979 -0.296701 0.229518 0.000000 0.227168 0.930931 0.285941 4.710300 -0.298504 -0.212922 0.930354 0.000000 0.000000 0.000000 0.000000 1.000000
0.926979 -0.296702 0.229518 0.000000 0.227168 0.930931 0.285941 4.710300 -0.298504 -0.212922 0.930354 0.000000 0.000000 0.000000 0.000000 1.000000
0.926979 -0.296702 0.229518 0.000000 0.227168 0.930931 0.285941 4.710300 -0.298504 -0.212923 0.930354 -0.000000 0.000000 0.000000 0.000000 1.000000
0.926979 -0.296702 0.229518 -0.000000 0.227168 0.930931 0.285941 4.710300 -0.298504 -0.212922 0.930354 0.000000 0.000000 0.000000 0.000000 1.000000
0.926979 -0.296701 0.229518 0.000000 0.227168 0.930931 0.285941 4.710300 -0.298504 -0.212922 0.930354 -0.000000 0.000000 0.000000 0.000000 1.000000
0.926979 -0.296702 0.229518 0.000000 0.227168 0.930931 0.285941 4.710300 -0.298504 -0.212922 0.930354 -0.000000 0.000000 0.000000 0.000000 1.000000
0.926979 -0.296702 0.229518 0.000000 0.227168 0.930931 0.285942 4.710300 -0.298504 -0.212923 0.930354 0.000000 0.000000 0.000000 0.000000 1.000000
0.926979 -0.296702 0.229518 0.000000 0.227168 0.930931 0.285941 4.710300 -0.298504 -0.212922 0.930354 0.000000 0.000000 0.000000 0.000000 1.000000
0.926979 -0.296702 0.229518 0.000000 0.227168 0.930931 0.285941 4.710300 -0.298504 -0.212923 0.930354 0.000000 0.000000 0.000000 0.000000 1.000000
0.926979 -0.296702 0.229518 0.000000 0.227169 0.930931 0.285941 4.710300 -0.298504 -0.212922 0.930354 0.000000 0.000000 0.000000 0.000000 1.000000
0.926979 -0.296702 0.229518 0.000000 0.227168 0.930931 0.285942 4.710300 -0.298505 -0.212923 0.930354 0.000000 0.000000 0.000000 0.000000 1.000000
0.926979 -0.296701 0.229518 0.000000 0.227168 0.930931 0.285941 4.710300 -0.298504 -0.212922 0.930354 0.000000 0.000000 0.000000 0.000000 1.000000
0.926979 -0.296701 0.229518 0.000000 0.227168 0.930931 0.285941 4.710300 -0.298504 -0.212922 0.930354 0.000000 0.000000 0.000000 0.000000 1.000000
0.926979 -0.296702 0.229518 0.000000 0.227168 0.930931 0.285941 4.710300 -0.298504 -0.212923 0.930354 0.000000 0.000000 0.000000 0.000000 1.000000
0.926979 -0.296702 0.229518 0.000000 0.227168 0.930931 0.285941 4.710300 -0.298504 -0.212922 0.930354 0.000000 0.000000 0.000000 0.000000 1.000000
0.926979 -0.296701 0.229518 0.000000 0.227168 0.930931 0.285941 4.710300 -0.298504 -0.212922 0.930354 0.000000 0.000000 0.000000 0.000000 1.000000
0.926979 -0.296702 0.229518 0.000000 0.227169 0.930931 0.285942 4.710300 -0.298505 -0.212923 0.930354 0.000000 0.000000 0.000000 0.000000 1.000000
0.926979 -0.296702 0.229518 0.000000 0.227168 0.930931 0.285941 4.710300 -0.298504 -0.212922 0.930354 0.000000 0.000000 0.000000 0.000000 1.000000
0.926979 -0.296702 0.229518 0.000000 0.227168 0.930931 0.285941 4.710300 -0.298504 -0.212922 0.930354 0.000000 0.000000 0.000000 0.000000 1.000000
0.926979 -0.296702 0.229518 0.000000 0.227168 0.930931 0.285941 4.710300 -0.298505 -0.212922 0.930354 0.000000 0.000000 0.000000 0.000000 1.000000
0.926979 -0.296702 0.229518 0.000000 0.227168 0.930931 0.285941 4.710300 -0.298505 -0.212923 0.930354 0.000000 0.000000 0.000000 0.000000 1.000000
0.926979 -0.296702 0.229518 0.000000 0.227168 0.930931 0.285941 4.710300 -0.298504 -0.212922 0.930354 0.000000 0.000000 0.000000 0.000000 1.000000
0.926979 -0.296702 0.229518 0.000000 0.227169 0.930931 0.285942 4.710300 -0.298504 -0.212923 0.930354 -0.000000 0.000000 0.000000 0.000000 1.000000
0.926979 -0.296702 0.229518 0.000000 0.227168 0.930931 0.285941 4.710300 -0.298504 -0.212922 0.930354 0.000000 0.000000 0.000000 0.000000 1.000000
0.926979 -0.296702 0.229518 0.000000 0.227168 0.930931 0.285941 4.710300 -0.298504 -0.212922 0.930354 0.000000 0.000000 0.000000 0.000000 1.000000
0.926979 -0.296702 0.229518 0.000000 0.227168 0.930931 0.285941 4.710300 -0.298504 -0.212922 0.930354 0.000000 0.000000 0.000000 0.000000 1.000000
0.926979 -0.296702 0.229518 0.000000 0.227168 0.930931 0.285941 4.710300 -0.298504 -0.212922 0.930354 0.000000 0.000000 0.000000 0.000000 1.000000
0.926979 -0.296702 0.229518 0.000000 0.227168 0.930931 0.285941 4.710300 -0.298505 -0.212922 0.930354 0.000000 0.000000 0.000000 0.000000 1.000000
0.926979 -0.296702 0.229518 0.000000 0.227168 0.930931 0.285941 4.710300 -0.298504 -0.212922 0.930354 0.000000 0.000000 0.000000 0.000000 1.000000
0.926979 -0.296702 0.229518 -0.000000 0.227168 0.930931 0.285941 4.710300 -0.298504 -0.212922 0.930354 0.000000 0.000000 0.000000 0.000000 1.000000
0.926979 -0.296701 0.229518 0.000000 0.227168 0.930931 0.285941 4.710300 -0.298505 -0.212922 0.930354 0.000000 0.000000 0.000000 0.000000 1.000000
0.926979 -0.296702 0.229518 0.000000 0.227168 0.930931 0.285941 4.710300 -0.298504 -0.212922 0.930354 0.000000 0.000000 0.000000 0.000000 1.000000
0.926979 -0.296702 0.229518 0.000000 0.227168 0.930931 0.285941 4.710300 -0.298504 -0.212922 0.930354 0.000000 0.000000 0.000000 0.000000 1.000000
0.926979 -0.296702 0.229518 0.000000 0.227168 0.930931 0.285941 4.710300 -0.298505 -0.212922 0.930354 -0.000000 0.000000 0.000000 0.000000 1.000000
0.926979 -0.296702 0.229518 0.000000 0.227168 0.930931 0.285941 4.710300 -0.298505 -0.212922 0.930354 0.000000 0.000000 0.000000 0.000000 1.000000
0.926979 -0.296702 0.229518 0.000000 0.227168 0.930931 0.285941 4.710300 -0.298504 -0.212922 0.930354 0.000000 0.000000 0.000000 0.000000 1.000000
0.926979 -0.296702 0.229518 0.000000 0.227168 0.930931 0.285941 4.710300 -0.298505 -0.212922 0.930354 0.000000 0.000000 0.000000 0.000000 1.000000
0.926979 -0.296702 0.229518 0.000000 0.227168 0.930931 0.285941 4.710300 -0.298504 -0.212922 0.930354 0.000000 0.000000 0.000000 0.000000 1.000000</float_array>
        <technique_common>
          <accessor source="#mixamorig_RightHandThumb3-Matrix-animation-output-transform-array" count="79" stride="16">
            <param type="float4x4"/>
          </accessor>
        </technique_common>
      </source>
      <source id="mixamorig_RightHandThumb3-Interpolations">
        <Name_array id="mixamorig_RightHandThumb3-Interpolations-array" count="79">
 LINEAR LINEAR LINEAR LINEAR LINEAR LINEAR LINEAR LINEAR LINEAR LINEAR LINEAR
LINEAR LINEAR LINEAR LINEAR LINEAR LINEAR LINEAR LINEAR LINEAR LINEAR LINEAR LINEAR
LINEAR LINEAR LINEAR LINEAR LINEAR LINEAR LINEAR LINEAR LINEAR LINEAR LINEAR LINEAR
LINEAR LINEAR LINEAR LINEAR LINEAR LINEAR LINEAR LINEAR LINEAR LINEAR LINEAR LINEAR
LINEAR LINEAR LINEAR LINEAR LINEAR LINEAR LINEAR LINEAR LINEAR LINEAR LINEAR LINEAR
LINEAR LINEAR LINEAR LINEAR LINEAR LINEAR LINEAR LINEAR LINEAR LINEAR LINEAR LINEAR
LINEAR LINEAR LINEAR LINEAR LINEAR LINEAR LINEAR LINEAR</Name_array>
        <technique_common>
          <accessor source="#mixamorig_RightHandThumb3-Interpolations-array" count="79">
            <param type="name"/>
          </accessor>
        </technique_common>
      </source>
      <sampler id="mixamorig_RightHandThumb3-Matrix-animation-transform">
        <input semantic="INPUT" source="#mixamorig_RightHandThumb3-Matrix-animation-input"/>
        <input semantic="OUTPUT" source="#mixamorig_RightHandThumb3-Matrix-animation-output-transform"/>
        <input semantic="INTERPOLATION" source="#mixamorig_RightHandThumb3-Interpolations"/>
      </sampler>
      <channel source="#mixamorig_RightHandThumb3-Matrix-animation-transform" target="mixamorig_RightHandThumb3/matrix"/>
    </animation>
    <animation id="mixamorig_RightHandIndex1-anim" name="mixamorig_RightHandIndex1">
      <source id="mixamorig_RightHandIndex1-Matrix-animation-input">
        <float_array id="mixamorig_RightHandIndex1-Matrix-animation-input-array" count="79">

0.000000 0.033333 0.066667 0.100000 0.133333 0.166667 0.200000 0.233333 0.266667 0.300000 0.333333 0.366667 0.400000 0.433333 0.466667 0.500000
0.533333 0.566667 0.600000 0.633333 0.666667 0.700000 0.733333 0.766667 0.800000 0.833333 0.866667 0.900000 0.933333 0.966667 1.000000 1.033333
1.066667 1.100000 1.133333 1.166667 1.200000 1.233333 1.266667 1.300000 1.333333 1.366667 1.400000 1.433333 1.466667 1.500000 1.533333 1.566667
1.600000 1.633333 1.666667 1.700000 1.733333 1.766667 1.800000 1.833333 1.866667 1.900000 1.933333 1.966667 2.000000 2.033333 2.066667 2.100000
2.133333 2.166667 2.200000 2.233333 2.266667 2.300000 2.333333 2.366667 2.400000 2.433333 2.466667 2.500000 2.533333 2.566667 2.600000</float_array>
        <technique_common>
          <accessor source="#mixamorig_RightHandIndex1-Matrix-animation-input-array" count="79">
            <param name="TIME" type="float"/>
          </accessor>
        </technique_common>
      </source>
      <source id="mixamorig_RightHandIndex1-Matrix-animation-output-transform">
        <float_array id="mixamorig_RightHandIndex1-Matrix-animation-output-transform-array" count="1264">

0.998713 -0.021945 0.045727 2.855500 0.050654 0.477650 -0.877089 14.669400 -0.002594 0.878276 0.478147 0.399000 0.000000 0.000000 0.000000 1.000000
0.998713 -0.021945 0.045728 2.855500 0.050654 0.477650 -0.877089 14.669400 -0.002594 0.878276 0.478147 0.399000 0.000000 0.000000 0.000000 1.000000
0.998713 -0.021945 0.045728 2.855500 0.050655 0.477650 -0.877089 14.669400 -0.002594 0.878276 0.478147 0.399000 0.000000 0.000000 0.000000 1.000000
0.998713 -0.021945 0.045728 2.855500 0.050655 0.477650 -0.877089 14.669400 -0.002594 0.878276 0.478147 0.399000 0.000000 0.000000 0.000000 1.000000
0.998713 -0.021945 0.045728 2.855500 0.050655 0.477649 -0.877089 14.669400 -0.002594 0.878276 0.478146 0.399000 0.000000 0.000000 0.000000 1.000000
0.998713 -0.021945 0.045728 2.855500 0.050654 0.477650 -0.877089 14.669400 -0.002594 0.878276 0.478147 0.399000 0.000000 0.000000 0.000000 1.000000
0.998713 -0.021945 0.045728 2.855500 0.050654 0.477650 -0.877089 14.669400 -0.002594 0.878276 0.478147 0.399000 0.000000 0.000000 0.000000 1.000000
0.998713 -0.021945 0.045728 2.855500 0.050655 0.477650 -0.877089 14.669400 -0.002594 0.878276 0.478147 0.399000 0.000000 0.000000 0.000000 1.000000
0.998713 -0.021945 0.045728 2.855500 0.050655 0.477650 -0.877089 14.669400 -0.002594 0.878276 0.478147 0.399000 0.000000 0.000000 0.000000 1.000000
0.998713 -0.021945 0.045728 2.855500 0.050655 0.477650 -0.877089 14.669400 -0.002594 0.878276 0.478146 0.399000 0.000000 0.000000 0.000000 1.000000
0.998713 -0.021945 0.045728 2.855500 0.050655 0.477650 -0.877089 14.669400 -0.002594 0.878276 0.478147 0.399000 0.000000 0.000000 0.000000 1.000000
0.998713 -0.021945 0.045728 2.855500 0.050654 0.477650 -0.877089 14.669400 -0.002594 0.878276 0.478147 0.399000 0.000000 0.000000 0.000000 1.000000
0.998713 -0.021945 0.045728 2.855500 0.050655 0.477650 -0.877089 14.669400 -0.002594 0.878276 0.478147 0.399000 0.000000 0.000000 0.000000 1.000000
0.998713 -0.021945 0.045728 2.855500 0.050654 0.477650 -0.877089 14.669400 -0.002594 0.878276 0.478147 0.399000 0.000000 0.000000 0.000000 1.000000
0.998713 -0.021945 0.045728 2.855500 0.050655 0.477650 -0.877089 14.669400 -0.002594 0.878276 0.478147 0.399000 0.000000 0.000000 0.000000 1.000000
0.998713 -0.021945 0.045728 2.855500 0.050655 0.477650 -0.877089 14.669400 -0.002594 0.878276 0.478147 0.399000 0.000000 0.000000 0.000000 1.000000
0.998713 -0.021945 0.045728 2.855500 0.050655 0.477650 -0.877089 14.669400 -0.002594 0.878276 0.478147 0.399000 0.000000 0.000000 0.000000 1.000000
0.998713 -0.021945 0.045728 2.855500 0.050655 0.477650 -0.877089 14.669400 -0.002594 0.878276 0.478147 0.399000 0.000000 0.000000 0.000000 1.000000
0.998713 -0.021945 0.045728 2.855500 0.050655 0.477650 -0.877089 14.669400 -0.002594 0.878276 0.478147 0.399000 0.000000 0.000000 0.000000 1.000000
0.998713 -0.021945 0.045728 2.855500 0.050655 0.477650 -0.877089 14.669400 -0.002594 0.878276 0.478147 0.399000 0.000000 0.000000 0.000000 1.000000
0.998713 -0.021945 0.045728 2.855500 0.050654 0.477650 -0.877089 14.669400 -0.002594 0.878276 0.478147 0.399000 0.000000 0.000000 0.000000 1.000000
0.998713 -0.021945 0.045728 2.855500 0.050655 0.477650 -0.877089 14.669400 -0.002594 0.878276 0.478147 0.399000 0.000000 0.000000 0.000000 1.000000
0.998713 -0.021945 0.045728 2.855500 0.050654 0.477650 -0.877089 14.669400 -0.002594 0.878276 0.478147 0.399000 0.000000 0.000000 0.000000 1.000000
0.998713 -0.021945 0.045728 2.855500 0.050655 0.477650 -0.877089 14.669400 -0.002594 0.878276 0.478146 0.399000 0.000000 0.000000 0.000000 1.000000
0.998713 -0.021945 0.045728 2.855500 0.050655 0.477650 -0.877089 14.669400 -0.002594 0.878276 0.478147 0.399000 0.000000 0.000000 0.000000 1.000000
0.998713 -0.021945 0.045728 2.855500 0.050654 0.477650 -0.877089 14.669400 -0.002594 0.878276 0.478147 0.399000 0.000000 0.000000 0.000000 1.000000
0.998713 -0.021945 0.045728 2.855500 0.050655 0.477650 -0.877089 14.669400 -0.002594 0.878276 0.478147 0.399000 0.000000 0.000000 0.000000 1.000000
0.998713 -0.021945 0.045728 2.855500 0.050655 0.477650 -0.877089 14.669400 -0.002594 0.878276 0.478147 0.399000 0.000000 0.000000 0.000000 1.000000
0.998713 -0.021945 0.045728 2.855500 0.050655 0.477650 -0.877089 14.669400 -0.002594 0.878276 0.478147 0.399000 0.000000 0.000000 0.000000 1.000000
0.998713 -0.021945 0.045728 2.855500 0.050654 0.477650 -0.877089 14.669400 -0.002594 0.878276 0.478147 0.399000 0.000000 0.000000 0.000000 1.000000
0.998713 -0.021945 0.045728 2.855500 0.050655 0.477650 -0.877089 14.669400 -0.002594 0.878276 0.478147 0.399000 0.000000 0.000000 0.000000 1.000000
0.998713 -0.021945 0.045728 2.855500 0.050655 0.477650 -0.877089 14.669400 -0.002594 0.878276 0.478147 0.399000 0.000000 0.000000 0.000000 1.000000
0.998713 -0.021945 0.045728 2.855500 0.050655 0.477650 -0.877089 14.669400 -0.002594 0.878276 0.478147 0.399000 0.000000 0.000000 0.000000 1.000000
0.998713 -0.021945 0.045728 2.855500 0.050655 0.477650 -0.877089 14.669400 -0.002594 0.878276 0.478147 0.399000 0.000000 0.000000 0.000000 1.000000
0.998713 -0.021945 0.045728 2.855500 0.050654 0.477650 -0.877089 14.669400 -0.002594 0.878276 0.478147 0.399000 0.000000 0.000000 0.000000 1.000000
0.998713 -0.021945 0.045728 2.855500 0.050654 0.477650 -0.877089 14.669400 -0.002594 0.878276 0.478147 0.399000 0.000000 0.000000 0.000000 1.000000
0.998713 -0.021945 0.045728 2.855500 0.050654 0.477650 -0.877089 14.669400 -0.002594 0.878276 0.478147 0.399000 0.000000 0.000000 0.000000 1.000000
0.998713 -0.021945 0.045728 2.855500 0.050654 0.477650 -0.877089 14.669400 -0.002594 0.878276 0.478147 0.399000 0.000000 0.000000 0.000000 1.000000
0.998713 -0.021945 0.045728 2.855500 0.050655 0.477650 -0.877089 14.669400 -0.002594 0.878276 0.478147 0.399000 0.000000 0.000000 0.000000 1.000000
0.998713 -0.021945 0.045728 2.855500 0.050654 0.477650 -0.877089 14.669400 -0.002594 0.878276 0.478147 0.399000 0.000000 0.000000 0.000000 1.000000
0.998713 -0.021945 0.045728 2.855500 0.050655 0.477650 -0.877089 14.669400 -0.002594 0.878276 0.478147 0.399000 0.000000 0.000000 0.000000 1.000000
0.998713 -0.021945 0.045728 2.855500 0.050655 0.477650 -0.877089 14.669400 -0.002594 0.878276 0.478147 0.399000 0.000000 0.000000 0.000000 1.000000
0.998713 -0.021945 0.045728 2.855500 0.050655 0.477650 -0.877089 14.669400 -0.002594 0.878276 0.478147 0.399000 0.000000 0.000000 0.000000 1.000000
0.998713 -0.021945 0.045728 2.855500 0.050655 0.477650 -0.877089 14.669400 -0.002594 0.878276 0.478147 0.399000 0.000000 0.000000 0.000000 1.000000
0.998713 -0.021945 0.045728 2.855500 0.050655 0.477650 -0.877089 14.669400 -0.002594 0.878276 0.478147 0.399000 0.000000 0.000000 0.000000 1.000000
0.998713 -0.021945 0.045728 2.855500 0.050654 0.477650 -0.877089 14.669400 -0.002594 0.878276 0.478147 0.399000 0.000000 0.000000 0.000000 1.000000
0.998713 -0.021945 0.045728 2.855500 0.050654 0.477650 -0.877089 14.669400 -0.002594 0.878276 0.478147 0.399000 0.000000 0.000000 0.000000 1.000000
0.998713 -0.021945 0.045728 2.855500 0.050655 0.477650 -0.877089 14.669400 -0.002594 0.878276 0.478147 0.399000 0.000000 0.000000 0.000000 1.000000
0.998713 -0.021945 0.045728 2.855500 0.050655 0.477650 -0.877089 14.669400 -0.002594 0.878276 0.478147 0.399000 0.000000 0.000000 0.000000 1.000000
0.998713 -0.021945 0.045728 2.855500 0.050654 0.477650 -0.877089 14.669400 -0.002594 0.878276 0.478146 0.399000 0.000000 0.000000 0.000000 1.000000
0.998713 -0.021945 0.045728 2.855500 0.050655 0.477650 -0.877089 14.669400 -0.002594 0.878276 0.478147 0.399000 0.000000 0.000000 0.000000 1.000000
0.998713 -0.021945 0.045728 2.855500 0.050655 0.477650 -0.877089 14.669400 -0.002594 0.878276 0.478146 0.399000 0.000000 0.000000 0.000000 1.000000
0.998713 -0.021945 0.045728 2.855500 0.050655 0.477650 -0.877089 14.669400 -0.002594 0.878276 0.478147 0.399000 0.000000 0.000000 0.000000 1.000000
0.998713 -0.021945 0.045728 2.855500 0.050655 0.477650 -0.877089 14.669400 -0.002594 0.878276 0.478147 0.399000 0.000000 0.000000 0.000000 1.000000
0.998713 -0.021945 0.045728 2.855500 0.050654 0.477650 -0.877089 14.669400 -0.002594 0.878276 0.478147 0.399000 0.000000 0.000000 0.000000 1.000000
0.998713 -0.021945 0.045728 2.855500 0.050655 0.477650 -0.877089 14.669400 -0.002594 0.878276 0.478147 0.399000 0.000000 0.000000 0.000000 1.000000
0.998713 -0.021945 0.045728 2.855500 0.050655 0.477650 -0.877089 14.669400 -0.002594 0.878276 0.478147 0.399000 0.000000 0.000000 0.000000 1.000000
0.998713 -0.021945 0.045728 2.855500 0.050654 0.477650 -0.877089 14.669400 -0.002594 0.878276 0.478147 0.399000 0.000000 0.000000 0.000000 1.000000
0.998713 -0.021945 0.045728 2.855500 0.050655 0.477650 -0.877089 14.669400 -0.002594 0.878276 0.478147 0.399000 0.000000 0.000000 0.000000 1.000000
0.998713 -0.021945 0.045728 2.855500 0.050655 0.477650 -0.877089 14.669400 -0.002594 0.878276 0.478147 0.399000 0.000000 0.000000 0.000000 1.000000
0.998713 -0.021945 0.045728 2.855500 0.050655 0.477650 -0.877089 14.669400 -0.002594 0.878276 0.478147 0.399000 0.000000 0.000000 0.000000 1.000000
0.998713 -0.021945 0.045728 2.855500 0.050654 0.477650 -0.877089 14.669400 -0.002594 0.878276 0.478147 0.399000 0.000000 0.000000 0.000000 1.000000
0.998713 -0.021945 0.045728 2.855500 0.050655 0.477650 -0.877089 14.669400 -0.002594 0.878276 0.478147 0.399000 0.000000 0.000000 0.000000 1.000000
0.998713 -0.021945 0.045728 2.855500 0.050655 0.477650 -0.877089 14.669400 -0.002594 0.878276 0.478147 0.399000 0.000000 0.000000 0.000000 1.000000
0.998713 -0.021945 0.045728 2.855500 0.050655 0.477650 -0.877089 14.669400 -0.002594 0.878276 0.478147 0.399000 0.000000 0.000000 0.000000 1.000000
0.998713 -0.021945 0.045728 2.855500 0.050654 0.477650 -0.877089 14.669400 -0.002594 0.878276 0.478147 0.399000 0.000000 0.000000 0.000000 1.000000
0.998713 -0.021945 0.045728 2.855500 0.050655 0.477650 -0.877089 14.669400 -0.002594 0.878276 0.478147 0.399000 0.000000 0.000000 0.000000 1.000000
0.998713 -0.021945 0.045728 2.855500 0.050654 0.477650 -0.877089 14.669400 -0.002594 0.878276 0.478147 0.399000 0.000000 0.000000 0.000000 1.000000
0.998713 -0.021945 0.045728 2.855500 0.050655 0.477650 -0.877089 14.669400 -0.002594 0.878276 0.478147 0.399000 0.000000 0.000000 0.000000 1.000000
0.998713 -0.021945 0.045728 2.855500 0.050655 0.477650 -0.877089 14.669400 -0.002594 0.878276 0.478147 0.399000 0.000000 0.000000 0.000000 1.000000
0.998713 -0.021945 0.045728 2.855500 0.050654 0.477650 -0.877089 14.669400 -0.002594 0.878276 0.478147 0.399000 0.000000 0.000000 0.000000 1.000000
0.998713 -0.021945 0.045728 2.855500 0.050654 0.477650 -0.877089 14.669400 -0.002594 0.878276 0.478147 0.399000 0.000000 0.000000 0.000000 1.000000
0.998713 -0.021945 0.045728 2.855500 0.050655 0.477650 -0.877089 14.669400 -0.002594 0.878276 0.478147 0.399000 0.000000 0.000000 0.000000 1.000000
0.998713 -0.021945 0.045728 2.855500 0.050655 0.477650 -0.877089 14.669400 -0.002594 0.878276 0.478147 0.399000 0.000000 0.000000 0.000000 1.000000
0.998713 -0.021945 0.045728 2.855500 0.050655 0.477650 -0.877089 14.669400 -0.002594 0.878276 0.478147 0.399000 0.000000 0.000000 0.000000 1.000000
0.998713 -0.021945 0.045728 2.855500 0.050655 0.477650 -0.877089 14.669400 -0.002594 0.878276 0.478147 0.399000 0.000000 0.000000 0.000000 1.000000
0.998713 -0.021945 0.045728 2.855500 0.050654 0.477650 -0.877089 14.669400 -0.002594 0.878276 0.478147 0.399000 0.000000 0.000000 0.000000 1.000000
0.998713 -0.021945 0.045728 2.855500 0.050655 0.477650 -0.877089 14.669400 -0.002594 0.878276 0.478147 0.399000 0.000000 0.000000 0.000000 1.000000
0.998713 -0.021945 0.045728 2.855500 0.050655 0.477650 -0.877089 14.669400 -0.002594 0.878276 0.478146 0.399000 0.000000 0.000000 0.000000 1.000000</float_array>
        <technique_common>
          <accessor source="#mixamorig_RightHandIndex1-Matrix-animation-output-transform-array" count="79" stride="16">
            <param type="float4x4"/>
          </accessor>
        </technique_common>
      </source>
      <source id="mixamorig_RightHandIndex1-Interpolations">
        <Name_array id="mixamorig_RightHandIndex1-Interpolations-array" count="79">
 LINEAR LINEAR LINEAR LINEAR LINEAR LINEAR LINEAR LINEAR LINEAR LINEAR LINEAR
LINEAR LINEAR LINEAR LINEAR LINEAR LINEAR LINEAR LINEAR LINEAR LINEAR LINEAR LINEAR
LINEAR LINEAR LINEAR LINEAR LINEAR LINEAR LINEAR LINEAR LINEAR LINEAR LINEAR LINEAR
LINEAR LINEAR LINEAR LINEAR LINEAR LINEAR LINEAR LINEAR LINEAR LINEAR LINEAR LINEAR
LINEAR LINEAR LINEAR LINEAR LINEAR LINEAR LINEAR LINEAR LINEAR LINEAR LINEAR LINEAR
LINEAR LINEAR LINEAR LINEAR LINEAR LINEAR LINEAR LINEAR LINEAR LINEAR LINEAR LINEAR
LINEAR LINEAR LINEAR LINEAR LINEAR LINEAR LINEAR LINEAR</Name_array>
        <technique_common>
          <accessor source="#mixamorig_RightHandIndex1-Interpolations-array" count="79">
            <param type="name"/>
          </accessor>
        </technique_common>
      </source>
      <sampler id="mixamorig_RightHandIndex1-Matrix-animation-transform">
        <input semantic="INPUT" source="#mixamorig_RightHandIndex1-Matrix-animation-input"/>
        <input semantic="OUTPUT" source="#mixamorig_RightHandIndex1-Matrix-animation-output-transform"/>
        <input semantic="INTERPOLATION" source="#mixamorig_RightHandIndex1-Interpolations"/>
      </sampler>
      <channel source="#mixamorig_RightHandIndex1-Matrix-animation-transform" target="mixamorig_RightHandIndex1/matrix"/>
    </animation>
    <animation id="mixamorig_RightHandIndex2-anim" name="mixamorig_RightHandIndex2">
      <source id="mixamorig_RightHandIndex2-Matrix-animation-input">
        <float_array id="mixamorig_RightHandIndex2-Matrix-animation-input-array" count="79">

0.000000 0.033333 0.066667 0.100000 0.133333 0.166667 0.200000 0.233333 0.266667 0.300000 0.333333 0.366667 0.400000 0.433333 0.466667 0.500000
0.533333 0.566667 0.600000 0.633333 0.666667 0.700000 0.733333 0.766667 0.800000 0.833333 0.866667 0.900000 0.933333 0.966667 1.000000 1.033333
1.066667 1.100000 1.133333 1.166667 1.200000 1.233333 1.266667 1.300000 1.333333 1.366667 1.400000 1.433333 1.466667 1.500000 1.533333 1.566667
1.600000 1.633333 1.666667 1.700000 1.733333 1.766667 1.800000 1.833333 1.866667 1.900000 1.933333 1.966667 2.000000 2.033333 2.066667 2.100000
2.133333 2.166667 2.200000 2.233333 2.266667 2.300000 2.333333 2.366667 2.400000 2.433333 2.466667 2.500000 2.533333 2.566667 2.600000</float_array>
        <technique_common>
          <accessor source="#mixamorig_RightHandIndex2-Matrix-animation-input-array" count="79">
            <param name="TIME" type="float"/>
          </accessor>
        </technique_common>
      </source>
      <source id="mixamorig_RightHandIndex2-Matrix-animation-output-transform">
        <float_array id="mixamorig_RightHandIndex2-Matrix-animation-output-transform-array" count="1264">

0.996871 0.032722 -0.071951 0.000000 -0.079029 0.395833 -0.914916 3.248600 -0.001458 0.917739 0.397181 0.000000 0.000000 0.000000 0.000000 1.000000
0.996871 0.032722 -0.071951 -0.000000 -0.079029 0.395833 -0.914916 3.248600 -0.001457 0.917739 0.397181 0.000000 0.000000 0.000000 0.000000 1.000000
0.996871 0.032722 -0.071951 0.000000 -0.079029 0.395833 -0.914916 3.248600 -0.001457 0.917739 0.397180 0.000000 0.000000 0.000000 0.000000 1.000000
0.996871 0.032722 -0.071951 0.000000 -0.079029 0.395833 -0.914916 3.248600 -0.001457 0.917739 0.397181 -0.000000 0.000000 0.000000 0.000000 1.000000
0.996871 0.032722 -0.071951 -0.000000 -0.079029 0.395833 -0.914916 3.248600 -0.001457 0.917739 0.397181 -0.000000 0.000000 0.000000 0.000000 1.000000
0.996871 0.032722 -0.071951 0.000000 -0.079029 0.395833 -0.914916 3.248600 -0.001457 0.917739 0.397181 -0.000000 0.000000 0.000000 0.000000 1.000000
0.996871 0.032722 -0.071951 0.000000 -0.079029 0.395833 -0.914916 3.248600 -0.001457 0.917739 0.397181 0.000000 0.000000 0.000000 0.000000 1.000000
0.996871 0.032722 -0.071951 0.000000 -0.079029 0.395833 -0.914916 3.248600 -0.001457 0.917739 0.397181 0.000000 0.000000 0.000000 0.000000 1.000000
0.996871 0.032722 -0.071951 0.000000 -0.079029 0.395833 -0.914916 3.248600 -0.001457 0.917739 0.397181 -0.000000 0.000000 0.000000 0.000000 1.000000
0.996871 0.032722 -0.071951 0.000000 -0.079029 0.395833 -0.914916 3.248600 -0.001457 0.917739 0.397181 0.000000 0.000000 0.000000 0.000000 1.000000
0.996871 0.032722 -0.071951 0.000000 -0.079029 0.395833 -0.914916 3.248600 -0.001457 0.917739 0.397181 0.000000 0.000000 0.000000 0.000000 1.000000
0.996871 0.032722 -0.071951 -0.000000 -0.079029 0.395833 -0.914916 3.248600 -0.001457 0.917739 0.397180 -0.000000 0.000000 0.000000 0.000000 1.000000
0.996871 0.032722 -0.071951 0.000000 -0.079029 0.395833 -0.914916 3.248600 -0.001457 0.917739 0.397180 0.000000 0.000000 0.000000 0.000000 1.000000
0.996871 0.032722 -0.071951 0.000000 -0.079029 0.395833 -0.914916 3.248600 -0.001457 0.917739 0.397181 0.000000 0.000000 0.000000 0.000000 1.000000
0.996871 0.032722 -0.071951 0.000000 -0.079029 0.395833 -0.914916 3.248600 -0.001457 0.917739 0.397181 0.000000 0.000000 0.000000 0.000000 1.000000
0.996871 0.032722 -0.071951 -0.000000 -0.079029 0.395833 -0.914916 3.248600 -0.001457 0.917739 0.397181 0.000000 0.000000 0.000000 0.000000 1.000000
0.996871 0.032722 -0.071951 -0.000000 -0.079029 0.395833 -0.914916 3.248600 -0.001457 0.917739 0.397181 0.000000 0.000000 0.000000 0.000000 1.000000
0.996871 0.032722 -0.071951 -0.000000 -0.079029 0.395833 -0.914916 3.248600 -0.001457 0.917739 0.397181 0.000000 0.000000 0.000000 0.000000 1.000000
0.996871 0.032722 -0.071951 0.000000 -0.079029 0.395833 -0.914916 3.248600 -0.001457 0.917739 0.397181 0.000000 0.000000 0.000000 0.000000 1.000000
0.996871 0.032722 -0.071951 -0.000000 -0.079029 0.395833 -0.914916 3.248600 -0.001457 0.917739 0.397180 0.000000 0.000000 0.000000 0.000000 1.000000
0.996871 0.032722 -0.071951 -0.000000 -0.079029 0.395833 -0.914916 3.248600 -0.001457 0.917739 0.397181 -0.000000 0.000000 0.000000 0.000000 1.000000
0.996871 0.032722 -0.071951 -0.000000 -0.079029 0.395833 -0.914916 3.248600 -0.001457 0.917739 0.397181 0.000000 0.000000 0.000000 0.000000 1.000000
0.996871 0.032722 -0.071951 -0.000000 -0.079029 0.395833 -0.914916 3.248600 -0.001457 0.917739 0.397180 0.000000 0.000000 0.000000 0.000000 1.000000
0.996871 0.032722 -0.071951 0.000000 -0.079029 0.395833 -0.914916 3.248600 -0.001457 0.917739 0.397180 0.000000 0.000000 0.000000 0.000000 1.000000
0.996871 0.032722 -0.071951 0.000000 -0.079029 0.395833 -0.914916 3.248600 -0.001457 0.917739 0.397181 0.000000 0.000000 0.000000 0.000000 1.000000
0.996871 0.032722 -0.071951 0.000000 -0.079029 0.395833 -0.914916 3.248600 -0.001457 0.917739 0.397180 0.000000 0.000000 0.000000 0.000000 1.000000
0.996871 0.032722 -0.071951 0.000000 -0.079029 0.395833 -0.914916 3.248600 -0.001457 0.917739 0.397181 0.000000 0.000000 0.000000 0.000000 1.000000
0.996871 0.032722 -0.071951 0.000000 -0.079029 0.395833 -0.914916 3.248600 -0.001457 0.917739 0.397180 0.000000 0.000000 0.000000 0.000000 1.000000
0.996871 0.032722 -0.071951 -0.000000 -0.079029 0.395833 -0.914916 3.248600 -0.001457 0.917739 0.397180 0.000000 0.000000 0.000000 0.000000 1.000000
0.996871 0.032722 -0.071951 0.000000 -0.079029 0.395833 -0.914916 3.248600 -0.001457 0.917739 0.397180 0.000000 0.000000 0.000000 0.000000 1.000000
0.996871 0.032722 -0.071951 0.000000 -0.079029 0.395833 -0.914916 3.248600 -0.001457 0.917739 0.397181 0.000000 0.000000 0.000000 0.000000 1.000000
0.996871 0.032722 -0.071951 0.000000 -0.079029 0.395833 -0.914916 3.248600 -0.001457 0.917739 0.397181 0.000000 0.000000 0.000000 0.000000 1.000000
0.996871 0.032722 -0.071951 0.000000 -0.079029 0.395833 -0.914916 3.248600 -0.001457 0.917739 0.397180 0.000000 0.000000 0.000000 0.000000 1.000000
0.996871 0.032722 -0.071951 0.000000 -0.079029 0.395833 -0.914916 3.248600 -0.001457 0.917739 0.397181 -0.000000 0.000000 0.000000 0.000000 1.000000
0.996871 0.032722 -0.071951 0.000000 -0.079029 0.395833 -0.914916 3.248600 -0.001457 0.917739 0.397180 0.000000 0.000000 0.000000 0.000000 1.000000
0.996871 0.032722 -0.071951 0.000000 -0.079029 0.395833 -0.914916 3.248600 -0.001457 0.917739 0.397181 0.000000 0.000000 0.000000 0.000000 1.000000
0.996871 0.032722 -0.071951 0.000000 -0.079029 0.395833 -0.914916 3.248600 -0.001457 0.917739 0.397180 0.000000 0.000000 0.000000 0.000000 1.000000
0.996871 0.032722 -0.071951 0.000000 -0.079029 0.395833 -0.914916 3.248600 -0.001457 0.917739 0.397180 0.000000 0.000000 0.000000 0.000000 1.000000
0.996871 0.032722 -0.071951 0.000000 -0.079029 0.395833 -0.914915 3.248600 -0.001457 0.917739 0.397181 -0.000000 0.000000 0.000000 0.000000 1.000000
0.996871 0.032722 -0.071951 0.000000 -0.079029 0.395833 -0.914916 3.248600 -0.001457 0.917739 0.397181 0.000000 0.000000 0.000000 0.000000 1.000000
0.996871 0.032722 -0.071951 0.000000 -0.079029 0.395833 -0.914916 3.248600 -0.001457 0.917739 0.397181 0.000000 0.000000 0.000000 0.000000 1.000000
0.996871 0.032722 -0.071951 0.000000 -0.079029 0.395833 -0.914916 3.248600 -0.001457 0.917739 0.397181 0.000000 0.000000 0.000000 0.000000 1.000000
0.996871 0.032722 -0.071951 0.000000 -0.079029 0.395833 -0.914916 3.248600 -0.001457 0.917739 0.397180 -0.000000 0.000000 0.000000 0.000000 1.000000
0.996871 0.032722 -0.071951 -0.000000 -0.079029 0.395833 -0.914916 3.248600 -0.001457 0.917739 0.397180 -0.000000 0.000000 0.000000 0.000000 1.000000
0.996871 0.032722 -0.071951 0.000000 -0.079029 0.395833 -0.914916 3.248600 -0.001457 0.917739 0.397181 0.000000 0.000000 0.000000 0.000000 1.000000
0.996871 0.032722 -0.071951 0.000000 -0.079029 0.395833 -0.914916 3.248600 -0.001458 0.917739 0.397180 0.000000 0.000000 0.000000 0.000000 1.000000
0.996871 0.032722 -0.071951 0.000000 -0.079029 0.395833 -0.914915 3.248600 -0.001457 0.917739 0.397181 -0.000000 0.000000 0.000000 0.000000 1.000000
0.996871 0.032722 -0.071951 0.000000 -0.079029 0.395833 -0.914916 3.248600 -0.001457 0.917739 0.397181 -0.000000 0.000000 0.000000 0.000000 1.000000
0.996871 0.032722 -0.071951 0.000000 -0.079029 0.395833 -0.914916 3.248600 -0.001457 0.917739 0.397180 -0.000000 0.000000 0.000000 0.000000 1.000000
0.996871 0.032722 -0.071951 0.000000 -0.079029 0.395833 -0.914916 3.248600 -0.001457 0.917739 0.397181 0.000000 0.000000 0.000000 0.000000 1.000000
0.996871 0.032722 -0.071951 0.000000 -0.079029 0.395833 -0.914916 3.248600 -0.001457 0.917739 0.397180 0.000000 0.000000 0.000000 0.000000 1.000000
0.996871 0.032722 -0.071951 0.000000 -0.079029 0.395833 -0.914916 3.248600 -0.001457 0.917739 0.397181 0.000000 0.000000 0.000000 0.000000 1.000000
0.996871 0.032722 -0.071951 0.000000 -0.079029 0.395833 -0.914916 3.248600 -0.001457 0.917739 0.397180 0.000000 0.000000 0.000000 0.000000 1.000000
0.996871 0.032722 -0.071951 0.000000 -0.079029 0.395833 -0.914916 3.248600 -0.001457 0.917739 0.397180 0.000000 0.000000 0.000000 0.000000 1.000000
0.996871 0.032722 -0.071951 0.000000 -0.079029 0.395833 -0.914916 3.248600 -0.001457 0.917739 0.397181 0.000000 0.000000 0.000000 0.000000 1.000000
0.996871 0.032722 -0.071951 -0.000000 -0.079029 0.395832 -0.914916 3.248600 -0.001457 0.917740 0.397180 0.000000 0.000000 0.000000 0.000000 1.000000
0.996871 0.032722 -0.071951 0.000000 -0.079029 0.395833 -0.914916 3.248600 -0.001457 0.917739 0.397181 -0.000000 0.000000 0.000000 0.000000 1.000000
0.996871 0.032722 -0.071951 0.000000 -0.079029 0.395833 -0.914916 3.248600 -0.001457 0.917739 0.397181 0.000000 0.000000 0.000000 0.000000 1.000000
0.996871 0.032722 -0.071951 0.000000 -0.079029 0.395833 -0.914916 3.248600 -0.001457 0.917739 0.397180 0.000000 0.000000 0.000000 0.000000 1.000000
0.996871 0.032722 -0.071951 -0.000000 -0.079029 0.395833 -0.914916 3.248600 -0.001457 0.917739 0.397180 0.000000 0.000000 0.000000 0.000000 1.000000
0.996871 0.032722 -0.071951 0.000000 -0.079029 0.395833 -0.914916 3.248600 -0.001457 0.917739 0.397180 0.000000 0.000000 0.000000 0.000000 1.000000
0.996871 0.032722 -0.071951 0.000000 -0.079029 0.395833 -0.914916 3.248600 -0.001457 0.917739 0.397180 0.000000 0.000000 0.000000 0.000000 1.000000
0.996871 0.032722 -0.071951 -0.000000 -0.079029 0.395834 -0.914915 3.248600 -0.001457 0.917739 0.397181 -0.000000 0.000000 0.000000 0.000000 1.000000
0.996871 0.032722 -0.071951 -0.000000 -0.079029 0.395833 -0.914916 3.248600 -0.001457 0.917739 0.397181 0.000000 0.000000 0.000000 0.000000 1.000000
0.996871 0.032722 -0.071951 0.000000 -0.079029 0.395833 -0.914916 3.248600 -0.001457 0.917739 0.397181 0.000000 0.000000 0.000000 0.000000 1.000000
0.996871 0.032722 -0.071951 0.000000 -0.079029 0.395833 -0.914916 3.248600 -0.001457 0.917739 0.397181 -0.000000 0.000000 0.000000 0.000000 1.000000
0.996871 0.032722 -0.071951 0.000000 -0.079029 0.395833 -0.914916 3.248600 -0.001457 0.917739 0.397181 -0.000000 0.000000 0.000000 0.000000 1.000000
0.996871 0.032722 -0.071951 0.000000 -0.079029 0.395833 -0.914916 3.248600 -0.001457 0.917739 0.397180 0.000000 0.000000 0.000000 0.000000 1.000000
0.996871 0.032722 -0.071951 -0.000000 -0.079029 0.395833 -0.914916 3.248600 -0.001457 0.917739 0.397181 0.000000 0.000000 0.000000 0.000000 1.000000
0.996871 0.032722 -0.071951 -0.000000 -0.079029 0.395833 -0.914916 3.248600 -0.001457 0.917739 0.397180 0.000000 0.000000 0.000000 0.000000 1.000000
0.996871 0.032722 -0.071951 -0.000000 -0.079029 0.395833 -0.914916 3.248600 -0.001457 0.917739 0.397181 0.000000 0.000000 0.000000 0.000000 1.000000
0.996871 0.032722 -0.071951 -0.000000 -0.079029 0.395833 -0.914916 3.248600 -0.001457 0.917739 0.397181 -0.000000 0.000000 0.000000 0.000000 1.000000
0.996871 0.032722 -0.071951 0.000000 -0.079029 0.395833 -0.914916 3.248600 -0.001457 0.917739 0.397180 -0.000000 0.000000 0.000000 0.000000 1.000000
0.996871 0.032722 -0.071951 0.000000 -0.079029 0.395833 -0.914916 3.248600 -0.001457 0.917739 0.397181 0.000000 0.000000 0.000000 0.000000 1.000000
0.996871 0.032722 -0.071951 0.000000 -0.079029 0.395833 -0.914916 3.248600 -0.001457 0.917739 0.397181 0.000000 0.000000 0.000000 0.000000 1.000000
0.996871 0.032722 -0.071951 0.000000 -0.079029 0.395833 -0.914916 3.248600 -0.001457 0.917739 0.397181 -0.000000 0.000000 0.000000 0.000000 1.000000
0.996871 0.032722 -0.071951 0.000000 -0.079029 0.395833 -0.914916 3.248600 -0.001457 0.917739 0.397181 0.000000 0.000000 0.000000 0.000000 1.000000
0.996871 0.032722 -0.071951 0.000000 -0.079029 0.395833 -0.914916 3.248600 -0.001457 0.917739 0.397180 0.000000 0.000000 0.000000 0.000000 1.000000
0.996871 0.032722 -0.071951 0.000000 -0.079029 0.395833 -0.914916 3.248600 -0.001457 0.917739 0.397180 -0.000000 0.000000 0.000000 0.000000 1.000000</float_array>
        <technique_common>
          <accessor source="#mixamorig_RightHandIndex2-Matrix-animation-output-transform-array" count="79" stride="16">
            <param type="float4x4"/>
          </accessor>
        </technique_common>
      </source>
      <source id="mixamorig_RightHandIndex2-Interpolations">
        <Name_array id="mixamorig_RightHandIndex2-Interpolations-array" count="79">
 LINEAR LINEAR LINEAR LINEAR LINEAR LINEAR LINEAR LINEAR LINEAR LINEAR LINEAR
LINEAR LINEAR LINEAR LINEAR LINEAR LINEAR LINEAR LINEAR LINEAR LINEAR LINEAR LINEAR
LINEAR LINEAR LINEAR LINEAR LINEAR LINEAR LINEAR LINEAR LINEAR LINEAR LINEAR LINEAR
LINEAR LINEAR LINEAR LINEAR LINEAR LINEAR LINEAR LINEAR LINEAR LINEAR LINEAR LINEAR
LINEAR LINEAR LINEAR LINEAR LINEAR LINEAR LINEAR LINEAR LINEAR LINEAR LINEAR LINEAR
LINEAR LINEAR LINEAR LINEAR LINEAR LINEAR LINEAR LINEAR LINEAR LINEAR LINEAR LINEAR
LINEAR LINEAR LINEAR LINEAR LINEAR LINEAR LINEAR LINEAR</Name_array>
        <technique_common>
          <accessor source="#mixamorig_RightHandIndex2-Interpolations-array" count="79">
            <param type="name"/>
          </accessor>
        </technique_common>
      </source>
      <sampler id="mixamorig_RightHandIndex2-Matrix-animation-transform">
        <input semantic="INPUT" source="#mixamorig_RightHandIndex2-Matrix-animation-input"/>
        <input semantic="OUTPUT" source="#mixamorig_RightHandIndex2-Matrix-animation-output-transform"/>
        <input semantic="INTERPOLATION" source="#mixamorig_RightHandIndex2-Interpolations"/>
      </sampler>
      <channel source="#mixamorig_RightHandIndex2-Matrix-animation-transform" target="mixamorig_RightHandIndex2/matrix"/>
    </animation>
    <animation id="mixamorig_RightHandIndex3-anim" name="mixamorig_RightHandIndex3">
      <source id="mixamorig_RightHandIndex3-Matrix-animation-input">
        <float_array id="mixamorig_RightHandIndex3-Matrix-animation-input-array" count="79">

0.000000 0.033333 0.066667 0.100000 0.133333 0.166667 0.200000 0.233333 0.266667 0.300000 0.333333 0.366667 0.400000 0.433333 0.466667 0.500000
0.533333 0.566667 0.600000 0.633333 0.666667 0.700000 0.733333 0.766667 0.800000 0.833333 0.866667 0.900000 0.933333 0.966667 1.000000 1.033333
1.066667 1.100000 1.133333 1.166667 1.200000 1.233333 1.266667 1.300000 1.333333 1.366667 1.400000 1.433333 1.466667 1.500000 1.533333 1.566667
1.600000 1.633333 1.666667 1.700000 1.733333 1.766667 1.800000 1.833333 1.866667 1.900000 1.933333 1.966667 2.000000 2.033333 2.066667 2.100000
2.133333 2.166667 2.200000 2.233333 2.266667 2.300000 2.333333 2.366667 2.400000 2.433333 2.466667 2.500000 2.533333 2.566667 2.600000</float_array>
        <technique_common>
          <accessor source="#mixamorig_RightHandIndex3-Matrix-animation-input-array" count="79">
            <param name="TIME" type="float"/>
          </accessor>
        </technique_common>
      </source>
      <source id="mixamorig_RightHandIndex3-Matrix-animation-output-transform">
        <float_array id="mixamorig_RightHandIndex3-Matrix-animation-output-transform-array" count="1264">

0.999468 -0.030395 -0.011858 0.000000 0.005237 0.508176 -0.861238 2.659600 0.032203 0.860717 0.508064 0.000000 0.000000 0.000000 0.000000 1.000000
0.999468 -0.030395 -0.011858 0.000000 0.005236 0.508176 -0.861237 2.659600 0.032203 0.860717 0.508064 0.000000 0.000000 0.000000 0.000000 1.000000
0.999468 -0.030395 -0.011858 -0.000000 0.005236 0.508176 -0.861238 2.659600 0.032203 0.860717 0.508064 0.000000 0.000000 0.000000 0.000000 1.000000
0.999468 -0.030395 -0.011858 0.000000 0.005236 0.508176 -0.861238 2.659600 0.032203 0.860717 0.508064 0.000000 0.000000 0.000000 0.000000 1.000000
0.999468 -0.030395 -0.011858 -0.000000 0.005236 0.508176 -0.861237 2.659600 0.032203 0.860717 0.508065 -0.000000 0.000000 0.000000 0.000000 1.000000
0.999468 -0.030395 -0.011858 -0.000000 0.005236 0.508176 -0.861237 2.659600 0.032204 0.860717 0.508064 0.000000 0.000000 0.000000 0.000000 1.000000
0.999468 -0.030395 -0.011858 0.000000 0.005237 0.508176 -0.861238 2.659600 0.032203 0.860717 0.508064 0.000000 0.000000 0.000000 0.000000 1.000000
0.999468 -0.030395 -0.011858 0.000000 0.005236 0.508176 -0.861237 2.659600 0.032204 0.860717 0.508064 0.000000 0.000000 0.000000 0.000000 1.000000
0.999468 -0.030395 -0.011858 0.000000 0.005236 0.508176 -0.861238 2.659600 0.032203 0.860717 0.508064 0.000000 0.000000 0.000000 0.000000 1.000000
0.999468 -0.030395 -0.011858 0.000000 0.005236 0.508176 -0.861237 2.659600 0.032203 0.860717 0.508064 -0.000000 0.000000 0.000000 0.000000 1.000000
0.999468 -0.030395 -0.011858 -0.000000 0.005236 0.508176 -0.861238 2.659600 0.032204 0.860717 0.508064 -0.000000 0.000000 0.000000 0.000000 1.000000
0.999468 -0.030395 -0.011858 0.000000 0.005236 0.508176 -0.861237 2.659600 0.032203 0.860717 0.508065 -0.000000 0.000000 0.000000 0.000000 1.000000
0.999468 -0.030395 -0.011858 0.000000 0.005236 0.508176 -0.861237 2.659600 0.032204 0.860717 0.508064 0.000000 0.000000 0.000000 0.000000 1.000000
0.999468 -0.030395 -0.011858 0.000000 0.005236 0.508176 -0.861237 2.659600 0.032203 0.860717 0.508064 0.000000 0.000000 0.000000 0.000000 1.000000
0.999468 -0.030395 -0.011858 0.000000 0.005236 0.508176 -0.861238 2.659600 0.032203 0.860717 0.508064 0.000000 0.000000 0.000000 0.000000 1.000000
0.999468 -0.030395 -0.011858 -0.000000 0.005237 0.508176 -0.861238 2.659600 0.032203 0.860717 0.508064 -0.000000 0.000000 0.000000 0.000000 1.000000
0.999468 -0.030395 -0.011858 -0.000000 0.005237 0.508176 -0.861238 2.659600 0.032203 0.860717 0.508064 -0.000000 0.000000 0.000000 0.000000 1.000000
0.999468 -0.030395 -0.011858 0.000000 0.005236 0.508176 -0.861238 2.659600 0.032203 0.860717 0.508064 0.000000 0.000000 0.000000 0.000000 1.000000
0.999468 -0.030395 -0.011858 0.000000 0.005236 0.508176 -0.861237 2.659600 0.032204 0.860717 0.508064 0.000000 0.000000 0.000000 0.000000 1.000000
0.999468 -0.030395 -0.011858 -0.000000 0.005236 0.508176 -0.861238 2.659600 0.032204 0.860717 0.508064 -0.000000 0.000000 0.000000 0.000000 1.000000
0.999468 -0.030395 -0.011858 0.000000 0.005237 0.508176 -0.861238 2.659600 0.032203 0.860717 0.508064 -0.000000 0.000000 0.000000 0.000000 1.000000
0.999468 -0.030395 -0.011858 0.000000 0.005237 0.508175 -0.861238 2.659600 0.032204 0.860717 0.508064 0.000000 0.000000 0.000000 0.000000 1.000000
0.999468 -0.030395 -0.011858 0.000000 0.005236 0.508176 -0.861238 2.659600 0.032203 0.860717 0.508064 0.000000 0.000000 0.000000 0.000000 1.000000
0.999468 -0.030396 -0.011858 -0.000000 0.005236 0.508175 -0.861238 2.659600 0.032204 0.860717 0.508064 -0.000000 0.000000 0.000000 0.000000 1.000000
0.999468 -0.030395 -0.011858 0.000000 0.005236 0.508176 -0.861237 2.659600 0.032203 0.860717 0.508065 -0.000000 0.000000 0.000000 0.000000 1.000000
0.999468 -0.030395 -0.011858 -0.000000 0.005236 0.508176 -0.861238 2.659600 0.032204 0.860717 0.508064 0.000000 0.000000 0.000000 0.000000 1.000000
0.999468 -0.030395 -0.011858 0.000000 0.005236 0.508176 -0.861238 2.659600 0.032203 0.860717 0.508064 -0.000000 0.000000 0.000000 0.000000 1.000000
0.999468 -0.030395 -0.011858 0.000000 0.005236 0.508176 -0.861237 2.659600 0.032203 0.860717 0.508064 -0.000000 0.000000 0.000000 0.000000 1.000000
0.999468 -0.030395 -0.011858 0.000000 0.005236 0.508176 -0.861238 2.659600 0.032203 0.860717 0.508064 0.000000 0.000000 0.000000 0.000000 1.000000
0.999468 -0.030395 -0.011858 0.000000 0.005236 0.508176 -0.861237 2.659600 0.032203 0.860717 0.508064 0.000000 0.000000 0.000000 0.000000 1.000000
0.999468 -0.030395 -0.011858 0.000000 0.005236 0.508176 -0.861238 2.659600 0.032204 0.860717 0.508064 0.000000 0.000000 0.000000 0.000000 1.000000
0.999468 -0.030395 -0.011858 0.000000 0.005237 0.508175 -0.861238 2.659600 0.032203 0.860717 0.508064 -0.000000 0.000000 0.000000 0.000000 1.000000
0.999468 -0.030395 -0.011858 0.000000 0.005236 0.508176 -0.861238 2.659600 0.032203 0.860717 0.508064 0.000000 0.000000 0.000000 0.000000 1.000000
0.999468 -0.030395 -0.011858 -0.000000 0.005237 0.508176 -0.861238 2.659600 0.032203 0.860717 0.508064 0.000000 0.000000 0.000000 0.000000 1.000000
0.999468 -0.030395 -0.011858 0.000000 0.005236 0.508176 -0.861237 2.659600 0.032203 0.860717 0.508064 0.000000 0.000000 0.000000 0.000000 1.000000
0.999468 -0.030395 -0.011858 0.000000 0.005236 0.508176 -0.861238 2.659600 0.032203 0.860717 0.508064 0.000000 0.000000 0.000000 0.000000 1.000000
0.999468 -0.030395 -0.011858 0.000000 0.005236 0.508176 -0.861238 2.659600 0.032203 0.860717 0.508064 0.000000 0.000000 0.000000 0.000000 1.000000
0.999468 -0.030395 -0.011858 0.000000 0.005236 0.508176 -0.861237 2.659600 0.032203 0.860717 0.508064 0.000000 0.000000 0.000000 0.000000 1.000000
0.999468 -0.030395 -0.011858 0.000000 0.005236 0.508176 -0.861237 2.659600 0.032203 0.860717 0.508064 0.000000 0.000000 0.000000 0.000000 1.000000
0.999468 -0.030395 -0.011858 0.000000 0.005236 0.508175 -0.861238 2.659600 0.032204 0.860717 0.508064 -0.000000 0.000000 0.000000 0.000000 1.000000
0.999468 -0.030395 -0.011858 0.000000 0.005236 0.508176 -0.861238 2.659600 0.032203 0.860717 0.508064 0.000000 0.000000 0.000000 0.000000 1.000000
0.999468 -0.030395 -0.011858 0.000000 0.005236 0.508176 -0.861238 2.659600 0.032203 0.860717 0.508064 -0.000000 0.000000 0.000000 0.000000 1.000000
0.999468 -0.030395 -0.011858 0.000000 0.005236 0.508176 -0.861237 2.659600 0.032203 0.860717 0.508064 0.000000 0.000000 0.000000 0.000000 1.000000
0.999468 -0.030395 -0.011858 0.000000 0.005237 0.508176 -0.861238 2.659600 0.032203 0.860717 0.508064 0.000000 0.000000 0.000000 0.000000 1.000000
0.999468 -0.030395 -0.011858 0.000000 0.005237 0.508176 -0.861237 2.659600 0.032203 0.860717 0.508065 0.000000 0.000000 0.000000 0.000000 1.000000
0.999468 -0.030395 -0.011858 0.000000 0.005236 0.508176 -0.861237 2.659600 0.032203 0.860717 0.508064 0.000000 0.000000 0.000000 0.000000 1.000000
0.999468 -0.030395 -0.011858 0.000000 0.005237 0.508175 -0.861238 2.659600 0.032203 0.860717 0.508064 0.000000 0.000000 0.000000 0.000000 1.000000
0.999468 -0.030395 -0.011858 0.000000 0.005236 0.508175 -0.861238 2.659600 0.032203 0.860717 0.508064 -0.000000 0.000000 0.000000 0.000000 1.000000
0.999468 -0.030395 -0.011858 0.000000 0.005237 0.508176 -0.861238 2.659600 0.032203 0.860717 0.508064 -0.000000 0.000000 0.000000 0.000000 1.000000
0.999468 -0.030395 -0.011858 0.000000 0.005237 0.508176 -0.861238 2.659600 0.032203 0.860717 0.508064 -0.000000 0.000000 0.000000 0.000000 1.000000
0.999468 -0.030395 -0.011858 0.000000 0.005236 0.508176 -0.861237 2.659600 0.032203 0.860717 0.508064 -0.000000 0.000000 0.000000 0.000000 1.000000
0.999468 -0.030395 -0.011858 0.000000 0.005237 0.508176 -0.861237 2.659600 0.032203 0.860717 0.508064 0.000000 0.000000 0.000000 0.000000 1.000000
0.999468 -0.030395 -0.011858 0.000000 0.005236 0.508176 -0.861238 2.659600 0.032204 0.860717 0.508064 -0.000000 0.000000 0.000000 0.000000 1.000000
0.999468 -0.030395 -0.011858 0.000000 0.005236 0.508176 -0.861237 2.659600 0.032203 0.860717 0.508064 -0.000000 0.000000 0.000000 0.000000 1.000000
0.999468 -0.030395 -0.011858 -0.000000 0.005237 0.508176 -0.861237 2.659600 0.032204 0.860717 0.508064 0.000000 0.000000 0.000000 0.000000 1.000000
0.999468 -0.030395 -0.011858 0.000000 0.005236 0.508176 -0.861238 2.659600 0.032203 0.860717 0.508064 -0.000000 0.000000 0.000000 0.000000 1.000000
0.999468 -0.030395 -0.011858 0.000000 0.005237 0.508176 -0.861237 2.659600 0.032203 0.860717 0.508064 -0.000000 0.000000 0.000000 0.000000 1.000000
0.999468 -0.030395 -0.011858 0.000000 0.005236 0.508176 -0.861238 2.659600 0.032203 0.860717 0.508064 -0.000000 0.000000 0.000000 0.000000 1.000000
0.999468 -0.030395 -0.011858 -0.000000 0.005236 0.508175 -0.861238 2.659600 0.032204 0.860717 0.508064 0.000000 0.000000 0.000000 0.000000 1.000000
0.999468 -0.030395 -0.011858 0.000000 0.005236 0.508176 -0.861238 2.659600 0.032203 0.860717 0.508064 0.000000 0.000000 0.000000 0.000000 1.000000
0.999468 -0.030395 -0.011858 0.000000 0.005237 0.508176 -0.861238 2.659600 0.032203 0.860717 0.508064 0.000000 0.000000 0.000000 0.000000 1.000000
0.999468 -0.030395 -0.011858 -0.000000 0.005236 0.508176 -0.861237 2.659600 0.032203 0.860717 0.508064 -0.000000 0.000000 0.000000 0.000000 1.000000
0.999468 -0.030395 -0.011858 0.000000 0.005236 0.508176 -0.861238 2.659600 0.032203 0.860717 0.508064 -0.000000 0.000000 0.000000 0.000000 1.000000
0.999468 -0.030395 -0.011858 -0.000000 0.005236 0.508176 -0.861237 2.659600 0.032203 0.860717 0.508065 0.000000 0.000000 0.000000 0.000000 1.000000
0.999468 -0.030395 -0.011858 -0.000000 0.005236 0.508176 -0.861238 2.659600 0.032203 0.860717 0.508064 -0.000000 0.000000 0.000000 0.000000 1.000000
0.999468 -0.030395 -0.011858 0.000000 0.005236 0.508176 -0.861238 2.659600 0.032204 0.860717 0.508064 0.000000 0.000000 0.000000 0.000000 1.000000
0.999468 -0.030395 -0.011858 -0.000000 0.005236 0.508176 -0.861238 2.659600 0.032203 0.860717 0.508064 -0.000000 0.000000 0.000000 0.000000 1.000000
0.999468 -0.030395 -0.011858 0.000000 0.005236 0.508176 -0.861238 2.659600 0.032204 0.860717 0.508064 -0.000000 0.000000 0.000000 0.000000 1.000000
0.999468 -0.030395 -0.011858 0.000000 0.005237 0.508176 -0.861237 2.659600 0.032203 0.860717 0.508064 0.000000 0.000000 0.000000 0.000000 1.000000
0.999468 -0.030395 -0.011858 0.000000 0.005236 0.508176 -0.861238 2.659600 0.032204 0.860717 0.508064 -0.000000 0.000000 0.000000 0.000000 1.000000
0.999468 -0.030395 -0.011858 0.000000 0.005236 0.508176 -0.861238 2.659600 0.032203 0.860717 0.508064 -0.000000 0.000000 0.000000 0.000000 1.000000
0.999468 -0.030395 -0.011858 0.000000 0.005236 0.508176 -0.861238 2.659600 0.032203 0.860717 0.508064 0.000000 0.000000 0.000000 0.000000 1.000000
0.999468 -0.030395 -0.011858 0.000000 0.005236 0.508176 -0.861238 2.659600 0.032203 0.860717 0.508064 0.000000 0.000000 0.000000 0.000000 1.000000
0.999468 -0.030395 -0.011858 -0.000000 0.005237 0.508176 -0.861237 2.659600 0.032203 0.860717 0.508065 0.000000 0.000000 0.000000 0.000000 1.000000
0.999468 -0.030395 -0.011858 -0.000000 0.005237 0.508176 -0.861238 2.659600 0.032203 0.860717 0.508064 0.000000 0.000000 0.000000 0.000000 1.000000
0.999468 -0.030395 -0.011858 0.000000 0.005236 0.508176 -0.861237 2.659600 0.032204 0.860717 0.508064 0.000000 0.000000 0.000000 0.000000 1.000000
0.999468 -0.030395 -0.011858 0.000000 0.005237 0.508176 -0.861237 2.659600 0.032203 0.860717 0.508064 0.000000 0.000000 0.000000 0.000000 1.000000
0.999468 -0.030395 -0.011858 0.000000 0.005237 0.508176 -0.861238 2.659600 0.032203 0.860717 0.508064 0.000000 0.000000 0.000000 0.000000 1.000000
0.999468 -0.030395 -0.011858 0.000000 0.005237 0.508176 -0.861238 2.659600 0.032204 0.860717 0.508064 -0.000000 0.000000 0.000000 0.000000 1.000000</float_array>
        <technique_common>
          <accessor source="#mixamorig_RightHandIndex3-Matrix-animation-output-transform-array" count="79" stride="16">
            <param type="float4x4"/>
          </accessor>
        </technique_common>
      </source>
      <source id="mixamorig_RightHandIndex3-Interpolations">
        <Name_array id="mixamorig_RightHandIndex3-Interpolations-array" count="79">
 LINEAR LINEAR LINEAR LINEAR LINEAR LINEAR LINEAR LINEAR LINEAR LINEAR LINEAR
LINEAR LINEAR LINEAR LINEAR LINEAR LINEAR LINEAR LINEAR LINEAR LINEAR LINEAR LINEAR
LINEAR LINEAR LINEAR LINEAR LINEAR LINEAR LINEAR LINEAR LINEAR LINEAR LINEAR LINEAR
LINEAR LINEAR LINEAR LINEAR LINEAR LINEAR LINEAR LINEAR LINEAR LINEAR LINEAR LINEAR
LINEAR LINEAR LINEAR LINEAR LINEAR LINEAR LINEAR LINEAR LINEAR LINEAR LINEAR LINEAR
LINEAR LINEAR LINEAR LINEAR LINEAR LINEAR LINEAR LINEAR LINEAR LINEAR LINEAR LINEAR
LINEAR LINEAR LINEAR LINEAR LINEAR LINEAR LINEAR LINEAR</Name_array>
        <technique_common>
          <accessor source="#mixamorig_RightHandIndex3-Interpolations-array" count="79">
            <param type="name"/>
          </accessor>
        </technique_common>
      </source>
      <sampler id="mixamorig_RightHandIndex3-Matrix-animation-transform">
        <input semantic="INPUT" source="#mixamorig_RightHandIndex3-Matrix-animation-input"/>
        <input semantic="OUTPUT" source="#mixamorig_RightHandIndex3-Matrix-animation-output-transform"/>
        <input semantic="INTERPOLATION" source="#mixamorig_RightHandIndex3-Interpolations"/>
      </sampler>
      <channel source="#mixamorig_RightHandIndex3-Matrix-animation-transform" target="mixamorig_RightHandIndex3/matrix"/>
    </animation>
    <animation id="mixamorig_RightHandMiddle1-anim" name="mixamorig_RightHandMiddle1">
      <source id="mixamorig_RightHandMiddle1-Matrix-animation-input">
        <float_array id="mixamorig_RightHandMiddle1-Matrix-animation-input-array" count="79">

0.000000 0.033333 0.066667 0.100000 0.133333 0.166667 0.200000 0.233333 0.266667 0.300000 0.333333 0.366667 0.400000 0.433333 0.466667 0.500000
0.533333 0.566667 0.600000 0.633333 0.666667 0.700000 0.733333 0.766667 0.800000 0.833333 0.866667 0.900000 0.933333 0.966667 1.000000 1.033333
1.066667 1.100000 1.133333 1.166667 1.200000 1.233333 1.266667 1.300000 1.333333 1.366667 1.400000 1.433333 1.466667 1.500000 1.533333 1.566667
1.600000 1.633333 1.666667 1.700000 1.733333 1.766667 1.800000 1.833333 1.866667 1.900000 1.933333 1.966667 2.000000 2.033333 2.066667 2.100000
2.133333 2.166667 2.200000 2.233333 2.266667 2.300000 2.333333 2.366667 2.400000 2.433333 2.466667 2.500000 2.533333 2.566667 2.600000</float_array>
        <technique_common>
          <accessor source="#mixamorig_RightHandMiddle1-Matrix-animation-input-array" count="79">
            <param name="TIME" type="float"/>
          </accessor>
        </technique_common>
      </source>
      <source id="mixamorig_RightHandMiddle1-Matrix-animation-output-transform">
        <float_array id="mixamorig_RightHandMiddle1-Matrix-animation-output-transform-array" count="1264">

0.999731 0.021687 0.008269 -0.000000 -0.000346 0.370163 -0.928967 14.409800 -0.023208 0.928714 0.370071 0.000000 0.000000 0.000000 0.000000 1.000000
0.999731 0.021687 0.008270 0.000000 -0.000346 0.370163 -0.928967 14.409800 -0.023208 0.928714 0.370071 -0.000000 0.000000 0.000000 0.000000 1.000000
0.999731 0.021688 0.008270 -0.000000 -0.000346 0.370163 -0.928967 14.409800 -0.023208 0.928714 0.370071 -0.000000 0.000000 0.000000 0.000000 1.000000
0.999731 0.021688 0.008270 -0.000000 -0.000346 0.370163 -0.928967 14.409800 -0.023208 0.928714 0.370071 0.000000 0.000000 0.000000 0.000000 1.000000
0.999731 0.021687 0.008270 0.000000 -0.000346 0.370163 -0.928967 14.409800 -0.023208 0.928714 0.370071 0.000000 0.000000 0.000000 0.000000 1.000000
0.999731 0.021687 0.008269 0.000000 -0.000346 0.370163 -0.928967 14.409800 -0.023208 0.928714 0.370071 0.000000 0.000000 0.000000 0.000000 1.000000
0.999731 0.021688 0.008269 0.000000 -0.000346 0.370163 -0.928967 14.409800 -0.023208 0.928714 0.370071 0.000000 0.000000 0.000000 0.000000 1.000000
0.999731 0.021687 0.008270 -0.000000 -0.000346 0.370163 -0.928967 14.409800 -0.023208 0.928714 0.370071 -0.000000 0.000000 0.000000 0.000000 1.000000
0.999731 0.021688 0.008270 0.000000 -0.000346 0.370163 -0.928967 14.409800 -0.023208 0.928714 0.370071 0.000000 0.000000 0.000000 0.000000 1.000000
0.999731 0.021688 0.008270 -0.000000 -0.000346 0.370163 -0.928967 14.409800 -0.023208 0.928714 0.370071 0.000000 0.000000 0.000000 0.000000 1.000000
0.999731 0.021687 0.008269 -0.000000 -0.000346 0.370163 -0.928967 14.409800 -0.023208 0.928714 0.370071 0.000000 0.000000 0.000000 0.000000 1.000000
0.999731 0.021687 0.008269 0.000000 -0.000346 0.370163 -0.928967 14.409800 -0.023208 0.928714 0.370071 0.000000 0.000000 0.000000 0.000000 1.000000
0.999731 0.021688 0.008269 0.000000 -0.000346 0.370163 -0.928967 14.409800 -0.023208 0.928714 0.370071 0.000000 0.000000 0.000000 0.000000 1.000000
0.999731 0.021687 0.008270 -0.000000 -0.000346 0.370163 -0.928967 14.409800 -0.023208 0.928714 0.370071 0.000000 0.000000 0.000000 0.000000 1.000000
0.999731 0.021687 0.008270 0.000000 -0.000346 0.370163 -0.928967 14.409800 -0.023208 0.928714 0.370071 0.000000 0.000000 0.000000 0.000000 1.000000
0.999731 0.021688 0.008270 -0.000000 -0.000346 0.370163 -0.928967 14.409800 -0.023208 0.928714 0.370071 0.000000 0.000000 0.000000 0.000000 1.000000
0.999731 0.021688 0.008270 0.000000 -0.000346 0.370163 -0.928967 14.409800 -0.023208 0.928714 0.370070 0.000000 0.000000 0.000000 0.000000 1.000000
0.999731 0.021687 0.008269 0.000000 -0.000346 0.370163 -0.928967 14.409800 -0.023208 0.928714 0.370071 0.000000 0.000000 0.000000 0.000000 1.000000
0.999731 0.021687 0.008269 0.000000 -0.000346 0.370163 -0.928967 14.409800 -0.023208 0.928714 0.370071 0.000000 0.000000 0.000000 0.000000 1.000000
0.999731 0.021688 0.008269 0.000000 -0.000346 0.370163 -0.928967 14.409800 -0.023208 0.928714 0.370071 0.000000 0.000000 0.000000 0.000000 1.000000
0.999731 0.021687 0.008270 -0.000000 -0.000346 0.370163 -0.928967 14.409800 -0.023208 0.928714 0.370071 0.000000 0.000000 0.000000 0.000000 1.000000
0.999731 0.021687 0.008269 0.000000 -0.000346 0.370163 -0.928967 14.409800 -0.023208 0.928714 0.370071 -0.000000 0.000000 0.000000 0.000000 1.000000
0.999731 0.021687 0.008269 0.000000 -0.000346 0.370164 -0.928966 14.409800 -0.023208 0.928713 0.370071 0.000000 0.000000 0.000000 0.000000 1.000000
0.999731 0.021687 0.008270 0.000000 -0.000346 0.370163 -0.928967 14.409800 -0.023208 0.928714 0.370070 0.000000 0.000000 0.000000 0.000000 1.000000
0.999731 0.021687 0.008269 -0.000000 -0.000346 0.370163 -0.928967 14.409800 -0.023208 0.928714 0.370071 0.000000 0.000000 0.000000 0.000000 1.000000
0.999731 0.021687 0.008269 0.000000 -0.000346 0.370163 -0.928967 14.409800 -0.023208 0.928714 0.370071 0.000000 0.000000 0.000000 0.000000 1.000000
0.999731 0.021688 0.008270 0.000000 -0.000346 0.370163 -0.928967 14.409800 -0.023208 0.928714 0.370071 -0.000000 0.000000 0.000000 0.000000 1.000000
0.999731 0.021688 0.008269 0.000000 -0.000346 0.370163 -0.928967 14.409800 -0.023208 0.928714 0.370071 -0.000000 0.000000 0.000000 0.000000 1.000000
0.999731 0.021687 0.008269 0.000000 -0.000346 0.370163 -0.928967 14.409800 -0.023208 0.928714 0.370071 0.000000 0.000000 0.000000 0.000000 1.000000
0.999731 0.021688 0.008269 0.000000 -0.000346 0.370163 -0.928967 14.409800 -0.023208 0.928714 0.370071 0.000000 0.000000 0.000000 0.000000 1.000000
0.999731 0.021687 0.008269 0.000000 -0.000346 0.370163 -0.928967 14.409800 -0.023208 0.928714 0.370071 0.000000 0.000000 0.000000 0.000000 1.000000
0.999731 0.021687 0.008269 0.000000 -0.000346 0.370163 -0.928967 14.409800 -0.023208 0.928714 0.370071 0.000000 0.000000 0.000000 0.000000 1.000000
0.999731 0.021688 0.008269 0.000000 -0.000346 0.370163 -0.928967 14.409800 -0.023208 0.928714 0.370071 0.000000 0.000000 0.000000 0.000000 1.000000
0.999731 0.021688 0.008270 0.000000 -0.000346 0.370163 -0.928967 14.409800 -0.023208 0.928714 0.370071 0.000000 0.000000 0.000000 0.000000 1.000000
0.999731 0.021687 0.008270 -0.000000 -0.000346 0.370163 -0.928967 14.409800 -0.023208 0.928714 0.370071 0.000000 0.000000 0.000000 0.000000 1.000000
0.999731 0.021688 0.008269 0.000000 -0.000346 0.370163 -0.928967 14.409800 -0.023208 0.928714 0.370071 0.000000 0.000000 0.000000 0.000000 1.000000
0.999731 0.021687 0.008270 0.000000 -0.000346 0.370163 -0.928967 14.409800 -0.023208 0.928714 0.370071 0.000000 0.000000 0.000000 0.000000 1.000000
0.999731 0.021687 0.008269 0.000000 -0.000346 0.370163 -0.928967 14.409800 -0.023208 0.928714 0.370071 -0.000000 0.000000 0.000000 0.000000 1.000000
0.999731 0.021687 0.008270 0.000000 -0.000346 0.370163 -0.928967 14.409800 -0.023208 0.928714 0.370071 -0.000000 0.000000 0.000000 0.000000 1.000000
0.999731 0.021688 0.008269 0.000000 -0.000346 0.370163 -0.928967 14.409800 -0.023208 0.928714 0.370071 -0.000000 0.000000 0.000000 0.000000 1.000000
0.999731 0.021687 0.008270 0.000000 -0.000346 0.370163 -0.928967 14.409800 -0.023208 0.928713 0.370071 -0.000000 0.000000 0.000000 0.000000 1.000000
0.999731 0.021687 0.008270 0.000000 -0.000346 0.370163 -0.928967 14.409800 -0.023208 0.928714 0.370071 0.000000 0.000000 0.000000 0.000000 1.000000
0.999731 0.021687 0.008269 0.000000 -0.000346 0.370163 -0.928967 14.409800 -0.023208 0.928714 0.370071 0.000000 0.000000 0.000000 0.000000 1.000000
0.999731 0.021688 0.008269 0.000000 -0.000346 0.370163 -0.928967 14.409800 -0.023208 0.928714 0.370071 0.000000 0.000000 0.000000 0.000000 1.000000
0.999731 0.021688 0.008269 -0.000000 -0.000346 0.370163 -0.928967 14.409800 -0.023208 0.928714 0.370071 0.000000 0.000000 0.000000 0.000000 1.000000
0.999731 0.021687 0.008270 0.000000 -0.000346 0.370163 -0.928967 14.409800 -0.023208 0.928714 0.370071 0.000000 0.000000 0.000000 0.000000 1.000000
0.999731 0.021687 0.008269 0.000000 -0.000346 0.370163 -0.928967 14.409800 -0.023208 0.928714 0.370071 0.000000 0.000000 0.000000 0.000000 1.000000
0.999731 0.021687 0.008270 0.000000 -0.000346 0.370163 -0.928967 14.409800 -0.023208 0.928714 0.370071 -0.000000 0.000000 0.000000 0.000000 1.000000
0.999731 0.021687 0.008270 0.000000 -0.000346 0.370163 -0.928967 14.409800 -0.023208 0.928714 0.370071 0.000000 0.000000 0.000000 0.000000 1.000000
0.999731 0.021687 0.008269 0.000000 -0.000346 0.370163 -0.928967 14.409800 -0.023208 0.928714 0.370071 0.000000 0.000000 0.000000 0.000000 1.000000
0.999731 0.021687 0.008269 0.000000 -0.000346 0.370163 -0.928967 14.409800 -0.023208 0.928714 0.370071 0.000000 0.000000 0.000000 0.000000 1.000000
0.999731 0.021687 0.008270 0.000000 -0.000346 0.370163 -0.928967 14.409800 -0.023208 0.928714 0.370071 0.000000 0.000000 0.000000 0.000000 1.000000
0.999731 0.021687 0.008270 0.000000 -0.000346 0.370163 -0.928967 14.409800 -0.023208 0.928714 0.370071 -0.000000 0.000000 0.000000 0.000000 1.000000
0.999731 0.021688 0.008269 0.000000 -0.000346 0.370163 -0.928967 14.409800 -0.023208 0.928714 0.370071 -0.000000 0.000000 0.000000 0.000000 1.000000
0.999731 0.021687 0.008269 0.000000 -0.000346 0.370163 -0.928967 14.409800 -0.023208 0.928714 0.370071 -0.000000 0.000000 0.000000 0.000000 1.000000
0.999731 0.021687 0.008270 0.000000 -0.000346 0.370163 -0.928967 14.409800 -0.023208 0.928713 0.370071 0.000000 0.000000 0.000000 0.000000 1.000000
0.999731 0.021687 0.008269 0.000000 -0.000346 0.370163 -0.928967 14.409800 -0.023208 0.928714 0.370071 0.000000 0.000000 0.000000 0.000000 1.000000
0.999731 0.021687 0.008269 0.000000 -0.000346 0.370163 -0.928967 14.409800 -0.023208 0.928714 0.370071 0.000000 0.000000 0.000000 0.000000 1.000000
0.999731 0.021688 0.008269 0.000000 -0.000346 0.370163 -0.928967 14.409800 -0.023208 0.928714 0.370071 0.000000 0.000000 0.000000 0.000000 1.000000
0.999731 0.021687 0.008269 0.000000 -0.000346 0.370163 -0.928967 14.409800 -0.023208 0.928714 0.370071 0.000000 0.000000 0.000000 0.000000 1.000000
0.999731 0.021687 0.008269 0.000000 -0.000346 0.370163 -0.928967 14.409800 -0.023208 0.928714 0.370071 -0.000000 0.000000 0.000000 0.000000 1.000000
0.999731 0.021688 0.008269 0.000000 -0.000346 0.370163 -0.928967 14.409800 -0.023208 0.928714 0.370071 0.000000 0.000000 0.000000 0.000000 1.000000
0.999731 0.021687 0.008270 0.000000 -0.000346 0.370163 -0.928967 14.409800 -0.023208 0.928714 0.370071 -0.000000 0.000000 0.000000 0.000000 1.000000
0.999731 0.021688 0.008269 0.000000 -0.000346 0.370163 -0.928967 14.409800 -0.023208 0.928714 0.370071 0.000000 0.000000 0.000000 0.000000 1.000000
0.999731 0.021688 0.008269 -0.000000 -0.000346 0.370163 -0.928967 14.409800 -0.023208 0.928714 0.370071 0.000000 0.000000 0.000000 0.000000 1.000000
0.999731 0.021688 0.008269 -0.000000 -0.000346 0.370163 -0.928967 14.409800 -0.023208 0.928714 0.370071 -0.000000 0.000000 0.000000 0.000000 1.000000
0.999731 0.021687 0.008269 0.000000 -0.000346 0.370163 -0.928967 14.409800 -0.023208 0.928714 0.370071 0.000000 0.000000 0.000000 0.000000 1.000000
0.999731 0.021688 0.008270 0.000000 -0.000346 0.370163 -0.928967 14.409800 -0.023208 0.928714 0.370071 0.000000 0.000000 0.000000 0.000000 1.000000
0.999731 0.021687 0.008269 0.000000 -0.000346 0.370163 -0.928967 14.409800 -0.023208 0.928714 0.370071 0.000000 0.000000 0.000000 0.000000 1.000000
0.999731 0.021688 0.008269 0.000000 -0.000346 0.370163 -0.928967 14.409800 -0.023208 0.928714 0.370071 0.000000 0.000000 0.000000 0.000000 1.000000
0.999731 0.021687 0.008269 -0.000000 -0.000346 0.370163 -0.928967 14.409800 -0.023208 0.928714 0.370071 0.000000 0.000000 0.000000 0.000000 1.000000
0.999731 0.021687 0.008269 -0.000000 -0.000346 0.370163 -0.928967 14.409800 -0.023208 0.928714 0.370071 0.000000 0.000000 0.000000 0.000000 1.000000
0.999731 0.021687 0.008269 -0.000000 -0.000346 0.370163 -0.928967 14.409800 -0.023208 0.928714 0.370071 -0.000000 0.000000 0.000000 0.000000 1.000000
0.999731 0.021687 0.008270 -0.000000 -0.000346 0.370163 -0.928967 14.409800 -0.023208 0.928713 0.370071 -0.000000 0.000000 0.000000 0.000000 1.000000
0.999731 0.021687 0.008270 0.000000 -0.000346 0.370163 -0.928967 14.409800 -0.023208 0.928714 0.370071 0.000000 0.000000 0.000000 0.000000 1.000000
0.999731 0.021688 0.008269 0.000000 -0.000346 0.370163 -0.928967 14.409800 -0.023208 0.928714 0.370071 0.000000 0.000000 0.000000 0.000000 1.000000
0.999731 0.021687 0.008269 0.000000 -0.000346 0.370163 -0.928967 14.409800 -0.023208 0.928714 0.370071 0.000000 0.000000 0.000000 0.000000 1.000000
0.999731 0.021687 0.008270 0.000000 -0.000346 0.370163 -0.928967 14.409800 -0.023208 0.928714 0.370071 0.000000 0.000000 0.000000 0.000000 1.000000
0.999731 0.021688 0.008270 0.000000 -0.000346 0.370163 -0.928967 14.409800 -0.023208 0.928714 0.370071 0.000000 0.000000 0.000000 0.000000 1.000000</float_array>
        <technique_common>
          <accessor source="#mixamorig_RightHandMiddle1-Matrix-animation-output-transform-array" count="79" stride="16">
            <param type="float4x4"/>
          </accessor>
        </technique_common>
      </source>
      <source id="mixamorig_RightHandMiddle1-Interpolations">
        <Name_array id="mixamorig_RightHandMiddle1-Interpolations-array" count="79">
 LINEAR LINEAR LINEAR LINEAR LINEAR LINEAR LINEAR LINEAR LINEAR LINEAR LINEAR
LINEAR LINEAR LINEAR LINEAR LINEAR LINEAR LINEAR LINEAR LINEAR LINEAR LINEAR LINEAR
LINEAR LINEAR LINEAR LINEAR LINEAR LINEAR LINEAR LINEAR LINEAR LINEAR LINEAR LINEAR
LINEAR LINEAR LINEAR LINEAR LINEAR LINEAR LINEAR LINEAR LINEAR LINEAR LINEAR LINEAR
LINEAR LINEAR LINEAR LINEAR LINEAR LINEAR LINEAR LINEAR LINEAR LINEAR LINEAR LINEAR
LINEAR LINEAR LINEAR LINEAR LINEAR LINEAR LINEAR LINEAR LINEAR LINEAR LINEAR LINEAR
LINEAR LINEAR LINEAR LINEAR LINEAR LINEAR LINEAR LINEAR</Name_array>
        <technique_common>
          <accessor source="#mixamorig_RightHandMiddle1-Interpolations-array" count="79">
            <param type="name"/>
          </accessor>
        </technique_common>
      </source>
      <sampler id="mixamorig_RightHandMiddle1-Matrix-animation-transform">
        <input semantic="INPUT" source="#mixamorig_RightHandMiddle1-Matrix-animation-input"/>
        <input semantic="OUTPUT" source="#mixamorig_RightHandMiddle1-Matrix-animation-output-transform"/>
        <input semantic="INTERPOLATION" source="#mixamorig_RightHandMiddle1-Interpolations"/>
      </sampler>
      <channel source="#mixamorig_RightHandMiddle1-Matrix-animation-transform" target="mixamorig_RightHandMiddle1/matrix"/>
    </animation>
    <animation id="mixamorig_RightHandMiddle2-anim" name="mixamorig_RightHandMiddle2">
      <source id="mixamorig_RightHandMiddle2-Matrix-animation-input">
        <float_array id="mixamorig_RightHandMiddle2-Matrix-animation-input-array" count="79">

0.000000 0.033333 0.066667 0.100000 0.133333 0.166667 0.200000 0.233333 0.266667 0.300000 0.333333 0.366667 0.400000 0.433333 0.466667 0.500000
0.533333 0.566667 0.600000 0.633333 0.666667 0.700000 0.733333 0.766667 0.800000 0.833333 0.866667 0.900000 0.933333 0.966667 1.000000 1.033333
1.066667 1.100000 1.133333 1.166667 1.200000 1.233333 1.266667 1.300000 1.333333 1.366667 1.400000 1.433333 1.466667 1.500000 1.533333 1.566667
1.600000 1.633333 1.666667 1.700000 1.733333 1.766667 1.800000 1.833333 1.866667 1.900000 1.933333 1.966667 2.000000 2.033333 2.066667 2.100000
2.133333 2.166667 2.200000 2.233333 2.266667 2.300000 2.333333 2.366667 2.400000 2.433333 2.466667 2.500000 2.533333 2.566667 2.600000</float_array>
        <technique_common>
          <accessor source="#mixamorig_RightHandMiddle2-Matrix-animation-input-array" count="79">
            <param name="TIME" type="float"/>
          </accessor>
        </technique_common>
      </source>
      <source id="mixamorig_RightHandMiddle2-Matrix-animation-output-transform">
        <float_array id="mixamorig_RightHandMiddle2-Matrix-animation-output-transform-array" count="1264">

0.996108 0.012136 -0.087299 0.000000 -0.088061 0.095462 -0.991530 3.259100 -0.003699 0.995359 0.096159 0.000000 0.000000 0.000000 0.000000 1.000000
0.996108 0.012136 -0.087299 0.000000 -0.088061 0.095462 -0.991530 3.259100 -0.003699 0.995359 0.096159 0.000000 0.000000 0.000000 0.000000 1.000000
0.996108 0.012136 -0.087299 0.000000 -0.088061 0.095462 -0.991530 3.259100 -0.003699 0.995359 0.096159 0.000000 0.000000 0.000000 0.000000 1.000000
0.996108 0.012136 -0.087299 0.000000 -0.088061 0.095462 -0.991530 3.259100 -0.003699 0.995359 0.096159 0.000000 0.000000 0.000000 0.000000 1.000000
0.996108 0.012136 -0.087299 0.000000 -0.088061 0.095462 -0.991530 3.259100 -0.003700 0.995359 0.096159 0.000000 0.000000 0.000000 0.000000 1.000000
0.996108 0.012136 -0.087299 0.000000 -0.088061 0.095462 -0.991530 3.259100 -0.003700 0.995359 0.096159 0.000000 0.000000 0.000000 0.000000 1.000000
0.996108 0.012136 -0.087299 0.000000 -0.088061 0.095463 -0.991530 3.259100 -0.003700 0.995359 0.096160 -0.000000 0.000000 0.000000 0.000000 1.000000
0.996108 0.012136 -0.087300 0.000000 -0.088061 0.095463 -0.991530 3.259100 -0.003700 0.995359 0.096160 0.000000 0.000000 0.000000 0.000000 1.000000
0.996108 0.012136 -0.087299 -0.000000 -0.088061 0.095462 -0.991530 3.259100 -0.003699 0.995359 0.096159 0.000000 0.000000 0.000000 0.000000 1.000000
0.996108 0.012136 -0.087300 0.000000 -0.088062 0.095462 -0.991530 3.259100 -0.003700 0.995359 0.096160 -0.000000 0.000000 0.000000 0.000000 1.000000
0.996108 0.012136 -0.087300 0.000000 -0.088062 0.095462 -0.991530 3.259100 -0.003700 0.995359 0.096159 0.000000 0.000000 0.000000 0.000000 1.000000
0.996108 0.012136 -0.087300 0.000000 -0.088061 0.095462 -0.991530 3.259100 -0.003699 0.995359 0.096159 0.000000 0.000000 0.000000 0.000000 1.000000
0.996108 0.012136 -0.087299 -0.000000 -0.088061 0.095462 -0.991530 3.259100 -0.003700 0.995359 0.096159 -0.000000 0.000000 0.000000 0.000000 1.000000
0.996108 0.012136 -0.087299 -0.000000 -0.088061 0.095462 -0.991530 3.259100 -0.003699 0.995359 0.096159 -0.000000 0.000000 0.000000 0.000000 1.000000
0.996108 0.012136 -0.087299 -0.000000 -0.088061 0.095462 -0.991530 3.259100 -0.003700 0.995359 0.096159 0.000000 0.000000 0.000000 0.000000 1.000000
0.996108 0.012136 -0.087299 0.000000 -0.088061 0.095462 -0.991530 3.259100 -0.003700 0.995359 0.096159 -0.000000 0.000000 0.000000 0.000000 1.000000
0.996108 0.012136 -0.087299 0.000000 -0.088061 0.095463 -0.991530 3.259100 -0.003700 0.995359 0.096160 -0.000000 0.000000 0.000000 0.000000 1.000000
0.996108 0.012136 -0.087299 0.000000 -0.088061 0.095462 -0.991530 3.259100 -0.003699 0.995359 0.096159 0.000000 0.000000 0.000000 0.000000 1.000000
0.996108 0.012137 -0.087300 -0.000000 -0.088062 0.095462 -0.991530 3.259100 -0.003700 0.995359 0.096159 0.000000 0.000000 0.000000 0.000000 1.000000
0.996108 0.012136 -0.087300 0.000000 -0.088061 0.095462 -0.991530 3.259100 -0.003700 0.995359 0.096159 -0.000000 0.000000 0.000000 0.000000 1.000000
0.996108 0.012136 -0.087299 0.000000 -0.088061 0.095462 -0.991530 3.259100 -0.003700 0.995359 0.096159 0.000000 0.000000 0.000000 0.000000 1.000000
0.996108 0.012136 -0.087300 -0.000000 -0.088061 0.095462 -0.991530 3.259100 -0.003700 0.995359 0.096159 -0.000000 0.000000 0.000000 0.000000 1.000000
0.996108 0.012136 -0.087299 -0.000000 -0.088061 0.095462 -0.991530 3.259100 -0.003700 0.995359 0.096159 0.000000 0.000000 0.000000 0.000000 1.000000
0.996108 0.012136 -0.087299 0.000000 -0.088061 0.095462 -0.991530 3.259100 -0.003700 0.995359 0.096159 0.000000 0.000000 0.000000 0.000000 1.000000
0.996108 0.012136 -0.087299 0.000000 -0.088061 0.095462 -0.991530 3.259100 -0.003700 0.995359 0.096159 0.000000 0.000000 0.000000 0.000000 1.000000
0.996108 0.012136 -0.087299 0.000000 -0.088061 0.095462 -0.991530 3.259100 -0.003699 0.995359 0.096159 -0.000000 0.000000 0.000000 0.000000 1.000000
0.996108 0.012136 -0.087299 -0.000000 -0.088061 0.095462 -0.991530 3.259100 -0.003700 0.995359 0.096159 0.000000 0.000000 0.000000 0.000000 1.000000
0.996108 0.012136 -0.087300 0.000000 -0.088061 0.095462 -0.991530 3.259100 -0.003700 0.995359 0.096159 0.000000 0.000000 0.000000 0.000000 1.000000
0.996108 0.012136 -0.087299 0.000000 -0.088061 0.095462 -0.991530 3.259100 -0.003700 0.995359 0.096159 -0.000000 0.000000 0.000000 0.000000 1.000000
0.996108 0.012136 -0.087299 0.000000 -0.088061 0.095462 -0.991530 3.259100 -0.003700 0.995359 0.096159 0.000000 0.000000 0.000000 0.000000 1.000000
0.996108 0.012137 -0.087299 0.000000 -0.088061 0.095463 -0.991530 3.259100 -0.003700 0.995359 0.096160 0.000000 0.000000 0.000000 0.000000 1.000000
0.996108 0.012136 -0.087299 0.000000 -0.088061 0.095462 -0.991530 3.259100 -0.003700 0.995359 0.096159 -0.000000 0.000000 0.000000 0.000000 1.000000
0.996108 0.012136 -0.087299 0.000000 -0.088061 0.095462 -0.991530 3.259100 -0.003700 0.995359 0.096160 -0.000000 0.000000 0.000000 0.000000 1.000000
0.996108 0.012136 -0.087299 0.000000 -0.088061 0.095463 -0.991530 3.259100 -0.003700 0.995359 0.096160 0.000000 0.000000 0.000000 0.000000 1.000000
0.996108 0.012136 -0.087299 0.000000 -0.088061 0.095462 -0.991530 3.259100 -0.003700 0.995359 0.096159 0.000000 0.000000 0.000000 0.000000 1.000000
0.996108 0.012136 -0.087299 0.000000 -0.088061 0.095462 -0.991530 3.259100 -0.003700 0.995359 0.096159 0.000000 0.000000 0.000000 0.000000 1.000000
0.996108 0.012136 -0.087300 0.000000 -0.088061 0.095462 -0.991530 3.259100 -0.003699 0.995359 0.096159 -0.000000 0.000000 0.000000 0.000000 1.000000
0.996108 0.012136 -0.087299 0.000000 -0.088061 0.095463 -0.991530 3.259100 -0.003700 0.995359 0.096160 0.000000 0.000000 0.000000 0.000000 1.000000
0.996108 0.012136 -0.087299 0.000000 -0.088061 0.095462 -0.991530 3.259100 -0.003699 0.995359 0.096159 0.000000 0.000000 0.000000 0.000000 1.000000
0.996108 0.012136 -0.087300 -0.000000 -0.088061 0.095462 -0.991530 3.259100 -0.003700 0.995359 0.096159 -0.000000 0.000000 0.000000 0.000000 1.000000
0.996108 0.012136 -0.087299 -0.000000 -0.088061 0.095462 -0.991530 3.259100 -0.003700 0.995359 0.096159 0.000000 0.000000 0.000000 0.000000 1.000000
0.996108 0.012136 -0.087300 0.000000 -0.088061 0.095462 -0.991530 3.259100 -0.003699 0.995359 0.096159 0.000000 0.000000 0.000000 0.000000 1.000000
0.996108 0.012136 -0.087299 -0.000000 -0.088061 0.095462 -0.991530 3.259100 -0.003700 0.995359 0.096160 -0.000000 0.000000 0.000000 0.000000 1.000000
0.996108 0.012137 -0.087299 0.000000 -0.088061 0.095463 -0.991530 3.259100 -0.003700 0.995359 0.096160 0.000000 0.000000 0.000000 0.000000 1.000000
0.996108 0.012136 -0.087299 0.000000 -0.088061 0.095462 -0.991530 3.259100 -0.003700 0.995359 0.096159 0.000000 0.000000 0.000000 0.000000 1.000000
0.996108 0.012136 -0.087299 0.000000 -0.088061 0.095463 -0.991530 3.259100 -0.003700 0.995359 0.096160 -0.000000 0.000000 0.000000 0.000000 1.000000
0.996108 0.012136 -0.087300 0.000000 -0.088061 0.095462 -0.991530 3.259100 -0.003700 0.995359 0.096159 0.000000 0.000000 0.000000 0.000000 1.000000
0.996108 0.012136 -0.087300 0.000000 -0.088061 0.095462 -0.991530 3.259100 -0.003700 0.995359 0.096159 0.000000 0.000000 0.000000 0.000000 1.000000
0.996108 0.012136 -0.087299 0.000000 -0.088061 0.095462 -0.991530 3.259100 -0.003700 0.995359 0.096160 0.000000 0.000000 0.000000 0.000000 1.000000
0.996108 0.012136 -0.087299 0.000000 -0.088061 0.095462 -0.991530 3.259100 -0.003700 0.995359 0.096159 0.000000 0.000000 0.000000 0.000000 1.000000
0.996108 0.012136 -0.087299 0.000000 -0.088061 0.095462 -0.991530 3.259100 -0.003700 0.995359 0.096160 0.000000 0.000000 0.000000 0.000000 1.000000
0.996108 0.012136 -0.087300 0.000000 -0.088061 0.095462 -0.991530 3.259100 -0.003700 0.995359 0.096159 0.000000 0.000000 0.000000 0.000000 1.000000
0.996108 0.012136 -0.087299 -0.000000 -0.088061 0.095462 -0.991530 3.259100 -0.003700 0.995359 0.096159 -0.000000 0.000000 0.000000 0.000000 1.000000
0.996108 0.012136 -0.087299 0.000000 -0.088061 0.095462 -0.991530 3.259100 -0.003700 0.995359 0.096159 0.000000 0.000000 0.000000 0.000000 1.000000
0.996108 0.012136 -0.087300 0.000000 -0.088061 0.095462 -0.991530 3.259100 -0.003700 0.995359 0.096159 -0.000000 0.000000 0.000000 0.000000 1.000000
0.996108 0.012136 -0.087300 -0.000000 -0.088061 0.095462 -0.991530 3.259100 -0.003700 0.995359 0.096159 0.000000 0.000000 0.000000 0.000000 1.000000
0.996108 0.012136 -0.087299 0.000000 -0.088061 0.095462 -0.991530 3.259100 -0.003700 0.995359 0.096159 0.000000 0.000000 0.000000 0.000000 1.000000
0.996108 0.012136 -0.087299 0.000000 -0.088061 0.095462 -0.991530 3.259100 -0.003700 0.995359 0.096159 0.000000 0.000000 0.000000 0.000000 1.000000
0.996108 0.012136 -0.087299 0.000000 -0.088061 0.095462 -0.991530 3.259100 -0.003700 0.995359 0.096159 0.000000 0.000000 0.000000 0.000000 1.000000
0.996108 0.012137 -0.087299 -0.000000 -0.088061 0.095462 -0.991530 3.259100 -0.003700 0.995359 0.096159 0.000000 0.000000 0.000000 0.000000 1.000000
0.996108 0.012136 -0.087300 0.000000 -0.088062 0.095462 -0.991530 3.259100 -0.003699 0.995359 0.096159 0.000000 0.000000 0.000000 0.000000 1.000000
0.996108 0.012136 -0.087299 0.000000 -0.088061 0.095462 -0.991530 3.259100 -0.003700 0.995359 0.096159 0.000000 0.000000 0.000000 0.000000 1.000000
0.996108 0.012136 -0.087299 0.000000 -0.088061 0.095462 -0.991530 3.259100 -0.003700 0.995359 0.096159 0.000000 0.000000 0.000000 0.000000 1.000000
0.996108 0.012136 -0.087300 0.000000 -0.088061 0.095462 -0.991530 3.259100 -0.003700 0.995359 0.096160 0.000000 0.000000 0.000000 0.000000 1.000000
0.996108 0.012136 -0.087299 0.000000 -0.088061 0.095462 -0.991530 3.259100 -0.003700 0.995359 0.096159 0.000000 0.000000 0.000000 0.000000 1.000000
0.996108 0.012136 -0.087299 0.000000 -0.088061 0.095462 -0.991530 3.259100 -0.003700 0.995359 0.096159 0.000000 0.000000 0.000000 0.000000 1.000000
0.996108 0.012136 -0.087299 0.000000 -0.088061 0.095462 -0.991530 3.259100 -0.003700 0.995359 0.096159 0.000000 0.000000 0.000000 0.000000 1.000000
0.996108 0.012136 -0.087299 0.000000 -0.088061 0.095462 -0.991530 3.259100 -0.003700 0.995359 0.096159 0.000000 0.000000 0.000000 0.000000 1.000000
0.996108 0.012136 -0.087300 -0.000000 -0.088061 0.095462 -0.991530 3.259100 -0.003700 0.995359 0.096159 0.000000 0.000000 0.000000 0.000000 1.000000
0.996108 0.012136 -0.087300 0.000000 -0.088061 0.095462 -0.991530 3.259100 -0.003700 0.995359 0.096159 -0.000000 0.000000 0.000000 0.000000 1.000000
0.996108 0.012136 -0.087299 0.000000 -0.088061 0.095462 -0.991530 3.259100 -0.003700 0.995359 0.096159 0.000000 0.000000 0.000000 0.000000 1.000000
0.996108 0.012136 -0.087299 0.000000 -0.088061 0.095462 -0.991530 3.259100 -0.003700 0.995359 0.096159 0.000000 0.000000 0.000000 0.000000 1.000000
0.996108 0.012136 -0.087299 0.000000 -0.088061 0.095462 -0.991530 3.259100 -0.003700 0.995359 0.096159 0.000000 0.000000 0.000000 0.000000 1.000000
0.996108 0.012136 -0.087300 -0.000000 -0.088061 0.095462 -0.991530 3.259100 -0.003700 0.995359 0.096159 0.000000 0.000000 0.000000 0.000000 1.000000
0.996108 0.012136 -0.087300 0.000000 -0.088061 0.095462 -0.991530 3.259100 -0.003700 0.995359 0.096159 0.000000 0.000000 0.000000 0.000000 1.000000
0.996108 0.012136 -0.087299 0.000000 -0.088061 0.095462 -0.991530 3.259100 -0.003700 0.995359 0.096160 0.000000 0.000000 0.000000 0.000000 1.000000
0.996108 0.012136 -0.087300 0.000000 -0.088062 0.095462 -0.991530 3.259100 -0.003700 0.995359 0.096159 0.000000 0.000000 0.000000 0.000000 1.000000
0.996108 0.012136 -0.087299 0.000000 -0.088061 0.095462 -0.991530 3.259100 -0.003700 0.995359 0.096159 0.000000 0.000000 0.000000 0.000000 1.000000
0.996108 0.012136 -0.087299 0.000000 -0.088061 0.095462 -0.991530 3.259100 -0.003700 0.995359 0.096159 0.000000 0.000000 0.000000 0.000000 1.000000</float_array>
        <technique_common>
          <accessor source="#mixamorig_RightHandMiddle2-Matrix-animation-output-transform-array" count="79" stride="16">
            <param type="float4x4"/>
          </accessor>
        </technique_common>
      </source>
      <source id="mixamorig_RightHandMiddle2-Interpolations">
        <Name_array id="mixamorig_RightHandMiddle2-Interpolations-array" count="79">
 LINEAR LINEAR LINEAR LINEAR LINEAR LINEAR LINEAR LINEAR LINEAR LINEAR LINEAR
LINEAR LINEAR LINEAR LINEAR LINEAR LINEAR LINEAR LINEAR LINEAR LINEAR LINEAR LINEAR
LINEAR LINEAR LINEAR LINEAR LINEAR LINEAR LINEAR LINEAR LINEAR LINEAR LINEAR LINEAR
LINEAR LINEAR LINEAR LINEAR LINEAR LINEAR LINEAR LINEAR LINEAR LINEAR LINEAR LINEAR
LINEAR LINEAR LINEAR LINEAR LINEAR LINEAR LINEAR LINEAR LINEAR LINEAR LINEAR LINEAR
LINEAR LINEAR LINEAR LINEAR LINEAR LINEAR LINEAR LINEAR LINEAR LINEAR LINEAR LINEAR
LINEAR LINEAR LINEAR LINEAR LINEAR LINEAR LINEAR LINEAR</Name_array>
        <technique_common>
          <accessor source="#mixamorig_RightHandMiddle2-Interpolations-array" count="79">
            <param type="name"/>
          </accessor>
        </technique_common>
      </source>
      <sampler id="mixamorig_RightHandMiddle2-Matrix-animation-transform">
        <input semantic="INPUT" source="#mixamorig_RightHandMiddle2-Matrix-animation-input"/>
        <input semantic="OUTPUT" source="#mixamorig_RightHandMiddle2-Matrix-animation-output-transform"/>
        <input semantic="INTERPOLATION" source="#mixamorig_RightHandMiddle2-Interpolations"/>
      </sampler>
      <channel source="#mixamorig_RightHandMiddle2-Matrix-animation-transform" target="mixamorig_RightHandMiddle2/matrix"/>
    </animation>
    <animation id="mixamorig_RightHandMiddle3-anim" name="mixamorig_RightHandMiddle3">
      <source id="mixamorig_RightHandMiddle3-Matrix-animation-input">
        <float_array id="mixamorig_RightHandMiddle3-Matrix-animation-input-array" count="79">

0.000000 0.033333 0.066667 0.100000 0.133333 0.166667 0.200000 0.233333 0.266667 0.300000 0.333333 0.366667 0.400000 0.433333 0.466667 0.500000
0.533333 0.566667 0.600000 0.633333 0.666667 0.700000 0.733333 0.766667 0.800000 0.833333 0.866667 0.900000 0.933333 0.966667 1.000000 1.033333
1.066667 1.100000 1.133333 1.166667 1.200000 1.233333 1.266667 1.300000 1.333333 1.366667 1.400000 1.433333 1.466667 1.500000 1.533333 1.566667
1.600000 1.633333 1.666667 1.700000 1.733333 1.766667 1.800000 1.833333 1.866667 1.900000 1.933333 1.966667 2.000000 2.033333 2.066667 2.100000
2.133333 2.166667 2.200000 2.233333 2.266667 2.300000 2.333333 2.366667 2.400000 2.433333 2.466667 2.500000 2.533333 2.566667 2.600000</float_array>
        <technique_common>
          <accessor source="#mixamorig_RightHandMiddle3-Matrix-animation-input-array" count="79">
            <param name="TIME" type="float"/>
          </accessor>
        </technique_common>
      </source>
      <source id="mixamorig_RightHandMiddle3-Matrix-animation-output-transform">
        <float_array id="mixamorig_RightHandMiddle3-Matrix-animation-output-transform-array" count="1264">

0.999639 -0.026843 -0.001328 0.000000 0.021871 0.841186 -0.540304 2.639800 0.015620 0.540080 0.841469 0.000000 0.000000 0.000000 0.000000 1.000000
0.999639 -0.026844 -0.001327 0.000000 0.021871 0.841186 -0.540304 2.639800 0.015620 0.540079 0.841469 0.000000 0.000000 0.000000 0.000000 1.000000
0.999639 -0.026844 -0.001327 -0.000000 0.021871 0.841186 -0.540304 2.639800 0.015620 0.540079 0.841469 0.000000 0.000000 0.000000 0.000000 1.000000
0.999639 -0.026844 -0.001327 -0.000000 0.021871 0.841186 -0.540304 2.639800 0.015620 0.540080 0.841469 0.000000 0.000000 0.000000 0.000000 1.000000
0.999639 -0.026844 -0.001327 -0.000000 0.021871 0.841186 -0.540304 2.639800 0.015620 0.540079 0.841469 0.000000 0.000000 0.000000 0.000000 1.000000
0.999639 -0.026844 -0.001327 0.000000 0.021871 0.841186 -0.540304 2.639800 0.015620 0.540080 0.841469 0.000000 0.000000 0.000000 0.000000 1.000000
0.999639 -0.026844 -0.001327 0.000000 0.021872 0.841186 -0.540304 2.639800 0.015620 0.540079 0.841469 -0.000000 0.000000 0.000000 0.000000 1.000000
0.999639 -0.026844 -0.001327 0.000000 0.021871 0.841186 -0.540304 2.639800 0.015620 0.540079 0.841469 0.000000 0.000000 0.000000 0.000000 1.000000
0.999639 -0.026844 -0.001328 0.000000 0.021871 0.841186 -0.540304 2.639800 0.015621 0.540080 0.841469 0.000000 0.000000 0.000000 0.000000 1.000000
0.999639 -0.026844 -0.001327 0.000000 0.021872 0.841186 -0.540304 2.639800 0.015620 0.540080 0.841469 0.000000 0.000000 0.000000 0.000000 1.000000
0.999639 -0.026844 -0.001327 0.000000 0.021872 0.841186 -0.540304 2.639800 0.015620 0.540080 0.841469 -0.000000 0.000000 0.000000 0.000000 1.000000
0.999639 -0.026844 -0.001327 0.000000 0.021871 0.841186 -0.540303 2.639800 0.015620 0.540079 0.841469 -0.000000 0.000000 0.000000 0.000000 1.000000
0.999639 -0.026844 -0.001328 0.000000 0.021871 0.841186 -0.540304 2.639800 0.015620 0.540079 0.841469 0.000000 0.000000 0.000000 0.000000 1.000000
0.999639 -0.026844 -0.001328 0.000000 0.021871 0.841186 -0.540304 2.639800 0.015620 0.540080 0.841469 -0.000000 0.000000 0.000000 0.000000 1.000000
0.999639 -0.026844 -0.001327 0.000000 0.021871 0.841186 -0.540304 2.639800 0.015620 0.540079 0.841469 0.000000 0.000000 0.000000 0.000000 1.000000
0.999639 -0.026844 -0.001327 0.000000 0.021871 0.841186 -0.540304 2.639800 0.015620 0.540079 0.841469 0.000000 0.000000 0.000000 0.000000 1.000000
0.999639 -0.026844 -0.001327 -0.000000 0.021871 0.841186 -0.540304 2.639800 0.015620 0.540079 0.841469 0.000000 0.000000 0.000000 0.000000 1.000000
0.999639 -0.026844 -0.001327 -0.000000 0.021871 0.841186 -0.540304 2.639800 0.015620 0.540079 0.841469 -0.000000 0.000000 0.000000 0.000000 1.000000
0.999639 -0.026844 -0.001327 0.000000 0.021871 0.841186 -0.540304 2.639800 0.015620 0.540080 0.841469 0.000000 0.000000 0.000000 0.000000 1.000000
0.999639 -0.026844 -0.001327 -0.000000 0.021871 0.841186 -0.540304 2.639800 0.015620 0.540080 0.841469 0.000000 0.000000 0.000000 0.000000 1.000000
0.999639 -0.026844 -0.001327 0.000000 0.021871 0.841186 -0.540304 2.639800 0.015620 0.540080 0.841469 0.000000 0.000000 0.000000 0.000000 1.000000
0.999639 -0.026844 -0.001327 -0.000000 0.021871 0.841186 -0.540304 2.639800 0.015620 0.540079 0.841469 0.000000 0.000000 0.000000 0.000000 1.000000
0.999639 -0.026844 -0.001327 -0.000000 0.021871 0.841186 -0.540304 2.639800 0.015620 0.540079 0.841469 0.000000 0.000000 0.000000 0.000000 1.000000
0.999639 -0.026844 -0.001327 0.000000 0.021871 0.841186 -0.540304 2.639800 0.015620 0.540080 0.841469 0.000000 0.000000 0.000000 0.000000 1.000000
0.999639 -0.026844 -0.001327 0.000000 0.021871 0.841186 -0.540304 2.639800 0.015620 0.540079 0.841469 0.000000 0.000000 0.000000 0.000000 1.000000
0.999639 -0.026844 -0.001327 0.000000 0.021871 0.841186 -0.540304 2.639800 0.015620 0.540080 0.841469 0.000000 0.000000 0.000000 0.000000 1.000000
0.999639 -0.026844 -0.001327 0.000000 0.021871 0.841186 -0.540304 2.639800 0.015620 0.540079 0.841469 0.000000 0.000000 0.000000 0.000000 1.000000
0.999639 -0.026844 -0.001327 0.000000 0.021871 0.841186 -0.540304 2.639800 0.015620 0.540080 0.841469 0.000000 0.000000 0.000000 0.000000 1.000000
0.999639 -0.026844 -0.001327 0.000000 0.021871 0.841186 -0.540304 2.639800 0.015620 0.540080 0.841469 0.000000 0.000000 0.000000 0.000000 1.000000
0.999639 -0.026844 -0.001327 -0.000000 0.021871 0.841186 -0.540304 2.639800 0.015620 0.540080 0.841469 0.000000 0.000000 0.000000 0.000000 1.000000
0.999639 -0.026844 -0.001327 0.000000 0.021871 0.841186 -0.540304 2.639800 0.015620 0.540079 0.841469 0.000000 0.000000 0.000000 0.000000 1.000000
0.999639 -0.026844 -0.001327 -0.000000 0.021871 0.841186 -0.540304 2.639800 0.015620 0.540079 0.841469 0.000000 0.000000 0.000000 0.000000 1.000000
0.999639 -0.026844 -0.001327 0.000000 0.021871 0.841186 -0.540304 2.639800 0.015620 0.540080 0.841469 0.000000 0.000000 0.000000 0.000000 1.000000
0.999639 -0.026844 -0.001327 0.000000 0.021871 0.841186 -0.540304 2.639800 0.015620 0.540080 0.841469 -0.000000 0.000000 0.000000 0.000000 1.000000
0.999639 -0.026844 -0.001327 0.000000 0.021871 0.841186 -0.540304 2.639800 0.015621 0.540079 0.841469 0.000000 0.000000 0.000000 0.000000 1.000000
0.999639 -0.026844 -0.001327 0.000000 0.021871 0.841186 -0.540304 2.639800 0.015620 0.540079 0.841469 -0.000000 0.000000 0.000000 0.000000 1.000000
0.999639 -0.026844 -0.001327 0.000000 0.021871 0.841186 -0.540304 2.639800 0.015620 0.540079 0.841469 -0.000000 0.000000 0.000000 0.000000 1.000000
0.999639 -0.026844 -0.001327 0.000000 0.021871 0.841186 -0.540304 2.639800 0.015620 0.540079 0.841469 0.000000 0.000000 0.000000 0.000000 1.000000
0.999639 -0.026844 -0.001327 0.000000 0.021871 0.841186 -0.540304 2.639800 0.015620 0.540080 0.841469 0.000000 0.000000 0.000000 0.000000 1.000000
0.999639 -0.026844 -0.001327 0.000000 0.021871 0.841186 -0.540304 2.639800 0.015620 0.540079 0.841469 0.000000 0.000000 0.000000 0.000000 1.000000
0.999639 -0.026844 -0.001327 0.000000 0.021871 0.841186 -0.540304 2.639800 0.015620 0.540080 0.841469 0.000000 0.000000 0.000000 0.000000 1.000000
0.999639 -0.026844 -0.001327 0.000000 0.021871 0.841186 -0.540304 2.639800 0.015620 0.540079 0.841469 -0.000000 0.000000 0.000000 0.000000 1.000000
0.999639 -0.026844 -0.001327 0.000000 0.021871 0.841186 -0.540304 2.639800 0.015620 0.540079 0.841469 0.000000 0.000000 0.000000 0.000000 1.000000
0.999639 -0.026844 -0.001327 0.000000 0.021871 0.841186 -0.540304 2.639800 0.015620 0.540080 0.841469 0.000000 0.000000 0.000000 0.000000 1.000000
0.999639 -0.026844 -0.001328 0.000000 0.021871 0.841186 -0.540304 2.639800 0.015621 0.540079 0.841469 0.000000 0.000000 0.000000 0.000000 1.000000
0.999639 -0.026844 -0.001327 0.000000 0.021871 0.841186 -0.540304 2.639800 0.015620 0.540080 0.841469 -0.000000 0.000000 0.000000 0.000000 1.000000
0.999639 -0.026844 -0.001327 0.000000 0.021871 0.841186 -0.540304 2.639800 0.015620 0.540080 0.841469 -0.000000 0.000000 0.000000 0.000000 1.000000
0.999639 -0.026844 -0.001327 0.000000 0.021871 0.841186 -0.540304 2.639800 0.015620 0.540080 0.841469 -0.000000 0.000000 0.000000 0.000000 1.000000
0.999639 -0.026844 -0.001327 0.000000 0.021871 0.841186 -0.540304 2.639800 0.015620 0.540079 0.841469 -0.000000 0.000000 0.000000 0.000000 1.000000
0.999639 -0.026844 -0.001327 -0.000000 0.021871 0.841186 -0.540304 2.639800 0.015620 0.540080 0.841469 0.000000 0.000000 0.000000 0.000000 1.000000
0.999639 -0.026843 -0.001327 -0.000000 0.021871 0.841186 -0.540304 2.639800 0.015620 0.540080 0.841469 0.000000 0.000000 0.000000 0.000000 1.000000
0.999639 -0.026844 -0.001327 0.000000 0.021871 0.841186 -0.540304 2.639800 0.015620 0.540079 0.841469 0.000000 0.000000 0.000000 0.000000 1.000000
0.999639 -0.026844 -0.001327 0.000000 0.021871 0.841186 -0.540304 2.639800 0.015620 0.540080 0.841469 0.000000 0.000000 0.000000 0.000000 1.000000
0.999639 -0.026844 -0.001327 -0.000000 0.021871 0.841186 -0.540304 2.639800 0.015620 0.540079 0.841469 0.000000 0.000000 0.000000 0.000000 1.000000
0.999639 -0.026844 -0.001327 0.000000 0.021871 0.841186 -0.540304 2.639800 0.015620 0.540080 0.841469 0.000000 0.000000 0.000000 0.000000 1.000000
0.999639 -0.026844 -0.001327 0.000000 0.021871 0.841186 -0.540304 2.639800 0.015620 0.540079 0.841469 0.000000 0.000000 0.000000 0.000000 1.000000
0.999639 -0.026844 -0.001328 -0.000000 0.021871 0.841186 -0.540304 2.639800 0.015621 0.540079 0.841469 0.000000 0.000000 0.000000 0.000000 1.000000
0.999639 -0.026844 -0.001327 0.000000 0.021871 0.841186 -0.540304 2.639800 0.015620 0.540080 0.841469 0.000000 0.000000 0.000000 0.000000 1.000000
0.999639 -0.026844 -0.001327 0.000000 0.021871 0.841186 -0.540303 2.639800 0.015620 0.540079 0.841469 0.000000 0.000000 0.000000 0.000000 1.000000
0.999639 -0.026844 -0.001327 0.000000 0.021871 0.841186 -0.540304 2.639800 0.015620 0.540080 0.841469 -0.000000 0.000000 0.000000 0.000000 1.000000
0.999639 -0.026844 -0.001327 0.000000 0.021871 0.841186 -0.540304 2.639800 0.015620 0.540080 0.841469 0.000000 0.000000 0.000000 0.000000 1.000000
0.999639 -0.026844 -0.001327 -0.000000 0.021871 0.841186 -0.540304 2.639800 0.015620 0.540080 0.841469 -0.000000 0.000000 0.000000 0.000000 1.000000
0.999639 -0.026844 -0.001327 0.000000 0.021871 0.841186 -0.540304 2.639800 0.015620 0.540080 0.841469 0.000000 0.000000 0.000000 0.000000 1.000000
0.999639 -0.026843 -0.001327 0.000000 0.021871 0.841186 -0.540304 2.639800 0.015620 0.540080 0.841469 0.000000 0.000000 0.000000 0.000000 1.000000
0.999639 -0.026844 -0.001327 0.000000 0.021871 0.841186 -0.540304 2.639800 0.015620 0.540080 0.841469 -0.000000 0.000000 0.000000 0.000000 1.000000
0.999639 -0.026844 -0.001327 0.000000 0.021871 0.841186 -0.540304 2.639800 0.015620 0.540079 0.841469 0.000000 0.000000 0.000000 0.000000 1.000000
0.999639 -0.026844 -0.001327 0.000000 0.021871 0.841186 -0.540304 2.639800 0.015620 0.540080 0.841469 -0.000000 0.000000 0.000000 0.000000 1.000000
0.999639 -0.026844 -0.001327 0.000000 0.021871 0.841186 -0.540304 2.639800 0.015620 0.540080 0.841469 0.000000 0.000000 0.000000 0.000000 1.000000
0.999639 -0.026844 -0.001327 -0.000000 0.021871 0.841186 -0.540304 2.639800 0.015620 0.540080 0.841469 0.000000 0.000000 0.000000 0.000000 1.000000
0.999639 -0.026844 -0.001327 0.000000 0.021871 0.841186 -0.540304 2.639800 0.015620 0.540080 0.841469 -0.000000 0.000000 0.000000 0.000000 1.000000
0.999639 -0.026844 -0.001327 0.000000 0.021871 0.841186 -0.540304 2.639800 0.015620 0.540079 0.841469 0.000000 0.000000 0.000000 0.000000 1.000000
0.999639 -0.026844 -0.001327 -0.000000 0.021871 0.841186 -0.540304 2.639800 0.015620 0.540079 0.841469 0.000000 0.000000 0.000000 0.000000 1.000000
0.999639 -0.026844 -0.001328 -0.000000 0.021871 0.841186 -0.540303 2.639800 0.015621 0.540079 0.841469 0.000000 0.000000 0.000000 0.000000 1.000000
0.999639 -0.026844 -0.001327 0.000000 0.021872 0.841186 -0.540304 2.639800 0.015620 0.540080 0.841469 0.000000 0.000000 0.000000 0.000000 1.000000
0.999639 -0.026844 -0.001327 -0.000000 0.021871 0.841186 -0.540304 2.639800 0.015620 0.540080 0.841469 -0.000000 0.000000 0.000000 0.000000 1.000000
0.999639 -0.026844 -0.001327 0.000000 0.021871 0.841186 -0.540304 2.639800 0.015620 0.540079 0.841469 0.000000 0.000000 0.000000 0.000000 1.000000
0.999639 -0.026844 -0.001327 0.000000 0.021871 0.841186 -0.540304 2.639800 0.015620 0.540079 0.841469 -0.000000 0.000000 0.000000 0.000000 1.000000
0.999639 -0.026844 -0.001327 0.000000 0.021871 0.841186 -0.540304 2.639800 0.015620 0.540080 0.841469 0.000000 0.000000 0.000000 0.000000 1.000000
0.999639 -0.026844 -0.001327 0.000000 0.021871 0.841186 -0.540304 2.639800 0.015620 0.540080 0.841469 0.000000 0.000000 0.000000 0.000000 1.000000</float_array>
        <technique_common>
          <accessor source="#mixamorig_RightHandMiddle3-Matrix-animation-output-transform-array" count="79" stride="16">
            <param type="float4x4"/>
          </accessor>
        </technique_common>
      </source>
      <source id="mixamorig_RightHandMiddle3-Interpolations">
        <Name_array id="mixamorig_RightHandMiddle3-Interpolations-array" count="79">
 LINEAR LINEAR LINEAR LINEAR LINEAR LINEAR LINEAR LINEAR LINEAR LINEAR LINEAR
LINEAR LINEAR LINEAR LINEAR LINEAR LINEAR LINEAR LINEAR LINEAR LINEAR LINEAR LINEAR
LINEAR LINEAR LINEAR LINEAR LINEAR LINEAR LINEAR LINEAR LINEAR LINEAR LINEAR LINEAR
LINEAR LINEAR LINEAR LINEAR LINEAR LINEAR LINEAR LINEAR LINEAR LINEAR LINEAR LINEAR
LINEAR LINEAR LINEAR LINEAR LINEAR LINEAR LINEAR LINEAR LINEAR LINEAR LINEAR LINEAR
LINEAR LINEAR LINEAR LINEAR LINEAR LINEAR LINEAR LINEAR LINEAR LINEAR LINEAR LINEAR
LINEAR LINEAR LINEAR LINEAR LINEAR LINEAR LINEAR LINEAR</Name_array>
        <technique_common>
          <accessor source="#mixamorig_RightHandMiddle3-Interpolations-array" count="79">
            <param type="name"/>
          </accessor>
        </technique_common>
      </source>
      <sampler id="mixamorig_RightHandMiddle3-Matrix-animation-transform">
        <input semantic="INPUT" source="#mixamorig_RightHandMiddle3-Matrix-animation-input"/>
        <input semantic="OUTPUT" source="#mixamorig_RightHandMiddle3-Matrix-animation-output-transform"/>
        <input semantic="INTERPOLATION" source="#mixamorig_RightHandMiddle3-Interpolations"/>
      </sampler>
      <channel source="#mixamorig_RightHandMiddle3-Matrix-animation-transform" target="mixamorig_RightHandMiddle3/matrix"/>
    </animation>
    <animation id="mixamorig_RightHandRing1-anim" name="mixamorig_RightHandRing1">
      <source id="mixamorig_RightHandRing1-Matrix-animation-input">
        <float_array id="mixamorig_RightHandRing1-Matrix-animation-input-array" count="79">

0.000000 0.033333 0.066667 0.100000 0.133333 0.166667 0.200000 0.233333 0.266667 0.300000 0.333333 0.366667 0.400000 0.433333 0.466667 0.500000
0.533333 0.566667 0.600000 0.633333 0.666667 0.700000 0.733333 0.766667 0.800000 0.833333 0.866667 0.900000 0.933333 0.966667 1.000000 1.033333
1.066667 1.100000 1.133333 1.166667 1.200000 1.233333 1.266667 1.300000 1.333333 1.366667 1.400000 1.433333 1.466667 1.500000 1.533333 1.566667
1.600000 1.633333 1.666667 1.700000 1.733333 1.766667 1.800000 1.833333 1.866667 1.900000 1.933333 1.966667 2.000000 2.033333 2.066667 2.100000
2.133333 2.166667 2.200000 2.233333 2.266667 2.300000 2.333333 2.366667 2.400000 2.433333 2.466667 2.500000 2.533333 2.566667 2.600000</float_array>
        <technique_common>
          <accessor source="#mixamorig_RightHandRing1-Matrix-animation-input-array" count="79">
            <param name="TIME" type="float"/>
          </accessor>
        </technique_common>
      </source>
      <source id="mixamorig_RightHandRing1-Matrix-animation-output-transform">
        <float_array id="mixamorig_RightHandRing1-Matrix-animation-output-transform-array" count="1264">

0.996875 -0.027651 0.073992 -3.304900 0.077871 0.186895 -0.979289 13.191500 0.013249 0.981991 0.188464 -0.322000 0.000000 0.000000 0.000000 1.000000
0.996875 -0.027651 0.073992 -3.304900 0.077870 0.186895 -0.979289 13.191500 0.013249 0.981991 0.188464 -0.322000 0.000000 0.000000 0.000000 1.000000
0.996875 -0.027650 0.073992 -3.304900 0.077871 0.186895 -0.979289 13.191500 0.013249 0.981991 0.188464 -0.322000 0.000000 0.000000 0.000000 1.000000
0.996875 -0.027651 0.073992 -3.304900 0.077871 0.186895 -0.979289 13.191500 0.013249 0.981991 0.188464 -0.322000 0.000000 0.000000 0.000000 1.000000
0.996875 -0.027651 0.073992 -3.304900 0.077871 0.186895 -0.979289 13.191500 0.013249 0.981991 0.188464 -0.322000 0.000000 0.000000 0.000000 1.000000
0.996875 -0.027651 0.073992 -3.304900 0.077871 0.186895 -0.979289 13.191500 0.013249 0.981991 0.188464 -0.322000 0.000000 0.000000 0.000000 1.000000
0.996875 -0.027650 0.073992 -3.304900 0.077871 0.186895 -0.979289 13.191500 0.013249 0.981991 0.188464 -0.322000 0.000000 0.000000 0.000000 1.000000
0.996875 -0.027651 0.073992 -3.304900 0.077871 0.186895 -0.979289 13.191500 0.013249 0.981991 0.188464 -0.322000 0.000000 0.000000 0.000000 1.000000
0.996875 -0.027651 0.073992 -3.304900 0.077871 0.186894 -0.979289 13.191500 0.013249 0.981991 0.188464 -0.322000 0.000000 0.000000 0.000000 1.000000
0.996875 -0.027650 0.073993 -3.304900 0.077871 0.186894 -0.979289 13.191500 0.013249 0.981991 0.188464 -0.322000 0.000000 0.000000 0.000000 1.000000
0.996875 -0.027651 0.073992 -3.304900 0.077871 0.186895 -0.979289 13.191500 0.013249 0.981991 0.188464 -0.322000 0.000000 0.000000 0.000000 1.000000
0.996875 -0.027651 0.073992 -3.304900 0.077871 0.186895 -0.979289 13.191500 0.013249 0.981991 0.188464 -0.322000 0.000000 0.000000 0.000000 1.000000
0.996875 -0.027650 0.073992 -3.304900 0.077871 0.186895 -0.979289 13.191500 0.013249 0.981991 0.188464 -0.322000 0.000000 0.000000 0.000000 1.000000
0.996875 -0.027651 0.073992 -3.304900 0.077871 0.186895 -0.979289 13.191500 0.013249 0.981991 0.188464 -0.322000 0.000000 0.000000 0.000000 1.000000
0.996875 -0.027650 0.073992 -3.304900 0.077871 0.186895 -0.979289 13.191500 0.013249 0.981991 0.188464 -0.322000 0.000000 0.000000 0.000000 1.000000
0.996875 -0.027650 0.073992 -3.304900 0.077871 0.186895 -0.979289 13.191500 0.013249 0.981991 0.188464 -0.322000 0.000000 0.000000 0.000000 1.000000
0.996875 -0.027650 0.073992 -3.304900 0.077871 0.186895 -0.979289 13.191500 0.013249 0.981991 0.188464 -0.322000 0.000000 0.000000 0.000000 1.000000
0.996875 -0.027651 0.073992 -3.304900 0.077871 0.186895 -0.979289 13.191500 0.013249 0.981991 0.188464 -0.322000 0.000000 0.000000 0.000000 1.000000
0.996875 -0.027650 0.073992 -3.304900 0.077871 0.186895 -0.979289 13.191500 0.013249 0.981991 0.188464 -0.322000 0.000000 0.000000 0.000000 1.000000
0.996875 -0.027650 0.073992 -3.304900 0.077871 0.186894 -0.979289 13.191500 0.013249 0.981991 0.188464 -0.322000 0.000000 0.000000 0.000000 1.000000
0.996875 -0.027650 0.073992 -3.304900 0.077871 0.186894 -0.979289 13.191500 0.013249 0.981991 0.188464 -0.322000 0.000000 0.000000 0.000000 1.000000
0.996875 -0.027650 0.073992 -3.304900 0.077871 0.186895 -0.979289 13.191500 0.013249 0.981991 0.188464 -0.322000 0.000000 0.000000 0.000000 1.000000
0.996875 -0.027651 0.073992 -3.304900 0.077871 0.186895 -0.979289 13.191500 0.013249 0.981991 0.188464 -0.322000 0.000000 0.000000 0.000000 1.000000
0.996875 -0.027650 0.073992 -3.304900 0.077871 0.186894 -0.979289 13.191500 0.013249 0.981991 0.188464 -0.322000 0.000000 0.000000 0.000000 1.000000
0.996875 -0.027651 0.073992 -3.304900 0.077871 0.186895 -0.979289 13.191500 0.013249 0.981991 0.188464 -0.322000 0.000000 0.000000 0.000000 1.000000
0.996875 -0.027650 0.073992 -3.304900 0.077871 0.186895 -0.979289 13.191500 0.013249 0.981991 0.188464 -0.322000 0.000000 0.000000 0.000000 1.000000
0.996875 -0.027650 0.073993 -3.304900 0.077871 0.186895 -0.979289 13.191500 0.013249 0.981991 0.188464 -0.322000 0.000000 0.000000 0.000000 1.000000
0.996875 -0.027650 0.073992 -3.304900 0.077871 0.186895 -0.979289 13.191500 0.013249 0.981991 0.188464 -0.322000 0.000000 0.000000 0.000000 1.000000
0.996875 -0.027650 0.073992 -3.304900 0.077871 0.186894 -0.979289 13.191500 0.013249 0.981991 0.188464 -0.322000 0.000000 0.000000 0.000000 1.000000
0.996875 -0.027650 0.073992 -3.304900 0.077871 0.186894 -0.979289 13.191500 0.013249 0.981991 0.188464 -0.322000 0.000000 0.000000 0.000000 1.000000
0.996875 -0.027651 0.073992 -3.304900 0.077871 0.186895 -0.979289 13.191500 0.013249 0.981991 0.188464 -0.322000 0.000000 0.000000 0.000000 1.000000
0.996875 -0.027650 0.073992 -3.304900 0.077871 0.186895 -0.979289 13.191500 0.013249 0.981991 0.188464 -0.322000 0.000000 0.000000 0.000000 1.000000
0.996875 -0.027650 0.073993 -3.304900 0.077871 0.186895 -0.979289 13.191500 0.013249 0.981991 0.188464 -0.322000 0.000000 0.000000 0.000000 1.000000
0.996875 -0.027651 0.073993 -3.304900 0.077871 0.186895 -0.979289 13.191500 0.013249 0.981991 0.188464 -0.322000 0.000000 0.000000 0.000000 1.000000
0.996875 -0.027650 0.073992 -3.304900 0.077871 0.186894 -0.979289 13.191500 0.013249 0.981991 0.188464 -0.322000 0.000000 0.000000 0.000000 1.000000
0.996875 -0.027650 0.073992 -3.304900 0.077871 0.186895 -0.979289 13.191500 0.013249 0.981991 0.188464 -0.322000 0.000000 0.000000 0.000000 1.000000
0.996875 -0.027651 0.073992 -3.304900 0.077871 0.186895 -0.979289 13.191500 0.013249 0.981991 0.188464 -0.322000 0.000000 0.000000 0.000000 1.000000
0.996875 -0.027651 0.073992 -3.304900 0.077871 0.186895 -0.979289 13.191500 0.013249 0.981991 0.188464 -0.322000 0.000000 0.000000 0.000000 1.000000
0.996875 -0.027650 0.073993 -3.304900 0.077871 0.186894 -0.979289 13.191500 0.013249 0.981991 0.188464 -0.322000 0.000000 0.000000 0.000000 1.000000
0.996875 -0.027650 0.073992 -3.304900 0.077871 0.186895 -0.979289 13.191500 0.013249 0.981991 0.188464 -0.322000 0.000000 0.000000 0.000000 1.000000
0.996875 -0.027650 0.073992 -3.304900 0.077871 0.186894 -0.979289 13.191500 0.013249 0.981991 0.188464 -0.322000 0.000000 0.000000 0.000000 1.000000
0.996875 -0.027650 0.073992 -3.304900 0.077871 0.186894 -0.979289 13.191500 0.013249 0.981991 0.188464 -0.322000 0.000000 0.000000 0.000000 1.000000
0.996875 -0.027650 0.073992 -3.304900 0.077871 0.186895 -0.979289 13.191500 0.013249 0.981991 0.188464 -0.322000 0.000000 0.000000 0.000000 1.000000
0.996875 -0.027650 0.073993 -3.304900 0.077871 0.186895 -0.979289 13.191500 0.013249 0.981991 0.188464 -0.322000 0.000000 0.000000 0.000000 1.000000
0.996875 -0.027650 0.073992 -3.304900 0.077871 0.186895 -0.979289 13.191500 0.013249 0.981991 0.188464 -0.322000 0.000000 0.000000 0.000000 1.000000
0.996875 -0.027650 0.073992 -3.304900 0.077871 0.186895 -0.979289 13.191500 0.013249 0.981991 0.188464 -0.322000 0.000000 0.000000 0.000000 1.000000
0.996875 -0.027650 0.073992 -3.304900 0.077871 0.186894 -0.979289 13.191500 0.013249 0.981991 0.188464 -0.322000 0.000000 0.000000 0.000000 1.000000
0.996875 -0.027651 0.073992 -3.304900 0.077871 0.186895 -0.979289 13.191500 0.013249 0.981991 0.188464 -0.322000 0.000000 0.000000 0.000000 1.000000
0.996875 -0.027650 0.073992 -3.304900 0.077871 0.186895 -0.979289 13.191500 0.013249 0.981991 0.188464 -0.322000 0.000000 0.000000 0.000000 1.000000
0.996875 -0.027650 0.073992 -3.304900 0.077871 0.186894 -0.979289 13.191500 0.013249 0.981991 0.188464 -0.322000 0.000000 0.000000 0.000000 1.000000
0.996875 -0.027650 0.073992 -3.304900 0.077871 0.186895 -0.979289 13.191500 0.013249 0.981991 0.188464 -0.322000 0.000000 0.000000 0.000000 1.000000
0.996875 -0.027650 0.073992 -3.304900 0.077871 0.186895 -0.979289 13.191500 0.013249 0.981991 0.188464 -0.322000 0.000000 0.000000 0.000000 1.000000
0.996875 -0.027651 0.073992 -3.304900 0.077871 0.186894 -0.979289 13.191500 0.013249 0.981991 0.188464 -0.322000 0.000000 0.000000 0.000000 1.000000
0.996875 -0.027650 0.073992 -3.304900 0.077871 0.186895 -0.979289 13.191500 0.013249 0.981991 0.188464 -0.322000 0.000000 0.000000 0.000000 1.000000
0.996875 -0.027651 0.073992 -3.304900 0.077871 0.186895 -0.979289 13.191500 0.013249 0.981991 0.188464 -0.322000 0.000000 0.000000 0.000000 1.000000
0.996875 -0.027651 0.073992 -3.304900 0.077871 0.186895 -0.979289 13.191500 0.013249 0.981991 0.188464 -0.322000 0.000000 0.000000 0.000000 1.000000
0.996875 -0.027651 0.073992 -3.304900 0.077871 0.186895 -0.979289 13.191500 0.013249 0.981991 0.188464 -0.322000 0.000000 0.000000 0.000000 1.000000
0.996875 -0.027651 0.073992 -3.304900 0.077871 0.186895 -0.979289 13.191500 0.013249 0.981991 0.188464 -0.322000 0.000000 0.000000 0.000000 1.000000
0.996875 -0.027650 0.073992 -3.304900 0.077871 0.186895 -0.979289 13.191500 0.013249 0.981991 0.188464 -0.322000 0.000000 0.000000 0.000000 1.000000
0.996875 -0.027651 0.073993 -3.304900 0.077871 0.186895 -0.979289 13.191500 0.013249 0.981991 0.188464 -0.322000 0.000000 0.000000 0.000000 1.000000
0.996875 -0.027650 0.073992 -3.304900 0.077871 0.186895 -0.979289 13.191500 0.013249 0.981991 0.188464 -0.322000 0.000000 0.000000 0.000000 1.000000
0.996875 -0.027650 0.073992 -3.304900 0.077871 0.186894 -0.979289 13.191500 0.013249 0.981991 0.188464 -0.322000 0.000000 0.000000 0.000000 1.000000
0.996875 -0.027651 0.073992 -3.304900 0.077871 0.186894 -0.979289 13.191500 0.013249 0.981991 0.188464 -0.322000 0.000000 0.000000 0.000000 1.000000
0.996875 -0.027650 0.073992 -3.304900 0.077871 0.186894 -0.979289 13.191500 0.013249 0.981991 0.188464 -0.322000 0.000000 0.000000 0.000000 1.000000
0.996875 -0.027651 0.073992 -3.304900 0.077871 0.186895 -0.979289 13.191500 0.013249 0.981991 0.188464 -0.322000 0.000000 0.000000 0.000000 1.000000
0.996875 -0.027650 0.073992 -3.304900 0.077871 0.186894 -0.979289 13.191500 0.013249 0.981991 0.188464 -0.322000 0.000000 0.000000 0.000000 1.000000
0.996875 -0.027650 0.073992 -3.304900 0.077871 0.186895 -0.979289 13.191500 0.013249 0.981991 0.188464 -0.322000 0.000000 0.000000 0.000000 1.000000
0.996875 -0.027650 0.073992 -3.304900 0.077871 0.186895 -0.979289 13.191500 0.013249 0.981991 0.188464 -0.322000 0.000000 0.000000 0.000000 1.000000
0.996875 -0.027650 0.073992 -3.304900 0.077871 0.186895 -0.979289 13.191500 0.013249 0.981991 0.188464 -0.322000 0.000000 0.000000 0.000000 1.000000
0.996875 -0.027650 0.073992 -3.304900 0.077871 0.186895 -0.979289 13.191500 0.013249 0.981991 0.188464 -0.322000 0.000000 0.000000 0.000000 1.000000
0.996875 -0.027651 0.073992 -3.304900 0.077871 0.186895 -0.979289 13.191500 0.013249 0.981991 0.188464 -0.322000 0.000000 0.000000 0.000000 1.000000
0.996875 -0.027650 0.073992 -3.304900 0.077871 0.186895 -0.979289 13.191500 0.013249 0.981991 0.188464 -0.322000 0.000000 0.000000 0.000000 1.000000
0.996875 -0.027650 0.073992 -3.304900 0.077871 0.186895 -0.979289 13.191500 0.013249 0.981991 0.188464 -0.322000 0.000000 0.000000 0.000000 1.000000
0.996875 -0.027651 0.073992 -3.304900 0.077871 0.186895 -0.979289 13.191500 0.013249 0.981991 0.188464 -0.322000 0.000000 0.000000 0.000000 1.000000
0.996875 -0.027651 0.073992 -3.304900 0.077871 0.186895 -0.979289 13.191500 0.013249 0.981991 0.188464 -0.322000 0.000000 0.000000 0.000000 1.000000
0.996875 -0.027650 0.073992 -3.304900 0.077871 0.186895 -0.979289 13.191500 0.013249 0.981991 0.188464 -0.322000 0.000000 0.000000 0.000000 1.000000
0.996875 -0.027651 0.073992 -3.304900 0.077871 0.186895 -0.979289 13.191500 0.013249 0.981991 0.188464 -0.322000 0.000000 0.000000 0.000000 1.000000
0.996875 -0.027651 0.073992 -3.304900 0.077871 0.186895 -0.979289 13.191500 0.013249 0.981991 0.188464 -0.322000 0.000000 0.000000 0.000000 1.000000
0.996875 -0.027650 0.073992 -3.304900 0.077871 0.186895 -0.979289 13.191500 0.013249 0.981991 0.188464 -0.322000 0.000000 0.000000 0.000000 1.000000</float_array>
        <technique_common>
          <accessor source="#mixamorig_RightHandRing1-Matrix-animation-output-transform-array" count="79" stride="16">
            <param type="float4x4"/>
          </accessor>
        </technique_common>
      </source>
      <source id="mixamorig_RightHandRing1-Interpolations">
        <Name_array id="mixamorig_RightHandRing1-Interpolations-array" count="79">
 LINEAR LINEAR LINEAR LINEAR LINEAR LINEAR LINEAR LINEAR LINEAR LINEAR LINEAR
LINEAR LINEAR LINEAR LINEAR LINEAR LINEAR LINEAR LINEAR LINEAR LINEAR LINEAR LINEAR
LINEAR LINEAR LINEAR LINEAR LINEAR LINEAR LINEAR LINEAR LINEAR LINEAR LINEAR LINEAR
LINEAR LINEAR LINEAR LINEAR LINEAR LINEAR LINEAR LINEAR LINEAR LINEAR LINEAR LINEAR
LINEAR LINEAR LINEAR LINEAR LINEAR LINEAR LINEAR LINEAR LINEAR LINEAR LINEAR LINEAR
LINEAR LINEAR LINEAR LINEAR LINEAR LINEAR LINEAR LINEAR LINEAR LINEAR LINEAR LINEAR
LINEAR LINEAR LINEAR LINEAR LINEAR LINEAR LINEAR LINEAR</Name_array>
        <technique_common>
          <accessor source="#mixamorig_RightHandRing1-Interpolations-array" count="79">
            <param type="name"/>
          </accessor>
        </technique_common>
      </source>
      <sampler id="mixamorig_RightHandRing1-Matrix-animation-transform">
        <input semantic="INPUT" source="#mixamorig_RightHandRing1-Matrix-animation-input"/>
        <input semantic="OUTPUT" source="#mixamorig_RightHandRing1-Matrix-animation-output-transform"/>
        <input semantic="INTERPOLATION" source="#mixamorig_RightHandRing1-Interpolations"/>
      </sampler>
      <channel source="#mixamorig_RightHandRing1-Matrix-animation-transform" target="mixamorig_RightHandRing1/matrix"/>
    </animation>
    <animation id="mixamorig_RightHandRing2-anim" name="mixamorig_RightHandRing2">
      <source id="mixamorig_RightHandRing2-Matrix-animation-input">
        <float_array id="mixamorig_RightHandRing2-Matrix-animation-input-array" count="79">

0.000000 0.033333 0.066667 0.100000 0.133333 0.166667 0.200000 0.233333 0.266667 0.300000 0.333333 0.366667 0.400000 0.433333 0.466667 0.500000
0.533333 0.566667 0.600000 0.633333 0.666667 0.700000 0.733333 0.766667 0.800000 0.833333 0.866667 0.900000 0.933333 0.966667 1.000000 1.033333
1.066667 1.100000 1.133333 1.166667 1.200000 1.233333 1.266667 1.300000 1.333333 1.366667 1.400000 1.433333 1.466667 1.500000 1.533333 1.566667
1.600000 1.633333 1.666667 1.700000 1.733333 1.766667 1.800000 1.833333 1.866667 1.900000 1.933333 1.966667 2.000000 2.033333 2.066667 2.100000
2.133333 2.166667 2.200000 2.233333 2.266667 2.300000 2.333333 2.366667 2.400000 2.433333 2.466667 2.500000 2.533333 2.566667 2.600000</float_array>
        <technique_common>
          <accessor source="#mixamorig_RightHandRing2-Matrix-animation-input-array" count="79">
            <param name="TIME" type="float"/>
          </accessor>
        </technique_common>
      </source>
      <source id="mixamorig_RightHandRing2-Matrix-animation-output-transform">
        <float_array id="mixamorig_RightHandRing2-Matrix-animation-output-transform-array" count="1264">

0.999647 0.020215 -0.017244 0.000000 -0.022340 0.288043 -0.957357 2.717600 -0.014386 0.957404 0.288393 0.000000 0.000000 0.000000 0.000000 1.000000
0.999647 0.020216 -0.017244 0.000000 -0.022340 0.288043 -0.957357 2.717600 -0.014387 0.957404 0.288393 -0.000000 0.000000 0.000000 0.000000 1.000000
0.999647 0.020216 -0.017244 0.000000 -0.022340 0.288043 -0.957357 2.717600 -0.014386 0.957404 0.288393 0.000000 0.000000 0.000000 0.000000 1.000000
0.999647 0.020215 -0.017244 -0.000000 -0.022340 0.288043 -0.957357 2.717600 -0.014386 0.957404 0.288393 0.000000 0.000000 0.000000 0.000000 1.000000
0.999647 0.020215 -0.017244 0.000000 -0.022340 0.288043 -0.957357 2.717600 -0.014386 0.957404 0.288393 0.000000 0.000000 0.000000 0.000000 1.000000
0.999647 0.020215 -0.017244 -0.000000 -0.022339 0.288043 -0.957357 2.717600 -0.014386 0.957404 0.288393 0.000000 0.000000 0.000000 0.000000 1.000000
0.999647 0.020215 -0.017244 0.000000 -0.022340 0.288043 -0.957357 2.717600 -0.014386 0.957404 0.288393 -0.000000 0.000000 0.000000 0.000000 1.000000
0.999647 0.020215 -0.017244 0.000000 -0.022340 0.288043 -0.957357 2.717600 -0.014386 0.957404 0.288393 0.000000 0.000000 0.000000 0.000000 1.000000
0.999647 0.020215 -0.017244 0.000000 -0.022339 0.288043 -0.957357 2.717600 -0.014386 0.957404 0.288393 0.000000 0.000000 0.000000 0.000000 1.000000
0.999647 0.020215 -0.017244 0.000000 -0.022339 0.288043 -0.957357 2.717600 -0.014386 0.957404 0.288393 0.000000 0.000000 0.000000 0.000000 1.000000
0.999647 0.020215 -0.017244 0.000000 -0.022340 0.288043 -0.957357 2.717600 -0.014386 0.957404 0.288393 0.000000 0.000000 0.000000 0.000000 1.000000
0.999647 0.020215 -0.017244 0.000000 -0.022339 0.288043 -0.957357 2.717600 -0.014386 0.957404 0.288393 0.000000 0.000000 0.000000 0.000000 1.000000
0.999647 0.020215 -0.017244 0.000000 -0.022339 0.288043 -0.957357 2.717600 -0.014386 0.957404 0.288393 0.000000 0.000000 0.000000 0.000000 1.000000
0.999647 0.020215 -0.017244 0.000000 -0.022340 0.288043 -0.957357 2.717600 -0.014386 0.957404 0.288393 -0.000000 0.000000 0.000000 0.000000 1.000000
0.999647 0.020216 -0.017244 0.000000 -0.022340 0.288043 -0.957357 2.717600 -0.014387 0.957404 0.288393 -0.000000 0.000000 0.000000 0.000000 1.000000
0.999647 0.020215 -0.017244 -0.000000 -0.022340 0.288043 -0.957357 2.717600 -0.014386 0.957404 0.288393 0.000000 0.000000 0.000000 0.000000 1.000000
0.999647 0.020216 -0.017244 0.000000 -0.022340 0.288043 -0.957357 2.717600 -0.014387 0.957404 0.288393 -0.000000 0.000000 0.000000 0.000000 1.000000
0.999647 0.020215 -0.017244 0.000000 -0.022339 0.288043 -0.957357 2.717600 -0.014386 0.957404 0.288393 -0.000000 0.000000 0.000000 0.000000 1.000000
0.999647 0.020215 -0.017244 -0.000000 -0.022340 0.288043 -0.957357 2.717600 -0.014386 0.957404 0.288393 0.000000 0.000000 0.000000 0.000000 1.000000
0.999647 0.020215 -0.017244 -0.000000 -0.022339 0.288043 -0.957357 2.717600 -0.014386 0.957404 0.288393 0.000000 0.000000 0.000000 0.000000 1.000000
0.999647 0.020215 -0.017244 0.000000 -0.022339 0.288043 -0.957357 2.717600 -0.014386 0.957404 0.288393 -0.000000 0.000000 0.000000 0.000000 1.000000
0.999647 0.020216 -0.017244 0.000000 -0.022340 0.288043 -0.957357 2.717600 -0.014386 0.957404 0.288393 0.000000 0.000000 0.000000 0.000000 1.000000
0.999647 0.020215 -0.017244 0.000000 -0.022339 0.288043 -0.957357 2.717600 -0.014386 0.957404 0.288393 0.000000 0.000000 0.000000 0.000000 1.000000
0.999647 0.020216 -0.017244 0.000000 -0.022339 0.288043 -0.957357 2.717600 -0.014387 0.957404 0.288393 0.000000 0.000000 0.000000 0.000000 1.000000
0.999647 0.020215 -0.017244 0.000000 -0.022340 0.288043 -0.957357 2.717600 -0.014386 0.957404 0.288393 -0.000000 0.000000 0.000000 0.000000 1.000000
0.999647 0.020215 -0.017244 0.000000 -0.022340 0.288043 -0.957357 2.717600 -0.014386 0.957404 0.288393 0.000000 0.000000 0.000000 0.000000 1.000000
0.999647 0.020215 -0.017244 -0.000000 -0.022340 0.288043 -0.957357 2.717600 -0.014386 0.957404 0.288393 -0.000000 0.000000 0.000000 0.000000 1.000000
0.999647 0.020215 -0.017244 -0.000000 -0.022340 0.288043 -0.957357 2.717600 -0.014386 0.957404 0.288393 0.000000 0.000000 0.000000 0.000000 1.000000
0.999647 0.020215 -0.017244 0.000000 -0.022339 0.288043 -0.957357 2.717600 -0.014386 0.957404 0.288393 -0.000000 0.000000 0.000000 0.000000 1.000000
0.999647 0.020215 -0.017244 0.000000 -0.022340 0.288043 -0.957357 2.717600 -0.014386 0.957404 0.288393 0.000000 0.000000 0.000000 0.000000 1.000000
0.999647 0.020215 -0.017244 -0.000000 -0.022340 0.288043 -0.957357 2.717600 -0.014386 0.957404 0.288393 -0.000000 0.000000 0.000000 0.000000 1.000000
0.999647 0.020215 -0.017244 0.000000 -0.022340 0.288043 -0.957357 2.717600 -0.014386 0.957404 0.288393 -0.000000 0.000000 0.000000 0.000000 1.000000
0.999647 0.020215 -0.017244 0.000000 -0.022339 0.288043 -0.957357 2.717600 -0.014386 0.957404 0.288393 0.000000 0.000000 0.000000 0.000000 1.000000
0.999647 0.020215 -0.017244 0.000000 -0.022340 0.288043 -0.957357 2.717600 -0.014386 0.957404 0.288393 0.000000 0.000000 0.000000 0.000000 1.000000
0.999647 0.020215 -0.017244 -0.000000 -0.022340 0.288043 -0.957357 2.717600 -0.014386 0.957404 0.288393 0.000000 0.000000 0.000000 0.000000 1.000000
0.999647 0.020216 -0.017244 0.000000 -0.022340 0.288043 -0.957357 2.717600 -0.014386 0.957404 0.288393 0.000000 0.000000 0.000000 0.000000 1.000000
0.999647 0.020215 -0.017244 0.000000 -0.022340 0.288043 -0.957357 2.717600 -0.014386 0.957404 0.288393 0.000000 0.000000 0.000000 0.000000 1.000000
0.999647 0.020215 -0.017244 0.000000 -0.022340 0.288043 -0.957357 2.717600 -0.014386 0.957404 0.288393 0.000000 0.000000 0.000000 0.000000 1.000000
0.999647 0.020215 -0.017244 0.000000 -0.022340 0.288043 -0.957357 2.717600 -0.014386 0.957404 0.288393 0.000000 0.000000 0.000000 0.000000 1.000000
0.999647 0.020215 -0.017244 -0.000000 -0.022340 0.288043 -0.957357 2.717600 -0.014386 0.957404 0.288393 0.000000 0.000000 0.000000 0.000000 1.000000
0.999647 0.020215 -0.017244 -0.000000 -0.022340 0.288043 -0.957357 2.717600 -0.014386 0.957404 0.288393 0.000000 0.000000 0.000000 0.000000 1.000000
0.999647 0.020215 -0.017244 -0.000000 -0.022340 0.288043 -0.957357 2.717600 -0.014386 0.957404 0.288393 0.000000 0.000000 0.000000 0.000000 1.000000
0.999647 0.020216 -0.017244 0.000000 -0.022340 0.288043 -0.957357 2.717600 -0.014386 0.957404 0.288393 -0.000000 0.000000 0.000000 0.000000 1.000000
0.999647 0.020215 -0.017244 0.000000 -0.022340 0.288043 -0.957357 2.717600 -0.014386 0.957404 0.288393 0.000000 0.000000 0.000000 0.000000 1.000000
0.999647 0.020215 -0.017244 0.000000 -0.022340 0.288043 -0.957357 2.717600 -0.014386 0.957404 0.288393 -0.000000 0.000000 0.000000 0.000000 1.000000
0.999647 0.020216 -0.017244 0.000000 -0.022339 0.288043 -0.957357 2.717600 -0.014387 0.957404 0.288393 0.000000 0.000000 0.000000 0.000000 1.000000
0.999647 0.020215 -0.017244 0.000000 -0.022339 0.288043 -0.957357 2.717600 -0.014386 0.957404 0.288393 -0.000000 0.000000 0.000000 0.000000 1.000000
0.999647 0.020215 -0.017244 0.000000 -0.022339 0.288043 -0.957357 2.717600 -0.014386 0.957404 0.288393 0.000000 0.000000 0.000000 0.000000 1.000000
0.999647 0.020216 -0.017244 -0.000000 -0.022340 0.288043 -0.957357 2.717600 -0.014386 0.957404 0.288393 -0.000000 0.000000 0.000000 0.000000 1.000000
0.999647 0.020215 -0.017244 -0.000000 -0.022340 0.288043 -0.957357 2.717600 -0.014386 0.957404 0.288393 0.000000 0.000000 0.000000 0.000000 1.000000
0.999647 0.020215 -0.017244 -0.000000 -0.022339 0.288043 -0.957357 2.717600 -0.014386 0.957404 0.288393 0.000000 0.000000 0.000000 0.000000 1.000000
0.999647 0.020216 -0.017244 -0.000000 -0.022339 0.288043 -0.957357 2.717600 -0.014387 0.957404 0.288393 0.000000 0.000000 0.000000 0.000000 1.000000
0.999647 0.020215 -0.017244 0.000000 -0.022340 0.288043 -0.957357 2.717600 -0.014386 0.957404 0.288393 0.000000 0.000000 0.000000 0.000000 1.000000
0.999647 0.020215 -0.017244 0.000000 -0.022339 0.288044 -0.957357 2.717600 -0.014386 0.957404 0.288394 0.000000 0.000000 0.000000 0.000000 1.000000
0.999647 0.020215 -0.017244 -0.000000 -0.022339 0.288043 -0.957357 2.717600 -0.014386 0.957404 0.288393 0.000000 0.000000 0.000000 0.000000 1.000000
0.999647 0.020216 -0.017244 0.000000 -0.022339 0.288043 -0.957357 2.717600 -0.014386 0.957404 0.288393 0.000000 0.000000 0.000000 0.000000 1.000000
0.999647 0.020215 -0.017244 0.000000 -0.022340 0.288043 -0.957357 2.717600 -0.014386 0.957404 0.288393 0.000000 0.000000 0.000000 0.000000 1.000000
0.999647 0.020215 -0.017244 0.000000 -0.022340 0.288043 -0.957357 2.717600 -0.014386 0.957404 0.288393 0.000000 0.000000 0.000000 0.000000 1.000000
0.999647 0.020215 -0.017244 0.000000 -0.022340 0.288043 -0.957357 2.717600 -0.014386 0.957404 0.288393 -0.000000 0.000000 0.000000 0.000000 1.000000
0.999647 0.020215 -0.017244 -0.000000 -0.022340 0.288043 -0.957357 2.717600 -0.014386 0.957404 0.288393 0.000000 0.000000 0.000000 0.000000 1.000000
0.999647 0.020216 -0.017244 0.000000 -0.022339 0.288043 -0.957357 2.717600 -0.014387 0.957404 0.288393 0.000000 0.000000 0.000000 0.000000 1.000000
0.999647 0.020215 -0.017244 0.000000 -0.022339 0.288044 -0.957357 2.717600 -0.014386 0.957404 0.288394 0.000000 0.000000 0.000000 0.000000 1.000000
0.999647 0.020215 -0.017244 0.000000 -0.022340 0.288043 -0.957357 2.717600 -0.014386 0.957404 0.288393 0.000000 0.000000 0.000000 0.000000 1.000000
0.999647 0.020216 -0.017244 0.000000 -0.022340 0.288043 -0.957357 2.717600 -0.014386 0.957404 0.288393 0.000000 0.000000 0.000000 0.000000 1.000000
0.999647 0.020215 -0.017244 0.000000 -0.022340 0.288043 -0.957357 2.717600 -0.014386 0.957404 0.288393 -0.000000 0.000000 0.000000 0.000000 1.000000
0.999647 0.020215 -0.017244 0.000000 -0.022340 0.288043 -0.957357 2.717600 -0.014386 0.957404 0.288393 -0.000000 0.000000 0.000000 0.000000 1.000000
0.999647 0.020216 -0.017244 -0.000000 -0.022339 0.288043 -0.957357 2.717600 -0.014387 0.957404 0.288393 0.000000 0.000000 0.000000 0.000000 1.000000
0.999647 0.020215 -0.017244 -0.000000 -0.022340 0.288043 -0.957357 2.717600 -0.014386 0.957404 0.288393 0.000000 0.000000 0.000000 0.000000 1.000000
0.999647 0.020215 -0.017244 0.000000 -0.022339 0.288043 -0.957357 2.717600 -0.014386 0.957404 0.288393 0.000000 0.000000 0.000000 0.000000 1.000000
0.999647 0.020215 -0.017244 -0.000000 -0.022340 0.288043 -0.957357 2.717600 -0.014386 0.957404 0.288393 0.000000 0.000000 0.000000 0.000000 1.000000
0.999647 0.020215 -0.017244 0.000000 -0.022340 0.288043 -0.957357 2.717600 -0.014386 0.957404 0.288393 0.000000 0.000000 0.000000 0.000000 1.000000
0.999647 0.020216 -0.017244 0.000000 -0.022340 0.288043 -0.957357 2.717600 -0.014386 0.957404 0.288393 0.000000 0.000000 0.000000 0.000000 1.000000
0.999647 0.020216 -0.017244 0.000000 -0.022339 0.288043 -0.957357 2.717600 -0.014386 0.957404 0.288393 0.000000 0.000000 0.000000 0.000000 1.000000
0.999647 0.020216 -0.017244 0.000000 -0.022340 0.288043 -0.957357 2.717600 -0.014386 0.957404 0.288393 -0.000000 0.000000 0.000000 0.000000 1.000000
0.999647 0.020215 -0.017244 -0.000000 -0.022339 0.288043 -0.957357 2.717600 -0.014386 0.957404 0.288393 0.000000 0.000000 0.000000 0.000000 1.000000
0.999647 0.020215 -0.017244 0.000000 -0.022340 0.288043 -0.957357 2.717600 -0.014386 0.957404 0.288393 0.000000 0.000000 0.000000 0.000000 1.000000
0.999647 0.020215 -0.017244 0.000000 -0.022340 0.288043 -0.957357 2.717600 -0.014386 0.957404 0.288393 0.000000 0.000000 0.000000 0.000000 1.000000
0.999647 0.020215 -0.017244 0.000000 -0.022339 0.288043 -0.957357 2.717600 -0.014386 0.957404 0.288393 0.000000 0.000000 0.000000 0.000000 1.000000
0.999647 0.020216 -0.017244 0.000000 -0.022340 0.288043 -0.957357 2.717600 -0.014386 0.957404 0.288393 0.000000 0.000000 0.000000 0.000000 1.000000</float_array>
        <technique_common>
          <accessor source="#mixamorig_RightHandRing2-Matrix-animation-output-transform-array" count="79" stride="16">
            <param type="float4x4"/>
          </accessor>
        </technique_common>
      </source>
      <source id="mixamorig_RightHandRing2-Interpolations">
        <Name_array id="mixamorig_RightHandRing2-Interpolations-array" count="79">
 LINEAR LINEAR LINEAR LINEAR LINEAR LINEAR LINEAR LINEAR LINEAR LINEAR LINEAR
LINEAR LINEAR LINEAR LINEAR LINEAR LINEAR LINEAR LINEAR LINEAR LINEAR LINEAR LINEAR
LINEAR LINEAR LINEAR LINEAR LINEAR LINEAR LINEAR LINEAR LINEAR LINEAR LINEAR LINEAR
LINEAR LINEAR LINEAR LINEAR LINEAR LINEAR LINEAR LINEAR LINEAR LINEAR LINEAR LINEAR
LINEAR LINEAR LINEAR LINEAR LINEAR LINEAR LINEAR LINEAR LINEAR LINEAR LINEAR LINEAR
LINEAR LINEAR LINEAR LINEAR LINEAR LINEAR LINEAR LINEAR LINEAR LINEAR LINEAR LINEAR
LINEAR LINEAR LINEAR LINEAR LINEAR LINEAR LINEAR LINEAR</Name_array>
        <technique_common>
          <accessor source="#mixamorig_RightHandRing2-Interpolations-array" count="79">
            <param type="name"/>
          </accessor>
        </technique_common>
      </source>
      <sampler id="mixamorig_RightHandRing2-Matrix-animation-transform">
        <input semantic="INPUT" source="#mixamorig_RightHandRing2-Matrix-animation-input"/>
        <input semantic="OUTPUT" source="#mixamorig_RightHandRing2-Matrix-animation-output-transform"/>
        <input semantic="INTERPOLATION" source="#mixamorig_RightHandRing2-Interpolations"/>
      </sampler>
      <channel source="#mixamorig_RightHandRing2-Matrix-animation-transform" target="mixamorig_RightHandRing2/matrix"/>
    </animation>
    <animation id="mixamorig_RightHandRing3-anim" name="mixamorig_RightHandRing3">
      <source id="mixamorig_RightHandRing3-Matrix-animation-input">
        <float_array id="mixamorig_RightHandRing3-Matrix-animation-input-array" count="79">

0.000000 0.033333 0.066667 0.100000 0.133333 0.166667 0.200000 0.233333 0.266667 0.300000 0.333333 0.366667 0.400000 0.433333 0.466667 0.500000
0.533333 0.566667 0.600000 0.633333 0.666667 0.700000 0.733333 0.766667 0.800000 0.833333 0.866667 0.900000 0.933333 0.966667 1.000000 1.033333
1.066667 1.100000 1.133333 1.166667 1.200000 1.233333 1.266667 1.300000 1.333333 1.366667 1.400000 1.433333 1.466667 1.500000 1.533333 1.566667
1.600000 1.633333 1.666667 1.700000 1.733333 1.766667 1.800000 1.833333 1.866667 1.900000 1.933333 1.966667 2.000000 2.033333 2.066667 2.100000
2.133333 2.166667 2.200000 2.233333 2.266667 2.300000 2.333333 2.366667 2.400000 2.433333 2.466667 2.500000 2.533333 2.566667 2.600000</float_array>
        <technique_common>
          <accessor source="#mixamorig_RightHandRing3-Matrix-animation-input-array" count="79">
            <param name="TIME" type="float"/>
          </accessor>
        </technique_common>
      </source>
      <source id="mixamorig_RightHandRing3-Matrix-animation-output-transform">
        <float_array id="mixamorig_RightHandRing3-Matrix-animation-output-transform-array" count="1264">

0.999813 -0.013850 0.013503 -0.000000 0.019266 0.775388 -0.631191 2.134500 -0.001728 0.631333 0.775510 0.000000 0.000000 0.000000 0.000000 1.000000
0.999813 -0.013850 0.013503 0.000000 0.019266 0.775388 -0.631191 2.134500 -0.001728 0.631333 0.775510 0.000000 0.000000 0.000000 0.000000 1.000000
0.999813 -0.013850 0.013503 -0.000000 0.019266 0.775388 -0.631191 2.134500 -0.001728 0.631333 0.775510 0.000000 0.000000 0.000000 0.000000 1.000000
0.999813 -0.013850 0.013503 0.000000 0.019266 0.775388 -0.631191 2.134500 -0.001728 0.631333 0.775510 -0.000000 0.000000 0.000000 0.000000 1.000000
0.999813 -0.013851 0.013503 -0.000000 0.019266 0.775388 -0.631191 2.134500 -0.001728 0.631333 0.775510 -0.000000 0.000000 0.000000 0.000000 1.000000
0.999813 -0.013850 0.013503 0.000000 0.019266 0.775388 -0.631191 2.134500 -0.001728 0.631333 0.775510 0.000000 0.000000 0.000000 0.000000 1.000000
0.999813 -0.013850 0.013503 0.000000 0.019266 0.775388 -0.631191 2.134500 -0.001728 0.631333 0.775510 0.000000 0.000000 0.000000 0.000000 1.000000
0.999813 -0.013850 0.013503 -0.000000 0.019266 0.775388 -0.631191 2.134500 -0.001728 0.631333 0.775510 0.000000 0.000000 0.000000 0.000000 1.000000
0.999813 -0.013850 0.013503 0.000000 0.019266 0.775388 -0.631191 2.134500 -0.001728 0.631333 0.775510 -0.000000 0.000000 0.000000 0.000000 1.000000
0.999813 -0.013850 0.013503 0.000000 0.019266 0.775388 -0.631191 2.134500 -0.001728 0.631333 0.775510 0.000000 0.000000 0.000000 0.000000 1.000000
0.999813 -0.013850 0.013503 -0.000000 0.019266 0.775388 -0.631191 2.134500 -0.001728 0.631333 0.775510 0.000000 0.000000 0.000000 0.000000 1.000000
0.999813 -0.013850 0.013503 0.000000 0.019266 0.775388 -0.631191 2.134500 -0.001728 0.631333 0.775510 0.000000 0.000000 0.000000 0.000000 1.000000
0.999813 -0.013850 0.013503 0.000000 0.019266 0.775388 -0.631191 2.134500 -0.001728 0.631333 0.775510 -0.000000 0.000000 0.000000 0.000000 1.000000
0.999813 -0.013850 0.013503 -0.000000 0.019266 0.775388 -0.631191 2.134500 -0.001728 0.631333 0.775510 -0.000000 0.000000 0.000000 0.000000 1.000000
0.999813 -0.013850 0.013503 -0.000000 0.019266 0.775388 -0.631191 2.134500 -0.001728 0.631333 0.775510 0.000000 0.000000 0.000000 0.000000 1.000000
0.999813 -0.013850 0.013503 0.000000 0.019266 0.775388 -0.631191 2.134500 -0.001728 0.631333 0.775510 0.000000 0.000000 0.000000 0.000000 1.000000
0.999813 -0.013850 0.013503 0.000000 0.019266 0.775388 -0.631191 2.134500 -0.001728 0.631333 0.775510 0.000000 0.000000 0.000000 0.000000 1.000000
0.999813 -0.013850 0.013503 0.000000 0.019266 0.775388 -0.631191 2.134500 -0.001728 0.631333 0.775510 0.000000 0.000000 0.000000 0.000000 1.000000
0.999813 -0.013850 0.013503 0.000000 0.019266 0.775388 -0.631191 2.134500 -0.001728 0.631333 0.775510 0.000000 0.000000 0.000000 0.000000 1.000000
0.999813 -0.013850 0.013503 -0.000000 0.019266 0.775388 -0.631191 2.134500 -0.001728 0.631333 0.775510 -0.000000 0.000000 0.000000 0.000000 1.000000
0.999813 -0.013850 0.013503 -0.000000 0.019266 0.775388 -0.631191 2.134500 -0.001728 0.631333 0.775510 0.000000 0.000000 0.000000 0.000000 1.000000
0.999813 -0.013850 0.013503 0.000000 0.019266 0.775388 -0.631191 2.134500 -0.001728 0.631333 0.775510 -0.000000 0.000000 0.000000 0.000000 1.000000
0.999813 -0.013850 0.013503 -0.000000 0.019266 0.775388 -0.631191 2.134500 -0.001728 0.631333 0.775510 0.000000 0.000000 0.000000 0.000000 1.000000
0.999813 -0.013850 0.013504 0.000000 0.019266 0.775388 -0.631191 2.134500 -0.001728 0.631333 0.775510 0.000000 0.000000 0.000000 0.000000 1.000000
0.999813 -0.013850 0.013503 -0.000000 0.019266 0.775388 -0.631191 2.134500 -0.001728 0.631333 0.775510 0.000000 0.000000 0.000000 0.000000 1.000000
0.999813 -0.013850 0.013503 0.000000 0.019266 0.775388 -0.631191 2.134500 -0.001728 0.631333 0.775510 0.000000 0.000000 0.000000 0.000000 1.000000
0.999813 -0.013850 0.013503 -0.000000 0.019266 0.775388 -0.631191 2.134500 -0.001728 0.631333 0.775510 0.000000 0.000000 0.000000 0.000000 1.000000
0.999813 -0.013850 0.013503 0.000000 0.019266 0.775388 -0.631191 2.134500 -0.001728 0.631333 0.775510 0.000000 0.000000 0.000000 0.000000 1.000000
0.999813 -0.013851 0.013503 0.000000 0.019266 0.775388 -0.631191 2.134500 -0.001728 0.631333 0.775510 0.000000 0.000000 0.000000 0.000000 1.000000
0.999813 -0.013850 0.013503 0.000000 0.019266 0.775388 -0.631191 2.134500 -0.001728 0.631333 0.775510 0.000000 0.000000 0.000000 0.000000 1.000000
0.999813 -0.013850 0.013503 -0.000000 0.019266 0.775388 -0.631191 2.134500 -0.001728 0.631333 0.775510 0.000000 0.000000 0.000000 0.000000 1.000000
0.999813 -0.013850 0.013503 0.000000 0.019266 0.775388 -0.631191 2.134500 -0.001728 0.631333 0.775510 0.000000 0.000000 0.000000 0.000000 1.000000
0.999813 -0.013851 0.013503 0.000000 0.019266 0.775388 -0.631191 2.134500 -0.001728 0.631333 0.775510 0.000000 0.000000 0.000000 0.000000 1.000000
0.999813 -0.013850 0.013503 0.000000 0.019266 0.775388 -0.631191 2.134500 -0.001728 0.631333 0.775510 0.000000 0.000000 0.000000 0.000000 1.000000
0.999813 -0.013850 0.013503 0.000000 0.019266 0.775388 -0.631191 2.134500 -0.001728 0.631333 0.775510 0.000000 0.000000 0.000000 0.000000 1.000000
0.999813 -0.013850 0.013503 0.000000 0.019266 0.775388 -0.631191 2.134500 -0.001728 0.631333 0.775510 -0.000000 0.000000 0.000000 0.000000 1.000000
0.999813 -0.013850 0.013504 0.000000 0.019266 0.775388 -0.631191 2.134500 -0.001728 0.631333 0.775510 0.000000 0.000000 0.000000 0.000000 1.000000
0.999813 -0.013850 0.013503 0.000000 0.019266 0.775388 -0.631191 2.134500 -0.001728 0.631333 0.775510 -0.000000 0.000000 0.000000 0.000000 1.000000
0.999813 -0.013851 0.013503 0.000000 0.019266 0.775388 -0.631191 2.134500 -0.001728 0.631333 0.775510 0.000000 0.000000 0.000000 0.000000 1.000000
0.999813 -0.013850 0.013503 0.000000 0.019266 0.775388 -0.631191 2.134500 -0.001728 0.631333 0.775510 0.000000 0.000000 0.000000 0.000000 1.000000
0.999813 -0.013850 0.013503 0.000000 0.019266 0.775388 -0.631191 2.134500 -0.001728 0.631333 0.775510 0.000000 0.000000 0.000000 0.000000 1.000000
0.999813 -0.013851 0.013503 -0.000000 0.019266 0.775388 -0.631191 2.134500 -0.001728 0.631333 0.775510 0.000000 0.000000 0.000000 0.000000 1.000000
0.999813 -0.013850 0.013503 -0.000000 0.019266 0.775388 -0.631191 2.134500 -0.001728 0.631333 0.775510 0.000000 0.000000 0.000000 0.000000 1.000000
0.999813 -0.013850 0.013503 0.000000 0.019266 0.775388 -0.631191 2.134500 -0.001728 0.631333 0.775510 0.000000 0.000000 0.000000 0.000000 1.000000
0.999813 -0.013850 0.013503 -0.000000 0.019266 0.775388 -0.631191 2.134500 -0.001728 0.631333 0.775510 0.000000 0.000000 0.000000 0.000000 1.000000
0.999813 -0.013851 0.013503 0.000000 0.019266 0.775388 -0.631191 2.134500 -0.001728 0.631333 0.775510 -0.000000 0.000000 0.000000 0.000000 1.000000
0.999813 -0.013850 0.013504 0.000000 0.019266 0.775388 -0.631191 2.134500 -0.001728 0.631333 0.775510 -0.000000 0.000000 0.000000 0.000000 1.000000
0.999813 -0.013851 0.013503 0.000000 0.019266 0.775388 -0.631191 2.134500 -0.001728 0.631333 0.775510 0.000000 0.000000 0.000000 0.000000 1.000000
0.999813 -0.013851 0.013503 0.000000 0.019266 0.775388 -0.631191 2.134500 -0.001728 0.631333 0.775510 0.000000 0.000000 0.000000 0.000000 1.000000
0.999813 -0.013850 0.013503 0.000000 0.019266 0.775388 -0.631191 2.134500 -0.001728 0.631333 0.775510 0.000000 0.000000 0.000000 0.000000 1.000000
0.999813 -0.013850 0.013503 0.000000 0.019266 0.775388 -0.631191 2.134500 -0.001728 0.631333 0.775510 0.000000 0.000000 0.000000 0.000000 1.000000
0.999813 -0.013851 0.013503 -0.000000 0.019266 0.775388 -0.631191 2.134500 -0.001728 0.631333 0.775510 0.000000 0.000000 0.000000 0.000000 1.000000
0.999813 -0.013850 0.013503 0.000000 0.019266 0.775388 -0.631191 2.134500 -0.001728 0.631333 0.775510 0.000000 0.000000 0.000000 0.000000 1.000000
0.999813 -0.013850 0.013503 -0.000000 0.019266 0.775388 -0.631191 2.134500 -0.001728 0.631333 0.775510 -0.000000 0.000000 0.000000 0.000000 1.000000
0.999813 -0.013850 0.013503 0.000000 0.019266 0.775388 -0.631191 2.134500 -0.001728 0.631333 0.775510 -0.000000 0.000000 0.000000 0.000000 1.000000
0.999813 -0.013851 0.013503 0.000000 0.019266 0.775388 -0.631191 2.134500 -0.001728 0.631333 0.775510 -0.000000 0.000000 0.000000 0.000000 1.000000
0.999813 -0.013850 0.013503 0.000000 0.019266 0.775388 -0.631191 2.134500 -0.001728 0.631333 0.775510 0.000000 0.000000 0.000000 0.000000 1.000000
0.999813 -0.013850 0.013503 0.000000 0.019266 0.775388 -0.631191 2.134500 -0.001728 0.631333 0.775510 0.000000 0.000000 0.000000 0.000000 1.000000
0.999813 -0.013850 0.013503 0.000000 0.019266 0.775388 -0.631191 2.134500 -0.001728 0.631333 0.775510 0.000000 0.000000 0.000000 0.000000 1.000000
0.999813 -0.013850 0.013503 0.000000 0.019266 0.775388 -0.631191 2.134500 -0.001728 0.631333 0.775510 0.000000 0.000000 0.000000 0.000000 1.000000
0.999813 -0.013851 0.013503 0.000000 0.019266 0.775388 -0.631191 2.134500 -0.001728 0.631333 0.775510 0.000000 0.000000 0.000000 0.000000 1.000000
0.999813 -0.013850 0.013503 0.000000 0.019266 0.775388 -0.631191 2.134500 -0.001728 0.631333 0.775510 0.000000 0.000000 0.000000 0.000000 1.000000
0.999813 -0.013850 0.013503 0.000000 0.019266 0.775388 -0.631191 2.134500 -0.001728 0.631333 0.775510 0.000000 0.000000 0.000000 0.000000 1.000000
0.999813 -0.013850 0.013504 0.000000 0.019266 0.775388 -0.631191 2.134500 -0.001728 0.631333 0.775510 -0.000000 0.000000 0.000000 0.000000 1.000000
0.999813 -0.013850 0.013503 0.000000 0.019266 0.775388 -0.631191 2.134500 -0.001728 0.631333 0.775510 0.000000 0.000000 0.000000 0.000000 1.000000
0.999813 -0.013850 0.013503 0.000000 0.019266 0.775388 -0.631191 2.134500 -0.001728 0.631333 0.775510 0.000000 0.000000 0.000000 0.000000 1.000000
0.999813 -0.013850 0.013503 0.000000 0.019266 0.775388 -0.631191 2.134500 -0.001728 0.631333 0.775510 0.000000 0.000000 0.000000 0.000000 1.000000
0.999813 -0.013850 0.013503 0.000000 0.019266 0.775388 -0.631191 2.134500 -0.001728 0.631333 0.775510 0.000000 0.000000 0.000000 0.000000 1.000000
0.999813 -0.013850 0.013503 0.000000 0.019266 0.775388 -0.631191 2.134500 -0.001728 0.631333 0.775510 0.000000 0.000000 0.000000 0.000000 1.000000
0.999813 -0.013850 0.013504 -0.000000 0.019266 0.775388 -0.631191 2.134500 -0.001728 0.631333 0.775510 0.000000 0.000000 0.000000 0.000000 1.000000
0.999813 -0.013850 0.013503 0.000000 0.019266 0.775388 -0.631191 2.134500 -0.001728 0.631333 0.775510 0.000000 0.000000 0.000000 0.000000 1.000000
0.999813 -0.013850 0.013503 0.000000 0.019266 0.775388 -0.631191 2.134500 -0.001728 0.631333 0.775510 0.000000 0.000000 0.000000 0.000000 1.000000
0.999813 -0.013850 0.013503 0.000000 0.019266 0.775388 -0.631191 2.134500 -0.001728 0.631333 0.775510 0.000000 0.000000 0.000000 0.000000 1.000000
0.999813 -0.013850 0.013503 0.000000 0.019266 0.775388 -0.631191 2.134500 -0.001728 0.631333 0.775510 0.000000 0.000000 0.000000 0.000000 1.000000
0.999813 -0.013850 0.013503 -0.000000 0.019266 0.775388 -0.631191 2.134500 -0.001728 0.631333 0.775510 0.000000 0.000000 0.000000 0.000000 1.000000
0.999813 -0.013850 0.013503 0.000000 0.019266 0.775388 -0.631191 2.134500 -0.001728 0.631333 0.775510 0.000000 0.000000 0.000000 0.000000 1.000000
0.999813 -0.013850 0.013503 0.000000 0.019266 0.775388 -0.631191 2.134500 -0.001728 0.631333 0.775510 0.000000 0.000000 0.000000 0.000000 1.000000
0.999813 -0.013850 0.013503 0.000000 0.019266 0.775388 -0.631191 2.134500 -0.001728 0.631333 0.775510 0.000000 0.000000 0.000000 0.000000 1.000000
0.999813 -0.013850 0.013503 0.000000 0.019266 0.775388 -0.631191 2.134500 -0.001728 0.631333 0.775510 0.000000 0.000000 0.000000 0.000000 1.000000</float_array>
        <technique_common>
          <accessor source="#mixamorig_RightHandRing3-Matrix-animation-output-transform-array" count="79" stride="16">
            <param type="float4x4"/>
          </accessor>
        </technique_common>
      </source>
      <source id="mixamorig_RightHandRing3-Interpolations">
        <Name_array id="mixamorig_RightHandRing3-Interpolations-array" count="79">
 LINEAR LINEAR LINEAR LINEAR LINEAR LINEAR LINEAR LINEAR LINEAR LINEAR LINEAR
LINEAR LINEAR LINEAR LINEAR LINEAR LINEAR LINEAR LINEAR LINEAR LINEAR LINEAR LINEAR
LINEAR LINEAR LINEAR LINEAR LINEAR LINEAR LINEAR LINEAR LINEAR LINEAR LINEAR LINEAR
LINEAR LINEAR LINEAR LINEAR LINEAR LINEAR LINEAR LINEAR LINEAR LINEAR LINEAR LINEAR
LINEAR LINEAR LINEAR LINEAR LINEAR LINEAR LINEAR LINEAR LINEAR LINEAR LINEAR LINEAR
LINEAR LINEAR LINEAR LINEAR LINEAR LINEAR LINEAR LINEAR LINEAR LINEAR LINEAR LINEAR
LINEAR LINEAR LINEAR LINEAR LINEAR LINEAR LINEAR LINEAR</Name_array>
        <technique_common>
          <accessor source="#mixamorig_RightHandRing3-Interpolations-array" count="79">
            <param type="name"/>
          </accessor>
        </technique_common>
      </source>
      <sampler id="mixamorig_RightHandRing3-Matrix-animation-transform">
        <input semantic="INPUT" source="#mixamorig_RightHandRing3-Matrix-animation-input"/>
        <input semantic="OUTPUT" source="#mixamorig_RightHandRing3-Matrix-animation-output-transform"/>
        <input semantic="INTERPOLATION" source="#mixamorig_RightHandRing3-Interpolations"/>
      </sampler>
      <channel source="#mixamorig_RightHandRing3-Matrix-animation-transform" target="mixamorig_RightHandRing3/matrix"/>
    </animation>
    <animation id="mixamorig_RightHandPinky1-anim" name="mixamorig_RightHandPinky1">
      <source id="mixamorig_RightHandPinky1-Matrix-animation-input">
        <float_array id="mixamorig_RightHandPinky1-Matrix-animation-input-array" count="79">

0.000000 0.033333 0.066667 0.100000 0.133333 0.166667 0.200000 0.233333 0.266667 0.300000 0.333333 0.366667 0.400000 0.433333 0.466667 0.500000
0.533333 0.566667 0.600000 0.633333 0.666667 0.700000 0.733333 0.766667 0.800000 0.833333 0.866667 0.900000 0.933333 0.966667 1.000000 1.033333
1.066667 1.100000 1.133333 1.166667 1.200000 1.233333 1.266667 1.300000 1.333333 1.366667 1.400000 1.433333 1.466667 1.500000 1.533333 1.566667
1.600000 1.633333 1.666667 1.700000 1.733333 1.766667 1.800000 1.833333 1.866667 1.900000 1.933333 1.966667 2.000000 2.033333 2.066667 2.100000
2.133333 2.166667 2.200000 2.233333 2.266667 2.300000 2.333333 2.366667 2.400000 2.433333 2.466667 2.500000 2.533333 2.566667 2.600000</float_array>
        <technique_common>
          <accessor source="#mixamorig_RightHandPinky1-Matrix-animation-input-array" count="79">
            <param name="TIME" type="float"/>
          </accessor>
        </technique_common>
      </source>
      <source id="mixamorig_RightHandPinky1-Matrix-animation-output-transform">
        <float_array id="mixamorig_RightHandPinky1-Matrix-animation-output-transform-array" count="1264">

0.997449 0.071386 -0.000319 -5.922000 -0.004358 0.056435 -0.998397 11.636400 -0.071253 0.995851 0.056602 0.517000 0.000000 0.000000 0.000000 1.000000
0.997449 0.071386 -0.000319 -5.922000 -0.004358 0.056435 -0.998397 11.636400 -0.071253 0.995851 0.056602 0.517000 0.000000 0.000000 0.000000 1.000000
0.997449 0.071386 -0.000319 -5.922000 -0.004358 0.056435 -0.998397 11.636400 -0.071254 0.995851 0.056602 0.517000 0.000000 0.000000 0.000000 1.000000
0.997449 0.071386 -0.000319 -5.922000 -0.004358 0.056435 -0.998397 11.636400 -0.071253 0.995851 0.056602 0.517000 0.000000 0.000000 0.000000 1.000000
0.997449 0.071386 -0.000319 -5.922000 -0.004358 0.056435 -0.998397 11.636400 -0.071253 0.995851 0.056602 0.517000 0.000000 0.000000 0.000000 1.000000
0.997449 0.071386 -0.000319 -5.922000 -0.004358 0.056435 -0.998397 11.636400 -0.071253 0.995851 0.056602 0.517000 0.000000 0.000000 0.000000 1.000000
0.997449 0.071386 -0.000319 -5.922000 -0.004358 0.056436 -0.998397 11.636400 -0.071253 0.995851 0.056603 0.517000 0.000000 0.000000 0.000000 1.000000
0.997449 0.071386 -0.000319 -5.922000 -0.004358 0.056435 -0.998397 11.636400 -0.071253 0.995851 0.056602 0.517000 0.000000 0.000000 0.000000 1.000000
0.997449 0.071386 -0.000319 -5.922000 -0.004358 0.056435 -0.998397 11.636400 -0.071254 0.995851 0.056602 0.517000 0.000000 0.000000 0.000000 1.000000
0.997449 0.071386 -0.000319 -5.922000 -0.004358 0.056435 -0.998397 11.636400 -0.071253 0.995851 0.056602 0.517000 0.000000 0.000000 0.000000 1.000000
0.997449 0.071386 -0.000319 -5.922000 -0.004358 0.056435 -0.998397 11.636400 -0.071253 0.995851 0.056603 0.517000 0.000000 0.000000 0.000000 1.000000
0.997449 0.071386 -0.000319 -5.922000 -0.004358 0.056435 -0.998397 11.636400 -0.071253 0.995851 0.056602 0.517000 0.000000 0.000000 0.000000 1.000000
0.997449 0.071386 -0.000319 -5.922000 -0.004358 0.056435 -0.998397 11.636400 -0.071254 0.995851 0.056602 0.517000 0.000000 0.000000 0.000000 1.000000
0.997449 0.071386 -0.000319 -5.922000 -0.004358 0.056435 -0.998397 11.636400 -0.071253 0.995851 0.056602 0.517000 0.000000 0.000000 0.000000 1.000000
0.997449 0.071386 -0.000319 -5.922000 -0.004358 0.056435 -0.998397 11.636400 -0.071253 0.995851 0.056602 0.517000 0.000000 0.000000 0.000000 1.000000
0.997449 0.071386 -0.000319 -5.922000 -0.004358 0.056435 -0.998397 11.636400 -0.071253 0.995851 0.056602 0.517000 0.000000 0.000000 0.000000 1.000000
0.997449 0.071386 -0.000319 -5.922000 -0.004358 0.056435 -0.998397 11.636400 -0.071253 0.995851 0.056603 0.517000 0.000000 0.000000 0.000000 1.000000
0.997449 0.071386 -0.000319 -5.922000 -0.004358 0.056435 -0.998397 11.636400 -0.071253 0.995851 0.056602 0.517000 0.000000 0.000000 0.000000 1.000000
0.997449 0.071386 -0.000319 -5.922000 -0.004358 0.056435 -0.998397 11.636400 -0.071253 0.995851 0.056602 0.517000 0.000000 0.000000 0.000000 1.000000
0.997449 0.071386 -0.000319 -5.922000 -0.004358 0.056435 -0.998397 11.636400 -0.071253 0.995851 0.056603 0.517000 0.000000 0.000000 0.000000 1.000000
0.997449 0.071386 -0.000319 -5.922000 -0.004358 0.056435 -0.998397 11.636400 -0.071253 0.995851 0.056602 0.517000 0.000000 0.000000 0.000000 1.000000
0.997449 0.071386 -0.000319 -5.922000 -0.004358 0.056435 -0.998397 11.636400 -0.071254 0.995851 0.056602 0.517000 0.000000 0.000000 0.000000 1.000000
0.997449 0.071386 -0.000319 -5.922000 -0.004358 0.056436 -0.998397 11.636400 -0.071253 0.995851 0.056603 0.517000 0.000000 0.000000 0.000000 1.000000
0.997449 0.071386 -0.000319 -5.922000 -0.004358 0.056435 -0.998397 11.636400 -0.071253 0.995851 0.056602 0.517000 0.000000 0.000000 0.000000 1.000000
0.997449 0.071385 -0.000319 -5.922000 -0.004358 0.056436 -0.998397 11.636400 -0.071253 0.995851 0.056603 0.517000 0.000000 0.000000 0.000000 1.000000
0.997449 0.071386 -0.000319 -5.922000 -0.004358 0.056435 -0.998397 11.636400 -0.071253 0.995851 0.056603 0.517000 0.000000 0.000000 0.000000 1.000000
0.997449 0.071386 -0.000319 -5.922000 -0.004358 0.056435 -0.998397 11.636400 -0.071253 0.995851 0.056602 0.517000 0.000000 0.000000 0.000000 1.000000
0.997449 0.071386 -0.000319 -5.922000 -0.004358 0.056435 -0.998397 11.636400 -0.071254 0.995851 0.056602 0.517000 0.000000 0.000000 0.000000 1.000000
0.997449 0.071386 -0.000319 -5.922000 -0.004358 0.056435 -0.998397 11.636400 -0.071253 0.995851 0.056602 0.517000 0.000000 0.000000 0.000000 1.000000
0.997449 0.071386 -0.000319 -5.922000 -0.004358 0.056435 -0.998397 11.636400 -0.071253 0.995851 0.056602 0.517000 0.000000 0.000000 0.000000 1.000000
0.997449 0.071386 -0.000319 -5.922000 -0.004358 0.056435 -0.998397 11.636400 -0.071253 0.995851 0.056602 0.517000 0.000000 0.000000 0.000000 1.000000
0.997449 0.071386 -0.000319 -5.922000 -0.004358 0.056435 -0.998397 11.636400 -0.071253 0.995851 0.056602 0.517000 0.000000 0.000000 0.000000 1.000000
0.997449 0.071386 -0.000319 -5.922000 -0.004358 0.056435 -0.998397 11.636400 -0.071254 0.995851 0.056602 0.517000 0.000000 0.000000 0.000000 1.000000
0.997449 0.071386 -0.000319 -5.922000 -0.004358 0.056435 -0.998397 11.636400 -0.071253 0.995851 0.056603 0.517000 0.000000 0.000000 0.000000 1.000000
0.997449 0.071386 -0.000319 -5.922000 -0.004358 0.056435 -0.998397 11.636400 -0.071254 0.995851 0.056602 0.517000 0.000000 0.000000 0.000000 1.000000
0.997449 0.071386 -0.000319 -5.922000 -0.004358 0.056435 -0.998397 11.636400 -0.071253 0.995851 0.056602 0.517000 0.000000 0.000000 0.000000 1.000000
0.997449 0.071386 -0.000319 -5.922000 -0.004358 0.056435 -0.998397 11.636400 -0.071253 0.995851 0.056602 0.517000 0.000000 0.000000 0.000000 1.000000
0.997449 0.071386 -0.000319 -5.922000 -0.004358 0.056435 -0.998397 11.636400 -0.071253 0.995851 0.056602 0.517000 0.000000 0.000000 0.000000 1.000000
0.997449 0.071386 -0.000319 -5.922000 -0.004358 0.056435 -0.998397 11.636400 -0.071254 0.995851 0.056602 0.517000 0.000000 0.000000 0.000000 1.000000
0.997449 0.071386 -0.000319 -5.922000 -0.004358 0.056435 -0.998397 11.636400 -0.071254 0.995851 0.056602 0.517000 0.000000 0.000000 0.000000 1.000000
0.997449 0.071386 -0.000319 -5.922000 -0.004358 0.056435 -0.998397 11.636400 -0.071253 0.995851 0.056602 0.517000 0.000000 0.000000 0.000000 1.000000
0.997449 0.071386 -0.000319 -5.922000 -0.004358 0.056435 -0.998397 11.636400 -0.071253 0.995851 0.056602 0.517000 0.000000 0.000000 0.000000 1.000000
0.997449 0.071386 -0.000319 -5.922000 -0.004358 0.056435 -0.998397 11.636400 -0.071253 0.995851 0.056602 0.517000 0.000000 0.000000 0.000000 1.000000
0.997449 0.071386 -0.000319 -5.922000 -0.004358 0.056435 -0.998397 11.636400 -0.071253 0.995851 0.056602 0.517000 0.000000 0.000000 0.000000 1.000000
0.997449 0.071386 -0.000319 -5.922000 -0.004358 0.056435 -0.998397 11.636400 -0.071253 0.995851 0.056602 0.517000 0.000000 0.000000 0.000000 1.000000
0.997449 0.071386 -0.000319 -5.922000 -0.004358 0.056435 -0.998397 11.636400 -0.071253 0.995851 0.056602 0.517000 0.000000 0.000000 0.000000 1.000000
0.997449 0.071386 -0.000319 -5.922000 -0.004358 0.056435 -0.998397 11.636400 -0.071254 0.995851 0.056602 0.517000 0.000000 0.000000 0.000000 1.000000
0.997449 0.071386 -0.000319 -5.922000 -0.004358 0.056435 -0.998397 11.636400 -0.071253 0.995851 0.056602 0.517000 0.000000 0.000000 0.000000 1.000000
0.997449 0.071386 -0.000319 -5.922000 -0.004358 0.056435 -0.998397 11.636400 -0.071253 0.995851 0.056603 0.517000 0.000000 0.000000 0.000000 1.000000
0.997449 0.071386 -0.000319 -5.922000 -0.004358 0.056435 -0.998397 11.636400 -0.071253 0.995851 0.056602 0.517000 0.000000 0.000000 0.000000 1.000000
0.997449 0.071386 -0.000319 -5.922000 -0.004358 0.056436 -0.998397 11.636400 -0.071253 0.995851 0.056603 0.517000 0.000000 0.000000 0.000000 1.000000
0.997449 0.071386 -0.000319 -5.922000 -0.004358 0.056435 -0.998397 11.636400 -0.071253 0.995851 0.056602 0.517000 0.000000 0.000000 0.000000 1.000000
0.997449 0.071386 -0.000319 -5.922000 -0.004358 0.056435 -0.998397 11.636400 -0.071253 0.995851 0.056602 0.517000 0.000000 0.000000 0.000000 1.000000
0.997449 0.071386 -0.000319 -5.922000 -0.004358 0.056435 -0.998397 11.636400 -0.071254 0.995851 0.056603 0.517000 0.000000 0.000000 0.000000 1.000000
0.997449 0.071386 -0.000319 -5.922000 -0.004358 0.056436 -0.998397 11.636400 -0.071253 0.995851 0.056603 0.517000 0.000000 0.000000 0.000000 1.000000
0.997449 0.071386 -0.000319 -5.922000 -0.004358 0.056435 -0.998397 11.636400 -0.071253 0.995851 0.056602 0.517000 0.000000 0.000000 0.000000 1.000000
0.997449 0.071386 -0.000319 -5.922000 -0.004358 0.056435 -0.998397 11.636400 -0.071254 0.995851 0.056602 0.517000 0.000000 0.000000 0.000000 1.000000
0.997449 0.071386 -0.000319 -5.922000 -0.004358 0.056435 -0.998397 11.636400 -0.071253 0.995851 0.056602 0.517000 0.000000 0.000000 0.000000 1.000000
0.997449 0.071386 -0.000319 -5.922000 -0.004358 0.056435 -0.998397 11.636400 -0.071253 0.995851 0.056603 0.517000 0.000000 0.000000 0.000000 1.000000
0.997449 0.071386 -0.000319 -5.922000 -0.004358 0.056435 -0.998397 11.636400 -0.071253 0.995851 0.056603 0.517000 0.000000 0.000000 0.000000 1.000000
0.997449 0.071386 -0.000319 -5.922000 -0.004358 0.056435 -0.998397 11.636400 -0.071253 0.995851 0.056602 0.517000 0.000000 0.000000 0.000000 1.000000
0.997449 0.071386 -0.000319 -5.922000 -0.004358 0.056435 -0.998397 11.636400 -0.071254 0.995851 0.056602 0.517000 0.000000 0.000000 0.000000 1.000000
0.997449 0.071386 -0.000319 -5.922000 -0.004358 0.056435 -0.998397 11.636400 -0.071253 0.995851 0.056602 0.517000 0.000000 0.000000 0.000000 1.000000
0.997449 0.071386 -0.000319 -5.922000 -0.004358 0.056435 -0.998397 11.636400 -0.071253 0.995851 0.056602 0.517000 0.000000 0.000000 0.000000 1.000000
0.997449 0.071386 -0.000319 -5.922000 -0.004358 0.056435 -0.998397 11.636400 -0.071253 0.995851 0.056602 0.517000 0.000000 0.000000 0.000000 1.000000
0.997449 0.071386 -0.000319 -5.922000 -0.004358 0.056435 -0.998397 11.636400 -0.071253 0.995851 0.056602 0.517000 0.000000 0.000000 0.000000 1.000000
0.997449 0.071386 -0.000319 -5.922000 -0.004358 0.056435 -0.998397 11.636400 -0.071253 0.995851 0.056602 0.517000 0.000000 0.000000 0.000000 1.000000
0.997449 0.071386 -0.000319 -5.922000 -0.004358 0.056435 -0.998397 11.636400 -0.071254 0.995851 0.056603 0.517000 0.000000 0.000000 0.000000 1.000000
0.997449 0.071386 -0.000319 -5.922000 -0.004358 0.056435 -0.998397 11.636400 -0.071254 0.995851 0.056602 0.517000 0.000000 0.000000 0.000000 1.000000
0.997449 0.071386 -0.000319 -5.922000 -0.004358 0.056435 -0.998397 11.636400 -0.071254 0.995851 0.056603 0.517000 0.000000 0.000000 0.000000 1.000000
0.997449 0.071386 -0.000319 -5.922000 -0.004358 0.056435 -0.998397 11.636400 -0.071253 0.995851 0.056602 0.517000 0.000000 0.000000 0.000000 1.000000
0.997449 0.071386 -0.000319 -5.922000 -0.004358 0.056435 -0.998397 11.636400 -0.071253 0.995851 0.056602 0.517000 0.000000 0.000000 0.000000 1.000000
0.997449 0.071386 -0.000319 -5.922000 -0.004358 0.056435 -0.998397 11.636400 -0.071253 0.995851 0.056602 0.517000 0.000000 0.000000 0.000000 1.000000
0.997449 0.071386 -0.000319 -5.922000 -0.004358 0.056435 -0.998397 11.636400 -0.071253 0.995851 0.056602 0.517000 0.000000 0.000000 0.000000 1.000000
0.997449 0.071386 -0.000319 -5.922000 -0.004358 0.056435 -0.998397 11.636400 -0.071253 0.995851 0.056602 0.517000 0.000000 0.000000 0.000000 1.000000
0.997449 0.071386 -0.000319 -5.922000 -0.004358 0.056435 -0.998397 11.636400 -0.071253 0.995851 0.056602 0.517000 0.000000 0.000000 0.000000 1.000000
0.997449 0.071386 -0.000319 -5.922000 -0.004358 0.056435 -0.998397 11.636400 -0.071253 0.995851 0.056602 0.517000 0.000000 0.000000 0.000000 1.000000
0.997449 0.071386 -0.000319 -5.922000 -0.004358 0.056435 -0.998397 11.636400 -0.071254 0.995851 0.056602 0.517000 0.000000 0.000000 0.000000 1.000000
0.997449 0.071386 -0.000319 -5.922000 -0.004358 0.056435 -0.998397 11.636400 -0.071254 0.995851 0.056602 0.517000 0.000000 0.000000 0.000000 1.000000</float_array>
        <technique_common>
          <accessor source="#mixamorig_RightHandPinky1-Matrix-animation-output-transform-array" count="79" stride="16">
            <param type="float4x4"/>
          </accessor>
        </technique_common>
      </source>
      <source id="mixamorig_RightHandPinky1-Interpolations">
        <Name_array id="mixamorig_RightHandPinky1-Interpolations-array" count="79">
 LINEAR LINEAR LINEAR LINEAR LINEAR LINEAR LINEAR LINEAR LINEAR LINEAR LINEAR
LINEAR LINEAR LINEAR LINEAR LINEAR LINEAR LINEAR LINEAR LINEAR LINEAR LINEAR LINEAR
LINEAR LINEAR LINEAR LINEAR LINEAR LINEAR LINEAR LINEAR LINEAR LINEAR LINEAR LINEAR
LINEAR LINEAR LINEAR LINEAR LINEAR LINEAR LINEAR LINEAR LINEAR LINEAR LINEAR LINEAR
LINEAR LINEAR LINEAR LINEAR LINEAR LINEAR LINEAR LINEAR LINEAR LINEAR LINEAR LINEAR
LINEAR LINEAR LINEAR LINEAR LINEAR LINEAR LINEAR LINEAR LINEAR LINEAR LINEAR LINEAR
LINEAR LINEAR LINEAR LINEAR LINEAR LINEAR LINEAR LINEAR</Name_array>
        <technique_common>
          <accessor source="#mixamorig_RightHandPinky1-Interpolations-array" count="79">
            <param type="name"/>
          </accessor>
        </technique_common>
      </source>
      <sampler id="mixamorig_RightHandPinky1-Matrix-animation-transform">
        <input semantic="INPUT" source="#mixamorig_RightHandPinky1-Matrix-animation-input"/>
        <input semantic="OUTPUT" source="#mixamorig_RightHandPinky1-Matrix-animation-output-transform"/>
        <input semantic="INTERPOLATION" source="#mixamorig_RightHandPinky1-Interpolations"/>
      </sampler>
      <channel source="#mixamorig_RightHandPinky1-Matrix-animation-transform" target="mixamorig_RightHandPinky1/matrix"/>
    </animation>
    <animation id="mixamorig_RightHandPinky2-anim" name="mixamorig_RightHandPinky2">
      <source id="mixamorig_RightHandPinky2-Matrix-animation-input">
        <float_array id="mixamorig_RightHandPinky2-Matrix-animation-input-array" count="79">

0.000000 0.033333 0.066667 0.100000 0.133333 0.166667 0.200000 0.233333 0.266667 0.300000 0.333333 0.366667 0.400000 0.433333 0.466667 0.500000
0.533333 0.566667 0.600000 0.633333 0.666667 0.700000 0.733333 0.766667 0.800000 0.833333 0.866667 0.900000 0.933333 0.966667 1.000000 1.033333
1.066667 1.100000 1.133333 1.166667 1.200000 1.233333 1.266667 1.300000 1.333333 1.366667 1.400000 1.433333 1.466667 1.500000 1.533333 1.566667
1.600000 1.633333 1.666667 1.700000 1.733333 1.766667 1.800000 1.833333 1.866667 1.900000 1.933333 1.966667 2.000000 2.033333 2.066667 2.100000
2.133333 2.166667 2.200000 2.233333 2.266667 2.300000 2.333333 2.366667 2.400000 2.433333 2.466667 2.500000 2.533333 2.566667 2.600000</float_array>
        <technique_common>
          <accessor source="#mixamorig_RightHandPinky2-Matrix-animation-input-array" count="79">
            <param name="TIME" type="float"/>
          </accessor>
        </technique_common>
      </source>
      <source id="mixamorig_RightHandPinky2-Matrix-animation-output-transform">
        <float_array id="mixamorig_RightHandPinky2-Matrix-animation-output-transform-array" count="1264">

0.999994 0.003161 -0.001645 -0.000000 -0.003177 0.581908 -0.813249 1.559300 -0.001614 0.813249 0.581914 -0.000000 0.000000 0.000000 0.000000 1.000000
0.999994 0.003162 -0.001645 -0.000000 -0.003178 0.581908 -0.813249 1.559300 -0.001614 0.813249 0.581914 -0.000000 0.000000 0.000000 0.000000 1.000000
0.999994 0.003162 -0.001645 0.000000 -0.003178 0.581908 -0.813249 1.559300 -0.001614 0.813249 0.581914 0.000000 0.000000 0.000000 0.000000 1.000000
0.999994 0.003162 -0.001645 0.000000 -0.003178 0.581908 -0.813249 1.559300 -0.001614 0.813249 0.581914 0.000000 0.000000 0.000000 0.000000 1.000000
0.999994 0.003162 -0.001645 -0.000000 -0.003178 0.581908 -0.813249 1.559300 -0.001614 0.813249 0.581914 0.000000 0.000000 0.000000 0.000000 1.000000
0.999994 0.003162 -0.001645 0.000000 -0.003178 0.581908 -0.813249 1.559300 -0.001614 0.813249 0.581914 0.000000 0.000000 0.000000 0.000000 1.000000
0.999994 0.003162 -0.001645 0.000000 -0.003178 0.581908 -0.813249 1.559300 -0.001614 0.813249 0.581914 -0.000000 0.000000 0.000000 0.000000 1.000000
0.999994 0.003162 -0.001645 0.000000 -0.003178 0.581908 -0.813249 1.559300 -0.001614 0.813249 0.581914 0.000000 0.000000 0.000000 0.000000 1.000000
0.999994 0.003162 -0.001645 0.000000 -0.003178 0.581908 -0.813249 1.559300 -0.001614 0.813249 0.581914 -0.000000 0.000000 0.000000 0.000000 1.000000
0.999994 0.003162 -0.001645 -0.000000 -0.003178 0.581908 -0.813249 1.559300 -0.001614 0.813249 0.581914 -0.000000 0.000000 0.000000 0.000000 1.000000
0.999994 0.003162 -0.001645 0.000000 -0.003178 0.581908 -0.813249 1.559300 -0.001614 0.813249 0.581914 -0.000000 0.000000 0.000000 0.000000 1.000000
0.999994 0.003162 -0.001645 0.000000 -0.003178 0.581908 -0.813249 1.559300 -0.001614 0.813249 0.581914 0.000000 0.000000 0.000000 0.000000 1.000000
0.999994 0.003162 -0.001645 -0.000000 -0.003178 0.581908 -0.813249 1.559300 -0.001614 0.813249 0.581914 0.000000 0.000000 0.000000 0.000000 1.000000
0.999994 0.003162 -0.001645 0.000000 -0.003178 0.581908 -0.813249 1.559300 -0.001614 0.813249 0.581914 -0.000000 0.000000 0.000000 0.000000 1.000000
0.999994 0.003162 -0.001645 -0.000000 -0.003178 0.581908 -0.813249 1.559300 -0.001614 0.813249 0.581914 0.000000 0.000000 0.000000 0.000000 1.000000
0.999994 0.003162 -0.001645 -0.000000 -0.003178 0.581908 -0.813249 1.559300 -0.001614 0.813249 0.581914 -0.000000 0.000000 0.000000 0.000000 1.000000
0.999994 0.003162 -0.001645 -0.000000 -0.003178 0.581908 -0.813249 1.559300 -0.001614 0.813249 0.581914 0.000000 0.000000 0.000000 0.000000 1.000000
0.999994 0.003162 -0.001645 0.000000 -0.003178 0.581908 -0.813248 1.559300 -0.001614 0.813249 0.581914 0.000000 0.000000 0.000000 0.000000 1.000000
0.999994 0.003162 -0.001645 0.000000 -0.003178 0.581908 -0.813249 1.559300 -0.001614 0.813249 0.581914 0.000000 0.000000 0.000000 0.000000 1.000000
0.999994 0.003162 -0.001645 0.000000 -0.003178 0.581908 -0.813249 1.559300 -0.001614 0.813249 0.581914 0.000000 0.000000 0.000000 0.000000 1.000000
0.999994 0.003162 -0.001645 0.000000 -0.003178 0.581908 -0.813249 1.559300 -0.001614 0.813249 0.581914 0.000000 0.000000 0.000000 0.000000 1.000000
0.999994 0.003162 -0.001645 0.000000 -0.003178 0.581908 -0.813249 1.559300 -0.001614 0.813249 0.581914 0.000000 0.000000 0.000000 0.000000 1.000000
0.999994 0.003162 -0.001645 -0.000000 -0.003178 0.581908 -0.813249 1.559300 -0.001614 0.813249 0.581914 0.000000 0.000000 0.000000 0.000000 1.000000
0.999994 0.003162 -0.001645 0.000000 -0.003178 0.581907 -0.813249 1.559300 -0.001614 0.813249 0.581914 0.000000 0.000000 0.000000 0.000000 1.000000
0.999994 0.003162 -0.001645 0.000000 -0.003178 0.581908 -0.813249 1.559300 -0.001614 0.813249 0.581914 0.000000 0.000000 0.000000 0.000000 1.000000
0.999994 0.003162 -0.001645 -0.000000 -0.003178 0.581908 -0.813249 1.559300 -0.001614 0.813249 0.581914 0.000000 0.000000 0.000000 0.000000 1.000000
0.999994 0.003162 -0.001645 0.000000 -0.003178 0.581908 -0.813249 1.559300 -0.001614 0.813249 0.581914 -0.000000 0.000000 0.000000 0.000000 1.000000
0.999994 0.003162 -0.001645 0.000000 -0.003178 0.581908 -0.813249 1.559300 -0.001614 0.813249 0.581914 0.000000 0.000000 0.000000 0.000000 1.000000
0.999994 0.003162 -0.001645 0.000000 -0.003178 0.581908 -0.813249 1.559300 -0.001614 0.813249 0.581914 0.000000 0.000000 0.000000 0.000000 1.000000
0.999994 0.003162 -0.001645 0.000000 -0.003178 0.581907 -0.813249 1.559300 -0.001614 0.813249 0.581914 -0.000000 0.000000 0.000000 0.000000 1.000000
0.999994 0.003162 -0.001645 0.000000 -0.003178 0.581908 -0.813249 1.559300 -0.001614 0.813249 0.581914 0.000000 0.000000 0.000000 0.000000 1.000000
0.999994 0.003162 -0.001645 0.000000 -0.003178 0.581908 -0.813249 1.559300 -0.001614 0.813249 0.581914 0.000000 0.000000 0.000000 0.000000 1.000000
0.999994 0.003162 -0.001645 -0.000000 -0.003177 0.581908 -0.813249 1.559300 -0.001614 0.813249 0.581914 -0.000000 0.000000 0.000000 0.000000 1.000000
0.999994 0.003162 -0.001645 0.000000 -0.003178 0.581908 -0.813249 1.559300 -0.001614 0.813249 0.581914 0.000000 0.000000 0.000000 0.000000 1.000000
0.999994 0.003162 -0.001645 0.000000 -0.003178 0.581908 -0.813249 1.559300 -0.001614 0.813249 0.581914 0.000000 0.000000 0.000000 0.000000 1.000000
0.999994 0.003162 -0.001645 -0.000000 -0.003178 0.581908 -0.813248 1.559300 -0.001614 0.813249 0.581914 -0.000000 0.000000 0.000000 0.000000 1.000000
0.999994 0.003162 -0.001645 -0.000000 -0.003178 0.581908 -0.813248 1.559300 -0.001614 0.813248 0.581914 0.000000 0.000000 0.000000 0.000000 1.000000
0.999994 0.003162 -0.001645 0.000000 -0.003178 0.581908 -0.813249 1.559300 -0.001614 0.813249 0.581914 0.000000 0.000000 0.000000 0.000000 1.000000
0.999994 0.003162 -0.001645 0.000000 -0.003178 0.581908 -0.813249 1.559300 -0.001614 0.813249 0.581914 0.000000 0.000000 0.000000 0.000000 1.000000
0.999994 0.003162 -0.001645 0.000000 -0.003178 0.581908 -0.813249 1.559300 -0.001614 0.813249 0.581914 0.000000 0.000000 0.000000 0.000000 1.000000
0.999994 0.003162 -0.001645 0.000000 -0.003178 0.581908 -0.813249 1.559300 -0.001614 0.813249 0.581914 -0.000000 0.000000 0.000000 0.000000 1.000000
0.999994 0.003162 -0.001645 0.000000 -0.003178 0.581908 -0.813249 1.559300 -0.001614 0.813249 0.581914 -0.000000 0.000000 0.000000 0.000000 1.000000
0.999994 0.003162 -0.001645 -0.000000 -0.003178 0.581908 -0.813249 1.559300 -0.001614 0.813249 0.581914 0.000000 0.000000 0.000000 0.000000 1.000000
0.999994 0.003162 -0.001645 0.000000 -0.003178 0.581907 -0.813249 1.559300 -0.001614 0.813249 0.581914 0.000000 0.000000 0.000000 0.000000 1.000000
0.999994 0.003162 -0.001645 0.000000 -0.003178 0.581908 -0.813249 1.559300 -0.001614 0.813249 0.581914 0.000000 0.000000 0.000000 0.000000 1.000000
0.999994 0.003162 -0.001645 0.000000 -0.003178 0.581908 -0.813249 1.559300 -0.001614 0.813249 0.581914 0.000000 0.000000 0.000000 0.000000 1.000000
0.999994 0.003162 -0.001645 0.000000 -0.003178 0.581908 -0.813249 1.559300 -0.001614 0.813249 0.581914 -0.000000 0.000000 0.000000 0.000000 1.000000
0.999994 0.003162 -0.001645 -0.000000 -0.003178 0.581908 -0.813249 1.559300 -0.001614 0.813249 0.581914 0.000000 0.000000 0.000000 0.000000 1.000000
0.999994 0.003162 -0.001645 -0.000000 -0.003178 0.581907 -0.813249 1.559300 -0.001614 0.813249 0.581914 -0.000000 0.000000 0.000000 0.000000 1.000000
0.999994 0.003162 -0.001645 0.000000 -0.003178 0.581907 -0.813249 1.559300 -0.001614 0.813249 0.581914 0.000000 0.000000 0.000000 0.000000 1.000000
0.999994 0.003162 -0.001645 0.000000 -0.003177 0.581908 -0.813249 1.559300 -0.001614 0.813249 0.581914 0.000000 0.000000 0.000000 0.000000 1.000000
0.999994 0.003162 -0.001645 -0.000000 -0.003178 0.581908 -0.813249 1.559300 -0.001614 0.813249 0.581914 0.000000 0.000000 0.000000 0.000000 1.000000
0.999994 0.003162 -0.001645 0.000000 -0.003178 0.581908 -0.813249 1.559300 -0.001614 0.813249 0.581914 -0.000000 0.000000 0.000000 0.000000 1.000000
0.999994 0.003162 -0.001645 0.000000 -0.003178 0.581908 -0.813249 1.559300 -0.001614 0.813249 0.581914 0.000000 0.000000 0.000000 0.000000 1.000000
0.999994 0.003162 -0.001645 0.000000 -0.003177 0.581908 -0.813249 1.559300 -0.001614 0.813249 0.581914 -0.000000 0.000000 0.000000 0.000000 1.000000
0.999994 0.003162 -0.001645 0.000000 -0.003178 0.581908 -0.813249 1.559300 -0.001614 0.813249 0.581914 -0.000000 0.000000 0.000000 0.000000 1.000000
0.999994 0.003162 -0.001645 0.000000 -0.003177 0.581908 -0.813249 1.559300 -0.001614 0.813249 0.581914 0.000000 0.000000 0.000000 0.000000 1.000000
0.999994 0.003162 -0.001645 0.000000 -0.003178 0.581908 -0.813249 1.559300 -0.001614 0.813249 0.581914 0.000000 0.000000 0.000000 0.000000 1.000000
0.999994 0.003162 -0.001645 0.000000 -0.003178 0.581908 -0.813248 1.559300 -0.001614 0.813248 0.581914 0.000000 0.000000 0.000000 0.000000 1.000000
0.999994 0.003162 -0.001645 0.000000 -0.003178 0.581908 -0.813249 1.559300 -0.001614 0.813249 0.581914 0.000000 0.000000 0.000000 0.000000 1.000000
0.999994 0.003162 -0.001645 0.000000 -0.003178 0.581908 -0.813249 1.559300 -0.001614 0.813249 0.581914 0.000000 0.000000 0.000000 0.000000 1.000000
0.999994 0.003162 -0.001645 -0.000000 -0.003178 0.581908 -0.813249 1.559300 -0.001614 0.813249 0.581914 0.000000 0.000000 0.000000 0.000000 1.000000
0.999994 0.003162 -0.001645 -0.000000 -0.003178 0.581908 -0.813248 1.559300 -0.001614 0.813248 0.581914 0.000000 0.000000 0.000000 0.000000 1.000000
0.999994 0.003162 -0.001645 -0.000000 -0.003178 0.581908 -0.813249 1.559300 -0.001614 0.813249 0.581914 0.000000 0.000000 0.000000 0.000000 1.000000
0.999994 0.003162 -0.001645 0.000000 -0.003178 0.581908 -0.813248 1.559300 -0.001614 0.813249 0.581914 0.000000 0.000000 0.000000 0.000000 1.000000
0.999994 0.003162 -0.001645 0.000000 -0.003178 0.581908 -0.813249 1.559300 -0.001614 0.813249 0.581914 -0.000000 0.000000 0.000000 0.000000 1.000000
0.999994 0.003162 -0.001645 0.000000 -0.003178 0.581908 -0.813249 1.559300 -0.001614 0.813249 0.581914 0.000000 0.000000 0.000000 0.000000 1.000000
0.999994 0.003162 -0.001645 0.000000 -0.003178 0.581908 -0.813249 1.559300 -0.001614 0.813249 0.581914 0.000000 0.000000 0.000000 0.000000 1.000000
0.999994 0.003162 -0.001645 -0.000000 -0.003178 0.581908 -0.813249 1.559300 -0.001614 0.813249 0.581914 0.000000 0.000000 0.000000 0.000000 1.000000
0.999994 0.003162 -0.001645 0.000000 -0.003178 0.581908 -0.813249 1.559300 -0.001614 0.813249 0.581914 0.000000 0.000000 0.000000 0.000000 1.000000
0.999994 0.003162 -0.001645 0.000000 -0.003178 0.581907 -0.813249 1.559300 -0.001614 0.813249 0.581914 0.000000 0.000000 0.000000 0.000000 1.000000
0.999994 0.003162 -0.001645 0.000000 -0.003178 0.581908 -0.813249 1.559300 -0.001614 0.813249 0.581914 -0.000000 0.000000 0.000000 0.000000 1.000000
0.999994 0.003162 -0.001645 0.000000 -0.003178 0.581908 -0.813249 1.559300 -0.001614 0.813249 0.581914 0.000000 0.000000 0.000000 0.000000 1.000000
0.999994 0.003162 -0.001645 0.000000 -0.003178 0.581908 -0.813249 1.559300 -0.001614 0.813249 0.581914 0.000000 0.000000 0.000000 0.000000 1.000000
0.999994 0.003162 -0.001645 0.000000 -0.003178 0.581908 -0.813249 1.559300 -0.001614 0.813249 0.581914 -0.000000 0.000000 0.000000 0.000000 1.000000
0.999994 0.003162 -0.001645 0.000000 -0.003178 0.581908 -0.813249 1.559300 -0.001614 0.813249 0.581914 -0.000000 0.000000 0.000000 0.000000 1.000000
0.999994 0.003162 -0.001645 0.000000 -0.003178 0.581908 -0.813249 1.559300 -0.001614 0.813249 0.581914 0.000000 0.000000 0.000000 0.000000 1.000000
0.999994 0.003162 -0.001645 0.000000 -0.003177 0.581908 -0.813249 1.559300 -0.001614 0.813249 0.581914 -0.000000 0.000000 0.000000 0.000000 1.000000
0.999994 0.003162 -0.001645 0.000000 -0.003177 0.581908 -0.813249 1.559300 -0.001614 0.813249 0.581914 0.000000 0.000000 0.000000 0.000000 1.000000</float_array>
        <technique_common>
          <accessor source="#mixamorig_RightHandPinky2-Matrix-animation-output-transform-array" count="79" stride="16">
            <param type="float4x4"/>
          </accessor>
        </technique_common>
      </source>
      <source id="mixamorig_RightHandPinky2-Interpolations">
        <Name_array id="mixamorig_RightHandPinky2-Interpolations-array" count="79">
 LINEAR LINEAR LINEAR LINEAR LINEAR LINEAR LINEAR LINEAR LINEAR LINEAR LINEAR
LINEAR LINEAR LINEAR LINEAR LINEAR LINEAR LINEAR LINEAR LINEAR LINEAR LINEAR LINEAR
LINEAR LINEAR LINEAR LINEAR LINEAR LINEAR LINEAR LINEAR LINEAR LINEAR LINEAR LINEAR
LINEAR LINEAR LINEAR LINEAR LINEAR LINEAR LINEAR LINEAR LINEAR LINEAR LINEAR LINEAR
LINEAR LINEAR LINEAR LINEAR LINEAR LINEAR LINEAR LINEAR LINEAR LINEAR LINEAR LINEAR
LINEAR LINEAR LINEAR LINEAR LINEAR LINEAR LINEAR LINEAR LINEAR LINEAR LINEAR LINEAR
LINEAR LINEAR LINEAR LINEAR LINEAR LINEAR LINEAR LINEAR</Name_array>
        <technique_common>
          <accessor source="#mixamorig_RightHandPinky2-Interpolations-array" count="79">
            <param type="name"/>
          </accessor>
        </technique_common>
      </source>
      <sampler id="mixamorig_RightHandPinky2-Matrix-animation-transform">
        <input semantic="INPUT" source="#mixamorig_RightHandPinky2-Matrix-animation-input"/>
        <input semantic="OUTPUT" source="#mixamorig_RightHandPinky2-Matrix-animation-output-transform"/>
        <input semantic="INTERPOLATION" source="#mixamorig_RightHandPinky2-Interpolations"/>
      </sampler>
      <channel source="#mixamorig_RightHandPinky2-Matrix-animation-transform" target="mixamorig_RightHandPinky2/matrix"/>
    </animation>
    <animation id="mixamorig_RightHandPinky3-anim" name="mixamorig_RightHandPinky3">
      <source id="mixamorig_RightHandPinky3-Matrix-animation-input">
        <float_array id="mixamorig_RightHandPinky3-Matrix-animation-input-array" count="79">

0.000000 0.033333 0.066667 0.100000 0.133333 0.166667 0.200000 0.233333 0.266667 0.300000 0.333333 0.366667 0.400000 0.433333 0.466667 0.500000
0.533333 0.566667 0.600000 0.633333 0.666667 0.700000 0.733333 0.766667 0.800000 0.833333 0.866667 0.900000 0.933333 0.966667 1.000000 1.033333
1.066667 1.100000 1.133333 1.166667 1.200000 1.233333 1.266667 1.300000 1.333333 1.366667 1.400000 1.433333 1.466667 1.500000 1.533333 1.566667
1.600000 1.633333 1.666667 1.700000 1.733333 1.766667 1.800000 1.833333 1.866667 1.900000 1.933333 1.966667 2.000000 2.033333 2.066667 2.100000
2.133333 2.166667 2.200000 2.233333 2.266667 2.300000 2.333333 2.366667 2.400000 2.433333 2.466667 2.500000 2.533333 2.566667 2.600000</float_array>
        <technique_common>
          <accessor source="#mixamorig_RightHandPinky3-Matrix-animation-input-array" count="79">
            <param name="TIME" type="float"/>
          </accessor>
        </technique_common>
      </source>
      <source id="mixamorig_RightHandPinky3-Matrix-animation-output-transform">
        <float_array id="mixamorig_RightHandPinky3-Matrix-animation-output-transform-array" count="1264">

0.999999 0.001678 -0.000375 0.000000 -0.001674 0.900092 -0.435697 1.540600 -0.000393 0.435697 0.900094 0.000000 0.000000 0.000000 0.000000 1.000000
0.999999 0.001678 -0.000375 0.000000 -0.001674 0.900092 -0.435697 1.540600 -0.000394 0.435697 0.900093 0.000000 0.000000 0.000000 0.000000 1.000000
0.999999 0.001678 -0.000375 0.000000 -0.001674 0.900092 -0.435697 1.540600 -0.000394 0.435697 0.900093 0.000000 0.000000 0.000000 0.000000 1.000000
0.999999 0.001678 -0.000375 -0.000000 -0.001674 0.900092 -0.435697 1.540600 -0.000394 0.435697 0.900093 0.000000 0.000000 0.000000 0.000000 1.000000
0.999999 0.001678 -0.000375 -0.000000 -0.001674 0.900092 -0.435697 1.540600 -0.000394 0.435697 0.900093 -0.000000 0.000000 0.000000 0.000000 1.000000
0.999999 0.001678 -0.000375 0.000000 -0.001674 0.900092 -0.435697 1.540600 -0.000394 0.435697 0.900093 0.000000 0.000000 0.000000 0.000000 1.000000
0.999999 0.001678 -0.000375 -0.000000 -0.001674 0.900092 -0.435697 1.540600 -0.000394 0.435697 0.900093 0.000000 0.000000 0.000000 0.000000 1.000000
0.999999 0.001678 -0.000375 0.000000 -0.001674 0.900092 -0.435697 1.540600 -0.000393 0.435697 0.900093 0.000000 0.000000 0.000000 0.000000 1.000000
0.999999 0.001678 -0.000375 -0.000000 -0.001674 0.900092 -0.435697 1.540600 -0.000394 0.435697 0.900093 0.000000 0.000000 0.000000 0.000000 1.000000
0.999999 0.001678 -0.000375 -0.000000 -0.001674 0.900092 -0.435697 1.540600 -0.000394 0.435697 0.900093 -0.000000 0.000000 0.000000 0.000000 1.000000
0.999999 0.001678 -0.000375 0.000000 -0.001674 0.900092 -0.435697 1.540600 -0.000393 0.435697 0.900093 0.000000 0.000000 0.000000 0.000000 1.000000
0.999999 0.001678 -0.000375 0.000000 -0.001674 0.900092 -0.435697 1.540600 -0.000394 0.435697 0.900093 0.000000 0.000000 0.000000 0.000000 1.000000
0.999999 0.001678 -0.000375 -0.000000 -0.001674 0.900092 -0.435697 1.540600 -0.000393 0.435697 0.900094 0.000000 0.000000 0.000000 0.000000 1.000000
0.999999 0.001678 -0.000375 0.000000 -0.001674 0.900092 -0.435697 1.540600 -0.000394 0.435697 0.900093 -0.000000 0.000000 0.000000 0.000000 1.000000
0.999999 0.001678 -0.000375 -0.000000 -0.001674 0.900092 -0.435697 1.540600 -0.000394 0.435697 0.900093 0.000000 0.000000 0.000000 0.000000 1.000000
0.999999 0.001678 -0.000375 -0.000000 -0.001674 0.900092 -0.435697 1.540600 -0.000394 0.435697 0.900093 0.000000 0.000000 0.000000 0.000000 1.000000
0.999999 0.001678 -0.000375 0.000000 -0.001674 0.900092 -0.435697 1.540600 -0.000394 0.435697 0.900093 0.000000 0.000000 0.000000 0.000000 1.000000
0.999999 0.001678 -0.000375 -0.000000 -0.001674 0.900092 -0.435697 1.540600 -0.000394 0.435697 0.900093 -0.000000 0.000000 0.000000 0.000000 1.000000
0.999999 0.001678 -0.000375 -0.000000 -0.001674 0.900092 -0.435697 1.540600 -0.000394 0.435697 0.900093 -0.000000 0.000000 0.000000 0.000000 1.000000
0.999999 0.001678 -0.000375 0.000000 -0.001674 0.900092 -0.435697 1.540600 -0.000394 0.435697 0.900093 0.000000 0.000000 0.000000 0.000000 1.000000
0.999999 0.001678 -0.000375 -0.000000 -0.001674 0.900092 -0.435697 1.540600 -0.000394 0.435697 0.900093 -0.000000 0.000000 0.000000 0.000000 1.000000
0.999999 0.001678 -0.000375 -0.000000 -0.001674 0.900092 -0.435697 1.540600 -0.000394 0.435697 0.900093 0.000000 0.000000 0.000000 0.000000 1.000000
0.999999 0.001678 -0.000375 -0.000000 -0.001674 0.900092 -0.435697 1.540600 -0.000394 0.435697 0.900093 0.000000 0.000000 0.000000 0.000000 1.000000
0.999999 0.001678 -0.000375 0.000000 -0.001674 0.900092 -0.435697 1.540600 -0.000394 0.435697 0.900093 0.000000 0.000000 0.000000 0.000000 1.000000
0.999999 0.001678 -0.000375 0.000000 -0.001674 0.900092 -0.435697 1.540600 -0.000393 0.435697 0.900093 -0.000000 0.000000 0.000000 0.000000 1.000000
0.999999 0.001678 -0.000375 -0.000000 -0.001674 0.900092 -0.435697 1.540600 -0.000393 0.435697 0.900093 0.000000 0.000000 0.000000 0.000000 1.000000
0.999999 0.001678 -0.000375 0.000000 -0.001674 0.900092 -0.435697 1.540600 -0.000394 0.435697 0.900093 0.000000 0.000000 0.000000 0.000000 1.000000
0.999999 0.001678 -0.000375 0.000000 -0.001674 0.900092 -0.435697 1.540600 -0.000394 0.435697 0.900093 0.000000 0.000000 0.000000 0.000000 1.000000
0.999999 0.001678 -0.000375 0.000000 -0.001674 0.900092 -0.435697 1.540600 -0.000393 0.435697 0.900093 0.000000 0.000000 0.000000 0.000000 1.000000
0.999999 0.001678 -0.000375 0.000000 -0.001674 0.900092 -0.435697 1.540600 -0.000393 0.435697 0.900093 0.000000 0.000000 0.000000 0.000000 1.000000
0.999999 0.001678 -0.000375 0.000000 -0.001674 0.900092 -0.435697 1.540600 -0.000393 0.435697 0.900093 0.000000 0.000000 0.000000 0.000000 1.000000
0.999999 0.001679 -0.000375 0.000000 -0.001674 0.900092 -0.435697 1.540600 -0.000394 0.435697 0.900093 0.000000 0.000000 0.000000 0.000000 1.000000
0.999999 0.001678 -0.000375 0.000000 -0.001674 0.900092 -0.435697 1.540600 -0.000394 0.435697 0.900093 0.000000 0.000000 0.000000 0.000000 1.000000
0.999999 0.001678 -0.000375 0.000000 -0.001674 0.900092 -0.435697 1.540600 -0.000394 0.435697 0.900093 0.000000 0.000000 0.000000 0.000000 1.000000
0.999999 0.001678 -0.000375 0.000000 -0.001674 0.900092 -0.435697 1.540600 -0.000393 0.435697 0.900094 0.000000 0.000000 0.000000 0.000000 1.000000
0.999999 0.001678 -0.000375 0.000000 -0.001674 0.900092 -0.435697 1.540600 -0.000394 0.435697 0.900093 -0.000000 0.000000 0.000000 0.000000 1.000000
0.999999 0.001678 -0.000375 0.000000 -0.001674 0.900092 -0.435697 1.540600 -0.000393 0.435697 0.900093 0.000000 0.000000 0.000000 0.000000 1.000000
0.999999 0.001678 -0.000375 0.000000 -0.001674 0.900092 -0.435697 1.540600 -0.000394 0.435697 0.900093 -0.000000 0.000000 0.000000 0.000000 1.000000
0.999999 0.001678 -0.000375 0.000000 -0.001674 0.900092 -0.435697 1.540600 -0.000394 0.435697 0.900093 0.000000 0.000000 0.000000 0.000000 1.000000
0.999999 0.001678 -0.000375 0.000000 -0.001674 0.900092 -0.435697 1.540600 -0.000394 0.435697 0.900093 -0.000000 0.000000 0.000000 0.000000 1.000000
0.999999 0.001678 -0.000375 0.000000 -0.001674 0.900092 -0.435697 1.540600 -0.000394 0.435697 0.900093 -0.000000 0.000000 0.000000 0.000000 1.000000
0.999999 0.001678 -0.000375 -0.000000 -0.001674 0.900092 -0.435697 1.540600 -0.000394 0.435697 0.900093 0.000000 0.000000 0.000000 0.000000 1.000000
0.999999 0.001678 -0.000375 0.000000 -0.001674 0.900092 -0.435697 1.540600 -0.000393 0.435697 0.900093 -0.000000 0.000000 0.000000 0.000000 1.000000
0.999999 0.001678 -0.000375 0.000000 -0.001674 0.900092 -0.435697 1.540600 -0.000394 0.435697 0.900093 -0.000000 0.000000 0.000000 0.000000 1.000000
0.999999 0.001678 -0.000375 -0.000000 -0.001674 0.900092 -0.435697 1.540600 -0.000394 0.435697 0.900094 0.000000 0.000000 0.000000 0.000000 1.000000
0.999999 0.001678 -0.000375 0.000000 -0.001674 0.900092 -0.435697 1.540600 -0.000394 0.435697 0.900093 -0.000000 0.000000 0.000000 0.000000 1.000000
0.999999 0.001678 -0.000375 0.000000 -0.001674 0.900092 -0.435697 1.540600 -0.000394 0.435697 0.900093 -0.000000 0.000000 0.000000 0.000000 1.000000
0.999999 0.001678 -0.000375 0.000000 -0.001674 0.900092 -0.435697 1.540600 -0.000394 0.435697 0.900093 -0.000000 0.000000 0.000000 0.000000 1.000000
0.999999 0.001678 -0.000375 0.000000 -0.001674 0.900092 -0.435697 1.540600 -0.000394 0.435697 0.900093 0.000000 0.000000 0.000000 0.000000 1.000000
0.999999 0.001678 -0.000375 -0.000000 -0.001674 0.900092 -0.435697 1.540600 -0.000394 0.435697 0.900093 0.000000 0.000000 0.000000 0.000000 1.000000
0.999999 0.001678 -0.000375 0.000000 -0.001674 0.900092 -0.435697 1.540600 -0.000393 0.435697 0.900093 0.000000 0.000000 0.000000 0.000000 1.000000
0.999999 0.001678 -0.000375 0.000000 -0.001674 0.900092 -0.435697 1.540600 -0.000393 0.435697 0.900093 -0.000000 0.000000 0.000000 0.000000 1.000000
0.999999 0.001678 -0.000375 0.000000 -0.001674 0.900092 -0.435697 1.540600 -0.000394 0.435697 0.900093 0.000000 0.000000 0.000000 0.000000 1.000000
0.999999 0.001678 -0.000375 0.000000 -0.001674 0.900092 -0.435697 1.540600 -0.000394 0.435697 0.900093 0.000000 0.000000 0.000000 0.000000 1.000000
0.999999 0.001678 -0.000375 0.000000 -0.001674 0.900092 -0.435697 1.540600 -0.000393 0.435697 0.900093 0.000000 0.000000 0.000000 0.000000 1.000000
0.999999 0.001678 -0.000375 0.000000 -0.001674 0.900092 -0.435697 1.540600 -0.000393 0.435697 0.900093 0.000000 0.000000 0.000000 0.000000 1.000000
0.999999 0.001678 -0.000375 0.000000 -0.001674 0.900092 -0.435697 1.540600 -0.000393 0.435697 0.900093 -0.000000 0.000000 0.000000 0.000000 1.000000
0.999999 0.001678 -0.000375 0.000000 -0.001674 0.900092 -0.435697 1.540600 -0.000394 0.435697 0.900093 -0.000000 0.000000 0.000000 0.000000 1.000000
0.999999 0.001678 -0.000375 -0.000000 -0.001674 0.900092 -0.435697 1.540600 -0.000394 0.435697 0.900093 0.000000 0.000000 0.000000 0.000000 1.000000
0.999999 0.001678 -0.000375 0.000000 -0.001674 0.900092 -0.435697 1.540600 -0.000393 0.435697 0.900093 0.000000 0.000000 0.000000 0.000000 1.000000
0.999999 0.001678 -0.000375 0.000000 -0.001674 0.900092 -0.435697 1.540600 -0.000394 0.435697 0.900093 0.000000 0.000000 0.000000 0.000000 1.000000
0.999999 0.001678 -0.000375 0.000000 -0.001674 0.900092 -0.435697 1.540600 -0.000394 0.435697 0.900094 0.000000 0.000000 0.000000 0.000000 1.000000
0.999999 0.001678 -0.000375 -0.000000 -0.001674 0.900092 -0.435697 1.540600 -0.000394 0.435697 0.900093 0.000000 0.000000 0.000000 0.000000 1.000000
0.999999 0.001678 -0.000375 0.000000 -0.001674 0.900092 -0.435697 1.540600 -0.000394 0.435697 0.900093 0.000000 0.000000 0.000000 0.000000 1.000000
0.999999 0.001678 -0.000375 0.000000 -0.001674 0.900092 -0.435697 1.540600 -0.000393 0.435697 0.900093 0.000000 0.000000 0.000000 0.000000 1.000000
0.999999 0.001678 -0.000375 0.000000 -0.001674 0.900092 -0.435697 1.540600 -0.000394 0.435697 0.900093 -0.000000 0.000000 0.000000 0.000000 1.000000
0.999999 0.001678 -0.000375 0.000000 -0.001674 0.900092 -0.435697 1.540600 -0.000394 0.435697 0.900093 -0.000000 0.000000 0.000000 0.000000 1.000000
0.999999 0.001678 -0.000375 0.000000 -0.001674 0.900092 -0.435697 1.540600 -0.000393 0.435697 0.900093 -0.000000 0.000000 0.000000 0.000000 1.000000
0.999999 0.001678 -0.000375 -0.000000 -0.001674 0.900092 -0.435697 1.540600 -0.000394 0.435697 0.900093 -0.000000 0.000000 0.000000 0.000000 1.000000
0.999999 0.001678 -0.000375 -0.000000 -0.001674 0.900092 -0.435697 1.540600 -0.000393 0.435697 0.900093 -0.000000 0.000000 0.000000 0.000000 1.000000
0.999999 0.001678 -0.000375 -0.000000 -0.001674 0.900092 -0.435697 1.540600 -0.000394 0.435697 0.900093 -0.000000 0.000000 0.000000 0.000000 1.000000
0.999999 0.001678 -0.000375 -0.000000 -0.001674 0.900092 -0.435697 1.540600 -0.000394 0.435697 0.900093 0.000000 0.000000 0.000000 0.000000 1.000000
0.999999 0.001678 -0.000375 0.000000 -0.001674 0.900092 -0.435697 1.540600 -0.000394 0.435697 0.900093 0.000000 0.000000 0.000000 0.000000 1.000000
0.999999 0.001678 -0.000375 0.000000 -0.001674 0.900092 -0.435697 1.540600 -0.000394 0.435697 0.900093 -0.000000 0.000000 0.000000 0.000000 1.000000
0.999999 0.001678 -0.000375 -0.000000 -0.001674 0.900092 -0.435697 1.540600 -0.000394 0.435697 0.900093 -0.000000 0.000000 0.000000 0.000000 1.000000
0.999999 0.001678 -0.000375 0.000000 -0.001674 0.900092 -0.435697 1.540600 -0.000394 0.435697 0.900093 0.000000 0.000000 0.000000 0.000000 1.000000
0.999999 0.001678 -0.000375 0.000000 -0.001674 0.900092 -0.435697 1.540600 -0.000394 0.435697 0.900093 -0.000000 0.000000 0.000000 0.000000 1.000000
0.999999 0.001678 -0.000375 0.000000 -0.001674 0.900092 -0.435697 1.540600 -0.000394 0.435697 0.900093 0.000000 0.000000 0.000000 0.000000 1.000000
0.999999 0.001678 -0.000375 0.000000 -0.001674 0.900092 -0.435697 1.540600 -0.000393 0.435697 0.900094 0.000000 0.000000 0.000000 0.000000 1.000000</float_array>
        <technique_common>
          <accessor source="#mixamorig_RightHandPinky3-Matrix-animation-output-transform-array" count="79" stride="16">
            <param type="float4x4"/>
          </accessor>
        </technique_common>
      </source>
      <source id="mixamorig_RightHandPinky3-Interpolations">
        <Name_array id="mixamorig_RightHandPinky3-Interpolations-array" count="79">
 LINEAR LINEAR LINEAR LINEAR LINEAR LINEAR LINEAR LINEAR LINEAR LINEAR LINEAR
LINEAR LINEAR LINEAR LINEAR LINEAR LINEAR LINEAR LINEAR LINEAR LINEAR LINEAR LINEAR
LINEAR LINEAR LINEAR LINEAR LINEAR LINEAR LINEAR LINEAR LINEAR LINEAR LINEAR LINEAR
LINEAR LINEAR LINEAR LINEAR LINEAR LINEAR LINEAR LINEAR LINEAR LINEAR LINEAR LINEAR
LINEAR LINEAR LINEAR LINEAR LINEAR LINEAR LINEAR LINEAR LINEAR LINEAR LINEAR LINEAR
LINEAR LINEAR LINEAR LINEAR LINEAR LINEAR LINEAR LINEAR LINEAR LINEAR LINEAR LINEAR
LINEAR LINEAR LINEAR LINEAR LINEAR LINEAR LINEAR LINEAR</Name_array>
        <technique_common>
          <accessor source="#mixamorig_RightHandPinky3-Interpolations-array" count="79">
            <param type="name"/>
          </accessor>
        </technique_common>
      </source>
      <sampler id="mixamorig_RightHandPinky3-Matrix-animation-transform">
        <input semantic="INPUT" source="#mixamorig_RightHandPinky3-Matrix-animation-input"/>
        <input semantic="OUTPUT" source="#mixamorig_RightHandPinky3-Matrix-animation-output-transform"/>
        <input semantic="INTERPOLATION" source="#mixamorig_RightHandPinky3-Interpolations"/>
      </sampler>
      <channel source="#mixamorig_RightHandPinky3-Matrix-animation-transform" target="mixamorig_RightHandPinky3/matrix"/>
    </animation>
    <animation id="mixamorig_RightUpLeg-anim" name="mixamorig_RightUpLeg">
      <source id="mixamorig_RightUpLeg-Matrix-animation-input">
        <float_array id="mixamorig_RightUpLeg-Matrix-animation-input-array" count="79">

0.000000 0.033333 0.066667 0.100000 0.133333 0.166667 0.200000 0.233333 0.266667 0.300000 0.333333 0.366667 0.400000 0.433333 0.466667 0.500000
0.533333 0.566667 0.600000 0.633333 0.666667 0.700000 0.733333 0.766667 0.800000 0.833333 0.866667 0.900000 0.933333 0.966667 1.000000 1.033333
1.066667 1.100000 1.133333 1.166667 1.200000 1.233333 1.266667 1.300000 1.333333 1.366667 1.400000 1.433333 1.466667 1.500000 1.533333 1.566667
1.600000 1.633333 1.666667 1.700000 1.733333 1.766667 1.800000 1.833333 1.866667 1.900000 1.933333 1.966667 2.000000 2.033333 2.066667 2.100000
2.133333 2.166667 2.200000 2.233333 2.266667 2.300000 2.333333 2.366667 2.400000 2.433333 2.466667 2.500000 2.533333 2.566667 2.600000</float_array>
        <technique_common>
          <accessor source="#mixamorig_RightUpLeg-Matrix-animation-input-array" count="79">
            <param name="TIME" type="float"/>
          </accessor>
        </technique_common>
      </source>
      <source id="mixamorig_RightUpLeg-Matrix-animation-output-transform">
        <float_array id="mixamorig_RightUpLeg-Matrix-animation-output-transform-array" count="1264">

-0.764886 -0.559546 -0.319152 -9.941000 0.323723 -0.762237 0.560534 -5.272400 -0.556914 0.325428 0.764162 -1.010900 0.000000 0.000000 0.000000 1.000000
-0.758832 -0.560086 -0.332382 -9.941000 0.299152 -0.753068 0.586001 -5.272400 -0.578517 0.345244 0.739003 -1.010900 0.000000 0.000000 0.000000 1.000000
-0.739743 -0.565867 -0.364107 -9.941000 0.242595 -0.728999 0.640084 -5.272400 -0.627636 0.385167 0.676549 -1.010900 0.000000 0.000000 0.000000 1.000000
-0.716950 -0.585983 -0.377633 -9.941000 0.170634 -0.672732 0.719941 -5.272400 -0.675920 0.451725 0.582304 -1.010900 0.000000 0.000000 0.000000 1.000000
-0.683667 -0.630865 -0.366891 -9.941000 0.146401 -0.611068 0.777922 -5.272400 -0.714959 0.478126 0.510127 -1.010900 0.000000 0.000000 0.000000 1.000000
-0.610687 -0.699925 -0.370361 -9.941000 0.226851 -0.602733 0.765018 -5.272400 -0.758683 0.383169 0.526859 -1.010900 0.000000 0.000000 0.000000 1.000000
-0.510560 -0.742889 -0.432949 -9.941000 0.372841 -0.644996 0.667060 -5.272400 -0.774802 0.179153 0.606289 -1.010900 0.000000 0.000000 0.000000 1.000000
-0.491943 -0.738993 -0.460306 -9.941000 0.472117 -0.670653 0.572128 -5.272400 -0.731504 0.064136 0.678814 -1.010900 0.000000 0.000000 0.000000 1.000000
-0.531182 -0.721621 -0.443969 -9.941000 0.517508 -0.691236 0.504359 -5.272400 -0.670844 0.038149 0.740617 -1.010900 0.000000 0.000000 0.000000 1.000000
-0.614650 -0.664154 -0.425565 -9.941000 0.532860 -0.747400 0.396804 -5.272400 -0.581606 0.017129 0.813291 -1.010900 0.000000 0.000000 0.000000 1.000000
-0.804787 -0.452800 -0.383785 -9.941000 0.418975 -0.891352 0.173063 -5.272400 -0.420450 -0.021518 0.907060 -1.010900 0.000000 0.000000 0.000000 1.000000
-0.938370 -0.206331 -0.277291 -9.941000 0.226722 -0.972999 -0.043238 -5.272400 -0.260882 -0.103441 0.959813 -1.010900 0.000000 0.000000 0.000000 1.000000
-0.960337 -0.118943 -0.252201 -9.941000 0.147996 -0.983972 -0.099481 -5.272400 -0.236326 -0.132860 0.962548 -1.010900 0.000000 0.000000 0.000000 1.000000
-0.957580 -0.055036 -0.282864 -9.941000 0.090155 -0.989534 -0.112670 -5.272400 -0.273703 -0.133392 0.952519 -1.010900 0.000000 0.000000 0.000000 1.000000
-0.956489 0.002972 -0.291753 -9.941000 0.026836 -0.994813 -0.098114 -5.272400 -0.290532 -0.101675 0.951448 -1.010900 0.000000 0.000000 0.000000 1.000000
-0.957135 0.040450 -0.286804 -9.941000 -0.029004 -0.998608 -0.044047 -5.272400 -0.288187 -0.033841 0.956976 -1.010900 0.000000 0.000000 0.000000 1.000000
-0.957669 0.050748 -0.283364 -9.941000 -0.061526 -0.997676 0.029263 -5.272400 -0.281221 0.045458 0.958566 -1.010900 0.000000 0.000000 0.000000 1.000000
-0.953418 0.038373 -0.299201 -9.941000 -0.074723 -0.991006 0.111010 -5.272400 -0.292251 0.128196 0.947711 -1.010900 0.000000 0.000000 0.000000 1.000000
-0.941439 -0.029582 -0.335883 -9.941000 -0.056545 -0.968186 0.243758 -5.272400 -0.332408 0.248476 0.909816 -1.010900 0.000000 0.000000 0.000000 1.000000
-0.921594 -0.125431 -0.367330 -9.941000 -0.039971 -0.910651 0.411238 -5.272400 -0.386092 0.393677 0.834237 -1.010900 0.000000 0.000000 0.000000 1.000000
-0.901335 -0.215679 -0.375602 -9.941000 -0.052264 -0.806702 0.588643 -5.272400 -0.429957 0.550195 0.715837 -1.010900 0.000000 0.000000 0.000000 1.000000
-0.879749 -0.292381 -0.374906 -9.941000 -0.095617 -0.663630 0.741925 -5.272400 -0.465724 0.688555 0.555872 -1.010900 0.000000 0.000000 0.000000 1.000000
-0.868259 -0.334772 -0.366134 -9.941000 -0.161832 -0.506521 0.846904 -5.272400 -0.468975 0.794584 0.385615 -1.010900 0.000000 0.000000 0.000000 1.000000
-0.900868 -0.351792 -0.254321 -9.941000 -0.140426 -0.318194 0.937568 -5.272400 -0.410753 0.880338 0.237250 -1.010900 0.000000 0.000000 0.000000 1.000000
-0.945628 -0.285845 -0.155178 -9.941000 -0.113141 -0.158214 0.980901 -5.272400 -0.304937 0.945125 0.117271 -1.010900 0.000000 0.000000 0.000000 1.000000
-0.978597 -0.167459 -0.119608 -9.941000 -0.106434 -0.085578 0.990630 -5.272400 -0.176126 0.982158 0.065923 -1.010900 0.000000 0.000000 0.000000 1.000000
-0.994620 -0.038973 -0.095982 -9.941000 -0.094974 -0.026952 0.995115 -5.272400 -0.041370 0.998877 0.023105 -1.010900 0.000000 0.000000 0.000000 1.000000
-0.985125 0.114150 -0.128443 -9.941000 -0.138969 -0.089587 0.986236 -5.272400 0.101072 0.989416 0.104118 -1.010900 0.000000 0.000000 0.000000 1.000000
-0.992334 0.121769 0.021098 -9.941000 -0.005214 -0.211821 0.977295 -5.272400 0.123473 0.969693 0.210832 -1.010900 0.000000 0.000000 0.000000 1.000000
-0.991031 0.047249 0.124998 -9.941000 0.104802 -0.305524 0.946399 -5.272400 0.082906 0.951011 0.297832 -1.010900 0.000000 0.000000 0.000000 1.000000
-0.983958 -0.028584 0.176093 -9.941000 0.174763 -0.352666 0.919285 -5.272400 0.035825 0.935313 0.352004 -1.010900 0.000000 0.000000 0.000000 1.000000
-0.979574 -0.104895 0.171556 -9.941000 0.199081 -0.385790 0.900851 -5.272400 -0.028310 0.916604 0.398793 -1.010900 0.000000 0.000000 0.000000 1.000000
-0.968523 -0.209571 0.134327 -9.941000 0.208575 -0.388689 0.897450 -5.272400 -0.135868 0.897218 0.420165 -1.010900 0.000000 0.000000 0.000000 1.000000
-0.962849 -0.257172 0.082368 -9.941000 0.180636 -0.386648 0.904364 -5.272400 -0.200730 0.885644 0.418738 -1.010900 0.000000 0.000000 0.000000 1.000000
-0.955008 -0.281505 0.093354 -9.941000 0.188778 -0.334206 0.923401 -5.272400 -0.228742 0.899478 0.372312 -1.010900 0.000000 0.000000 0.000000 1.000000
-0.944177 -0.297863 0.140739 -9.941000 0.232031 -0.297999 0.925936 -5.272400 -0.233862 0.906904 0.350477 -1.010900 0.000000 0.000000 0.000000 1.000000
-0.932075 -0.307156 0.192069 -9.941000 0.277663 -0.265194 0.923350 -5.272400 -0.232677 0.913962 0.332467 -1.010900 0.000000 0.000000 0.000000 1.000000
-0.922655 -0.296158 0.246979 -9.941000 0.314886 -0.208886 0.925858 -5.272400 -0.222610 0.932018 0.285985 -1.010900 0.000000 0.000000 0.000000 1.000000
-0.918267 -0.238650 0.315963 -9.941000 0.354654 -0.140850 0.924328 -5.272400 -0.176087 0.960837 0.213976 -1.010900 0.000000 0.000000 0.000000 1.000000
-0.910381 -0.169589 0.377421 -9.941000 0.389816 -0.045664 0.919760 -5.272400 -0.138747 0.984456 0.107680 -1.010900 0.000000 0.000000 0.000000 1.000000
-0.898847 -0.107001 0.425000 -9.941000 0.421231 0.056793 0.905174 -5.272400 -0.120991 0.992636 -0.005976 -1.010900 0.000000 0.000000 0.000000 1.000000
-0.882497 -0.051504 0.467489 -9.941000 0.455840 0.151066 0.877148 -5.272400 -0.115798 0.987181 -0.109837 -1.010900 0.000000 0.000000 0.000000 1.000000
-0.864277 -0.013236 0.502843 -9.941000 0.484607 0.246060 0.839411 -5.272400 -0.134840 0.969164 -0.206249 -1.010900 0.000000 0.000000 0.000000 1.000000
-0.842664 0.005622 0.538410 -9.941000 0.507584 0.341931 0.790849 -5.272400 -0.179653 0.939708 -0.290986 -1.010900 0.000000 0.000000 0.000000 1.000000
-0.813970 0.017631 0.580639 -9.941000 0.532140 0.423509 0.733122 -5.272400 -0.232980 0.905720 -0.354106 -1.010900 0.000000 0.000000 0.000000 1.000000
-0.780130 0.036330 0.624562 -9.941000 0.562750 0.476911 0.675180 -5.272400 -0.273331 0.878201 -0.392497 -1.010900 0.000000 0.000000 0.000000 1.000000
-0.739471 0.050195 0.671314 -9.941000 0.603428 0.491489 0.627944 -5.272400 -0.298423 0.869436 -0.393731 -1.010900 0.000000 0.000000 0.000000 1.000000
-0.736020 0.015376 0.676785 -9.941000 0.598106 0.483048 0.639479 -5.272400 -0.317087 0.875459 -0.364730 -1.010900 0.000000 0.000000 0.000000 1.000000
-0.745085 -0.067908 0.663503 -9.941000 0.580468 0.423927 0.695229 -5.272400 -0.328488 0.903147 -0.276444 -1.010900 0.000000 0.000000 0.000000 1.000000
-0.760331 -0.174586 0.625633 -9.941000 0.569631 0.283616 0.771416 -5.272400 -0.312118 0.942911 -0.116192 -1.010900 0.000000 0.000000 0.000000 1.000000
-0.785432 -0.264855 0.559418 -9.941000 0.555077 0.098455 0.825951 -5.272400 -0.273835 0.959249 0.069685 -1.010900 0.000000 0.000000 0.000000 1.000000
-0.821046 -0.306902 0.481347 -9.941000 0.531929 -0.105244 0.840223 -5.272400 -0.207207 0.945904 0.249661 -1.010900 0.000000 0.000000 0.000000 1.000000
-0.851274 -0.324363 0.412458 -9.941000 0.506997 -0.305869 0.805852 -5.272400 -0.135230 0.895116 0.424829 -1.010900 0.000000 0.000000 0.000000 1.000000
-0.883064 -0.315696 0.347181 -9.941000 0.463968 -0.476671 0.746671 -5.272400 -0.070230 0.820439 0.567404 -1.010900 0.000000 0.000000 0.000000 1.000000
-0.905125 -0.284471 0.315951 -9.941000 0.425108 -0.595707 0.681481 -5.272400 -0.005647 0.751139 0.660120 -1.010900 0.000000 0.000000 0.000000 1.000000
-0.902817 -0.244822 0.353530 -9.941000 0.425530 -0.627178 0.652359 -5.272400 0.062014 0.739399 0.670406 -1.010900 0.000000 0.000000 0.000000 1.000000
-0.887117 -0.220867 0.405268 -9.941000 0.445671 -0.638223 0.627733 -5.272400 0.120006 0.737488 0.664612 -1.010900 0.000000 0.000000 0.000000 1.000000
-0.879429 -0.227631 0.418079 -9.941000 0.457419 -0.647270 0.609762 -5.272400 0.131809 0.727479 0.673350 -1.010900 0.000000 0.000000 0.000000 1.000000
-0.878784 -0.242051 0.411279 -9.941000 0.460772 -0.654679 0.599237 -5.272400 0.124210 0.716106 0.686851 -1.010900 0.000000 0.000000 0.000000 1.000000
-0.879848 -0.252458 0.402656 -9.941000 0.460365 -0.663155 0.590161 -5.272400 0.118032 0.704621 0.699698 -1.010900 0.000000 0.000000 0.000000 1.000000
-0.880763 -0.266691 0.391321 -9.941000 0.462126 -0.664509 0.587255 -5.272400 0.103421 0.698072 0.708519 -1.010900 0.000000 0.000000 0.000000 1.000000
-0.880451 -0.278123 0.383997 -9.941000 0.464946 -0.665149 0.584296 -5.272400 0.092909 0.692982 0.714944 -1.010900 0.000000 0.000000 0.000000 1.000000
-0.880806 -0.290257 0.374073 -9.941000 0.466857 -0.664061 0.584010 -5.272400 0.078894 0.689038 0.720418 -1.010900 0.000000 0.000000 0.000000 1.000000
-0.880923 -0.305349 0.361576 -9.941000 0.469386 -0.661280 0.585137 -5.272400 0.060432 0.685180 0.725863 -1.010900 0.000000 0.000000 0.000000 1.000000
-0.880150 -0.336389 0.334930 -9.941000 0.474442 -0.646427 0.597526 -5.272400 0.015507 0.684817 0.728550 -1.010900 0.000000 0.000000 0.000000 1.000000
-0.878685 -0.354154 0.320138 -9.941000 0.477278 -0.636343 0.606031 -5.272400 -0.010911 0.685305 0.728175 -1.010900 0.000000 0.000000 0.000000 1.000000
-0.877774 -0.362370 0.313371 -9.941000 0.478387 -0.627939 0.613872 -5.272400 -0.025671 0.688753 0.724541 -1.010900 0.000000 0.000000 0.000000 1.000000
-0.877061 -0.364949 0.312372 -9.941000 0.479254 -0.620293 0.620928 -5.272400 -0.032845 0.694298 0.718938 -1.010900 0.000000 0.000000 0.000000 1.000000
-0.876663 -0.363259 0.315443 -9.941000 0.479896 -0.613824 0.626833 -5.272400 -0.034076 0.700902 0.712444 -1.010900 0.000000 0.000000 0.000000 1.000000
-0.876612 -0.359897 0.319414 -9.941000 0.480116 -0.609677 0.630700 -5.272400 -0.032248 0.706235 0.707243 -1.010900 0.000000 0.000000 0.000000 1.000000
-0.877068 -0.355466 0.323102 -9.941000 0.479494 -0.607343 0.633419 -5.272400 -0.028925 0.710477 0.703125 -1.010900 0.000000 0.000000 0.000000 1.000000
-0.876902 -0.351315 0.328057 -9.941000 0.480066 -0.605916 0.634352 -5.272400 -0.024082 0.713753 0.699983 -1.010900 0.000000 0.000000 0.000000 1.000000
-0.877118 -0.344596 0.334541 -9.941000 0.480047 -0.607570 0.632783 -5.272400 -0.014798 0.715621 0.698333 -1.010900 0.000000 0.000000 0.000000 1.000000
-0.877280 -0.338876 0.339917 -9.941000 0.479946 -0.610876 0.629668 -5.272400 -0.005732 0.715537 0.698551 -1.010900 0.000000 0.000000 0.000000 1.000000
-0.877521 -0.335873 0.342266 -9.941000 0.479538 -0.615325 0.625635 -5.272400 0.000471 0.713138 0.701024 -1.010900 0.000000 0.000000 0.000000 1.000000
-0.877671 -0.335140 0.342601 -9.941000 0.479239 -0.621043 0.620190 -5.272400 0.004920 0.708510 0.705683 -1.010900 0.000000 0.000000 0.000000 1.000000
-0.877084 -0.338708 0.340589 -9.941000 0.480307 -0.626317 0.614029 -5.272400 0.005340 0.702142 0.712017 -1.010900 0.000000 0.000000 0.000000 1.000000
-0.876708 -0.342582 0.337670 -9.941000 0.481002 -0.631031 0.608636 -5.272400 0.004572 0.696015 0.718012 -1.010900 0.000000 0.000000 0.000000 1.000000
-0.876543 -0.344836 0.335797 -9.941000 0.481299 -0.634980 0.604278 -5.272400 0.004848 0.691295 0.722557 -1.010900 0.000000 0.000000 0.000000 1.000000</float_array>
        <technique_common>
          <accessor source="#mixamorig_RightUpLeg-Matrix-animation-output-transform-array" count="79" stride="16">
            <param type="float4x4"/>
          </accessor>
        </technique_common>
      </source>
      <source id="mixamorig_RightUpLeg-Interpolations">
        <Name_array id="mixamorig_RightUpLeg-Interpolations-array" count="79">
 LINEAR LINEAR LINEAR LINEAR LINEAR LINEAR LINEAR LINEAR LINEAR LINEAR LINEAR
LINEAR LINEAR LINEAR LINEAR LINEAR LINEAR LINEAR LINEAR LINEAR LINEAR LINEAR LINEAR
LINEAR LINEAR LINEAR LINEAR LINEAR LINEAR LINEAR LINEAR LINEAR LINEAR LINEAR LINEAR
LINEAR LINEAR LINEAR LINEAR LINEAR LINEAR LINEAR LINEAR LINEAR LINEAR LINEAR LINEAR
LINEAR LINEAR LINEAR LINEAR LINEAR LINEAR LINEAR LINEAR LINEAR LINEAR LINEAR LINEAR
LINEAR LINEAR LINEAR LINEAR LINEAR LINEAR LINEAR LINEAR LINEAR LINEAR LINEAR LINEAR
LINEAR LINEAR LINEAR LINEAR LINEAR LINEAR LINEAR LINEAR</Name_array>
        <technique_common>
          <accessor source="#mixamorig_RightUpLeg-Interpolations-array" count="79">
            <param type="name"/>
          </accessor>
        </technique_common>
      </source>
      <sampler id="mixamorig_RightUpLeg-Matrix-animation-transform">
        <input semantic="INPUT" source="#mixamorig_RightUpLeg-Matrix-animation-input"/>
        <input semantic="OUTPUT" source="#mixamorig_RightUpLeg-Matrix-animation-output-transform"/>
        <input semantic="INTERPOLATION" source="#mixamorig_RightUpLeg-Interpolations"/>
      </sampler>
      <channel source="#mixamorig_RightUpLeg-Matrix-animation-transform" target="mixamorig_RightUpLeg/matrix"/>
    </animation>
    <animation id="mixamorig_RightLeg-anim" name="mixamorig_RightLeg">
      <source id="mixamorig_RightLeg-Matrix-animation-input">
        <float_array id="mixamorig_RightLeg-Matrix-animation-input-array" count="79">

0.000000 0.033333 0.066667 0.100000 0.133333 0.166667 0.200000 0.233333 0.266667 0.300000 0.333333 0.366667 0.400000 0.433333 0.466667 0.500000
0.533333 0.566667 0.600000 0.633333 0.666667 0.700000 0.733333 0.766667 0.800000 0.833333 0.866667 0.900000 0.933333 0.966667 1.000000 1.033333
1.066667 1.100000 1.133333 1.166667 1.200000 1.233333 1.266667 1.300000 1.333333 1.366667 1.400000 1.433333 1.466667 1.500000 1.533333 1.566667
1.600000 1.633333 1.666667 1.700000 1.733333 1.766667 1.800000 1.833333 1.866667 1.900000 1.933333 1.966667 2.000000 2.033333 2.066667 2.100000
2.133333 2.166667 2.200000 2.233333 2.266667 2.300000 2.333333 2.366667 2.400000 2.433333 2.466667 2.500000 2.533333 2.566667 2.600000</float_array>
        <technique_common>
          <accessor source="#mixamorig_RightLeg-Matrix-animation-input-array" count="79">
            <param name="TIME" type="float"/>
          </accessor>
        </technique_common>
      </source>
      <source id="mixamorig_RightLeg-Matrix-animation-output-transform">
        <float_array id="mixamorig_RightLeg-Matrix-animation-output-transform-array" count="1264">

0.995542 0.089276 0.030421 0.000000 -0.083341 0.681663 0.726904 43.364799 0.044158 -0.726199 0.686065 0.000000 0.000000 0.000000 0.000000 1.000000
0.993063 0.116817 -0.013429 0.000000 -0.068257 0.665682 0.743107 43.364799 0.095747 -0.737036 0.669037 0.000000 0.000000 0.000000 0.000000 1.000000
0.980920 0.185936 -0.056771 0.000000 -0.072043 0.618886 0.782170 43.364799 0.180569 -0.763156 0.620474 -0.000000 0.000000 0.000000 0.000000 1.000000
0.954912 0.278891 -0.101794 0.000000 -0.065465 0.532229 0.844066 43.364799 0.289580 -0.799345 0.526489 0.000000 0.000000 0.000000 0.000000 1.000000
0.919356 0.365593 -0.145352 0.000000 -0.037622 0.449451 0.892512 43.364799 0.391625 -0.815068 0.426960 -0.000000 0.000000 0.000000 0.000000 1.000000
0.886358 0.419999 -0.194861 -0.000000 0.006779 0.409047 0.912488 43.364799 0.462951 -0.810112 0.359715 0.000000 0.000000 0.000000 0.000000 1.000000
0.884659 0.444028 -0.142188 0.000000 -0.017410 0.336216 0.941624 43.364799 0.465913 -0.830541 0.305167 -0.000000 0.000000 0.000000 0.000000 1.000000
0.899533 0.436351 -0.020950 0.000000 -0.081191 0.214111 0.973429 43.364799 0.429242 -0.873930 0.228028 -0.000000 0.000000 0.000000 0.000000 1.000000
0.911212 0.411682 -0.014525 0.000000 -0.030909 0.103490 0.994150 43.364799 0.410777 -0.905432 0.107026 -0.000000 0.000000 0.000000 0.000000 1.000000
0.924879 0.367241 -0.098655 -0.000000 0.091229 0.037572 0.995121 43.364799 0.369156 -0.929367 0.001247 0.000000 0.000000 0.000000 0.000000 1.000000
0.939261 0.304708 -0.157927 0.000000 0.149815 0.049981 0.987450 43.364799 0.308778 -0.951133 0.001296 0.000000 0.000000 0.000000 0.000000 1.000000
0.971806 0.233136 -0.035214 0.000000 0.007438 0.118962 0.992871 43.364799 0.235663 -0.965140 0.113874 0.000000 0.000000 0.000000 0.000000 1.000000
0.973955 0.167141 0.153215 0.000000 -0.173512 0.114419 0.978162 43.364799 0.145960 -0.979271 0.140440 0.000000 0.000000 0.000000 0.000000 1.000000
0.954766 0.112831 0.275118 0.000000 -0.286551 0.101970 0.952623 43.364799 0.079432 -0.988368 0.129690 0.000000 0.000000 0.000000 0.000000 1.000000
0.951584 0.078870 0.297098 0.000000 -0.302874 0.075548 0.950031 43.364799 0.052484 -0.994018 0.095778 0.000000 0.000000 0.000000 0.000000 1.000000
0.970032 0.059422 0.235599 -0.000000 -0.237003 0.017694 0.971348 43.364799 0.053551 -0.998076 0.031247 0.000000 0.000000 0.000000 0.000000 1.000000
0.989412 0.045701 0.137752 0.000000 -0.135286 -0.053261 0.989374 43.364799 0.052552 -0.997534 -0.046514 0.000000 0.000000 0.000000 0.000000 1.000000
0.998042 0.018960 0.059605 -0.000000 -0.056685 -0.128618 0.990073 43.364799 0.026438 -0.991513 -0.127292 0.000000 0.000000 0.000000 0.000000 1.000000
0.999191 -0.004019 0.040003 0.000000 -0.039640 -0.264636 0.963533 43.364799 0.006714 -0.964340 -0.264582 0.000000 0.000000 0.000000 0.000000 1.000000
0.993782 -0.020093 0.109512 0.000000 -0.108119 -0.409035 0.906091 43.364799 0.026588 -0.912298 -0.408664 0.000000 0.000000 0.000000 0.000000 1.000000
0.973778 -0.025262 0.226095 -0.000000 -0.205177 -0.526859 0.824816 43.364799 0.098284 -0.849577 -0.518227 -0.000000 0.000000 0.000000 0.000000 1.000000
0.936520 -0.026302 0.349625 0.000000 -0.293518 -0.604235 0.740775 43.364799 0.191772 -0.796372 -0.573598 0.000000 0.000000 0.000000 0.000000 1.000000
0.885707 -0.023591 0.463645 0.000000 -0.369413 -0.640682 0.673097 43.364799 0.281170 -0.767443 -0.576172 0.000000 0.000000 0.000000 0.000000 1.000000
0.923833 -0.011745 0.382615 0.000000 -0.288780 -0.677494 0.676467 43.364799 0.251274 -0.735434 -0.629283 0.000000 0.000000 0.000000 0.000000 1.000000
0.928148 -0.001785 0.372206 -0.000000 -0.278183 -0.667716 0.690485 43.364799 0.247296 -0.744414 -0.620236 0.000000 0.000000 0.000000 0.000000 1.000000
0.901934 -0.001147 0.431872 -0.000000 -0.330664 -0.645089 0.688855 43.364799 0.277806 -0.764106 -0.582207 -0.000000 0.000000 0.000000 0.000000 1.000000
0.881228 -0.000308 0.472692 0.000000 -0.365890 -0.633562 0.681707 43.364799 0.299270 -0.773692 -0.558424 0.000000 0.000000 0.000000 0.000000 1.000000
0.864156 -0.009511 0.503135 -0.000000 -0.419428 -0.566064 0.709684 43.364799 0.278056 -0.824306 -0.493157 -0.000000 0.000000 0.000000 0.000000 1.000000
0.955540 0.041099 0.291983 0.000000 -0.267013 -0.299479 0.915978 43.364799 0.125088 -0.953217 -0.275190 0.000000 0.000000 0.000000 0.000000 1.000000
0.979713 0.134459 0.148605 -0.000000 -0.158894 0.069281 0.984862 43.364799 0.122128 -0.988494 0.089241 0.000000 0.000000 0.000000 0.000000 1.000000
0.976246 0.204008 0.072963 -0.000000 -0.149912 0.392891 0.907283 43.364799 0.156427 -0.896670 0.414141 0.000000 0.000000 0.000000 0.000000 1.000000
0.974499 0.223984 0.013526 0.000000 -0.159760 0.650220 0.742758 43.364799 0.157571 -0.725978 0.669423 -0.000000 0.000000 0.000000 0.000000 1.000000
0.991573 0.118521 -0.052304 0.000000 -0.069061 0.825186 0.560624 43.364799 0.109606 -0.552288 0.826417 0.000000 0.000000 0.000000 0.000000 1.000000
0.991423 0.096817 -0.087792 0.000000 -0.052457 0.910033 0.411203 43.364799 0.119705 -0.403070 0.907306 0.000000 0.000000 0.000000 0.000000 1.000000
0.995394 0.085977 -0.042421 -0.000000 -0.064060 0.925650 0.372919 43.364799 0.071329 -0.368484 0.926894 0.000000 0.000000 0.000000 0.000000 1.000000
0.993695 0.085669 0.072323 -0.000000 -0.105445 0.933305 0.343253 43.364799 -0.038093 -0.348715 0.936454 -0.000000 0.000000 0.000000 0.000000 1.000000
0.978087 0.099889 0.182669 0.000000 -0.150785 0.944861 0.290691 43.364799 -0.143560 -0.311865 0.939218 0.000000 0.000000 0.000000 0.000000 1.000000
0.970330 0.127119 0.205672 0.000000 -0.188189 0.931143 0.312341 43.364799 -0.151805 -0.341779 0.927439 0.000000 0.000000 0.000000 0.000000 1.000000
0.966387 0.191425 0.171615 0.000000 -0.246502 0.879520 0.407039 43.364799 -0.073022 -0.435661 0.897144 0.000000 0.000000 0.000000 0.000000 1.000000
0.965650 0.233935 0.113112 -0.000000 -0.256156 0.783924 0.565550 43.364799 0.043631 -0.575098 0.816920 -0.000000 0.000000 0.000000 0.000000 1.000000
0.964325 0.250904 0.084409 -0.000000 -0.234398 0.661108 0.712737 43.364799 0.123025 -0.707095 0.696334 -0.000000 0.000000 0.000000 0.000000 1.000000
0.961161 0.252042 0.112445 0.000000 -0.233170 0.523619 0.819424 43.364799 0.147651 -0.813817 0.562051 0.000000 0.000000 0.000000 0.000000 1.000000
0.953636 0.225957 0.198802 0.000000 -0.275272 0.387806 0.879677 43.364799 0.121673 -0.893616 0.432026 0.000000 0.000000 0.000000 0.000000 1.000000
0.937862 0.190575 0.289995 -0.000000 -0.331231 0.242514 0.911851 43.364799 0.103448 -0.951246 0.290569 0.000000 0.000000 0.000000 0.000000 1.000000
0.920417 0.160155 0.356628 0.000000 -0.374363 0.098265 0.922061 43.364799 0.112628 -0.982189 0.150401 -0.000000 0.000000 0.000000 0.000000 1.000000
0.921973 0.139043 0.361432 0.000000 -0.359094 -0.042442 0.932336 43.364799 0.144974 -0.989376 0.010799 0.000000 0.000000 0.000000 0.000000 1.000000
0.931869 0.125799 0.340285 0.000000 -0.318036 -0.168047 0.933066 43.364799 0.174563 -0.977719 -0.116590 0.000000 0.000000 0.000000 0.000000 1.000000
0.936324 0.100854 0.336342 0.000000 -0.298159 -0.277583 0.913263 43.364799 0.185469 -0.955393 -0.229837 -0.000000 0.000000 0.000000 0.000000 1.000000
0.932688 0.072017 0.353420 0.000000 -0.306845 -0.356587 0.882435 43.364799 0.189575 -0.931483 -0.310486 0.000000 0.000000 0.000000 0.000000 1.000000
0.948640 0.059378 0.310735 -0.000000 -0.270735 -0.355758 0.894505 43.364799 0.163660 -0.932690 -0.321411 -0.000000 0.000000 0.000000 0.000000 1.000000
0.980325 0.065677 0.186141 0.000000 -0.157793 -0.305808 0.938926 43.364799 0.118589 -0.949825 -0.289428 0.000000 0.000000 0.000000 0.000000 1.000000
0.996888 0.075191 0.023691 0.000000 -0.003585 -0.256958 0.966416 43.364799 0.078754 -0.963493 -0.255889 0.000000 0.000000 0.000000 0.000000 1.000000
0.996477 0.083738 0.004629 0.000000 0.011624 -0.192559 0.981216 43.364799 0.083056 -0.977706 -0.192854 0.000000 0.000000 0.000000 0.000000 1.000000
0.992234 0.096589 0.078375 0.000000 -0.066906 -0.116747 0.990906 43.364799 0.104861 -0.988454 -0.109377 -0.000000 0.000000 0.000000 0.000000 1.000000
0.991487 0.118289 0.054424 0.000000 -0.055639 0.006989 0.998427 43.364799 0.117723 -0.992955 0.013511 0.000000 0.000000 0.000000 0.000000 1.000000
0.984541 0.145715 0.097188 -0.000000 -0.100056 0.012463 0.994904 43.364799 0.143761 -0.989248 0.026850 0.000000 0.000000 0.000000 0.000000 1.000000
0.982077 0.145352 0.119993 -0.000000 -0.117301 -0.026988 0.992730 43.364799 0.147533 -0.989012 -0.009454 0.000000 0.000000 0.000000 0.000000 1.000000
0.982212 0.148572 0.114832 0.000000 -0.110740 -0.035559 0.993213 43.364799 0.151647 -0.988262 -0.018474 0.000000 0.000000 0.000000 0.000000 1.000000
0.981054 0.157041 0.113449 0.000000 -0.110032 -0.030316 0.993466 43.364799 0.159455 -0.987127 -0.012462 0.000000 0.000000 0.000000 0.000000 1.000000
0.979577 0.164063 0.116242 0.000000 -0.114847 -0.017995 0.993220 43.364799 0.165042 -0.986286 0.001214 -0.000000 0.000000 0.000000 0.000000 1.000000
0.979757 0.163601 0.115369 0.000000 -0.115171 -0.010730 0.993288 43.364799 0.163741 -0.986468 0.008330 0.000000 0.000000 0.000000 0.000000 1.000000
0.980146 0.162267 0.113945 0.000000 -0.114807 -0.004083 0.993379 43.364799 0.161657 -0.986739 0.014627 -0.000000 0.000000 0.000000 0.000000 1.000000
0.980361 0.160965 0.113937 0.000000 -0.115728 0.001763 0.993279 43.364799 0.159682 -0.986959 0.020357 0.000000 0.000000 0.000000 0.000000 1.000000
0.981079 0.159486 0.109766 0.000000 -0.112426 0.007723 0.993630 43.364799 0.157623 -0.987170 0.025507 0.000000 0.000000 0.000000 0.000000 1.000000
0.983097 0.156051 0.095756 0.000000 -0.099212 0.014494 0.994961 43.364799 0.153877 -0.987643 0.029731 0.000000 0.000000 0.000000 0.000000 1.000000
0.983895 0.154845 0.089290 0.000000 -0.093088 0.017442 0.995505 43.364799 0.152592 -0.987785 0.031575 0.000000 0.000000 0.000000 0.000000 1.000000
0.984767 0.151071 0.086095 0.000000 -0.089638 0.016792 0.995833 43.364799 0.148996 -0.988380 0.030078 -0.000000 0.000000 0.000000 0.000000 1.000000
0.985669 0.147514 0.081835 0.000000 -0.085341 0.017584 0.996197 43.364799 0.145514 -0.988904 0.029921 0.000000 0.000000 0.000000 0.000000 1.000000
0.985909 0.145751 0.082103 0.000000 -0.084873 0.012875 0.996309 43.364799 0.144156 -0.989238 0.025064 0.000000 0.000000 0.000000 0.000000 1.000000
0.986262 0.144537 0.079972 0.000000 -0.081857 0.007127 0.996619 43.364799 0.143478 -0.989474 0.018860 -0.000000 0.000000 0.000000 0.000000 1.000000
0.986338 0.143661 0.080615 0.000000 -0.081569 0.000751 0.996667 43.364799 0.143121 -0.989627 0.012459 0.000000 0.000000 0.000000 0.000000 1.000000
0.986487 0.142364 0.081092 0.000000 -0.081265 -0.004611 0.996682 43.364799 0.142266 -0.989804 0.007020 0.000000 0.000000 0.000000 0.000000 1.000000
0.986169 0.142637 0.084412 -0.000000 -0.083884 -0.009723 0.996428 43.364799 0.142948 -0.989727 0.002376 0.000000 0.000000 0.000000 0.000000 1.000000
0.985812 0.143283 0.087434 0.000000 -0.086475 -0.012919 0.996170 43.364799 0.143864 -0.989597 -0.000345 0.000000 0.000000 0.000000 0.000000 1.000000
0.985428 0.144431 0.089841 0.000000 -0.088514 -0.015605 0.995953 43.364799 0.145249 -0.989392 -0.002593 0.000000 0.000000 0.000000 0.000000 1.000000
0.984870 0.146180 0.093075 0.000000 -0.091779 -0.015602 0.995657 43.364799 0.146997 -0.989135 -0.001950 0.000000 0.000000 0.000000 0.000000 1.000000
0.984760 0.147484 0.092171 -0.000000 -0.091196 -0.013374 0.995743 43.364799 0.148088 -0.988974 0.000280 0.000000 0.000000 0.000000 0.000000 1.000000
0.984374 0.148758 0.094230 -0.000000 -0.093723 -0.010432 0.995544 43.364799 0.149078 -0.988819 0.003673 -0.000000 0.000000 0.000000 0.000000 1.000000
0.984211 0.149647 0.094527 0.000000 -0.094380 -0.008102 0.995503 43.364799 0.149740 -0.988706 0.006150 -0.000000 0.000000 0.000000 0.000000 1.000000</float_array>
        <technique_common>
          <accessor source="#mixamorig_RightLeg-Matrix-animation-output-transform-array" count="79" stride="16">
            <param type="float4x4"/>
          </accessor>
        </technique_common>
      </source>
      <source id="mixamorig_RightLeg-Interpolations">
        <Name_array id="mixamorig_RightLeg-Interpolations-array" count="79">
 LINEAR LINEAR LINEAR LINEAR LINEAR LINEAR LINEAR LINEAR LINEAR LINEAR LINEAR
LINEAR LINEAR LINEAR LINEAR LINEAR LINEAR LINEAR LINEAR LINEAR LINEAR LINEAR LINEAR
LINEAR LINEAR LINEAR LINEAR LINEAR LINEAR LINEAR LINEAR LINEAR LINEAR LINEAR LINEAR
LINEAR LINEAR LINEAR LINEAR LINEAR LINEAR LINEAR LINEAR LINEAR LINEAR LINEAR LINEAR
LINEAR LINEAR LINEAR LINEAR LINEAR LINEAR LINEAR LINEAR LINEAR LINEAR LINEAR LINEAR
LINEAR LINEAR LINEAR LINEAR LINEAR LINEAR LINEAR LINEAR LINEAR LINEAR LINEAR LINEAR
LINEAR LINEAR LINEAR LINEAR LINEAR LINEAR LINEAR LINEAR</Name_array>
        <technique_common>
          <accessor source="#mixamorig_RightLeg-Interpolations-array" count="79">
            <param type="name"/>
          </accessor>
        </technique_common>
      </source>
      <sampler id="mixamorig_RightLeg-Matrix-animation-transform">
        <input semantic="INPUT" source="#mixamorig_RightLeg-Matrix-animation-input"/>
        <input semantic="OUTPUT" source="#mixamorig_RightLeg-Matrix-animation-output-transform"/>
        <input semantic="INTERPOLATION" source="#mixamorig_RightLeg-Interpolations"/>
      </sampler>
      <channel source="#mixamorig_RightLeg-Matrix-animation-transform" target="mixamorig_RightLeg/matrix"/>
    </animation>
    <animation id="mixamorig_RightFoot-anim" name="mixamorig_RightFoot">
      <source id="mixamorig_RightFoot-Matrix-animation-input">
        <float_array id="mixamorig_RightFoot-Matrix-animation-input-array" count="79">

0.000000 0.033333 0.066667 0.100000 0.133333 0.166667 0.200000 0.233333 0.266667 0.300000 0.333333 0.366667 0.400000 0.433333 0.466667 0.500000
0.533333 0.566667 0.600000 0.633333 0.666667 0.700000 0.733333 0.766667 0.800000 0.833333 0.866667 0.900000 0.933333 0.966667 1.000000 1.033333
1.066667 1.100000 1.133333 1.166667 1.200000 1.233333 1.266667 1.300000 1.333333 1.366667 1.400000 1.433333 1.466667 1.500000 1.533333 1.566667
1.600000 1.633333 1.666667 1.700000 1.733333 1.766667 1.800000 1.833333 1.866667 1.900000 1.933333 1.966667 2.000000 2.033333 2.066667 2.100000
2.133333 2.166667 2.200000 2.233333 2.266667 2.300000 2.333333 2.366667 2.400000 2.433333 2.466667 2.500000 2.533333 2.566667 2.600000</float_array>
        <technique_common>
          <accessor source="#mixamorig_RightFoot-Matrix-animation-input-array" count="79">
            <param name="TIME" type="float"/>
          </accessor>
        </technique_common>
      </source>
      <source id="mixamorig_RightFoot-Matrix-animation-output-transform">
        <float_array id="mixamorig_RightFoot-Matrix-animation-output-transform-array" count="1264">

0.876747 -0.169086 0.450249 -0.000000 0.477773 0.413651 -0.775001 44.493000 -0.055204 0.894596 0.443452 0.000000 0.000000 0.000000 0.000000 1.000000
0.879087 -0.154370 0.450972 0.000000 0.471439 0.421239 -0.774793 44.493000 -0.070362 0.893716 0.443081 0.000000 0.000000 0.000000 0.000000 1.000000
0.884489 -0.150509 0.441617 0.000000 0.460794 0.430161 -0.776292 44.493000 -0.073128 0.890117 0.449827 0.000000 0.000000 0.000000 0.000000 1.000000
0.882885 -0.166571 0.439053 0.000000 0.462325 0.472139 -0.750560 44.493000 -0.082272 0.865644 0.493855 0.000000 0.000000 0.000000 0.000000 1.000000
0.860245 -0.213259 0.463141 0.000000 0.501551 0.517443 -0.693324 44.493000 -0.091792 0.828718 0.552088 -0.000000 0.000000 0.000000 0.000000 1.000000
0.828606 -0.244507 0.503615 0.000000 0.553381 0.493894 -0.670700 44.493000 -0.084742 0.834437 0.544549 -0.000000 0.000000 0.000000 0.000000 1.000000
0.802106 -0.247589 0.543438 -0.000000 0.593714 0.428538 -0.681072 44.493000 -0.064258 0.868939 0.490730 0.000000 0.000000 0.000000 0.000000 1.000000
0.823984 -0.202166 0.529319 0.000000 0.564714 0.369425 -0.737986 44.493000 -0.046348 0.907003 0.418566 0.000000 0.000000 0.000000 0.000000 1.000000
0.936850 -0.058399 0.344821 0.000000 0.343621 0.337188 -0.876486 44.493000 -0.065084 0.939624 0.335962 -0.000000 0.000000 0.000000 0.000000 1.000000
0.988464 0.061633 0.138347 0.000000 0.111220 0.324644 -0.939274 44.493000 -0.102804 0.943826 0.314045 0.000000 0.000000 0.000000 0.000000 1.000000
0.992810 0.113152 0.039050 0.000000 0.002740 0.304658 -0.952458 44.493000 -0.119669 0.945717 0.302158 0.000000 0.000000 0.000000 0.000000 1.000000
0.981107 0.051445 0.186500 0.000000 0.175132 0.173436 -0.969149 44.493000 -0.082204 0.983501 0.161149 -0.000000 0.000000 0.000000 0.000000 1.000000
0.969866 0.031979 0.241531 0.000000 0.235385 0.132850 -0.962780 44.493000 -0.062876 0.990620 0.121319 0.000000 0.000000 0.000000 0.000000 1.000000
0.967001 0.025576 0.253484 0.000000 0.247655 0.139147 -0.958804 44.493000 -0.059794 0.989941 0.128221 -0.000000 0.000000 0.000000 0.000000 1.000000
0.967164 0.021681 0.253226 -0.000000 0.246460 0.163273 -0.955301 44.493000 -0.062057 0.986343 0.152568 0.000000 0.000000 0.000000 0.000000 1.000000
0.976018 0.036834 0.214549 0.000000 0.204262 0.185812 -0.961120 44.493000 -0.075267 0.981895 0.173832 -0.000000 0.000000 0.000000 0.000000 1.000000
0.982207 0.052236 0.180392 -0.000000 0.167162 0.194633 -0.966527 44.493000 -0.085598 0.979484 0.182438 0.000000 0.000000 0.000000 0.000000 1.000000
0.986298 0.068426 0.150112 0.000000 0.135963 0.178190 -0.974558 44.493000 -0.093434 0.981614 0.166445 -0.000000 0.000000 0.000000 0.000000 1.000000
0.988764 0.083337 0.124096 -0.000000 0.111456 0.142200 -0.983543 44.493000 -0.099612 0.986324 0.131313 -0.000000 0.000000 0.000000 0.000000 1.000000
0.991162 0.102558 0.084140 -0.000000 0.071177 0.124084 -0.989716 44.493000 -0.111944 0.986957 0.115687 -0.000000 0.000000 0.000000 0.000000 1.000000
0.991837 0.116385 0.052096 0.000000 0.036639 0.131206 -0.990678 44.493000 -0.122136 0.984500 0.125871 0.000000 0.000000 0.000000 0.000000 1.000000
0.989755 0.142476 -0.009231 0.000000 -0.028072 0.130807 -0.991010 44.493000 -0.139988 0.981117 0.133467 0.000000 0.000000 0.000000 0.000000 1.000000
0.983324 0.167258 -0.071409 0.000000 -0.090317 0.108308 -0.990006 44.493000 -0.157853 0.979946 0.121608 0.000000 0.000000 0.000000 0.000000 1.000000
0.991916 0.099268 0.079053 0.000000 0.047970 0.283420 -0.957795 44.493000 -0.117483 0.953844 0.276367 0.000000 0.000000 0.000000 0.000000 1.000000
0.982348 0.010356 0.186777 -0.000000 0.152462 0.534212 -0.831488 44.493000 -0.108390 0.845287 0.523203 0.000000 0.000000 0.000000 0.000000 1.000000
0.979430 -0.031589 0.199298 -0.000000 0.162194 0.710822 -0.684416 44.493000 -0.120046 0.702662 0.701324 0.000000 0.000000 0.000000 0.000000 1.000000
0.986702 -0.013001 0.162018 0.000000 0.111452 0.779676 -0.616185 44.493000 -0.118311 0.626048 0.770757 0.000000 0.000000 0.000000 0.000000 1.000000
0.989711 0.143046 0.003287 -0.000000 -0.083341 0.594992 -0.799399 44.493000 -0.116307 0.790900 0.600791 0.000000 0.000000 0.000000 0.000000 1.000000
0.990921 0.133084 0.019104 0.000000 -0.050447 0.499747 -0.864701 44.493000 -0.124625 0.855887 0.501923 0.000000 0.000000 0.000000 0.000000 1.000000
0.992942 0.085250 0.082460 -0.000000 0.021042 0.557598 -0.829844 44.493000 -0.116723 0.825722 0.551868 -0.000000 0.000000 0.000000 0.000000 1.000000
0.989104 0.026655 0.144783 0.000000 0.089761 0.670322 -0.736622 44.493000 -0.116686 0.741592 0.660625 0.000000 0.000000 0.000000 0.000000 1.000000
0.988404 -0.000640 0.151843 0.000000 0.097803 0.767619 -0.633400 44.493000 -0.116152 0.640906 0.758781 0.000000 0.000000 0.000000 0.000000 1.000000
0.994529 0.044187 0.094651 0.000000 0.018369 0.818023 -0.574893 44.493000 -0.102829 0.573486 0.812736 0.000000 0.000000 0.000000 0.000000 1.000000
0.994752 0.052284 0.087945 0.000000 0.009522 0.808530 -0.588378 44.493000 -0.101868 0.586128 0.803789 -0.000000 0.000000 0.000000 0.000000 1.000000
0.992890 0.049142 0.108416 0.000000 0.039526 0.723011 -0.689705 44.493000 -0.112279 0.689086 0.715928 -0.000000 0.000000 0.000000 0.000000 1.000000
0.988436 0.024157 0.149699 0.000000 0.098070 0.651122 -0.752610 44.493000 -0.115653 0.758588 0.641224 0.000000 0.000000 0.000000 0.000000 1.000000
0.983211 -0.023429 0.180964 -0.000000 0.137760 0.745657 -0.651935 44.493000 -0.119663 0.665918 0.736365 -0.000000 0.000000 0.000000 0.000000 1.000000
0.980325 -0.055688 0.189373 0.000000 0.152232 0.824008 -0.545744 44.493000 -0.125653 0.563835 0.816273 -0.000000 0.000000 0.000000 0.000000 1.000000
0.981260 -0.054190 0.184909 -0.000000 0.145785 0.836287 -0.528556 44.493000 -0.125994 0.545608 0.828515 0.000000 0.000000 0.000000 0.000000 1.000000
0.984994 -0.028841 0.170159 0.000000 0.121873 0.814333 -0.567458 44.493000 -0.122201 0.579681 0.805628 -0.000000 0.000000 0.000000 0.000000 1.000000
0.983197 -0.033017 0.179536 0.000000 0.134875 0.794143 -0.592576 44.493000 -0.123012 0.606833 0.785252 0.000000 0.000000 0.000000 0.000000 1.000000
0.980230 -0.046330 0.192360 0.000000 0.153173 0.793094 -0.589526 44.493000 -0.125247 0.607335 0.784511 0.000000 0.000000 0.000000 0.000000 1.000000
0.985740 -0.021984 0.166834 0.000000 0.115384 0.809966 -0.575014 44.493000 -0.122489 0.586065 0.800953 0.000000 0.000000 0.000000 0.000000 1.000000
0.990413 0.006937 0.137967 -0.000000 0.071864 0.827077 -0.557476 44.493000 -0.117976 0.562046 0.818649 -0.000000 0.000000 0.000000 0.000000 1.000000
0.991657 0.014654 0.128071 -0.000000 0.055785 0.846881 -0.528848 44.493000 -0.116211 0.531580 0.838998 0.000000 0.000000 0.000000 0.000000 1.000000
0.992851 0.025552 0.116592 0.000000 0.035916 0.867585 -0.495990 44.493000 -0.113827 0.496632 0.860465 0.000000 0.000000 0.000000 0.000000 1.000000
0.990618 0.000504 0.136661 0.000000 0.064895 0.878321 -0.473647 44.493000 -0.120271 0.478071 0.870047 0.000000 0.000000 0.000000 0.000000 1.000000
0.992907 0.039508 0.112140 0.000000 0.027957 0.839151 -0.543180 44.493000 -0.115562 0.542462 0.832094 0.000000 0.000000 0.000000 0.000000 1.000000
0.991929 0.025652 0.124176 0.000000 0.046644 0.836835 -0.545464 44.493000 -0.117907 0.546853 0.828885 0.000000 0.000000 0.000000 0.000000 1.000000
0.989906 -0.018607 0.140498 0.000000 0.073394 0.915362 -0.395886 44.493000 -0.121240 0.402202 0.907488 0.000000 0.000000 0.000000 0.000000 1.000000
0.979101 -0.105581 0.173820 -0.000000 0.145056 0.961601 -0.232987 44.493000 -0.142547 0.253331 0.956820 0.000000 0.000000 0.000000 0.000000 1.000000
0.979269 -0.098860 0.176800 0.000000 0.147221 0.946856 -0.285990 44.493000 -0.139131 0.306090 0.941781 -0.000000 0.000000 0.000000 0.000000 1.000000
0.987108 -0.051299 0.151611 0.000000 0.100785 0.935082 -0.339799 44.493000 -0.124337 0.350699 0.928198 0.000000 0.000000 0.000000 0.000000 1.000000
0.995017 0.021140 0.097436 0.000000 0.013430 0.939939 -0.341079 44.493000 -0.098794 0.340688 0.934971 -0.000000 0.000000 0.000000 0.000000 1.000000
0.993715 0.105135 0.038438 0.000000 -0.103221 0.993462 -0.048776 44.493000 -0.043315 0.044502 0.998070 0.000000 0.000000 0.000000 0.000000 1.000000
0.996850 0.043391 0.066383 0.000000 -0.041922 0.998848 -0.023366 44.493000 -0.067320 0.020510 0.997521 -0.000000 0.000000 0.000000 0.000000 1.000000
0.995841 -0.003095 0.091054 0.000000 0.007837 0.998628 -0.051766 44.493000 -0.090769 0.052264 0.994500 0.000000 0.000000 0.000000 0.000000 1.000000
0.995396 -0.009729 0.095358 0.000000 0.015256 0.998234 -0.057405 44.493000 -0.094631 0.058595 0.993786 0.000000 0.000000 0.000000 0.000000 1.000000
0.995054 -0.015086 0.098183 0.000000 0.020701 0.998192 -0.056423 44.493000 -0.097154 0.058176 0.993568 0.000000 0.000000 0.000000 0.000000 1.000000
0.994057 -0.029665 0.104738 0.000000 0.035142 0.998088 -0.050840 44.493000 -0.103030 0.054219 0.993199 -0.000000 0.000000 0.000000 0.000000 1.000000
0.993953 -0.030847 0.105389 0.000000 0.036177 0.998141 -0.049039 44.493000 -0.103680 0.052555 0.993221 0.000000 0.000000 0.000000 0.000000 1.000000
0.993280 -0.038564 0.109126 0.000000 0.043906 0.997930 -0.046987 44.493000 -0.107088 0.051462 0.992917 -0.000000 0.000000 0.000000 0.000000 1.000000
0.993260 -0.038825 0.109207 0.000000 0.043999 0.998001 -0.045368 44.493000 -0.107227 0.049868 0.992983 0.000000 0.000000 0.000000 0.000000 1.000000
0.993145 -0.039938 0.109852 0.000000 0.044954 0.998039 -0.043566 44.493000 -0.107896 0.048205 0.992993 -0.000000 0.000000 0.000000 0.000000 1.000000
0.994547 -0.024001 0.101491 -0.000000 0.028157 0.998814 -0.039720 44.493000 -0.100418 0.042361 0.994043 0.000000 0.000000 0.000000 0.000000 1.000000
0.994789 -0.020352 0.099900 0.000000 0.024494 0.998883 -0.040415 44.493000 -0.098966 0.042651 0.994176 0.000000 0.000000 0.000000 0.000000 1.000000
0.995332 -0.011098 0.095868 0.000000 0.015684 0.998762 -0.047211 44.493000 -0.095225 0.048494 0.994274 0.000000 0.000000 0.000000 0.000000 1.000000
0.995806 -0.002516 0.091459 -0.000000 0.006792 0.998897 -0.046471 44.493000 -0.091242 0.046897 0.994724 0.000000 0.000000 0.000000 0.000000 1.000000
0.995998 0.001851 0.089351 -0.000000 0.002434 0.998853 -0.047816 44.493000 -0.089337 0.047842 0.994852 -0.000000 0.000000 0.000000 0.000000 1.000000
0.996163 0.006516 0.087278 0.000000 -0.002055 0.998691 -0.051109 44.493000 -0.087496 0.050734 0.994872 -0.000000 0.000000 0.000000 0.000000 1.000000
0.996329 0.012072 0.084751 0.000000 -0.007419 0.998459 -0.055005 44.493000 -0.085285 0.054174 0.994883 -0.000000 0.000000 0.000000 0.000000 1.000000
0.996347 0.013697 0.084291 0.000000 -0.008828 0.998285 -0.057872 44.493000 -0.084939 0.056917 0.994759 0.000000 0.000000 0.000000 0.000000 1.000000
0.996170 0.009074 0.086966 0.000000 -0.003888 0.998213 -0.059623 44.493000 -0.087352 0.059057 0.994425 0.000000 0.000000 0.000000 0.000000 1.000000
0.995935 0.003569 0.090002 -0.000000 0.001803 0.998225 -0.059536 44.493000 -0.090055 0.059456 0.994160 0.000000 0.000000 0.000000 0.000000 1.000000
0.995780 0.000634 0.091769 0.000000 0.005051 0.998081 -0.061708 44.493000 -0.091632 0.061911 0.993867 -0.000000 0.000000 0.000000 0.000000 1.000000
0.995553 -0.003829 0.094129 0.000000 0.009683 0.998041 -0.061812 44.493000 -0.093708 0.062449 0.993639 0.000000 0.000000 0.000000 0.000000 1.000000
0.995200 -0.009982 0.097354 0.000000 0.016047 0.997965 -0.061714 44.493000 -0.096539 0.062980 0.993335 0.000000 0.000000 0.000000 0.000000 1.000000
0.994988 -0.013422 0.099088 0.000000 0.019535 0.997948 -0.060980 44.493000 -0.098066 0.062610 0.993208 0.000000 0.000000 0.000000 0.000000 1.000000
0.994596 -0.019220 0.102026 0.000000 0.025466 0.997857 -0.060277 44.493000 -0.100648 0.062550 0.992954 0.000000 0.000000 0.000000 0.000000 1.000000</float_array>
        <technique_common>
          <accessor source="#mixamorig_RightFoot-Matrix-animation-output-transform-array" count="79" stride="16">
            <param type="float4x4"/>
          </accessor>
        </technique_common>
      </source>
      <source id="mixamorig_RightFoot-Interpolations">
        <Name_array id="mixamorig_RightFoot-Interpolations-array" count="79">
 LINEAR LINEAR LINEAR LINEAR LINEAR LINEAR LINEAR LINEAR LINEAR LINEAR LINEAR
LINEAR LINEAR LINEAR LINEAR LINEAR LINEAR LINEAR LINEAR LINEAR LINEAR LINEAR LINEAR
LINEAR LINEAR LINEAR LINEAR LINEAR LINEAR LINEAR LINEAR LINEAR LINEAR LINEAR LINEAR
LINEAR LINEAR LINEAR LINEAR LINEAR LINEAR LINEAR LINEAR LINEAR LINEAR LINEAR LINEAR
LINEAR LINEAR LINEAR LINEAR LINEAR LINEAR LINEAR LINEAR LINEAR LINEAR LINEAR LINEAR
LINEAR LINEAR LINEAR LINEAR LINEAR LINEAR LINEAR LINEAR LINEAR LINEAR LINEAR LINEAR
LINEAR LINEAR LINEAR LINEAR LINEAR LINEAR LINEAR LINEAR</Name_array>
        <technique_common>
          <accessor source="#mixamorig_RightFoot-Interpolations-array" count="79">
            <param type="name"/>
          </accessor>
        </technique_common>
      </source>
      <sampler id="mixamorig_RightFoot-Matrix-animation-transform">
        <input semantic="INPUT" source="#mixamorig_RightFoot-Matrix-animation-input"/>
        <input semantic="OUTPUT" source="#mixamorig_RightFoot-Matrix-animation-output-transform"/>
        <input semantic="INTERPOLATION" source="#mixamorig_RightFoot-Interpolations"/>
      </sampler>
      <channel source="#mixamorig_RightFoot-Matrix-animation-transform" target="mixamorig_RightFoot/matrix"/>
    </animation>
    <animation id="mixamorig_RightToeBase-anim" name="mixamorig_RightToeBase">
      <source id="mixamorig_RightToeBase-Matrix-animation-input">
        <float_array id="mixamorig_RightToeBase-Matrix-animation-input-array" count="79">

0.000000 0.033333 0.066667 0.100000 0.133333 0.166667 0.200000 0.233333 0.266667 0.300000 0.333333 0.366667 0.400000 0.433333 0.466667 0.500000
0.533333 0.566667 0.600000 0.633333 0.666667 0.700000 0.733333 0.766667 0.800000 0.833333 0.866667 0.900000 0.933333 0.966667 1.000000 1.033333
1.066667 1.100000 1.133333 1.166667 1.200000 1.233333 1.266667 1.300000 1.333333 1.366667 1.400000 1.433333 1.466667 1.500000 1.533333 1.566667
1.600000 1.633333 1.666667 1.700000 1.733333 1.766667 1.800000 1.833333 1.866667 1.900000 1.933333 1.966667 2.000000 2.033333 2.066667 2.100000
2.133333 2.166667 2.200000 2.233333 2.266667 2.300000 2.333333 2.366667 2.400000 2.433333 2.466667 2.500000 2.533333 2.566667 2.600000</float_array>
        <technique_common>
          <accessor source="#mixamorig_RightToeBase-Matrix-animation-input-array" count="79">
            <param name="TIME" type="float"/>
          </accessor>
        </technique_common>
      </source>
      <source id="mixamorig_RightToeBase-Matrix-animation-output-transform">
        <float_array id="mixamorig_RightToeBase-Matrix-animation-output-transform-array" count="1264">

0.998626 0.006836 0.051953 0.000000 0.030509 0.730229 -0.682521 20.000000 -0.042603 0.683168 0.729017 0.000000 0.000000 0.000000 0.000000 1.000000
0.998000 0.034548 0.052933 -0.000000 0.011231 0.727176 -0.686359 20.000000 -0.062204 0.685581 0.725334 0.000000 0.000000 0.000000 0.000000 1.000000
0.995663 0.060697 0.070511 0.000000 0.005971 0.714627 -0.699480 20.000000 -0.092845 0.696868 0.711165 -0.000000 0.000000 0.000000 0.000000 1.000000
0.994689 0.071779 0.073762 0.000000 0.006549 0.671077 -0.741359 20.000000 -0.102714 0.737905 0.667043 0.000000 0.000000 0.000000 0.000000 1.000000
0.996038 0.078776 0.041270 0.000000 -0.013988 0.597065 -0.802071 20.000000 -0.087824 0.798315 0.595802 -0.000000 0.000000 0.000000 0.000000 1.000000
0.994112 0.108192 0.005897 0.000000 -0.056243 0.561777 -0.825375 20.000000 -0.092612 0.820183 0.564555 -0.000000 0.000000 0.000000 0.000000 1.000000
0.988185 0.153068 -0.007764 0.000000 -0.101304 0.614308 -0.782536 20.000000 -0.115012 0.774077 0.622556 0.000000 0.000000 0.000000 0.000000 1.000000
0.986513 0.163522 -0.007281 0.000000 -0.117869 0.678815 -0.724787 20.000000 -0.113576 0.715870 0.688934 0.000000 0.000000 0.000000 0.000000 1.000000
0.991068 0.058255 0.119964 0.000000 0.039585 0.730505 -0.681759 20.000000 -0.127350 0.680418 0.721674 0.000000 0.000000 0.000000 0.000000 1.000000
0.967625 -0.050284 0.247331 0.000000 0.219454 0.651652 -0.726078 20.000000 -0.124663 0.756849 0.641590 -0.000000 0.000000 0.000000 0.000000 1.000000
0.958920 0.064130 0.276334 0.000000 0.219083 0.451401 -0.865009 20.000000 -0.180211 0.890014 0.418807 0.000000 0.000000 0.000000 0.000000 1.000000
0.985885 0.090108 0.141108 0.000000 0.093835 0.400623 -0.911425 20.000000 -0.138658 0.911801 0.386513 0.000000 0.000000 0.000000 0.000000 1.000000
0.986028 -0.034486 0.162969 -0.000000 0.164917 0.339898 -0.925890 20.000000 -0.023463 0.939830 0.340836 -0.000000 0.000000 0.000000 0.000000 1.000000
0.963697 -0.180694 0.196564 0.000000 0.246871 0.322612 -0.913770 20.000000 0.101699 0.929124 0.355509 -0.000000 0.000000 0.000000 0.000000 1.000000
0.960725 -0.212895 0.177997 0.000000 0.241994 0.328811 -0.912865 20.000000 0.135818 0.920086 0.367416 0.000000 0.000000 0.000000 0.000000 1.000000
0.981509 -0.113113 0.154421 0.000000 0.183689 0.329673 -0.926053 20.000000 0.053840 0.937294 0.344355 0.000000 0.000000 0.000000 0.000000 1.000000
0.992895 0.012249 0.118360 -0.000000 0.107125 0.340992 -0.933942 20.000000 -0.051800 0.939986 0.337257 0.000000 0.000000 0.000000 0.000000 1.000000
0.987395 0.110858 0.112965 0.000000 0.065766 0.361829 -0.929922 20.000000 -0.143963 0.925630 0.349977 -0.000000 0.000000 0.000000 0.000000 1.000000
0.980229 0.134034 0.145553 0.000000 0.082140 0.393590 -0.915609 20.000000 -0.180011 0.909462 0.374799 0.000000 0.000000 0.000000 0.000000 1.000000
0.965138 0.097688 0.242827 0.000000 0.179378 0.428749 -0.885436 20.000000 -0.190608 0.898127 0.396279 0.000000 0.000000 0.000000 0.000000 1.000000
0.943298 0.034391 0.330160 0.000000 0.274922 0.476460 -0.835107 20.000000 -0.186028 0.878523 0.439990 0.000000 0.000000 0.000000 0.000000 1.000000
0.908302 0.005765 0.418276 0.000000 0.337897 0.579351 -0.741740 20.000000 -0.246604 0.815058 0.524278 0.000000 0.000000 0.000000 0.000000 1.000000
0.883229 -0.007179 0.468886 0.000000 0.333143 0.713306 -0.616612 20.000000 -0.330033 0.700816 0.632404 0.000000 0.000000 0.000000 0.000000 1.000000
0.929826 0.015640 0.367668 0.000000 0.221297 0.774499 -0.592603 20.000000 -0.294027 0.632382 0.716688 -0.000000 0.000000 0.000000 0.000000 1.000000
0.977406 0.023608 0.210047 0.000000 0.128169 0.724005 -0.677782 20.000000 -0.168076 0.689390 0.704622 0.000000 0.000000 0.000000 0.000000 1.000000
0.991602 -0.002564 0.129302 0.000000 0.095512 0.688606 -0.718818 20.000000 -0.087195 0.725131 0.683068 -0.000000 0.000000 0.000000 0.000000 1.000000
0.998154 -0.011657 0.059596 0.000000 0.051110 0.691238 -0.720818 20.000000 -0.032792 0.722534 0.690558 -0.000000 0.000000 0.000000 0.000000 1.000000
0.993332 0.009258 0.114919 0.000000 0.065291 0.776362 -0.626896 20.000000 -0.095023 0.630219 0.770581 0.000000 0.000000 0.000000 0.000000 1.000000
0.988218 -0.103526 0.112725 -0.000000 0.146720 0.850442 -0.505195 20.000000 -0.043565 0.515782 0.855612 -0.000000 0.000000 0.000000 0.000000 1.000000
0.995176 -0.064754 0.073701 0.000000 0.095646 0.807566 -0.581970 20.000000 -0.021834 0.586211 0.809864 -0.000000 0.000000 0.000000 0.000000 1.000000
0.997944 0.001367 0.064083 0.000000 0.040356 0.763332 -0.644745 20.000000 -0.049798 0.646005 0.761707 0.000000 0.000000 0.000000 0.000000 1.000000
0.998626 0.006832 0.051957 0.000000 0.030515 0.730224 -0.682526 20.000000 -0.042603 0.683174 0.729012 0.000000 0.000000 0.000000 0.000000 1.000000
0.998624 0.006824 0.051995 0.000000 0.030551 0.730160 -0.682593 20.000000 -0.042623 0.683242 0.728947 0.000000 0.000000 0.000000 0.000000 1.000000
0.998620 0.006840 0.052072 0.000000 0.030606 0.729940 -0.682826 20.000000 -0.042680 0.683477 0.728723 -0.000000 0.000000 0.000000 0.000000 1.000000
0.998618 0.006846 0.052102 0.000000 0.030627 0.729853 -0.682918 20.000000 -0.042702 0.683570 0.728635 0.000000 0.000000 0.000000 0.000000 1.000000
0.998612 0.006872 0.052219 -0.000000 0.030711 0.729489 -0.683303 20.000000 -0.042789 0.683958 0.728265 -0.000000 0.000000 0.000000 0.000000 1.000000
0.998604 0.006906 0.052373 0.000000 0.030822 0.729008 -0.683810 20.000000 -0.042903 0.684470 0.727778 -0.000000 0.000000 0.000000 0.000000 1.000000
0.998607 0.006892 0.052309 0.000000 0.030776 0.729196 -0.683613 20.000000 -0.042855 0.684270 0.727968 -0.000000 0.000000 0.000000 0.000000 1.000000
0.998619 0.006846 0.052095 0.000000 0.030623 0.729845 -0.682926 20.000000 -0.042697 0.683578 0.728627 -0.000000 0.000000 0.000000 0.000000 1.000000
0.998624 0.006825 0.051996 -0.000000 0.030551 0.730149 -0.682605 20.000000 -0.042624 0.683254 0.728936 0.000000 0.000000 0.000000 0.000000 1.000000
0.998624 0.006824 0.051990 0.000000 0.030547 0.730166 -0.682587 20.000000 -0.042619 0.683236 0.728953 -0.000000 0.000000 0.000000 0.000000 1.000000
0.998624 0.006824 0.051990 0.000000 0.030547 0.730166 -0.682586 20.000000 -0.042619 0.683236 0.728953 0.000000 0.000000 0.000000 0.000000 1.000000
0.998624 0.006824 0.051990 0.000000 0.030547 0.730166 -0.682586 20.000000 -0.042619 0.683236 0.728953 0.000000 0.000000 0.000000 0.000000 1.000000
0.998624 0.006824 0.051990 -0.000000 0.030547 0.730166 -0.682586 20.000000 -0.042619 0.683236 0.728953 -0.000000 0.000000 0.000000 0.000000 1.000000
0.998624 0.006824 0.051990 0.000000 0.030547 0.730166 -0.682587 20.000000 -0.042620 0.683236 0.728953 0.000000 0.000000 0.000000 0.000000 1.000000
0.998624 0.006824 0.051991 0.000000 0.030548 0.730166 -0.682587 20.000000 -0.042619 0.683236 0.728953 0.000000 0.000000 0.000000 0.000000 1.000000
0.998624 0.006824 0.051990 -0.000000 0.030548 0.730166 -0.682587 20.000000 -0.042619 0.683236 0.728953 0.000000 0.000000 0.000000 0.000000 1.000000
0.998624 0.006824 0.051991 0.000000 0.030548 0.730166 -0.682587 20.000000 -0.042620 0.683236 0.728953 0.000000 0.000000 0.000000 0.000000 1.000000
0.998624 0.006824 0.051990 0.000000 0.030548 0.730166 -0.682587 20.000000 -0.042619 0.683236 0.728953 0.000000 0.000000 0.000000 0.000000 1.000000
0.998624 0.006824 0.051990 0.000000 0.030547 0.730166 -0.682587 20.000000 -0.042620 0.683236 0.728953 0.000000 0.000000 0.000000 0.000000 1.000000
0.998624 0.006824 0.051990 0.000000 0.030548 0.730166 -0.682587 20.000000 -0.042619 0.683236 0.728953 0.000000 0.000000 0.000000 0.000000 1.000000
0.998624 0.006824 0.051990 -0.000000 0.030547 0.730166 -0.682586 20.000000 -0.042620 0.683236 0.728953 -0.000000 0.000000 0.000000 0.000000 1.000000
0.998624 0.006824 0.051990 0.000000 0.030548 0.730166 -0.682587 20.000000 -0.042619 0.683236 0.728953 0.000000 0.000000 0.000000 0.000000 1.000000
0.998624 0.006824 0.051990 0.000000 0.030548 0.730166 -0.682587 20.000000 -0.042619 0.683236 0.728953 0.000000 0.000000 0.000000 0.000000 1.000000
0.998624 0.006824 0.051990 0.000000 0.030547 0.730166 -0.682587 20.000000 -0.042619 0.683236 0.728953 0.000000 0.000000 0.000000 0.000000 1.000000
0.998366 0.006927 0.056726 0.000000 0.033781 0.729093 -0.683581 20.000000 -0.046093 0.684380 0.727667 -0.000000 0.000000 0.000000 0.000000 1.000000
0.998624 0.006824 0.051990 0.000000 0.030548 0.730166 -0.682587 20.000000 -0.042619 0.683236 0.728953 0.000000 0.000000 0.000000 0.000000 1.000000
0.998624 0.006824 0.051990 0.000000 0.030548 0.730166 -0.682587 20.000000 -0.042619 0.683236 0.728953 0.000000 0.000000 0.000000 0.000000 1.000000
0.998624 0.006824 0.051990 0.000000 0.030548 0.730166 -0.682587 20.000000 -0.042619 0.683236 0.728953 0.000000 0.000000 0.000000 0.000000 1.000000
0.998624 0.006824 0.051990 0.000000 0.030548 0.730166 -0.682587 20.000000 -0.042619 0.683236 0.728953 -0.000000 0.000000 0.000000 0.000000 1.000000
0.998624 0.006824 0.051990 0.000000 0.030548 0.730166 -0.682587 20.000000 -0.042619 0.683236 0.728953 0.000000 0.000000 0.000000 0.000000 1.000000
0.998624 0.006824 0.051990 0.000000 0.030547 0.730166 -0.682587 20.000000 -0.042619 0.683236 0.728953 -0.000000 0.000000 0.000000 0.000000 1.000000
0.998624 0.006824 0.051990 0.000000 0.030547 0.730166 -0.682587 20.000000 -0.042619 0.683236 0.728953 0.000000 0.000000 0.000000 0.000000 1.000000
0.998624 0.006824 0.051990 -0.000000 0.030547 0.730166 -0.682587 20.000000 -0.042619 0.683236 0.728953 0.000000 0.000000 0.000000 0.000000 1.000000
0.998624 0.006824 0.051990 0.000000 0.030547 0.730166 -0.682586 20.000000 -0.042619 0.683236 0.728953 -0.000000 0.000000 0.000000 0.000000 1.000000
0.998624 0.006824 0.051990 0.000000 0.030547 0.730166 -0.682587 20.000000 -0.042620 0.683236 0.728953 0.000000 0.000000 0.000000 0.000000 1.000000
0.998624 0.006824 0.051990 0.000000 0.030547 0.730166 -0.682587 20.000000 -0.042619 0.683236 0.728953 0.000000 0.000000 0.000000 0.000000 1.000000
0.998624 0.006824 0.051990 0.000000 0.030547 0.730166 -0.682586 20.000000 -0.042619 0.683236 0.728953 0.000000 0.000000 0.000000 0.000000 1.000000
0.998624 0.006824 0.051990 0.000000 0.030548 0.730166 -0.682586 20.000000 -0.042619 0.683236 0.728953 0.000000 0.000000 0.000000 0.000000 1.000000
0.998624 0.006824 0.051990 0.000000 0.030547 0.730166 -0.682587 20.000000 -0.042620 0.683236 0.728953 0.000000 0.000000 0.000000 0.000000 1.000000
0.998624 0.006824 0.051990 -0.000000 0.030547 0.730166 -0.682586 20.000000 -0.042619 0.683236 0.728953 0.000000 0.000000 0.000000 0.000000 1.000000
0.998624 0.006824 0.051990 -0.000000 0.030548 0.730166 -0.682587 20.000000 -0.042619 0.683236 0.728953 0.000000 0.000000 0.000000 0.000000 1.000000
0.998624 0.006824 0.051990 0.000000 0.030547 0.730166 -0.682587 20.000000 -0.042619 0.683236 0.728953 -0.000000 0.000000 0.000000 0.000000 1.000000
0.998624 0.006824 0.051990 -0.000000 0.030548 0.730166 -0.682587 20.000000 -0.042619 0.683236 0.728953 -0.000000 0.000000 0.000000 0.000000 1.000000
0.998624 0.006824 0.051990 0.000000 0.030547 0.730166 -0.682587 20.000000 -0.042619 0.683236 0.728953 0.000000 0.000000 0.000000 0.000000 1.000000
0.998624 0.006824 0.051990 0.000000 0.030548 0.730166 -0.682587 20.000000 -0.042619 0.683236 0.728953 0.000000 0.000000 0.000000 0.000000 1.000000
0.998624 0.006824 0.051990 0.000000 0.030547 0.730166 -0.682587 20.000000 -0.042619 0.683236 0.728953 0.000000 0.000000 0.000000 0.000000 1.000000
0.998624 0.006824 0.051990 0.000000 0.030547 0.730166 -0.682586 20.000000 -0.042619 0.683236 0.728953 0.000000 0.000000 0.000000 0.000000 1.000000
0.998624 0.006823 0.051990 0.000000 0.030548 0.730166 -0.682587 20.000000 -0.042619 0.683236 0.728953 0.000000 0.000000 0.000000 0.000000 1.000000</float_array>
        <technique_common>
          <accessor source="#mixamorig_RightToeBase-Matrix-animation-output-transform-array" count="79" stride="16">
            <param type="float4x4"/>
          </accessor>
        </technique_common>
      </source>
      <source id="mixamorig_RightToeBase-Interpolations">
        <Name_array id="mixamorig_RightToeBase-Interpolations-array" count="79">
 LINEAR LINEAR LINEAR LINEAR LINEAR LINEAR LINEAR LINEAR LINEAR LINEAR LINEAR
LINEAR LINEAR LINEAR LINEAR LINEAR LINEAR LINEAR LINEAR LINEAR LINEAR LINEAR LINEAR
LINEAR LINEAR LINEAR LINEAR LINEAR LINEAR LINEAR LINEAR LINEAR LINEAR LINEAR LINEAR
LINEAR LINEAR LINEAR LINEAR LINEAR LINEAR LINEAR LINEAR LINEAR LINEAR LINEAR LINEAR
LINEAR LINEAR LINEAR LINEAR LINEAR LINEAR LINEAR LINEAR LINEAR LINEAR LINEAR LINEAR
LINEAR LINEAR LINEAR LINEAR LINEAR LINEAR LINEAR LINEAR LINEAR LINEAR LINEAR LINEAR
LINEAR LINEAR LINEAR LINEAR LINEAR LINEAR LINEAR LINEAR</Name_array>
        <technique_common>
          <accessor source="#mixamorig_RightToeBase-Interpolations-array" count="79">
            <param type="name"/>
          </accessor>
        </technique_common>
      </source>
      <sampler id="mixamorig_RightToeBase-Matrix-animation-transform">
        <input semantic="INPUT" source="#mixamorig_RightToeBase-Matrix-animation-input"/>
        <input semantic="OUTPUT" source="#mixamorig_RightToeBase-Matrix-animation-output-transform"/>
        <input semantic="INTERPOLATION" source="#mixamorig_RightToeBase-Interpolations"/>
      </sampler>
      <channel source="#mixamorig_RightToeBase-Matrix-animation-transform" target="mixamorig_RightToeBase/matrix"/>
    </animation>
    <animation id="mixamorig_LeftUpLeg-anim" name="mixamorig_LeftUpLeg">
      <source id="mixamorig_LeftUpLeg-Matrix-animation-input">
        <float_array id="mixamorig_LeftUpLeg-Matrix-animation-input-array" count="79">

0.000000 0.033333 0.066667 0.100000 0.133333 0.166667 0.200000 0.233333 0.266667 0.300000 0.333333 0.366667 0.400000 0.433333 0.466667 0.500000
0.533333 0.566667 0.600000 0.633333 0.666667 0.700000 0.733333 0.766667 0.800000 0.833333 0.866667 0.900000 0.933333 0.966667 1.000000 1.033333
1.066667 1.100000 1.133333 1.166667 1.200000 1.233333 1.266667 1.300000 1.333333 1.366667 1.400000 1.433333 1.466667 1.500000 1.533333 1.566667
1.600000 1.633333 1.666667 1.700000 1.733333 1.766667 1.800000 1.833333 1.866667 1.900000 1.933333 1.966667 2.000000 2.033333 2.066667 2.100000
2.133333 2.166667 2.200000 2.233333 2.266667 2.300000 2.333333 2.366667 2.400000 2.433333 2.466667 2.500000 2.533333 2.566667 2.600000</float_array>
        <technique_common>
          <accessor source="#mixamorig_LeftUpLeg-Matrix-animation-input-array" count="79">
            <param name="TIME" type="float"/>
          </accessor>
        </technique_common>
      </source>
      <source id="mixamorig_LeftUpLeg-Matrix-animation-output-transform">
        <float_array id="mixamorig_LeftUpLeg-Matrix-animation-output-transform-array" count="1264">

-0.663198 0.624577 0.412398 9.618300 0.024215 -0.532812 0.845887 -5.272300 0.748052 0.570977 0.338235 -1.010900 0.000000 0.000000 0.000000 1.000000
-0.665627 0.629628 0.400636 9.618300 0.014703 -0.525673 0.850560 -5.272300 0.746140 0.572046 0.340645 -1.010900 0.000000 0.000000 0.000000 1.000000
-0.678987 0.631433 0.374526 9.618300 0.001736 -0.508767 0.860903 -5.272300 0.734149 0.585192 0.344349 -1.010900 0.000000 0.000000 0.000000 1.000000
-0.701004 0.631229 0.331878 9.618300 -0.016283 -0.479409 0.877440 -5.272300 0.712971 0.609686 0.346346 -1.010900 0.000000 0.000000 0.000000 1.000000
-0.732312 0.610363 0.301954 9.618300 -0.028461 -0.470464 0.881960 -5.272300 0.680374 0.637276 0.361899 -1.010900 0.000000 0.000000 0.000000 1.000000
-0.765888 0.560184 0.315611 9.618300 -0.036465 -0.527913 0.848515 -5.272300 0.641940 0.638358 0.424749 -1.010900 0.000000 0.000000 0.000000 1.000000
-0.796910 0.497512 0.342661 9.618300 -0.053253 -0.622874 0.780507 -5.272300 0.601746 0.603746 0.522869 -1.010900 0.000000 0.000000 0.000000 1.000000
-0.846369 0.409070 0.341058 9.618300 -0.047521 -0.695817 0.716645 -5.272300 0.530472 0.590339 0.608357 -1.010900 0.000000 0.000000 0.000000 1.000000
-0.900588 0.308060 0.306661 9.618300 -0.040671 -0.762121 0.646156 -5.272300 0.432768 0.569448 0.698886 -1.010900 0.000000 0.000000 0.000000 1.000000
-0.945345 0.203892 0.254463 9.618300 -0.023768 -0.821399 0.569858 -5.272300 0.325205 0.532664 0.781352 -1.010900 0.000000 0.000000 0.000000 1.000000
-0.974229 0.122385 0.189471 9.618300 -0.000408 -0.840955 0.541104 -5.272300 0.225560 0.527082 0.819333 -1.010900 0.000000 0.000000 0.000000 1.000000
-0.990526 0.049483 0.128099 9.618300 0.027876 -0.840947 0.540400 -5.272300 0.134465 0.538851 0.831600 -1.010900 0.000000 0.000000 0.000000 1.000000
-0.994899 -0.029888 0.096351 9.618300 0.078078 -0.832933 0.547838 -5.272300 0.063881 0.552567 0.831017 -1.010900 0.000000 0.000000 0.000000 1.000000
-0.995033 -0.067371 0.073280 9.618300 0.097424 -0.810197 0.578005 -5.272300 0.020431 0.582273 0.812736 -1.010900 0.000000 0.000000 0.000000 1.000000
-0.993542 -0.075293 0.084881 9.618300 0.111504 -0.786324 0.607668 -5.272300 0.020991 0.613209 0.789642 -1.010900 0.000000 0.000000 0.000000 1.000000
-0.987884 -0.058896 0.143586 9.618300 0.134967 -0.782758 0.607515 -5.272300 0.076613 0.619534 0.781223 -1.010900 0.000000 0.000000 0.000000 1.000000
-0.977748 -0.057400 0.201779 9.618300 0.169405 -0.783366 0.598029 -5.272300 0.123740 0.618904 0.775658 -1.010900 0.000000 0.000000 0.000000 1.000000
-0.970835 -0.079804 0.226078 9.618300 0.203111 -0.774783 0.598714 -5.272300 0.127381 0.627171 0.768395 -1.010900 0.000000 0.000000 0.000000 1.000000
-0.961125 -0.123152 0.247128 9.618300 0.253640 -0.747475 0.613961 -5.272300 0.109111 0.652775 0.749653 -1.010900 0.000000 0.000000 0.000000 1.000000
-0.951573 -0.169543 0.256445 9.618300 0.296206 -0.728920 0.617201 -5.272300 0.082286 0.663273 0.743840 -1.010900 0.000000 0.000000 0.000000 1.000000
-0.945141 -0.209957 0.250255 9.618300 0.322093 -0.726676 0.606793 -5.272300 0.054454 0.654111 0.754436 -1.010900 0.000000 0.000000 0.000000 1.000000
-0.944390 -0.227958 0.236988 9.618300 0.327122 -0.724616 0.606567 -5.272300 0.033453 0.650359 0.758890 -1.010900 0.000000 0.000000 0.000000 1.000000
-0.953517 -0.170636 0.248372 9.618300 0.297857 -0.658642 0.690994 -5.272300 0.045680 0.732854 0.678851 -1.010900 0.000000 0.000000 0.000000 1.000000
-0.970340 -0.063483 0.233261 9.618300 0.216358 -0.658493 0.720816 -5.272300 0.107841 0.749905 0.652697 -1.010900 0.000000 0.000000 0.000000 1.000000
-0.978423 0.007562 0.206474 9.618300 0.145625 -0.683671 0.715113 -5.272300 0.146568 0.729751 0.667818 -1.010900 0.000000 0.000000 0.000000 1.000000
-0.981306 0.096938 0.166259 9.618300 0.056106 -0.682263 0.728951 -5.272300 0.184095 0.724652 0.664070 -1.010900 0.000000 0.000000 0.000000 1.000000
-0.989813 0.119349 0.077628 9.618300 -0.024285 -0.678778 0.733942 -5.272300 0.140287 0.724580 0.674762 -1.010900 0.000000 0.000000 0.000000 1.000000
-0.985315 0.170642 -0.006005 9.618300 -0.131399 -0.735324 0.664856 -5.272300 0.109036 0.655881 0.746948 -1.010900 0.000000 0.000000 0.000000 1.000000
-0.975670 0.219242 0.000420 9.618300 -0.174122 -0.776040 0.606171 -5.272300 0.133224 0.591350 0.795335 -1.010900 0.000000 0.000000 0.000000 1.000000
-0.962895 0.268801 0.024060 9.618300 -0.209040 -0.799254 0.563467 -5.272300 0.170691 0.537530 0.825788 -1.010900 0.000000 0.000000 0.000000 1.000000
-0.951436 0.303739 0.050120 9.618300 -0.225905 -0.799473 0.556606 -5.272300 0.209132 0.518253 0.829263 -1.010900 0.000000 0.000000 0.000000 1.000000
-0.952467 0.292583 0.084859 9.618300 -0.201941 -0.814946 0.543215 -5.272300 0.228091 0.500258 0.835294 -1.010900 0.000000 0.000000 0.000000 1.000000
-0.960469 0.251112 0.120177 9.618300 -0.143566 -0.816645 0.558999 -5.272300 0.238513 0.519647 0.820413 -1.010900 0.000000 0.000000 0.000000 1.000000
-0.970501 0.178366 0.162215 9.618300 -0.061241 -0.833126 0.549683 -5.272300 0.233190 0.523534 0.819472 -1.010900 0.000000 0.000000 0.000000 1.000000
-0.973325 0.110297 0.201179 9.618300 0.014092 -0.846467 0.532255 -5.272300 0.228998 0.520892 0.822333 -1.010900 0.000000 0.000000 0.000000 1.000000
-0.969686 0.075841 0.232288 9.618300 0.058269 -0.851425 0.521230 -5.272300 0.237307 0.518965 0.821195 -1.010900 0.000000 0.000000 0.000000 1.000000
-0.964683 0.072448 0.253254 9.618300 0.075066 -0.845957 0.527941 -5.272300 0.252491 0.528307 0.810642 -1.010900 0.000000 0.000000 0.000000 1.000000
-0.962867 0.092120 0.253774 9.618300 0.063974 -0.835362 0.545966 -5.272300 0.262288 0.541927 0.798449 -1.010900 0.000000 0.000000 0.000000 1.000000
-0.962499 0.130351 0.237916 9.618300 0.017397 -0.845534 0.533638 -5.272300 0.270726 0.517766 0.811558 -1.010900 0.000000 0.000000 0.000000 1.000000
-0.956995 0.191336 0.218061 9.618300 -0.043096 -0.837090 0.545365 -5.272300 0.286885 0.512514 0.809337 -1.010900 0.000000 0.000000 0.000000 1.000000
-0.947895 0.249181 0.198504 9.618300 -0.105711 -0.833793 0.541862 -5.272300 0.300533 0.492644 0.816690 -1.010900 0.000000 0.000000 0.000000 1.000000
-0.934347 0.307348 0.180367 9.618300 -0.169035 -0.827805 0.534945 -5.272300 0.313723 0.469336 0.825410 -1.010900 0.000000 0.000000 0.000000 1.000000
-0.917567 0.363154 0.161832 9.618300 -0.231303 -0.818662 0.525634 -5.272300 0.323372 0.444873 0.835176 -1.010900 0.000000 0.000000 0.000000 1.000000
-0.900731 0.411315 0.139655 9.618300 -0.285059 -0.802310 0.524443 -5.272300 0.327757 0.432572 0.839915 -1.010900 0.000000 0.000000 0.000000 1.000000
-0.883981 0.451785 0.120283 9.618300 -0.335023 -0.791578 0.511042 -5.272300 0.326094 0.411454 0.851098 -1.010900 0.000000 0.000000 0.000000 1.000000
-0.865032 0.492036 0.098083 9.618300 -0.385563 -0.777029 0.497562 -5.272300 0.321031 0.392590 0.861865 -1.010900 0.000000 0.000000 0.000000 1.000000
-0.841859 0.533369 0.082414 9.618300 -0.419287 -0.742510 0.522377 -5.272300 0.339813 0.405213 0.848723 -1.010900 0.000000 0.000000 0.000000 1.000000
-0.820644 0.566231 0.076977 9.618300 -0.441436 -0.713709 0.543832 -5.272300 0.362874 0.412312 0.835656 -1.010900 0.000000 0.000000 0.000000 1.000000
-0.797369 0.598974 0.073715 9.618300 -0.470838 -0.693849 0.544872 -5.272300 0.377511 0.399756 0.835273 -1.010900 0.000000 0.000000 0.000000 1.000000
-0.779702 0.621922 0.072646 9.618300 -0.513741 -0.701733 0.493600 -5.272300 0.357959 0.347540 0.866650 -1.010900 0.000000 0.000000 0.000000 1.000000
-0.762812 0.635021 0.121929 9.618300 -0.547980 -0.734953 0.399451 -5.272300 0.343272 0.237891 0.908610 -1.010900 0.000000 0.000000 0.000000 1.000000
-0.745641 0.627742 0.223515 9.618300 -0.568508 -0.774275 0.278022 -5.272300 0.347588 0.080235 0.934208 -1.010900 0.000000 0.000000 0.000000 1.000000
-0.751768 0.629546 0.196257 9.618300 -0.564966 -0.768383 0.300668 -5.272300 0.340084 0.115154 0.933318 -1.010900 0.000000 0.000000 0.000000 1.000000
-0.743495 0.635145 0.209299 9.618300 -0.568423 -0.765088 0.302548 -5.272300 0.352294 0.105973 0.929870 -1.010900 0.000000 0.000000 0.000000 1.000000
-0.737419 0.638872 0.219219 9.618300 -0.552365 -0.757197 0.348634 -5.272300 0.388724 0.136001 0.911261 -1.010900 0.000000 0.000000 0.000000 1.000000
-0.740257 0.628105 0.239801 9.618300 -0.529632 -0.764497 0.367471 -5.272300 0.414137 0.145017 0.898588 -1.010900 0.000000 0.000000 0.000000 1.000000
-0.753335 0.612920 0.238360 9.618300 -0.516794 -0.775895 0.361818 -5.272300 0.406707 0.149387 0.901262 -1.010900 0.000000 0.000000 0.000000 1.000000
-0.773265 0.596505 0.215042 9.618300 -0.506340 -0.785030 0.356859 -5.272300 0.381683 0.167061 0.909070 -1.010900 0.000000 0.000000 0.000000 1.000000
-0.784980 0.590604 0.187065 9.618300 -0.508730 -0.786832 0.349411 -5.272300 0.353552 0.179115 0.918106 -1.010900 0.000000 0.000000 0.000000 1.000000
-0.790565 0.587248 0.173626 9.618300 -0.509153 -0.787865 0.346456 -5.272300 0.340249 0.185494 0.921858 -1.010900 0.000000 0.000000 0.000000 1.000000
-0.791807 0.585499 0.173877 9.618300 -0.505390 -0.787935 0.351766 -5.272300 0.342962 0.190654 0.919798 -1.010900 0.000000 0.000000 0.000000 1.000000
-0.791648 0.584402 0.178233 9.618300 -0.501736 -0.788292 0.356171 -5.272300 0.348647 0.192536 0.917265 -1.010900 0.000000 0.000000 0.000000 1.000000
-0.791849 0.583352 0.180761 9.618300 -0.497784 -0.787979 0.362353 -5.272300 0.353816 0.196949 0.914344 -1.010900 0.000000 0.000000 0.000000 1.000000
-0.792278 0.582167 0.182695 9.618300 -0.493530 -0.787498 0.369154 -5.272300 0.358781 0.202307 0.911234 -1.010900 0.000000 0.000000 0.000000 1.000000
-0.792395 0.581532 0.184204 9.618300 -0.489573 -0.786406 0.376675 -5.272300 0.363908 0.208294 0.907846 -1.010900 0.000000 0.000000 0.000000 1.000000
-0.791624 0.581359 0.188027 9.618300 -0.486574 -0.785943 0.381496 -5.272300 0.369565 0.210513 0.905045 -1.010900 0.000000 0.000000 0.000000 1.000000
-0.790605 0.581563 0.191647 9.618300 -0.485090 -0.785854 0.383565 -5.272300 0.373674 0.210282 0.903410 -1.010900 0.000000 0.000000 0.000000 1.000000
-0.788861 0.582193 0.196847 9.618300 -0.485320 -0.786641 0.381655 -5.272300 0.377045 0.205539 0.903101 -1.010900 0.000000 0.000000 0.000000 1.000000
-0.787260 0.582840 0.201294 9.618300 -0.485972 -0.787400 0.379254 -5.272300 0.379543 0.200748 0.903132 -1.010900 0.000000 0.000000 0.000000 1.000000
-0.785794 0.583575 0.204861 9.618300 -0.486866 -0.787923 0.377013 -5.272300 0.381430 0.196515 0.903268 -1.010900 0.000000 0.000000 0.000000 1.000000
-0.784228 0.585062 0.206615 9.618300 -0.488292 -0.787396 0.376269 -5.272300 0.382828 0.194193 0.903179 -1.010900 0.000000 0.000000 0.000000 1.000000
-0.782427 0.586836 0.208403 9.618300 -0.490292 -0.786827 0.374857 -5.272300 0.383957 0.191120 0.903355 -1.010900 0.000000 0.000000 0.000000 1.000000
-0.780414 0.588859 0.210236 9.618300 -0.492739 -0.786189 0.372982 -5.272300 0.384919 0.187489 0.903706 -1.010900 0.000000 0.000000 0.000000 1.000000
-0.778586 0.590022 0.213725 9.618300 -0.494869 -0.786705 0.369052 -5.272300 0.385887 0.181573 0.904501 -1.010900 0.000000 0.000000 0.000000 1.000000
-0.777384 0.590560 0.216594 9.618300 -0.496038 -0.787283 0.366240 -5.272300 0.386807 0.177270 0.904962 -1.010900 0.000000 0.000000 0.000000 1.000000
-0.776587 0.590304 0.220123 9.618300 -0.496468 -0.788506 0.363012 -5.272300 0.387856 0.172627 0.905410 -1.010900 0.000000 0.000000 0.000000 1.000000
-0.776390 0.589202 0.223739 9.618300 -0.495975 -0.790224 0.359937 -5.272300 0.388880 0.168483 0.905752 -1.010900 0.000000 0.000000 0.000000 1.000000
-0.776533 0.587292 0.228220 9.618300 -0.495006 -0.792739 0.355715 -5.272300 0.389827 0.163254 0.906302 -1.010900 0.000000 0.000000 0.000000 1.000000
-0.776768 0.585702 0.231485 9.618300 -0.494147 -0.794685 0.352554 -5.272300 0.390449 0.159465 0.906709 -1.010900 0.000000 0.000000 0.000000 1.000000</float_array>
        <technique_common>
          <accessor source="#mixamorig_LeftUpLeg-Matrix-animation-output-transform-array" count="79" stride="16">
            <param type="float4x4"/>
          </accessor>
        </technique_common>
      </source>
      <source id="mixamorig_LeftUpLeg-Interpolations">
        <Name_array id="mixamorig_LeftUpLeg-Interpolations-array" count="79">
 LINEAR LINEAR LINEAR LINEAR LINEAR LINEAR LINEAR LINEAR LINEAR LINEAR LINEAR
LINEAR LINEAR LINEAR LINEAR LINEAR LINEAR LINEAR LINEAR LINEAR LINEAR LINEAR LINEAR
LINEAR LINEAR LINEAR LINEAR LINEAR LINEAR LINEAR LINEAR LINEAR LINEAR LINEAR LINEAR
LINEAR LINEAR LINEAR LINEAR LINEAR LINEAR LINEAR LINEAR LINEAR LINEAR LINEAR LINEAR
LINEAR LINEAR LINEAR LINEAR LINEAR LINEAR LINEAR LINEAR LINEAR LINEAR LINEAR LINEAR
LINEAR LINEAR LINEAR LINEAR LINEAR LINEAR LINEAR LINEAR LINEAR LINEAR LINEAR LINEAR
LINEAR LINEAR LINEAR LINEAR LINEAR LINEAR LINEAR LINEAR</Name_array>
        <technique_common>
          <accessor source="#mixamorig_LeftUpLeg-Interpolations-array" count="79">
            <param type="name"/>
          </accessor>
        </technique_common>
      </source>
      <sampler id="mixamorig_LeftUpLeg-Matrix-animation-transform">
        <input semantic="INPUT" source="#mixamorig_LeftUpLeg-Matrix-animation-input"/>
        <input semantic="OUTPUT" source="#mixamorig_LeftUpLeg-Matrix-animation-output-transform"/>
        <input semantic="INTERPOLATION" source="#mixamorig_LeftUpLeg-Interpolations"/>
      </sampler>
      <channel source="#mixamorig_LeftUpLeg-Matrix-animation-transform" target="mixamorig_LeftUpLeg/matrix"/>
    </animation>
    <animation id="mixamorig_LeftLeg-anim" name="mixamorig_LeftLeg">
      <source id="mixamorig_LeftLeg-Matrix-animation-input">
        <float_array id="mixamorig_LeftLeg-Matrix-animation-input-array" count="79">

0.000000 0.033333 0.066667 0.100000 0.133333 0.166667 0.200000 0.233333 0.266667 0.300000 0.333333 0.366667 0.400000 0.433333 0.466667 0.500000
0.533333 0.566667 0.600000 0.633333 0.666667 0.700000 0.733333 0.766667 0.800000 0.833333 0.866667 0.900000 0.933333 0.966667 1.000000 1.033333
1.066667 1.100000 1.133333 1.166667 1.200000 1.233333 1.266667 1.300000 1.333333 1.366667 1.400000 1.433333 1.466667 1.500000 1.533333 1.566667
1.600000 1.633333 1.666667 1.700000 1.733333 1.766667 1.800000 1.833333 1.866667 1.900000 1.933333 1.966667 2.000000 2.033333 2.066667 2.100000
2.133333 2.166667 2.200000 2.233333 2.266667 2.300000 2.333333 2.366667 2.400000 2.433333 2.466667 2.500000 2.533333 2.566667 2.600000</float_array>
        <technique_common>
          <accessor source="#mixamorig_LeftLeg-Matrix-animation-input-array" count="79">
            <param name="TIME" type="float"/>
          </accessor>
        </technique_common>
      </source>
      <source id="mixamorig_LeftLeg-Matrix-animation-output-transform">
        <float_array id="mixamorig_LeftLeg-Matrix-animation-output-transform-array" count="1264">

0.966441 -0.093315 0.239342 0.000000 -0.123351 0.648687 0.750993 43.365002 -0.225337 -0.755313 0.615407 0.000000 0.000000 0.000000 0.000000 1.000000
0.970220 -0.094009 0.223238 -0.000000 -0.112865 0.640000 0.760040 43.365002 -0.214323 -0.762602 0.610331 0.000000 0.000000 0.000000 0.000000 1.000000
0.976110 -0.095746 0.195045 0.000000 -0.095107 0.618832 0.779745 43.365002 -0.195357 -0.779667 0.594942 0.000000 0.000000 0.000000 0.000000 1.000000
0.984023 -0.099286 0.147787 0.000000 -0.064802 0.573406 0.816704 43.365002 -0.165829 -0.813233 0.557811 0.000000 0.000000 0.000000 0.000000 1.000000
0.988301 -0.103561 0.111967 0.000000 -0.043115 0.514477 0.856420 43.365002 -0.146296 -0.851228 0.503993 -0.000000 0.000000 0.000000 0.000000 1.000000
0.984972 -0.106914 0.135643 0.000000 -0.070031 0.470680 0.879520 43.365002 -0.157878 -0.875802 0.456120 0.000000 0.000000 0.000000 0.000000 1.000000
0.959015 -0.109937 0.261161 0.000000 -0.187470 0.444948 0.875715 43.365002 -0.212476 -0.888783 0.406102 0.000000 0.000000 0.000000 0.000000 1.000000
0.931696 -0.111714 0.345632 -0.000000 -0.268254 0.429951 0.862080 43.365002 -0.244911 -0.895914 0.370616 -0.000000 0.000000 0.000000 0.000000 1.000000
0.929609 -0.111896 0.351151 0.000000 -0.274403 0.425911 0.862150 43.365002 -0.246030 -0.897819 0.365226 -0.000000 0.000000 0.000000 0.000000 1.000000
0.932314 -0.108810 0.344893 0.000000 -0.263955 0.447189 0.854605 43.365002 -0.247222 -0.887796 0.388200 0.000000 0.000000 0.000000 0.000000 1.000000
0.927246 -0.105704 0.359223 0.000000 -0.270221 0.475220 0.837345 43.365002 -0.259221 -0.873494 0.412083 0.000000 0.000000 0.000000 0.000000 1.000000
0.939927 -0.104321 0.325046 -0.000000 -0.238746 0.479695 0.844330 43.365002 -0.244004 -0.871211 0.425972 0.000000 0.000000 0.000000 0.000000 1.000000
0.960739 -0.102051 0.258005 0.000000 -0.176934 0.490940 0.853037 43.365002 -0.213718 -0.865196 0.453608 0.000000 0.000000 0.000000 0.000000 1.000000
0.978626 -0.101622 0.178783 0.000000 -0.112964 0.460817 0.880277 43.365002 -0.171842 -0.881658 0.439488 0.000000 0.000000 0.000000 0.000000 1.000000
0.990982 -0.098666 0.090659 -0.000000 -0.038010 0.441808 0.896304 43.365002 -0.128489 -0.891667 0.434074 0.000000 0.000000 0.000000 0.000000 1.000000
0.995295 -0.087949 -0.040664 0.000000 0.079684 0.504173 0.859919 43.365002 -0.055127 -0.859113 0.508809 0.000000 0.000000 0.000000 0.000000 1.000000
0.983368 -0.073886 -0.165915 0.000000 0.178137 0.570486 0.801756 43.365002 0.035414 -0.817977 0.574160 0.000000 0.000000 0.000000 0.000000 1.000000
0.957329 -0.057344 -0.283253 -0.000000 0.256617 0.619463 0.741899 43.365002 0.132921 -0.782929 0.607745 -0.000000 0.000000 0.000000 0.000000 1.000000
0.908589 -0.035762 -0.416157 0.000000 0.330241 0.671543 0.663303 43.365002 0.255746 -0.740102 0.621967 0.000000 0.000000 0.000000 0.000000 1.000000
0.848389 -0.007767 -0.529316 -0.000000 0.348120 0.761465 0.546794 43.365002 0.398808 -0.648159 0.648723 0.000000 0.000000 0.000000 0.000000 1.000000
0.799811 0.024675 -0.599745 -0.000000 0.277946 0.870360 0.406472 43.365002 0.532023 -0.491798 0.689265 -0.000000 0.000000 0.000000 0.000000 1.000000
0.778547 0.065730 -0.624135 -0.000000 0.162902 0.939248 0.302119 43.365002 0.606076 -0.336886 0.720541 0.000000 0.000000 0.000000 0.000000 1.000000
0.806756 0.125743 -0.577351 -0.000000 0.155168 0.897719 0.412340 43.365002 0.570147 -0.422244 0.704728 0.000000 0.000000 0.000000 0.000000 1.000000
0.873757 0.217447 -0.435047 0.000000 0.021052 0.876743 0.480498 43.365002 0.485907 -0.428997 0.761483 0.000000 0.000000 0.000000 0.000000 1.000000
0.908988 0.242920 -0.338719 -0.000000 -0.082425 0.901332 0.425214 43.365002 0.408591 -0.358595 0.839323 0.000000 0.000000 0.000000 0.000000 1.000000
0.948261 0.222964 -0.226029 -0.000000 -0.102245 0.888445 0.447449 43.365002 0.300579 -0.401188 0.865275 0.000000 0.000000 0.000000 0.000000 1.000000
0.977064 0.114944 -0.179261 0.000000 -0.023406 0.894675 0.446104 43.365002 0.211657 -0.431676 0.876845 0.000000 0.000000 0.000000 0.000000 1.000000
0.987880 0.080004 -0.133015 -0.000000 -0.018909 0.912582 0.408457 43.365002 0.154065 -0.400991 0.903034 0.000000 0.000000 0.000000 0.000000 1.000000
0.995516 0.088846 -0.032466 0.000000 -0.071059 0.928964 0.363285 43.365002 0.062436 -0.359349 0.931112 0.000000 0.000000 0.000000 0.000000 1.000000
0.972561 0.150222 -0.177647 -0.000000 -0.079091 0.931598 0.354781 43.365002 0.218791 -0.330996 0.917917 0.000000 0.000000 0.000000 0.000000 1.000000
0.892965 0.215422 -0.395229 -0.000000 -0.031170 0.905528 0.423139 43.365002 0.449045 -0.365529 0.815320 0.000000 0.000000 0.000000 0.000000 1.000000
0.872959 0.254857 -0.415921 -0.000000 -0.051203 0.895824 0.441450 43.365002 0.485099 -0.364071 0.795067 0.000000 0.000000 0.000000 0.000000 1.000000
0.921878 0.276770 -0.271182 0.000000 -0.131157 0.881434 0.453731 43.365002 0.364608 -0.382717 0.848875 -0.000000 0.000000 0.000000 0.000000 1.000000
0.952103 0.263861 -0.154521 0.000000 -0.188847 0.904859 0.381531 43.365002 0.240491 -0.334076 0.911349 0.000000 0.000000 0.000000 0.000000 1.000000
0.979375 0.200992 0.020667 0.000000 -0.198224 0.935968 0.290982 43.365002 0.039141 -0.289077 0.956505 0.000000 0.000000 0.000000 0.000000 1.000000
0.960325 0.136790 0.243032 0.000000 -0.197234 0.949226 0.245089 43.365002 -0.197166 -0.283299 0.938545 0.000000 0.000000 0.000000 0.000000 1.000000
0.939454 0.091186 0.330319 -0.000000 -0.188111 0.942950 0.274698 43.365002 -0.286425 -0.320203 0.903012 0.000000 0.000000 0.000000 0.000000 1.000000
0.935600 0.067983 0.346456 0.000000 -0.185674 0.929373 0.319046 43.365002 -0.300297 -0.362827 0.882144 0.000000 0.000000 0.000000 0.000000 1.000000
0.974289 0.049747 0.219741 0.000000 -0.116819 0.945515 0.303900 43.365002 -0.192650 -0.321757 0.927016 0.000000 0.000000 0.000000 0.000000 1.000000
0.994917 0.036175 0.093978 -0.000000 -0.066638 0.936198 0.345097 43.365002 -0.075498 -0.349606 0.933850 -0.000000 0.000000 0.000000 0.000000 1.000000
0.999181 0.024300 -0.032341 0.000000 -0.011499 0.937108 0.348850 43.365002 0.038784 -0.348192 0.936620 0.000000 0.000000 0.000000 0.000000 1.000000
0.987207 0.012772 -0.158932 -0.000000 0.043534 0.937322 0.345735 43.365002 0.153386 -0.348231 0.924774 0.000000 0.000000 0.000000 0.000000 1.000000
0.965717 -0.000390 -0.259595 0.000000 0.085137 0.945167 0.315296 43.365002 0.245238 -0.326588 0.912797 0.000000 0.000000 0.000000 0.000000 1.000000
0.947164 -0.014349 -0.320430 -0.000000 0.111415 0.951513 0.286722 43.365002 0.300779 -0.307274 0.902837 0.000000 0.000000 0.000000 0.000000 1.000000
0.945388 -0.028460 -0.324703 0.000000 0.107136 0.967963 0.227091 43.365002 0.307838 -0.249476 0.918149 0.000000 0.000000 0.000000 0.000000 1.000000
0.956142 -0.042462 -0.289810 0.000000 0.095945 0.980252 0.172919 43.365002 0.276744 -0.193141 0.941334 0.000000 0.000000 0.000000 0.000000 1.000000
0.961001 -0.056281 -0.270758 0.000000 0.108768 0.977087 0.182949 43.365002 0.254258 -0.205264 0.945103 0.000000 0.000000 0.000000 0.000000 1.000000
0.966220 -0.070063 -0.248013 0.000000 0.121468 0.972550 0.198476 43.365002 0.227299 -0.221897 0.948207 0.000000 0.000000 0.000000 0.000000 1.000000
0.964685 -0.082163 -0.250265 0.000000 0.141708 0.962782 0.230152 43.365002 0.222040 -0.257489 0.940424 0.000000 0.000000 0.000000 0.000000 1.000000
0.957136 -0.091169 -0.274917 -0.000000 0.164782 0.951991 0.257994 43.365002 0.238197 -0.292237 0.926207 0.000000 0.000000 0.000000 0.000000 1.000000
0.936552 -0.093538 -0.337817 0.000000 0.170239 0.963823 0.205094 43.365002 0.306412 -0.249591 0.918595 0.000000 0.000000 0.000000 0.000000 1.000000
0.871144 -0.088908 -0.482912 0.000000 0.123671 0.991494 0.040553 43.365002 0.475199 -0.095050 0.874729 0.000000 0.000000 0.000000 0.000000 1.000000
0.837509 -0.081535 -0.540307 0.000000 0.127371 0.990696 0.047933 43.365002 0.531371 -0.108964 0.840102 0.000000 0.000000 0.000000 0.000000 1.000000
0.777527 -0.077694 -0.624032 0.000000 0.136420 0.989546 0.046774 43.365002 0.613874 -0.121498 0.779998 0.000000 0.000000 0.000000 0.000000 1.000000
0.870946 -0.074318 -0.485726 0.000000 0.174384 0.970902 0.164134 43.365002 0.459394 -0.227655 0.858563 0.000000 0.000000 0.000000 0.000000 1.000000
0.915760 -0.068070 -0.395917 -0.000000 0.155184 0.968980 0.192345 43.365002 0.370543 -0.237581 0.897916 0.000000 0.000000 0.000000 0.000000 1.000000
0.920918 -0.060110 -0.385092 0.000000 0.145804 0.969428 0.197359 43.365002 0.361456 -0.237900 0.901528 0.000000 0.000000 0.000000 0.000000 1.000000
0.931918 -0.053023 -0.358771 0.000000 0.135759 0.968332 0.209527 43.365002 0.336300 -0.243969 0.909605 0.000000 0.000000 0.000000 0.000000 1.000000
0.930383 -0.047224 -0.363535 -0.000000 0.132917 0.967645 0.214469 43.365002 0.341644 -0.247858 0.906557 0.000000 0.000000 0.000000 0.000000 1.000000
0.927464 -0.043110 -0.371420 -0.000000 0.130452 0.968223 0.213368 43.365002 0.350419 -0.246344 0.903616 -0.000000 0.000000 0.000000 0.000000 1.000000
0.918270 -0.040293 -0.393899 0.000000 0.132088 0.968996 0.208807 43.365002 0.373273 -0.243771 0.895122 0.000000 0.000000 0.000000 0.000000 1.000000
0.915109 -0.038456 -0.401369 -0.000000 0.130411 0.970166 0.204379 43.365002 0.381535 -0.239372 0.892823 -0.000000 0.000000 0.000000 0.000000 1.000000
0.923528 -0.037987 -0.381645 0.000000 0.124955 0.970590 0.205768 43.365002 0.362604 -0.237721 0.901114 0.000000 0.000000 0.000000 0.000000 1.000000
0.933533 -0.038648 -0.356402 0.000000 0.119258 0.971028 0.207079 43.365002 0.338073 -0.235819 0.911096 0.000000 0.000000 0.000000 0.000000 1.000000
0.936010 -0.040635 -0.349621 0.000000 0.119699 0.970858 0.207621 43.365002 0.330995 -0.236185 0.913597 0.000000 0.000000 0.000000 0.000000 1.000000
0.931435 -0.043955 -0.361243 0.000000 0.124357 0.971365 0.202449 43.365002 0.342000 -0.233491 0.910229 0.000000 0.000000 0.000000 0.000000 1.000000
0.923745 -0.048083 -0.379979 0.000000 0.130878 0.971997 0.195173 43.365002 0.359954 -0.230021 0.904170 0.000000 0.000000 0.000000 0.000000 1.000000
0.917467 -0.052505 -0.394333 0.000000 0.135747 0.973076 0.186270 43.365002 0.373935 -0.224426 0.899892 0.000000 0.000000 0.000000 0.000000 1.000000
0.911748 -0.056515 -0.406844 0.000000 0.139955 0.973963 0.178349 43.365002 0.386172 -0.219550 0.895918 0.000000 0.000000 0.000000 0.000000 1.000000
0.905858 -0.059414 -0.419393 -0.000000 0.143563 0.974576 0.172021 43.365002 0.398510 -0.216036 0.891357 0.000000 0.000000 0.000000 0.000000 1.000000
0.900196 -0.060697 -0.431235 0.000000 0.147371 0.974274 0.170504 43.365002 0.409792 -0.217039 0.885982 0.000000 0.000000 0.000000 0.000000 1.000000
0.894381 -0.060933 -0.443136 0.000000 0.150599 0.973861 0.170045 43.365002 0.421191 -0.218821 0.880179 0.000000 0.000000 0.000000 0.000000 1.000000
0.888800 -0.060435 -0.454294 -0.000000 0.153281 0.973381 0.170397 43.365002 0.431903 -0.221083 0.874404 0.000000 0.000000 0.000000 0.000000 1.000000
0.883633 -0.059382 -0.464399 0.000000 0.153117 0.974030 0.166796 43.365002 0.442434 -0.218493 0.869777 -0.000000 0.000000 0.000000 0.000000 1.000000
0.879671 -0.057981 -0.472034 0.000000 0.151650 0.974925 0.162860 43.365002 0.450755 -0.214848 0.866406 0.000000 0.000000 0.000000 0.000000 1.000000
0.876181 -0.056387 -0.478673 -0.000000 0.148293 0.976496 0.156411 43.365002 0.458602 -0.208028 0.863949 0.000000 0.000000 0.000000 0.000000 1.000000
0.873207 -0.054781 -0.484260 0.000000 0.143472 0.978524 0.148011 43.365002 0.465752 -0.198722 0.862313 0.000000 0.000000 0.000000 0.000000 1.000000
0.869810 -0.053312 -0.490498 0.000000 0.137056 0.981126 0.136407 43.365002 0.473968 -0.185874 0.860700 0.000000 0.000000 0.000000 0.000000 1.000000
0.865680 -0.052153 -0.497874 0.000000 0.132043 0.983125 0.126607 43.365002 0.482869 -0.175342 0.857958 0.000000 0.000000 0.000000 0.000000 1.000000</float_array>
        <technique_common>
          <accessor source="#mixamorig_LeftLeg-Matrix-animation-output-transform-array" count="79" stride="16">
            <param type="float4x4"/>
          </accessor>
        </technique_common>
      </source>
      <source id="mixamorig_LeftLeg-Interpolations">
        <Name_array id="mixamorig_LeftLeg-Interpolations-array" count="79">
 LINEAR LINEAR LINEAR LINEAR LINEAR LINEAR LINEAR LINEAR LINEAR LINEAR LINEAR
LINEAR LINEAR LINEAR LINEAR LINEAR LINEAR LINEAR LINEAR LINEAR LINEAR LINEAR LINEAR
LINEAR LINEAR LINEAR LINEAR LINEAR LINEAR LINEAR LINEAR LINEAR LINEAR LINEAR LINEAR
LINEAR LINEAR LINEAR LINEAR LINEAR LINEAR LINEAR LINEAR LINEAR LINEAR LINEAR LINEAR
LINEAR LINEAR LINEAR LINEAR LINEAR LINEAR LINEAR LINEAR LINEAR LINEAR LINEAR LINEAR
LINEAR LINEAR LINEAR LINEAR LINEAR LINEAR LINEAR LINEAR LINEAR LINEAR LINEAR LINEAR
LINEAR LINEAR LINEAR LINEAR LINEAR LINEAR LINEAR LINEAR</Name_array>
        <technique_common>
          <accessor source="#mixamorig_LeftLeg-Interpolations-array" count="79">
            <param type="name"/>
          </accessor>
        </technique_common>
      </source>
      <sampler id="mixamorig_LeftLeg-Matrix-animation-transform">
        <input semantic="INPUT" source="#mixamorig_LeftLeg-Matrix-animation-input"/>
        <input semantic="OUTPUT" source="#mixamorig_LeftLeg-Matrix-animation-output-transform"/>
        <input semantic="INTERPOLATION" source="#mixamorig_LeftLeg-Interpolations"/>
      </sampler>
      <channel source="#mixamorig_LeftLeg-Matrix-animation-transform" target="mixamorig_LeftLeg/matrix"/>
    </animation>
    <animation id="mixamorig_LeftFoot-anim" name="mixamorig_LeftFoot">
      <source id="mixamorig_LeftFoot-Matrix-animation-input">
        <float_array id="mixamorig_LeftFoot-Matrix-animation-input-array" count="79">

0.000000 0.033333 0.066667 0.100000 0.133333 0.166667 0.200000 0.233333 0.266667 0.300000 0.333333 0.366667 0.400000 0.433333 0.466667 0.500000
0.533333 0.566667 0.600000 0.633333 0.666667 0.700000 0.733333 0.766667 0.800000 0.833333 0.866667 0.900000 0.933333 0.966667 1.000000 1.033333
1.066667 1.100000 1.133333 1.166667 1.200000 1.233333 1.266667 1.300000 1.333333 1.366667 1.400000 1.433333 1.466667 1.500000 1.533333 1.566667
1.600000 1.633333 1.666667 1.700000 1.733333 1.766667 1.800000 1.833333 1.866667 1.900000 1.933333 1.966667 2.000000 2.033333 2.066667 2.100000
2.133333 2.166667 2.200000 2.233333 2.266667 2.300000 2.333333 2.366667 2.400000 2.433333 2.466667 2.500000 2.533333 2.566667 2.600000</float_array>
        <technique_common>
          <accessor source="#mixamorig_LeftFoot-Matrix-animation-input-array" count="79">
            <param name="TIME" type="float"/>
          </accessor>
        </technique_common>
      </source>
      <source id="mixamorig_LeftFoot-Matrix-animation-output-transform">
        <float_array id="mixamorig_LeftFoot-Matrix-animation-output-transform-array" count="1264">

0.986988 -0.010433 -0.160458 0.000000 -0.113396 0.662342 -0.740571 44.493000 0.114005 0.749129 0.652540 0.000000 0.000000 0.000000 0.000000 1.000000
0.986646 -0.008739 -0.162645 0.000000 -0.116275 0.661482 -0.740893 44.493000 0.114061 0.749910 0.651632 0.000000 0.000000 0.000000 0.000000 1.000000
0.985851 -0.004960 -0.167550 0.000000 -0.122724 0.659494 -0.741624 44.493000 0.114176 0.751693 0.649555 0.000000 0.000000 0.000000 0.000000 1.000000
0.984449 0.000538 -0.175669 0.000000 -0.133516 0.652167 -0.746225 44.493000 0.114164 0.758076 0.642097 0.000000 0.000000 0.000000 0.000000 1.000000
0.983159 0.003181 -0.182723 0.000000 -0.143198 0.634620 -0.759442 44.493000 0.113544 0.772818 0.624388 0.000000 0.000000 0.000000 0.000000 1.000000
0.985660 -0.012182 -0.168305 0.000000 -0.125669 0.612632 -0.780313 44.493000 0.112615 0.790274 0.602316 0.000000 0.000000 0.000000 0.000000 1.000000
0.992602 -0.063626 -0.103411 -0.000000 -0.044114 0.604508 -0.795376 44.493000 0.113119 0.794054 0.597229 0.000000 0.000000 0.000000 0.000000 1.000000
0.993447 -0.098953 -0.057199 0.000000 0.014175 0.603254 -0.797423 44.493000 0.113413 0.791387 0.600703 0.000000 0.000000 0.000000 0.000000 1.000000
0.993286 -0.103488 -0.051711 0.000000 0.019955 0.593552 -0.804548 44.493000 0.113954 0.798114 0.591632 -0.000000 0.000000 0.000000 0.000000 1.000000
0.993419 -0.099397 -0.056909 0.000000 0.013866 0.597589 -0.801683 44.493000 0.113693 0.795618 0.595034 0.000000 0.000000 0.000000 0.000000 1.000000
0.992384 -0.111552 -0.052252 0.000000 0.026669 0.608680 -0.792967 44.493000 0.120261 0.785535 0.607019 0.000000 0.000000 0.000000 0.000000 1.000000
0.990406 -0.126472 -0.055694 0.000000 0.023980 0.554193 -0.832043 44.493000 0.136095 0.822724 0.551909 0.000000 0.000000 0.000000 0.000000 1.000000
0.990211 -0.098503 -0.098892 0.000000 -0.034210 0.515617 -0.856136 44.493000 0.135322 0.851138 0.507200 0.000000 0.000000 0.000000 0.000000 1.000000
0.989733 -0.095111 -0.106691 0.000000 -0.048973 0.475609 -0.878292 44.493000 0.134279 0.874500 0.466068 0.000000 0.000000 0.000000 0.000000 1.000000
0.989876 -0.109609 -0.090176 0.000000 -0.023647 0.499094 -0.866225 44.493000 0.139952 0.859588 0.491449 0.000000 0.000000 0.000000 0.000000 1.000000
0.985500 -0.169109 -0.013849 0.000000 0.092118 0.601796 -0.793320 44.493000 0.142492 0.780541 0.608648 -0.000000 0.000000 0.000000 0.000000 1.000000
0.970078 -0.230385 0.076629 0.000000 0.208306 0.627600 -0.750151 44.493000 0.124731 0.743667 0.656811 0.000000 0.000000 0.000000 0.000000 1.000000
0.948909 -0.276544 0.151968 -0.000000 0.290850 0.579742 -0.761121 44.493000 0.122382 0.766435 0.630555 -0.000000 0.000000 0.000000 0.000000 1.000000
0.901161 -0.345802 0.261399 0.000000 0.409033 0.478664 -0.776899 44.493000 0.143531 0.807032 0.572798 -0.000000 0.000000 0.000000 0.000000 1.000000
0.837482 -0.404882 0.367007 -0.000000 0.517500 0.371865 -0.770656 44.493000 0.175548 0.835336 0.520957 0.000000 0.000000 0.000000 0.000000 1.000000
0.777784 -0.444951 0.443926 0.000000 0.600329 0.316710 -0.734371 44.493000 0.186163 0.837684 0.513449 0.000000 0.000000 0.000000 0.000000 1.000000
0.775489 -0.445661 0.447218 0.000000 0.613654 0.365461 -0.699905 44.493000 0.148480 0.817206 0.556892 0.000000 0.000000 0.000000 0.000000 1.000000
0.957343 -0.235054 0.168062 0.000000 0.279213 0.602743 -0.747490 44.493000 0.074402 0.762529 0.642662 0.000000 0.000000 0.000000 0.000000 1.000000
0.925344 0.137909 -0.353157 0.000000 -0.348172 0.677778 -0.647606 44.493000 0.150051 0.722217 0.675194 0.000000 0.000000 0.000000 0.000000 1.000000
0.834745 0.209292 -0.509310 -0.000000 -0.497608 0.682762 -0.534997 44.493000 0.235767 0.700023 0.674078 0.000000 0.000000 0.000000 0.000000 1.000000
0.832841 0.128487 -0.538392 0.000000 -0.476009 0.662646 -0.578200 44.493000 0.282473 0.737828 0.613040 0.000000 0.000000 0.000000 0.000000 1.000000
0.870995 -0.062794 -0.487262 0.000000 -0.318283 0.683398 -0.657011 44.493000 0.374251 0.727340 0.575250 -0.000000 0.000000 0.000000 0.000000 1.000000
0.907259 -0.186108 -0.377154 0.000000 -0.128569 0.731103 -0.670043 44.493000 0.400439 0.656393 0.639372 -0.000000 0.000000 0.000000 0.000000 1.000000
0.930789 -0.237653 -0.277763 0.000000 0.060166 0.849070 -0.524842 44.493000 0.360571 0.471806 0.804604 0.000000 0.000000 0.000000 0.000000 1.000000
0.913795 -0.241511 -0.326575 0.000000 0.120779 0.929221 -0.349228 44.493000 0.387803 0.279679 0.878287 0.000000 0.000000 0.000000 0.000000 1.000000
0.906066 -0.226630 -0.357327 -0.000000 0.139322 0.957171 -0.253797 44.493000 0.399542 0.180173 0.898835 0.000000 0.000000 0.000000 0.000000 1.000000
0.880274 -0.202814 -0.428933 -0.000000 0.098425 0.962427 -0.253075 44.493000 0.464144 0.180557 0.867162 -0.000000 0.000000 0.000000 0.000000 1.000000
0.869803 -0.170810 -0.462890 0.000000 0.019500 0.949332 -0.313669 44.493000 0.493014 0.263804 0.829063 0.000000 0.000000 0.000000 0.000000 1.000000
0.895456 -0.147370 -0.420048 0.000000 -0.040421 0.912794 -0.406416 44.493000 0.443311 0.380906 0.811410 -0.000000 0.000000 0.000000 0.000000 1.000000
0.867683 -0.123999 -0.481405 0.000000 -0.164660 0.842038 -0.513672 44.493000 0.469056 0.524973 0.710204 -0.000000 0.000000 0.000000 0.000000 1.000000
0.819902 -0.105967 -0.562611 -0.000000 -0.296849 0.761607 -0.576051 44.493000 0.489531 0.639316 0.592987 -0.000000 0.000000 0.000000 0.000000 1.000000
0.842249 -0.088229 -0.531820 0.000000 -0.330898 0.694200 -0.639213 44.493000 0.425586 0.714355 0.555494 0.000000 0.000000 0.000000 0.000000 1.000000
0.860652 -0.091774 -0.500855 -0.000000 -0.328499 0.651483 -0.683856 44.493000 0.389059 0.753092 0.530552 0.000000 0.000000 0.000000 0.000000 1.000000
0.864156 -0.082872 -0.496353 0.000000 -0.307777 0.693318 -0.651601 44.493000 0.398129 0.715851 0.573629 0.000000 0.000000 0.000000 0.000000 1.000000
0.874188 -0.075275 -0.479718 -0.000000 -0.279942 0.729095 -0.624543 44.493000 0.396772 0.680261 0.616293 0.000000 0.000000 0.000000 0.000000 1.000000
0.898737 -0.076700 -0.431728 -0.000000 -0.203972 0.798444 -0.566464 44.493000 0.388158 0.597163 0.701947 -0.000000 0.000000 0.000000 0.000000 1.000000
0.926630 -0.076248 -0.368161 0.000000 -0.134358 0.847404 -0.513668 44.493000 0.351147 0.525445 0.774986 0.000000 0.000000 0.000000 0.000000 1.000000
0.933649 -0.069617 -0.351359 0.000000 -0.120328 0.862966 -0.490725 44.493000 0.337373 0.500443 0.797331 0.000000 0.000000 0.000000 0.000000 1.000000
0.931168 -0.065046 -0.358742 -0.000000 -0.133584 0.854663 -0.501704 44.493000 0.339237 0.515093 0.787145 0.000000 0.000000 0.000000 0.000000 1.000000
0.933556 -0.057883 -0.353726 0.000000 -0.156753 0.821562 -0.548146 44.493000 0.322336 0.567173 0.757902 0.000000 0.000000 0.000000 0.000000 1.000000
0.946562 -0.054224 -0.317931 0.000000 -0.159002 0.779191 -0.606283 44.493000 0.280604 0.624437 0.728931 0.000000 0.000000 0.000000 0.000000 1.000000
0.949781 -0.049534 -0.308971 0.000000 -0.177965 0.726645 -0.663563 44.493000 0.257381 0.685226 0.681338 0.000000 0.000000 0.000000 0.000000 1.000000
0.945229 -0.044020 -0.323426 -0.000000 -0.204358 0.692823 -0.691545 44.493000 0.254519 0.719763 0.645881 0.000000 0.000000 0.000000 0.000000 1.000000
0.926603 -0.033136 -0.374579 0.000000 -0.256874 0.671710 -0.694854 44.493000 0.274633 0.740073 0.613896 0.000000 0.000000 0.000000 0.000000 1.000000
0.938756 -0.027479 -0.343485 0.000000 -0.234798 0.678573 -0.695995 44.493000 0.252205 0.734019 0.630562 0.000000 0.000000 0.000000 0.000000 1.000000
0.968497 -0.033355 -0.246783 0.000000 -0.157173 0.686798 -0.709652 44.493000 0.193161 0.726083 0.659918 0.000000 0.000000 0.000000 0.000000 1.000000
0.986198 -0.063265 -0.153006 0.000000 -0.048561 0.772955 -0.632599 44.493000 0.158289 0.631298 0.759215 0.000000 0.000000 0.000000 0.000000 1.000000
0.979908 -0.198571 0.018692 0.000000 0.190429 0.903610 -0.383699 44.493000 0.059302 0.379550 0.923269 -0.000000 0.000000 0.000000 0.000000 1.000000
0.984875 -0.170406 -0.031341 0.000000 0.147727 0.920383 -0.362039 44.493000 0.090540 0.351933 0.931636 0.000000 0.000000 0.000000 0.000000 1.000000
0.990298 -0.052097 -0.128827 0.000000 -0.039166 0.784845 -0.618453 44.493000 0.133329 0.617498 0.775190 0.000000 0.000000 0.000000 0.000000 1.000000
0.992406 -0.028246 -0.119716 0.000000 -0.049582 0.798843 -0.599492 44.493000 0.112567 0.600876 0.791377 0.000000 0.000000 0.000000 0.000000 1.000000
0.986305 -0.006188 -0.164818 0.000000 -0.088362 0.823965 -0.559708 44.493000 0.139268 0.566606 0.812134 0.000000 0.000000 0.000000 0.000000 1.000000
0.983933 -0.014825 -0.177923 0.000000 -0.085158 0.836915 -0.540667 44.493000 0.156921 0.547132 0.822206 -0.000000 0.000000 0.000000 0.000000 1.000000
0.980847 -0.009627 -0.194543 -0.000000 -0.099565 0.833654 -0.543239 44.493000 0.167411 0.552204 0.816728 0.000000 0.000000 0.000000 0.000000 1.000000
0.981517 -0.008638 -0.191181 -0.000000 -0.099407 0.830630 -0.547880 44.493000 0.163533 0.556758 0.814418 0.000000 0.000000 0.000000 0.000000 1.000000
0.986067 0.007542 -0.166177 -0.000000 -0.099411 0.827682 -0.552322 44.493000 0.133376 0.561147 0.816900 0.000000 0.000000 0.000000 0.000000 1.000000
0.988233 0.015275 -0.152190 0.000000 -0.098284 0.825813 -0.555313 44.493000 0.117198 0.563737 0.817598 0.000000 0.000000 0.000000 0.000000 1.000000
0.987201 0.008889 -0.159236 0.000000 -0.097459 0.823952 -0.558216 44.493000 0.126241 0.566591 0.814272 -0.000000 0.000000 0.000000 0.000000 1.000000
0.984842 -0.000130 -0.173451 0.000000 -0.098622 0.822203 -0.560585 44.493000 0.142685 0.569194 0.809728 0.000000 0.000000 0.000000 0.000000 1.000000
0.983863 0.002393 -0.178908 -0.000000 -0.104387 0.819778 -0.563087 44.493000 0.145318 0.572676 0.806799 0.000000 0.000000 0.000000 0.000000 1.000000
0.984312 0.015759 -0.175733 0.000000 -0.113720 0.818187 -0.563594 44.493000 0.134901 0.574737 0.807143 0.000000 0.000000 0.000000 0.000000 1.000000
0.984468 0.031986 -0.172623 0.000000 -0.125202 0.817192 -0.562603 44.493000 0.123071 0.575478 0.808504 0.000000 0.000000 0.000000 0.000000 1.000000
0.982905 0.043505 -0.178898 0.000000 -0.138090 0.816871 -0.560047 44.493000 0.121771 0.575178 0.808914 0.000000 0.000000 0.000000 0.000000 1.000000
0.980595 0.054108 -0.188427 0.000000 -0.152052 0.816611 -0.556800 44.493000 0.123745 0.574647 0.808992 0.000000 0.000000 0.000000 0.000000 1.000000
0.978078 0.064582 -0.197970 -0.000000 -0.166011 0.815751 -0.554067 44.493000 0.125712 0.574786 0.808590 -0.000000 0.000000 0.000000 0.000000 1.000000
0.975255 0.074903 -0.208008 0.000000 -0.180434 0.813347 -0.553092 44.493000 0.127754 0.576937 0.806736 0.000000 0.000000 0.000000 0.000000 1.000000
0.972286 0.084824 -0.217864 0.000000 -0.194550 0.810323 -0.552745 44.493000 0.129654 0.579812 0.804368 -0.000000 0.000000 0.000000 0.000000 1.000000
0.969208 0.094294 -0.227472 0.000000 -0.208253 0.806826 -0.552868 44.493000 0.131398 0.583216 0.801619 0.000000 0.000000 0.000000 0.000000 1.000000
0.966472 0.102406 -0.235469 0.000000 -0.219716 0.804387 -0.551985 44.493000 0.132882 0.585214 0.799917 -0.000000 0.000000 0.000000 0.000000 1.000000
0.963926 0.109547 -0.242584 -0.000000 -0.229914 0.801892 -0.551461 44.493000 0.134115 0.587341 0.798150 0.000000 0.000000 0.000000 0.000000 1.000000
0.961661 0.115560 -0.248706 0.000000 -0.238572 0.799767 -0.550869 44.493000 0.135249 0.589083 0.796673 0.000000 0.000000 0.000000 0.000000 1.000000
0.959714 0.120527 -0.253816 -0.000000 -0.245716 0.798149 -0.550075 44.493000 0.136284 0.590281 0.795610 0.000000 0.000000 0.000000 0.000000 1.000000
0.958163 0.124566 -0.257696 -0.000000 -0.251185 0.797589 -0.548414 44.493000 0.137222 0.590199 0.795509 0.000000 0.000000 0.000000 0.000000 1.000000
0.956522 0.128757 -0.261699 0.000000 -0.256892 0.796791 -0.546929 44.493000 0.138099 0.590378 0.795225 -0.000000 0.000000 0.000000 0.000000 1.000000</float_array>
        <technique_common>
          <accessor source="#mixamorig_LeftFoot-Matrix-animation-output-transform-array" count="79" stride="16">
            <param type="float4x4"/>
          </accessor>
        </technique_common>
      </source>
      <source id="mixamorig_LeftFoot-Interpolations">
        <Name_array id="mixamorig_LeftFoot-Interpolations-array" count="79">
 LINEAR LINEAR LINEAR LINEAR LINEAR LINEAR LINEAR LINEAR LINEAR LINEAR LINEAR
LINEAR LINEAR LINEAR LINEAR LINEAR LINEAR LINEAR LINEAR LINEAR LINEAR LINEAR LINEAR
LINEAR LINEAR LINEAR LINEAR LINEAR LINEAR LINEAR LINEAR LINEAR LINEAR LINEAR LINEAR
LINEAR LINEAR LINEAR LINEAR LINEAR LINEAR LINEAR LINEAR LINEAR LINEAR LINEAR LINEAR
LINEAR LINEAR LINEAR LINEAR LINEAR LINEAR LINEAR LINEAR LINEAR LINEAR LINEAR LINEAR
LINEAR LINEAR LINEAR LINEAR LINEAR LINEAR LINEAR LINEAR LINEAR LINEAR LINEAR LINEAR
LINEAR LINEAR LINEAR LINEAR LINEAR LINEAR LINEAR LINEAR</Name_array>
        <technique_common>
          <accessor source="#mixamorig_LeftFoot-Interpolations-array" count="79">
            <param type="name"/>
          </accessor>
        </technique_common>
      </source>
      <sampler id="mixamorig_LeftFoot-Matrix-animation-transform">
        <input semantic="INPUT" source="#mixamorig_LeftFoot-Matrix-animation-input"/>
        <input semantic="OUTPUT" source="#mixamorig_LeftFoot-Matrix-animation-output-transform"/>
        <input semantic="INTERPOLATION" source="#mixamorig_LeftFoot-Interpolations"/>
      </sampler>
      <channel source="#mixamorig_LeftFoot-Matrix-animation-transform" target="mixamorig_LeftFoot/matrix"/>
    </animation>
    <animation id="mixamorig_LeftToeBase-anim" name="mixamorig_LeftToeBase">
      <source id="mixamorig_LeftToeBase-Matrix-animation-input">
        <float_array id="mixamorig_LeftToeBase-Matrix-animation-input-array" count="79">

0.000000 0.033333 0.066667 0.100000 0.133333 0.166667 0.200000 0.233333 0.266667 0.300000 0.333333 0.366667 0.400000 0.433333 0.466667 0.500000
0.533333 0.566667 0.600000 0.633333 0.666667 0.700000 0.733333 0.766667 0.800000 0.833333 0.866667 0.900000 0.933333 0.966667 1.000000 1.033333
1.066667 1.100000 1.133333 1.166667 1.200000 1.233333 1.266667 1.300000 1.333333 1.366667 1.400000 1.433333 1.466667 1.500000 1.533333 1.566667
1.600000 1.633333 1.666667 1.700000 1.733333 1.766667 1.800000 1.833333 1.866667 1.900000 1.933333 1.966667 2.000000 2.033333 2.066667 2.100000
2.133333 2.166667 2.200000 2.233333 2.266667 2.300000 2.333333 2.366667 2.400000 2.433333 2.466667 2.500000 2.533333 2.566667 2.600000</float_array>
        <technique_common>
          <accessor source="#mixamorig_LeftToeBase-Matrix-animation-input-array" count="79">
            <param name="TIME" type="float"/>
          </accessor>
        </technique_common>
      </source>
      <source id="mixamorig_LeftToeBase-Matrix-animation-output-transform">
        <float_array id="mixamorig_LeftToeBase-Matrix-animation-output-transform-array" count="1264">

0.998732 0.045791 -0.020912 0.000000 -0.047028 0.700502 -0.712099 20.000000 -0.017959 0.712179 0.701768 0.000000 0.000000 0.000000 0.000000 1.000000
0.998732 0.045791 -0.020913 0.000000 -0.047029 0.700502 -0.712099 20.000000 -0.017958 0.712180 0.701768 0.000000 0.000000 0.000000 0.000000 1.000000
0.998732 0.045791 -0.020913 0.000000 -0.047029 0.700502 -0.712099 20.000000 -0.017958 0.712179 0.701768 0.000000 0.000000 0.000000 0.000000 1.000000
0.998732 0.045791 -0.020914 0.000000 -0.047030 0.700502 -0.712099 20.000000 -0.017957 0.712180 0.701768 0.000000 0.000000 0.000000 0.000000 1.000000
0.998732 0.045791 -0.020912 0.000000 -0.047028 0.700502 -0.712099 20.000000 -0.017959 0.712180 0.701768 -0.000000 0.000000 0.000000 0.000000 1.000000
0.998732 0.045791 -0.020912 0.000000 -0.047028 0.700503 -0.712099 20.000000 -0.017959 0.712179 0.701768 0.000000 0.000000 0.000000 0.000000 1.000000
0.998732 0.045791 -0.020914 0.000000 -0.047029 0.700502 -0.712099 20.000000 -0.017958 0.712180 0.701768 0.000000 0.000000 0.000000 0.000000 1.000000
0.998731 0.045790 -0.020954 0.000000 -0.047058 0.700544 -0.712056 20.000000 -0.017926 0.712139 0.701810 0.000000 0.000000 0.000000 0.000000 1.000000
0.998730 0.045788 -0.021034 0.000000 -0.047116 0.700626 -0.711971 20.000000 -0.017862 0.712058 0.701894 0.000000 0.000000 0.000000 0.000000 1.000000
0.998730 0.045789 -0.021002 0.000000 -0.047092 0.700590 -0.712008 20.000000 -0.017888 0.712093 0.701857 -0.000000 0.000000 0.000000 0.000000 1.000000
0.999239 0.038626 0.005466 0.000000 -0.023352 0.704493 -0.709326 20.000000 -0.031250 0.708659 0.704859 0.000000 0.000000 0.000000 0.000000 1.000000
0.999529 0.020501 0.022821 -0.000000 0.001811 0.703159 -0.711031 20.000000 -0.030624 0.710737 0.702790 0.000000 0.000000 0.000000 0.000000 1.000000
0.999517 0.016811 0.026132 0.000000 0.006814 0.701955 -0.712189 20.000000 -0.030316 0.712023 0.701501 0.000000 0.000000 0.000000 0.000000 1.000000
0.999481 0.013114 0.029411 -0.000000 0.011803 0.700575 -0.713481 20.000000 -0.029961 0.713458 0.700057 -0.000000 0.000000 0.000000 0.000000 1.000000
0.999424 0.009478 0.032594 -0.000000 0.016685 0.699038 -0.714890 20.000000 -0.029560 0.715022 0.698477 0.000000 0.000000 0.000000 0.000000 1.000000
0.999344 0.005896 0.035725 0.000000 0.021490 0.697478 -0.716284 20.000000 -0.029141 0.716582 0.696894 0.000000 0.000000 0.000000 0.000000 1.000000
0.999259 0.002664 0.038407 0.000000 0.025745 0.695496 -0.718068 20.000000 -0.028625 0.718525 0.694912 -0.000000 0.000000 0.000000 0.000000 1.000000
0.999111 -0.000868 0.042150 -0.000000 0.030904 0.695130 -0.718220 20.000000 -0.028677 0.718884 0.694539 0.000000 0.000000 0.000000 0.000000 1.000000
0.998955 -0.003533 0.045564 0.000000 0.035163 0.696254 -0.716933 20.000000 -0.029192 0.717787 0.695651 0.000000 0.000000 0.000000 0.000000 1.000000
0.998883 -0.004551 0.047029 0.000000 0.036892 0.696976 -0.716145 20.000000 -0.029519 0.717080 0.696365 0.000000 0.000000 0.000000 0.000000 1.000000
0.998828 -0.005253 0.048118 0.000000 0.038136 0.697613 -0.715459 20.000000 -0.029809 0.716456 0.696995 -0.000000 0.000000 0.000000 0.000000 1.000000
0.998790 -0.005655 0.048850 0.000000 0.038917 0.698171 -0.714873 20.000000 -0.030063 0.715909 0.697546 0.000000 0.000000 0.000000 0.000000 1.000000
0.998770 -0.005773 0.049245 0.000000 0.039262 0.698655 -0.714381 20.000000 -0.030281 0.715436 0.698022 0.000000 0.000000 0.000000 0.000000 1.000000
0.998767 -0.005622 0.049321 0.000000 0.039193 0.699070 -0.713979 20.000000 -0.030465 0.715032 0.698428 -0.000000 0.000000 0.000000 0.000000 1.000000
0.998780 -0.005219 0.049096 -0.000000 0.038736 0.699420 -0.713661 20.000000 -0.030614 0.714692 0.698769 0.000000 0.000000 0.000000 0.000000 1.000000
0.998808 -0.004579 0.048590 0.000000 0.037914 0.699709 -0.713421 20.000000 -0.030732 0.714413 0.699049 -0.000000 0.000000 0.000000 0.000000 1.000000
0.998850 -0.003713 0.047808 0.000000 0.036742 0.699905 -0.713291 20.000000 -0.030812 0.714227 0.699236 0.000000 0.000000 0.000000 0.000000 1.000000
0.998902 -0.002638 0.046768 0.000000 0.035243 0.700008 -0.713265 20.000000 -0.030856 0.714130 0.699333 -0.000000 0.000000 0.000000 0.000000 1.000000
0.998962 -0.001388 0.045524 0.000000 0.033477 0.700094 -0.713266 20.000000 -0.030881 0.714049 0.699414 0.000000 0.000000 0.000000 0.000000 1.000000
0.999028 0.000040 0.044086 0.000000 0.031448 0.700191 -0.713263 20.000000 -0.030897 0.713956 0.699509 0.000000 0.000000 0.000000 0.000000 1.000000
0.999097 0.001631 0.042462 -0.000000 0.029171 0.700276 -0.713276 20.000000 -0.030899 0.713871 0.699595 0.000000 0.000000 0.000000 0.000000 1.000000
0.999167 0.003376 0.040666 -0.000000 0.026665 0.700348 -0.713303 20.000000 -0.030888 0.713793 0.699675 0.000000 0.000000 0.000000 0.000000 1.000000
0.999236 0.005250 0.038718 -0.000000 0.023961 0.700390 -0.713358 20.000000 -0.030863 0.713741 0.699729 0.000000 0.000000 0.000000 0.000000 1.000000
0.999303 0.007231 0.036630 0.000000 0.021085 0.700342 -0.713496 20.000000 -0.030813 0.713771 0.699701 0.000000 0.000000 0.000000 0.000000 1.000000
0.999364 0.009309 0.034427 -0.000000 0.018061 0.700271 -0.713649 20.000000 -0.030752 0.713816 0.699657 0.000000 0.000000 0.000000 0.000000 1.000000
0.999418 0.011469 0.032130 0.000000 0.014913 0.700180 -0.713811 20.000000 -0.030683 0.713874 0.699601 0.000000 0.000000 0.000000 0.000000 1.000000
0.999463 0.013696 0.029756 0.000000 0.011664 0.700073 -0.713976 20.000000 -0.030610 0.713940 0.699538 0.000000 0.000000 0.000000 0.000000 1.000000
0.999499 0.015973 0.027326 0.000000 0.008338 0.699955 -0.714138 20.000000 -0.030534 0.714008 0.699471 0.000000 0.000000 0.000000 0.000000 1.000000
0.999524 0.018286 0.024857 0.000000 0.004961 0.699830 -0.714292 20.000000 -0.030457 0.714075 0.699406 -0.000000 0.000000 0.000000 0.000000 1.000000
0.999537 0.020617 0.022368 0.000000 0.001555 0.699703 -0.714432 20.000000 -0.030380 0.714136 0.699348 -0.000000 0.000000 0.000000 0.000000 1.000000
0.999539 0.022952 0.019878 -0.000000 -0.001854 0.699579 -0.714553 20.000000 -0.030307 0.714187 0.699299 0.000000 0.000000 0.000000 0.000000 1.000000
0.999529 0.025276 0.017405 0.000000 -0.005244 0.699462 -0.714651 20.000000 -0.030237 0.714223 0.699265 0.000000 0.000000 0.000000 0.000000 1.000000
0.999508 0.027572 0.014967 -0.000000 -0.008589 0.699356 -0.714722 20.000000 -0.030174 0.714241 0.699249 0.000000 0.000000 0.000000 0.000000 1.000000
0.999476 0.029823 0.012586 -0.000000 -0.011865 0.699269 -0.714760 20.000000 -0.030117 0.714237 0.699256 0.000000 0.000000 0.000000 0.000000 1.000000
0.999434 0.032023 0.010285 0.000000 -0.015050 0.699264 -0.714705 20.000000 -0.030079 0.714146 0.699351 0.000000 0.000000 0.000000 0.000000 1.000000
0.999384 0.034147 0.008076 -0.000000 -0.018118 0.699280 -0.714618 20.000000 -0.030049 0.714032 0.699468 0.000000 0.000000 0.000000 0.000000 1.000000
0.999328 0.036178 0.005974 -0.000000 -0.021045 0.699312 -0.714507 20.000000 -0.030027 0.713901 0.699603 0.000000 0.000000 0.000000 0.000000 1.000000
0.999266 0.038100 0.003997 -0.000000 -0.023808 0.699357 -0.714376 20.000000 -0.030013 0.713756 0.699751 0.000000 0.000000 0.000000 0.000000 1.000000
0.999202 0.039892 0.002168 0.000000 -0.026373 0.699412 -0.714232 20.000000 -0.030009 0.713604 0.699906 0.000000 0.000000 0.000000 0.000000 1.000000
0.999137 0.041544 0.000496 -0.000000 -0.028729 0.699476 -0.714078 20.000000 -0.030012 0.713447 0.700066 0.000000 0.000000 0.000000 0.000000 1.000000
0.999073 0.043047 -0.001015 0.000000 -0.030868 0.699570 -0.713897 20.000000 -0.030021 0.713266 0.700250 -0.000000 0.000000 0.000000 0.000000 1.000000
0.999012 0.044384 -0.002298 0.000000 -0.032732 0.699809 -0.713580 20.000000 -0.030063 0.712950 0.700570 -0.000000 0.000000 0.000000 0.000000 1.000000
0.998957 0.045534 -0.003361 0.000000 -0.034312 0.700113 -0.713207 20.000000 -0.030122 0.712579 0.700945 0.000000 0.000000 0.000000 0.000000 1.000000
0.998910 0.046484 -0.004186 0.000000 -0.035584 0.700487 -0.712777 20.000000 -0.030200 0.712149 0.701378 0.000000 0.000000 0.000000 0.000000 1.000000
0.998873 0.047216 -0.004754 -0.000000 -0.036522 0.700938 -0.712286 20.000000 -0.030299 0.711658 0.701873 0.000000 0.000000 0.000000 0.000000 1.000000
0.998876 0.047192 -0.004461 0.000000 -0.036321 0.701504 -0.711739 20.000000 -0.030459 0.711101 0.702430 -0.000000 0.000000 0.000000 0.000000 1.000000
0.998855 0.047660 -0.004256 0.000000 -0.036581 0.703247 -0.710004 20.000000 -0.030846 0.709346 0.704185 0.000000 0.000000 0.000000 0.000000 1.000000
0.998831 0.048136 -0.004536 0.000000 -0.037134 0.703683 -0.709543 20.000000 -0.030962 0.708882 0.704647 0.000000 0.000000 0.000000 0.000000 1.000000
0.998770 0.049198 -0.006154 0.000000 -0.038968 0.702173 -0.710939 20.000000 -0.030655 0.710304 0.703227 0.000000 0.000000 0.000000 0.000000 1.000000
0.998682 0.050601 -0.008587 0.000000 -0.041575 0.699464 -0.713458 20.000000 -0.030096 0.712875 0.700645 0.000000 0.000000 0.000000 0.000000 1.000000
0.998738 0.049628 -0.007708 0.000000 -0.040258 0.699331 -0.713663 20.000000 -0.030027 0.713073 0.700446 0.000000 0.000000 0.000000 0.000000 1.000000
0.998799 0.048621 -0.006028 0.000000 -0.038427 0.701116 -0.712011 20.000000 -0.030393 0.711387 0.702143 0.000000 0.000000 0.000000 0.000000 1.000000
0.998800 0.048653 -0.005664 0.000000 -0.038233 0.702098 -0.711053 20.000000 -0.030618 0.710416 0.703116 0.000000 0.000000 0.000000 0.000000 1.000000
0.998757 0.049404 -0.006581 -0.000000 -0.039393 0.701602 -0.711479 20.000000 -0.030533 0.710854 0.702676 0.000000 0.000000 0.000000 0.000000 1.000000
0.998742 0.049658 -0.006991 -0.000000 -0.039846 0.701187 -0.711863 20.000000 -0.030448 0.711246 0.702283 0.000000 0.000000 0.000000 0.000000 1.000000
0.998743 0.049595 -0.007204 0.000000 -0.039925 0.700504 -0.712531 20.000000 -0.030291 0.711923 0.701604 0.000000 0.000000 0.000000 0.000000 1.000000
0.998768 0.049162 -0.006736 0.000000 -0.039292 0.700639 -0.712433 20.000000 -0.030305 0.711820 0.701708 0.000000 0.000000 0.000000 0.000000 1.000000
0.998776 0.049048 -0.006407 -0.000000 -0.039001 0.701188 -0.711909 20.000000 -0.030425 0.711287 0.702243 0.000000 0.000000 0.000000 0.000000 1.000000
0.998777 0.049049 -0.006152 0.000000 -0.038847 0.701836 -0.711279 20.000000 -0.030570 0.710648 0.702883 0.000000 0.000000 0.000000 0.000000 1.000000
0.998779 0.049052 -0.005931 -0.000000 -0.038717 0.702397 -0.710732 20.000000 -0.030697 0.710094 0.703438 0.000000 0.000000 0.000000 0.000000 1.000000
0.998779 0.049052 -0.005830 0.000000 -0.038656 0.702652 -0.710483 20.000000 -0.030754 0.709841 0.703690 -0.000000 0.000000 0.000000 0.000000 1.000000
0.998779 0.049052 -0.005830 0.000000 -0.038656 0.702652 -0.710483 20.000000 -0.030754 0.709841 0.703691 -0.000000 0.000000 0.000000 0.000000 1.000000
0.998779 0.049052 -0.005830 0.000000 -0.038656 0.702652 -0.710483 20.000000 -0.030754 0.709841 0.703690 -0.000000 0.000000 0.000000 0.000000 1.000000
0.998779 0.049052 -0.005830 -0.000000 -0.038656 0.702652 -0.710483 20.000000 -0.030754 0.709841 0.703690 0.000000 0.000000 0.000000 0.000000 1.000000
0.998779 0.049053 -0.005830 -0.000000 -0.038656 0.702652 -0.710483 20.000000 -0.030754 0.709841 0.703691 0.000000 0.000000 0.000000 0.000000 1.000000
0.998779 0.049052 -0.005830 0.000000 -0.038655 0.702652 -0.710483 20.000000 -0.030754 0.709841 0.703690 -0.000000 0.000000 0.000000 0.000000 1.000000
0.998779 0.049052 -0.005830 0.000000 -0.038656 0.702652 -0.710483 20.000000 -0.030754 0.709841 0.703690 0.000000 0.000000 0.000000 0.000000 1.000000
0.998779 0.049052 -0.005830 0.000000 -0.038656 0.702652 -0.710483 20.000000 -0.030754 0.709841 0.703690 0.000000 0.000000 0.000000 0.000000 1.000000
0.998779 0.049053 -0.005831 0.000000 -0.038657 0.702652 -0.710483 20.000000 -0.030754 0.709841 0.703691 -0.000000 0.000000 0.000000 0.000000 1.000000</float_array>
        <technique_common>
          <accessor source="#mixamorig_LeftToeBase-Matrix-animation-output-transform-array" count="79" stride="16">
            <param type="float4x4"/>
          </accessor>
        </technique_common>
      </source>
      <source id="mixamorig_LeftToeBase-Interpolations">
        <Name_array id="mixamorig_LeftToeBase-Interpolations-array" count="79">
 LINEAR LINEAR LINEAR LINEAR LINEAR LINEAR LINEAR LINEAR LINEAR LINEAR LINEAR
LINEAR LINEAR LINEAR LINEAR LINEAR LINEAR LINEAR LINEAR LINEAR LINEAR LINEAR LINEAR
LINEAR LINEAR LINEAR LINEAR LINEAR LINEAR LINEAR LINEAR LINEAR LINEAR LINEAR LINEAR
LINEAR LINEAR LINEAR LINEAR LINEAR LINEAR LINEAR LINEAR LINEAR LINEAR LINEAR LINEAR
LINEAR LINEAR LINEAR LINEAR LINEAR LINEAR LINEAR LINEAR LINEAR LINEAR LINEAR LINEAR
LINEAR LINEAR LINEAR LINEAR LINEAR LINEAR LINEAR LINEAR LINEAR LINEAR LINEAR LINEAR
LINEAR LINEAR LINEAR LINEAR LINEAR LINEAR LINEAR LINEAR</Name_array>
        <technique_common>
          <accessor source="#mixamorig_LeftToeBase-Interpolations-array" count="79">
            <param type="name"/>
          </accessor>
        </technique_common>
      </source>
      <sampler id="mixamorig_LeftToeBase-Matrix-animation-transform">
        <input semantic="INPUT" source="#mixamorig_LeftToeBase-Matrix-animation-input"/>
        <input semantic="OUTPUT" source="#mixamorig_LeftToeBase-Matrix-animation-output-transform"/>
        <input semantic="INTERPOLATION" source="#mixamorig_LeftToeBase-Interpolations"/>
      </sampler>
      <channel source="#mixamorig_LeftToeBase-Matrix-animation-transform" target="mixamorig_LeftToeBase/matrix"/>
    </animation>
  </library_animations>
  <library_visual_scenes>
    <visual_scene id="RootNode" name="RootNode">
      <node id="mixamorig_Hips" name="mixamorig_Hips" sid="mixamorig_Hips" type="JOINT">
        <matrix sid="matrix">0.582804 -0.119880 -0.803721 -0.076904 -0.016554 0.987102 -0.159236 89.390190 0.812444 0.106108 0.573302 0.341165 0.000000 0.000000 0.000000 1.000000</matrix>
        <node id="mixamorig_Spine" name="mixamorig_Spine" sid="mixamorig_Spine" type="JOINT">
          <matrix sid="matrix">0.996737 0.039043 0.070653 -0.038100 -0.040306 0.999051 0.016535 9.490500 -0.069941 -0.019329 0.997364 -1.392100 0.000000 0.000000 0.000000 1.000000</matrix>
          <node id="mixamorig_Spine1" name="mixamorig_Spine1" sid="mixamorig_Spine1" type="JOINT">
            <matrix sid="matrix">0.998871 -0.043724 0.018561 0.000000 0.044116 0.998800 -0.021271 11.190800 -0.017609 0.022065 0.999601 0.000000 0.000000 0.000000 0.000000 1.000000</matrix>
            <node id="mixamorig_Spine2" name="mixamorig_Spine2" sid="mixamorig_Spine2" type="JOINT">
              <matrix sid="matrix">0.999651 -0.014397 0.022146 -0.000000 0.017536 0.988713 -0.148790 12.789500 -0.019754 0.149126 0.988621 0.000000 0.000000 0.000000 0.000000 1.000000</matrix>
              <node id="mixamorig_Neck" name="mixamorig_Neck" sid="mixamorig_Neck" type="JOINT">
                <matrix sid="matrix">0.985070 0.027001 0.170026 -0.056900 -0.032879 0.998952 0.031849 14.235800 -0.168988 -0.036964 0.984925 -2.088100 0.000000 0.000000 0.000000 1.000000</matrix>
                <node id="mixamorig_Head" name="mixamorig_Head" sid="mixamorig_Head" type="JOINT">
                  <matrix sid="matrix">0.912383 0.079625 0.401518 0.000000 -0.112644 0.991866 0.059267 3.280200 -0.393533 -0.099303 0.913932 0.313300 0.000000 0.000000 0.000000 1.000000</matrix>
                  <node id="mixamorig_HeadTop_End" name="mixamorig_HeadTop_End" sid="mixamorig_HeadTop_End" type="JOINT">
                    <matrix sid="matrix">1.000000 -0.000000 0.000000 -0.000000 0.000000 1.000000 -0.000000 25.653500 0.000000 -0.000000 1.000000 2.450500 0.000000 0.000000 0.000000 1.000000</matrix>
                  </node>
                </node>
              </node>
              <node id="mixamorig_LeftShoulder" name="mixamorig_LeftShoulder" sid="mixamorig_LeftShoulder" type="JOINT">
                <matrix sid="matrix">0.176044 0.942191 -0.285103 6.728800 -0.042698 -0.282046 -0.958450 11.756600 -0.983456 0.180903 -0.009423 -2.058500 0.000000 0.000000 0.000000 1.000000</matrix>
                <node id="mixamorig_LeftArm" name="mixamorig_LeftArm" sid="mixamorig_LeftArm" type="JOINT">
                  <matrix sid="matrix">0.963840 -0.232519 0.130186 -0.000000 0.265752 0.802505 -0.534193 14.448800 0.019735 0.549474 0.835278 0.000000 0.000000 0.000000 0.000000 1.000000</matrix>
                  <node id="mixamorig_LeftForeArm" name="mixamorig_LeftForeArm" sid="mixamorig_LeftForeArm" type="JOINT">
                    <matrix sid="matrix">-0.061236 -0.998000 -0.015694 0.000000 0.849642 -0.043869 -0.525531 23.160299 0.523792 -0.045515 0.850629 0.000000 0.000000 0.000000 0.000000 1.000000</matrix>
                    <node id="mixamorig_LeftHand" name="mixamorig_LeftHand" sid="mixamorig_LeftHand" type="JOINT">
                      <matrix sid="matrix">0.999978 -0.006542 0.000842 -0.000000 0.006580 0.998358 -0.056899 24.071800 -0.000468 0.056903 0.998380 0.000000 0.000000 0.000000 0.000000 1.000000</matrix>
                      <node id="mixamorig_LeftHandThumb1" name="mixamorig_LeftHandThumb1" sid="mixamorig_LeftHandThumb1" type="JOINT">
                        <matrix sid="matrix">0.857971 -0.403243 0.318245 -1.509000 0.512607 0.631711 -0.581529 4.173400 0.033459 0.662070 0.748695 1.926500 0.000000 0.000000 0.000000 1.000000</matrix>
                        <node id="mixamorig_LeftHandThumb2" name="mixamorig_LeftHandThumb2" sid="mixamorig_LeftHandThumb2" type="JOINT">
                          <matrix sid="matrix">0.922605 0.321842 0.212644 0.000000 -0.322872 0.945940 -0.030852 3.870400 -0.211077 -0.040193 0.976643 -0.000000 0.000000 0.000000 0.000000 1.000000</matrix>
                          <node id="mixamorig_LeftHandThumb3" name="mixamorig_LeftHandThumb3" sid="mixamorig_LeftHandThumb3" type="JOINT">
                            <matrix sid="matrix">0.590274 0.439672 0.676953 0.000000 0.028969 0.826562 -0.562100 4.710600 -0.806683 0.351403 0.475161 0.000000 0.000000 0.000000 0.000000 1.000000</matrix>
                            <node id="mixamorig_LeftHandThumb4" name="mixamorig_LeftHandThumb4" sid="mixamorig_LeftHandThumb4" type="JOINT">
                              <matrix sid="matrix">1.000000 -0.000000 0.000000 -0.000000 0.000000 1.000000 0.000000 3.830400 -0.000000 0.000000 1.000000 0.000000 0.000000 0.000000 0.000000 1.000000</matrix>
                            </node>
                          </node>
                        </node>
                      </node>
                      <node id="mixamorig_LeftHandIndex1" name="mixamorig_LeftHandIndex1" sid="mixamorig_LeftHandIndex1" type="JOINT">
                        <matrix sid="matrix">0.988740 -0.082869 0.124605 -2.855500 0.136017 0.150493 -0.979209 14.669400 0.062394 0.985132 0.160070 0.398800 0.000000 0.000000 0.000000 1.000000</matrix>
                        <node id="mixamorig_LeftHandIndex2" name="mixamorig_LeftHandIndex2" sid="mixamorig_LeftHandIndex2" type="JOINT">
                          <matrix sid="matrix">0.997063 -0.029247 0.070783 0.000000 0.076587 0.382220 -0.920892 3.248600 -0.000121 0.923608 0.383337 0.000000 0.000000 0.000000 0.000000 1.000000</matrix>
                          <node id="mixamorig_LeftHandIndex3" name="mixamorig_LeftHandIndex3" sid="mixamorig_LeftHandIndex3" type="JOINT">
                            <matrix sid="matrix">0.999406 0.034474 0.000037 0.000000 -0.011996 0.348779 -0.937128 2.659600 -0.032319 0.936571 0.348985 0.000000 0.000000 0.000000 0.000000 1.000000</matrix>
                            <node id="mixamorig_LeftHandIndex4" name="mixamorig_LeftHandIndex4" sid="mixamorig_LeftHandIndex4" type="JOINT">
                              <matrix sid="matrix">1.000000 0.000000 0.000000 -0.000000 0.000000 1.000000 0.000000 3.633200 -0.000000 0.000000 1.000000 0.000000 0.000000 0.000000 0.000000 1.000000</matrix>
                            </node>
                          </node>
                        </node>
                      </node>
                      <node id="mixamorig_LeftHandMiddle1" name="mixamorig_LeftHandMiddle1" sid="mixamorig_LeftHandMiddle1" type="JOINT">
                        <matrix sid="matrix">0.994536 -0.092941 -0.047537 0.000000 -0.042219 0.058365 -0.997402 14.409800 0.095474 0.993959 0.054123 0.000000 0.000000 0.000000 0.000000 1.000000</matrix>
                        <node id="mixamorig_LeftHandMiddle2" name="mixamorig_LeftHandMiddle2" sid="mixamorig_LeftHandMiddle2" type="JOINT">
                          <matrix sid="matrix">0.996350 -0.020869 0.082769 0.000000 0.085352 0.230814 -0.969247 3.259100 0.001123 0.972774 0.231753 0.000000 0.000000 0.000000 0.000000 1.000000</matrix>
                          <node id="mixamorig_LeftHandMiddle3" name="mixamorig_LeftHandMiddle3" sid="mixamorig_LeftHandMiddle3" type="JOINT">
                            <matrix sid="matrix">0.999609 0.027927 0.001567 0.000000 -0.009361 0.386802 -0.922115 2.639900 -0.026358 0.921740 0.386913 -0.000000 0.000000 0.000000 0.000000 1.000000</matrix>
                            <node id="mixamorig_LeftHandMiddle4" name="mixamorig_LeftHandMiddle4" sid="mixamorig_LeftHandMiddle4" type="JOINT">
                              <matrix sid="matrix">1.000000 -0.000000 -0.000000 -0.000000 0.000000 1.000000 -0.000000 3.673900 -0.000000 0.000000 1.000000 -0.000000 0.000000 0.000000 0.000000 1.000000</matrix>
                            </node>
                          </node>
                        </node>
                      </node>
                      <node id="mixamorig_LeftHandRing1" name="mixamorig_LeftHandRing1" sid="mixamorig_LeftHandRing1" type="JOINT">
                        <matrix sid="matrix">0.994617 -0.078608 -0.067512 3.304900 -0.068285 -0.007178 -0.997640 13.191500 0.077938 0.996880 -0.012507 -0.322000 0.000000 0.000000 0.000000 1.000000</matrix>
                        <node id="mixamorig_LeftHandRing2" name="mixamorig_LeftHandRing2" sid="mixamorig_LeftHandRing2" type="JOINT">
                          <matrix sid="matrix">0.999749 -0.022358 0.001389 0.000000 0.011621 0.464646 -0.885420 2.717600 0.019151 0.885214 0.464789 -0.000000 0.000000 0.000000 0.000000 1.000000</matrix>
                          <node id="mixamorig_LeftHandRing3" name="mixamorig_LeftHandRing3" sid="mixamorig_LeftHandRing3" type="JOINT">
                            <matrix sid="matrix">0.999789 0.004554 -0.020018 0.000000 -0.020461 0.300543 -0.953549 2.134500 0.001674 0.953758 0.300572 0.000000 0.000000 0.000000 0.000000 1.000000</matrix>
                            <node id="mixamorig_LeftHandRing4" name="mixamorig_LeftHandRing4" sid="mixamorig_LeftHandRing4" type="JOINT">
                              <matrix sid="matrix">1.000000 0.000000 0.000000 0.000000 0.000000 1.000000 0.000000 2.786900 0.000000 0.000000 1.000000 0.000000 0.000000 0.000000 0.000000 1.000000</matrix>
                            </node>
                          </node>
                        </node>
                      </node>
                      <node id="mixamorig_LeftHandPinky1" name="mixamorig_LeftHandPinky1" sid="mixamorig_LeftHandPinky1" type="JOINT">
                        <matrix sid="matrix">0.977786 -0.143229 -0.153038 5.614200 -0.143731 0.073272 -0.986900 11.636400 0.152567 0.986973 0.051058 0.516600 0.000000 0.000000 0.000000 1.000000</matrix>
                        <node id="mixamorig_LeftHandPinky2" name="mixamorig_LeftHandPinky2" sid="mixamorig_LeftHandPinky2" type="JOINT">
                          <matrix sid="matrix">0.999999 -0.001121 0.000810 0.000000 0.001086 0.273865 -0.961768 1.559400 0.000856 0.961768 0.273866 0.000000 0.000000 0.000000 0.000000 1.000000</matrix>
                          <node id="mixamorig_LeftHandPinky3" name="mixamorig_LeftHandPinky3" sid="mixamorig_LeftHandPinky3" type="JOINT">
                            <matrix sid="matrix">0.999999 -0.000762 0.000824 0.000000 0.001122 0.661982 -0.749519 1.540600 0.000026 0.749519 0.661982 0.000000 0.000000 0.000000 0.000000 1.000000</matrix>
                            <node id="mixamorig_LeftHandPinky4" name="mixamorig_LeftHandPinky4" sid="mixamorig_LeftHandPinky4" type="JOINT">
                              <matrix sid="matrix">1.000000 0.000000 0.000000 0.000000 0.000000 1.000000 0.000000 1.668700 0.000000 -0.000000 1.000000 0.000000 0.000000 0.000000 0.000000 1.000000</matrix>
                            </node>
                          </node>
                        </node>
                      </node>
                    </node>
                  </node>
                </node>
              </node>
              <node id="mixamorig_RightShoulder" name="mixamorig_RightShoulder" sid="mixamorig_RightShoulder" type="JOINT">
                <matrix sid="matrix">-0.327070 -0.910626 0.252560 -6.728800 0.122601 -0.305890 -0.944140 11.756700 0.937014 -0.277836 0.211690 -2.058500 0.000000 0.000000 0.000000 1.000000</matrix>
                <node id="mixamorig_RightArm" name="mixamorig_RightArm" sid="mixamorig_RightArm" type="JOINT">
                  <matrix sid="matrix">0.997846 -0.020745 -0.062240 0.000000 -0.023211 0.775702 -0.630672 14.448800 0.061363 0.630758 0.773549 0.000000 0.000000 0.000000 0.000000 1.000000</matrix>
                  <node id="mixamorig_RightForeArm" name="mixamorig_RightForeArm" sid="mixamorig_RightForeArm" type="JOINT">
                    <matrix sid="matrix">0.266616 0.963801 0.001898 0.000000 -0.960660 0.265905 -0.080168 23.160299 -0.077771 0.019550 0.996780 0.000000 0.000000 0.000000 0.000000 1.000000</matrix>
                    <node id="mixamorig_RightHand" name="mixamorig_RightHand" sid="mixamorig_RightHand" type="JOINT">
                      <matrix sid="matrix">0.884658 0.464487 -0.040401 0.000000 -0.464573 0.870855 -0.160573 24.071699 -0.039401 0.160821 0.986197 0.000000 0.000000 0.000000 0.000000 1.000000</matrix>
                      <node id="mixamorig_RightHandThumb1" name="mixamorig_RightHandThumb1" sid="mixamorig_RightHandThumb1" type="JOINT">
                        <matrix sid="matrix">0.976823 -0.093487 -0.192557 1.509000 -0.104942 0.574892 -0.811472 4.173400 0.186561 0.812871 0.551757 1.927000 0.000000 0.000000 0.000000 1.000000</matrix>
                        <node id="mixamorig_RightHandThumb2" name="mixamorig_RightHandThumb2" sid="mixamorig_RightHandThumb2" type="JOINT">
                          <matrix sid="matrix">0.951158 0.055872 -0.303607 0.000000 0.004527 0.980855 0.194686 3.870400 0.308672 -0.186551 0.932695 -0.000000 0.000000 0.000000 0.000000 1.000000</matrix>
                          <node id="mixamorig_RightHandThumb3" name="mixamorig_RightHandThumb3" sid="mixamorig_RightHandThumb3" type="JOINT">
                            <matrix sid="matrix">0.926979 -0.296702 0.229518 0.000000 0.227168 0.930931 0.285941 4.710300 -0.298505 -0.212922 0.930354 -0.000000 0.000000 0.000000 0.000000 1.000000</matrix>
                            <node id="mixamorig_RightHandThumb4" name="mixamorig_RightHandThumb4" sid="mixamorig_RightHandThumb4" type="JOINT">
                              <matrix sid="matrix">1.000000 0.000000 0.000000 -0.000000 0.000000 1.000000 -0.000000 3.830400 -0.000000 0.000000 1.000000 -0.000000 0.000000 0.000000 0.000000 1.000000</matrix>
                            </node>
                          </node>
                        </node>
                      </node>
                      <node id="mixamorig_RightHandIndex1" name="mixamorig_RightHandIndex1" sid="mixamorig_RightHandIndex1" type="JOINT">
                        <matrix sid="matrix">0.998713 -0.021945 0.045727 2.855500 0.050654 0.477650 -0.877089 14.669400 -0.002594 0.878276 0.478147 0.399000 0.000000 0.000000 0.000000 1.000000</matrix>
                        <node id="mixamorig_RightHandIndex2" name="mixamorig_RightHandIndex2" sid="mixamorig_RightHandIndex2" type="JOINT">
                          <matrix sid="matrix">0.996871 0.032722 -0.071951 0.000000 -0.079029 0.395833 -0.914916 3.248600 -0.001458 0.917739 0.397181 0.000000 0.000000 0.000000 0.000000 1.000000</matrix>
                          <node id="mixamorig_RightHandIndex3" name="mixamorig_RightHandIndex3" sid="mixamorig_RightHandIndex3" type="JOINT">
                            <matrix sid="matrix">0.999468 -0.030395 -0.011858 0.000000 0.005237 0.508176 -0.861238 2.659600 0.032203 0.860717 0.508064 0.000000 0.000000 0.000000 0.000000 1.000000</matrix>
                            <node id="mixamorig_RightHandIndex4" name="mixamorig_RightHandIndex4" sid="mixamorig_RightHandIndex4" type="JOINT">
                              <matrix sid="matrix">1.000000 0.000000 -0.000000 0.000000 0.000000 1.000000 -0.000000 3.633100 0.000000 0.000000 1.000000 0.000000 0.000000 0.000000 0.000000 1.000000</matrix>
                            </node>
                          </node>
                        </node>
                      </node>
                      <node id="mixamorig_RightHandMiddle1" name="mixamorig_RightHandMiddle1" sid="mixamorig_RightHandMiddle1" type="JOINT">
                        <matrix sid="matrix">0.999731 0.021687 0.008269 -0.000000 -0.000346 0.370163 -0.928967 14.409800 -0.023208 0.928714 0.370071 0.000000 0.000000 0.000000 0.000000 1.000000</matrix>
                        <node id="mixamorig_RightHandMiddle2" name="mixamorig_RightHandMiddle2" sid="mixamorig_RightHandMiddle2" type="JOINT">
                          <matrix sid="matrix">0.996108 0.012136 -0.087299 0.000000 -0.088061 0.095462 -0.991530 3.259100 -0.003699 0.995359 0.096159 0.000000 0.000000 0.000000 0.000000 1.000000</matrix>
                          <node id="mixamorig_RightHandMiddle3" name="mixamorig_RightHandMiddle3" sid="mixamorig_RightHandMiddle3" type="JOINT">
                            <matrix sid="matrix">0.999639 -0.026843 -0.001328 0.000000 0.021871 0.841186 -0.540304 2.639800 0.015620 0.540080 0.841469 0.000000 0.000000 0.000000 0.000000 1.000000</matrix>
                            <node id="mixamorig_RightHandMiddle4" name="mixamorig_RightHandMiddle4" sid="mixamorig_RightHandMiddle4" type="JOINT">
                              <matrix sid="matrix">1.000000 0.000000 -0.000000 0.000000 -0.000000 1.000000 0.000000 3.673900 -0.000000 0.000000 1.000000 0.000000 0.000000 0.000000 0.000000 1.000000</matrix>
                            </node>
                          </node>
                        </node>
                      </node>
                      <node id="mixamorig_RightHandRing1" name="mixamorig_RightHandRing1" sid="mixamorig_RightHandRing1" type="JOINT">
                        <matrix sid="matrix">0.996875 -0.027651 0.073992 -3.304900 0.077871 0.186895 -0.979289 13.191500 0.013249 0.981991 0.188464 -0.322000 0.000000 0.000000 0.000000 1.000000</matrix>
                        <node id="mixamorig_RightHandRing2" name="mixamorig_RightHandRing2" sid="mixamorig_RightHandRing2" type="JOINT">
                          <matrix sid="matrix">0.999647 0.020215 -0.017244 0.000000 -0.022340 0.288043 -0.957357 2.717600 -0.014386 0.957404 0.288393 0.000000 0.000000 0.000000 0.000000 1.000000</matrix>
                          <node id="mixamorig_RightHandRing3" name="mixamorig_RightHandRing3" sid="mixamorig_RightHandRing3" type="JOINT">
                            <matrix sid="matrix">0.999813 -0.013850 0.013503 -0.000000 0.019266 0.775388 -0.631191 2.134500 -0.001728 0.631333 0.775510 0.000000 0.000000 0.000000 0.000000 1.000000</matrix>
                            <node id="mixamorig_RightHandRing4" name="mixamorig_RightHandRing4" sid="mixamorig_RightHandRing4" type="JOINT">
                              <matrix sid="matrix">1.000000 0.000000 0.000000 -0.000000 -0.000000 1.000000 -0.000000 2.786800 -0.000000 0.000000 1.000000 0.000000 0.000000 0.000000 0.000000 1.000000</matrix>
                            </node>
                          </node>
                        </node>
                      </node>
                      <node id="mixamorig_RightHandPinky1" name="mixamorig_RightHandPinky1" sid="mixamorig_RightHandPinky1" type="JOINT">
                        <matrix sid="matrix">0.997449 0.071386 -0.000319 -5.922000 -0.004358 0.056435 -0.998397 11.636400 -0.071253 0.995851 0.056602 0.517000 0.000000 0.000000 0.000000 1.000000</matrix>
                        <node id="mixamorig_RightHandPinky2" name="mixamorig_RightHandPinky2" sid="mixamorig_RightHandPinky2" type="JOINT">
                          <matrix sid="matrix">0.999994 0.003161 -0.001645 -0.000000 -0.003177 0.581908 -0.813249 1.559300 -0.001614 0.813249 0.581914 -0.000000 0.000000 0.000000 0.000000 1.000000</matrix>
                          <node id="mixamorig_RightHandPinky3" name="mixamorig_RightHandPinky3" sid="mixamorig_RightHandPinky3" type="JOINT">
                            <matrix sid="matrix">0.999999 0.001678 -0.000375 0.000000 -0.001674 0.900092 -0.435697 1.540600 -0.000393 0.435697 0.900094 0.000000 0.000000 0.000000 0.000000 1.000000</matrix>
                            <node id="mixamorig_RightHandPinky4" name="mixamorig_RightHandPinky4" sid="mixamorig_RightHandPinky4" type="JOINT">
                              <matrix sid="matrix">1.000000 -0.000000 0.000000 0.000000 0.000000 1.000000 -0.000000 1.668700 -0.000000 0.000000 1.000000 -0.000000 0.000000 0.000000 0.000000 1.000000</matrix>
                            </node>
                          </node>
                        </node>
                      </node>
                    </node>
                  </node>
                </node>
              </node>
            </node>
          </node>
        </node>
        <node id="mixamorig_RightUpLeg" name="mixamorig_RightUpLeg" sid="mixamorig_RightUpLeg" type="JOINT">
          <matrix sid="matrix">-0.764886 -0.559546 -0.319152 -9.941000 0.323723 -0.762237 0.560534 -5.272400 -0.556914 0.325428 0.764162 -1.010900 0.000000 0.000000 0.000000 1.000000</matrix>
          <node id="mixamorig_RightLeg" name="mixamorig_RightLeg" sid="mixamorig_RightLeg" type="JOINT">
            <matrix sid="matrix">0.995542 0.089276 0.030421 0.000000 -0.083341 0.681663 0.726904 43.364799 0.044158 -0.726199 0.686065 0.000000 0.000000 0.000000 0.000000 1.000000</matrix>
            <node id="mixamorig_RightFoot" name="mixamorig_RightFoot" sid="mixamorig_RightFoot" type="JOINT">
              <matrix sid="matrix">0.876747 -0.169086 0.450249 -0.000000 0.477773 0.413651 -0.775001 44.493000 -0.055204 0.894596 0.443452 0.000000 0.000000 0.000000 0.000000 1.000000</matrix>
              <node id="mixamorig_RightToeBase" name="mixamorig_RightToeBase" sid="mixamorig_RightToeBase" type="JOINT">
                <matrix sid="matrix">0.998626 0.006836 0.051953 0.000000 0.030509 0.730229 -0.682521 20.000000 -0.042603 0.683168 0.729017 0.000000 0.000000 0.000000 0.000000 1.000000</matrix>
                <node id="mixamorig_RightToe_End" name="mixamorig_RightToe_End" sid="mixamorig_RightToe_End" type="JOINT">
                  <matrix sid="matrix">1.000000 -0.000000 -0.000000 0.000000 0.000000 1.000000 0.000000 10.000000 -0.000000 0.000000 1.000000 0.000000 0.000000 0.000000 0.000000 1.000000</matrix>
                </node>
              </node>
            </node>
          </node>
        </node>
        <node id="mixamorig_LeftUpLeg" name="mixamorig_LeftUpLeg" sid="mixamorig_LeftUpLeg" type="JOINT">
          <matrix sid="matrix">-0.663198 0.624577 0.412398 9.618300 0.024215 -0.532812 0.845887 -5.272300 0.748052 0.570977 0.338235 -1.010900 0.000000 0.000000 0.000000 1.000000</matrix>
          <node id="mixamorig_LeftLeg" name="mixamorig_LeftLeg" sid="mixamorig_LeftLeg" type="JOINT">
            <matrix sid="matrix">0.966441 -0.093315 0.239342 0.000000 -0.123351 0.648687 0.750993 43.365002 -0.225337 -0.755313 0.615407 0.000000 0.000000 0.000000 0.000000 1.000000</matrix>
            <node id="mixamorig_LeftFoot" name="mixamorig_LeftFoot" sid="mixamorig_LeftFoot" type="JOINT">
              <matrix sid="matrix">0.986988 -0.010433 -0.160458 0.000000 -0.113396 0.662342 -0.740571 44.493000 0.114005 0.749129 0.652540 0.000000 0.000000 0.000000 0.000000 1.000000</matrix>
              <node id="mixamorig_LeftToeBase" name="mixamorig_LeftToeBase" sid="mixamorig_LeftToeBase" type="JOINT">
                <matrix sid="matrix">0.998732 0.045791 -0.020912 0.000000 -0.047028 0.700502 -0.712099 20.000000 -0.017959 0.712179 0.701768 0.000000 0.000000 0.000000 0.000000 1.000000</matrix>
                <node id="mixamorig_LeftToe_End" name="mixamorig_LeftToe_End" sid="mixamorig_LeftToe_End" type="JOINT">
                  <matrix sid="matrix">1.000000 -0.000000 0.000000 0.000000 -0.000000 1.000000 0.000000 10.000000 0.000000 -0.000000 1.000000 0.000000 0.000000 0.000000 0.000000 1.000000</matrix>
                </node>
              </node>
            </node>
          </node>
        </node>
      </node>
    </visual_scene>
  </library_visual_scenes>
  <scene>
    <instance_visual_scene url="#RootNode"/>
  </scene>
</COLLADA>
