<?xml version="1.0" encoding="utf-8"?>
<COLLADA xmlns="http://www.collada.org/2005/11/COLLADASchema" version="1.4.1">
  <asset>
    <contributor>
      <author>Mixamo</author>
      <authoring_tool>COLLADA Mixamo exporter</authoring_tool>
      <comments/>
    </contributor>
    <created>2025-07-01T11:45:24Z</created>
    <modified>2025-07-01T11:45:24Z</modified>
    <revision/>
    <title/>
    <unit meter="0.010000"/>
    <up_axis>Y_UP</up_axis>
  </asset>
  <library_animations>
    <animation id="mixamorig_Hips-anim" name="mixamorig_Hips">
      <source id="mixamorig_Hips-Matrix-animation-input">
        <float_array id="mixamorig_Hips-Matrix-animation-input-array" count="69">

0.000000 0.033333 0.066667 0.100000 0.133333 0.166667 0.200000 0.233333 0.266667 0.300000 0.333333 0.366667 0.400000 0.433333 0.466667 0.500000
0.533333 0.566667 0.600000 0.633333 0.666667 0.700000 0.733333 0.766667 0.800000 0.833333 0.866667 0.900000 0.933333 0.966667 1.000000 1.033333
1.066667 1.100000 1.133333 1.166667 1.200000 1.233333 1.266667 1.300000 1.333333 1.366667 1.400000 1.433333 1.466667 1.500000 1.533333 1.566667
1.600000 1.633333 1.666667 1.700000 1.733333 1.766667 1.800000 1.833333 1.866667 1.900000 1.933333 1.966667 2.000000 2.033333 2.066667 2.100000
2.133333 2.166667 2.200000 2.233333 2.266667</float_array>
        <technique_common>
          <accessor source="#mixamorig_Hips-Matrix-animation-input-array" count="69">
            <param name="TIME" type="float"/>
          </accessor>
        </technique_common>
      </source>
      <source id="mixamorig_Hips-Matrix-animation-output-transform">
        <float_array id="mixamorig_Hips-Matrix-animation-output-transform-array" count="1104">

0.636207 -0.128224 -0.760789 -0.557447 0.042103 0.990393 -0.131714 89.299568 0.770369 0.051766 0.635493 0.754234 0.000000 0.000000 0.000000 1.000000
0.625347 -0.117188 -0.771497 -0.591568 0.049245 0.992615 -0.110859 89.519386 0.778791 0.031333 0.626500 0.987378 0.000000 0.000000 0.000000 1.000000
0.614220 -0.105320 -0.782075 -0.589874 0.055958 0.994372 -0.089961 89.777649 0.787148 0.011492 0.616656 1.444427 0.000000 0.000000 0.000000 1.000000
0.596483 -0.089192 -0.797654 -0.546982 0.064167 0.995925 -0.063377 90.074265 0.800056 -0.013380 0.599776 2.162240 0.000000 0.000000 0.000000 1.000000
0.565807 -0.070702 -0.821501 -0.484384 0.078337 0.996420 -0.031802 90.398483 0.820808 -0.046360 0.569320 3.147646 0.000000 0.000000 0.000000 1.000000
0.527578 -0.052337 -0.847893 -0.413313 0.094095 0.995559 -0.002903 90.734680 0.844280 -0.078251 0.530159 4.392710 0.000000 0.000000 0.000000 1.000000
0.493799 -0.037393 -0.868772 -0.339722 0.108236 0.993949 0.018740 91.074783 0.862814 -0.103286 0.494858 5.815643 0.000000 0.000000 0.000000 1.000000
0.480914 -0.032027 -0.876183 -0.284121 0.122345 0.992007 0.030891 91.404373 0.868190 -0.122053 0.480988 7.300855 0.000000 0.000000 0.000000 1.000000
0.496358 -0.043759 -0.867014 -0.286159 0.139123 0.989830 0.029689 91.726067 0.856898 -0.135358 0.497398 8.754525 0.000000 0.000000 0.000000 1.000000
0.534964 -0.049921 -0.843399 -0.228739 0.153970 0.987297 0.039224 92.070610 0.830727 -0.150841 0.535854 10.101272 0.000000 0.000000 0.000000 1.000000
0.587448 -0.054222 -0.807444 -0.134350 0.161692 0.985499 0.051459 92.444595 0.792945 -0.160786 0.587696 11.392950 0.000000 0.000000 0.000000 1.000000
0.650267 -0.060000 -0.757333 -0.001611 0.155351 0.986313 0.055247 92.856995 0.743652 -0.153577 0.650688 12.719652 0.000000 0.000000 0.000000 1.000000
0.718425 -0.065732 -0.692491 0.254484 0.142313 0.988357 0.053826 93.302689 0.680891 -0.137221 0.719415 14.019935 0.000000 0.000000 0.000000 1.000000
0.789019 -0.070483 -0.610312 0.661968 0.125456 0.990949 0.047749 93.766930 0.601423 -0.114242 0.790721 15.187737 0.000000 0.000000 0.000000 1.000000
0.856830 -0.070178 -0.510801 1.248340 0.102206 0.994152 0.034858 94.304985 0.505368 -0.082074 0.858992 16.221359 0.000000 0.000000 0.000000 1.000000
0.915629 -0.066177 -0.396541 1.982952 0.079707 0.996661 0.017718 94.885040 0.394045 -0.047831 0.917846 16.984932 0.000000 0.000000 0.000000 1.000000
0.962030 -0.055577 -0.267226 2.852874 0.055797 0.998419 -0.006777 95.495232 0.267180 -0.008391 0.963610 17.363228 0.000000 0.000000 0.000000 1.000000
0.989919 -0.036757 -0.136785 3.819056 0.030678 0.998457 -0.046289 96.063263 0.138275 0.041626 0.989519 17.276524 0.000000 0.000000 0.000000 1.000000
0.999802 -0.013466 -0.014638 4.784325 0.011981 0.995198 -0.097143 96.440231 0.015876 0.096949 0.995163 16.668522 0.000000 0.000000 0.000000 1.000000
0.995030 0.013694 0.098628 5.638142 0.001912 0.987687 -0.156429 96.438965 -0.099556 0.155840 0.982753 15.628396 0.000000 0.000000 0.000000 1.000000
0.982159 0.043287 0.183000 6.229436 -0.006119 0.979987 -0.198967 95.895042 -0.187951 0.194297 0.962768 14.190120 0.000000 0.000000 0.000000 1.000000
0.967344 0.070221 0.243547 6.490593 -0.018829 0.978111 -0.207229 94.827232 -0.252768 0.195876 0.947492 12.467322 0.000000 0.000000 0.000000 1.000000
0.951042 0.081535 0.298111 6.415115 -0.030164 0.984455 -0.173026 93.534958 -0.307585 0.155563 0.938718 10.692472 0.000000 0.000000 0.000000 1.000000
0.942212 0.060962 0.329423 5.905263 -0.016983 0.990732 -0.134766 92.409203 -0.334586 0.121384 0.934515 9.389448 0.000000 0.000000 0.000000 1.000000
0.956850 0.038691 0.287996 5.001038 -0.002540 0.992172 -0.124852 91.729057 -0.290572 0.118733 0.949458 9.037682 0.000000 0.000000 0.000000 1.000000
0.977596 0.028062 0.208610 3.817677 0.000125 0.990996 -0.133894 91.430901 -0.210489 0.130921 0.968790 9.525534 0.000000 0.000000 0.000000 1.000000
0.984612 0.037952 0.170584 2.588062 -0.007334 0.984247 -0.176646 91.214554 -0.174601 0.172677 0.969380 10.729245 0.000000 0.000000 0.000000 1.000000
0.968959 0.054202 0.241208 1.660383 -0.002378 0.977668 -0.210141 90.836922 -0.247211 0.203044 0.947449 11.850326 0.000000 0.000000 0.000000 1.000000
0.941566 0.068616 0.329766 0.902883 0.012630 0.971150 -0.238136 90.410545 -0.336592 0.228386 0.913535 12.782734 0.000000 0.000000 0.000000 1.000000
0.918754 0.078342 0.386979 0.474594 0.029952 0.963464 -0.266158 90.002182 -0.393692 0.256125 0.882840 13.268010 0.000000 0.000000 0.000000 1.000000
0.896371 0.097314 0.432491 0.269071 0.038717 0.954694 -0.295058 89.789169 -0.441610 0.281227 0.851993 13.499537 0.000000 0.000000 0.000000 1.000000
0.876234 0.120731 0.466517 0.132265 0.041148 0.945825 -0.322058 89.710953 -0.480126 0.301394 0.823797 13.658456 0.000000 0.000000 0.000000 1.000000
0.859943 0.143742 0.489731 0.015479 0.039117 0.938139 -0.344043 89.672318 -0.508889 0.315014 0.801123 13.803951 0.000000 0.000000 0.000000 1.000000
0.848944 0.161576 0.503176 -0.029147 0.034382 0.933213 -0.357674 89.677292 -0.527363 0.320945 0.786691 13.853027 0.000000 0.000000 0.000000 1.000000
0.851842 0.165872 0.496843 0.045884 0.022778 0.935908 -0.351508 89.811768 -0.523304 0.310746 0.793467 13.657601 0.000000 0.000000 0.000000 1.000000
0.868101 0.161792 0.469280 0.303234 0.001967 0.944262 -0.329189 90.084000 -0.496384 0.286692 0.819397 13.170769 0.000000 0.000000 0.000000 1.000000
0.888172 0.154498 0.432760 0.716084 -0.018735 0.953175 -0.301838 90.436699 -0.459129 0.259976 0.849478 12.472294 0.000000 0.000000 0.000000 1.000000
0.911354 0.142490 0.386175 1.142841 -0.036124 0.962240 -0.269794 90.836388 -0.410036 0.231927 0.882088 11.681236 0.000000 0.000000 0.000000 1.000000
0.936304 0.129276 0.326530 1.465241 -0.049358 0.968994 -0.242104 91.261002 -0.347704 0.210566 0.913654 10.968645 0.000000 0.000000 0.000000 1.000000
0.959251 0.117160 0.257119 1.613775 -0.060704 0.974187 -0.217429 91.709747 -0.275956 0.192961 0.941602 10.384424 0.000000 0.000000 0.000000 1.000000
0.978261 0.107119 0.177568 1.574212 -0.073657 0.979910 -0.185340 92.155403 -0.193854 0.168232 0.966498 9.827934 0.000000 0.000000 0.000000 1.000000
0.990559 0.095116 0.098725 1.367679 -0.079175 0.984828 -0.154418 92.542343 -0.111915 0.145144 0.983061 9.215609 0.000000 0.000000 0.000000 1.000000
0.996292 0.083417 0.021075 1.055612 -0.079925 0.987991 -0.132231 92.839310 -0.031852 0.130056 0.990995 8.469349 0.000000 0.000000 0.000000 1.000000
0.995725 0.071675 -0.058255 0.669561 -0.077809 0.990778 -0.110931 93.074059 0.049767 0.114989 0.992119 7.509490 0.000000 0.000000 0.000000 1.000000
0.988996 0.056366 -0.136784 0.212284 -0.069581 0.993153 -0.093838 93.263474 0.130558 0.102323 0.986146 6.375506 0.000000 0.000000 0.000000 1.000000
0.975694 0.044127 -0.214648 -0.266418 -0.061140 0.995436 -0.073276 93.418518 0.210435 0.084618 0.973939 5.090295 0.000000 0.000000 0.000000 1.000000
0.956403 0.038764 -0.289465 -0.726174 -0.054416 0.997448 -0.046218 93.540077 0.286935 0.059955 0.956072 3.702404 0.000000 0.000000 0.000000 1.000000
0.932562 0.036693 -0.359141 -1.188502 -0.049753 0.998391 -0.027186 93.590477 0.357566 0.043221 0.932887 2.329173 0.000000 0.000000 0.000000 1.000000
0.904869 0.037413 -0.424043 -1.651549 -0.046502 0.998856 -0.011104 93.616020 0.423142 0.029766 0.905574 1.038597 0.000000 0.000000 0.000000 1.000000
0.871923 0.040070 -0.488001 -2.109274 -0.040344 0.999136 0.009956 93.640976 0.487979 0.011007 0.872786 -0.139171 0.000000 0.000000 0.000000 1.000000
0.840247 0.040487 -0.540690 -2.534749 -0.030093 0.999153 0.028051 93.655060 0.541368 -0.007299 0.840754 -1.124661 0.000000 0.000000 0.000000 1.000000
0.810658 0.036600 -0.584375 -2.895662 -0.017597 0.999116 0.038165 93.633560 0.585255 -0.020656 0.810586 -1.885430 0.000000 0.000000 0.000000 1.000000
0.782017 0.028589 -0.622602 -3.165874 -0.002121 0.999064 0.043211 93.531075 0.623254 -0.032471 0.781345 -2.454400 0.000000 0.000000 0.000000 1.000000
0.756138 0.020426 -0.654094 -3.312643 0.014704 0.998730 0.048186 93.300552 0.654247 -0.046053 0.754877 -2.855309 0.000000 0.000000 0.000000 1.000000
0.733052 0.012821 -0.680051 -3.334749 0.027964 0.998409 0.048967 93.014847 0.679597 -0.054912 0.731527 -3.052888 0.000000 0.000000 0.000000 1.000000
0.708848 0.003743 -0.705352 -3.258530 0.039481 0.998208 0.044973 92.684525 0.704256 -0.059727 0.707429 -3.062703 0.000000 0.000000 0.000000 1.000000
0.686402 -0.009015 -0.727166 -3.108308 0.052889 0.997894 0.037553 92.321106 0.725296 -0.064236 0.685433 -2.930801 0.000000 0.000000 0.000000 1.000000
0.667606 -0.022950 -0.744161 -2.882127 0.063973 0.997596 0.026625 91.934174 0.741761 -0.065381 0.667470 -2.682434 0.000000 0.000000 0.000000 1.000000
0.652564 -0.038354 -0.756763 -2.586381 0.070865 0.997430 0.010557 91.531670 0.754413 -0.060517 0.653605 -2.357776 0.000000 0.000000 0.000000 1.000000
0.646550 -0.055444 -0.760854 -2.221330 0.075342 0.997120 -0.008637 91.125122 0.759142 -0.051740 0.648866 -2.017946 0.000000 0.000000 0.000000 1.000000
0.644771 -0.070137 -0.761151 -1.792004 0.075895 0.996735 -0.027555 90.726166 0.760598 -0.040001 0.647989 -1.706933 0.000000 0.000000 0.000000 1.000000
0.646055 -0.087500 -0.758259 -1.371885 0.077040 0.995810 -0.049273 90.339890 0.759393 -0.026583 0.650089 -1.438715 0.000000 0.000000 0.000000 1.000000
0.648008 -0.097272 -0.755397 -0.964696 0.073031 0.995176 -0.065500 89.990540 0.758124 -0.012723 0.651986 -1.190805 0.000000 0.000000 0.000000 1.000000
0.647615 -0.109651 -0.754037 -0.669522 0.067906 0.993959 -0.086218 89.674362 0.758936 0.004632 0.651149 -0.903235 0.000000 0.000000 0.000000 1.000000
0.645812 -0.119668 -0.754060 -0.481871 0.065498 0.992683 -0.101441 89.415558 0.760682 0.016122 0.648924 -0.591808 0.000000 0.000000 0.000000 1.000000
0.643108 -0.122834 -0.755860 -0.378703 0.059620 0.992087 -0.110496 89.227806 0.763451 0.025996 0.645342 -0.234740 0.000000 0.000000 0.000000 1.000000
0.640505 -0.125290 -0.757664 -0.375800 0.053864 0.991501 -0.118424 89.172798 0.766062 0.035040 0.641810 0.132413 0.000000 0.000000 0.000000 1.000000
0.638025 -0.126576 -0.759541 -0.442029 0.047962 0.991014 -0.124862 89.236290 0.768521 0.043236 0.638363 0.468290 0.000000 0.000000 0.000000 1.000000
0.636207 -0.128224 -0.760789 -0.557444 0.042103 0.990393 -0.131714 89.299568 0.770369 0.051766 0.635493 0.754239 0.000000 0.000000 0.000000 1.000000</float_array>
        <technique_common>
          <accessor source="#mixamorig_Hips-Matrix-animation-output-transform-array" count="69" stride="16">
            <param type="float4x4"/>
          </accessor>
        </technique_common>
      </source>
      <source id="mixamorig_Hips-Interpolations">
        <Name_array id="mixamorig_Hips-Interpolations-array" count="69">
 LINEAR LINEAR LINEAR LINEAR LINEAR LINEAR LINEAR LINEAR LINEAR LINEAR LINEAR
LINEAR LINEAR LINEAR LINEAR LINEAR LINEAR LINEAR LINEAR LINEAR LINEAR LINEAR LINEAR
LINEAR LINEAR LINEAR LINEAR LINEAR LINEAR LINEAR LINEAR LINEAR LINEAR LINEAR LINEAR
LINEAR LINEAR LINEAR LINEAR LINEAR LINEAR LINEAR LINEAR LINEAR LINEAR LINEAR LINEAR
LINEAR LINEAR LINEAR LINEAR LINEAR LINEAR LINEAR LINEAR LINEAR LINEAR LINEAR LINEAR
LINEAR LINEAR LINEAR LINEAR LINEAR LINEAR LINEAR LINEAR LINEAR LINEAR</Name_array>
        <technique_common>
          <accessor source="#mixamorig_Hips-Interpolations-array" count="69">
            <param type="name"/>
          </accessor>
        </technique_common>
      </source>
      <sampler id="mixamorig_Hips-Matrix-animation-transform">
        <input semantic="INPUT" source="#mixamorig_Hips-Matrix-animation-input"/>
        <input semantic="OUTPUT" source="#mixamorig_Hips-Matrix-animation-output-transform"/>
        <input semantic="INTERPOLATION" source="#mixamorig_Hips-Interpolations"/>
      </sampler>
      <channel source="#mixamorig_Hips-Matrix-animation-transform" target="mixamorig_Hips/matrix"/>
    </animation>
    <animation id="mixamorig_Spine-anim" name="mixamorig_Spine">
      <source id="mixamorig_Spine-Matrix-animation-input">
        <float_array id="mixamorig_Spine-Matrix-animation-input-array" count="69">

0.000000 0.033333 0.066667 0.100000 0.133333 0.166667 0.200000 0.233333 0.266667 0.300000 0.333333 0.366667 0.400000 0.433333 0.466667 0.500000
0.533333 0.566667 0.600000 0.633333 0.666667 0.700000 0.733333 0.766667 0.800000 0.833333 0.866667 0.900000 0.933333 0.966667 1.000000 1.033333
1.066667 1.100000 1.133333 1.166667 1.200000 1.233333 1.266667 1.300000 1.333333 1.366667 1.400000 1.433333 1.466667 1.500000 1.533333 1.566667
1.600000 1.633333 1.666667 1.700000 1.733333 1.766667 1.800000 1.833333 1.866667 1.900000 1.933333 1.966667 2.000000 2.033333 2.066667 2.100000
2.133333 2.166667 2.200000 2.233333 2.266667</float_array>
        <technique_common>
          <accessor source="#mixamorig_Spine-Matrix-animation-input-array" count="69">
            <param name="TIME" type="float"/>
          </accessor>
        </technique_common>
      </source>
      <source id="mixamorig_Spine-Matrix-animation-output-transform">
        <float_array id="mixamorig_Spine-Matrix-animation-output-transform-array" count="1104">

0.998162 0.025908 0.054793 -0.038100 -0.023409 0.998678 -0.045764 9.490500 -0.055906 0.044397 0.997448 -1.392100 0.000000 0.000000 0.000000 1.000000
0.998669 0.019788 0.047641 -0.038100 -0.017703 0.998883 -0.043809 9.490500 -0.048454 0.042907 0.997903 -1.392100 0.000000 0.000000 0.000000 1.000000
0.999346 0.011609 0.034259 -0.038100 -0.010200 0.999106 -0.041020 9.490500 -0.034704 0.040643 0.998571 -1.392100 0.000000 0.000000 0.000000 1.000000
0.999880 0.001645 0.015418 -0.038100 -0.001041 0.999234 -0.039109 9.490500 -0.015470 0.039089 0.999116 -1.392100 0.000000 0.000000 0.000000 1.000000
0.999935 -0.008360 -0.007774 -0.038100 0.008067 0.999283 -0.037002 9.490500 0.008078 0.036937 0.999285 -1.392100 0.000000 0.000000 0.000000 1.000000
0.999284 -0.019545 -0.032388 -0.038100 0.018462 0.999272 -0.033397 9.490500 0.033017 0.032775 0.998917 -1.392100 0.000000 0.000000 0.000000 1.000000
0.997849 -0.030500 -0.058031 -0.038100 0.028940 0.999202 -0.027532 9.490500 0.058825 0.025793 0.997935 -1.392100 0.000000 0.000000 0.000000 1.000000
0.995599 -0.042184 -0.083682 -0.038100 0.040492 0.998942 -0.021824 9.490500 0.084514 0.018340 0.996253 -1.392100 0.000000 0.000000 0.000000 1.000000
0.993263 -0.050592 -0.104258 -0.038100 0.049319 0.998674 -0.014756 9.490500 0.104866 0.009514 0.994441 -1.392100 0.000000 0.000000 0.000000 1.000000
0.991454 -0.054255 -0.118642 -0.038100 0.053559 0.998524 -0.009051 9.490500 0.118958 0.002619 0.992896 -1.392100 0.000000 0.000000 0.000000 1.000000
0.990526 -0.057303 -0.124800 -0.038100 0.057270 0.998351 -0.003860 9.490500 0.124815 -0.003324 0.992174 -1.392100 0.000000 0.000000 0.000000 1.000000
0.990152 -0.060229 -0.126376 -0.038100 0.061014 0.998134 0.002347 9.490500 0.125999 -0.010035 0.991980 -1.392100 0.000000 0.000000 0.000000 1.000000
0.990351 -0.061308 -0.124283 -0.038100 0.062824 0.997990 0.008312 9.490500 0.123524 -0.016040 0.992212 -1.392100 0.000000 0.000000 0.000000 1.000000
0.991179 -0.059122 -0.118616 -0.038100 0.061377 0.997995 0.015449 9.490500 0.117465 -0.022593 0.992820 -1.392100 0.000000 0.000000 0.000000 1.000000
0.991969 -0.056273 -0.113275 -0.038100 0.059250 0.997976 0.023085 9.490500 0.111746 -0.029611 0.993295 -1.392100 0.000000 0.000000 0.000000 1.000000
0.993012 -0.051820 -0.106032 -0.038100 0.055274 0.998024 0.029892 9.490500 0.104273 -0.035543 0.993913 -1.392100 0.000000 0.000000 0.000000 1.000000
0.994512 -0.046645 -0.093652 -0.038100 0.050192 0.998095 0.035877 9.490500 0.091800 -0.040381 0.994958 -1.392100 0.000000 0.000000 0.000000 1.000000
0.996300 -0.040316 -0.075901 -0.038100 0.043477 0.998234 0.040469 9.490500 0.074135 -0.043619 0.996294 -1.392100 0.000000 0.000000 0.000000 1.000000
0.997761 -0.033318 -0.057988 -0.038100 0.035662 0.998568 0.039873 9.490500 0.056577 -0.041852 0.997521 -1.392100 0.000000 0.000000 0.000000 1.000000
0.998848 -0.026181 -0.040211 -0.038100 0.027594 0.999006 0.035012 9.490500 0.039254 -0.036081 0.998578 -1.392100 0.000000 0.000000 0.000000 1.000000
0.999621 -0.022051 -0.016495 -0.038100 0.022396 0.999527 0.021086 9.490500 0.016022 -0.021448 0.999642 -1.392100 0.000000 0.000000 0.000000 1.000000
0.999705 -0.023488 0.006171 -0.038100 0.023508 0.999719 -0.003110 9.490500 -0.006096 0.003254 0.999976 -1.392100 0.000000 0.000000 0.000000 1.000000
0.999328 -0.031343 0.018988 -0.038100 0.031967 0.998928 -0.033488 9.490500 -0.017918 0.034073 0.999259 -1.392100 0.000000 0.000000 0.000000 1.000000
0.999481 -0.028832 0.014400 -0.038100 0.029600 0.997975 -0.056297 9.490500 -0.012748 0.056694 0.998310 -1.392100 0.000000 0.000000 0.000000 1.000000
0.999710 -0.012474 0.020606 -0.038100 0.013899 0.997413 -0.070532 9.490500 -0.019673 0.070798 0.997297 -1.392100 0.000000 0.000000 0.000000 1.000000
0.999138 0.009861 0.040329 -0.038100 -0.006303 0.996152 -0.087418 9.490500 -0.041036 0.087089 0.995355 -1.392100 0.000000 0.000000 0.000000 1.000000
0.998318 0.020945 0.054053 -0.038100 -0.015476 0.994899 -0.099680 9.490500 -0.055865 0.098676 0.993550 -1.392100 0.000000 0.000000 0.000000 1.000000
0.997741 0.012856 0.065938 -0.038100 -0.005433 0.993745 -0.111541 9.490500 -0.066959 0.110930 0.991570 -1.392100 0.000000 0.000000 0.000000 1.000000
0.997227 0.002864 0.074369 -0.038100 0.006245 0.992516 -0.121956 9.490500 -0.074162 0.122083 0.989745 -1.392100 0.000000 0.000000 0.000000 1.000000
0.997273 0.000337 0.073794 -0.038100 0.009097 0.991801 -0.127468 9.490500 -0.073232 0.127792 0.989094 -1.392100 0.000000 0.000000 0.000000 1.000000
0.997361 -0.002322 0.072572 -0.038100 0.012006 0.991005 -0.133285 9.490500 -0.071609 0.133804 0.988417 -1.392100 0.000000 0.000000 0.000000 1.000000
0.997468 -0.004790 0.070959 -0.038100 0.014622 0.990227 -0.138696 9.490500 -0.069602 0.139382 0.987790 -1.392100 0.000000 0.000000 0.000000 1.000000
0.997580 -0.006751 0.069204 -0.038100 0.016617 0.989584 -0.142996 9.490500 -0.067518 0.143800 0.987301 -1.392100 0.000000 0.000000 0.000000 1.000000
0.997688 -0.007856 0.067508 -0.038100 0.017633 0.989205 -0.145472 9.490500 -0.065637 0.146326 0.987057 -1.392100 0.000000 0.000000 0.000000 1.000000
0.997836 -0.007534 0.065313 -0.038100 0.016926 0.989366 -0.144457 9.490500 -0.063530 0.145250 0.987353 -1.392100 0.000000 0.000000 0.000000 1.000000
0.998009 -0.007426 0.062626 -0.038100 0.016204 0.989899 -0.140844 9.490500 -0.060947 0.141578 0.988049 -1.392100 0.000000 0.000000 0.000000 1.000000
0.998192 -0.009021 0.059420 -0.038100 0.016971 0.990745 -0.134674 9.490500 -0.057656 0.135439 0.989107 -1.392100 0.000000 0.000000 0.000000 1.000000
0.998404 -0.010298 0.055534 -0.038100 0.017377 0.991551 -0.128548 9.490500 -0.053741 0.129308 0.990147 -1.392100 0.000000 0.000000 0.000000 1.000000
0.998573 -0.009142 0.052618 -0.038100 0.015492 0.992463 -0.121565 9.490500 -0.051110 0.122206 0.991188 -1.392100 0.000000 0.000000 0.000000 1.000000
0.998723 -0.007423 0.049963 -0.038100 0.013067 0.993441 -0.113597 9.490500 -0.048792 0.114105 0.992270 -1.392100 0.000000 0.000000 0.000000 1.000000
0.998863 -0.005825 0.047325 -0.038100 0.010879 0.994173 -0.107249 9.490500 -0.046425 0.107642 0.993105 -1.392100 0.000000 0.000000 0.000000 1.000000
0.999070 -0.004272 0.042908 -0.038100 0.008576 0.994888 -0.100620 9.490500 -0.042259 0.100894 0.993999 -1.392100 0.000000 0.000000 0.000000 1.000000
0.999258 -0.003256 0.038387 -0.038100 0.006802 0.995680 -0.092602 9.490500 -0.037919 0.092794 0.994963 -1.392100 0.000000 0.000000 0.000000 1.000000
0.999443 -0.002530 0.033268 -0.038100 0.005394 0.996256 -0.086279 9.490500 -0.032925 0.086410 0.995715 -1.392100 0.000000 0.000000 0.000000 1.000000
0.999590 -0.001714 0.028594 -0.038100 0.004010 0.996751 -0.080440 9.490500 -0.028363 0.080522 0.996349 -1.392100 0.000000 0.000000 0.000000 1.000000
0.999692 -0.001820 0.024769 -0.038100 0.003737 0.996981 -0.077562 9.490500 -0.024553 0.077631 0.996680 -1.392100 0.000000 0.000000 0.000000 1.000000
0.999795 -0.003217 0.019990 -0.038100 0.004745 0.997028 -0.076894 9.490500 -0.019683 0.076973 0.996839 -1.392100 0.000000 0.000000 0.000000 1.000000
0.999872 -0.005518 0.015019 -0.038100 0.006645 0.997082 -0.076044 9.490500 -0.014556 0.076134 0.996991 -1.392100 0.000000 0.000000 0.000000 1.000000
0.999913 -0.009029 0.009581 -0.038100 0.009719 0.997160 -0.074682 9.490500 -0.008880 0.074768 0.997161 -1.392100 0.000000 0.000000 0.000000 1.000000
0.999929 -0.011179 0.004070 -0.038100 0.011448 0.997229 -0.073507 9.490500 -0.003237 0.073548 0.997286 -1.392100 0.000000 0.000000 0.000000 1.000000
0.999921 -0.012462 -0.001674 -0.038100 0.012305 0.997222 -0.073470 9.490500 0.002585 0.073443 0.997296 -1.392100 0.000000 0.000000 0.000000 1.000000
0.999881 -0.013864 -0.006786 -0.038100 0.013332 0.997238 -0.073071 9.490500 0.007781 0.072972 0.997304 -1.392100 0.000000 0.000000 0.000000 1.000000
0.999760 -0.019249 -0.010486 -0.038100 0.018472 0.997398 -0.069684 9.490500 0.011801 0.069474 0.997514 -1.392100 0.000000 0.000000 0.000000 1.000000
0.999732 -0.017029 -0.015695 -0.038100 0.015892 0.997425 -0.069933 9.490500 0.016845 0.069664 0.997428 -1.392100 0.000000 0.000000 0.000000 1.000000
0.999700 -0.014615 -0.019652 -0.038100 0.013212 0.997479 -0.069728 9.490500 0.020622 0.069447 0.997372 -1.392100 0.000000 0.000000 0.000000 1.000000
0.999716 -0.012339 -0.020401 -0.038100 0.010907 0.997563 -0.068910 9.490500 0.021202 0.068668 0.997414 -1.392100 0.000000 0.000000 0.000000 1.000000
0.999800 -0.007181 -0.018644 -0.038100 0.005897 0.997666 -0.068031 9.490500 0.019089 0.067907 0.997509 -1.392100 0.000000 0.000000 0.000000 1.000000
0.999884 -0.004475 -0.014570 -0.038100 0.003504 0.997813 -0.066013 9.490500 0.014834 0.065954 0.997712 -1.392100 0.000000 0.000000 0.000000 1.000000
0.999951 -0.002115 -0.009649 -0.038100 0.001496 0.997969 -0.063680 9.490500 0.009764 0.063662 0.997924 -1.392100 0.000000 0.000000 0.000000 1.000000
0.999985 0.000915 -0.005357 -0.038100 -0.001241 0.998123 -0.061223 9.490500 0.005291 0.061229 0.998110 -1.392100 0.000000 0.000000 0.000000 1.000000
0.999994 0.003472 0.000571 -0.038100 -0.003432 0.998216 -0.059607 9.490500 -0.000776 0.059605 0.998222 -1.392100 0.000000 0.000000 0.000000 1.000000
0.999955 0.005871 0.007471 -0.038100 -0.005429 0.998308 -0.057888 9.490500 -0.007798 0.057845 0.998295 -1.392100 0.000000 0.000000 0.000000 1.000000
0.999854 0.007389 0.015428 -0.038100 -0.006502 0.998365 -0.056782 9.490500 -0.015822 0.056674 0.998267 -1.392100 0.000000 0.000000 0.000000 1.000000
0.999662 0.009689 0.024104 -0.038100 -0.008364 0.998481 -0.054465 9.490500 -0.024595 0.054245 0.998225 -1.392100 0.000000 0.000000 0.000000 1.000000
0.999400 0.013440 0.031928 -0.038100 -0.011745 0.998543 -0.052676 9.490500 -0.032589 0.052269 0.998101 -1.392100 0.000000 0.000000 0.000000 1.000000
0.999084 0.016495 0.039478 -0.038100 -0.014463 0.998583 -0.051217 9.490500 -0.040267 0.050599 0.997907 -1.392100 0.000000 0.000000 0.000000 1.000000
0.998750 0.020051 0.045777 -0.038100 -0.017790 0.998627 -0.049263 9.490500 -0.046702 0.048387 0.997736 -1.392100 0.000000 0.000000 0.000000 1.000000
0.998433 0.023290 0.050881 -0.038100 -0.020873 0.998652 -0.047516 9.490500 -0.051919 0.046379 0.997574 -1.392100 0.000000 0.000000 0.000000 1.000000
0.998162 0.025908 0.054794 -0.038100 -0.023409 0.998678 -0.045765 9.490500 -0.055907 0.044398 0.997448 -1.392100 0.000000 0.000000 0.000000 1.000000</float_array>
        <technique_common>
          <accessor source="#mixamorig_Spine-Matrix-animation-output-transform-array" count="69" stride="16">
            <param type="float4x4"/>
          </accessor>
        </technique_common>
      </source>
      <source id="mixamorig_Spine-Interpolations">
        <Name_array id="mixamorig_Spine-Interpolations-array" count="69">
 LINEAR LINEAR LINEAR LINEAR LINEAR LINEAR LINEAR LINEAR LINEAR LINEAR LINEAR
LINEAR LINEAR LINEAR LINEAR LINEAR LINEAR LINEAR LINEAR LINEAR LINEAR LINEAR LINEAR
LINEAR LINEAR LINEAR LINEAR LINEAR LINEAR LINEAR LINEAR LINEAR LINEAR LINEAR LINEAR
LINEAR LINEAR LINEAR LINEAR LINEAR LINEAR LINEAR LINEAR LINEAR LINEAR LINEAR LINEAR
LINEAR LINEAR LINEAR LINEAR LINEAR LINEAR LINEAR LINEAR LINEAR LINEAR LINEAR LINEAR
LINEAR LINEAR LINEAR LINEAR LINEAR LINEAR LINEAR LINEAR LINEAR LINEAR</Name_array>
        <technique_common>
          <accessor source="#mixamorig_Spine-Interpolations-array" count="69">
            <param type="name"/>
          </accessor>
        </technique_common>
      </source>
      <sampler id="mixamorig_Spine-Matrix-animation-transform">
        <input semantic="INPUT" source="#mixamorig_Spine-Matrix-animation-input"/>
        <input semantic="OUTPUT" source="#mixamorig_Spine-Matrix-animation-output-transform"/>
        <input semantic="INTERPOLATION" source="#mixamorig_Spine-Interpolations"/>
      </sampler>
      <channel source="#mixamorig_Spine-Matrix-animation-transform" target="mixamorig_Spine/matrix"/>
    </animation>
    <animation id="mixamorig_Spine1-anim" name="mixamorig_Spine1">
      <source id="mixamorig_Spine1-Matrix-animation-input">
        <float_array id="mixamorig_Spine1-Matrix-animation-input-array" count="69">

0.000000 0.033333 0.066667 0.100000 0.133333 0.166667 0.200000 0.233333 0.266667 0.300000 0.333333 0.366667 0.400000 0.433333 0.466667 0.500000
0.533333 0.566667 0.600000 0.633333 0.666667 0.700000 0.733333 0.766667 0.800000 0.833333 0.866667 0.900000 0.933333 0.966667 1.000000 1.033333
1.066667 1.100000 1.133333 1.166667 1.200000 1.233333 1.266667 1.300000 1.333333 1.366667 1.400000 1.433333 1.466667 1.500000 1.533333 1.566667
1.600000 1.633333 1.666667 1.700000 1.733333 1.766667 1.800000 1.833333 1.866667 1.900000 1.933333 1.966667 2.000000 2.033333 2.066667 2.100000
2.133333 2.166667 2.200000 2.233333 2.266667</float_array>
        <technique_common>
          <accessor source="#mixamorig_Spine1-Matrix-animation-input-array" count="69">
            <param name="TIME" type="float"/>
          </accessor>
        </technique_common>
      </source>
      <source id="mixamorig_Spine1-Matrix-animation-output-transform">
        <float_array id="mixamorig_Spine1-Matrix-animation-output-transform-array" count="1104">

0.992547 0.059505 0.106349 0.000000 -0.048225 0.993232 -0.105661 11.190800 -0.111917 0.099744 0.988699 0.000000 0.000000 0.000000 0.000000 1.000000
0.993091 0.058755 0.101578 0.000000 -0.048377 0.993630 -0.101782 11.190800 -0.106911 0.096165 0.989607 0.000000 0.000000 0.000000 0.000000 1.000000
0.994806 0.055100 0.085587 0.000000 -0.046817 0.994285 -0.095944 11.190800 -0.090384 0.091438 0.991700 -0.000000 0.000000 0.000000 0.000000 1.000000
0.997038 0.048753 0.059490 0.000000 -0.043182 0.994861 -0.091585 11.190800 -0.063649 0.088744 0.994019 0.000000 0.000000 0.000000 0.000000 1.000000
0.998776 0.042608 0.025103 0.000000 -0.040284 0.995415 -0.086750 11.190800 -0.028685 0.085633 0.995914 0.000000 0.000000 0.000000 0.000000 1.000000
0.999345 0.034105 -0.012106 0.000000 -0.034955 0.996280 -0.078765 11.190800 0.009375 0.079136 0.996820 -0.000000 0.000000 0.000000 0.000000 1.000000
0.998323 0.025659 -0.051895 0.000000 -0.029078 0.997380 -0.066237 11.190800 0.050059 0.067635 0.996453 0.000000 0.000000 0.000000 0.000000 1.000000
0.995580 0.015003 -0.092710 -0.000000 -0.020070 0.998341 -0.053966 11.190800 0.091747 0.055588 0.994230 0.000000 0.000000 0.000000 0.000000 1.000000
0.992119 0.009585 -0.124932 -0.000000 -0.014581 0.999127 -0.039137 11.190800 0.124448 0.040650 0.991393 0.000000 0.000000 0.000000 0.000000 1.000000
0.989121 0.011968 -0.146617 0.000000 -0.016120 0.999501 -0.027164 11.190800 0.146219 0.029231 0.988820 -0.000000 0.000000 0.000000 0.000000 1.000000
0.987985 0.013684 -0.153945 0.000000 -0.016380 0.999734 -0.016258 11.190800 0.153681 0.018585 0.987946 0.000000 0.000000 0.000000 0.000000 1.000000
0.987912 0.013518 -0.154427 0.000000 -0.014210 0.999893 -0.003378 11.190800 0.154365 0.005532 0.987998 0.000000 0.000000 0.000000 0.000000 1.000000
0.988611 0.014224 -0.149817 -0.000000 -0.013049 0.999876 0.008818 11.190800 0.149924 -0.006763 0.988674 0.000000 0.000000 0.000000 0.000000 1.000000
0.990118 0.018179 -0.139053 0.000000 -0.015137 0.999623 0.022906 11.190800 0.139417 -0.020575 0.990020 0.000000 0.000000 0.000000 0.000000 1.000000
0.991395 0.023822 -0.128722 0.000000 -0.019073 0.999096 0.038000 11.190800 0.129511 -0.035218 0.990952 0.000000 0.000000 0.000000 0.000000 1.000000
0.992901 0.033067 -0.114257 -0.000000 -0.027336 0.998306 0.051368 11.190800 0.115762 -0.047880 0.992122 -0.000000 0.000000 0.000000 0.000000 1.000000
0.995049 0.043815 -0.089206 0.000000 -0.038273 0.997284 0.062925 11.190800 0.091720 -0.059199 0.994024 0.000000 0.000000 0.000000 0.000000 1.000000
0.996987 0.056468 -0.053182 0.000000 -0.052612 0.996065 0.071319 11.190800 0.057000 -0.068307 0.996035 0.000000 0.000000 0.000000 0.000000 1.000000
0.997459 0.069195 -0.016941 -0.000000 -0.067874 0.995306 0.068984 11.190800 0.021635 -0.067659 0.997474 0.000000 0.000000 0.000000 0.000000 1.000000
0.996498 0.081468 0.018806 0.000000 -0.082431 0.994915 0.057881 11.190800 -0.013995 -0.059229 0.998146 -0.000000 0.000000 0.000000 0.000000 1.000000
0.993983 0.087493 0.065902 0.000000 -0.089535 0.995571 0.028680 11.190800 -0.063100 -0.034408 0.997414 0.000000 0.000000 0.000000 0.000000 1.000000
0.990379 0.083547 0.110311 -0.000000 -0.081831 0.996445 -0.020006 11.190800 -0.111590 0.010786 0.993696 0.000000 0.000000 0.000000 0.000000 1.000000
0.988450 0.068813 0.135024 0.000000 -0.058454 0.995140 -0.079241 11.190800 -0.139820 0.070433 0.987669 -0.000000 0.000000 0.000000 0.000000 1.000000
0.989401 0.073619 0.125162 0.000000 -0.057930 0.990505 -0.124672 11.190800 -0.133152 0.116100 0.984272 -0.000000 0.000000 0.000000 0.000000 1.000000
0.985057 0.106429 0.135405 0.000000 -0.084962 0.984178 -0.155481 11.190800 -0.149811 0.141653 0.978515 0.000000 0.000000 0.000000 0.000000 1.000000
0.973367 0.152972 0.170750 -0.000000 -0.119199 0.973926 -0.193027 11.190800 -0.195826 0.167533 0.966222 0.000000 0.000000 0.000000 0.000000 1.000000
0.964584 0.177597 0.195033 -0.000000 -0.133548 0.966422 -0.219531 11.190800 -0.227472 0.185710 0.955912 0.000000 0.000000 0.000000 0.000000 1.000000
0.961857 0.164734 0.218389 -0.000000 -0.110349 0.964164 -0.241270 11.190800 -0.250308 0.207968 0.945566 0.000000 0.000000 0.000000 0.000000 1.000000
0.960584 0.147583 0.235579 0.000000 -0.084260 0.962146 -0.259181 11.190800 -0.264912 0.229116 0.936658 0.000000 0.000000 0.000000 0.000000 1.000000
0.961404 0.143402 0.234815 0.000000 -0.077442 0.959970 -0.269186 11.190800 -0.264017 0.240612 0.934024 0.000000 0.000000 0.000000 0.000000 1.000000
0.962569 0.138843 0.232773 0.000000 -0.070461 0.957486 -0.279742 11.190800 -0.261717 0.252870 0.931430 -0.000000 0.000000 0.000000 0.000000 1.000000
0.963876 0.134517 0.229887 0.000000 -0.064215 0.955000 -0.289570 11.190800 -0.258494 0.264347 0.929140 0.000000 0.000000 0.000000 0.000000 1.000000
0.965133 0.131042 0.226599 0.000000 -0.059559 0.952898 -0.297384 11.190800 -0.254895 0.273519 0.927478 -0.000000 0.000000 0.000000 0.000000 1.000000
0.966159 0.129033 0.223352 -0.000000 -0.057303 0.951620 -0.301886 11.190800 -0.251500 0.278871 0.926811 0.000000 0.000000 0.000000 0.000000 1.000000
0.967099 0.129412 0.219024 0.000000 -0.059441 0.952063 -0.300070 11.190800 -0.247358 0.277178 0.928432 0.000000 0.000000 0.000000 0.000000 1.000000
0.968320 0.129025 0.213795 0.000000 -0.062360 0.953988 -0.293290 11.190800 -0.241799 0.270666 0.931812 0.000000 0.000000 0.000000 0.000000 1.000000
0.970123 0.124927 0.207977 -0.000000 -0.063016 0.957565 -0.281244 11.190800 -0.234286 0.259735 0.936829 0.000000 0.000000 0.000000 0.000000 1.000000
0.972100 0.121322 0.200755 0.000000 -0.064312 0.960908 -0.269296 11.190800 -0.225579 0.248871 0.941901 -0.000000 0.000000 0.000000 0.000000 1.000000
0.973084 0.122728 0.195050 -0.000000 -0.070249 0.964082 -0.256146 11.190800 -0.219480 0.235550 0.946755 0.000000 0.000000 0.000000 0.000000 1.000000
0.973748 0.125678 0.189788 -0.000000 -0.077837 0.967345 -0.241216 11.190800 -0.213906 0.220111 0.951733 -0.000000 0.000000 0.000000 0.000000 1.000000
0.974350 0.128942 0.184435 -0.000000 -0.084898 0.969628 -0.229375 11.190800 -0.208410 0.207833 0.955704 -0.000000 0.000000 0.000000 0.000000 1.000000
0.975555 0.131924 0.175751 0.000000 -0.092349 0.971822 -0.216872 11.190800 -0.199409 0.195340 0.960249 0.000000 0.000000 0.000000 0.000000 1.000000
0.976851 0.133567 0.167096 0.000000 -0.098785 0.974503 -0.201460 11.190800 -0.189744 0.180290 0.965139 0.000000 0.000000 0.000000 0.000000 1.000000
0.978347 0.134566 0.157255 0.000000 -0.103895 0.976431 -0.189177 11.190800 -0.179006 0.168743 0.969269 0.000000 0.000000 0.000000 0.000000 1.000000
0.979608 0.135502 0.148345 0.000000 -0.108372 0.978087 -0.177766 11.190800 -0.169182 0.158065 0.972827 -0.000000 0.000000 0.000000 0.000000 1.000000
0.980801 0.134654 0.141056 0.000000 -0.109673 0.978980 -0.171962 11.190800 -0.161246 0.153190 0.974953 0.000000 0.000000 0.000000 0.000000 1.000000
0.982559 0.131081 0.131888 0.000000 -0.107824 0.979491 -0.170212 11.190800 -0.151495 0.153023 0.976542 0.000000 0.000000 0.000000 0.000000 1.000000
0.984594 0.124774 0.122497 0.000000 -0.103353 0.980375 -0.167878 11.190800 -0.141040 0.152631 0.978167 -0.000000 0.000000 0.000000 0.000000 1.000000
0.986880 0.115985 0.112318 0.000000 -0.096666 0.981654 -0.164351 11.190800 -0.129320 0.151337 0.979986 0.000000 0.000000 0.000000 0.000000 1.000000
0.988696 0.110011 0.101868 0.000000 -0.092686 0.982515 -0.161471 11.190800 -0.117850 0.150204 0.981606 0.000000 0.000000 0.000000 0.000000 1.000000
0.990365 0.105053 0.090228 0.000000 -0.089595 0.982886 -0.160961 11.190800 -0.105593 0.151326 0.982828 0.000000 0.000000 0.000000 0.000000 1.000000
0.992007 0.098588 0.078753 -0.000000 -0.085062 0.983490 -0.159722 11.190800 -0.093200 0.151746 0.984016 0.000000 0.000000 0.000000 0.000000 1.000000
0.994109 0.083130 0.069544 0.000000 -0.071793 0.985758 -0.152075 11.190800 -0.081196 0.146186 0.985919 0.000000 0.000000 0.000000 0.000000 1.000000
0.995065 0.082037 0.055811 -0.000000 -0.072696 0.985604 -0.152644 11.190800 -0.067530 0.147834 0.986704 -0.000000 0.000000 0.000000 0.000000 1.000000
0.995749 0.080932 0.043969 0.000000 -0.073381 0.985603 -0.152322 11.190800 -0.055664 0.148448 0.987352 0.000000 0.000000 0.000000 0.000000 1.000000
0.996113 0.079377 0.038193 0.000000 -0.072781 0.985885 -0.150777 11.190800 -0.049622 0.147411 0.987830 0.000000 0.000000 0.000000 0.000000 1.000000
0.995832 0.083375 0.036974 0.000000 -0.076984 0.985771 -0.149426 11.190800 -0.048906 0.145957 0.988081 -0.000000 0.000000 0.000000 0.000000 1.000000
0.995806 0.082222 0.040137 -0.000000 -0.075583 0.986459 -0.145555 11.190800 -0.051561 0.141911 0.988536 -0.000000 0.000000 0.000000 0.000000 1.000000
0.995790 0.080100 0.044572 -0.000000 -0.073106 0.987305 -0.141015 11.190800 -0.055301 0.137163 0.989004 0.000000 0.000000 0.000000 0.000000 1.000000
0.995756 0.078954 0.047285 -0.000000 -0.071872 0.988061 -0.136272 11.190800 -0.057479 0.132296 0.989542 0.000000 0.000000 0.000000 0.000000 1.000000
0.995647 0.076758 0.052878 -0.000000 -0.069149 0.988681 -0.133147 11.190800 -0.062500 0.128911 0.989685 0.000000 0.000000 0.000000 0.000000 1.000000
0.995444 0.074000 0.060126 0.000000 -0.065709 0.989362 -0.129788 11.190800 -0.069091 0.125246 0.989717 0.000000 0.000000 0.000000 0.000000 1.000000
0.995184 0.069429 0.069203 0.000000 -0.060199 0.990005 -0.127538 11.190800 -0.077366 0.122758 0.989417 0.000000 0.000000 0.000000 0.000000 1.000000
0.994622 0.066279 0.079587 0.000000 -0.056189 0.990822 -0.122942 11.190800 -0.087005 0.117809 0.989217 0.000000 0.000000 0.000000 0.000000 1.000000
0.993930 0.065819 0.088154 -0.000000 -0.055045 0.991305 -0.119518 11.190800 -0.095254 0.113940 0.988911 -0.000000 0.000000 0.000000 0.000000 1.000000
0.993305 0.064066 0.096133 0.000000 -0.052679 0.991775 -0.116647 11.190800 -0.102815 0.110801 0.988510 -0.000000 0.000000 0.000000 0.000000 1.000000
0.992796 0.063313 0.101718 0.000000 -0.051722 0.992270 -0.112809 11.190800 -0.108074 0.106735 0.988396 -0.000000 0.000000 0.000000 0.000000 1.000000
0.992527 0.062005 0.105102 0.000000 -0.050443 0.992728 -0.109301 11.190800 -0.111115 0.103182 0.988437 0.000000 0.000000 0.000000 0.000000 1.000000
0.992541 0.059618 0.106338 -0.000000 -0.048338 0.993225 -0.105673 11.190800 -0.111917 0.099745 0.988699 0.000000 0.000000 0.000000 0.000000 1.000000</float_array>
        <technique_common>
          <accessor source="#mixamorig_Spine1-Matrix-animation-output-transform-array" count="69" stride="16">
            <param type="float4x4"/>
          </accessor>
        </technique_common>
      </source>
      <source id="mixamorig_Spine1-Interpolations">
        <Name_array id="mixamorig_Spine1-Interpolations-array" count="69">
 LINEAR LINEAR LINEAR LINEAR LINEAR LINEAR LINEAR LINEAR LINEAR LINEAR LINEAR
LINEAR LINEAR LINEAR LINEAR LINEAR LINEAR LINEAR LINEAR LINEAR LINEAR LINEAR LINEAR
LINEAR LINEAR LINEAR LINEAR LINEAR LINEAR LINEAR LINEAR LINEAR LINEAR LINEAR LINEAR
LINEAR LINEAR LINEAR LINEAR LINEAR LINEAR LINEAR LINEAR LINEAR LINEAR LINEAR LINEAR
LINEAR LINEAR LINEAR LINEAR LINEAR LINEAR LINEAR LINEAR LINEAR LINEAR LINEAR LINEAR
LINEAR LINEAR LINEAR LINEAR LINEAR LINEAR LINEAR LINEAR LINEAR LINEAR</Name_array>
        <technique_common>
          <accessor source="#mixamorig_Spine1-Interpolations-array" count="69">
            <param type="name"/>
          </accessor>
        </technique_common>
      </source>
      <sampler id="mixamorig_Spine1-Matrix-animation-transform">
        <input semantic="INPUT" source="#mixamorig_Spine1-Matrix-animation-input"/>
        <input semantic="OUTPUT" source="#mixamorig_Spine1-Matrix-animation-output-transform"/>
        <input semantic="INTERPOLATION" source="#mixamorig_Spine1-Interpolations"/>
      </sampler>
      <channel source="#mixamorig_Spine1-Matrix-animation-transform" target="mixamorig_Spine1/matrix"/>
    </animation>
    <animation id="mixamorig_Spine2-anim" name="mixamorig_Spine2">
      <source id="mixamorig_Spine2-Matrix-animation-input">
        <float_array id="mixamorig_Spine2-Matrix-animation-input-array" count="69">

0.000000 0.033333 0.066667 0.100000 0.133333 0.166667 0.200000 0.233333 0.266667 0.300000 0.333333 0.366667 0.400000 0.433333 0.466667 0.500000
0.533333 0.566667 0.600000 0.633333 0.666667 0.700000 0.733333 0.766667 0.800000 0.833333 0.866667 0.900000 0.933333 0.966667 1.000000 1.033333
1.066667 1.100000 1.133333 1.166667 1.200000 1.233333 1.266667 1.300000 1.333333 1.366667 1.400000 1.433333 1.466667 1.500000 1.533333 1.566667
1.600000 1.633333 1.666667 1.700000 1.733333 1.766667 1.800000 1.833333 1.866667 1.900000 1.933333 1.966667 2.000000 2.033333 2.066667 2.100000
2.133333 2.166667 2.200000 2.233333 2.266667</float_array>
        <technique_common>
          <accessor source="#mixamorig_Spine2-Matrix-animation-input-array" count="69">
            <param name="TIME" type="float"/>
          </accessor>
        </technique_common>
      </source>
      <source id="mixamorig_Spine2-Matrix-animation-output-transform">
        <float_array id="mixamorig_Spine2-Matrix-animation-output-transform-array" count="1104">

0.992297 0.056764 0.110114 -0.000000 -0.052099 0.997637 -0.044789 12.789500 -0.112396 0.038707 0.992909 -0.000000 0.000000 0.000000 0.000000 1.000000
0.992889 0.053750 0.106214 -0.000000 -0.049490 0.997877 -0.042344 12.789500 -0.108265 0.036786 0.993441 0.000000 0.000000 0.000000 0.000000 1.000000
0.994674 0.048288 0.091064 0.000000 -0.044975 0.998261 -0.038098 12.789500 -0.092746 0.033799 0.995116 -0.000000 0.000000 0.000000 0.000000 1.000000
0.997015 0.040450 0.065770 0.000000 -0.038179 0.998643 -0.035419 12.789500 -0.067114 0.032802 0.997206 0.000000 0.000000 0.000000 0.000000 1.000000
0.998931 0.033075 0.032279 0.000000 -0.032033 0.998965 -0.032296 12.789500 -0.033314 0.031227 0.998957 -0.000000 0.000000 0.000000 0.000000 1.000000
0.999718 0.023392 -0.004139 0.000000 -0.023491 0.999387 -0.025960 12.789500 0.003529 0.026050 0.999654 0.000000 0.000000 0.000000 0.000000 1.000000
0.998972 0.013918 -0.043151 0.000000 -0.014576 0.999782 -0.014975 12.789500 0.042933 0.015588 0.998956 -0.000000 0.000000 0.000000 0.000000 1.000000
0.996515 0.002441 -0.083378 0.000000 -0.002791 0.999988 -0.004074 12.789500 0.083367 0.004292 0.996510 0.000000 0.000000 0.000000 0.000000 1.000000
0.993372 -0.003947 -0.114877 -0.000000 0.005077 0.999942 0.009551 12.789500 0.114832 -0.010071 0.993334 0.000000 0.000000 0.000000 0.000000 1.000000
0.990754 -0.002633 -0.135646 0.000000 0.005461 0.999775 0.020483 12.789500 0.135561 -0.021034 0.990546 0.000000 0.000000 0.000000 0.000000 1.000000
0.989819 -0.002123 -0.142314 -0.000000 0.006550 0.999509 0.030646 12.789500 0.142179 -0.031266 0.989347 -0.000000 0.000000 0.000000 0.000000 1.000000
0.989791 -0.003111 -0.142493 0.000000 0.009352 0.999025 0.043149 12.789500 0.142219 -0.044041 0.988855 0.000000 0.000000 0.000000 0.000000 1.000000
0.990456 -0.002751 -0.137805 0.000000 0.010466 0.998415 0.055292 12.789500 0.137435 -0.056206 0.988915 0.000000 0.000000 0.000000 0.000000 1.000000
0.991922 0.000659 -0.126850 0.000000 0.008203 0.997560 0.069327 12.789500 0.126587 -0.069808 0.989496 0.000000 0.000000 0.000000 0.000000 1.000000
0.993203 0.005780 -0.116253 0.000000 0.004072 0.996429 0.084334 12.789500 0.116326 -0.084234 0.989633 0.000000 0.000000 0.000000 0.000000 1.000000
0.994748 0.014300 -0.101353 0.000000 -0.004367 0.995220 0.097556 12.789500 0.102264 -0.096601 0.990056 0.000000 0.000000 0.000000 0.000000 1.000000
0.996839 0.023811 -0.075801 0.000000 -0.015458 0.993930 0.108927 12.789500 0.077934 -0.107411 0.991155 0.000000 0.000000 0.000000 0.000000 1.000000
0.998628 0.034715 -0.039202 0.000000 -0.029912 0.992671 0.117092 12.789500 0.042980 -0.115759 0.992347 0.000000 0.000000 0.000000 0.000000 1.000000
0.998951 0.045719 -0.002400 0.000000 -0.045144 0.992391 0.114551 12.789500 0.007619 -0.114323 0.993414 -0.000000 0.000000 0.000000 0.000000 1.000000
0.997838 0.056328 0.033872 -0.000000 -0.059553 0.992868 0.103278 12.789500 -0.027813 -0.105072 0.994076 0.000000 0.000000 0.000000 0.000000 1.000000
0.994881 0.060204 0.081167 0.000000 -0.066257 0.995050 0.074062 12.789500 -0.076306 -0.079061 0.993945 0.000000 0.000000 0.000000 0.000000 1.000000
0.990633 0.054275 0.125298 0.000000 -0.057912 0.997994 0.025562 12.789500 -0.123659 -0.032579 0.991790 -0.000000 0.000000 0.000000 0.000000 1.000000
0.988049 0.038453 0.149267 0.000000 -0.033828 0.998869 -0.033400 12.789500 -0.150383 0.027951 0.988233 0.000000 0.000000 0.000000 0.000000 1.000000
0.989236 0.043690 0.139654 0.000000 -0.032852 0.996334 -0.078989 12.789500 -0.142593 0.073551 0.987045 0.000000 0.000000 0.000000 0.000000 1.000000
0.985543 0.076081 0.151379 0.000000 -0.059636 0.992101 -0.110363 12.789500 -0.158580 0.099740 0.982295 -0.000000 0.000000 0.000000 0.000000 1.000000
0.974521 0.121191 0.188739 0.000000 -0.093619 0.984436 -0.148730 12.789500 -0.203826 0.127271 0.970699 0.000000 0.000000 0.000000 0.000000 1.000000
0.966022 0.144859 0.214052 0.000000 -0.107799 0.978521 -0.175714 12.789500 -0.234908 0.146669 0.960888 -0.000000 0.000000 0.000000 0.000000 1.000000
0.962701 0.130989 0.236744 0.000000 -0.084383 0.976711 -0.197268 12.789500 -0.257071 0.169933 0.951335 0.000000 0.000000 0.000000 0.000000 1.000000
0.960809 0.113089 0.253094 0.000000 -0.058124 0.974893 -0.214955 12.789500 -0.271049 0.191820 0.943259 0.000000 0.000000 0.000000 0.000000 1.000000
0.961539 0.108930 0.252144 -0.000000 -0.051236 0.973017 -0.224973 12.789500 -0.269847 0.203402 0.941175 -0.000000 0.000000 0.000000 0.000000 1.000000
0.962622 0.104443 0.249903 -0.000000 -0.044186 0.970856 -0.235554 12.789500 -0.267222 0.215707 0.939182 -0.000000 0.000000 0.000000 0.000000 1.000000
0.963861 0.100227 0.246832 0.000000 -0.037880 0.968677 -0.245416 12.789500 -0.263697 0.227197 0.937467 0.000000 0.000000 0.000000 0.000000 1.000000
0.965076 0.096880 0.243398 0.000000 -0.033180 0.966827 -0.253267 12.789500 -0.259860 0.236345 0.936276 0.000000 0.000000 0.000000 0.000000 1.000000
0.966095 0.095001 0.240073 -0.000000 -0.030901 0.965705 -0.257798 12.789500 -0.256331 0.241638 0.935898 0.000000 0.000000 0.000000 0.000000 1.000000
0.967097 0.095558 0.235778 0.000000 -0.033052 0.966115 -0.255988 12.789500 -0.252250 0.239772 0.937486 0.000000 0.000000 0.000000 0.000000 1.000000
0.968374 0.095387 0.230550 -0.000000 -0.036010 0.967793 -0.249159 12.789500 -0.246891 0.232977 0.940620 0.000000 0.000000 0.000000 0.000000 1.000000
0.970151 0.091523 0.224567 0.000000 -0.036734 0.970823 -0.236968 12.789500 -0.239702 0.221646 0.945207 0.000000 0.000000 0.000000 0.000000 1.000000
0.972132 0.088213 0.217206 0.000000 -0.038101 0.973638 -0.224893 12.789500 -0.231319 0.210350 0.949866 0.000000 0.000000 0.000000 0.000000 1.000000
0.973220 0.089859 0.211585 -0.000000 -0.044127 0.976343 -0.211679 12.789500 -0.225600 0.196673 0.954161 0.000000 0.000000 0.000000 0.000000 1.000000
0.974019 0.093035 0.206476 0.000000 -0.051823 0.979093 -0.196700 12.789500 -0.220459 0.180889 0.958476 -0.000000 0.000000 0.000000 0.000000 1.000000
0.974764 0.096530 0.201289 0.000000 -0.058976 0.980996 -0.184846 12.789500 -0.215307 0.168310 0.961933 0.000000 0.000000 0.000000 0.000000 1.000000
0.976147 0.099885 0.192769 0.000000 -0.066531 0.982788 -0.172340 12.789500 -0.206665 0.155404 0.965991 0.000000 0.000000 0.000000 0.000000 1.000000
0.977589 0.101899 0.184216 0.000000 -0.073096 0.984907 -0.156895 12.789500 -0.197423 0.139913 0.970283 0.000000 0.000000 0.000000 0.000000 1.000000
0.979230 0.103320 0.174451 0.000000 -0.078316 0.986387 -0.144595 12.789500 -0.187016 0.127930 0.973991 0.000000 0.000000 0.000000 0.000000 1.000000
0.980624 0.104641 0.165609 0.000000 -0.082897 0.987620 -0.133171 12.789500 -0.177494 0.116863 0.977159 0.000000 0.000000 0.000000 0.000000 1.000000
0.981887 0.104105 0.158302 0.000000 -0.084251 0.988273 -0.127347 12.789500 -0.169704 0.111703 0.979144 0.000000 0.000000 0.000000 0.000000 1.000000
0.983674 0.100924 0.148997 0.000000 -0.082417 0.988657 -0.125555 12.789500 -0.159979 0.111225 0.980834 0.000000 0.000000 0.000000 0.000000 1.000000
0.985675 0.095015 0.139343 0.000000 -0.077959 0.989323 -0.123132 12.789500 -0.149555 0.110505 0.982559 0.000000 0.000000 0.000000 0.000000 1.000000
0.987878 0.086659 0.128789 0.000000 -0.071293 0.990274 -0.119475 12.789500 -0.137890 0.108845 0.984449 0.000000 0.000000 0.000000 0.000000 1.000000
0.989682 0.081137 0.118091 -0.000000 -0.067334 0.990904 -0.116513 12.789500 -0.126470 0.107359 0.986144 -0.000000 0.000000 0.000000 0.000000 1.000000
0.991372 0.076856 0.106187 0.000000 -0.064430 0.991174 -0.115861 12.789500 -0.114155 0.108020 0.987573 -0.000000 0.000000 0.000000 0.000000 1.000000
0.992986 0.071368 0.094263 0.000000 -0.060420 0.991609 -0.114288 12.789500 -0.101629 0.107791 0.988965 0.000000 0.000000 0.000000 0.000000 1.000000
0.994825 0.057046 0.084079 0.000000 -0.047994 0.993207 -0.106004 12.789500 -0.089555 0.101420 0.990805 -0.000000 0.000000 0.000000 0.000000 1.000000
0.995889 0.057531 0.069964 0.000000 -0.049918 0.993103 -0.106084 12.789500 -0.075585 0.102155 0.991893 0.000000 0.000000 0.000000 0.000000 1.000000
0.996644 0.058095 0.057674 0.000000 -0.051803 0.993104 -0.105174 12.789500 -0.063386 0.101833 0.992780 0.000000 0.000000 0.000000 0.000000 1.000000
0.996991 0.058048 0.051375 -0.000000 -0.052527 0.993298 -0.102953 12.789500 -0.057007 0.099944 0.993359 0.000000 0.000000 0.000000 0.000000 1.000000
0.996740 0.063416 0.049872 0.000000 -0.058140 0.993192 -0.100943 12.789500 -0.055934 0.097714 0.993641 0.000000 0.000000 0.000000 0.000000 1.000000
0.996600 0.063544 0.052446 -0.000000 -0.058291 0.993649 -0.096250 12.789500 -0.058229 0.092866 0.993975 0.000000 0.000000 0.000000 0.000000 1.000000
0.996445 0.062757 0.056196 -0.000000 -0.057495 0.994208 -0.090803 12.789500 -0.061569 0.087250 0.994282 0.000000 0.000000 0.000000 0.000000 1.000000
0.996304 0.063131 0.058239 0.000000 -0.058053 0.994679 -0.085106 12.789500 -0.063302 0.081411 0.994668 0.000000 0.000000 0.000000 0.000000 1.000000
0.996057 0.062385 0.063071 -0.000000 -0.057196 0.995074 -0.080970 12.789500 -0.067812 0.077043 0.994719 0.000000 0.000000 0.000000 0.000000 1.000000
0.995712 0.061045 0.069500 -0.000000 -0.055689 0.995509 -0.076551 12.789500 -0.073861 0.072353 0.994640 0.000000 0.000000 0.000000 0.000000 1.000000
0.995303 0.057826 0.077635 0.000000 -0.052154 0.995953 -0.073202 12.789500 -0.081554 0.068809 0.994291 -0.000000 0.000000 0.000000 0.000000 1.000000
0.994623 0.055966 0.087137 0.000000 -0.050157 0.996458 -0.067490 12.789500 -0.090606 0.062756 0.993908 0.000000 0.000000 0.000000 0.000000 1.000000
0.993853 0.056884 0.094973 0.000000 -0.051031 0.996710 -0.062965 12.789500 -0.098242 0.057732 0.993487 0.000000 0.000000 0.000000 0.000000 1.000000
0.993162 0.056520 0.102152 -0.000000 -0.050669 0.996972 -0.058987 12.789500 -0.105177 0.053407 0.993018 0.000000 0.000000 0.000000 0.000000 1.000000
0.992608 0.057253 0.107011 0.000000 -0.051691 0.997199 -0.054053 12.789500 -0.109806 0.048122 0.992787 0.000000 0.000000 0.000000 0.000000 1.000000
0.992304 0.057512 0.109656 0.000000 -0.052341 0.997403 -0.049468 12.789500 -0.112216 0.043348 0.992738 0.000000 0.000000 0.000000 0.000000 1.000000
0.992297 0.056764 0.110114 0.000000 -0.052099 0.997637 -0.044789 12.789500 -0.112396 0.038707 0.992909 0.000000 0.000000 0.000000 0.000000 1.000000</float_array>
        <technique_common>
          <accessor source="#mixamorig_Spine2-Matrix-animation-output-transform-array" count="69" stride="16">
            <param type="float4x4"/>
          </accessor>
        </technique_common>
      </source>
      <source id="mixamorig_Spine2-Interpolations">
        <Name_array id="mixamorig_Spine2-Interpolations-array" count="69">
 LINEAR LINEAR LINEAR LINEAR LINEAR LINEAR LINEAR LINEAR LINEAR LINEAR LINEAR
LINEAR LINEAR LINEAR LINEAR LINEAR LINEAR LINEAR LINEAR LINEAR LINEAR LINEAR LINEAR
LINEAR LINEAR LINEAR LINEAR LINEAR LINEAR LINEAR LINEAR LINEAR LINEAR LINEAR LINEAR
LINEAR LINEAR LINEAR LINEAR LINEAR LINEAR LINEAR LINEAR LINEAR LINEAR LINEAR LINEAR
LINEAR LINEAR LINEAR LINEAR LINEAR LINEAR LINEAR LINEAR LINEAR LINEAR LINEAR LINEAR
LINEAR LINEAR LINEAR LINEAR LINEAR LINEAR LINEAR LINEAR LINEAR LINEAR</Name_array>
        <technique_common>
          <accessor source="#mixamorig_Spine2-Interpolations-array" count="69">
            <param type="name"/>
          </accessor>
        </technique_common>
      </source>
      <sampler id="mixamorig_Spine2-Matrix-animation-transform">
        <input semantic="INPUT" source="#mixamorig_Spine2-Matrix-animation-input"/>
        <input semantic="OUTPUT" source="#mixamorig_Spine2-Matrix-animation-output-transform"/>
        <input semantic="INTERPOLATION" source="#mixamorig_Spine2-Interpolations"/>
      </sampler>
      <channel source="#mixamorig_Spine2-Matrix-animation-transform" target="mixamorig_Spine2/matrix"/>
    </animation>
    <animation id="mixamorig_Neck-anim" name="mixamorig_Neck">
      <source id="mixamorig_Neck-Matrix-animation-input">
        <float_array id="mixamorig_Neck-Matrix-animation-input-array" count="69">

0.000000 0.033333 0.066667 0.100000 0.133333 0.166667 0.200000 0.233333 0.266667 0.300000 0.333333 0.366667 0.400000 0.433333 0.466667 0.500000
0.533333 0.566667 0.600000 0.633333 0.666667 0.700000 0.733333 0.766667 0.800000 0.833333 0.866667 0.900000 0.933333 0.966667 1.000000 1.033333
1.066667 1.100000 1.133333 1.166667 1.200000 1.233333 1.266667 1.300000 1.333333 1.366667 1.400000 1.433333 1.466667 1.500000 1.533333 1.566667
1.600000 1.633333 1.666667 1.700000 1.733333 1.766667 1.800000 1.833333 1.866667 1.900000 1.933333 1.966667 2.000000 2.033333 2.066667 2.100000
2.133333 2.166667 2.200000 2.233333 2.266667</float_array>
        <technique_common>
          <accessor source="#mixamorig_Neck-Matrix-animation-input-array" count="69">
            <param name="TIME" type="float"/>
          </accessor>
        </technique_common>
      </source>
      <source id="mixamorig_Neck-Matrix-animation-output-transform">
        <float_array id="mixamorig_Neck-Matrix-animation-output-transform-array" count="1104">

0.986666 0.004573 0.162695 -0.056900 0.001952 0.999201 -0.039927 14.235800 -0.162747 0.039712 0.985868 -2.088100 0.000000 0.000000 0.000000 1.000000
0.983790 0.009208 0.179090 -0.056900 -0.003017 0.999389 -0.034813 14.235800 -0.179301 0.033708 0.983217 -2.088100 0.000000 0.000000 0.000000 1.000000
0.977434 0.015532 0.210671 -0.056900 -0.008575 0.999389 -0.033896 14.235800 -0.211068 0.031325 0.976969 -2.088100 0.000000 0.000000 0.000000 1.000000
0.965202 0.019371 0.260786 -0.056900 -0.010318 0.999297 -0.036039 14.235800 -0.261301 0.032095 0.964724 -2.088100 0.000000 0.000000 0.000000 1.000000
0.945728 0.025172 0.323983 -0.056900 -0.009335 0.998688 -0.050344 14.235800 -0.324825 0.044587 0.944722 -2.088100 0.000000 0.000000 0.000000 1.000000
0.920005 0.029608 0.390787 -0.056900 -0.003596 0.997738 -0.067127 14.235800 -0.391890 0.060352 0.918030 -2.088100 0.000000 0.000000 0.000000 1.000000
0.900018 0.009190 0.435756 -0.056900 0.031543 0.995783 -0.086152 14.235800 -0.434710 0.091283 0.895932 -2.088100 0.000000 0.000000 0.000000 1.000000
0.890789 0.011510 0.454271 -0.056900 0.028864 0.996227 -0.081842 14.235800 -0.453499 0.086016 0.887096 -2.088100 0.000000 0.000000 0.000000 1.000000
0.892828 0.009787 0.450291 -0.056900 0.016106 0.998431 -0.053635 14.235800 -0.450109 0.055139 0.891270 -2.088100 0.000000 0.000000 0.000000 1.000000
0.899654 -0.008224 0.436526 -0.056900 0.027152 0.998941 -0.037139 14.235800 -0.435759 0.045265 0.898925 -2.088100 0.000000 0.000000 0.000000 1.000000
0.906166 0.011030 0.422778 -0.056900 0.006854 0.999146 -0.040756 14.235800 -0.422866 0.039829 0.905317 -2.088100 0.000000 0.000000 0.000000 1.000000
0.909137 0.023873 0.415813 -0.056900 -0.009528 0.999287 -0.036538 14.235800 -0.416388 0.029256 0.908716 -2.088100 0.000000 0.000000 0.000000 1.000000
0.909209 0.025354 0.415568 -0.056900 -0.019476 0.999641 -0.018379 14.235800 -0.415885 0.008617 0.909376 -2.088100 0.000000 0.000000 0.000000 1.000000
0.912561 0.020757 0.408412 -0.056900 -0.024701 0.999685 0.004384 14.235800 -0.408193 -0.014089 0.912787 -2.088100 0.000000 0.000000 0.000000 1.000000
0.919589 -0.006126 0.392835 -0.056900 -0.008205 0.999361 0.034791 14.235800 -0.392797 -0.035216 0.918951 -2.088100 0.000000 0.000000 0.000000 1.000000
0.930964 -0.041798 0.362711 -0.056900 0.009286 0.995815 0.090919 14.235800 -0.364994 -0.081274 0.927456 -2.088100 0.000000 0.000000 0.000000 1.000000
0.942483 -0.065563 0.327762 -0.056900 0.013775 0.987360 0.157894 14.235800 -0.333971 -0.144298 0.931473 -2.088100 0.000000 0.000000 0.000000 1.000000
0.954422 -0.091408 0.284119 -0.056900 0.046948 0.986075 0.159534 14.235800 -0.294746 -0.138924 0.945423 -2.088100 0.000000 0.000000 0.000000 1.000000
0.965297 -0.105885 0.238728 -0.056900 0.075711 0.988325 0.132219 14.235800 -0.249940 -0.109556 0.962043 -2.088100 0.000000 0.000000 0.000000 1.000000
0.975773 -0.087504 0.200527 -0.056900 0.072655 0.994122 0.080266 14.235800 -0.206371 -0.063752 0.976395 -2.088100 0.000000 0.000000 0.000000 1.000000
0.984698 -0.058544 0.164141 -0.056900 0.059032 0.998254 0.001909 14.235800 -0.163966 0.007809 0.986435 -2.088100 0.000000 0.000000 0.000000 1.000000
0.991330 -0.054690 0.119473 -0.056900 0.063534 0.995414 -0.071517 14.235800 -0.115014 0.078487 0.990258 -2.088100 0.000000 0.000000 0.000000 1.000000
0.995533 -0.059454 0.073336 -0.056900 0.070195 0.985596 -0.153861 14.235800 -0.063132 0.158322 0.985367 -2.088100 0.000000 0.000000 0.000000 1.000000
0.998098 -0.049602 0.036610 -0.056900 0.057482 0.963397 -0.261845 14.235800 -0.022282 0.263452 0.964415 -2.088100 0.000000 0.000000 0.000000 1.000000
0.999719 -0.013673 0.019379 -0.056900 0.018531 0.960262 -0.278483 14.235800 -0.014801 0.278764 0.960246 -2.088100 0.000000 0.000000 0.000000 1.000000
0.999976 0.006898 -0.001042 -0.056900 -0.006964 0.977843 -0.209225 14.235800 -0.000424 0.209227 0.977867 -2.088100 0.000000 0.000000 0.000000 1.000000
0.999579 0.005714 -0.028442 -0.056900 -0.009179 0.992336 -0.123228 14.235800 0.027520 0.123437 0.991971 -2.088100 0.000000 0.000000 0.000000 1.000000
0.998337 0.028948 -0.049844 -0.056900 -0.034774 0.992128 -0.120300 14.235800 0.045970 0.121833 0.991485 -2.088100 0.000000 0.000000 0.000000 1.000000
0.996380 0.057125 -0.062952 -0.056900 -0.064201 0.991075 -0.116823 14.235800 0.055716 0.120442 0.991156 -2.088100 0.000000 0.000000 0.000000 1.000000
0.995564 0.073972 -0.058143 -0.056900 -0.076869 0.995823 -0.049273 14.235800 0.054255 0.053524 0.997092 -2.088100 0.000000 0.000000 0.000000 1.000000
0.996031 0.062359 -0.063510 -0.056900 -0.063477 0.997859 -0.015741 14.235800 0.062392 0.019710 0.997857 -2.088100 0.000000 0.000000 0.000000 1.000000
0.996668 0.045340 -0.067803 -0.056900 -0.045881 0.998926 -0.006439 14.235800 0.067439 0.009529 0.997678 -2.088100 0.000000 0.000000 0.000000 1.000000
0.997002 0.033693 -0.069651 -0.056900 -0.034211 0.999395 -0.006268 14.235800 0.069398 0.008632 0.997552 -2.088100 0.000000 0.000000 0.000000 1.000000
0.997186 0.018245 -0.072710 -0.056900 -0.018751 0.999804 -0.006291 14.235800 0.072581 0.007637 0.997333 -2.088100 0.000000 0.000000 0.000000 1.000000
0.997825 0.013770 -0.064469 -0.056900 -0.014186 0.999881 -0.006002 14.235800 0.064378 0.006904 0.997902 -2.088100 0.000000 0.000000 0.000000 1.000000
0.997895 0.027653 -0.058659 -0.056900 -0.027868 0.999608 -0.002845 14.235800 0.058558 0.004474 0.998274 -2.088100 0.000000 0.000000 0.000000 1.000000
0.998557 0.020637 -0.049578 -0.056900 -0.022612 0.998959 -0.039608 14.235800 0.048709 0.040672 0.997985 -2.088100 0.000000 0.000000 0.000000 1.000000
0.999291 0.027068 -0.026183 -0.056900 -0.029154 0.996133 -0.082881 14.235800 0.023838 0.083585 0.996215 -2.088100 0.000000 0.000000 0.000000 1.000000
0.999649 0.021237 -0.015834 -0.056900 -0.022817 0.993954 -0.107399 14.235800 0.013458 0.107723 0.994090 -2.088100 0.000000 0.000000 0.000000 1.000000
0.999938 0.010943 -0.001992 -0.056900 -0.011114 0.990202 -0.139196 14.235800 0.000450 0.139209 0.990263 -2.088100 0.000000 0.000000 0.000000 1.000000
0.999828 -0.012200 0.013984 -0.056900 0.014423 0.985019 -0.171843 14.235800 -0.011678 0.172015 0.985025 -2.088100 0.000000 0.000000 0.000000 1.000000
0.998991 -0.031957 0.031546 -0.056900 0.037789 0.977782 -0.206189 14.235800 -0.024256 0.207173 0.978004 -2.088100 0.000000 0.000000 0.000000 1.000000
0.997968 -0.034336 0.053681 -0.056900 0.046278 0.969636 -0.240132 14.235800 -0.043806 0.242129 0.969255 -2.088100 0.000000 0.000000 0.000000 1.000000
0.996363 -0.034314 0.077999 -0.056900 0.052493 0.968200 -0.244610 14.235800 -0.067125 0.247814 0.966479 -2.088100 0.000000 0.000000 0.000000 1.000000
0.994464 -0.037170 0.098283 -0.056900 0.060245 0.968034 -0.243475 14.235800 -0.086091 0.248049 0.964915 -2.088100 0.000000 0.000000 0.000000 1.000000
0.992253 -0.040867 0.117318 -0.056900 0.068743 0.967210 -0.244497 14.235800 -0.103480 0.250667 0.962527 -2.088100 0.000000 0.000000 0.000000 1.000000
0.989521 -0.056620 0.132827 -0.056900 0.087332 0.967262 -0.238280 14.235800 -0.114987 0.247383 0.962070 -2.088100 0.000000 0.000000 0.000000 1.000000
0.986465 -0.060468 0.152418 -0.056900 0.095457 0.967551 -0.233951 14.235800 -0.133326 0.245333 0.960227 -2.088100 0.000000 0.000000 0.000000 1.000000
0.982879 -0.060196 0.174139 -0.056900 0.100900 0.966659 -0.235350 14.235800 -0.154166 0.248891 0.956183 -2.088100 0.000000 0.000000 0.000000 1.000000
0.977498 -0.092506 0.189581 -0.056900 0.139996 0.956757 -0.254983 14.235800 -0.157796 0.275786 0.948179 -2.088100 0.000000 0.000000 0.000000 1.000000
0.972223 -0.104710 0.209327 -0.056900 0.158154 0.953181 -0.257745 14.235800 -0.172538 0.283692 0.943265 -2.088100 0.000000 0.000000 0.000000 1.000000
0.969283 -0.093979 0.227286 -0.056900 0.152470 0.954721 -0.255461 14.235800 -0.192987 0.282268 0.939724 -2.088100 0.000000 0.000000 0.000000 1.000000
0.970548 -0.007374 0.240796 -0.056900 0.087292 0.942372 -0.322980 14.235800 -0.224538 0.334487 0.915260 -2.088100 0.000000 0.000000 0.000000 1.000000
0.966063 -0.015787 0.257823 -0.056900 0.099238 0.944213 -0.314028 14.235800 -0.238482 0.328957 0.913736 -2.088100 0.000000 0.000000 0.000000 1.000000
0.961312 -0.025000 0.274325 -0.056900 0.110431 0.947319 -0.300651 14.235800 -0.252357 0.319314 0.913430 -2.088100 0.000000 0.000000 0.000000 1.000000
0.958002 -0.029321 0.285258 -0.056900 0.113492 0.952304 -0.283261 14.235800 -0.263347 0.303739 0.915637 -2.088100 0.000000 0.000000 0.000000 1.000000
0.955350 -0.065640 0.288094 -0.056900 0.140130 0.959042 -0.246175 14.235800 -0.260135 0.275554 0.925419 -2.088100 0.000000 0.000000 0.000000 1.000000
0.955824 -0.059029 0.287952 -0.056900 0.129160 0.964331 -0.231049 14.235800 -0.264043 0.258034 0.929355 -2.088100 0.000000 0.000000 0.000000 1.000000
0.958012 -0.054171 0.281566 -0.056900 0.118959 0.968580 -0.218405 14.235800 -0.260888 0.242729 0.934355 -2.088100 0.000000 0.000000 0.000000 1.000000
0.960105 -0.044750 0.276037 -0.056900 0.101882 0.975244 -0.196262 14.235800 -0.260421 0.216555 0.940896 -2.088100 0.000000 0.000000 0.000000 1.000000
0.964284 -0.044080 0.261175 -0.056900 0.088864 0.982743 -0.162232 14.235800 -0.249517 0.179647 0.951561 -2.088100 0.000000 0.000000 0.000000 1.000000
0.968880 -0.027661 0.245980 -0.056900 0.060328 0.990159 -0.126279 14.235800 -0.240066 0.137189 0.961014 -2.088100 0.000000 0.000000 0.000000 1.000000
0.973540 -0.010101 0.228292 -0.056900 0.034268 0.994179 -0.102146 14.235800 -0.225932 0.107266 0.968219 -2.088100 0.000000 0.000000 0.000000 1.000000
0.977914 -0.005869 0.208927 -0.056900 0.021647 0.997074 -0.073313 14.235800 -0.207885 0.076216 0.975179 -2.088100 0.000000 0.000000 0.000000 1.000000
0.980843 0.000051 0.194798 -0.056900 0.010088 0.998645 -0.051054 14.235800 -0.194537 0.052041 0.979514 -2.088100 0.000000 0.000000 0.000000 1.000000
0.983504 0.002971 0.180859 -0.056900 0.004309 0.999196 -0.039849 14.235800 -0.180832 0.039971 0.982701 -2.088100 0.000000 0.000000 0.000000 1.000000
0.985314 0.003403 0.170721 -0.056900 0.003035 0.999294 -0.037436 14.235800 -0.170728 0.037404 0.984608 -2.088100 0.000000 0.000000 0.000000 1.000000
0.986347 0.003031 0.164654 -0.056900 0.003206 0.999288 -0.037601 14.235800 -0.164651 0.037616 0.985634 -2.088100 0.000000 0.000000 0.000000 1.000000
0.986666 0.004569 0.162695 -0.056900 0.001956 0.999201 -0.039925 14.235800 -0.162747 0.039711 0.985868 -2.088100 0.000000 0.000000 0.000000 1.000000</float_array>
        <technique_common>
          <accessor source="#mixamorig_Neck-Matrix-animation-output-transform-array" count="69" stride="16">
            <param type="float4x4"/>
          </accessor>
        </technique_common>
      </source>
      <source id="mixamorig_Neck-Interpolations">
        <Name_array id="mixamorig_Neck-Interpolations-array" count="69">
 LINEAR LINEAR LINEAR LINEAR LINEAR LINEAR LINEAR LINEAR LINEAR LINEAR LINEAR
LINEAR LINEAR LINEAR LINEAR LINEAR LINEAR LINEAR LINEAR LINEAR LINEAR LINEAR LINEAR
LINEAR LINEAR LINEAR LINEAR LINEAR LINEAR LINEAR LINEAR LINEAR LINEAR LINEAR LINEAR
LINEAR LINEAR LINEAR LINEAR LINEAR LINEAR LINEAR LINEAR LINEAR LINEAR LINEAR LINEAR
LINEAR LINEAR LINEAR LINEAR LINEAR LINEAR LINEAR LINEAR LINEAR LINEAR LINEAR LINEAR
LINEAR LINEAR LINEAR LINEAR LINEAR LINEAR LINEAR LINEAR LINEAR LINEAR</Name_array>
        <technique_common>
          <accessor source="#mixamorig_Neck-Interpolations-array" count="69">
            <param type="name"/>
          </accessor>
        </technique_common>
      </source>
      <sampler id="mixamorig_Neck-Matrix-animation-transform">
        <input semantic="INPUT" source="#mixamorig_Neck-Matrix-animation-input"/>
        <input semantic="OUTPUT" source="#mixamorig_Neck-Matrix-animation-output-transform"/>
        <input semantic="INTERPOLATION" source="#mixamorig_Neck-Interpolations"/>
      </sampler>
      <channel source="#mixamorig_Neck-Matrix-animation-transform" target="mixamorig_Neck/matrix"/>
    </animation>
    <animation id="mixamorig_Head-anim" name="mixamorig_Head">
      <source id="mixamorig_Head-Matrix-animation-input">
        <float_array id="mixamorig_Head-Matrix-animation-input-array" count="69">

0.000000 0.033333 0.066667 0.100000 0.133333 0.166667 0.200000 0.233333 0.266667 0.300000 0.333333 0.366667 0.400000 0.433333 0.466667 0.500000
0.533333 0.566667 0.600000 0.633333 0.666667 0.700000 0.733333 0.766667 0.800000 0.833333 0.866667 0.900000 0.933333 0.966667 1.000000 1.033333
1.066667 1.100000 1.133333 1.166667 1.200000 1.233333 1.266667 1.300000 1.333333 1.366667 1.400000 1.433333 1.466667 1.500000 1.533333 1.566667
1.600000 1.633333 1.666667 1.700000 1.733333 1.766667 1.800000 1.833333 1.866667 1.900000 1.933333 1.966667 2.000000 2.033333 2.066667 2.100000
2.133333 2.166667 2.200000 2.233333 2.266667</float_array>
        <technique_common>
          <accessor source="#mixamorig_Head-Matrix-animation-input-array" count="69">
            <param name="TIME" type="float"/>
          </accessor>
        </technique_common>
      </source>
      <source id="mixamorig_Head-Matrix-animation-output-transform">
        <float_array id="mixamorig_Head-Matrix-animation-output-transform-array" count="1104">

0.917660 0.056500 0.393330 0.000000 -0.089683 0.993749 0.066489 3.280200 -0.387114 -0.096289 0.916990 0.313300 0.000000 0.000000 0.000000 1.000000
0.912908 0.072892 0.401604 0.000000 -0.104691 0.992825 0.057780 3.280200 -0.394511 -0.094792 0.913989 0.313300 0.000000 0.000000 0.000000 1.000000
0.904966 0.100001 0.413566 0.000000 -0.130832 0.990298 0.046830 3.280200 -0.404871 -0.096487 0.909269 0.313300 0.000000 0.000000 0.000000 1.000000
0.885991 0.149089 0.439082 -0.000000 -0.180994 0.982981 0.031446 3.280200 -0.426921 -0.107332 0.897897 0.313300 0.000000 0.000000 0.000000 1.000000
0.854998 0.208425 0.474908 0.000000 -0.244094 0.969652 0.013899 3.280200 -0.457599 -0.127806 0.879926 0.313300 0.000000 0.000000 0.000000 1.000000
0.819060 0.260218 0.511299 -0.000000 -0.299119 0.954194 -0.006458 3.280200 -0.489559 -0.147650 0.859379 0.313300 0.000000 0.000000 0.000000 1.000000
0.785081 0.304665 0.539284 0.000000 -0.355073 0.934772 -0.011185 3.280200 -0.507515 -0.182704 0.842050 0.313300 0.000000 0.000000 0.000000 1.000000
0.787039 0.302045 0.537902 0.000000 -0.369377 0.929090 0.018753 3.280200 -0.494095 -0.213448 0.842799 0.313300 0.000000 0.000000 0.000000 1.000000
0.806340 0.284814 0.518359 -0.000000 -0.357511 0.932893 0.043550 3.280200 -0.471170 -0.220435 0.854053 0.313300 0.000000 0.000000 0.000000 1.000000
0.811112 0.295059 0.505013 0.000000 -0.365727 0.929670 0.044234 3.280200 -0.456444 -0.220576 0.861977 0.313300 0.000000 0.000000 0.000000 1.000000
0.822667 0.293052 0.487175 0.000000 -0.361551 0.930983 0.050515 3.280200 -0.438748 -0.217696 0.871842 0.313300 0.000000 0.000000 0.000000 1.000000
0.832982 0.286235 0.473510 0.000000 -0.347451 0.936616 0.045044 3.280200 -0.430604 -0.202042 0.879636 0.313300 0.000000 0.000000 0.000000 1.000000
0.840580 0.275188 0.466581 0.000000 -0.332003 0.942327 0.042348 3.280200 -0.428018 -0.190503 0.883464 0.313300 0.000000 0.000000 0.000000 1.000000
0.850649 0.258264 0.457925 0.000000 -0.315925 0.947326 0.052587 3.280200 -0.420223 -0.189403 0.887434 0.313300 0.000000 0.000000 0.000000 1.000000
0.856374 0.255578 0.448669 0.000000 -0.311495 0.948705 0.054134 3.280200 -0.411819 -0.186117 0.892057 0.313300 0.000000 0.000000 0.000000 1.000000
0.866645 0.258381 0.426809 -0.000000 -0.297211 0.954467 0.025678 3.280200 -0.400740 -0.149106 0.903977 0.313300 0.000000 0.000000 0.000000 1.000000
0.886430 0.248728 0.390355 0.000000 -0.264824 0.964209 -0.013008 3.280200 -0.379620 -0.091845 0.920572 0.313300 0.000000 0.000000 0.000000 1.000000
0.910612 0.230474 0.343027 -0.000000 -0.247525 0.968862 0.006127 3.280200 -0.330934 -0.090487 0.939305 0.313300 0.000000 0.000000 0.000000 1.000000
0.933731 0.208940 0.290671 -0.000000 -0.227259 0.973361 0.030358 3.280200 -0.276585 -0.094404 0.956341 0.313300 0.000000 0.000000 0.000000 1.000000
0.960464 0.159483 0.228196 -0.000000 -0.178419 0.981820 0.064776 3.280200 -0.213716 -0.102929 0.971458 0.313300 0.000000 0.000000 0.000000 1.000000
0.980814 0.101965 0.166151 0.000000 -0.120512 0.987075 0.105643 3.280200 -0.153232 -0.123639 0.980425 0.313300 0.000000 0.000000 0.000000 1.000000
0.990438 0.065032 0.121668 -0.000000 -0.079894 0.989364 0.121553 3.280200 -0.112469 -0.130111 0.985100 0.313300 0.000000 0.000000 0.000000 1.000000
0.994982 0.035923 0.093383 -0.000000 -0.048447 0.989590 0.135518 3.280200 -0.087543 -0.139362 0.986364 0.313300 0.000000 0.000000 0.000000 1.000000
0.996918 -0.002141 0.078420 0.000000 -0.011996 0.983709 0.179365 3.280200 -0.077527 -0.179753 0.980652 0.313300 0.000000 0.000000 0.000000 1.000000
0.995028 -0.040650 0.090918 0.000000 0.024511 0.984784 0.172046 3.280200 -0.096529 -0.168962 0.980884 0.313300 0.000000 0.000000 0.000000 1.000000
0.988479 -0.042045 0.145401 -0.000000 0.027619 0.994619 0.099849 3.280200 -0.148816 -0.094683 0.984321 0.313300 0.000000 0.000000 0.000000 1.000000
0.974002 -0.002616 0.226524 0.000000 -0.000824 0.999886 0.015092 3.280200 -0.226538 -0.014886 0.973889 0.313300 0.000000 0.000000 0.000000 1.000000
0.961314 0.001394 0.275450 0.000000 -0.004309 0.999941 0.009975 3.280200 -0.275420 -0.010776 0.961264 0.313300 0.000000 0.000000 0.000000 1.000000
0.952785 -0.007960 0.303541 0.000000 0.002961 0.999852 0.016926 3.280200 -0.303631 -0.015228 0.952668 0.313300 0.000000 0.000000 0.000000 1.000000
0.956276 -0.022103 0.291630 0.000000 0.024110 0.999704 -0.003291 3.280200 -0.291471 0.010178 0.956526 0.313300 0.000000 0.000000 0.000000 1.000000
0.966274 -0.025345 0.256267 0.000000 0.024682 0.999679 0.005803 3.280200 -0.256332 0.000718 0.966589 0.313300 0.000000 0.000000 0.000000 1.000000
0.977564 -0.033697 0.207925 -0.000000 0.026159 0.998901 0.038899 3.280200 -0.209007 -0.032587 0.977371 0.313300 0.000000 0.000000 0.000000 1.000000
0.986156 -0.049880 0.158139 0.000000 0.037319 0.995980 0.081430 3.280200 -0.161565 -0.074401 0.984053 0.313300 0.000000 0.000000 0.000000 1.000000
0.990833 -0.057172 0.122394 -0.000000 0.042155 0.991641 0.121948 3.280200 -0.128343 -0.115670 0.984961 0.313300 0.000000 0.000000 0.000000 1.000000
0.992907 -0.060369 0.102424 0.000000 0.045083 0.988333 0.145483 3.280200 -0.110012 -0.139833 0.984045 0.313300 0.000000 0.000000 0.000000 1.000000
0.995302 -0.067705 0.069207 -0.000000 0.056194 0.986074 0.156527 3.280200 -0.078840 -0.151902 0.985246 0.313300 0.000000 0.000000 0.000000 1.000000
0.997604 -0.050149 0.047656 0.000000 0.039494 0.978413 0.202850 3.280200 -0.056800 -0.200482 0.978049 0.313300 0.000000 0.000000 0.000000 1.000000
0.998396 -0.050508 0.025586 0.000000 0.042050 0.964076 0.262277 3.280200 -0.037914 -0.260780 0.964653 0.313300 0.000000 0.000000 0.000000 1.000000
0.999068 -0.041049 0.013356 0.000000 0.035257 0.954471 0.296212 3.280200 -0.024907 -0.295465 0.955029 0.313300 0.000000 0.000000 0.000000 1.000000
0.999543 -0.028099 0.011139 -0.000000 0.022785 0.942602 0.333140 3.280200 -0.019860 -0.332734 0.942812 0.313300 0.000000 0.000000 0.000000 1.000000
0.999658 -0.012432 0.023006 -0.000000 0.002949 0.927743 0.373208 3.280200 -0.025983 -0.373013 0.927462 0.313300 0.000000 0.000000 0.000000 1.000000
0.998868 0.007385 0.046987 0.000000 -0.025623 0.915824 0.400761 3.280200 -0.040072 -0.401511 0.914977 0.313300 0.000000 0.000000 0.000000 1.000000
0.997609 0.013103 0.067855 0.000000 -0.040521 0.906272 0.420747 3.280200 -0.055983 -0.422491 0.904637 0.313300 0.000000 0.000000 0.000000 1.000000
0.995702 0.011392 0.091911 0.000000 -0.048693 0.908562 0.414903 3.280200 -0.078780 -0.417595 0.905212 0.313300 0.000000 0.000000 0.000000 1.000000
0.992519 0.017140 0.120879 0.000000 -0.064679 0.913560 0.401527 3.280200 -0.103548 -0.406342 0.907835 0.313300 0.000000 0.000000 0.000000 1.000000
0.988457 0.024043 0.149580 0.000000 -0.082208 0.914447 0.396268 3.280200 -0.127255 -0.403991 0.905868 0.313300 0.000000 0.000000 0.000000 1.000000
0.981307 0.045364 0.187024 0.000000 -0.113954 0.920101 0.374738 3.280200 -0.155082 -0.389046 0.908071 0.313300 0.000000 0.000000 0.000000 1.000000
0.974659 0.057805 0.216097 -0.000000 -0.134184 0.924014 0.358040 3.280200 -0.178980 -0.377964 0.908355 0.313300 0.000000 0.000000 0.000000 1.000000
0.967029 0.069527 0.244991 0.000000 -0.153004 0.927648 0.340675 3.280200 -0.203580 -0.366928 0.907700 0.313300 0.000000 0.000000 0.000000 1.000000
0.949682 0.108705 0.293746 0.000000 -0.206646 0.922223 0.326807 3.280200 -0.235374 -0.371064 0.898282 0.313300 0.000000 0.000000 0.000000 1.000000
0.937387 0.125976 0.324709 0.000000 -0.230469 0.923349 0.307099 3.280200 -0.261133 -0.362706 0.894569 0.313300 0.000000 0.000000 0.000000 1.000000
0.929402 0.132540 0.344449 0.000000 -0.238811 0.927543 0.287459 3.280200 -0.281392 -0.349423 0.893712 0.313300 0.000000 0.000000 0.000000 1.000000
0.933715 0.105311 0.342179 0.000000 -0.225167 0.915805 0.332567 3.280200 -0.278347 -0.387570 0.878813 0.313300 0.000000 0.000000 0.000000 1.000000
0.919077 0.126469 0.373233 -0.000000 -0.253408 0.914991 0.313967 3.280200 -0.301798 -0.383140 0.872996 0.313300 0.000000 0.000000 0.000000 1.000000
0.904782 0.146135 0.400017 0.000000 -0.276784 0.915638 0.291544 3.280200 -0.323665 -0.374502 0.868901 0.313300 0.000000 0.000000 0.000000 1.000000
0.891724 0.164255 0.421721 -0.000000 -0.294958 0.917661 0.266267 3.280200 -0.343262 -0.361826 0.866749 0.313300 0.000000 0.000000 0.000000 1.000000
0.874430 0.193310 0.444975 0.000000 -0.315702 0.923158 0.219345 3.280200 -0.368380 -0.332281 0.868266 0.313300 0.000000 0.000000 0.000000 1.000000
0.871295 0.192762 0.451317 0.000000 -0.309447 0.929565 0.200379 3.280200 -0.380903 -0.314247 0.869575 0.313300 0.000000 0.000000 0.000000 1.000000
0.868258 0.191179 0.457797 0.000000 -0.305316 0.933238 0.189337 3.280200 -0.391036 -0.304167 0.868662 0.313300 0.000000 0.000000 0.000000 1.000000
0.872543 0.177087 0.455311 -0.000000 -0.284551 0.941801 0.179003 3.280200 -0.397113 -0.285748 0.872152 0.313300 0.000000 0.000000 0.000000 1.000000
0.876430 0.167523 0.451449 0.000000 -0.263744 0.951401 0.158979 3.280200 -0.402877 -0.258401 0.878020 0.313300 0.000000 0.000000 0.000000 1.000000
0.887043 0.144002 0.438655 0.000000 -0.229693 0.961832 0.148730 3.280200 -0.400495 -0.232686 0.886262 0.313300 0.000000 0.000000 0.000000 1.000000
0.897060 0.119313 0.425496 -0.000000 -0.196776 0.969984 0.142864 3.280200 -0.395679 -0.211885 0.893612 0.313300 0.000000 0.000000 0.000000 1.000000
0.903609 0.103222 0.415735 0.000000 -0.169997 0.977246 0.126853 3.280200 -0.393181 -0.185299 0.900596 0.313300 0.000000 0.000000 0.000000 1.000000
0.910097 0.084353 0.405720 -0.000000 -0.140830 0.983749 0.111373 3.280200 -0.389732 -0.158498 0.907187 0.313300 0.000000 0.000000 0.000000 1.000000
0.913807 0.071730 0.399763 -0.000000 -0.119608 0.988159 0.096101 3.280200 -0.388136 -0.135632 0.911567 0.313300 0.000000 0.000000 0.000000 1.000000
0.915972 0.063181 0.396236 0.000000 -0.104854 0.990901 0.084387 3.280200 -0.387299 -0.118843 0.914262 0.313300 0.000000 0.000000 0.000000 1.000000
0.916988 0.059274 0.394486 -0.000000 -0.096134 0.992590 0.074322 3.280200 -0.387157 -0.106076 0.915892 0.313300 0.000000 0.000000 0.000000 1.000000
0.917658 0.056503 0.393332 -0.000000 -0.089685 0.993749 0.066484 3.280200 -0.387117 -0.096286 0.916989 0.313300 0.000000 0.000000 0.000000 1.000000</float_array>
        <technique_common>
          <accessor source="#mixamorig_Head-Matrix-animation-output-transform-array" count="69" stride="16">
            <param type="float4x4"/>
          </accessor>
        </technique_common>
      </source>
      <source id="mixamorig_Head-Interpolations">
        <Name_array id="mixamorig_Head-Interpolations-array" count="69">
 LINEAR LINEAR LINEAR LINEAR LINEAR LINEAR LINEAR LINEAR LINEAR LINEAR LINEAR
LINEAR LINEAR LINEAR LINEAR LINEAR LINEAR LINEAR LINEAR LINEAR LINEAR LINEAR LINEAR
LINEAR LINEAR LINEAR LINEAR LINEAR LINEAR LINEAR LINEAR LINEAR LINEAR LINEAR LINEAR
LINEAR LINEAR LINEAR LINEAR LINEAR LINEAR LINEAR LINEAR LINEAR LINEAR LINEAR LINEAR
LINEAR LINEAR LINEAR LINEAR LINEAR LINEAR LINEAR LINEAR LINEAR LINEAR LINEAR LINEAR
LINEAR LINEAR LINEAR LINEAR LINEAR LINEAR LINEAR LINEAR LINEAR LINEAR</Name_array>
        <technique_common>
          <accessor source="#mixamorig_Head-Interpolations-array" count="69">
            <param type="name"/>
          </accessor>
        </technique_common>
      </source>
      <sampler id="mixamorig_Head-Matrix-animation-transform">
        <input semantic="INPUT" source="#mixamorig_Head-Matrix-animation-input"/>
        <input semantic="OUTPUT" source="#mixamorig_Head-Matrix-animation-output-transform"/>
        <input semantic="INTERPOLATION" source="#mixamorig_Head-Interpolations"/>
      </sampler>
      <channel source="#mixamorig_Head-Matrix-animation-transform" target="mixamorig_Head/matrix"/>
    </animation>
    <animation id="mixamorig_LeftShoulder-anim" name="mixamorig_LeftShoulder">
      <source id="mixamorig_LeftShoulder-Matrix-animation-input">
        <float_array id="mixamorig_LeftShoulder-Matrix-animation-input-array" count="69">

0.000000 0.033333 0.066667 0.100000 0.133333 0.166667 0.200000 0.233333 0.266667 0.300000 0.333333 0.366667 0.400000 0.433333 0.466667 0.500000
0.533333 0.566667 0.600000 0.633333 0.666667 0.700000 0.733333 0.766667 0.800000 0.833333 0.866667 0.900000 0.933333 0.966667 1.000000 1.033333
1.066667 1.100000 1.133333 1.166667 1.200000 1.233333 1.266667 1.300000 1.333333 1.366667 1.400000 1.433333 1.466667 1.500000 1.533333 1.566667
1.600000 1.633333 1.666667 1.700000 1.733333 1.766667 1.800000 1.833333 1.866667 1.900000 1.933333 1.966667 2.000000 2.033333 2.066667 2.100000
2.133333 2.166667 2.200000 2.233333 2.266667</float_array>
        <technique_common>
          <accessor source="#mixamorig_LeftShoulder-Matrix-animation-input-array" count="69">
            <param name="TIME" type="float"/>
          </accessor>
        </technique_common>
      </source>
      <source id="mixamorig_LeftShoulder-Matrix-animation-output-transform">
        <float_array id="mixamorig_LeftShoulder-Matrix-animation-output-transform-array" count="1104">

0.282893 0.923763 -0.258135 6.728800 -0.032540 -0.259731 -0.965133 11.756600 -0.958599 0.281428 -0.043417 -2.058500 0.000000 0.000000 0.000000 1.000000
0.264686 0.928113 -0.261816 6.728800 -0.031859 -0.262934 -0.964288 11.756600 -0.963808 0.263575 -0.040026 -2.058500 0.000000 0.000000 0.000000 1.000000
0.231870 0.937057 -0.261077 6.728800 -0.028028 -0.261844 -0.964703 11.756600 -0.972343 0.231004 -0.034450 -2.058500 0.000000 0.000000 0.000000 1.000000
0.180216 0.949142 -0.258171 6.728800 -0.022410 -0.258438 -0.965768 11.756600 -0.983372 0.179832 -0.025305 -2.058500 0.000000 0.000000 0.000000 1.000000
0.122970 0.959195 -0.254605 6.728800 -0.016351 -0.254559 -0.966919 11.756600 -0.992276 0.123065 -0.015620 -2.058500 0.000000 0.000000 0.000000 1.000000
0.079542 0.963273 -0.256474 6.728800 -0.010922 -0.256432 -0.966501 11.756600 -0.996772 0.079679 -0.009876 -2.058500 0.000000 0.000000 0.000000 1.000000
0.051987 0.969423 -0.239825 6.728800 -0.004373 -0.239927 -0.970781 11.756600 -0.998638 0.051517 -0.008234 -2.058500 0.000000 0.000000 0.000000 1.000000
0.016851 0.970658 -0.239873 6.728800 -0.000215 -0.239904 -0.970797 11.756600 -0.999858 0.016411 -0.003834 -2.058500 0.000000 0.000000 0.000000 1.000000
0.019314 0.971564 -0.235988 6.728800 0.004425 -0.236112 -0.971716 11.756600 -0.999804 0.017723 -0.008860 -2.058500 0.000000 0.000000 0.000000 1.000000
0.037666 0.975916 -0.214868 6.728800 0.004694 -0.215191 -0.976561 11.756600 -0.999279 0.035774 -0.012687 -2.058500 0.000000 0.000000 0.000000 1.000000
0.068179 0.976508 -0.204413 6.728800 0.003875 -0.205147 -0.978723 11.756600 -0.997666 0.065936 -0.017771 -2.058500 0.000000 0.000000 0.000000 1.000000
0.074846 0.977886 -0.195286 6.728800 0.001943 -0.195978 -0.980606 11.756600 -0.997193 0.073015 -0.016568 -2.058500 0.000000 0.000000 0.000000 1.000000
0.064634 0.979845 -0.189013 6.728800 -0.000479 -0.189378 -0.981904 11.756600 -0.997909 0.063555 -0.011770 -2.058500 0.000000 0.000000 0.000000 1.000000
0.061817 0.980286 -0.187666 6.728800 -0.001051 -0.187962 -0.982176 11.756600 -0.998087 0.060912 -0.010589 -2.058500 0.000000 0.000000 0.000000 1.000000
0.055191 0.979376 -0.194360 6.728800 0.000258 -0.194670 -0.980869 11.756600 -0.998476 0.054085 -0.010997 -2.058500 0.000000 0.000000 0.000000 1.000000
0.034022 0.980014 -0.195995 6.728800 -0.000803 -0.196082 -0.980587 11.756600 -0.999421 0.033519 -0.005884 -2.058500 0.000000 0.000000 0.000000 1.000000
0.014543 0.978098 -0.207634 6.728800 0.001154 -0.207672 -0.978198 11.756600 -0.999894 0.013987 -0.004149 -2.058500 0.000000 0.000000 0.000000 1.000000
-0.004149 0.975768 -0.218770 6.728800 0.003311 -0.218757 -0.975774 11.756600 -0.999986 -0.004773 -0.002323 -2.058500 0.000000 0.000000 0.000000 1.000000
-0.054605 0.968772 -0.241865 6.728800 0.001158 -0.242165 -0.970234 11.756600 -0.998507 -0.053260 0.012102 -2.058500 0.000000 0.000000 0.000000 1.000000
-0.107777 0.958122 -0.265306 6.728800 -0.000387 -0.266901 -0.963724 11.756600 -0.994175 -0.103764 0.029137 -2.058500 0.000000 0.000000 0.000000 1.000000
-0.129929 0.936154 -0.326703 6.728800 0.004726 -0.328907 -0.944350 11.756600 -0.991512 -0.124243 0.038310 -2.058500 0.000000 0.000000 0.000000 1.000000
-0.130134 0.919210 -0.371642 6.728800 0.009491 -0.373657 -0.927518 11.756600 -0.991451 -0.124229 0.039901 -2.058500 0.000000 0.000000 0.000000 1.000000
-0.067737 0.939134 -0.336807 6.728800 0.006939 -0.337131 -0.941432 11.756600 -0.997679 -0.066107 0.016320 -2.058500 0.000000 0.000000 0.000000 1.000000
-0.037871 0.961083 -0.273653 6.728800 0.004070 -0.273699 -0.961807 11.756600 -0.999274 -0.037538 0.006454 -2.058500 0.000000 0.000000 0.000000 1.000000
-0.028384 0.962395 -0.270167 6.728800 0.004449 -0.270152 -0.962807 11.756600 -0.999587 -0.028530 0.003386 -2.058500 0.000000 0.000000 0.000000 1.000000
-0.077429 0.959137 -0.272142 6.728800 0.001693 -0.272835 -0.962059 11.756600 -0.996996 -0.074952 0.019501 -2.058500 0.000000 0.000000 0.000000 1.000000
-0.120507 0.930488 -0.345934 6.728800 0.006851 -0.347686 -0.937586 11.756600 -0.992689 -0.115355 0.035524 -2.058500 0.000000 0.000000 0.000000 1.000000
-0.106784 0.939222 -0.326280 6.728800 0.004844 -0.327661 -0.944783 11.756600 -0.994270 -0.102468 0.030439 -2.058500 0.000000 0.000000 0.000000 1.000000
-0.090663 0.954261 -0.284897 6.728800 0.002095 -0.285892 -0.958260 11.756600 -0.995879 -0.087475 0.023921 -2.058500 0.000000 0.000000 0.000000 1.000000
-0.095127 0.955213 -0.280211 6.728800 0.002576 -0.281250 -0.959631 11.756600 -0.995462 -0.092008 0.024294 -2.058500 0.000000 0.000000 0.000000 1.000000
-0.105819 0.955411 -0.275666 6.728800 0.002283 -0.276988 -0.960871 11.756600 -0.994383 -0.102308 0.027130 -2.058500 0.000000 0.000000 0.000000 1.000000
-0.121309 0.954582 -0.272134 6.728800 0.001227 -0.274015 -0.961725 11.756600 -0.992614 -0.117000 0.032070 -2.058500 0.000000 0.000000 0.000000 1.000000
-0.133950 0.954095 -0.267880 6.728800 -0.000194 -0.270342 -0.962764 11.756600 -0.990988 -0.128910 0.036397 -2.058500 0.000000 0.000000 0.000000 1.000000
-0.142539 0.953995 -0.263775 6.728800 -0.001884 -0.266757 -0.963762 11.756600 -0.989787 -0.136876 0.039820 -2.058500 0.000000 0.000000 0.000000 1.000000
-0.137425 0.957158 -0.254880 6.728800 -0.003087 -0.257734 -0.966211 11.756600 -0.990507 -0.131995 0.038374 -2.058500 0.000000 0.000000 0.000000 1.000000
-0.121764 0.959173 -0.255266 6.728800 -0.002142 -0.257433 -0.966294 11.756600 -0.992557 -0.117113 0.033400 -2.058500 0.000000 0.000000 0.000000 1.000000
-0.113798 0.956200 -0.269687 6.728800 -0.000305 -0.271484 -0.962443 11.756600 -0.993504 -0.109442 0.031186 -2.058500 0.000000 0.000000 0.000000 1.000000
-0.108604 0.952718 -0.283785 6.728800 0.001268 -0.285341 -0.958425 11.756600 -0.994084 -0.104448 0.029781 -2.058500 0.000000 0.000000 0.000000 1.000000
-0.096017 0.952598 -0.288682 6.728800 0.002252 -0.289813 -0.957081 11.756600 -0.995377 -0.092546 0.025682 -2.058500 0.000000 0.000000 0.000000 1.000000
-0.086250 0.952555 -0.291892 6.728800 0.002865 -0.292745 -0.956186 11.756600 -0.996269 -0.083307 0.022520 -2.058500 0.000000 0.000000 0.000000 1.000000
-0.078454 0.952250 -0.295069 6.728800 0.003415 -0.295723 -0.955268 11.756600 -0.996912 -0.075952 0.019949 -2.058500 0.000000 0.000000 0.000000 1.000000
-0.070481 0.951314 -0.300056 6.728800 0.004240 -0.300515 -0.953768 11.756600 -0.997504 -0.068494 0.017147 -2.058500 0.000000 0.000000 0.000000 1.000000
-0.063288 0.953175 -0.295723 6.728800 0.004174 -0.296061 -0.955160 11.756600 -0.997987 -0.061685 0.014759 -2.058500 0.000000 0.000000 0.000000 1.000000
-0.072446 0.954423 -0.289530 6.728800 0.003225 -0.290067 -0.957001 11.756600 -0.997367 -0.070265 0.017936 -2.058500 0.000000 0.000000 0.000000 1.000000
-0.065960 0.957189 -0.281850 6.728800 0.003133 -0.282265 -0.959331 11.756600 -0.997817 -0.064161 0.015619 -2.058500 0.000000 0.000000 0.000000 1.000000
-0.060048 0.957688 -0.281474 6.728800 0.003396 -0.281786 -0.959471 11.756600 -0.998190 -0.058570 0.013668 -2.058500 0.000000 0.000000 0.000000 1.000000
-0.070463 0.957944 -0.278171 6.728800 0.002451 -0.278697 -0.960376 11.756600 -0.997511 -0.068352 0.017290 -2.058500 0.000000 0.000000 0.000000 1.000000
-0.076339 0.956375 -0.281992 6.728800 0.002408 -0.282640 -0.959223 11.756600 -0.997079 -0.073905 0.019274 -2.058500 0.000000 0.000000 0.000000 1.000000
-0.080714 0.952512 -0.293608 6.728800 0.002621 -0.294365 -0.955689 11.756600 -0.996734 -0.077907 0.021262 -2.058500 0.000000 0.000000 0.000000 1.000000
-0.080858 0.953831 -0.289255 6.728800 0.001020 -0.290125 -0.956988 11.756600 -0.996725 -0.077675 0.022486 -2.058500 0.000000 0.000000 0.000000 1.000000
-0.076464 0.952275 -0.295508 6.728800 0.000095 -0.296369 -0.955074 11.756600 -0.997072 -0.073057 0.022571 -2.058500 0.000000 0.000000 0.000000 1.000000
-0.067691 0.948226 -0.310299 6.728800 -0.000849 -0.311067 -0.950388 11.756600 -0.997706 -0.064069 0.021861 -2.058500 0.000000 0.000000 0.000000 1.000000
-0.005782 0.938621 -0.344902 6.728800 -0.001224 -0.344914 -0.938634 11.756600 -0.999983 -0.005005 0.003143 -2.058500 0.000000 0.000000 0.000000 1.000000
0.004652 0.940882 -0.338704 6.728800 -0.004431 -0.338685 -0.940889 11.756600 -0.999979 0.005878 0.002594 -2.058500 0.000000 0.000000 0.000000 1.000000
0.017430 0.945356 -0.325574 6.728800 -0.007664 -0.325487 -0.945515 11.756600 -0.999819 0.018976 0.001572 -2.058500 0.000000 0.000000 0.000000 1.000000
0.028795 0.948119 -0.316609 6.728800 -0.010827 -0.316426 -0.948555 11.756600 -0.999527 0.030742 0.001154 -2.058500 0.000000 0.000000 0.000000 1.000000
0.039662 0.955696 -0.291670 6.728800 -0.013216 -0.291372 -0.956519 11.756600 -0.999126 0.041792 0.001074 -2.058500 0.000000 0.000000 0.000000 1.000000
0.070891 0.955176 -0.287427 6.728800 -0.015644 -0.287052 -0.957787 11.756600 -0.997361 0.072396 -0.005406 -2.058500 0.000000 0.000000 0.000000 1.000000
0.104029 0.952441 -0.286417 6.728800 -0.018341 -0.286094 -0.958026 11.756600 -0.994405 0.104916 -0.012294 -2.058500 0.000000 0.000000 0.000000 1.000000
0.134017 0.951142 -0.278151 6.728800 -0.020433 -0.277971 -0.960372 11.756600 -0.990768 0.134389 -0.017818 -2.058500 0.000000 0.000000 0.000000 1.000000
0.162652 0.949180 -0.269447 6.728800 -0.021786 -0.269562 -0.962737 11.756600 -0.986443 0.162461 -0.023166 -2.058500 0.000000 0.000000 0.000000 1.000000
0.193468 0.943652 -0.268499 6.728800 -0.024214 -0.268994 -0.962837 11.756600 -0.980808 0.192779 -0.029192 -2.058500 0.000000 0.000000 0.000000 1.000000
0.223793 0.936910 -0.268544 6.728800 -0.026537 -0.269573 -0.962614 11.756600 -0.974275 0.222553 -0.035465 -2.058500 0.000000 0.000000 0.000000 1.000000
0.247796 0.931907 -0.264852 6.728800 -0.028118 -0.266345 -0.963467 11.756600 -0.968404 0.246190 -0.039796 -2.058500 0.000000 0.000000 0.000000 1.000000
0.261327 0.929600 -0.259907 6.728800 -0.029027 -0.261573 -0.964747 11.756600 -0.964814 0.259659 -0.041372 -2.058500 0.000000 0.000000 0.000000 1.000000
0.272228 0.926760 -0.258859 6.728800 -0.030364 -0.260611 -0.964966 11.756600 -0.961754 0.270550 -0.042806 -2.058500 0.000000 0.000000 0.000000 1.000000
0.281370 0.924543 -0.257004 6.728800 -0.031291 -0.258842 -0.965413 11.756600 -0.959089 0.279680 -0.043901 -2.058500 0.000000 0.000000 0.000000 1.000000
0.282223 0.924514 -0.256171 6.728800 -0.031800 -0.257864 -0.965658 11.756600 -0.958822 0.280677 -0.043376 -2.058500 0.000000 0.000000 0.000000 1.000000
0.282893 0.923763 -0.258135 6.728800 -0.032540 -0.259731 -0.965133 11.756600 -0.958599 0.281429 -0.043417 -2.058500 0.000000 0.000000 0.000000 1.000000</float_array>
        <technique_common>
          <accessor source="#mixamorig_LeftShoulder-Matrix-animation-output-transform-array" count="69" stride="16">
            <param type="float4x4"/>
          </accessor>
        </technique_common>
      </source>
      <source id="mixamorig_LeftShoulder-Interpolations">
        <Name_array id="mixamorig_LeftShoulder-Interpolations-array" count="69">
 LINEAR LINEAR LINEAR LINEAR LINEAR LINEAR LINEAR LINEAR LINEAR LINEAR LINEAR
LINEAR LINEAR LINEAR LINEAR LINEAR LINEAR LINEAR LINEAR LINEAR LINEAR LINEAR LINEAR
LINEAR LINEAR LINEAR LINEAR LINEAR LINEAR LINEAR LINEAR LINEAR LINEAR LINEAR LINEAR
LINEAR LINEAR LINEAR LINEAR LINEAR LINEAR LINEAR LINEAR LINEAR LINEAR LINEAR LINEAR
LINEAR LINEAR LINEAR LINEAR LINEAR LINEAR LINEAR LINEAR LINEAR LINEAR LINEAR LINEAR
LINEAR LINEAR LINEAR LINEAR LINEAR LINEAR LINEAR LINEAR LINEAR LINEAR</Name_array>
        <technique_common>
          <accessor source="#mixamorig_LeftShoulder-Interpolations-array" count="69">
            <param type="name"/>
          </accessor>
        </technique_common>
      </source>
      <sampler id="mixamorig_LeftShoulder-Matrix-animation-transform">
        <input semantic="INPUT" source="#mixamorig_LeftShoulder-Matrix-animation-input"/>
        <input semantic="OUTPUT" source="#mixamorig_LeftShoulder-Matrix-animation-output-transform"/>
        <input semantic="INTERPOLATION" source="#mixamorig_LeftShoulder-Interpolations"/>
      </sampler>
      <channel source="#mixamorig_LeftShoulder-Matrix-animation-transform" target="mixamorig_LeftShoulder/matrix"/>
    </animation>
    <animation id="mixamorig_LeftArm-anim" name="mixamorig_LeftArm">
      <source id="mixamorig_LeftArm-Matrix-animation-input">
        <float_array id="mixamorig_LeftArm-Matrix-animation-input-array" count="69">

0.000000 0.033333 0.066667 0.100000 0.133333 0.166667 0.200000 0.233333 0.266667 0.300000 0.333333 0.366667 0.400000 0.433333 0.466667 0.500000
0.533333 0.566667 0.600000 0.633333 0.666667 0.700000 0.733333 0.766667 0.800000 0.833333 0.866667 0.900000 0.933333 0.966667 1.000000 1.033333
1.066667 1.100000 1.133333 1.166667 1.200000 1.233333 1.266667 1.300000 1.333333 1.366667 1.400000 1.433333 1.466667 1.500000 1.533333 1.566667
1.600000 1.633333 1.666667 1.700000 1.733333 1.766667 1.800000 1.833333 1.866667 1.900000 1.933333 1.966667 2.000000 2.033333 2.066667 2.100000
2.133333 2.166667 2.200000 2.233333 2.266667</float_array>
        <technique_common>
          <accessor source="#mixamorig_LeftArm-Matrix-animation-input-array" count="69">
            <param name="TIME" type="float"/>
          </accessor>
        </technique_common>
      </source>
      <source id="mixamorig_LeftArm-Matrix-animation-output-transform">
        <float_array id="mixamorig_LeftArm-Matrix-animation-output-transform-array" count="1104">

0.982084 -0.101995 -0.158454 0.000000 -0.000644 0.839037 -0.544074 14.448800 0.188442 0.534428 0.823940 0.000000 0.000000 0.000000 0.000000 1.000000
0.982218 -0.097931 -0.160176 0.000000 -0.005335 0.838271 -0.545228 14.448800 0.187666 0.536388 0.822842 0.000000 0.000000 0.000000 0.000000 1.000000
0.982693 -0.081841 -0.166184 0.000000 -0.022787 0.836893 -0.546892 14.448800 0.183836 0.541214 0.820544 0.000000 0.000000 0.000000 0.000000 1.000000
0.983054 -0.053577 -0.175309 -0.000000 -0.052229 0.834835 -0.548017 14.448800 0.175716 0.547887 0.817890 0.000000 0.000000 0.000000 0.000000 1.000000
0.981803 0.001518 -0.189894 -0.000000 -0.105040 0.837408 -0.536391 14.448800 0.158204 0.546577 0.822329 0.000000 0.000000 0.000000 0.000000 1.000000
0.973711 0.085507 -0.211130 0.000000 -0.183192 0.844819 -0.502715 14.448800 0.135381 0.528176 0.838273 -0.000000 0.000000 0.000000 0.000000 1.000000
0.956561 0.179251 -0.229913 -0.000000 -0.269351 0.845130 -0.461742 14.448800 0.111538 0.503612 0.856700 0.000000 0.000000 0.000000 0.000000 1.000000
0.941706 0.228602 -0.246843 -0.000000 -0.313015 0.864292 -0.393728 14.448800 0.123337 0.448041 0.885464 0.000000 0.000000 0.000000 0.000000 1.000000
0.929747 0.261185 -0.259524 0.000000 -0.338170 0.884538 -0.321301 14.448800 0.145640 0.386492 0.910721 0.000000 0.000000 0.000000 0.000000 1.000000
0.922708 0.282104 -0.262731 -0.000000 -0.350337 0.898012 -0.266154 14.448800 0.160852 0.337627 0.927434 0.000000 0.000000 0.000000 0.000000 1.000000
0.919935 0.291041 -0.262708 -0.000000 -0.349342 0.912644 -0.212230 14.448800 0.177991 0.287013 0.941245 0.000000 0.000000 0.000000 0.000000 1.000000
0.919355 0.293030 -0.262527 0.000000 -0.344160 0.922316 -0.175749 14.448800 0.190633 0.251927 0.948784 0.000000 0.000000 0.000000 0.000000 1.000000
0.918129 0.297182 -0.262149 -0.000000 -0.343913 0.926201 -0.154515 14.448800 0.196884 0.232021 0.952577 0.000000 0.000000 0.000000 0.000000 1.000000
0.911981 0.317288 -0.260038 0.000000 -0.361091 0.921691 -0.141773 14.448800 0.194692 0.223191 0.955134 0.000000 0.000000 0.000000 0.000000 1.000000
0.901884 0.346008 -0.258619 0.000000 -0.388591 0.911341 -0.135846 14.448800 0.188686 0.223015 0.956380 0.000000 0.000000 0.000000 0.000000 1.000000
0.901086 0.348268 -0.258368 0.000000 -0.394456 0.905791 -0.154745 14.448800 0.180135 0.241354 0.953572 0.000000 0.000000 0.000000 0.000000 1.000000
0.905651 0.332491 -0.263148 0.000000 -0.384336 0.905830 -0.178205 14.448800 0.179116 0.262528 0.948154 0.000000 0.000000 0.000000 0.000000 1.000000
0.916930 0.294359 -0.269429 0.000000 -0.354293 0.911196 -0.210236 14.448800 0.183617 0.288228 0.939792 0.000000 0.000000 0.000000 0.000000 1.000000
0.934614 0.227058 -0.273754 0.000000 -0.296294 0.922834 -0.246146 14.448800 0.196740 0.311164 0.929769 0.000000 0.000000 0.000000 0.000000 1.000000
0.951172 0.144850 -0.272561 0.000000 -0.227267 0.926181 -0.300896 14.448800 0.208856 0.348148 0.913877 0.000000 0.000000 0.000000 0.000000 1.000000
0.961263 0.048754 -0.271287 0.000000 -0.142336 0.930649 -0.337096 14.448800 0.236038 0.362651 0.901538 0.000000 0.000000 0.000000 0.000000 1.000000
0.965806 -0.028038 -0.257747 0.000000 -0.080839 0.912010 -0.402123 14.448800 0.246342 0.409209 0.878558 0.000000 0.000000 0.000000 0.000000 1.000000
0.973769 0.036137 -0.224651 0.000000 -0.152650 0.835911 -0.527210 14.448800 0.168736 0.547674 0.819501 0.000000 0.000000 0.000000 0.000000 1.000000
0.954281 0.202950 -0.219450 -0.000000 -0.296382 0.737728 -0.606560 14.448800 0.038793 0.643870 0.764151 0.000000 0.000000 0.000000 0.000000 1.000000
0.923478 0.305216 -0.232447 0.000000 -0.383426 0.713497 -0.586436 14.448800 -0.013140 0.630687 0.775926 0.000000 0.000000 0.000000 0.000000 1.000000
0.928741 0.289674 -0.231364 -0.000000 -0.370706 0.732640 -0.570803 14.448800 0.004160 0.615896 0.787817 0.000000 0.000000 0.000000 0.000000 1.000000
0.926185 0.294946 -0.234920 0.000000 -0.376909 0.742282 -0.554037 14.448800 0.010966 0.601685 0.798659 0.000000 0.000000 0.000000 0.000000 1.000000
0.928692 0.293267 -0.226994 0.000000 -0.370253 0.698391 -0.612505 14.448800 -0.021097 0.652874 0.757173 0.000000 0.000000 0.000000 0.000000 1.000000
0.934919 0.280324 -0.217586 0.000000 -0.351771 0.651388 -0.672273 14.448800 -0.046721 0.705062 0.707605 0.000000 0.000000 0.000000 0.000000 1.000000
0.934623 0.279954 -0.219330 0.000000 -0.352301 0.644492 -0.678612 14.448800 -0.048624 0.711517 0.700985 -0.000000 0.000000 0.000000 0.000000 1.000000
0.933085 0.284311 -0.220271 -0.000000 -0.355483 0.636033 -0.684905 14.448800 -0.054626 0.717377 0.694540 0.000000 0.000000 0.000000 0.000000 1.000000
0.931409 0.290852 -0.218820 0.000000 -0.358380 0.627848 -0.690920 14.448800 -0.063570 0.721950 0.689019 0.000000 0.000000 0.000000 0.000000 1.000000
0.928700 0.299365 -0.218853 0.000000 -0.363476 0.617889 -0.697208 14.448800 -0.073493 0.727045 0.682645 0.000000 0.000000 0.000000 0.000000 1.000000
0.926173 0.307326 -0.218529 0.000000 -0.367771 0.608029 -0.703594 14.448800 -0.083361 0.732019 0.676165 0.000000 0.000000 0.000000 0.000000 1.000000
0.920876 0.322471 -0.219088 0.000000 -0.376842 0.592301 -0.712158 14.448800 -0.099884 0.738371 0.666957 -0.000000 0.000000 0.000000 0.000000 1.000000
0.918750 0.327452 -0.220620 0.000000 -0.380534 0.585299 -0.715974 14.448800 -0.105319 0.741755 0.662350 0.000000 0.000000 0.000000 0.000000 1.000000
0.918615 0.327566 -0.221013 -0.000000 -0.381541 0.589728 -0.711792 14.448800 -0.102821 0.738188 0.666713 0.000000 0.000000 0.000000 0.000000 1.000000
0.921735 0.319427 -0.219934 0.000000 -0.375950 0.596719 -0.708934 14.448800 -0.095214 0.736134 0.670105 0.000000 0.000000 0.000000 0.000000 1.000000
0.928780 0.301054 -0.216181 0.000000 -0.361033 0.602996 -0.711373 14.448800 -0.083805 0.738757 0.668741 -0.000000 0.000000 0.000000 0.000000 1.000000
0.938011 0.275027 -0.210939 0.000000 -0.340229 0.614410 -0.711860 14.448800 -0.066177 0.739500 0.669895 -0.000000 0.000000 0.000000 0.000000 1.000000
0.948103 0.242170 -0.206046 -0.000000 -0.315372 0.633625 -0.706442 14.448800 -0.040523 0.734760 0.677115 0.000000 0.000000 0.000000 0.000000 1.000000
0.954052 0.218087 -0.205482 -0.000000 -0.299214 0.656780 -0.692178 14.448800 -0.015998 0.721857 0.691857 0.000000 0.000000 0.000000 0.000000 1.000000
0.959314 0.195031 -0.204154 -0.000000 -0.282284 0.676970 -0.679726 14.448800 0.005638 0.709700 0.704481 0.000000 0.000000 0.000000 0.000000 1.000000
0.965399 0.164370 -0.202452 0.000000 -0.258680 0.701851 -0.663694 14.448800 0.032999 0.693100 0.720086 0.000000 0.000000 0.000000 0.000000 1.000000
0.967278 0.150637 -0.204162 0.000000 -0.249133 0.716220 -0.651891 14.448800 0.048026 0.681423 0.730312 0.000000 0.000000 0.000000 0.000000 1.000000
0.968411 0.140845 -0.205775 -0.000000 -0.242009 0.729758 -0.639440 14.448800 0.060104 0.669040 0.740792 0.000000 0.000000 0.000000 0.000000 1.000000
0.969691 0.133024 -0.204948 -0.000000 -0.234970 0.737686 -0.632936 14.448800 0.066992 0.661909 0.746585 0.000000 0.000000 0.000000 0.000000 1.000000
0.969611 0.131503 -0.206305 0.000000 -0.234213 0.742633 -0.627408 14.448800 0.070703 0.656661 0.750865 0.000000 0.000000 0.000000 0.000000 1.000000
0.968169 0.136887 -0.209549 -0.000000 -0.239631 0.748717 -0.618061 14.448800 0.072288 0.648602 0.757687 0.000000 0.000000 0.000000 0.000000 1.000000
0.965822 0.152202 -0.209817 0.000000 -0.251474 0.746443 -0.616103 14.448800 0.062844 0.647810 0.759206 0.000000 0.000000 0.000000 0.000000 1.000000
0.964374 0.158033 -0.212151 0.000000 -0.256538 0.754443 -0.604155 14.448800 0.064579 0.637056 0.768107 0.000000 0.000000 0.000000 0.000000 1.000000
0.964942 0.153245 -0.213080 0.000000 -0.251896 0.768763 -0.587836 14.448800 0.073726 0.620902 0.780413 -0.000000 0.000000 0.000000 0.000000 1.000000
0.960480 0.175151 -0.216335 0.000000 -0.269898 0.776096 -0.569939 14.448800 0.068071 0.605803 0.792697 0.000000 0.000000 0.000000 0.000000 1.000000
0.963213 0.163262 -0.213460 -0.000000 -0.258182 0.782616 -0.566441 14.448800 0.074579 0.600715 0.795977 0.000000 0.000000 0.000000 0.000000 1.000000
0.966708 0.147052 -0.209408 0.000000 -0.242449 0.788067 -0.565835 14.448800 0.081820 0.597768 0.797483 0.000000 0.000000 0.000000 0.000000 1.000000
0.971613 0.119270 -0.204309 0.000000 -0.216490 0.796483 -0.564577 14.448800 0.095391 0.592781 0.799694 -0.000000 0.000000 0.000000 0.000000 1.000000
0.976456 0.089361 -0.196339 0.000000 -0.188282 0.797258 -0.573525 14.448800 0.105282 0.596988 0.795312 0.000000 0.000000 0.000000 0.000000 1.000000
0.979613 0.062671 -0.190870 0.000000 -0.162893 0.803858 -0.572082 14.448800 0.117579 0.591510 0.797678 -0.000000 0.000000 0.000000 0.000000 1.000000
0.981618 0.037371 -0.187159 0.000000 -0.138634 0.813603 -0.564651 14.448800 0.131172 0.580218 0.803829 0.000000 0.000000 0.000000 0.000000 1.000000
0.982895 0.012573 -0.183737 0.000000 -0.114875 0.821648 -0.558300 14.448800 0.143947 0.569857 0.809038 -0.000000 0.000000 0.000000 0.000000 1.000000
0.983666 -0.019755 -0.178914 0.000000 -0.083824 0.829331 -0.552435 14.448800 0.159292 0.558409 0.814129 -0.000000 0.000000 0.000000 0.000000 1.000000
0.982887 -0.052139 -0.176679 -0.000000 -0.052881 0.838880 -0.541741 14.448800 0.176458 0.541813 0.821767 0.000000 0.000000 0.000000 0.000000 1.000000
0.981754 -0.077519 -0.173639 -0.000000 -0.027695 0.845110 -0.533875 14.448800 0.188129 0.528942 0.827543 0.000000 0.000000 0.000000 0.000000 1.000000
0.980492 -0.098729 -0.169964 0.000000 -0.006874 0.846948 -0.531632 14.448800 0.196438 0.522429 0.829747 0.000000 0.000000 0.000000 0.000000 1.000000
0.979569 -0.114225 -0.165519 0.000000 0.008461 0.845719 -0.533561 14.448800 0.200929 0.521260 0.829407 -0.000000 0.000000 0.000000 0.000000 1.000000
0.979317 -0.121342 -0.161908 0.000000 0.016058 0.844300 -0.535630 14.448800 0.201693 0.521952 0.828786 0.000000 0.000000 0.000000 0.000000 1.000000
0.979860 -0.118149 -0.160984 0.000000 0.013380 0.843216 -0.537408 14.448800 0.199239 0.524431 0.827814 0.000000 0.000000 0.000000 0.000000 1.000000
0.980805 -0.112990 -0.158915 -0.000000 0.009170 0.840822 -0.541234 14.448800 0.194773 0.529388 0.825719 0.000000 0.000000 0.000000 0.000000 1.000000
0.982084 -0.101995 -0.158454 -0.000000 -0.000644 0.839037 -0.544074 14.448800 0.188442 0.534428 0.823939 0.000000 0.000000 0.000000 0.000000 1.000000</float_array>
        <technique_common>
          <accessor source="#mixamorig_LeftArm-Matrix-animation-output-transform-array" count="69" stride="16">
            <param type="float4x4"/>
          </accessor>
        </technique_common>
      </source>
      <source id="mixamorig_LeftArm-Interpolations">
        <Name_array id="mixamorig_LeftArm-Interpolations-array" count="69">
 LINEAR LINEAR LINEAR LINEAR LINEAR LINEAR LINEAR LINEAR LINEAR LINEAR LINEAR
LINEAR LINEAR LINEAR LINEAR LINEAR LINEAR LINEAR LINEAR LINEAR LINEAR LINEAR LINEAR
LINEAR LINEAR LINEAR LINEAR LINEAR LINEAR LINEAR LINEAR LINEAR LINEAR LINEAR LINEAR
LINEAR LINEAR LINEAR LINEAR LINEAR LINEAR LINEAR LINEAR LINEAR LINEAR LINEAR LINEAR
LINEAR LINEAR LINEAR LINEAR LINEAR LINEAR LINEAR LINEAR LINEAR LINEAR LINEAR LINEAR
LINEAR LINEAR LINEAR LINEAR LINEAR LINEAR LINEAR LINEAR LINEAR LINEAR</Name_array>
        <technique_common>
          <accessor source="#mixamorig_LeftArm-Interpolations-array" count="69">
            <param type="name"/>
          </accessor>
        </technique_common>
      </source>
      <sampler id="mixamorig_LeftArm-Matrix-animation-transform">
        <input semantic="INPUT" source="#mixamorig_LeftArm-Matrix-animation-input"/>
        <input semantic="OUTPUT" source="#mixamorig_LeftArm-Matrix-animation-output-transform"/>
        <input semantic="INTERPOLATION" source="#mixamorig_LeftArm-Interpolations"/>
      </sampler>
      <channel source="#mixamorig_LeftArm-Matrix-animation-transform" target="mixamorig_LeftArm/matrix"/>
    </animation>
    <animation id="mixamorig_LeftForeArm-anim" name="mixamorig_LeftForeArm">
      <source id="mixamorig_LeftForeArm-Matrix-animation-input">
        <float_array id="mixamorig_LeftForeArm-Matrix-animation-input-array" count="69">

0.000000 0.033333 0.066667 0.100000 0.133333 0.166667 0.200000 0.233333 0.266667 0.300000 0.333333 0.366667 0.400000 0.433333 0.466667 0.500000
0.533333 0.566667 0.600000 0.633333 0.666667 0.700000 0.733333 0.766667 0.800000 0.833333 0.866667 0.900000 0.933333 0.966667 1.000000 1.033333
1.066667 1.100000 1.133333 1.166667 1.200000 1.233333 1.266667 1.300000 1.333333 1.366667 1.400000 1.433333 1.466667 1.500000 1.533333 1.566667
1.600000 1.633333 1.666667 1.700000 1.733333 1.766667 1.800000 1.833333 1.866667 1.900000 1.933333 1.966667 2.000000 2.033333 2.066667 2.100000
2.133333 2.166667 2.200000 2.233333 2.266667</float_array>
        <technique_common>
          <accessor source="#mixamorig_LeftForeArm-Matrix-animation-input-array" count="69">
            <param name="TIME" type="float"/>
          </accessor>
        </technique_common>
      </source>
      <source id="mixamorig_LeftForeArm-Matrix-animation-output-transform">
        <float_array id="mixamorig_LeftForeArm-Matrix-animation-output-transform-array" count="1104">

0.829687 -0.491812 -0.264085 0.000000 0.435014 0.866096 -0.246252 23.160299 0.349833 0.089432 0.932534 0.000000 0.000000 0.000000 0.000000 1.000000
0.830897 -0.502697 -0.238551 -0.000000 0.449640 0.859144 -0.244326 23.160299 0.327771 0.095748 0.939893 0.000000 0.000000 0.000000 0.000000 1.000000
0.834129 -0.517726 -0.190231 0.000000 0.473974 0.849194 -0.232848 23.160299 0.282094 0.104061 0.953726 0.000000 0.000000 0.000000 0.000000 1.000000
0.841536 -0.526026 -0.122939 0.000000 0.496087 0.842611 -0.209533 23.160299 0.213809 0.115341 0.970042 0.000000 0.000000 0.000000 0.000000 1.000000
0.844143 -0.534832 -0.037121 -0.000000 0.520657 0.834340 -0.181088 23.160299 0.127823 0.133537 0.982766 -0.000000 0.000000 0.000000 0.000000 1.000000
0.840077 -0.538952 0.061647 -0.000000 0.541763 0.827767 -0.145926 23.160299 0.027618 0.155987 0.987373 0.000000 0.000000 0.000000 0.000000 1.000000
0.837032 -0.518564 0.174552 0.000000 0.540061 0.834212 -0.111464 23.160299 -0.087812 0.187567 0.978319 0.000000 0.000000 0.000000 0.000000 1.000000
0.841391 -0.449696 0.299724 -0.000000 0.493877 0.865007 -0.088593 23.160299 -0.219424 0.222568 0.949904 0.000000 0.000000 0.000000 0.000000 1.000000
0.843084 -0.376703 0.383802 0.000000 0.437155 0.895720 -0.081130 23.160299 -0.313217 0.236180 0.919844 0.000000 0.000000 0.000000 0.000000 1.000000
0.846215 -0.311277 0.432466 0.000000 0.385250 0.918115 -0.092994 23.160299 -0.368106 0.245301 0.896842 0.000000 0.000000 0.000000 0.000000 1.000000
0.836377 -0.260851 0.482110 0.000000 0.356189 0.927151 -0.116281 23.160299 -0.416657 0.268977 0.868360 0.000000 0.000000 0.000000 0.000000 1.000000
0.817408 -0.247823 0.520027 0.000000 0.359151 0.925046 -0.123696 23.160299 -0.450394 0.287879 0.845145 0.000000 0.000000 0.000000 0.000000 1.000000
0.793758 -0.272999 0.543525 0.000000 0.394004 0.911561 -0.117545 23.160299 -0.463366 0.307454 0.831122 -0.000000 0.000000 0.000000 0.000000 1.000000
0.777661 -0.303119 0.550784 0.000000 0.424185 0.899604 -0.103824 23.160299 -0.464016 0.314374 0.828165 0.000000 0.000000 0.000000 0.000000 1.000000
0.764088 -0.351823 0.540731 0.000000 0.462970 0.882771 -0.079839 23.160299 -0.449252 0.311346 0.837398 0.000000 0.000000 0.000000 0.000000 1.000000
0.747430 -0.401338 0.529412 -0.000000 0.507311 0.859324 -0.064789 23.160299 -0.428934 0.317002 0.845888 0.000000 0.000000 0.000000 0.000000 1.000000
0.719266 -0.463090 0.517884 0.000000 0.564433 0.824142 -0.046971 23.160299 -0.405058 0.326095 0.854161 0.000000 0.000000 0.000000 0.000000 1.000000
0.689536 -0.524556 0.499380 0.000000 0.614095 0.788999 -0.019157 23.160299 -0.383961 0.319877 0.866171 0.000000 0.000000 0.000000 0.000000 1.000000
0.650976 -0.581119 0.488396 0.000000 0.665555 0.746348 0.000934 23.160299 -0.365056 0.324446 0.872622 0.000000 0.000000 0.000000 0.000000 1.000000
0.623697 -0.630742 0.461699 0.000000 0.703099 0.710776 0.021216 23.160299 -0.341546 0.311388 0.886783 0.000000 0.000000 0.000000 0.000000 1.000000
0.605485 -0.652077 0.456272 0.000000 0.725629 0.687795 0.020028 23.160299 -0.326881 0.318958 0.889615 0.000000 0.000000 0.000000 0.000000 1.000000
0.604635 -0.661295 0.443965 0.000000 0.731278 0.681797 0.019626 23.160299 -0.315672 0.312795 0.895829 -0.000000 0.000000 0.000000 0.000000 1.000000
0.601089 -0.679071 0.421371 -0.000000 0.744176 0.667822 0.014673 23.160299 -0.291365 0.304755 0.906770 0.000000 0.000000 0.000000 0.000000 1.000000
0.564163 -0.693940 0.447401 0.000000 0.770208 0.637548 0.017652 23.160299 -0.297489 0.334633 0.894159 0.000000 0.000000 0.000000 0.000000 1.000000
0.577316 -0.637161 0.510619 0.000000 0.741553 0.670894 -0.001259 23.160299 -0.341769 0.379378 0.859806 0.000000 0.000000 0.000000 0.000000 1.000000
0.625801 -0.575490 0.526482 0.000000 0.689047 0.724197 -0.027424 23.160299 -0.365495 0.379933 0.849744 0.000000 0.000000 0.000000 0.000000 1.000000
0.672712 -0.572757 0.468410 -0.000000 0.661514 0.749163 -0.033988 23.160299 -0.331448 0.332724 0.882857 0.000000 0.000000 0.000000 0.000000 1.000000
0.720896 -0.527253 0.449793 0.000000 0.610836 0.789983 -0.052975 23.160299 -0.327398 0.312939 0.891560 0.000000 0.000000 0.000000 0.000000 1.000000
0.760145 -0.467265 0.451489 0.000000 0.554945 0.828309 -0.077074 23.160299 -0.337959 0.309139 0.888941 0.000000 0.000000 0.000000 0.000000 1.000000
0.779184 -0.420362 0.464939 -0.000000 0.516753 0.850628 -0.096946 23.160299 -0.354737 0.315797 0.880019 0.000000 0.000000 0.000000 0.000000 1.000000
0.795176 -0.375386 0.476215 0.000000 0.479662 0.869851 -0.115255 23.160299 -0.370971 0.320070 0.871743 -0.000000 0.000000 0.000000 0.000000 1.000000
0.807334 -0.333458 0.486844 0.000000 0.445409 0.885530 -0.132087 23.160299 -0.387070 0.323483 0.863444 0.000000 0.000000 0.000000 0.000000 1.000000
0.815000 -0.295716 0.498325 0.000000 0.415899 0.897337 -0.147695 23.160299 -0.403490 0.327624 0.854317 0.000000 0.000000 0.000000 0.000000 1.000000
0.817603 -0.263269 0.512069 0.000000 0.393157 0.905007 -0.162450 23.160299 -0.420658 0.334143 0.843442 0.000000 0.000000 0.000000 0.000000 1.000000
0.807031 -0.228852 0.544361 0.000000 0.380055 0.906841 -0.182203 23.160299 -0.451951 0.353930 0.818825 0.000000 0.000000 0.000000 0.000000 1.000000
0.779434 -0.188967 0.597306 0.000000 0.374459 0.904893 -0.202360 23.160299 -0.502258 0.381393 0.776064 0.000000 0.000000 0.000000 0.000000 1.000000
0.747150 -0.168496 0.642944 0.000000 0.379914 0.901997 -0.205103 23.160299 -0.545374 0.397506 0.737940 -0.000000 0.000000 0.000000 0.000000 1.000000
0.715016 -0.183401 0.674623 0.000000 0.404071 0.895884 -0.184712 23.160299 -0.570508 0.404668 0.714678 0.000000 0.000000 0.000000 0.000000 1.000000
0.705969 -0.206991 0.677320 -0.000000 0.417660 0.894025 -0.162108 23.160299 -0.571986 0.397333 0.717606 0.000000 0.000000 0.000000 0.000000 1.000000
0.718064 -0.167177 0.675601 0.000000 0.385421 0.903800 -0.186001 23.160299 -0.579513 0.393951 0.713419 0.000000 0.000000 0.000000 0.000000 1.000000
0.757901 -0.164614 0.631259 0.000000 0.345724 0.921936 -0.174668 23.160299 -0.553228 0.350623 0.755647 0.000000 0.000000 0.000000 0.000000 1.000000
0.798771 -0.188898 0.571211 0.000000 0.325633 0.934084 -0.146459 23.160299 -0.505893 0.302992 0.807631 0.000000 0.000000 0.000000 0.000000 1.000000
0.832192 -0.177866 0.525186 -0.000000 0.290116 0.946837 -0.139039 23.160299 -0.472535 0.268072 0.839552 -0.000000 0.000000 0.000000 0.000000 1.000000
0.853526 -0.180485 0.488794 0.000000 0.273738 0.953527 -0.125910 23.160299 -0.443353 0.241269 0.863266 0.000000 0.000000 0.000000 0.000000 1.000000
0.876359 -0.196656 0.439684 0.000000 0.270876 0.956042 -0.112293 23.160299 -0.398273 0.217509 0.891105 0.000000 0.000000 0.000000 0.000000 1.000000
0.895325 -0.227975 0.382650 -0.000000 0.283745 0.954137 -0.095454 23.160299 -0.343339 0.194037 0.918949 0.000000 0.000000 0.000000 0.000000 1.000000
0.905140 -0.262547 0.334352 0.000000 0.307531 0.947405 -0.088588 23.160299 -0.293508 0.183008 0.938276 0.000000 0.000000 0.000000 0.000000 1.000000
0.906489 -0.314612 0.281597 0.000000 0.350161 0.932823 -0.085014 23.160299 -0.235934 0.175668 0.955759 0.000000 0.000000 0.000000 0.000000 1.000000
0.903707 -0.360520 0.230950 0.000000 0.387453 0.918161 -0.082827 23.160299 -0.182189 0.164334 0.969434 0.000000 0.000000 0.000000 0.000000 1.000000
0.899903 -0.395585 0.183543 0.000000 0.415526 0.905543 -0.085619 23.160299 -0.132337 0.153315 0.979276 -0.000000 0.000000 0.000000 0.000000 1.000000
0.890784 -0.429510 0.148405 -0.000000 0.444964 0.890709 -0.092978 23.160299 -0.092251 0.148858 0.984546 0.000000 0.000000 0.000000 0.000000 1.000000
0.879242 -0.460781 0.120889 -0.000000 0.472758 0.875216 -0.102453 23.160299 -0.058596 0.147232 0.987365 -0.000000 0.000000 0.000000 0.000000 1.000000
0.885682 -0.459752 0.064767 0.000000 0.464237 0.879060 -0.108334 23.160299 -0.007127 0.126017 0.992002 0.000000 0.000000 0.000000 0.000000 1.000000
0.888794 -0.456760 0.037616 0.000000 0.457808 0.881009 -0.119313 23.160299 0.021358 0.123265 0.992144 0.000000 0.000000 0.000000 0.000000 1.000000
0.893618 -0.448801 0.004908 -0.000000 0.445801 0.886271 -0.125638 23.160299 0.052037 0.114461 0.992064 0.000000 0.000000 0.000000 0.000000 1.000000
0.897782 -0.440047 -0.018621 -0.000000 0.433895 0.890910 -0.134221 23.160299 0.075653 0.112421 0.990777 0.000000 0.000000 0.000000 0.000000 1.000000
0.896937 -0.440299 -0.040504 0.000000 0.430548 0.890567 -0.146694 23.160299 0.100661 0.114136 0.988352 0.000000 0.000000 0.000000 0.000000 1.000000
0.899263 -0.431813 -0.069741 0.000000 0.417801 0.895166 -0.155307 23.160299 0.129494 0.110524 0.985401 0.000000 0.000000 0.000000 0.000000 1.000000
0.897884 -0.429717 -0.095645 0.000000 0.411505 0.896441 -0.164488 23.160299 0.156423 0.108333 0.981731 0.000000 0.000000 0.000000 0.000000 1.000000
0.894057 -0.432763 -0.115662 0.000000 0.410053 0.894604 -0.177595 23.160299 0.180329 0.111353 0.977283 -0.000000 0.000000 0.000000 0.000000 1.000000
0.889527 -0.435889 -0.136903 0.000000 0.408143 0.892787 -0.190658 23.160299 0.205331 0.113720 0.972063 0.000000 0.000000 0.000000 0.000000 1.000000
0.881832 -0.442567 -0.162807 0.000000 0.409648 0.889960 -0.200401 23.160299 0.233583 0.110026 0.966092 -0.000000 0.000000 0.000000 0.000000 1.000000
0.871258 -0.452799 -0.189428 0.000000 0.414364 0.885409 -0.210602 23.160299 0.263082 0.104997 0.959043 0.000000 0.000000 0.000000 0.000000 1.000000
0.860719 -0.463044 -0.211550 -0.000000 0.419179 0.880437 -0.221631 23.160299 0.288881 0.102084 0.951907 0.000000 0.000000 0.000000 0.000000 1.000000
0.848856 -0.474252 -0.233514 0.000000 0.425438 0.875085 -0.230714 23.160299 0.313761 0.096497 0.944586 -0.000000 0.000000 0.000000 0.000000 1.000000
0.838420 -0.483105 -0.252314 0.000000 0.430418 0.870892 -0.237250 23.160299 0.334355 0.090314 0.938110 0.000000 0.000000 0.000000 0.000000 1.000000
0.831622 -0.488597 -0.263965 0.000000 0.433247 0.868170 -0.242028 23.160299 0.347420 0.086914 0.933673 0.000000 0.000000 0.000000 0.000000 1.000000
0.829168 -0.491329 -0.266600 0.000000 0.434586 0.866557 -0.245384 23.160299 0.351589 0.087604 0.932047 0.000000 0.000000 0.000000 0.000000 1.000000
0.829687 -0.491813 -0.264084 -0.000000 0.435015 0.866096 -0.246251 23.160299 0.349831 0.089430 0.932534 0.000000 0.000000 0.000000 0.000000 1.000000</float_array>
        <technique_common>
          <accessor source="#mixamorig_LeftForeArm-Matrix-animation-output-transform-array" count="69" stride="16">
            <param type="float4x4"/>
          </accessor>
        </technique_common>
      </source>
      <source id="mixamorig_LeftForeArm-Interpolations">
        <Name_array id="mixamorig_LeftForeArm-Interpolations-array" count="69">
 LINEAR LINEAR LINEAR LINEAR LINEAR LINEAR LINEAR LINEAR LINEAR LINEAR LINEAR
LINEAR LINEAR LINEAR LINEAR LINEAR LINEAR LINEAR LINEAR LINEAR LINEAR LINEAR LINEAR
LINEAR LINEAR LINEAR LINEAR LINEAR LINEAR LINEAR LINEAR LINEAR LINEAR LINEAR LINEAR
LINEAR LINEAR LINEAR LINEAR LINEAR LINEAR LINEAR LINEAR LINEAR LINEAR LINEAR LINEAR
LINEAR LINEAR LINEAR LINEAR LINEAR LINEAR LINEAR LINEAR LINEAR LINEAR LINEAR LINEAR
LINEAR LINEAR LINEAR LINEAR LINEAR LINEAR LINEAR LINEAR LINEAR LINEAR</Name_array>
        <technique_common>
          <accessor source="#mixamorig_LeftForeArm-Interpolations-array" count="69">
            <param type="name"/>
          </accessor>
        </technique_common>
      </source>
      <sampler id="mixamorig_LeftForeArm-Matrix-animation-transform">
        <input semantic="INPUT" source="#mixamorig_LeftForeArm-Matrix-animation-input"/>
        <input semantic="OUTPUT" source="#mixamorig_LeftForeArm-Matrix-animation-output-transform"/>
        <input semantic="INTERPOLATION" source="#mixamorig_LeftForeArm-Interpolations"/>
      </sampler>
      <channel source="#mixamorig_LeftForeArm-Matrix-animation-transform" target="mixamorig_LeftForeArm/matrix"/>
    </animation>
    <animation id="mixamorig_LeftHand-anim" name="mixamorig_LeftHand">
      <source id="mixamorig_LeftHand-Matrix-animation-input">
        <float_array id="mixamorig_LeftHand-Matrix-animation-input-array" count="69">

0.000000 0.033333 0.066667 0.100000 0.133333 0.166667 0.200000 0.233333 0.266667 0.300000 0.333333 0.366667 0.400000 0.433333 0.466667 0.500000
0.533333 0.566667 0.600000 0.633333 0.666667 0.700000 0.733333 0.766667 0.800000 0.833333 0.866667 0.900000 0.933333 0.966667 1.000000 1.033333
1.066667 1.100000 1.133333 1.166667 1.200000 1.233333 1.266667 1.300000 1.333333 1.366667 1.400000 1.433333 1.466667 1.500000 1.533333 1.566667
1.600000 1.633333 1.666667 1.700000 1.733333 1.766667 1.800000 1.833333 1.866667 1.900000 1.933333 1.966667 2.000000 2.033333 2.066667 2.100000
2.133333 2.166667 2.200000 2.233333 2.266667</float_array>
        <technique_common>
          <accessor source="#mixamorig_LeftHand-Matrix-animation-input-array" count="69">
            <param name="TIME" type="float"/>
          </accessor>
        </technique_common>
      </source>
      <source id="mixamorig_LeftHand-Matrix-animation-output-transform">
        <float_array id="mixamorig_LeftHand-Matrix-animation-output-transform-array" count="1104">

0.998095 -0.048663 0.037920 0.000000 0.043826 0.991886 0.119336 24.071800 -0.043419 -0.117447 0.992130 0.000000 0.000000 0.000000 0.000000 1.000000
0.998039 -0.051841 0.035081 -0.000000 0.047962 0.993463 0.103592 24.071800 -0.040222 -0.101706 0.994001 0.000000 0.000000 0.000000 0.000000 1.000000
0.998371 -0.057010 0.002245 0.000000 0.056695 0.995725 0.072919 24.071800 -0.006392 -0.072673 0.997335 0.000000 0.000000 0.000000 0.000000 1.000000
0.994732 -0.088100 -0.052400 0.000000 0.089514 0.995664 0.025289 24.071800 0.049945 -0.029846 0.998306 0.000000 0.000000 0.000000 0.000000 1.000000
0.988744 -0.114297 -0.096544 -0.000000 0.112833 0.993402 -0.020509 24.071800 0.098251 0.009385 0.995117 -0.000000 0.000000 0.000000 0.000000 1.000000
0.977830 -0.150106 -0.146003 0.000000 0.137856 0.986287 -0.090736 24.071800 0.157620 0.068597 0.985114 0.000000 0.000000 0.000000 0.000000 1.000000
0.963616 -0.190293 -0.187703 0.000000 0.160562 0.973527 -0.162679 24.071800 0.213690 0.126622 0.968661 0.000000 0.000000 0.000000 0.000000 1.000000
0.943725 -0.238498 -0.229131 0.000000 0.179564 0.951291 -0.250603 24.071800 0.277739 0.195357 0.940583 0.000000 0.000000 0.000000 0.000000 1.000000
0.939991 -0.212533 -0.266922 0.000000 0.125257 0.942629 -0.309454 24.071800 0.317377 0.257451 0.912683 0.000000 0.000000 0.000000 0.000000 1.000000
0.944341 -0.155217 -0.290047 0.000000 0.069653 0.956041 -0.284840 24.071800 0.321508 0.248784 0.913641 0.000000 0.000000 0.000000 0.000000 1.000000
0.942124 -0.115065 -0.314900 -0.000000 0.041605 0.972125 -0.230741 24.071800 0.332673 0.204285 0.920650 0.000000 0.000000 0.000000 0.000000 1.000000
0.954822 -0.126990 -0.268678 0.000000 0.068371 0.973718 -0.217251 24.071800 0.289206 0.189066 0.938410 0.000000 0.000000 0.000000 0.000000 1.000000
0.959398 -0.112948 -0.258454 0.000000 0.064491 0.979890 -0.188830 24.071800 0.274584 0.164495 0.947389 0.000000 0.000000 0.000000 0.000000 1.000000
0.942987 -0.138901 -0.302459 0.000000 0.088339 0.980612 -0.174916 24.071800 0.320891 0.138225 0.936975 0.000000 0.000000 0.000000 0.000000 1.000000
0.945964 -0.127076 -0.298335 0.000000 0.083459 0.984432 -0.154688 24.071800 0.313348 0.121431 0.941843 0.000000 0.000000 0.000000 0.000000 1.000000
0.976917 -0.072428 -0.200967 0.000000 0.059235 0.995722 -0.070909 24.071800 0.205243 0.057368 0.977028 0.000000 0.000000 0.000000 0.000000 1.000000
0.997212 -0.041653 -0.061914 -0.000000 0.042607 0.998992 0.014157 24.071800 0.061262 -0.016756 0.997981 -0.000000 0.000000 0.000000 0.000000 1.000000
0.998255 -0.058659 0.006776 0.000000 0.058374 0.997626 0.036540 24.071800 -0.008904 -0.036081 0.999309 0.000000 0.000000 0.000000 0.000000 1.000000
0.997791 -0.063338 0.020051 0.000000 0.061642 0.995188 0.076168 24.071800 -0.024779 -0.074763 0.996893 0.000000 0.000000 0.000000 0.000000 1.000000
0.996163 -0.038888 0.078400 -0.000000 0.031423 0.995048 0.094299 24.071800 -0.081679 -0.091474 0.992452 0.000000 0.000000 0.000000 0.000000 1.000000
0.987904 -0.032328 0.151661 0.000000 0.005669 0.984903 0.173012 24.071800 -0.154964 -0.170059 0.973173 -0.000000 0.000000 0.000000 0.000000 1.000000
0.974543 -0.001439 0.224194 0.000000 -0.043324 0.979923 0.194613 24.071800 -0.219973 -0.199372 0.954915 0.000000 0.000000 0.000000 0.000000 1.000000
0.968331 0.031556 0.247666 0.000000 -0.097807 0.960639 0.260012 24.071800 -0.229713 -0.276002 0.933303 0.000000 0.000000 0.000000 0.000000 1.000000
0.990324 0.016647 0.137772 0.000000 -0.051019 0.966928 0.249894 24.071800 -0.129056 -0.254505 0.958421 0.000000 0.000000 0.000000 0.000000 1.000000
0.999742 -0.022199 -0.004716 0.000000 0.022689 0.982313 0.185864 24.071800 0.000507 -0.185923 0.982564 0.000000 0.000000 0.000000 0.000000 1.000000
0.997266 0.002806 -0.073840 -0.000000 0.008337 0.988626 0.150161 24.071800 0.073422 -0.150366 0.985900 0.000000 0.000000 0.000000 0.000000 1.000000
0.969848 0.028674 -0.242017 0.000000 0.019773 0.980523 0.195409 24.071800 0.242907 -0.194302 0.950391 0.000000 0.000000 0.000000 0.000000 1.000000
0.937240 0.063606 -0.342836 -0.000000 0.006081 0.980090 0.198459 24.071800 0.348633 -0.188089 0.918193 0.000000 0.000000 0.000000 0.000000 1.000000
0.918227 0.089965 -0.385702 -0.000000 -0.012962 0.980164 0.197765 24.071800 0.395843 -0.176594 0.901179 0.000000 0.000000 0.000000 0.000000 1.000000
0.924421 0.067121 -0.375419 0.000000 0.006108 0.981658 0.190550 24.071800 0.381324 -0.178442 0.907056 0.000000 0.000000 0.000000 0.000000 1.000000
0.930989 0.042219 -0.362597 0.000000 0.025683 0.983253 0.180426 24.071800 0.364142 -0.177287 0.914314 0.000000 0.000000 0.000000 0.000000 1.000000
0.938942 0.017753 -0.343618 -0.000000 0.043781 0.984386 0.170493 24.071800 0.341279 -0.175127 0.923504 -0.000000 0.000000 0.000000 0.000000 1.000000
0.949060 -0.004087 -0.315068 -0.000000 0.058668 0.984723 0.163948 24.071800 0.309584 -0.174081 0.934801 0.000000 0.000000 0.000000 0.000000 1.000000
0.961591 -0.021471 -0.273646 -0.000000 0.068605 0.984095 0.163863 24.071800 0.265776 -0.176343 0.947769 0.000000 0.000000 0.000000 0.000000 1.000000
0.977477 -0.031487 -0.208679 0.000000 0.068633 0.982485 0.173241 24.071800 0.199569 -0.183661 0.962518 0.000000 0.000000 0.000000 0.000000 1.000000
0.991253 -0.047074 -0.123298 -0.000000 0.065849 0.986041 0.152930 24.071800 0.114378 -0.159712 0.980515 -0.000000 0.000000 0.000000 0.000000 1.000000
0.997706 -0.060726 -0.029903 -0.000000 0.062496 0.996097 0.062327 24.071800 0.026002 -0.064053 0.997608 0.000000 0.000000 0.000000 0.000000 1.000000
0.999849 -0.017382 0.000614 0.000000 0.017375 0.996658 -0.079814 24.071800 0.000775 0.079812 0.996810 0.000000 0.000000 0.000000 0.000000 1.000000
0.993632 0.046081 -0.102821 0.000000 -0.063714 0.982431 -0.175415 24.071800 0.092931 0.180849 0.979111 -0.000000 0.000000 0.000000 0.000000 1.000000
0.989037 0.011131 -0.147248 -0.000000 -0.022754 0.996734 -0.077487 24.071800 0.145904 0.079988 0.986060 0.000000 0.000000 0.000000 0.000000 1.000000
0.959785 -0.022855 -0.279803 0.000000 -0.010260 0.993159 -0.116318 24.071800 0.280547 0.114511 0.952985 0.000000 0.000000 0.000000 0.000000 1.000000
0.912502 -0.005542 -0.409034 -0.000000 -0.080289 0.978033 -0.192367 24.071800 0.401115 0.208376 0.892012 0.000000 0.000000 0.000000 0.000000 1.000000
0.861499 -0.029650 -0.506892 0.000000 -0.088535 0.974230 -0.207457 24.071800 0.499981 0.223601 0.836673 0.000000 0.000000 0.000000 0.000000 1.000000
0.787145 -0.027917 -0.616135 0.000000 -0.150992 0.959854 -0.236392 24.071800 0.598000 0.279106 0.751330 -0.000000 0.000000 0.000000 0.000000 1.000000
0.706906 -0.026748 -0.706801 -0.000000 -0.206534 0.947928 -0.242437 24.071800 0.676482 0.317359 0.664572 0.000000 0.000000 0.000000 0.000000 1.000000
0.650756 -0.022127 -0.758964 -0.000000 -0.257201 0.934057 -0.247762 24.071800 0.714398 0.356439 0.602152 0.000000 0.000000 0.000000 0.000000 1.000000
0.627224 -0.040341 -0.777794 -0.000000 -0.245014 0.937733 -0.246220 24.071800 0.739296 0.345005 0.578284 0.000000 0.000000 0.000000 0.000000 1.000000
0.604739 -0.044545 -0.795177 0.000000 -0.226871 0.947433 -0.225612 24.071800 0.763426 0.316839 0.562844 -0.000000 0.000000 0.000000 0.000000 1.000000
0.596911 -0.065780 -0.799606 0.000000 -0.208941 0.949498 -0.234086 24.071800 0.774623 0.306799 0.553022 0.000000 0.000000 0.000000 0.000000 1.000000
0.585966 -0.110139 -0.802816 0.000000 -0.170166 0.951905 -0.254794 24.071800 0.792267 0.285913 0.539042 0.000000 0.000000 0.000000 0.000000 1.000000
0.581889 -0.126921 -0.803304 -0.000000 -0.138510 0.957850 -0.251671 24.071800 0.801387 0.257710 0.539782 0.000000 0.000000 0.000000 0.000000 1.000000
0.617956 -0.072467 -0.782866 -0.000000 -0.146415 0.967717 -0.205150 24.071800 0.772459 0.241397 0.587396 0.000000 0.000000 0.000000 0.000000 1.000000
0.667066 -0.102747 -0.737879 -0.000000 -0.107330 0.966857 -0.231661 24.071800 0.737227 0.233730 0.633930 0.000000 0.000000 0.000000 0.000000 1.000000
0.717896 -0.110670 -0.687298 0.000000 -0.062158 0.973149 -0.221623 24.071800 0.693370 0.201824 0.691741 0.000000 0.000000 0.000000 0.000000 1.000000
0.757845 -0.129854 -0.639382 0.000000 -0.032194 0.971357 -0.235435 24.071800 0.651640 0.199008 0.731957 0.000000 0.000000 0.000000 0.000000 1.000000
0.799277 -0.131230 -0.586460 -0.000000 -0.005497 0.974230 -0.225492 24.071800 0.600938 0.183454 0.777958 0.000000 0.000000 0.000000 0.000000 1.000000
0.841745 -0.116216 -0.527218 -0.000000 0.018263 0.982127 -0.187333 24.071800 0.539566 0.148058 0.828823 0.000000 0.000000 0.000000 0.000000 1.000000
0.883586 -0.113738 -0.454247 -0.000000 0.042106 0.985422 -0.164833 24.071800 0.466372 0.126518 0.875494 0.000000 0.000000 0.000000 0.000000 1.000000
0.915700 -0.112973 -0.385655 -0.000000 0.062189 0.987948 -0.141744 24.071800 0.397020 0.105812 0.911690 0.000000 0.000000 0.000000 0.000000 1.000000
0.942143 -0.102459 -0.319168 0.000000 0.077058 0.992841 -0.091257 24.071800 0.326233 0.061383 0.943294 0.000000 0.000000 0.000000 0.000000 1.000000
0.962055 -0.095588 -0.255563 0.000000 0.089055 0.995338 -0.037041 24.071800 0.257912 0.012877 0.966083 0.000000 0.000000 0.000000 0.000000 1.000000
0.975000 -0.083798 -0.205796 -0.000000 0.084139 0.996429 -0.007113 24.071800 0.205657 -0.010380 0.978569 0.000000 0.000000 0.000000 0.000000 1.000000
0.986655 -0.075453 -0.144288 -0.000000 0.079949 0.996470 0.025609 24.071800 0.141846 -0.036803 0.989204 0.000000 0.000000 0.000000 0.000000 1.000000
0.993212 -0.071596 -0.091669 -0.000000 0.077624 0.994928 0.063973 24.071800 0.086624 -0.070654 0.993733 0.000000 0.000000 0.000000 0.000000 1.000000
0.996279 -0.070864 -0.049046 0.000000 0.075027 0.993201 0.089014 24.071800 0.042404 -0.092362 0.994822 -0.000000 0.000000 0.000000 0.000000 1.000000
0.997801 -0.064801 -0.013922 0.000000 0.065890 0.992551 0.102476 24.071800 0.007178 -0.103168 0.994638 0.000000 0.000000 0.000000 0.000000 1.000000
0.998337 -0.056679 0.010532 0.000000 0.055151 0.992200 0.111791 24.071800 -0.016786 -0.111024 0.993676 0.000000 0.000000 0.000000 0.000000 1.000000
0.998349 -0.050126 0.028059 0.000000 0.046434 0.991742 0.119546 24.071800 -0.033820 -0.118045 0.992432 0.000000 0.000000 0.000000 0.000000 1.000000
0.998095 -0.048662 0.037919 -0.000000 0.043826 0.991886 0.119337 24.071800 -0.043419 -0.117448 0.992129 0.000000 0.000000 0.000000 0.000000 1.000000</float_array>
        <technique_common>
          <accessor source="#mixamorig_LeftHand-Matrix-animation-output-transform-array" count="69" stride="16">
            <param type="float4x4"/>
          </accessor>
        </technique_common>
      </source>
      <source id="mixamorig_LeftHand-Interpolations">
        <Name_array id="mixamorig_LeftHand-Interpolations-array" count="69">
 LINEAR LINEAR LINEAR LINEAR LINEAR LINEAR LINEAR LINEAR LINEAR LINEAR LINEAR
LINEAR LINEAR LINEAR LINEAR LINEAR LINEAR LINEAR LINEAR LINEAR LINEAR LINEAR LINEAR
LINEAR LINEAR LINEAR LINEAR LINEAR LINEAR LINEAR LINEAR LINEAR LINEAR LINEAR LINEAR
LINEAR LINEAR LINEAR LINEAR LINEAR LINEAR LINEAR LINEAR LINEAR LINEAR LINEAR LINEAR
LINEAR LINEAR LINEAR LINEAR LINEAR LINEAR LINEAR LINEAR LINEAR LINEAR LINEAR LINEAR
LINEAR LINEAR LINEAR LINEAR LINEAR LINEAR LINEAR LINEAR LINEAR LINEAR</Name_array>
        <technique_common>
          <accessor source="#mixamorig_LeftHand-Interpolations-array" count="69">
            <param type="name"/>
          </accessor>
        </technique_common>
      </source>
      <sampler id="mixamorig_LeftHand-Matrix-animation-transform">
        <input semantic="INPUT" source="#mixamorig_LeftHand-Matrix-animation-input"/>
        <input semantic="OUTPUT" source="#mixamorig_LeftHand-Matrix-animation-output-transform"/>
        <input semantic="INTERPOLATION" source="#mixamorig_LeftHand-Interpolations"/>
      </sampler>
      <channel source="#mixamorig_LeftHand-Matrix-animation-transform" target="mixamorig_LeftHand/matrix"/>
    </animation>
    <animation id="mixamorig_LeftHandThumb1-anim" name="mixamorig_LeftHandThumb1">
      <source id="mixamorig_LeftHandThumb1-Matrix-animation-input">
        <float_array id="mixamorig_LeftHandThumb1-Matrix-animation-input-array" count="69">

0.000000 0.033333 0.066667 0.100000 0.133333 0.166667 0.200000 0.233333 0.266667 0.300000 0.333333 0.366667 0.400000 0.433333 0.466667 0.500000
0.533333 0.566667 0.600000 0.633333 0.666667 0.700000 0.733333 0.766667 0.800000 0.833333 0.866667 0.900000 0.933333 0.966667 1.000000 1.033333
1.066667 1.100000 1.133333 1.166667 1.200000 1.233333 1.266667 1.300000 1.333333 1.366667 1.400000 1.433333 1.466667 1.500000 1.533333 1.566667
1.600000 1.633333 1.666667 1.700000 1.733333 1.766667 1.800000 1.833333 1.866667 1.900000 1.933333 1.966667 2.000000 2.033333 2.066667 2.100000
2.133333 2.166667 2.200000 2.233333 2.266667</float_array>
        <technique_common>
          <accessor source="#mixamorig_LeftHandThumb1-Matrix-animation-input-array" count="69">
            <param name="TIME" type="float"/>
          </accessor>
        </technique_common>
      </source>
      <source id="mixamorig_LeftHandThumb1-Matrix-animation-output-transform">
        <float_array id="mixamorig_LeftHandThumb1-Matrix-animation-output-transform-array" count="1104">

0.683381 -0.470858 0.557928 -1.509000 0.626458 0.770632 -0.116953 4.173400 -0.374889 0.429441 0.821607 1.926500 0.000000 0.000000 0.000000 1.000000
0.681436 -0.478882 0.553459 -1.509000 0.630111 0.768558 -0.110814 4.173400 -0.372298 0.424253 0.825472 1.926500 0.000000 0.000000 0.000000 1.000000
0.679412 -0.487290 0.548586 -1.509000 0.634919 0.765182 -0.106648 4.173400 -0.367800 0.420766 0.829264 1.926500 0.000000 0.000000 0.000000 1.000000
0.677290 -0.495881 0.543489 -1.509000 0.640347 0.761068 -0.103592 4.173400 -0.362263 0.418184 0.833000 1.926500 0.000000 0.000000 0.000000 1.000000
0.675079 -0.504459 0.538321 -1.509000 0.645862 0.756774 -0.100770 4.173400 -0.356553 0.415709 0.836694 1.926500 0.000000 0.000000 0.000000 1.000000
0.672822 -0.512837 0.533206 -1.509000 0.650945 0.752865 -0.097286 4.173400 -0.351540 0.412544 0.840373 1.926500 0.000000 0.000000 0.000000 1.000000
0.670592 -0.520834 0.528241 -1.509000 0.655084 0.749906 -0.092225 4.173400 -0.348097 0.407888 0.844071 1.926500 0.000000 0.000000 0.000000 1.000000
0.668490 -0.528268 0.523502 -1.509000 0.657761 0.748454 -0.084665 4.173400 -0.347091 0.400936 0.847807 1.926500 0.000000 0.000000 0.000000 1.000000
0.666644 -0.534937 0.519064 -1.509000 0.658415 0.749041 -0.073668 4.173400 -0.349393 0.390870 0.851555 1.926500 0.000000 0.000000 0.000000 1.000000
0.665206 -0.540600 0.515027 -1.509000 0.656400 0.752157 -0.058298 4.173400 -0.355865 0.376844 0.855189 1.926500 0.000000 0.000000 0.000000 1.000000
0.663929 -0.545448 0.511552 -1.509000 0.650791 0.758403 -0.035987 4.173400 -0.368334 0.356806 0.858498 1.926500 0.000000 0.000000 0.000000 1.000000
0.661135 -0.551446 0.508731 -1.509000 0.640014 0.768363 0.001131 4.173400 -0.391514 0.324847 0.860925 1.926500 0.000000 0.000000 0.000000 1.000000
0.658073 -0.557106 0.506530 -1.509000 0.623529 0.780316 0.048153 4.173400 -0.422079 0.284148 0.860877 1.926500 0.000000 0.000000 0.000000 1.000000
0.656127 -0.560657 0.505134 -1.509000 0.601721 0.792648 0.098189 4.173400 -0.455444 0.239526 0.857437 1.926500 0.000000 0.000000 0.000000 1.000000
0.656193 -0.560813 0.504876 -1.509000 0.576246 0.804390 0.144558 4.173400 -0.487187 0.196075 0.851001 1.926500 0.000000 0.000000 0.000000 1.000000
0.658741 -0.556806 0.505992 -1.509000 0.550065 0.815267 0.181021 4.173400 -0.513312 0.159083 0.843329 1.926500 0.000000 0.000000 0.000000 1.000000
0.664068 -0.548235 0.508382 -1.509000 0.527028 0.825535 0.201825 4.173400 -0.530335 0.133906 0.837147 1.926500 0.000000 0.000000 0.000000 1.000000
0.672709 -0.534727 0.511399 -1.509000 0.511072 0.835600 0.201438 4.173400 -0.535039 0.125853 0.835400 1.926500 0.000000 0.000000 0.000000 1.000000
0.685831 -0.514936 0.514273 -1.509000 0.501917 0.846377 0.178115 4.173400 -0.526987 0.135966 0.838927 1.926500 0.000000 0.000000 0.000000 1.000000
0.703763 -0.488451 0.515880 -1.509000 0.495528 0.857842 0.136231 4.173400 -0.509086 0.159759 0.845759 1.926500 0.000000 0.000000 0.000000 1.000000
0.726215 -0.456025 0.514444 -1.509000 0.489242 0.868538 0.079271 4.173400 -0.482964 0.194120 0.853852 1.926500 0.000000 0.000000 0.000000 1.000000
0.752580 -0.418610 0.508320 -1.509000 0.480380 0.876991 0.011002 4.173400 -0.450398 0.235907 0.861098 1.926500 0.000000 0.000000 0.000000 1.000000
0.781741 -0.377533 0.496336 -1.509000 0.466813 0.882012 -0.064348 4.173400 -0.413481 0.282000 0.865742 1.926500 0.000000 0.000000 0.000000 1.000000
0.812073 -0.334538 0.478144 -1.509000 0.447436 0.882946 -0.142156 4.173400 -0.374618 0.329380 0.866701 1.926500 0.000000 0.000000 0.000000 1.000000
0.841568 -0.291799 0.454552 -1.509000 0.422556 0.879849 -0.217513 4.173400 -0.336467 0.375126 0.863754 1.926500 0.000000 0.000000 0.000000 1.000000
0.868481 -0.251283 0.427315 -1.509000 0.393647 0.873514 -0.286384 4.173400 -0.301302 0.416930 0.857547 1.926500 0.000000 0.000000 0.000000 1.000000
0.890957 -0.215542 0.399672 -1.509000 0.363844 0.865475 -0.344340 4.173400 -0.271687 0.452211 0.849525 1.926500 0.000000 0.000000 0.000000 1.000000
0.906633 -0.188563 0.377440 -1.509000 0.338777 0.858562 -0.384839 4.173400 -0.251489 0.476776 0.842281 1.926500 0.000000 0.000000 0.000000 1.000000
0.919160 -0.165394 0.357477 -1.509000 0.315669 0.852131 -0.417404 4.173400 -0.235581 0.496506 0.835454 1.926500 0.000000 0.000000 0.000000 1.000000
0.928315 -0.146589 0.341678 -1.509000 0.296090 0.847287 -0.440948 4.173400 -0.224861 0.510506 0.829953 1.926500 0.000000 0.000000 0.000000 1.000000
0.936066 -0.129242 0.327226 -1.509000 0.277510 0.842937 -0.460918 4.173400 -0.216261 0.522258 0.824911 1.926500 0.000000 0.000000 0.000000 1.000000
0.942525 -0.113387 0.314308 -1.509000 0.260224 0.839144 -0.477620 4.173400 -0.209594 0.531960 0.820420 1.926500 0.000000 0.000000 0.000000 1.000000
0.947805 -0.099053 0.303075 -1.509000 0.244477 0.835951 -0.491342 4.173400 -0.204686 0.539792 0.816534 1.926500 0.000000 0.000000 0.000000 1.000000
0.952017 -0.086268 0.293635 -1.509000 0.230463 0.833380 -0.502359 4.173400 -0.201372 0.545926 0.813274 1.926500 0.000000 0.000000 0.000000 1.000000
0.955266 -0.075057 0.286066 -1.509000 0.218330 0.831436 -0.510927 4.173400 -0.199497 0.550528 0.810629 1.926500 0.000000 0.000000 0.000000 1.000000
0.957645 -0.065445 0.280415 -1.509000 0.208197 0.830105 -0.517280 4.173400 -0.198921 0.553753 0.808572 1.926500 0.000000 0.000000 0.000000 1.000000
0.959237 -0.057464 0.276698 -1.509000 0.200150 0.829363 -0.521629 4.173400 -0.199508 0.555747 0.807057 1.926500 0.000000 0.000000 0.000000 1.000000
0.960110 -0.051147 0.274905 -1.509000 0.194253 0.829168 -0.524163 4.173400 -0.201133 0.556655 0.806028 1.926500 0.000000 0.000000 0.000000 1.000000
0.960316 -0.046532 0.275004 -1.509000 0.190549 0.829467 -0.525049 4.173400 -0.203675 0.556615 0.805417 1.926500 0.000000 0.000000 0.000000 1.000000
0.959894 -0.043661 0.276942 -1.509000 0.189066 0.830197 -0.524429 4.173400 -0.207019 0.555757 0.805157 1.926500 0.000000 0.000000 0.000000 1.000000
0.958866 -0.042581 0.280646 -1.509000 0.189823 0.831284 -0.522431 4.173400 -0.211051 0.554214 0.805173 1.926500 0.000000 0.000000 0.000000 1.000000
0.957241 -0.043339 0.286028 -1.509000 0.192824 0.832643 -0.519157 4.173400 -0.215660 0.552111 0.805397 1.926500 0.000000 0.000000 0.000000 1.000000
0.955010 -0.045988 0.292986 -1.509000 0.198073 0.834178 -0.514699 4.173400 -0.220732 0.549575 0.805757 1.926500 0.000000 0.000000 0.000000 1.000000
0.952154 -0.050585 0.301404 -1.509000 0.205566 0.835782 -0.509128 4.173400 -0.226154 0.546726 0.806191 1.926500 0.000000 0.000000 0.000000 1.000000
0.948637 -0.057180 0.311157 -1.509000 0.215296 0.837338 -0.502507 4.173400 -0.231810 0.543687 0.806640 1.926500 0.000000 0.000000 0.000000 1.000000
0.944410 -0.065831 0.322111 -1.509000 0.227255 0.838716 -0.494885 4.173400 -0.237580 0.540576 0.807052 1.926500 0.000000 0.000000 0.000000 1.000000
0.939412 -0.076587 0.334124 -1.509000 0.241430 0.839773 -0.486305 4.173400 -0.243343 0.537508 0.807384 1.926500 0.000000 0.000000 0.000000 1.000000
0.933566 -0.089497 0.347051 -1.509000 0.257811 0.840354 -0.476801 4.173400 -0.248974 0.534599 0.807599 1.926500 0.000000 0.000000 0.000000 1.000000
0.926343 -0.105571 0.361585 -1.509000 0.277498 0.840390 -0.465554 4.173400 -0.254723 0.531601 0.807785 1.926500 0.000000 0.000000 0.000000 1.000000
0.915053 -0.129936 0.381830 -1.509000 0.306119 0.840146 -0.447712 4.173400 -0.262619 0.526565 0.808554 1.926500 0.000000 0.000000 0.000000 1.000000
0.899259 -0.161749 0.406411 -1.509000 0.342095 0.839070 -0.423005 4.173400 -0.272587 0.519422 0.809875 1.926500 0.000000 0.000000 0.000000 1.000000
0.879127 -0.199072 0.433019 -1.509000 0.382609 0.836532 -0.392203 4.173400 -0.284158 0.510474 0.811585 1.926500 0.000000 0.000000 0.000000 1.000000
0.855144 -0.239921 0.459530 -1.509000 0.424974 0.832089 -0.356406 4.173400 -0.296860 0.500066 0.813515 1.926500 0.000000 0.000000 0.000000 1.000000
0.828197 -0.282276 0.484159 -1.509000 0.466762 0.825576 -0.317107 4.173400 -0.310199 0.488614 0.815495 1.926500 0.000000 0.000000 0.000000 1.000000
0.799564 -0.324135 0.505602 -1.509000 0.505918 0.817171 -0.276186 4.173400 -0.323641 0.476622 0.817367 1.926500 0.000000 0.000000 0.000000 1.000000
0.770844 -0.363550 0.523098 -1.509000 0.540824 0.807400 -0.235828 4.173400 -0.336614 0.464690 0.818995 1.926500 0.000000 0.000000 0.000000 1.000000
0.743841 -0.398673 0.536433 -1.509000 0.570307 0.797110 -0.198406 4.173400 -0.348498 0.453514 0.820289 1.926500 0.000000 0.000000 0.000000 1.000000
0.720455 -0.427773 0.545852 -1.509000 0.593569 0.787399 -0.166367 4.173400 -0.358636 0.443861 0.821199 1.926500 0.000000 0.000000 0.000000 1.000000
0.702579 -0.449221 0.551891 -1.509000 0.610059 0.779503 -0.142139 4.173400 -0.366349 0.436550 0.821713 1.926500 0.000000 0.000000 0.000000 1.000000
0.690403 -0.463432 0.555495 -1.509000 0.620687 0.773903 -0.125785 4.173400 -0.371606 0.431630 0.821951 1.926500 0.000000 0.000000 0.000000 1.000000
0.682472 -0.472534 0.557623 -1.509000 0.627362 0.770162 -0.115183 4.173400 -0.375032 0.428441 0.822064 1.926500 0.000000 0.000000 0.000000 1.000000
0.678096 -0.477479 0.558748 -1.509000 0.630958 0.768069 -0.109375 4.173400 -0.376932 0.426713 0.822094 1.926500 0.000000 0.000000 0.000000 1.000000
0.676539 -0.479182 0.559178 -1.509000 0.632213 0.767321 -0.107354 4.173400 -0.377628 0.426148 0.822067 1.926500 0.000000 0.000000 0.000000 1.000000
0.677039 -0.478532 0.559130 -1.509000 0.631786 0.767569 -0.108092 4.173400 -0.377445 0.426433 0.822004 1.926500 0.000000 0.000000 0.000000 1.000000
0.678823 -0.476411 0.558777 -1.509000 0.630307 0.768434 -0.110556 4.173400 -0.376713 0.427249 0.821916 1.926500 0.000000 0.000000 0.000000 1.000000
0.681118 -0.473699 0.558290 -1.509000 0.628395 0.769539 -0.113707 4.173400 -0.375764 0.428274 0.821817 1.926500 0.000000 0.000000 0.000000 1.000000
0.683153 -0.471277 0.557853 -1.509000 0.626684 0.770514 -0.116510 4.173400 -0.374925 0.429192 0.821721 1.926500 0.000000 0.000000 0.000000 1.000000
0.684163 -0.470034 0.557664 -1.509000 0.625822 0.770998 -0.117936 4.173400 -0.374524 0.429686 0.821646 1.926500 0.000000 0.000000 0.000000 1.000000
0.683381 -0.470858 0.557928 -1.509000 0.626458 0.770631 -0.116953 4.173400 -0.374889 0.429442 0.821607 1.926500 0.000000 0.000000 0.000000 1.000000</float_array>
        <technique_common>
          <accessor source="#mixamorig_LeftHandThumb1-Matrix-animation-output-transform-array" count="69" stride="16">
            <param type="float4x4"/>
          </accessor>
        </technique_common>
      </source>
      <source id="mixamorig_LeftHandThumb1-Interpolations">
        <Name_array id="mixamorig_LeftHandThumb1-Interpolations-array" count="69">
 LINEAR LINEAR LINEAR LINEAR LINEAR LINEAR LINEAR LINEAR LINEAR LINEAR LINEAR
LINEAR LINEAR LINEAR LINEAR LINEAR LINEAR LINEAR LINEAR LINEAR LINEAR LINEAR LINEAR
LINEAR LINEAR LINEAR LINEAR LINEAR LINEAR LINEAR LINEAR LINEAR LINEAR LINEAR LINEAR
LINEAR LINEAR LINEAR LINEAR LINEAR LINEAR LINEAR LINEAR LINEAR LINEAR LINEAR LINEAR
LINEAR LINEAR LINEAR LINEAR LINEAR LINEAR LINEAR LINEAR LINEAR LINEAR LINEAR LINEAR
LINEAR LINEAR LINEAR LINEAR LINEAR LINEAR LINEAR LINEAR LINEAR LINEAR</Name_array>
        <technique_common>
          <accessor source="#mixamorig_LeftHandThumb1-Interpolations-array" count="69">
            <param type="name"/>
          </accessor>
        </technique_common>
      </source>
      <sampler id="mixamorig_LeftHandThumb1-Matrix-animation-transform">
        <input semantic="INPUT" source="#mixamorig_LeftHandThumb1-Matrix-animation-input"/>
        <input semantic="OUTPUT" source="#mixamorig_LeftHandThumb1-Matrix-animation-output-transform"/>
        <input semantic="INTERPOLATION" source="#mixamorig_LeftHandThumb1-Interpolations"/>
      </sampler>
      <channel source="#mixamorig_LeftHandThumb1-Matrix-animation-transform" target="mixamorig_LeftHandThumb1/matrix"/>
    </animation>
    <animation id="mixamorig_LeftHandThumb2-anim" name="mixamorig_LeftHandThumb2">
      <source id="mixamorig_LeftHandThumb2-Matrix-animation-input">
        <float_array id="mixamorig_LeftHandThumb2-Matrix-animation-input-array" count="69">

0.000000 0.033333 0.066667 0.100000 0.133333 0.166667 0.200000 0.233333 0.266667 0.300000 0.333333 0.366667 0.400000 0.433333 0.466667 0.500000
0.533333 0.566667 0.600000 0.633333 0.666667 0.700000 0.733333 0.766667 0.800000 0.833333 0.866667 0.900000 0.933333 0.966667 1.000000 1.033333
1.066667 1.100000 1.133333 1.166667 1.200000 1.233333 1.266667 1.300000 1.333333 1.366667 1.400000 1.433333 1.466667 1.500000 1.533333 1.566667
1.600000 1.633333 1.666667 1.700000 1.733333 1.766667 1.800000 1.833333 1.866667 1.900000 1.933333 1.966667 2.000000 2.033333 2.066667 2.100000
2.133333 2.166667 2.200000 2.233333 2.266667</float_array>
        <technique_common>
          <accessor source="#mixamorig_LeftHandThumb2-Matrix-animation-input-array" count="69">
            <param name="TIME" type="float"/>
          </accessor>
        </technique_common>
      </source>
      <source id="mixamorig_LeftHandThumb2-Matrix-animation-output-transform">
        <float_array id="mixamorig_LeftHandThumb2-Matrix-animation-output-transform-array" count="1104">

0.976163 0.113208 -0.185177 -0.000000 -0.133679 0.985757 -0.102048 3.870400 0.170987 0.124370 0.977392 0.000000 0.000000 0.000000 0.000000 1.000000
0.976442 0.113136 -0.183745 0.000000 -0.133266 0.985906 -0.101142 3.870400 0.169712 0.123246 0.977757 0.000000 0.000000 0.000000 0.000000 1.000000
0.976751 0.114349 -0.181334 0.000000 -0.134012 0.985907 -0.100137 3.870400 0.167328 0.122109 0.978310 0.000000 0.000000 0.000000 0.000000 1.000000
0.977068 0.116253 -0.178390 -0.000000 -0.135386 0.985826 -0.099086 3.870400 0.164342 0.120966 0.978958 0.000000 0.000000 0.000000 0.000000 1.000000
0.977375 0.118256 -0.175365 0.000000 -0.136858 0.985727 -0.098039 3.870400 0.161269 0.119821 0.979610 0.000000 0.000000 0.000000 0.000000 1.000000
0.977664 0.119764 -0.172714 0.000000 -0.137888 0.985683 -0.097032 3.870400 0.158620 0.118680 0.980181 0.000000 0.000000 0.000000 0.000000 1.000000
0.977931 0.120186 -0.170897 -0.000000 -0.137942 0.985767 -0.096097 3.870400 0.156915 0.117550 0.980591 -0.000000 0.000000 0.000000 0.000000 1.000000
0.978176 0.118929 -0.170373 0.000000 -0.136479 0.986052 -0.095263 3.870400 0.156667 0.116437 0.980764 0.000000 0.000000 0.000000 0.000000 1.000000
0.978384 0.115401 -0.171603 0.000000 -0.132958 0.986599 -0.094574 3.870400 0.158389 0.115346 0.980616 0.000000 0.000000 0.000000 0.000000 1.000000
0.978510 0.109004 -0.175034 0.000000 -0.126833 0.987450 -0.094102 3.870400 0.162580 0.114280 0.980055 -0.000000 0.000000 0.000000 0.000000 1.000000
0.978419 0.098505 -0.181642 0.000000 -0.117036 0.988643 -0.094270 3.870400 0.170293 0.113494 0.978836 0.000000 0.000000 0.000000 0.000000 1.000000
0.977680 0.080759 -0.193958 0.000000 -0.100985 0.990172 -0.096751 3.870400 0.184239 0.114178 0.976227 0.000000 0.000000 0.000000 0.000000 1.000000
0.975973 0.057783 -0.210089 0.000000 -0.080500 0.991600 -0.101236 3.870400 0.202475 0.115716 0.972427 0.000000 0.000000 0.000000 0.000000 1.000000
0.973223 0.032393 -0.227571 0.000000 -0.058027 0.992578 -0.106871 3.870400 0.222420 0.117215 0.967879 0.000000 0.000000 0.000000 0.000000 1.000000
0.969710 0.007424 -0.244147 0.000000 -0.035912 0.993009 -0.112443 3.870400 0.241606 0.117805 0.963197 0.000000 0.000000 0.000000 0.000000 1.000000
0.966086 -0.014292 -0.257827 -0.000000 -0.016364 0.993072 -0.116365 3.870400 0.257703 0.116638 0.959158 0.000000 0.000000 0.000000 0.000000 1.000000
0.963278 -0.029933 -0.266832 0.000000 -0.001483 0.993158 -0.116766 3.870400 0.268502 0.112874 0.956643 0.000000 0.000000 0.000000 0.000000 1.000000
0.962453 -0.033028 -0.269433 0.000000 0.002815 0.993731 -0.111762 3.870400 0.271435 0.106807 0.956512 0.000000 0.000000 0.000000 0.000000 1.000000
0.963896 -0.028810 -0.264715 0.000000 0.002502 0.995066 -0.099187 3.870400 0.266267 0.094944 0.959212 -0.000000 0.000000 0.000000 0.000000 1.000000
0.967023 -0.022192 -0.253721 0.000000 0.002004 0.996829 -0.079554 3.870400 0.254682 0.076422 0.964000 0.000000 0.000000 0.000000 0.000000 1.000000
0.971391 -0.005335 -0.237425 -0.000000 -0.008007 0.998444 -0.055194 3.870400 0.237350 0.055516 0.969837 0.000000 0.000000 0.000000 0.000000 1.000000
0.976069 0.016055 -0.216869 0.000000 -0.022695 0.999346 -0.028162 3.870400 0.216275 0.032409 0.975794 0.000000 0.000000 0.000000 0.000000 1.000000
0.980329 0.039825 -0.193311 0.000000 -0.040697 0.999171 -0.000544 3.870400 0.193129 0.008400 0.981137 0.000000 0.000000 0.000000 0.000000 1.000000
0.983646 0.064098 -0.168323 0.000000 -0.060618 0.997829 0.025736 3.870400 0.169607 -0.015112 0.985396 0.000000 0.000000 0.000000 0.000000 1.000000
0.985766 0.086924 -0.143909 0.000000 -0.080644 0.995542 0.048921 3.870400 0.147519 -0.036619 0.988381 0.000000 0.000000 0.000000 0.000000 1.000000
0.986780 0.106779 -0.121915 0.000000 -0.099025 0.992759 0.067996 3.870400 0.128293 -0.055025 0.990209 0.000000 0.000000 0.000000 0.000000 1.000000
0.987005 0.121634 -0.105005 -0.000000 -0.113350 0.990201 0.081572 3.870400 0.113898 -0.068610 0.991121 -0.000000 0.000000 0.000000 0.000000 1.000000
0.986956 0.127989 -0.097655 0.000000 -0.119625 0.988983 0.087188 3.870400 0.107738 -0.074369 0.991394 -0.000000 0.000000 0.000000 0.000000 1.000000
0.986902 0.130992 -0.094159 0.000000 -0.122622 0.988383 0.089795 3.870400 0.104828 -0.077072 0.991499 0.000000 0.000000 0.000000 0.000000 1.000000
0.986850 0.133170 -0.091609 0.000000 -0.124805 0.987936 0.091686 3.870400 0.102713 -0.079047 0.991565 0.000000 0.000000 0.000000 0.000000 1.000000
0.986798 0.135046 -0.089404 0.000000 -0.126694 0.987544 0.093308 3.870400 0.100891 -0.080749 0.991615 0.000000 0.000000 0.000000 0.000000 1.000000
0.986747 0.136637 -0.087529 0.000000 -0.128302 0.987205 0.094679 3.870400 0.099346 -0.082194 0.991652 0.000000 0.000000 0.000000 0.000000 1.000000
0.986700 0.137958 -0.085966 0.000000 -0.129641 0.986921 0.095815 3.870400 0.098060 -0.083396 0.991680 0.000000 0.000000 0.000000 0.000000 1.000000
0.986660 0.139029 -0.084699 0.000000 -0.130729 0.986688 0.096731 3.870400 0.097020 -0.084368 0.991700 0.000000 0.000000 0.000000 0.000000 1.000000
0.986626 0.139863 -0.083708 -0.000000 -0.131578 0.986505 0.097445 3.870400 0.096207 -0.085128 0.991714 0.000000 0.000000 0.000000 0.000000 1.000000
0.986601 0.140478 -0.082978 0.000000 -0.132205 0.986369 0.097971 3.870400 0.095610 -0.085688 0.991724 0.000000 0.000000 0.000000 0.000000 1.000000
0.986583 0.140890 -0.082488 0.000000 -0.132626 0.986277 0.098322 3.870400 0.095209 -0.086063 0.991730 0.000000 0.000000 0.000000 0.000000 1.000000
0.986580 0.141062 -0.082228 -0.000000 -0.132800 0.986233 0.098535 3.870400 0.094996 -0.086293 0.991731 0.000000 0.000000 0.000000 0.000000 1.000000
0.986580 0.141078 -0.082202 0.000000 -0.132813 0.986226 0.098584 3.870400 0.094978 -0.086343 0.991728 0.000000 0.000000 0.000000 0.000000 1.000000
0.986581 0.141022 -0.082284 0.000000 -0.132759 0.986243 0.098492 3.870400 0.095041 -0.086247 0.991730 -0.000000 0.000000 0.000000 0.000000 1.000000
0.986586 0.140829 -0.082561 0.000000 -0.132563 0.986291 0.098270 3.870400 0.095268 -0.086007 0.991729 0.000000 0.000000 0.000000 0.000000 1.000000
0.986601 0.140466 -0.082992 -0.000000 -0.132193 0.986372 0.097960 3.870400 0.095621 -0.085677 0.991724 0.000000 0.000000 0.000000 0.000000 1.000000
0.986621 0.139996 -0.083550 -0.000000 -0.131714 0.986475 0.097559 3.870400 0.096078 -0.085249 0.991717 0.000000 0.000000 0.000000 0.000000 1.000000
0.986644 0.139436 -0.084214 0.000000 -0.131144 0.986599 0.097080 3.870400 0.096622 -0.084739 0.991707 0.000000 0.000000 0.000000 0.000000 1.000000
0.986668 0.138801 -0.084969 0.000000 -0.130497 0.986738 0.096537 3.870400 0.097241 -0.084162 0.991696 0.000000 0.000000 0.000000 0.000000 1.000000
0.986695 0.138107 -0.085791 0.000000 -0.129792 0.986889 0.095941 3.870400 0.097916 -0.083530 0.991683 0.000000 0.000000 0.000000 0.000000 1.000000
0.986721 0.137369 -0.086663 0.000000 -0.129044 0.987048 0.095308 3.870400 0.098633 -0.082860 0.991668 -0.000000 0.000000 0.000000 0.000000 1.000000
0.986748 0.136604 -0.087566 0.000000 -0.128269 0.987212 0.094652 3.870400 0.099376 -0.082165 0.991652 -0.000000 0.000000 0.000000 0.000000 1.000000
0.986773 0.135829 -0.088481 -0.000000 -0.127485 0.987378 0.093983 3.870400 0.100130 -0.081460 0.991634 -0.000000 0.000000 0.000000 0.000000 1.000000
0.986797 0.135058 -0.089389 0.000000 -0.126707 0.987541 0.093319 3.870400 0.100879 -0.080761 0.991615 -0.000000 0.000000 0.000000 0.000000 1.000000
0.986819 0.134310 -0.090270 -0.000000 -0.125952 0.987698 0.092672 3.870400 0.101607 -0.080081 0.991596 -0.000000 0.000000 0.000000 0.000000 1.000000
0.986839 0.133597 -0.091107 0.000000 -0.125235 0.987847 0.092056 3.870400 0.102298 -0.079435 0.991577 0.000000 0.000000 0.000000 0.000000 1.000000
0.986856 0.132939 -0.091880 0.000000 -0.124573 0.987984 0.091485 3.870400 0.102938 -0.078837 0.991559 -0.000000 0.000000 0.000000 0.000000 1.000000
0.986871 0.132350 -0.092571 -0.000000 -0.123982 0.988105 0.090974 3.870400 0.103510 -0.078302 0.991541 0.000000 0.000000 0.000000 0.000000 1.000000
0.986883 0.131846 -0.093161 0.000000 -0.123477 0.988209 0.090537 3.870400 0.103999 -0.077846 0.991526 0.000000 0.000000 0.000000 0.000000 1.000000
0.986892 0.131445 -0.093630 0.000000 -0.123075 0.988291 0.090188 3.870400 0.104389 -0.077482 0.991514 -0.000000 0.000000 0.000000 0.000000 1.000000
0.986898 0.131162 -0.093961 0.000000 -0.122791 0.988349 0.089942 3.870400 0.104663 -0.077225 0.991505 -0.000000 0.000000 0.000000 0.000000 1.000000
0.986901 0.131018 -0.094130 0.000000 -0.122648 0.988378 0.089808 3.870400 0.104803 -0.077087 0.991501 0.000000 0.000000 0.000000 0.000000 1.000000
0.986902 0.130992 -0.094159 -0.000000 -0.122622 0.988383 0.089794 3.870400 0.104827 -0.077072 0.991499 0.000000 0.000000 0.000000 0.000000 1.000000
0.986785 0.130677 -0.095812 0.000000 -0.122569 0.988715 0.086136 3.870400 0.105986 -0.073254 0.991666 0.000000 0.000000 0.000000 0.000000 1.000000
0.986441 0.129794 -0.100439 0.000000 -0.122474 0.989563 0.075928 3.870400 0.109246 -0.062597 0.992042 0.000000 0.000000 0.000000 0.000000 1.000000
0.985868 0.128438 -0.107556 0.000000 -0.122479 0.990637 0.060318 3.870400 0.114296 -0.046292 0.992368 0.000000 0.000000 0.000000 0.000000 1.000000
0.985054 0.126699 -0.116687 -0.000000 -0.122749 0.991613 0.040460 3.870400 0.120834 -0.025532 0.992344 0.000000 0.000000 0.000000 0.000000 1.000000
0.983993 0.124660 -0.127346 -0.000000 -0.123432 0.992198 0.017521 3.870400 0.128537 -0.001522 0.991704 -0.000000 0.000000 0.000000 0.000000 1.000000
0.982693 0.122410 -0.139034 0.000000 -0.124626 0.992177 -0.007315 3.870400 0.137051 0.024516 0.990261 -0.000000 0.000000 0.000000 0.000000 1.000000
0.981185 0.120037 -0.151222 -0.000000 -0.126356 0.991440 -0.032862 3.870400 0.145983 0.051351 0.987954 0.000000 0.000000 0.000000 0.000000 1.000000
0.979528 0.117637 -0.163362 -0.000000 -0.128558 0.990008 -0.057937 3.870400 0.154914 0.077753 0.984864 0.000000 0.000000 0.000000 0.000000 1.000000
0.977813 0.115320 -0.174879 0.000000 -0.131078 0.988026 -0.081378 3.870400 0.163400 0.102495 0.981221 0.000000 0.000000 0.000000 0.000000 1.000000
0.976163 0.113207 -0.185176 0.000000 -0.133678 0.985757 -0.102048 3.870400 0.170986 0.124370 0.977392 0.000000 0.000000 0.000000 0.000000 1.000000</float_array>
        <technique_common>
          <accessor source="#mixamorig_LeftHandThumb2-Matrix-animation-output-transform-array" count="69" stride="16">
            <param type="float4x4"/>
          </accessor>
        </technique_common>
      </source>
      <source id="mixamorig_LeftHandThumb2-Interpolations">
        <Name_array id="mixamorig_LeftHandThumb2-Interpolations-array" count="69">
 LINEAR LINEAR LINEAR LINEAR LINEAR LINEAR LINEAR LINEAR LINEAR LINEAR LINEAR
LINEAR LINEAR LINEAR LINEAR LINEAR LINEAR LINEAR LINEAR LINEAR LINEAR LINEAR LINEAR
LINEAR LINEAR LINEAR LINEAR LINEAR LINEAR LINEAR LINEAR LINEAR LINEAR LINEAR LINEAR
LINEAR LINEAR LINEAR LINEAR LINEAR LINEAR LINEAR LINEAR LINEAR LINEAR LINEAR LINEAR
LINEAR LINEAR LINEAR LINEAR LINEAR LINEAR LINEAR LINEAR LINEAR LINEAR LINEAR LINEAR
LINEAR LINEAR LINEAR LINEAR LINEAR LINEAR LINEAR LINEAR LINEAR LINEAR</Name_array>
        <technique_common>
          <accessor source="#mixamorig_LeftHandThumb2-Interpolations-array" count="69">
            <param type="name"/>
          </accessor>
        </technique_common>
      </source>
      <sampler id="mixamorig_LeftHandThumb2-Matrix-animation-transform">
        <input semantic="INPUT" source="#mixamorig_LeftHandThumb2-Matrix-animation-input"/>
        <input semantic="OUTPUT" source="#mixamorig_LeftHandThumb2-Matrix-animation-output-transform"/>
        <input semantic="INTERPOLATION" source="#mixamorig_LeftHandThumb2-Interpolations"/>
      </sampler>
      <channel source="#mixamorig_LeftHandThumb2-Matrix-animation-transform" target="mixamorig_LeftHandThumb2/matrix"/>
    </animation>
    <animation id="mixamorig_LeftHandThumb3-anim" name="mixamorig_LeftHandThumb3">
      <source id="mixamorig_LeftHandThumb3-Matrix-animation-input">
        <float_array id="mixamorig_LeftHandThumb3-Matrix-animation-input-array" count="69">

0.000000 0.033333 0.066667 0.100000 0.133333 0.166667 0.200000 0.233333 0.266667 0.300000 0.333333 0.366667 0.400000 0.433333 0.466667 0.500000
0.533333 0.566667 0.600000 0.633333 0.666667 0.700000 0.733333 0.766667 0.800000 0.833333 0.866667 0.900000 0.933333 0.966667 1.000000 1.033333
1.066667 1.100000 1.133333 1.166667 1.200000 1.233333 1.266667 1.300000 1.333333 1.366667 1.400000 1.433333 1.466667 1.500000 1.533333 1.566667
1.600000 1.633333 1.666667 1.700000 1.733333 1.766667 1.800000 1.833333 1.866667 1.900000 1.933333 1.966667 2.000000 2.033333 2.066667 2.100000
2.133333 2.166667 2.200000 2.233333 2.266667</float_array>
        <technique_common>
          <accessor source="#mixamorig_LeftHandThumb3-Matrix-animation-input-array" count="69">
            <param name="TIME" type="float"/>
          </accessor>
        </technique_common>
      </source>
      <source id="mixamorig_LeftHandThumb3-Matrix-animation-output-transform">
        <float_array id="mixamorig_LeftHandThumb3-Matrix-animation-output-transform-array" count="1104">

0.985903 0.167312 0.001593 0.000000 -0.166919 0.984156 -0.059794 4.710600 -0.011572 0.058685 0.998209 0.000000 0.000000 0.000000 0.000000 1.000000
0.987108 0.160049 0.001594 0.000000 -0.159679 0.985414 -0.058840 4.710600 -0.010988 0.057827 0.998266 0.000000 0.000000 0.000000 0.000000 1.000000
0.987934 0.154859 0.002152 0.000000 -0.154461 0.986220 -0.059261 4.710600 -0.011300 0.058214 0.998240 0.000000 0.000000 0.000000 0.000000 1.000000
0.988562 0.150787 0.003021 0.000000 -0.150332 0.986788 -0.060416 4.710600 -0.012091 0.059271 0.998169 0.000000 0.000000 0.000000 0.000000 1.000000
0.989147 0.146873 0.003945 -0.000000 -0.146354 0.987308 -0.061672 4.710600 -0.012953 0.060425 0.998089 0.000000 0.000000 0.000000 0.000000 1.000000
0.989833 0.142155 0.004668 0.000000 -0.141591 0.987957 -0.062394 4.710600 -0.013481 0.061098 0.998041 0.000000 0.000000 0.000000 0.000000 1.000000
0.990742 0.135667 0.004924 0.000000 -0.135106 0.988893 -0.061951 4.710600 -0.013274 0.060713 0.998067 0.000000 0.000000 0.000000 0.000000 1.000000
0.991964 0.126440 0.004434 0.000000 -0.125953 0.990236 -0.059730 4.710600 -0.011943 0.058691 0.998205 0.000000 0.000000 0.000000 0.000000 1.000000
0.993534 0.113494 0.002872 -0.000000 -0.113165 0.992045 -0.055134 4.710600 -0.009107 0.054453 0.998475 0.000000 0.000000 0.000000 0.000000 1.000000
0.995397 0.095839 -0.000163 -0.000000 -0.095738 0.994267 -0.047618 4.710600 -0.004402 0.047415 0.998866 0.000000 0.000000 0.000000 0.000000 1.000000
0.997418 0.071569 -0.006002 0.000000 -0.071740 0.996765 -0.036242 4.710600 0.003389 0.036579 0.999325 0.000000 0.000000 0.000000 0.000000 1.000000
0.999164 0.036160 -0.019085 0.000000 -0.036526 0.999149 -0.019177 4.710600 0.018375 0.019858 0.999634 0.000000 0.000000 0.000000 0.000000 1.000000
0.999252 -0.007379 -0.037954 -0.000000 0.007420 0.999972 0.000960 4.710600 0.037945 -0.001241 0.999279 0.000000 0.000000 0.000000 0.000000 1.000000
0.996705 -0.054811 -0.059795 0.000000 0.056175 0.998192 0.021374 4.710600 0.058516 -0.024662 0.997982 0.000000 0.000000 0.000000 0.000000 1.000000
0.991477 -0.101837 -0.081257 0.000000 0.105345 0.993626 0.040115 4.710600 0.076653 -0.048333 0.995886 0.000000 0.000000 0.000000 0.000000 1.000000
0.984628 -0.144220 -0.098533 0.000000 0.150205 0.987053 0.056262 4.710600 0.089143 -0.070197 0.993542 0.000000 0.000000 0.000000 0.000000 1.000000
0.978158 -0.177886 -0.107530 0.000000 0.185907 0.980087 0.069768 4.710600 0.092978 -0.088235 0.991751 0.000000 0.000000 0.000000 0.000000 1.000000
0.974476 -0.198952 -0.103993 -0.000000 0.207666 0.974845 0.080946 4.710600 0.085273 -0.100476 0.991279 0.000000 0.000000 0.000000 0.000000 1.000000
0.974640 -0.207304 -0.084274 -0.000000 0.214729 0.972387 0.091408 4.710600 0.062998 -0.107186 0.992241 0.000000 0.000000 0.000000 0.000000 1.000000
0.977149 -0.206628 -0.049853 -0.000000 0.210790 0.972175 0.102194 4.710600 0.027350 -0.110368 0.993514 -0.000000 0.000000 0.000000 0.000000 1.000000
0.980041 -0.198750 -0.004153 -0.000000 0.197955 0.973783 0.112072 4.710600 -0.018230 -0.110658 0.993691 0.000000 0.000000 0.000000 0.000000 1.000000
0.981418 -0.185465 0.049205 0.000000 0.178558 0.976622 0.119696 4.710600 -0.070254 -0.108686 0.991591 0.000000 0.000000 0.000000 0.000000 1.000000
0.979936 -0.168561 0.106358 0.000000 0.155119 0.980074 0.124066 4.710600 -0.125151 -0.105078 0.986558 -0.000000 0.000000 0.000000 0.000000 1.000000
0.975133 -0.149841 0.163292 0.000000 0.130236 0.983592 0.124839 4.710600 -0.179318 -0.100468 0.978648 0.000000 0.000000 0.000000 0.000000 1.000000
0.967590 -0.131200 0.215770 0.000000 0.106492 0.986745 0.122447 4.710600 -0.228975 -0.095501 0.968736 0.000000 0.000000 0.000000 0.000000 1.000000
0.958632 -0.114316 0.260683 0.000000 0.085866 0.989287 0.118062 4.710600 -0.271387 -0.090794 0.958178 0.000000 0.000000 0.000000 0.000000 1.000000
0.950500 -0.101246 0.293766 0.000000 0.070531 0.991048 0.113354 4.710600 -0.302613 -0.087023 0.949132 0.000000 0.000000 0.000000 0.000000 1.000000
0.946655 -0.095528 0.307764 0.000000 0.064000 0.991760 0.110976 4.710600 -0.315830 -0.085359 0.944969 0.000000 0.000000 0.000000 0.000000 1.000000
0.944766 -0.092792 0.314336 0.000000 0.060926 0.992091 0.109746 4.710600 -0.322033 -0.084533 0.942947 0.000000 0.000000 0.000000 0.000000 1.000000
0.943357 -0.090810 0.319110 0.000000 0.058692 0.992321 0.108881 4.710600 -0.326547 -0.083985 0.941442 0.000000 0.000000 0.000000 0.000000 1.000000
0.942120 -0.089103 0.323220 0.000000 0.056777 0.992516 0.108115 4.710600 -0.330434 -0.083505 0.940128 0.000000 0.000000 0.000000 0.000000 1.000000
0.941055 -0.087651 0.326701 -0.000000 0.055152 0.992678 0.107463 4.710600 -0.333728 -0.083110 0.938999 0.000000 0.000000 0.000000 0.000000 1.000000
0.940159 -0.086437 0.329591 0.000000 0.053791 0.992810 0.106932 4.710600 -0.336464 -0.082804 0.938049 0.000000 0.000000 0.000000 0.000000 1.000000
0.939426 -0.085455 0.331929 0.000000 0.052692 0.992916 0.106496 4.710600 -0.338678 -0.082555 0.937274 -0.000000 0.000000 0.000000 0.000000 1.000000
0.938849 -0.084689 0.333751 0.000000 0.051835 0.992997 0.106159 4.710600 -0.340405 -0.082367 0.936664 0.000000 0.000000 0.000000 0.000000 1.000000
0.938420 -0.084126 0.335098 0.000000 0.051224 0.993061 0.105855 4.710600 -0.341678 -0.082172 0.936218 0.000000 0.000000 0.000000 0.000000 1.000000
0.938130 -0.083750 0.336002 0.000000 0.050825 0.993106 0.105630 4.710600 -0.342532 -0.082017 0.935919 0.000000 0.000000 0.000000 0.000000 1.000000
0.937972 -0.083545 0.336495 0.000000 0.050607 0.993130 0.105508 4.710600 -0.342998 -0.081934 0.935756 0.000000 0.000000 0.000000 0.000000 1.000000
0.937932 -0.083532 0.336610 -0.000000 0.050583 0.993131 0.105506 4.710600 -0.343111 -0.081931 0.935715 -0.000000 0.000000 0.000000 0.000000 1.000000
0.938005 -0.083591 0.336393 0.000000 0.050653 0.993124 0.105543 4.710600 -0.342902 -0.081961 0.935789 0.000000 0.000000 0.000000 0.000000 1.000000
0.938173 -0.083812 0.335867 0.000000 0.050884 0.993097 0.105683 4.710600 -0.342406 -0.082059 0.935962 0.000000 0.000000 0.000000 0.000000 1.000000
0.938427 -0.084146 0.335072 -0.000000 0.051248 0.993060 0.105858 4.710600 -0.341655 -0.082169 0.936227 -0.000000 0.000000 0.000000 0.000000 1.000000
0.938754 -0.084576 0.334047 0.000000 0.051725 0.993014 0.106056 4.710600 -0.340683 -0.082282 0.936571 0.000000 0.000000 0.000000 0.000000 1.000000
0.939143 -0.085088 0.332822 0.000000 0.052291 0.992958 0.106303 4.710600 -0.339523 -0.082430 0.936979 -0.000000 0.000000 0.000000 0.000000 1.000000
0.939581 -0.085669 0.331433 -0.000000 0.052937 0.992895 0.106571 4.710600 -0.338208 -0.082587 0.937441 -0.000000 0.000000 0.000000 0.000000 1.000000
0.940057 -0.086304 0.329915 -0.000000 0.053644 0.992825 0.106866 4.710600 -0.336771 -0.082762 0.937942 -0.000000 0.000000 0.000000 0.000000 1.000000
0.940560 -0.086978 0.328302 0.000000 0.054397 0.992751 0.107171 4.710600 -0.335244 -0.082942 0.938473 -0.000000 0.000000 0.000000 0.000000 1.000000
0.941077 -0.087677 0.326630 0.000000 0.055178 0.992674 0.107485 4.710600 -0.333662 -0.083129 0.939021 -0.000000 0.000000 0.000000 0.000000 1.000000
0.941598 -0.088386 0.324933 0.000000 0.055973 0.992596 0.107800 4.710600 -0.332055 -0.083317 0.939573 -0.000000 0.000000 0.000000 0.000000 1.000000
0.942111 -0.089091 0.323248 -0.000000 0.056764 0.992517 0.108110 4.710600 -0.330460 -0.083503 0.940119 -0.000000 0.000000 0.000000 0.000000 1.000000
0.942608 -0.089775 0.321607 -0.000000 0.057533 0.992440 0.108410 4.710600 -0.328909 -0.083684 0.940647 -0.000000 0.000000 0.000000 0.000000 1.000000
0.943076 -0.090425 0.320048 0.000000 0.058264 0.992366 0.108694 4.710600 -0.327434 -0.083859 0.941145 -0.000000 0.000000 0.000000 0.000000 1.000000
0.943507 -0.091025 0.318605 -0.000000 0.058939 0.992297 0.108958 4.710600 -0.326069 -0.084024 0.941604 0.000000 0.000000 0.000000 0.000000 1.000000
0.943890 -0.091561 0.317314 0.000000 0.059542 0.992236 0.109194 4.710600 -0.324848 -0.084173 0.942013 0.000000 0.000000 0.000000 0.000000 1.000000
0.944216 -0.092019 0.316210 -0.000000 0.060059 0.992182 0.109394 4.710600 -0.323804 -0.084301 0.942361 0.000000 0.000000 0.000000 0.000000 1.000000
0.944475 -0.092384 0.315329 0.000000 0.060466 0.992139 0.109564 4.710600 -0.322972 -0.084414 0.942636 0.000000 0.000000 0.000000 0.000000 1.000000
0.944657 -0.092641 0.314707 0.000000 0.060757 0.992109 0.109675 4.710600 -0.322384 -0.084485 0.942831 0.000000 0.000000 0.000000 0.000000 1.000000
0.944753 -0.092772 0.314380 0.000000 0.060908 0.992094 0.109727 4.710600 -0.322074 -0.084517 0.942935 -0.000000 0.000000 0.000000 0.000000 1.000000
0.944765 -0.092794 0.314337 -0.000000 0.060932 0.992091 0.109736 4.710600 -0.322034 -0.084522 0.942948 0.000000 0.000000 0.000000 0.000000 1.000000
0.946905 -0.087877 0.309270 0.000000 0.057754 0.992766 0.105258 4.710600 -0.316282 -0.081808 0.945131 0.000000 0.000000 0.000000 0.000000 1.000000
0.952644 -0.074137 0.294913 0.000000 0.048611 0.994481 0.092971 4.710600 -0.300178 -0.074232 0.950990 0.000000 0.000000 0.000000 0.000000 1.000000
0.960732 -0.053084 0.272354 0.000000 0.033862 0.996623 0.074800 4.710600 -0.275405 -0.062640 0.959285 0.000000 0.000000 0.000000 0.000000 1.000000
0.969762 -0.026241 0.242637 -0.000000 0.013802 0.998508 0.052827 4.710600 -0.243661 -0.047880 0.968678 0.000000 0.000000 0.000000 0.000000 1.000000
0.978336 0.004835 0.206965 -0.000000 -0.011105 0.999514 0.029143 4.710600 -0.206723 -0.030810 0.977914 0.000000 0.000000 0.000000 0.000000 1.000000
0.985234 0.038548 0.166819 0.000000 -0.040059 0.999181 0.005699 4.710600 -0.166462 -0.012297 0.985971 -0.000000 0.000000 0.000000 0.000000 1.000000
0.989573 0.073268 0.124007 0.000000 -0.071852 0.997289 -0.015857 4.710600 -0.124833 0.006782 0.992155 0.000000 0.000000 0.000000 0.000000 1.000000
0.990944 0.107366 0.080637 0.000000 -0.104892 0.993891 -0.034321 4.710600 -0.083830 0.025552 0.996152 0.000000 0.000000 0.000000 0.000000 1.000000
0.989490 0.139234 0.039027 0.000000 -0.137277 0.989319 -0.049012 4.710600 -0.045434 0.043140 0.998035 0.000000 0.000000 0.000000 0.000000 1.000000
0.985903 0.167312 0.001593 0.000000 -0.166919 0.984156 -0.059794 4.710600 -0.011572 0.058685 0.998209 0.000000 0.000000 0.000000 0.000000 1.000000</float_array>
        <technique_common>
          <accessor source="#mixamorig_LeftHandThumb3-Matrix-animation-output-transform-array" count="69" stride="16">
            <param type="float4x4"/>
          </accessor>
        </technique_common>
      </source>
      <source id="mixamorig_LeftHandThumb3-Interpolations">
        <Name_array id="mixamorig_LeftHandThumb3-Interpolations-array" count="69">
 LINEAR LINEAR LINEAR LINEAR LINEAR LINEAR LINEAR LINEAR LINEAR LINEAR LINEAR
LINEAR LINEAR LINEAR LINEAR LINEAR LINEAR LINEAR LINEAR LINEAR LINEAR LINEAR LINEAR
LINEAR LINEAR LINEAR LINEAR LINEAR LINEAR LINEAR LINEAR LINEAR LINEAR LINEAR LINEAR
LINEAR LINEAR LINEAR LINEAR LINEAR LINEAR LINEAR LINEAR LINEAR LINEAR LINEAR LINEAR
LINEAR LINEAR LINEAR LINEAR LINEAR LINEAR LINEAR LINEAR LINEAR LINEAR LINEAR LINEAR
LINEAR LINEAR LINEAR LINEAR LINEAR LINEAR LINEAR LINEAR LINEAR LINEAR</Name_array>
        <technique_common>
          <accessor source="#mixamorig_LeftHandThumb3-Interpolations-array" count="69">
            <param type="name"/>
          </accessor>
        </technique_common>
      </source>
      <sampler id="mixamorig_LeftHandThumb3-Matrix-animation-transform">
        <input semantic="INPUT" source="#mixamorig_LeftHandThumb3-Matrix-animation-input"/>
        <input semantic="OUTPUT" source="#mixamorig_LeftHandThumb3-Matrix-animation-output-transform"/>
        <input semantic="INTERPOLATION" source="#mixamorig_LeftHandThumb3-Interpolations"/>
      </sampler>
      <channel source="#mixamorig_LeftHandThumb3-Matrix-animation-transform" target="mixamorig_LeftHandThumb3/matrix"/>
    </animation>
    <animation id="mixamorig_LeftHandIndex1-anim" name="mixamorig_LeftHandIndex1">
      <source id="mixamorig_LeftHandIndex1-Matrix-animation-input">
        <float_array id="mixamorig_LeftHandIndex1-Matrix-animation-input-array" count="69">

0.000000 0.033333 0.066667 0.100000 0.133333 0.166667 0.200000 0.233333 0.266667 0.300000 0.333333 0.366667 0.400000 0.433333 0.466667 0.500000
0.533333 0.566667 0.600000 0.633333 0.666667 0.700000 0.733333 0.766667 0.800000 0.833333 0.866667 0.900000 0.933333 0.966667 1.000000 1.033333
1.066667 1.100000 1.133333 1.166667 1.200000 1.233333 1.266667 1.300000 1.333333 1.366667 1.400000 1.433333 1.466667 1.500000 1.533333 1.566667
1.600000 1.633333 1.666667 1.700000 1.733333 1.766667 1.800000 1.833333 1.866667 1.900000 1.933333 1.966667 2.000000 2.033333 2.066667 2.100000
2.133333 2.166667 2.200000 2.233333 2.266667</float_array>
        <technique_common>
          <accessor source="#mixamorig_LeftHandIndex1-Matrix-animation-input-array" count="69">
            <param name="TIME" type="float"/>
          </accessor>
        </technique_common>
      </source>
      <source id="mixamorig_LeftHandIndex1-Matrix-animation-output-transform">
        <float_array id="mixamorig_LeftHandIndex1-Matrix-animation-output-transform-array" count="1104">

0.994700 -0.100618 -0.021177 -2.855500 0.100569 0.994924 -0.003340 14.669400 0.021405 0.001193 0.999770 0.398800 0.000000 0.000000 0.000000 1.000000
0.994696 -0.101150 -0.018694 -2.855500 0.101108 0.994870 -0.003141 14.669400 0.018916 0.001234 0.999820 0.398800 0.000000 0.000000 0.000000 1.000000
0.994676 -0.102129 -0.013749 -2.855500 0.102073 0.994766 -0.004706 14.669400 0.014158 0.003277 0.999894 0.398800 0.000000 0.000000 0.000000 1.000000
0.994617 -0.103347 -0.007481 -2.855500 0.103294 0.994625 -0.007210 14.669400 0.008186 0.006399 0.999946 0.398800 0.000000 0.000000 0.000000 1.000000
0.994514 -0.104601 -0.001023 -2.855500 0.104586 0.994467 -0.009835 14.669400 0.002046 0.009674 0.999951 0.398800 0.000000 0.000000 0.000000 1.000000
0.994390 -0.105683 0.004487 -2.855500 0.105729 0.994325 -0.011770 14.669400 -0.003218 0.012179 0.999921 0.398800 0.000000 0.000000 0.000000 1.000000
0.994293 -0.106386 0.007914 -2.855500 0.106478 0.994240 -0.012215 14.669400 -0.006569 0.012988 0.999894 0.398800 0.000000 0.000000 0.000000 1.000000
0.994279 -0.106507 0.008122 -2.855500 0.106588 0.994249 -0.010375 14.669400 -0.006970 0.011181 0.999913 0.398800 0.000000 0.000000 0.000000 1.000000
0.994376 -0.105837 0.003978 -2.855500 0.105858 0.994366 -0.005441 14.669400 -0.003380 0.005832 0.999977 0.398800 0.000000 0.000000 0.000000 1.000000
0.994543 -0.104172 -0.005654 -2.855500 0.104192 0.994551 0.003416 14.669400 0.005267 -0.003986 0.999978 0.398800 0.000000 0.000000 0.000000 1.000000
0.994581 -0.101339 -0.023211 -2.855500 0.101772 0.994640 0.018284 14.669400 0.021233 -0.020547 0.999563 0.398800 0.000000 0.000000 0.000000 1.000000
0.993716 -0.097457 -0.055056 -2.855500 0.099985 0.993963 0.045180 14.669400 0.050320 -0.050401 0.997461 0.398800 0.000000 0.000000 0.000000 1.000000
0.990962 -0.092651 -0.097009 -2.855500 0.100596 0.991666 0.080488 14.669400 0.088743 -0.089519 0.992024 0.398800 0.000000 0.000000 0.000000 1.000000
0.985850 -0.087021 -0.143271 -2.855500 0.104442 0.987394 0.118936 14.669400 0.131115 -0.132216 0.982511 0.398800 0.000000 0.000000 0.000000 1.000000
0.978830 -0.080670 -0.188109 -2.855500 0.110747 0.981640 0.155300 14.669400 0.172127 -0.172845 0.969792 0.398800 0.000000 0.000000 0.000000 1.000000
0.971343 -0.073692 -0.225969 -2.855500 0.117006 0.975799 0.184734 14.669400 0.206887 -0.205880 0.956458 0.398800 0.000000 0.000000 0.000000 1.000000
0.965589 -0.066176 -0.251513 -2.855500 0.119454 0.971890 0.202882 14.669400 0.231017 -0.225944 0.946351 0.398800 0.000000 0.000000 0.000000 1.000000
0.963984 -0.058209 -0.259511 -2.855500 0.114020 0.971988 0.205521 14.669400 0.240279 -0.227708 0.943618 0.398800 0.000000 0.000000 0.000000 1.000000
0.967240 -0.049217 -0.249047 -2.855500 0.098939 0.976538 0.191271 14.669400 0.233790 -0.209646 0.949416 0.398800 0.000000 0.000000 0.000000 1.000000
0.973696 -0.038830 -0.224520 -2.855500 0.076795 0.983645 0.162925 14.669400 0.214521 -0.175882 0.960753 0.398800 0.000000 0.000000 0.000000 1.000000
0.981675 -0.027448 -0.188576 -2.855500 0.051164 0.991201 0.122076 14.669400 0.183566 -0.129488 0.974442 0.398800 0.000000 0.000000 0.000000 1.000000
0.989467 -0.015464 -0.143930 -2.855500 0.025870 0.997161 0.070710 14.669400 0.142428 -0.073689 0.987058 0.398800 0.000000 0.000000 0.000000 1.000000
0.995617 -0.003267 -0.093465 -2.855500 0.004367 0.999924 0.011568 14.669400 0.093420 -0.011925 0.995555 0.398800 0.000000 0.000000 0.000000 1.000000
0.999152 0.008762 -0.040233 -2.855500 -0.010842 0.998599 -0.051791 14.669400 0.039723 0.052184 0.997847 0.398800 0.000000 0.000000 0.000000 1.000000
0.999718 0.020212 0.012459 -2.855500 -0.018646 0.993181 -0.115085 14.669400 -0.014700 0.114820 0.993278 0.398800 0.000000 0.000000 0.000000 1.000000
0.997618 0.030792 0.061730 -2.855500 -0.019594 0.984475 -0.174427 14.669400 -0.066143 0.172802 0.982733 0.398800 0.000000 0.000000 0.000000 1.000000
0.993767 0.040026 0.104041 -2.855500 -0.015644 0.974154 -0.225342 14.669400 -0.110371 0.222310 0.968709 0.398800 0.000000 0.000000 0.000000 1.000000
0.989920 0.047074 0.133572 -2.855500 -0.010648 0.965211 -0.261254 14.669400 -0.141224 0.257198 0.955984 0.398800 0.000000 0.000000 0.000000 1.000000
0.986111 0.053218 0.157330 -2.855500 -0.005308 0.956889 -0.290404 14.669400 -0.166002 0.285536 0.943882 0.398800 0.000000 0.000000 0.000000 1.000000
0.983049 0.058366 0.173803 -2.855500 -0.001352 0.950257 -0.311465 14.669400 -0.183336 0.305950 0.934228 0.398800 0.000000 0.000000 0.000000 1.000000
0.980255 0.063204 0.187365 -2.855500 0.002079 0.944194 -0.329384 14.669400 -0.197727 0.323269 0.925419 0.398800 0.000000 0.000000 0.000000 1.000000
0.977819 0.067696 0.198210 -2.855500 0.004810 0.938822 -0.344369 14.669400 -0.209396 0.337684 0.917672 0.398800 0.000000 0.000000 0.000000 1.000000
0.975802 0.071802 0.206531 -2.855500 0.006736 0.934227 -0.356616 14.669400 -0.218553 0.349378 0.911136 0.398800 0.000000 0.000000 0.000000 1.000000
0.974237 0.075486 0.212519 -2.855500 0.007811 0.930463 -0.366303 14.669400 -0.225392 0.358526 0.905901 0.398800 0.000000 0.000000 0.000000 1.000000
0.973135 0.078713 0.216362 -2.855500 0.008037 0.927557 -0.373595 14.669400 -0.230094 0.365297 0.902006 0.398800 0.000000 0.000000 0.000000 1.000000
0.972490 0.081445 0.218243 -2.855500 0.007461 0.925515 -0.378638 14.669400 -0.232825 0.369851 0.899446 0.398800 0.000000 0.000000 0.000000 1.000000
0.972280 0.083648 0.218345 -2.855500 0.006167 0.924320 -0.381569 14.669400 -0.233738 0.372338 0.898182 0.398800 0.000000 0.000000 0.000000 1.000000
0.972473 0.085285 0.216848 -2.855500 0.004266 0.923941 -0.382511 14.669400 -0.232977 0.372907 0.898144 0.398800 0.000000 0.000000 0.000000 1.000000
0.973028 0.086321 0.213928 -2.855500 0.001893 0.924334 -0.381581 14.669400 -0.230679 0.371694 0.899239 0.398800 0.000000 0.000000 0.000000 1.000000
0.973899 0.086720 0.209762 -2.855500 -0.000799 0.925441 -0.378890 14.669400 -0.226980 0.368833 0.901356 0.398800 0.000000 0.000000 0.000000 1.000000
0.975036 0.086448 0.204526 -2.855500 -0.003640 0.927200 -0.374550 14.669400 -0.222015 0.364455 0.904368 0.398800 0.000000 0.000000 0.000000 1.000000
0.976389 0.085469 0.198394 -2.855500 -0.006457 0.929537 -0.368672 14.669400 -0.215924 0.358686 0.908142 0.398800 0.000000 0.000000 0.000000 1.000000
0.977905 0.083748 0.191541 -2.855500 -0.009067 0.932378 -0.361371 14.669400 -0.208853 0.351650 0.912537 0.398800 0.000000 0.000000 0.000000 1.000000
0.979536 0.081248 0.184143 -2.855500 -0.011291 0.935643 -0.352766 14.669400 -0.200953 0.343468 0.917414 0.398800 0.000000 0.000000 0.000000 1.000000
0.981233 0.077935 0.176375 -2.855500 -0.012950 0.939252 -0.342984 14.669400 -0.192391 0.334263 0.922634 0.398800 0.000000 0.000000 0.000000 1.000000
0.982952 0.073772 0.168412 -2.855500 -0.013873 0.943122 -0.332158 14.669400 -0.183337 0.324159 0.928067 0.398800 0.000000 0.000000 0.000000 1.000000
0.984651 0.068722 0.160433 -2.855500 -0.013898 0.947172 -0.320425 14.669400 -0.173978 0.313277 0.933589 0.398800 0.000000 0.000000 0.000000 1.000000
0.986291 0.062751 0.152615 -2.855500 -0.012878 0.951322 -0.307931 14.669400 -0.164509 0.301744 0.939089 0.398800 0.000000 0.000000 0.000000 1.000000
0.987940 0.055450 0.144568 -2.855500 -0.010632 0.955767 -0.293934 14.669400 -0.154472 0.288852 0.944830 0.398800 0.000000 0.000000 0.000000 1.000000
0.990063 0.044859 0.133280 -2.855500 -0.006726 0.961777 -0.273751 14.669400 -0.140466 0.270134 0.952521 0.398800 0.000000 0.000000 0.000000 1.000000
0.992409 0.031338 0.118922 -2.855500 -0.000882 0.968779 -0.247924 14.669400 -0.122979 0.245937 0.961453 0.398800 0.000000 0.000000 0.000000 1.000000
0.994633 0.015649 0.102276 -2.855500 0.007060 0.975928 -0.217980 14.669400 -0.103225 0.217532 0.970579 0.398800 0.000000 0.000000 0.000000 1.000000
0.996453 -0.001440 0.084137 -2.855500 0.017081 0.982500 -0.185477 14.669400 -0.082398 0.186257 0.979040 0.398800 0.000000 0.000000 0.000000 1.000000
0.997680 -0.019162 0.065319 -2.855500 0.028925 0.987959 -0.151985 14.669400 -0.061621 0.153522 0.986222 0.398800 0.000000 0.000000 0.000000 1.000000
0.998235 -0.036750 0.046646 -2.855500 0.042083 0.991997 -0.119046 14.669400 -0.041898 0.120799 0.991792 0.398800 0.000000 0.000000 0.000000 1.000000
0.998152 -0.053439 0.028939 -2.855500 0.055801 0.994544 -0.088138 14.669400 -0.024071 0.089590 0.995688 0.398800 0.000000 0.000000 0.000000 1.000000
0.997568 -0.068469 0.013008 -2.855500 0.069136 0.995762 -0.060648 14.669400 -0.008801 0.061400 0.998074 0.398800 0.000000 0.000000 0.000000 1.000000
0.996707 -0.081086 -0.000349 -2.855500 0.081014 0.995993 -0.037869 14.669400 0.003419 0.037716 0.999283 0.398800 0.000000 0.000000 0.000000 1.000000
0.995840 -0.090533 -0.010357 -2.855500 0.090302 0.995693 -0.021010 14.669400 0.012214 0.019988 0.999726 0.398800 0.000000 0.000000 0.000000 1.000000
0.995148 -0.096891 -0.017096 -2.855500 0.096734 0.995262 -0.009776 14.669400 0.017962 0.008075 0.999806 0.398800 0.000000 0.000000 0.000000 1.000000
0.994655 -0.101001 -0.021454 -2.855500 0.100969 0.994886 -0.002560 14.669400 0.021603 0.000381 0.999767 0.398800 0.000000 0.000000 0.000000 1.000000
0.994368 -0.103262 -0.023857 -2.855500 0.103324 0.994647 0.001389 14.669400 0.023586 -0.003846 0.999714 0.398800 0.000000 0.000000 0.000000 1.000000
0.994262 -0.104072 -0.024727 -2.855500 0.104172 0.994555 0.002791 14.669400 0.024302 -0.005351 0.999690 0.398800 0.000000 0.000000 0.000000 1.000000
0.994294 -0.103826 -0.024484 -2.855500 0.103914 0.994583 0.002349 14.669400 0.024108 -0.004879 0.999697 0.398800 0.000000 0.000000 0.000000 1.000000
0.994411 -0.102921 -0.023545 -2.855500 0.102967 0.994685 0.000750 14.669400 0.023342 -0.003170 0.999723 0.398800 0.000000 0.000000 0.000000 1.000000
0.994559 -0.101751 -0.022326 -2.855500 0.101747 0.994809 -0.001311 14.669400 0.022343 -0.000968 0.999750 0.398800 0.000000 0.000000 0.000000 1.000000
0.994689 -0.100714 -0.021245 -2.855500 0.100670 0.994915 -0.003145 14.669400 0.021454 0.000989 0.999769 0.398800 0.000000 0.000000 0.000000 1.000000
0.994751 -0.100204 -0.020723 -2.855500 0.100141 0.994965 -0.004053 14.669400 0.021025 0.001957 0.999777 0.398800 0.000000 0.000000 0.000000 1.000000
0.994700 -0.100617 -0.021177 -2.855500 0.100569 0.994924 -0.003340 14.669400 0.021405 0.001193 0.999770 0.398800 0.000000 0.000000 0.000000 1.000000</float_array>
        <technique_common>
          <accessor source="#mixamorig_LeftHandIndex1-Matrix-animation-output-transform-array" count="69" stride="16">
            <param type="float4x4"/>
          </accessor>
        </technique_common>
      </source>
      <source id="mixamorig_LeftHandIndex1-Interpolations">
        <Name_array id="mixamorig_LeftHandIndex1-Interpolations-array" count="69">
 LINEAR LINEAR LINEAR LINEAR LINEAR LINEAR LINEAR LINEAR LINEAR LINEAR LINEAR
LINEAR LINEAR LINEAR LINEAR LINEAR LINEAR LINEAR LINEAR LINEAR LINEAR LINEAR LINEAR
LINEAR LINEAR LINEAR LINEAR LINEAR LINEAR LINEAR LINEAR LINEAR LINEAR LINEAR LINEAR
LINEAR LINEAR LINEAR LINEAR LINEAR LINEAR LINEAR LINEAR LINEAR LINEAR LINEAR LINEAR
LINEAR LINEAR LINEAR LINEAR LINEAR LINEAR LINEAR LINEAR LINEAR LINEAR LINEAR LINEAR
LINEAR LINEAR LINEAR LINEAR LINEAR LINEAR LINEAR LINEAR LINEAR LINEAR</Name_array>
        <technique_common>
          <accessor source="#mixamorig_LeftHandIndex1-Interpolations-array" count="69">
            <param type="name"/>
          </accessor>
        </technique_common>
      </source>
      <sampler id="mixamorig_LeftHandIndex1-Matrix-animation-transform">
        <input semantic="INPUT" source="#mixamorig_LeftHandIndex1-Matrix-animation-input"/>
        <input semantic="OUTPUT" source="#mixamorig_LeftHandIndex1-Matrix-animation-output-transform"/>
        <input semantic="INTERPOLATION" source="#mixamorig_LeftHandIndex1-Interpolations"/>
      </sampler>
      <channel source="#mixamorig_LeftHandIndex1-Matrix-animation-transform" target="mixamorig_LeftHandIndex1/matrix"/>
    </animation>
    <animation id="mixamorig_LeftHandIndex2-anim" name="mixamorig_LeftHandIndex2">
      <source id="mixamorig_LeftHandIndex2-Matrix-animation-input">
        <float_array id="mixamorig_LeftHandIndex2-Matrix-animation-input-array" count="69">

0.000000 0.033333 0.066667 0.100000 0.133333 0.166667 0.200000 0.233333 0.266667 0.300000 0.333333 0.366667 0.400000 0.433333 0.466667 0.500000
0.533333 0.566667 0.600000 0.633333 0.666667 0.700000 0.733333 0.766667 0.800000 0.833333 0.866667 0.900000 0.933333 0.966667 1.000000 1.033333
1.066667 1.100000 1.133333 1.166667 1.200000 1.233333 1.266667 1.300000 1.333333 1.366667 1.400000 1.433333 1.466667 1.500000 1.533333 1.566667
1.600000 1.633333 1.666667 1.700000 1.733333 1.766667 1.800000 1.833333 1.866667 1.900000 1.933333 1.966667 2.000000 2.033333 2.066667 2.100000
2.133333 2.166667 2.200000 2.233333 2.266667</float_array>
        <technique_common>
          <accessor source="#mixamorig_LeftHandIndex2-Matrix-animation-input-array" count="69">
            <param name="TIME" type="float"/>
          </accessor>
        </technique_common>
      </source>
      <source id="mixamorig_LeftHandIndex2-Matrix-animation-output-transform">
        <float_array id="mixamorig_LeftHandIndex2-Matrix-animation-output-transform-array" count="1104">

0.999991 -0.003250 0.002607 0.000000 0.003449 0.996770 -0.080236 3.248600 -0.002337 0.080244 0.996773 0.000000 0.000000 0.000000 0.000000 1.000000
0.999972 -0.003259 0.006806 0.000000 0.003796 0.996754 -0.080419 3.248600 -0.006522 0.080443 0.996738 0.000000 0.000000 0.000000 0.000000 1.000000
0.999927 -0.003298 0.011612 0.000000 0.004232 0.996679 -0.081320 3.248600 -0.011305 0.081364 0.996620 0.000000 0.000000 0.000000 0.000000 1.000000
0.999854 -0.003368 0.016747 0.000000 0.004740 0.996571 -0.082602 3.248600 -0.016411 0.082669 0.996442 0.000000 0.000000 0.000000 0.000000 1.000000
0.999754 -0.003448 0.021927 0.000000 0.005278 0.996457 -0.083938 3.248600 -0.021560 0.084033 0.996230 -0.000000 0.000000 0.000000 0.000000 1.000000
0.999633 -0.003514 0.026873 0.000000 0.005787 0.996365 -0.084994 3.248600 -0.026477 0.085119 0.996019 0.000000 0.000000 0.000000 0.000000 1.000000
0.999504 -0.003554 0.031304 0.000000 0.006219 0.996324 -0.085444 3.248600 -0.030886 0.085597 0.995851 0.000000 0.000000 0.000000 0.000000 1.000000
0.999383 -0.003555 0.034939 0.000000 0.006515 0.996363 -0.084957 3.248600 -0.034510 0.085133 0.995772 0.000000 0.000000 0.000000 0.000000 1.000000
0.999291 -0.003505 0.037498 -0.000000 0.006617 0.996510 -0.083206 3.248600 -0.037075 0.083395 0.995827 0.000000 0.000000 0.000000 0.000000 1.000000
0.999245 -0.003391 0.038699 0.000000 0.006475 0.996785 -0.079860 3.248600 -0.038304 0.080050 0.996055 0.000000 0.000000 0.000000 0.000000 1.000000
0.999267 -0.003212 0.038141 -0.000000 0.006001 0.997295 -0.073258 3.248600 -0.037802 0.073433 0.996583 0.000000 0.000000 0.000000 0.000000 1.000000
0.999376 -0.003030 0.035182 0.000000 0.005035 0.998359 -0.057047 3.248600 -0.034951 0.057189 0.997751 0.000000 0.000000 0.000000 0.000000 1.000000
0.999534 -0.002817 0.030395 0.000000 0.003867 0.999395 -0.034565 3.248600 -0.030279 0.034667 0.998940 0.000000 0.000000 0.000000 0.000000 1.000000
0.999696 -0.002563 0.024506 0.000000 0.002827 0.999939 -0.010722 3.248600 -0.024477 0.010788 0.999642 0.000000 0.000000 0.000000 0.000000 1.000000
0.999831 -0.002393 0.018248 0.000000 0.002394 0.999997 -0.000003 3.248600 -0.018248 0.000046 0.999833 0.000000 0.000000 0.000000 0.000000 1.000000
0.999922 -0.002271 0.012292 0.000000 0.002271 0.999997 -0.000010 3.248600 -0.012292 0.000037 0.999924 0.000000 0.000000 0.000000 0.000000 1.000000
0.999972 -0.001534 0.007290 0.000000 0.001534 0.999999 -0.000003 3.248600 -0.007290 0.000014 0.999973 0.000000 0.000000 0.000000 0.000000 1.000000
0.999992 0.000261 0.003987 -0.000000 -0.000259 1.000000 -0.000468 3.248600 -0.003987 0.000467 0.999992 0.000000 0.000000 0.000000 0.000000 1.000000
0.999996 0.001852 0.002310 -0.000000 -0.001754 0.999121 -0.041871 3.248600 -0.002385 0.041867 0.999120 0.000000 0.000000 0.000000 0.000000 1.000000
0.999990 0.004140 0.001608 0.000000 -0.003956 0.994840 -0.101381 3.248600 -0.002019 0.101374 0.994846 0.000000 0.000000 0.000000 0.000000 1.000000
0.999974 0.006917 0.001840 0.000000 -0.006490 0.984649 -0.174424 3.248600 -0.003018 0.174408 0.984669 -0.000000 0.000000 0.000000 0.000000 1.000000
0.999946 0.009991 0.002942 -0.000000 -0.008905 0.966601 -0.256132 3.248600 -0.005403 0.256092 0.966637 0.000000 0.000000 0.000000 0.000000 1.000000
0.999902 0.013174 0.004805 0.000000 -0.010742 0.939831 -0.341472 3.248600 -0.009015 0.341387 0.939880 0.000000 0.000000 0.000000 0.000000 1.000000
0.999841 0.016273 0.007261 0.000000 -0.011638 0.904870 -0.425529 3.248600 -0.013495 0.425377 0.904916 0.000000 0.000000 0.000000 0.000000 1.000000
0.999768 0.019057 0.010071 0.000000 -0.011392 0.863828 -0.503658 3.248600 -0.018298 0.503426 0.863844 0.000000 0.000000 0.000000 0.000000 1.000000
0.999688 0.021347 0.012968 0.000000 -0.010075 0.819707 -0.572694 3.248600 -0.022855 0.572385 0.819666 -0.000000 0.000000 0.000000 0.000000 1.000000
0.999618 0.022796 0.015601 0.000000 -0.007901 0.777137 -0.629282 3.248600 -0.026470 0.628919 0.777020 -0.000000 0.000000 0.000000 0.000000 1.000000
0.999589 0.022760 0.017406 -0.000000 -0.005294 0.743728 -0.668461 3.248600 -0.028159 0.668095 0.743543 0.000000 0.000000 0.000000 0.000000 1.000000
0.999576 0.022184 0.018868 0.000000 -0.002641 0.714263 -0.699872 3.248600 -0.029003 0.699526 0.714019 -0.000000 0.000000 0.000000 0.000000 1.000000
0.999564 0.021754 0.019961 0.000000 -0.000595 0.690799 -0.723047 3.248600 -0.029518 0.722719 0.690511 0.000000 0.000000 0.000000 0.000000 1.000000
0.999553 0.021385 0.020912 0.000000 0.001223 0.669351 -0.742945 3.248600 -0.029886 0.742638 0.669025 0.000000 0.000000 0.000000 0.000000 1.000000
0.999541 0.021073 0.021780 0.000000 0.002850 0.650128 -0.759819 3.248600 -0.030171 0.759532 0.649769 0.000000 0.000000 0.000000 0.000000 1.000000
0.999529 0.020810 0.022562 0.000000 0.004283 0.633298 -0.773896 3.248600 -0.030393 0.773628 0.632911 0.000000 0.000000 0.000000 0.000000 1.000000
0.999518 0.020595 0.023229 -0.000000 0.005498 0.618993 -0.785377 3.248600 -0.030553 0.785126 0.618581 0.000000 0.000000 0.000000 0.000000 1.000000
0.999509 0.020420 0.023747 0.000000 0.006467 0.607308 -0.794440 3.248600 -0.030644 0.794204 0.606878 0.000000 0.000000 0.000000 0.000000 1.000000
0.999504 0.020216 0.024143 0.000000 0.007252 0.598313 -0.801230 3.248600 -0.030643 0.801008 0.597869 -0.000000 0.000000 0.000000 0.000000 1.000000
0.999501 0.020018 0.024421 -0.000000 0.007833 0.592046 -0.805866 3.248600 -0.030590 0.805655 0.591594 0.000000 0.000000 0.000000 0.000000 1.000000
0.999501 0.019871 0.024557 0.000000 0.008162 0.588523 -0.808439 3.248600 -0.030517 0.808236 0.588067 0.000000 0.000000 0.000000 0.000000 1.000000
0.999502 0.019841 0.024552 -0.000000 0.008205 0.587734 -0.809013 3.248600 -0.030482 0.808811 0.587278 -0.000000 0.000000 0.000000 0.000000 1.000000
0.999501 0.019910 0.024530 0.000000 0.008075 0.589656 -0.807614 3.248600 -0.030543 0.807409 0.589201 0.000000 0.000000 0.000000 0.000000 1.000000
0.999501 0.020088 0.024368 0.000000 0.007665 0.594238 -0.804253 3.248600 -0.030636 0.804038 0.593788 -0.000000 0.000000 0.000000 0.000000 1.000000
0.999504 0.020318 0.024070 -0.000000 0.007014 0.601417 -0.798904 3.248600 -0.030708 0.798677 0.600976 -0.000000 0.000000 0.000000 0.000000 1.000000
0.999508 0.020569 0.023664 0.000000 0.006163 0.611109 -0.791522 3.248600 -0.030742 0.791279 0.610682 0.000000 0.000000 0.000000 0.000000 1.000000
0.999515 0.020830 0.023155 0.000000 0.005129 0.623208 -0.782039 3.248600 -0.030720 0.781778 0.622799 0.000000 0.000000 0.000000 0.000000 1.000000
0.999522 0.021163 0.022547 0.000000 0.003878 0.637588 -0.770368 3.248600 -0.030679 0.770087 0.637201 0.000000 0.000000 0.000000 0.000000 1.000000
0.999528 0.021580 0.021848 0.000000 0.002411 0.654101 -0.756403 3.248600 -0.030614 0.756099 0.653741 0.000000 0.000000 0.000000 0.000000 1.000000
0.999534 0.022090 0.021064 0.000000 0.000730 0.672579 -0.740025 3.248600 -0.030514 0.739695 0.672250 0.000000 0.000000 0.000000 0.000000 1.000000
0.999538 0.022701 0.020203 0.000000 -0.001160 0.692830 -0.721100 3.248600 -0.030366 0.720744 0.692536 0.000000 0.000000 0.000000 0.000000 1.000000
0.999539 0.023480 0.019223 0.000000 -0.003389 0.715892 -0.698203 3.248600 -0.030155 0.697816 0.715642 -0.000000 0.000000 0.000000 0.000000 1.000000
0.999534 0.024745 0.017865 -0.000000 -0.006645 0.747751 -0.663946 3.248600 -0.029788 0.663518 0.747567 0.000000 0.000000 0.000000 0.000000 1.000000
0.999517 0.026510 0.016235 0.000000 -0.010806 0.785980 -0.618158 3.248600 -0.029147 0.617683 0.785887 0.000000 0.000000 0.000000 0.000000 1.000000
0.999483 0.028713 0.014492 0.000000 -0.015599 0.826778 -0.562312 3.248600 -0.028128 0.561795 0.826798 -0.000000 0.000000 0.000000 0.000000 1.000000
0.999430 0.031273 0.012741 0.000000 -0.020766 0.866684 -0.498425 3.248600 -0.026630 0.497876 0.866839 0.000000 0.000000 0.000000 0.000000 1.000000
0.999357 0.034081 0.011142 0.000000 -0.026005 0.902854 -0.429159 3.248600 -0.024686 0.428594 0.903160 0.000000 0.000000 0.000000 0.000000 1.000000
0.999267 0.037000 0.009786 0.000000 -0.031053 0.933292 -0.357774 3.248600 -0.022371 0.357208 0.933757 0.000000 0.000000 0.000000 0.000000 1.000000
0.999167 0.039873 0.008713 0.000000 -0.035678 0.956976 -0.287966 3.248600 -0.019820 0.287416 0.957601 0.000000 0.000000 0.000000 0.000000 1.000000
0.999063 0.042550 0.007916 -0.000000 -0.039704 0.973855 -0.223673 3.248600 -0.017227 0.223149 0.974632 0.000000 0.000000 0.000000 0.000000 1.000000
0.998967 0.044847 0.007376 -0.000000 -0.042959 0.984702 -0.168867 3.248600 -0.014836 0.168376 0.985611 0.000000 0.000000 0.000000 0.000000 1.000000
0.998889 0.046606 0.007030 0.000000 -0.045333 0.990813 -0.127411 3.248600 -0.012903 0.126951 0.991825 0.000000 0.000000 0.000000 0.000000 1.000000
0.998880 0.046821 0.006802 0.000000 -0.045916 0.993997 -0.099304 3.248600 -0.011410 0.098881 0.995034 -0.000000 0.000000 0.000000 0.000000 1.000000
0.998972 0.044859 0.006512 0.000000 -0.044186 0.995737 -0.080965 3.248600 -0.010116 0.080594 0.996696 0.000000 0.000000 0.000000 0.000000 1.000000
0.999136 0.041101 0.006144 0.000000 -0.040565 0.996671 -0.070714 3.248600 -0.009029 0.070404 0.997478 0.000000 0.000000 0.000000 0.000000 1.000000
0.999338 0.035931 0.005704 0.000000 -0.035470 0.997133 -0.066839 3.248600 -0.008089 0.066592 0.997747 0.000000 0.000000 0.000000 0.000000 1.000000
0.999544 0.029734 0.005210 0.000000 -0.029314 0.997281 -0.067606 3.248600 -0.007206 0.067422 0.997698 0.000000 0.000000 0.000000 0.000000 1.000000
0.999727 0.022894 0.004679 0.000000 -0.022502 0.997203 -0.071279 3.248600 -0.006298 0.071155 0.997445 0.000000 0.000000 0.000000 0.000000 1.000000
0.999867 0.015796 0.004134 0.000000 -0.015436 0.996979 -0.076119 3.248600 -0.005324 0.076045 0.997090 0.000000 0.000000 0.000000 0.000000 1.000000
0.999955 0.008826 0.003594 0.000000 -0.008508 0.996728 -0.080384 3.248600 -0.004291 0.080350 0.996757 0.000000 0.000000 0.000000 0.000000 1.000000
0.999992 0.002369 0.003079 0.000000 -0.002107 0.996602 -0.082339 3.248600 -0.003263 0.082332 0.996600 -0.000000 0.000000 0.000000 0.000000 1.000000
0.999992 -0.003191 0.002607 0.000000 0.003390 0.996770 -0.080238 3.248600 -0.002342 0.080246 0.996772 0.000000 0.000000 0.000000 0.000000 1.000000</float_array>
        <technique_common>
          <accessor source="#mixamorig_LeftHandIndex2-Matrix-animation-output-transform-array" count="69" stride="16">
            <param type="float4x4"/>
          </accessor>
        </technique_common>
      </source>
      <source id="mixamorig_LeftHandIndex2-Interpolations">
        <Name_array id="mixamorig_LeftHandIndex2-Interpolations-array" count="69">
 LINEAR LINEAR LINEAR LINEAR LINEAR LINEAR LINEAR LINEAR LINEAR LINEAR LINEAR
LINEAR LINEAR LINEAR LINEAR LINEAR LINEAR LINEAR LINEAR LINEAR LINEAR LINEAR LINEAR
LINEAR LINEAR LINEAR LINEAR LINEAR LINEAR LINEAR LINEAR LINEAR LINEAR LINEAR LINEAR
LINEAR LINEAR LINEAR LINEAR LINEAR LINEAR LINEAR LINEAR LINEAR LINEAR LINEAR LINEAR
LINEAR LINEAR LINEAR LINEAR LINEAR LINEAR LINEAR LINEAR LINEAR LINEAR LINEAR LINEAR
LINEAR LINEAR LINEAR LINEAR LINEAR LINEAR LINEAR LINEAR LINEAR LINEAR</Name_array>
        <technique_common>
          <accessor source="#mixamorig_LeftHandIndex2-Interpolations-array" count="69">
            <param type="name"/>
          </accessor>
        </technique_common>
      </source>
      <sampler id="mixamorig_LeftHandIndex2-Matrix-animation-transform">
        <input semantic="INPUT" source="#mixamorig_LeftHandIndex2-Matrix-animation-input"/>
        <input semantic="OUTPUT" source="#mixamorig_LeftHandIndex2-Matrix-animation-output-transform"/>
        <input semantic="INTERPOLATION" source="#mixamorig_LeftHandIndex2-Interpolations"/>
      </sampler>
      <channel source="#mixamorig_LeftHandIndex2-Matrix-animation-transform" target="mixamorig_LeftHandIndex2/matrix"/>
    </animation>
    <animation id="mixamorig_LeftHandIndex3-anim" name="mixamorig_LeftHandIndex3">
      <source id="mixamorig_LeftHandIndex3-Matrix-animation-input">
        <float_array id="mixamorig_LeftHandIndex3-Matrix-animation-input-array" count="69">

0.000000 0.033333 0.066667 0.100000 0.133333 0.166667 0.200000 0.233333 0.266667 0.300000 0.333333 0.366667 0.400000 0.433333 0.466667 0.500000
0.533333 0.566667 0.600000 0.633333 0.666667 0.700000 0.733333 0.766667 0.800000 0.833333 0.866667 0.900000 0.933333 0.966667 1.000000 1.033333
1.066667 1.100000 1.133333 1.166667 1.200000 1.233333 1.266667 1.300000 1.333333 1.366667 1.400000 1.433333 1.466667 1.500000 1.533333 1.566667
1.600000 1.633333 1.666667 1.700000 1.733333 1.766667 1.800000 1.833333 1.866667 1.900000 1.933333 1.966667 2.000000 2.033333 2.066667 2.100000
2.133333 2.166667 2.200000 2.233333 2.266667</float_array>
        <technique_common>
          <accessor source="#mixamorig_LeftHandIndex3-Matrix-animation-input-array" count="69">
            <param name="TIME" type="float"/>
          </accessor>
        </technique_common>
      </source>
      <source id="mixamorig_LeftHandIndex3-Matrix-animation-output-transform">
        <float_array id="mixamorig_LeftHandIndex3-Matrix-animation-output-transform-array" count="1104">

0.999969 -0.007626 0.001995 0.000000 0.007822 0.991259 -0.131702 2.659600 -0.000973 0.131713 0.991287 -0.000000 0.000000 0.000000 0.000000 1.000000
0.999973 -0.007041 -0.001865 0.000000 0.006747 0.991910 -0.126764 2.659600 0.002743 0.126748 0.991931 0.000000 0.000000 0.000000 0.000000 1.000000
0.999960 -0.006434 -0.006251 0.000000 0.005622 0.992484 -0.122246 2.659600 0.006991 0.122205 0.992480 0.000000 0.000000 0.000000 0.000000 1.000000
0.999923 -0.005818 -0.010919 0.000000 0.004490 0.993009 -0.117951 2.659600 0.011529 0.117893 0.992959 -0.000000 0.000000 0.000000 0.000000 1.000000
0.999864 -0.005199 -0.015626 -0.000000 0.003389 0.993512 -0.113679 2.659600 0.016115 0.113610 0.993395 0.000000 0.000000 0.000000 0.000000 1.000000
0.999787 -0.004588 -0.020129 0.000000 0.002362 0.994014 -0.109232 2.659600 0.020510 0.109161 0.993812 0.000000 0.000000 0.000000 0.000000 1.000000
0.999700 -0.003994 -0.024185 0.000000 0.001448 0.994533 -0.104412 2.659600 0.024470 0.104346 0.994240 0.000000 0.000000 0.000000 0.000000 1.000000
0.999615 -0.003428 -0.027551 0.000000 0.000683 0.995085 -0.099023 2.659600 0.027755 0.098966 0.994704 0.000000 0.000000 0.000000 0.000000 1.000000
0.999546 -0.002898 -0.029982 0.000000 0.000101 0.995678 -0.092869 2.659600 0.030122 0.092823 0.995227 0.000000 0.000000 0.000000 0.000000 1.000000
0.999509 -0.002415 -0.031235 0.000000 -0.000273 0.996316 -0.085752 2.659600 0.031328 0.085718 0.995827 -0.000000 0.000000 0.000000 0.000000 1.000000
0.999518 -0.001963 -0.030972 0.000000 -0.000396 0.997110 -0.075972 2.659600 0.031032 0.075948 0.996629 0.000000 0.000000 0.000000 0.000000 1.000000
0.999588 -0.001135 -0.028697 0.000000 -0.000485 0.998409 -0.056390 2.659600 0.028715 0.056381 0.997996 0.000000 0.000000 0.000000 0.000000 1.000000
0.999691 -0.000178 -0.024837 0.000000 -0.000583 0.999531 -0.030617 2.659600 0.024831 0.030622 0.999223 0.000000 0.000000 0.000000 0.000000 1.000000
0.999800 0.000741 -0.019966 -0.000000 -0.000822 0.999992 -0.004027 2.659600 0.019963 0.004043 0.999793 -0.000000 0.000000 0.000000 0.000000 1.000000
0.999891 0.001417 -0.014682 0.000000 -0.001153 0.999838 0.017983 2.659600 0.014705 -0.017964 0.999730 0.000000 0.000000 0.000000 0.000000 1.000000
0.999953 0.001645 -0.009603 0.000000 -0.001356 0.999548 0.030035 2.659600 0.009648 -0.030021 0.999503 0.000000 0.000000 0.000000 0.000000 1.000000
0.999985 0.001210 -0.005348 0.000000 -0.001067 0.999641 0.026765 2.659600 0.005378 -0.026759 0.999627 0.000000 0.000000 0.000000 0.000000 1.000000
0.999997 0.000009 -0.002507 -0.000000 -0.000002 0.999996 0.002799 2.659600 0.002507 -0.002799 0.999993 -0.000000 0.000000 0.000000 0.000000 1.000000
0.999997 -0.002224 -0.000844 0.000000 0.002183 0.998970 -0.045319 2.659600 0.000944 0.045317 0.998972 -0.000000 0.000000 0.000000 0.000000 1.000000
0.999985 -0.005415 0.000411 0.000000 0.005426 0.993454 -0.114106 2.659600 0.000210 0.114107 0.993468 0.000000 0.000000 0.000000 0.000000 1.000000
0.999955 -0.009313 0.001512 0.000000 0.009428 0.980118 -0.198194 2.659600 0.000364 0.198199 0.980162 -0.000000 0.000000 0.000000 0.000000 1.000000
0.999903 -0.013651 0.002681 0.000000 0.013840 0.956391 -0.291762 2.659600 0.001419 0.291771 0.956487 0.000000 0.000000 0.000000 0.000000 1.000000
0.999827 -0.018148 0.004071 0.000000 0.018303 0.921163 -0.388747 2.659600 0.003305 0.388755 0.921335 0.000000 0.000000 0.000000 0.000000 1.000000
0.999730 -0.022514 0.005748 0.000000 0.022488 0.875188 -0.483260 2.659600 0.005850 0.483259 0.875458 0.000000 0.000000 0.000000 0.000000 1.000000
0.999620 -0.026489 0.007681 -0.000000 0.026143 0.821292 -0.569908 2.659600 0.008788 0.569892 0.821672 0.000000 0.000000 0.000000 0.000000 1.000000
0.999504 -0.029935 0.009789 0.000000 0.029184 0.763453 -0.645204 2.659600 0.011840 0.645169 0.763948 -0.000000 0.000000 0.000000 0.000000 1.000000
0.999394 -0.032713 0.011907 0.000000 0.031573 0.707672 -0.705835 2.659600 0.014664 0.705783 0.708276 0.000000 0.000000 0.000000 0.000000 1.000000
0.999308 -0.034587 0.013693 0.000000 0.033210 0.663662 -0.747295 2.659600 0.016759 0.747233 0.664351 0.000000 0.000000 0.000000 0.000000 1.000000
0.999232 -0.036053 0.015326 -0.000000 0.034505 0.624701 -0.780101 2.659600 0.018551 0.780031 0.625465 -0.000000 0.000000 0.000000 0.000000 1.000000
0.999172 -0.037127 0.016664 -0.000000 0.035458 0.593321 -0.804185 2.659600 0.019970 0.804110 0.594145 0.000000 0.000000 0.000000 0.000000 1.000000
0.999116 -0.038044 0.017907 0.000000 0.036272 0.564399 -0.824705 2.659600 0.021268 0.824625 0.565280 0.000000 0.000000 0.000000 0.000000 1.000000
0.999064 -0.038837 0.019028 0.000000 0.036958 0.538210 -0.842000 2.659600 0.022460 0.841915 0.539142 0.000000 0.000000 0.000000 0.000000 1.000000
0.999019 -0.039478 0.020042 0.000000 0.037530 0.514972 -0.856385 2.659600 0.023487 0.856298 0.515948 -0.000000 0.000000 0.000000 0.000000 1.000000
0.998981 -0.039999 0.020926 0.000000 0.037999 0.494858 -0.868142 2.659600 0.024370 0.868053 0.495874 -0.000000 0.000000 0.000000 0.000000 1.000000
0.998948 -0.040411 0.021671 0.000000 0.038374 0.478006 -0.877518 2.659600 0.025102 0.877427 0.479054 0.000000 0.000000 0.000000 0.000000 1.000000
0.998923 -0.040696 0.022287 0.000000 0.038663 0.464514 -0.884722 2.659600 0.025652 0.884630 0.465587 -0.000000 0.000000 0.000000 0.000000 1.000000
0.998904 -0.040902 0.022745 0.000000 0.038872 0.454453 -0.889922 2.659600 0.026063 0.889831 0.455545 0.000000 0.000000 0.000000 0.000000 1.000000
0.998892 -0.041038 0.023046 -0.000000 0.039008 0.447868 -0.893248 2.659600 0.026336 0.893157 0.448972 0.000000 0.000000 0.000000 0.000000 1.000000
0.998886 -0.041105 0.023187 0.000000 0.039074 0.444779 -0.894787 2.659600 0.026467 0.894696 0.445890 0.000000 0.000000 0.000000 0.000000 1.000000
0.998886 -0.041106 0.023168 0.000000 0.039070 0.445185 -0.894586 2.659600 0.026459 0.894494 0.446295 0.000000 0.000000 0.000000 0.000000 1.000000
0.998893 -0.041041 0.022991 0.000000 0.038996 0.449064 -0.892648 2.659600 0.026311 0.892557 0.450167 -0.000000 0.000000 0.000000 0.000000 1.000000
0.998906 -0.040909 0.022657 0.000000 0.038853 0.456375 -0.888939 2.659600 0.026025 0.888846 0.457466 0.000000 0.000000 0.000000 0.000000 1.000000
0.998927 -0.040656 0.022194 0.000000 0.038636 0.467055 -0.883384 2.659600 0.025549 0.883293 0.468125 0.000000 0.000000 0.000000 0.000000 1.000000
0.998954 -0.040321 0.021586 0.000000 0.038342 0.481019 -0.875872 2.659600 0.024933 0.875783 0.482061 0.000000 0.000000 0.000000 0.000000 1.000000
0.998987 -0.039889 0.020807 0.000000 0.037934 0.498159 -0.866256 2.659600 0.024189 0.866168 0.499167 0.000000 0.000000 0.000000 0.000000 1.000000
0.999029 -0.039327 0.019864 0.000000 0.037392 0.518339 -0.854357 2.659600 0.023303 0.854271 0.519306 0.000000 0.000000 0.000000 0.000000 1.000000
0.999076 -0.038658 0.018795 0.000000 0.036750 0.541395 -0.839965 2.659600 0.022296 0.839879 0.542315 0.000000 0.000000 0.000000 0.000000 1.000000
0.999128 -0.037856 0.017596 0.000000 0.035979 0.567129 -0.822843 2.659600 0.021170 0.822759 0.567997 0.000000 0.000000 0.000000 0.000000 1.000000
0.999189 -0.036862 0.016212 -0.000000 0.035028 0.596990 -0.801484 2.659600 0.019866 0.801402 0.597797 -0.000000 0.000000 0.000000 0.000000 1.000000
0.999274 -0.035320 0.014257 0.000000 0.033553 0.639123 -0.768372 2.659600 0.018027 0.768293 0.639845 -0.000000 0.000000 0.000000 0.000000 1.000000
0.999378 -0.033193 0.011873 0.000000 0.031520 0.690498 -0.722648 2.659600 0.015788 0.722573 0.691115 -0.000000 0.000000 0.000000 0.000000 1.000000
0.999491 -0.030519 0.009304 0.000000 0.028975 0.746149 -0.665148 2.659600 0.013357 0.665079 0.746654 0.000000 0.000000 0.000000 0.000000 1.000000
0.999602 -0.027376 0.006796 -0.000000 0.026011 0.801420 -0.597537 2.659600 0.010912 0.597476 0.801813 0.000000 0.000000 0.000000 0.000000 1.000000
0.999705 -0.023887 0.004493 0.000000 0.022714 0.852345 -0.522487 2.659600 0.008651 0.522435 0.852635 0.000000 0.000000 0.000000 0.000000 1.000000
0.999792 -0.020239 0.002529 0.000000 0.019260 0.896000 -0.443636 2.659600 0.006713 0.443592 0.896204 0.000000 0.000000 0.000000 0.000000 1.000000
0.999861 -0.016647 0.000985 0.000000 0.015856 0.930731 -0.365361 2.659600 0.005165 0.365325 0.930866 -0.000000 0.000000 0.000000 0.000000 1.000000
0.999911 -0.013307 -0.000126 -0.000000 0.012688 0.956188 -0.292478 2.659600 0.004012 0.292450 0.956272 0.000000 0.000000 0.000000 0.000000 1.000000
0.999945 -0.010447 -0.000841 0.000000 0.009974 0.973162 -0.229904 2.659600 0.003220 0.229883 0.973213 0.000000 0.000000 0.000000 0.000000 1.000000
0.999965 -0.008292 -0.001234 0.000000 0.007928 0.983189 -0.182420 2.659600 0.002726 0.182404 0.983220 -0.000000 0.000000 0.000000 0.000000 1.000000
0.999975 -0.006898 -0.001395 0.000000 0.006610 0.988625 -0.150256 2.659600 0.002415 0.150243 0.988646 0.000000 0.000000 0.000000 0.000000 1.000000
0.999981 -0.006019 -0.001339 0.000000 0.005795 0.991578 -0.129381 2.659600 0.002106 0.129371 0.991594 0.000000 0.000000 0.000000 0.000000 1.000000
0.999984 -0.005534 -0.001123 0.000000 0.005363 0.993012 -0.117891 2.659600 0.001768 0.117884 0.993026 0.000000 0.000000 0.000000 0.000000 1.000000
0.999984 -0.005521 -0.000776 0.000000 0.005397 0.993489 -0.113801 2.659600 0.001399 0.113795 0.993503 0.000000 0.000000 0.000000 0.000000 1.000000
0.999983 -0.005785 -0.000343 0.000000 0.005707 0.993337 -0.115103 2.659600 0.001007 0.115100 0.993353 0.000000 0.000000 0.000000 0.000000 1.000000
0.999981 -0.006223 0.000146 0.000000 0.006195 0.992782 -0.119774 2.659600 0.000601 0.119773 0.992801 0.000000 0.000000 0.000000 0.000000 1.000000
0.999977 -0.006730 0.000657 0.000000 0.006759 0.992034 -0.125788 2.659600 0.000195 0.125789 0.992057 0.000000 0.000000 0.000000 0.000000 1.000000
0.999973 -0.007202 0.001159 0.000000 0.007292 0.991339 -0.131123 2.659600 -0.000204 0.131128 0.991365 0.000000 0.000000 0.000000 0.000000 1.000000
0.999970 -0.007535 0.001616 -0.000000 0.007684 0.990983 -0.133766 2.659600 -0.000594 0.133775 0.991012 -0.000000 0.000000 0.000000 0.000000 1.000000
0.999969 -0.007625 0.001994 0.000000 0.007821 0.991259 -0.131702 2.659600 -0.000973 0.131713 0.991287 0.000000 0.000000 0.000000 0.000000 1.000000</float_array>
        <technique_common>
          <accessor source="#mixamorig_LeftHandIndex3-Matrix-animation-output-transform-array" count="69" stride="16">
            <param type="float4x4"/>
          </accessor>
        </technique_common>
      </source>
      <source id="mixamorig_LeftHandIndex3-Interpolations">
        <Name_array id="mixamorig_LeftHandIndex3-Interpolations-array" count="69">
 LINEAR LINEAR LINEAR LINEAR LINEAR LINEAR LINEAR LINEAR LINEAR LINEAR LINEAR
LINEAR LINEAR LINEAR LINEAR LINEAR LINEAR LINEAR LINEAR LINEAR LINEAR LINEAR LINEAR
LINEAR LINEAR LINEAR LINEAR LINEAR LINEAR LINEAR LINEAR LINEAR LINEAR LINEAR LINEAR
LINEAR LINEAR LINEAR LINEAR LINEAR LINEAR LINEAR LINEAR LINEAR LINEAR LINEAR LINEAR
LINEAR LINEAR LINEAR LINEAR LINEAR LINEAR LINEAR LINEAR LINEAR LINEAR LINEAR LINEAR
LINEAR LINEAR LINEAR LINEAR LINEAR LINEAR LINEAR LINEAR LINEAR LINEAR</Name_array>
        <technique_common>
          <accessor source="#mixamorig_LeftHandIndex3-Interpolations-array" count="69">
            <param type="name"/>
          </accessor>
        </technique_common>
      </source>
      <sampler id="mixamorig_LeftHandIndex3-Matrix-animation-transform">
        <input semantic="INPUT" source="#mixamorig_LeftHandIndex3-Matrix-animation-input"/>
        <input semantic="OUTPUT" source="#mixamorig_LeftHandIndex3-Matrix-animation-output-transform"/>
        <input semantic="INTERPOLATION" source="#mixamorig_LeftHandIndex3-Interpolations"/>
      </sampler>
      <channel source="#mixamorig_LeftHandIndex3-Matrix-animation-transform" target="mixamorig_LeftHandIndex3/matrix"/>
    </animation>
    <animation id="mixamorig_LeftHandMiddle1-anim" name="mixamorig_LeftHandMiddle1">
      <source id="mixamorig_LeftHandMiddle1-Matrix-animation-input">
        <float_array id="mixamorig_LeftHandMiddle1-Matrix-animation-input-array" count="69">

0.000000 0.033333 0.066667 0.100000 0.133333 0.166667 0.200000 0.233333 0.266667 0.300000 0.333333 0.366667 0.400000 0.433333 0.466667 0.500000
0.533333 0.566667 0.600000 0.633333 0.666667 0.700000 0.733333 0.766667 0.800000 0.833333 0.866667 0.900000 0.933333 0.966667 1.000000 1.033333
1.066667 1.100000 1.133333 1.166667 1.200000 1.233333 1.266667 1.300000 1.333333 1.366667 1.400000 1.433333 1.466667 1.500000 1.533333 1.566667
1.600000 1.633333 1.666667 1.700000 1.733333 1.766667 1.800000 1.833333 1.866667 1.900000 1.933333 1.966667 2.000000 2.033333 2.066667 2.100000
2.133333 2.166667 2.200000 2.233333 2.266667</float_array>
        <technique_common>
          <accessor source="#mixamorig_LeftHandMiddle1-Matrix-animation-input-array" count="69">
            <param name="TIME" type="float"/>
          </accessor>
        </technique_common>
      </source>
      <source id="mixamorig_LeftHandMiddle1-Matrix-animation-output-transform">
        <float_array id="mixamorig_LeftHandMiddle1-Matrix-animation-output-transform-array" count="1104">

0.996150 0.083632 0.026270 0.000000 -0.081302 0.993483 -0.079888 14.409800 -0.032780 0.077445 0.996458 0.000000 0.000000 0.000000 0.000000 1.000000
0.996765 0.075338 0.028012 0.000000 -0.072993 0.994358 -0.076966 14.409800 -0.033652 0.074672 0.996640 0.000000 0.000000 0.000000 0.000000 1.000000
0.997163 0.067037 0.034233 -0.000000 -0.064340 0.995137 -0.074580 14.409800 -0.039066 0.072166 0.996627 -0.000000 0.000000 0.000000 0.000000 1.000000
0.997353 0.058731 0.042870 0.000000 -0.055531 0.995831 -0.072371 14.409800 -0.046942 0.069798 0.996456 0.000000 0.000000 0.000000 0.000000 1.000000
0.997381 0.050421 0.051852 0.000000 -0.046732 0.996448 -0.070052 14.409800 -0.055200 0.067445 0.996195 0.000000 0.000000 0.000000 0.000000 1.000000
0.997363 0.042108 0.059106 0.000000 -0.038098 0.996998 -0.067409 14.409800 -0.061767 0.064979 0.995973 0.000000 0.000000 0.000000 0.000000 1.000000
0.997469 0.033792 0.062562 0.000000 -0.029760 0.997487 -0.064298 14.409800 -0.064577 0.062274 0.995968 0.000000 0.000000 0.000000 0.000000 1.000000
0.997864 0.025476 0.060146 0.000000 -0.021822 0.997921 -0.060645 14.409800 -0.061566 0.059202 0.996346 0.000000 0.000000 0.000000 0.000000 1.000000
0.998613 0.017160 0.049782 0.000000 -0.014341 0.998304 -0.056430 14.409800 -0.050666 0.055638 0.997165 0.000000 0.000000 0.000000 0.000000 1.000000
0.999529 0.008843 0.029383 0.000000 -0.007315 0.998636 -0.051692 14.409800 -0.029800 0.051453 0.998231 0.000000 0.000000 0.000000 0.000000 1.000000
0.999986 0.000244 -0.005380 0.000000 -0.000491 0.998945 -0.045929 14.409800 0.005363 0.045930 0.998930 -0.000000 0.000000 0.000000 0.000000 1.000000
0.997804 -0.009975 -0.065473 0.000000 0.007573 0.999293 -0.036831 14.409800 0.065794 0.036255 0.997174 0.000000 0.000000 0.000000 0.000000 1.000000
0.989445 -0.021163 -0.143355 -0.000000 0.017511 0.999490 -0.026691 14.409800 0.143847 0.023899 0.989311 -0.000000 0.000000 0.000000 0.000000 1.000000
0.973028 -0.032347 -0.228409 0.000000 0.028967 0.999416 -0.018136 14.409800 0.228862 0.011031 0.973396 0.000000 0.000000 0.000000 0.000000 1.000000
0.949727 -0.042554 -0.310175 0.000000 0.040507 0.999094 -0.013041 14.409800 0.310449 -0.000179 0.950590 -0.000000 0.000000 0.000000 0.000000 1.000000
0.923974 -0.050812 -0.379064 0.000000 0.049885 0.998680 -0.012274 14.409800 0.379188 -0.007568 0.925289 0.000000 0.000000 0.000000 0.000000 1.000000
0.902643 -0.056153 -0.426710 0.000000 0.054610 0.998382 -0.015864 14.409800 0.426911 -0.008983 0.904249 0.000000 0.000000 0.000000 0.000000 1.000000
0.893397 -0.057607 -0.445559 -0.000000 0.052565 0.998337 -0.023677 14.409800 0.446182 -0.002268 0.894939 0.000000 0.000000 0.000000 0.000000 1.000000
0.898647 -0.054786 -0.435238 -0.000000 0.042705 0.998384 -0.037500 14.409800 0.436589 0.015112 0.899534 0.000000 0.000000 0.000000 0.000000 1.000000
0.913915 -0.048426 -0.403007 0.000000 0.027095 0.997922 -0.058468 14.409800 0.405000 0.042515 0.913328 0.000000 0.000000 0.000000 0.000000 1.000000
0.935030 -0.039245 -0.352390 -0.000000 0.009330 0.996235 -0.086192 14.409800 0.354446 0.077304 0.931876 0.000000 0.000000 0.000000 0.000000 1.000000
0.957512 -0.027958 -0.287036 0.000000 -0.006954 0.992762 -0.119894 14.409800 0.288311 0.116796 0.950387 0.000000 0.000000 0.000000 0.000000 1.000000
0.977337 -0.015282 -0.211138 0.000000 -0.018678 0.987276 -0.157917 14.409800 0.210865 0.158282 0.964615 0.000000 0.000000 0.000000 0.000000 1.000000
0.991571 -0.001940 -0.129551 0.000000 -0.023904 0.979985 -0.197629 14.409800 0.127341 0.199060 0.971679 0.000000 0.000000 0.000000 0.000000 1.000000
0.998791 0.011321 -0.047833 0.000000 -0.022294 0.971605 -0.235556 14.409800 0.043808 0.236338 0.970683 -0.000000 0.000000 0.000000 0.000000 1.000000
0.999296 0.023848 0.028955 0.000000 -0.015197 0.963090 -0.268748 14.409800 -0.034295 0.268119 0.962775 0.000000 0.000000 0.000000 0.000000 1.000000
0.994885 0.034832 0.094824 0.000000 -0.005492 0.955935 -0.293528 14.409800 -0.100869 0.291506 0.951236 0.000000 0.000000 0.000000 0.000000 1.000000
0.989172 0.042921 0.140347 0.000000 0.001874 0.952509 -0.304504 14.409800 -0.146752 0.301469 0.942115 0.000000 0.000000 0.000000 0.000000 1.000000
0.983032 0.049622 0.176597 0.000000 0.007719 0.950673 -0.310098 14.409800 -0.183274 0.306199 0.934159 0.000000 0.000000 0.000000 0.000000 1.000000
0.978040 0.054200 0.201246 0.000000 0.012023 0.949312 -0.314104 14.409800 -0.208070 0.309626 0.927814 0.000000 0.000000 0.000000 0.000000 1.000000
0.973506 0.057807 0.221234 -0.000000 0.015846 0.948136 -0.317469 14.409800 -0.228112 0.312564 0.922100 0.000000 0.000000 0.000000 0.000000 1.000000
0.969636 0.060530 0.236943 0.000000 0.019128 0.947145 -0.320236 14.409800 -0.243803 0.315044 0.917228 0.000000 0.000000 0.000000 0.000000 1.000000
0.966554 0.062457 0.248742 -0.000000 0.021833 0.946334 -0.322452 14.409800 -0.255532 0.317098 0.913319 0.000000 0.000000 0.000000 0.000000 1.000000
0.964315 0.063676 0.256988 -0.000000 0.023944 0.945697 -0.324167 14.409800 -0.263674 0.318752 0.910425 0.000000 0.000000 0.000000 0.000000 1.000000
0.962919 0.064273 0.262024 0.000000 0.025463 0.945223 -0.325432 14.409800 -0.268588 0.320037 0.908536 0.000000 0.000000 0.000000 0.000000 1.000000
0.962323 0.064337 0.264187 0.000000 0.026405 0.944899 -0.326295 14.409800 -0.270623 0.320977 0.907599 -0.000000 0.000000 0.000000 0.000000 1.000000
0.962455 0.063956 0.263798 0.000000 0.026795 0.944713 -0.326801 14.409800 -0.270114 0.321600 0.907530 0.000000 0.000000 0.000000 0.000000 1.000000
0.963219 0.063216 0.261176 0.000000 0.026667 0.944650 -0.326994 14.409800 -0.267391 0.321932 0.908219 -0.000000 0.000000 0.000000 0.000000 1.000000
0.964505 0.062205 0.256635 0.000000 0.026058 0.944695 -0.326915 14.409800 -0.262777 0.321998 0.909541 0.000000 0.000000 0.000000 0.000000 1.000000
0.966196 0.061010 0.250487 0.000000 0.025010 0.944832 -0.326600 14.409800 -0.256594 0.321824 0.911367 -0.000000 0.000000 0.000000 0.000000 1.000000
0.968175 0.059718 0.243044 0.000000 0.023567 0.945046 -0.326086 14.409800 -0.249161 0.321436 0.913563 0.000000 0.000000 0.000000 0.000000 1.000000
0.970330 0.058418 0.234621 0.000000 0.021769 0.945324 -0.325407 14.409800 -0.240802 0.320859 0.916004 0.000000 0.000000 0.000000 0.000000 1.000000
0.972555 0.057196 0.225534 0.000000 0.019659 0.945649 -0.324594 14.409800 -0.231841 0.320120 0.918571 0.000000 0.000000 0.000000 0.000000 1.000000
0.974755 0.056141 0.216103 0.000000 0.017275 0.946008 -0.323682 14.409800 -0.222607 0.319244 0.921157 0.000000 0.000000 0.000000 0.000000 1.000000
0.976849 0.055338 0.206651 0.000000 0.014654 0.946388 -0.322700 14.409800 -0.213430 0.318257 0.923667 0.000000 0.000000 0.000000 0.000000 1.000000
0.978765 0.054877 0.197505 0.000000 0.011829 0.946774 -0.321681 14.409800 -0.204646 0.317186 0.926020 0.000000 0.000000 0.000000 0.000000 1.000000
0.980445 0.054844 0.188995 0.000000 0.008830 0.947153 -0.320660 14.409800 -0.196593 0.316058 0.928148 0.000000 0.000000 0.000000 0.000000 1.000000
0.981843 0.055327 0.181448 -0.000000 0.005684 0.947512 -0.319671 14.409800 -0.189611 0.314898 0.929993 0.000000 0.000000 0.000000 0.000000 1.000000
0.983035 0.056373 0.174541 -0.000000 0.002240 0.947837 -0.318749 14.409800 -0.183405 0.313732 0.931630 -0.000000 0.000000 0.000000 0.000000 1.000000
0.984633 0.057775 0.164800 -0.000000 -0.002432 0.948133 -0.317866 14.409800 -0.174617 0.312581 0.933703 0.000000 0.000000 0.000000 0.000000 1.000000
0.986552 0.059427 0.152259 -0.000000 -0.008208 0.948397 -0.316978 14.409800 -0.163240 0.311466 0.936131 -0.000000 0.000000 0.000000 0.000000 1.000000
0.988588 0.061255 0.137628 0.000000 -0.014779 0.948627 -0.316051 14.409800 -0.149917 0.310410 0.938707 0.000000 0.000000 0.000000 0.000000 1.000000
0.990563 0.063187 0.121621 0.000000 -0.021840 0.948818 -0.315067 14.409800 -0.135304 0.309437 0.941245 -0.000000 0.000000 0.000000 0.000000 1.000000
0.992340 0.065151 0.104960 -0.000000 -0.029088 0.948968 -0.314029 14.409800 -0.120062 0.308571 0.943594 -0.000000 0.000000 0.000000 0.000000 1.000000
0.993826 0.067074 0.088375 0.000000 -0.036224 0.949073 -0.312966 14.409800 -0.104866 0.307833 0.945644 0.000000 0.000000 0.000000 0.000000 1.000000
0.994980 0.068886 0.072597 -0.000000 -0.042952 0.949133 -0.311932 14.409800 -0.090392 0.307248 0.947327 -0.000000 0.000000 0.000000 0.000000 1.000000
0.995802 0.070513 0.058363 0.000000 -0.048982 0.949146 -0.311003 14.409800 -0.077324 0.306838 0.948615 0.000000 0.000000 0.000000 0.000000 1.000000
0.996333 0.071884 0.046405 0.000000 -0.054025 0.949110 -0.310275 14.409800 -0.066347 0.306630 0.949514 0.000000 0.000000 0.000000 0.000000 1.000000
0.996634 0.072927 0.037457 0.000000 -0.057800 0.949036 -0.309824 14.409800 -0.058143 0.306616 0.950056 0.000000 0.000000 0.000000 0.000000 1.000000
0.996778 0.073818 0.031394 0.000000 -0.060762 0.950323 -0.305278 14.409800 -0.052369 0.302387 0.951746 0.000000 0.000000 0.000000 0.000000 1.000000
0.996826 0.074766 0.027365 0.000000 -0.063500 0.953938 -0.293207 14.409800 -0.048026 0.290538 0.955657 0.000000 0.000000 0.000000 0.000000 1.000000
0.996812 0.075764 0.025023 -0.000000 -0.066006 0.959213 -0.274870 14.409800 -0.044827 0.272342 0.961156 0.000000 0.000000 0.000000 0.000000 1.000000
0.996764 0.076707 0.024020 -0.000000 -0.068236 0.965446 -0.251511 14.409800 -0.042483 0.249058 0.967556 -0.000000 0.000000 0.000000 0.000000 1.000000
0.996680 0.077804 0.024010 -0.000000 -0.070467 0.971943 -0.224415 14.409800 -0.040796 0.221978 0.974198 0.000000 0.000000 0.000000 0.000000 1.000000
0.996570 0.079001 0.024636 0.000000 -0.072721 0.978125 -0.194891 14.409800 -0.039494 0.192431 0.980515 0.000000 0.000000 0.000000 0.000000 1.000000
0.996448 0.080242 0.025543 -0.000000 -0.074993 0.983558 -0.164284 14.409800 -0.038306 0.161785 0.986082 -0.000000 0.000000 0.000000 0.000000 1.000000
0.996327 0.081469 0.026366 0.000000 -0.077240 0.987970 -0.133978 14.409800 -0.036964 0.131449 0.990634 0.000000 0.000000 0.000000 0.000000 1.000000
0.996222 0.082626 0.026735 0.000000 -0.079387 0.991259 -0.105376 14.409800 -0.035208 0.102856 0.994073 0.000000 0.000000 0.000000 0.000000 1.000000
0.996149 0.083654 0.026270 0.000000 -0.081323 0.993481 -0.079890 14.409800 -0.032782 0.077446 0.996457 0.000000 0.000000 0.000000 0.000000 1.000000</float_array>
        <technique_common>
          <accessor source="#mixamorig_LeftHandMiddle1-Matrix-animation-output-transform-array" count="69" stride="16">
            <param type="float4x4"/>
          </accessor>
        </technique_common>
      </source>
      <source id="mixamorig_LeftHandMiddle1-Interpolations">
        <Name_array id="mixamorig_LeftHandMiddle1-Interpolations-array" count="69">
 LINEAR LINEAR LINEAR LINEAR LINEAR LINEAR LINEAR LINEAR LINEAR LINEAR LINEAR
LINEAR LINEAR LINEAR LINEAR LINEAR LINEAR LINEAR LINEAR LINEAR LINEAR LINEAR LINEAR
LINEAR LINEAR LINEAR LINEAR LINEAR LINEAR LINEAR LINEAR LINEAR LINEAR LINEAR LINEAR
LINEAR LINEAR LINEAR LINEAR LINEAR LINEAR LINEAR LINEAR LINEAR LINEAR LINEAR LINEAR
LINEAR LINEAR LINEAR LINEAR LINEAR LINEAR LINEAR LINEAR LINEAR LINEAR LINEAR LINEAR
LINEAR LINEAR LINEAR LINEAR LINEAR LINEAR LINEAR LINEAR LINEAR LINEAR</Name_array>
        <technique_common>
          <accessor source="#mixamorig_LeftHandMiddle1-Interpolations-array" count="69">
            <param type="name"/>
          </accessor>
        </technique_common>
      </source>
      <sampler id="mixamorig_LeftHandMiddle1-Matrix-animation-transform">
        <input semantic="INPUT" source="#mixamorig_LeftHandMiddle1-Matrix-animation-input"/>
        <input semantic="OUTPUT" source="#mixamorig_LeftHandMiddle1-Matrix-animation-output-transform"/>
        <input semantic="INTERPOLATION" source="#mixamorig_LeftHandMiddle1-Interpolations"/>
      </sampler>
      <channel source="#mixamorig_LeftHandMiddle1-Matrix-animation-transform" target="mixamorig_LeftHandMiddle1/matrix"/>
    </animation>
    <animation id="mixamorig_LeftHandMiddle2-anim" name="mixamorig_LeftHandMiddle2">
      <source id="mixamorig_LeftHandMiddle2-Matrix-animation-input">
        <float_array id="mixamorig_LeftHandMiddle2-Matrix-animation-input-array" count="69">

0.000000 0.033333 0.066667 0.100000 0.133333 0.166667 0.200000 0.233333 0.266667 0.300000 0.333333 0.366667 0.400000 0.433333 0.466667 0.500000
0.533333 0.566667 0.600000 0.633333 0.666667 0.700000 0.733333 0.766667 0.800000 0.833333 0.866667 0.900000 0.933333 0.966667 1.000000 1.033333
1.066667 1.100000 1.133333 1.166667 1.200000 1.233333 1.266667 1.300000 1.333333 1.366667 1.400000 1.433333 1.466667 1.500000 1.533333 1.566667
1.600000 1.633333 1.666667 1.700000 1.733333 1.766667 1.800000 1.833333 1.866667 1.900000 1.933333 1.966667 2.000000 2.033333 2.066667 2.100000
2.133333 2.166667 2.200000 2.233333 2.266667</float_array>
        <technique_common>
          <accessor source="#mixamorig_LeftHandMiddle2-Matrix-animation-input-array" count="69">
            <param name="TIME" type="float"/>
          </accessor>
        </technique_common>
      </source>
      <source id="mixamorig_LeftHandMiddle2-Matrix-animation-output-transform">
        <float_array id="mixamorig_LeftHandMiddle2-Matrix-animation-output-transform-array" count="1104">

0.999810 -0.015303 0.012067 0.000000 0.017623 0.974272 -0.224685 3.259100 -0.008318 0.224855 0.974357 0.000000 0.000000 0.000000 0.000000 1.000000
0.999830 -0.014864 0.010874 0.000000 0.016926 0.974340 -0.224442 3.259100 -0.007258 0.224588 0.974427 0.000000 0.000000 0.000000 0.000000 1.000000
0.999851 -0.014344 0.009561 -0.000000 0.016117 0.974633 -0.223228 3.259100 -0.006116 0.223349 0.974719 0.000000 0.000000 0.000000 0.000000 1.000000
0.999872 -0.013780 0.008184 0.000000 0.015250 0.975044 -0.221489 3.259100 -0.004928 0.221585 0.975129 0.000000 0.000000 0.000000 0.000000 1.000000
0.999890 -0.013210 0.006799 0.000000 0.014381 0.975468 -0.219672 3.259100 -0.003730 0.219745 0.975550 0.000000 0.000000 0.000000 0.000000 1.000000
0.999905 -0.012670 0.005459 0.000000 0.013557 0.975804 -0.218227 3.259100 -0.002562 0.218280 0.975883 0.000000 0.000000 0.000000 0.000000 1.000000
0.999917 -0.012201 0.004220 0.000000 0.012827 0.975953 -0.217603 3.259100 -0.001464 0.217639 0.976028 0.000000 0.000000 0.000000 0.000000 1.000000
0.999925 -0.011838 0.003137 0.000000 0.012238 0.975817 -0.218248 3.259100 -0.000477 0.218270 0.975888 0.000000 0.000000 0.000000 0.000000 1.000000
0.999930 -0.011620 0.002264 0.000000 0.011833 0.975290 -0.220612 3.259100 0.000356 0.220624 0.975359 0.000000 0.000000 0.000000 0.000000 1.000000
0.999932 -0.011585 0.001657 0.000000 0.011660 0.974256 -0.225142 3.259100 0.000993 0.225146 0.974325 0.000000 0.000000 0.000000 0.000000 1.000000
0.999929 -0.011837 0.001382 -0.000000 0.011835 0.972640 -0.232018 3.259100 0.001402 0.232018 0.972711 0.000000 0.000000 0.000000 0.000000 1.000000
0.999924 -0.012258 0.001487 0.000000 0.012256 0.970664 -0.240128 3.259100 0.001500 0.240128 0.970740 0.000000 0.000000 0.000000 0.000000 1.000000
0.999917 -0.012756 0.001905 0.000000 0.012828 0.968260 -0.249615 3.259100 0.001340 0.249618 0.968343 0.000000 0.000000 0.000000 0.000000 1.000000
0.999908 -0.013344 0.002551 0.000000 0.013547 0.965281 -0.260861 3.259100 0.001018 0.260871 0.965373 -0.000000 0.000000 0.000000 0.000000 1.000000
0.999896 -0.014044 0.003344 0.000000 0.014423 0.961553 -0.274242 3.259100 0.000636 0.274261 0.961655 0.000000 0.000000 0.000000 0.000000 1.000000
0.999881 -0.014872 0.004206 0.000000 0.015452 0.956865 -0.290122 3.259100 0.000290 0.290152 0.956980 0.000000 0.000000 0.000000 0.000000 1.000000
0.999862 -0.015845 0.005060 0.000000 0.016633 0.950965 -0.308852 3.259100 0.000082 0.308893 0.951097 0.000000 0.000000 0.000000 0.000000 1.000000
0.999839 -0.016975 0.005829 0.000000 0.017948 0.943547 -0.330753 3.259100 0.000115 0.330804 0.943699 0.000000 0.000000 0.000000 0.000000 1.000000
0.999810 -0.018362 0.006565 0.000000 0.019496 0.933724 -0.357463 3.259100 0.000434 0.357523 0.933904 0.000000 0.000000 0.000000 0.000000 1.000000
0.999772 -0.020009 0.007449 -0.000000 0.021330 0.920861 -0.389307 3.259100 0.000930 0.389377 0.921078 0.000000 0.000000 0.000000 0.000000 1.000000
0.999729 -0.021673 0.008469 0.000000 0.023218 0.905064 -0.424641 3.259100 0.001538 0.424723 0.905322 0.000000 0.000000 0.000000 0.000000 1.000000
0.999680 -0.023394 0.009647 0.000000 0.025205 0.886606 -0.461839 3.259100 0.002251 0.461934 0.886911 0.000000 0.000000 0.000000 0.000000 1.000000
0.999625 -0.025098 0.010954 0.000000 0.027215 0.865973 -0.499350 3.259100 0.003047 0.499461 0.866331 0.000000 0.000000 0.000000 0.000000 1.000000
0.999567 -0.026721 0.012344 0.000000 0.029175 0.843883 -0.535733 3.259100 0.003898 0.535861 0.844297 -0.000000 0.000000 0.000000 0.000000 1.000000
0.999507 -0.028238 0.013703 -0.000000 0.031014 0.821339 -0.569596 3.259100 0.004829 0.569741 0.821810 0.000000 0.000000 0.000000 0.000000 1.000000
0.999449 -0.029634 0.014968 -0.000000 0.032686 0.799307 -0.600033 3.259100 0.005818 0.600191 0.799835 0.000000 0.000000 0.000000 0.000000 1.000000
0.999396 -0.030834 0.016040 0.000000 0.034086 0.779262 -0.625771 3.259100 0.006796 0.625939 0.779842 -0.000000 0.000000 0.000000 0.000000 1.000000
0.999354 -0.031735 0.016848 0.000000 0.035119 0.763673 -0.644648 3.259100 0.007592 0.644823 0.764294 0.000000 0.000000 0.000000 0.000000 1.000000
0.999318 -0.032490 0.017561 0.000000 0.035989 0.749905 -0.660566 3.259100 0.008293 0.660748 0.750562 0.000000 0.000000 0.000000 0.000000 1.000000
0.999288 -0.033087 0.018155 0.000000 0.036683 0.738433 -0.673329 3.259100 0.008872 0.673515 0.739120 0.000000 0.000000 0.000000 0.000000 1.000000
0.999260 -0.033618 0.018712 0.000000 0.037306 0.727641 -0.684943 3.259100 0.009411 0.685134 0.728357 0.000000 0.000000 0.000000 0.000000 1.000000
0.999233 -0.034102 0.019227 0.000000 0.037872 0.717635 -0.695388 3.259100 0.009916 0.695583 0.718377 0.000000 0.000000 0.000000 0.000000 1.000000
0.999209 -0.034556 0.019694 0.000000 0.038392 0.708522 -0.704643 3.259100 0.010396 0.704842 0.709288 -0.000000 0.000000 0.000000 0.000000 1.000000
0.999187 -0.034954 0.020111 0.000000 0.038846 0.700404 -0.712689 3.259100 0.010825 0.712890 0.701192 0.000000 0.000000 0.000000 0.000000 1.000000
0.999167 -0.035290 0.020468 -0.000000 0.039229 0.693380 -0.719504 3.259100 0.011199 0.719708 0.694187 0.000000 0.000000 0.000000 0.000000 1.000000
0.999152 -0.035568 0.020760 0.000000 0.039540 0.687545 -0.725064 3.259100 0.011516 0.725270 0.688368 -0.000000 0.000000 0.000000 0.000000 1.000000
0.999142 -0.035718 0.020964 0.000000 0.039719 0.682993 -0.729344 3.259100 0.011733 0.729551 0.683826 0.000000 0.000000 0.000000 0.000000 1.000000
0.999135 -0.035816 0.021112 0.000000 0.039843 0.679805 -0.732310 3.259100 0.011877 0.732518 0.680645 0.000000 0.000000 0.000000 0.000000 1.000000
0.999132 -0.035873 0.021190 0.000000 0.039910 0.678063 -0.733919 3.259100 0.011960 0.734127 0.678906 -0.000000 0.000000 0.000000 0.000000 1.000000
0.999131 -0.035887 0.021197 0.000000 0.039921 0.677837 -0.734127 3.259100 0.011978 0.734336 0.678681 0.000000 0.000000 0.000000 0.000000 1.000000
0.999134 -0.035858 0.021128 0.000000 0.039873 0.679190 -0.732878 3.259100 0.011929 0.733086 0.680032 0.000000 0.000000 0.000000 0.000000 1.000000
0.999139 -0.035769 0.021000 0.000000 0.039767 0.682178 -0.730104 3.259100 0.011789 0.730311 0.683013 0.000000 0.000000 0.000000 0.000000 1.000000
0.999153 -0.035529 0.020755 0.000000 0.039499 0.686840 -0.725734 3.259100 0.011529 0.725939 0.687662 0.000000 0.000000 0.000000 0.000000 1.000000
0.999171 -0.035225 0.020418 0.000000 0.039145 0.693209 -0.719673 3.259100 0.011196 0.719875 0.694013 -0.000000 0.000000 0.000000 0.000000 1.000000
0.999194 -0.034818 0.019997 0.000000 0.038683 0.701300 -0.711816 3.259100 0.010760 0.712016 0.702081 0.000000 0.000000 0.000000 0.000000 1.000000
0.999221 -0.034317 0.019487 0.000000 0.038114 0.711112 -0.702045 3.259100 0.010235 0.702241 0.711866 0.000000 0.000000 0.000000 0.000000 1.000000
0.999253 -0.033712 0.018890 -0.000000 0.037427 0.722625 -0.690226 3.259100 0.009618 0.690417 0.723347 0.000000 0.000000 0.000000 0.000000 1.000000
0.999290 -0.032995 0.018210 -0.000000 0.036617 0.735801 -0.676207 3.259100 0.008913 0.676394 0.736486 -0.000000 0.000000 0.000000 0.000000 1.000000
0.999333 -0.032113 0.017409 0.000000 0.035623 0.751355 -0.658935 3.259100 0.008080 0.659116 0.751998 0.000000 0.000000 0.000000 0.000000 1.000000
0.999392 -0.030811 0.016296 0.000000 0.034162 0.773068 -0.633402 3.259100 0.006918 0.633574 0.773651 0.000000 0.000000 0.000000 0.000000 1.000000
0.999465 -0.029102 0.014946 0.000000 0.032248 0.799459 -0.599854 3.259100 0.005508 0.600015 0.799970 0.000000 0.000000 0.000000 0.000000 1.000000
0.999543 -0.027052 0.013478 0.000000 0.029961 0.828212 -0.559613 3.259100 0.003976 0.559761 0.828644 0.000000 0.000000 0.000000 0.000000 1.000000
0.999621 -0.024761 0.011998 0.000000 0.027405 0.857203 -0.514249 3.259100 0.002448 0.514383 0.857557 0.000000 0.000000 0.000000 0.000000 1.000000
0.999694 -0.022329 0.010600 0.000000 0.024696 0.884637 -0.465626 3.259100 0.001020 0.465746 0.884918 0.000000 0.000000 0.000000 0.000000 1.000000
0.999759 -0.019843 0.009352 0.000000 0.021935 0.909141 -0.415911 3.259100 -0.000249 0.416016 0.909357 0.000000 0.000000 0.000000 0.000000 1.000000
0.999814 -0.017425 0.008308 -0.000000 0.019259 0.929820 -0.367511 3.259100 -0.001321 0.367602 0.929982 0.000000 0.000000 0.000000 0.000000 1.000000
0.999856 -0.015209 0.007523 -0.000000 0.016824 0.946251 -0.322994 3.259100 -0.002206 0.323074 0.946371 -0.000000 0.000000 0.000000 0.000000 1.000000
0.999887 -0.013334 0.006957 0.000000 0.014764 0.958410 -0.285013 3.259100 -0.002867 0.285084 0.958498 0.000000 0.000000 0.000000 0.000000 1.000000
0.999907 -0.011931 0.006598 0.000000 0.013224 0.966528 -0.256219 3.259100 -0.003320 0.256282 0.966596 0.000000 0.000000 0.000000 0.000000 1.000000
0.999918 -0.011041 0.006465 0.000000 0.012258 0.971511 -0.236679 3.259100 -0.003668 0.236738 0.971566 -0.000000 0.000000 0.000000 0.000000 1.000000
0.999921 -0.010657 0.006622 0.000000 0.011870 0.974524 -0.223968 3.259100 -0.004067 0.224029 0.974574 0.000000 0.000000 0.000000 0.000000 1.000000
0.999918 -0.010701 0.007015 -0.000000 0.011968 0.976113 -0.216932 3.259100 -0.004526 0.216998 0.976161 0.000000 0.000000 0.000000 0.000000 1.000000
0.999910 -0.011082 0.007590 0.000000 0.012452 0.976672 -0.214373 3.259100 -0.005038 0.214448 0.976722 0.000000 0.000000 0.000000 0.000000 1.000000
0.999897 -0.011709 0.008295 0.000000 0.013219 0.976508 -0.215077 3.259100 -0.005582 0.215165 0.976562 -0.000000 0.000000 0.000000 0.000000 1.000000
0.999881 -0.012489 0.009082 -0.000000 0.014168 0.975887 -0.217818 3.259100 -0.006143 0.217921 0.975947 0.000000 0.000000 0.000000 0.000000 1.000000
0.999862 -0.013331 0.009903 0.000000 0.015193 0.975072 -0.221370 3.259100 -0.006705 0.221490 0.975140 0.000000 0.000000 0.000000 0.000000 1.000000
0.999843 -0.014142 0.010706 0.000000 0.016185 0.974337 -0.224512 3.259100 -0.007257 0.224650 0.974413 0.000000 0.000000 0.000000 0.000000 1.000000
0.999825 -0.014829 0.011444 0.000000 0.017033 0.973973 -0.226022 3.259100 -0.007795 0.226177 0.974055 -0.000000 0.000000 0.000000 0.000000 1.000000
0.999810 -0.015303 0.012067 -0.000000 0.017624 0.974272 -0.224685 3.259100 -0.008319 0.224855 0.974357 0.000000 0.000000 0.000000 0.000000 1.000000</float_array>
        <technique_common>
          <accessor source="#mixamorig_LeftHandMiddle2-Matrix-animation-output-transform-array" count="69" stride="16">
            <param type="float4x4"/>
          </accessor>
        </technique_common>
      </source>
      <source id="mixamorig_LeftHandMiddle2-Interpolations">
        <Name_array id="mixamorig_LeftHandMiddle2-Interpolations-array" count="69">
 LINEAR LINEAR LINEAR LINEAR LINEAR LINEAR LINEAR LINEAR LINEAR LINEAR LINEAR
LINEAR LINEAR LINEAR LINEAR LINEAR LINEAR LINEAR LINEAR LINEAR LINEAR LINEAR LINEAR
LINEAR LINEAR LINEAR LINEAR LINEAR LINEAR LINEAR LINEAR LINEAR LINEAR LINEAR LINEAR
LINEAR LINEAR LINEAR LINEAR LINEAR LINEAR LINEAR LINEAR LINEAR LINEAR LINEAR LINEAR
LINEAR LINEAR LINEAR LINEAR LINEAR LINEAR LINEAR LINEAR LINEAR LINEAR LINEAR LINEAR
LINEAR LINEAR LINEAR LINEAR LINEAR LINEAR LINEAR LINEAR LINEAR LINEAR</Name_array>
        <technique_common>
          <accessor source="#mixamorig_LeftHandMiddle2-Interpolations-array" count="69">
            <param type="name"/>
          </accessor>
        </technique_common>
      </source>
      <sampler id="mixamorig_LeftHandMiddle2-Matrix-animation-transform">
        <input semantic="INPUT" source="#mixamorig_LeftHandMiddle2-Matrix-animation-input"/>
        <input semantic="OUTPUT" source="#mixamorig_LeftHandMiddle2-Matrix-animation-output-transform"/>
        <input semantic="INTERPOLATION" source="#mixamorig_LeftHandMiddle2-Interpolations"/>
      </sampler>
      <channel source="#mixamorig_LeftHandMiddle2-Matrix-animation-transform" target="mixamorig_LeftHandMiddle2/matrix"/>
    </animation>
    <animation id="mixamorig_LeftHandMiddle3-anim" name="mixamorig_LeftHandMiddle3">
      <source id="mixamorig_LeftHandMiddle3-Matrix-animation-input">
        <float_array id="mixamorig_LeftHandMiddle3-Matrix-animation-input-array" count="69">

0.000000 0.033333 0.066667 0.100000 0.133333 0.166667 0.200000 0.233333 0.266667 0.300000 0.333333 0.366667 0.400000 0.433333 0.466667 0.500000
0.533333 0.566667 0.600000 0.633333 0.666667 0.700000 0.733333 0.766667 0.800000 0.833333 0.866667 0.900000 0.933333 0.966667 1.000000 1.033333
1.066667 1.100000 1.133333 1.166667 1.200000 1.233333 1.266667 1.300000 1.333333 1.366667 1.400000 1.433333 1.466667 1.500000 1.533333 1.566667
1.600000 1.633333 1.666667 1.700000 1.733333 1.766667 1.800000 1.833333 1.866667 1.900000 1.933333 1.966667 2.000000 2.033333 2.066667 2.100000
2.133333 2.166667 2.200000 2.233333 2.266667</float_array>
        <technique_common>
          <accessor source="#mixamorig_LeftHandMiddle3-Matrix-animation-input-array" count="69">
            <param name="TIME" type="float"/>
          </accessor>
        </technique_common>
      </source>
      <source id="mixamorig_LeftHandMiddle3-Matrix-animation-output-transform">
        <float_array id="mixamorig_LeftHandMiddle3-Matrix-animation-output-transform-array" count="1104">

0.999664 -0.019399 0.017210 0.000000 0.023500 0.958287 -0.284840 2.639900 -0.010967 0.285149 0.958420 0.000000 0.000000 0.000000 0.000000 1.000000
0.999703 -0.018741 0.015554 -0.000000 0.022376 0.958910 -0.282825 2.639900 -0.009615 0.283089 0.959045 0.000000 0.000000 0.000000 0.000000 1.000000
0.999739 -0.018187 0.013807 -0.000000 0.021361 0.958579 -0.284024 2.639900 -0.008070 0.284245 0.958718 0.000000 0.000000 0.000000 0.000000 1.000000
0.999771 -0.017691 0.012011 0.000000 0.020395 0.957728 -0.286951 2.639900 -0.006427 0.287130 0.957870 0.000000 0.000000 0.000000 0.000000 1.000000
0.999800 -0.017203 0.010210 -0.000000 0.019425 0.956793 -0.290119 2.639900 -0.004778 0.290259 0.956936 0.000000 0.000000 0.000000 0.000000 1.000000
0.999825 -0.016674 0.008441 -0.000000 0.018413 0.956227 -0.292048 2.639900 -0.003202 0.292152 0.956367 0.000000 0.000000 0.000000 0.000000 1.000000
0.999848 -0.016056 0.006750 0.000000 0.017326 0.956488 -0.291257 2.639900 -0.001780 0.291330 0.956621 0.000000 0.000000 0.000000 0.000000 1.000000
0.999870 -0.015300 0.005176 0.000000 0.016142 0.958015 -0.286262 2.639900 -0.000579 0.286309 0.958137 0.000000 0.000000 0.000000 0.000000 1.000000
0.999890 -0.014357 0.003766 0.000000 0.014839 0.961171 -0.275555 2.639900 0.000337 0.275581 0.961278 0.000000 0.000000 0.000000 0.000000 1.000000
0.999910 -0.013174 0.002574 0.000000 0.013393 0.966163 -0.257585 2.639900 0.000907 0.257597 0.966252 0.000000 0.000000 0.000000 0.000000 1.000000
0.999931 -0.011623 0.001651 0.000000 0.011693 0.973458 -0.228568 2.639900 0.001050 0.228572 0.973526 -0.000000 0.000000 0.000000 0.000000 1.000000
0.999958 -0.009149 0.001013 0.000000 0.009184 0.984060 -0.177602 2.639900 0.000628 0.177604 0.984102 0.000000 0.000000 0.000000 0.000000 1.000000
0.999981 -0.006072 0.000782 0.000000 0.006122 0.993830 -0.110743 2.639900 -0.000105 0.110745 0.993849 0.000000 0.000000 0.000000 0.000000 1.000000
0.999996 -0.002761 0.001027 -0.000000 0.002797 0.999305 -0.037174 2.639900 -0.000924 0.037176 0.999308 0.000000 0.000000 0.000000 0.000000 1.000000
0.999998 0.000370 0.001697 0.000000 -0.000427 0.999439 0.033499 2.639900 -0.001684 -0.033499 0.999437 0.000000 0.000000 0.000000 0.000000 1.000000
0.999992 0.002908 0.002604 0.000000 -0.003134 0.995786 0.091653 2.639900 -0.002326 -0.091661 0.995788 0.000000 0.000000 0.000000 0.000000 1.000000
0.999984 0.004454 0.003468 0.000000 -0.004862 0.991763 0.127995 2.639900 -0.002869 -0.128010 0.991769 0.000000 0.000000 0.000000 0.000000 1.000000
0.999981 0.004650 0.003998 0.000000 -0.005143 0.991036 0.133496 2.639900 -0.003342 -0.133514 0.991041 0.000000 0.000000 0.000000 0.000000 1.000000
0.999986 0.003310 0.004227 0.000000 -0.003739 0.994377 0.105831 2.639900 -0.003853 -0.105846 0.994375 0.000000 0.000000 0.000000 0.000000 1.000000
0.999990 0.000816 0.004445 0.000000 -0.001047 0.998636 0.052193 2.639900 -0.004397 -0.052197 0.998627 0.000000 0.000000 0.000000 0.000000 1.000000
0.999985 -0.002618 0.004844 -0.000000 0.002724 0.999754 -0.022031 2.639900 -0.004785 0.022044 0.999746 0.000000 0.000000 0.000000 0.000000 1.000000
0.999962 -0.006728 0.005605 0.000000 0.007308 0.993795 -0.110985 2.639900 -0.004824 0.111022 0.993806 0.000000 0.000000 0.000000 0.000000 1.000000
0.999914 -0.011221 0.006853 0.000000 0.012403 0.977990 -0.208281 2.639900 -0.004365 0.208348 0.978045 -0.000000 0.000000 0.000000 0.000000 1.000000
0.999838 -0.015794 0.008614 -0.000000 0.017677 0.951456 -0.307278 2.639900 -0.003342 0.307380 0.951581 -0.000000 0.000000 0.000000 0.000000 1.000000
0.999739 -0.020146 0.010797 0.000000 0.022786 0.915627 -0.401383 2.639900 -0.001799 0.401525 0.915846 -0.000000 0.000000 0.000000 0.000000 1.000000
0.999623 -0.024053 0.013226 -0.000000 0.027449 0.873744 -0.485611 2.639900 0.000125 0.485791 0.874075 -0.000000 0.000000 0.000000 0.000000 1.000000
0.999506 -0.027296 0.015597 0.000000 0.031362 0.831309 -0.554924 2.639900 0.002181 0.555139 0.831755 0.000000 0.000000 0.000000 0.000000 1.000000
0.999412 -0.029571 0.017365 0.000000 0.034064 0.797673 -0.602127 2.639900 0.003954 0.602365 0.798211 0.000000 0.000000 0.000000 0.000000 1.000000
0.999329 -0.031388 0.018870 0.000000 0.036197 0.768058 -0.639357 2.639900 0.005575 0.639611 0.768678 -0.000000 0.000000 0.000000 0.000000 1.000000
0.999266 -0.032652 0.020019 0.000000 0.037690 0.745418 -0.665531 2.639900 0.006808 0.665797 0.746102 0.000000 0.000000 0.000000 0.000000 1.000000
0.999211 -0.033694 0.021041 0.000000 0.038931 0.725330 -0.687299 2.639900 0.007897 0.687576 0.726069 0.000000 0.000000 0.000000 0.000000 1.000000
0.999163 -0.034544 0.021923 0.000000 0.039947 0.707965 -0.705117 2.639900 0.008837 0.705402 0.708753 0.000000 0.000000 0.000000 0.000000 1.000000
0.999121 -0.035252 0.022662 0.000000 0.040782 0.693412 -0.719386 2.639900 0.009646 0.719678 0.694241 -0.000000 0.000000 0.000000 0.000000 1.000000
0.999088 -0.035806 0.023257 -0.000000 0.041435 0.681690 -0.730466 2.639900 0.010301 0.730764 0.682552 -0.000000 0.000000 0.000000 0.000000 1.000000
0.999063 -0.036214 0.023711 0.000000 0.041917 0.672765 -0.738668 2.639900 0.010798 0.738970 0.673652 0.000000 0.000000 0.000000 0.000000 1.000000
0.999047 -0.036457 0.023990 0.000000 0.042196 0.666552 -0.744264 2.639900 0.011143 0.744567 0.667455 -0.000000 0.000000 0.000000 0.000000 1.000000
0.999040 -0.036550 0.024147 0.000000 0.042320 0.662932 -0.747483 2.639900 0.011312 0.747787 0.663842 0.000000 0.000000 0.000000 0.000000 1.000000
0.999038 -0.036584 0.024195 0.000000 0.042361 0.661754 -0.748523 2.639900 0.011373 0.748828 0.662667 0.000000 0.000000 0.000000 0.000000 1.000000
0.999040 -0.036564 0.024137 -0.000000 0.042321 0.662846 -0.747558 2.639900 0.011334 0.747862 0.663757 0.000000 0.000000 0.000000 0.000000 1.000000
0.999047 -0.036447 0.024026 0.000000 0.042208 0.666016 -0.744742 2.639900 0.011142 0.745046 0.666919 0.000000 0.000000 0.000000 0.000000 1.000000
0.999060 -0.036239 0.023800 0.000000 0.041975 0.671058 -0.740216 2.639900 0.010853 0.740519 0.671948 -0.000000 0.000000 0.000000 0.000000 1.000000
0.999079 -0.035927 0.023449 0.000000 0.041602 0.677757 -0.734108 2.639900 0.010482 0.734408 0.678628 -0.000000 0.000000 0.000000 0.000000 1.000000
0.999103 -0.035535 0.023028 0.000000 0.041141 0.685892 -0.726539 2.639900 0.010023 0.726835 0.686739 0.000000 0.000000 0.000000 0.000000 1.000000
0.999130 -0.035076 0.022544 0.000000 0.040600 0.695239 -0.717631 2.639900 0.009498 0.717923 0.696058 -0.000000 0.000000 0.000000 0.000000 1.000000
0.999160 -0.034556 0.022008 0.000000 0.039986 0.705574 -0.707508 2.639900 0.008920 0.707794 0.706363 -0.000000 0.000000 0.000000 0.000000 1.000000
0.999193 -0.033980 0.021432 -0.000000 0.039308 0.716675 -0.696298 2.639900 0.008301 0.696579 0.717432 -0.000000 0.000000 0.000000 0.000000 1.000000
0.999226 -0.033357 0.020827 -0.000000 0.038573 0.728330 -0.684140 2.639900 0.007652 0.684415 0.729053 0.000000 0.000000 0.000000 0.000000 1.000000
0.999261 -0.032693 0.020205 0.000000 0.037793 0.740329 -0.671182 2.639900 0.006985 0.671450 0.741017 0.000000 0.000000 0.000000 0.000000 1.000000
0.999299 -0.031947 0.019531 0.000000 0.036917 0.753352 -0.656580 2.639900 0.006262 0.656841 0.754003 -0.000000 0.000000 0.000000 0.000000 1.000000
0.999352 -0.030837 0.018581 0.000000 0.035620 0.771809 -0.634856 2.639900 0.005236 0.635106 0.772407 0.000000 0.000000 0.000000 0.000000 1.000000
0.999417 -0.029371 0.017409 0.000000 0.033911 0.794662 -0.606104 2.639900 0.003968 0.606341 0.795195 -0.000000 0.000000 0.000000 0.000000 1.000000
0.999489 -0.027609 0.016114 0.000000 0.031864 0.819951 -0.571546 2.639900 0.002567 0.571767 0.820412 0.000000 0.000000 0.000000 0.000000 1.000000
0.999562 -0.025623 0.014790 0.000000 0.029563 0.845862 -0.532581 2.639900 0.001136 0.532785 0.846250 0.000000 0.000000 0.000000 0.000000 1.000000
0.999632 -0.023507 0.013515 0.000000 0.027114 0.870828 -0.490840 2.639900 -0.000231 0.491026 0.871145 0.000000 0.000000 0.000000 0.000000 1.000000
0.999695 -0.021390 0.012354 0.000000 0.024658 0.893604 -0.448178 2.639900 -0.001453 0.448346 0.893859 0.000000 0.000000 0.000000 0.000000 1.000000
0.999749 -0.019334 0.011352 0.000000 0.022280 0.913308 -0.406659 2.639900 -0.002505 0.406810 0.913509 0.000000 0.000000 0.000000 0.000000 1.000000
0.999792 -0.017450 0.010588 0.000000 0.020124 0.929415 -0.368487 2.639900 -0.003410 0.368623 0.929573 0.000000 0.000000 0.000000 0.000000 1.000000
0.999824 -0.015865 0.010033 -0.000000 0.018314 0.941702 -0.335949 2.639900 -0.004118 0.336073 0.941827 0.000000 0.000000 0.000000 0.000000 1.000000
0.999845 -0.014687 0.009677 0.000000 0.016971 0.950144 -0.311350 2.639900 -0.004622 0.311466 0.950246 0.000000 0.000000 0.000000 0.000000 1.000000
0.999857 -0.013970 0.009575 0.000000 0.016171 0.955449 -0.294714 2.639900 -0.005031 0.294827 0.955537 0.000000 0.000000 0.000000 0.000000 1.000000
0.999857 -0.013739 0.009830 0.000000 0.015965 0.958720 -0.283904 2.639900 -0.005523 0.284021 0.958802 0.000000 0.000000 0.000000 0.000000 1.000000
0.999849 -0.013924 0.010383 0.000000 0.016262 0.960461 -0.277938 2.639900 -0.006103 0.278065 0.960543 0.000000 0.000000 0.000000 0.000000 1.000000
0.999833 -0.014438 0.011169 0.000000 0.016960 0.961066 -0.275797 2.639900 -0.006752 0.275940 0.961151 0.000000 0.000000 0.000000 0.000000 1.000000
0.999811 -0.015190 0.012124 -0.000000 0.017950 0.960864 -0.276440 2.639900 -0.007450 0.276605 0.960955 0.000000 0.000000 0.000000 0.000000 1.000000
0.999784 -0.016092 0.013183 0.000000 0.019130 0.960152 -0.278821 2.639900 -0.008171 0.279013 0.960253 -0.000000 0.000000 0.000000 0.000000 1.000000
0.999753 -0.017053 0.014284 -0.000000 0.020390 0.959229 -0.281895 2.639900 -0.008895 0.282116 0.959339 0.000000 0.000000 0.000000 0.000000 1.000000
0.999720 -0.017984 0.015365 0.000000 0.021615 0.958398 -0.284616 2.639900 -0.009607 0.284868 0.958519 0.000000 0.000000 0.000000 0.000000 1.000000
0.999689 -0.018796 0.016362 0.000000 0.022691 0.957978 -0.285944 2.639900 -0.010300 0.286226 0.958107 0.000000 0.000000 0.000000 0.000000 1.000000
0.999664 -0.019399 0.017210 0.000000 0.023500 0.958287 -0.284840 2.639900 -0.010967 0.285149 0.958420 0.000000 0.000000 0.000000 0.000000 1.000000</float_array>
        <technique_common>
          <accessor source="#mixamorig_LeftHandMiddle3-Matrix-animation-output-transform-array" count="69" stride="16">
            <param type="float4x4"/>
          </accessor>
        </technique_common>
      </source>
      <source id="mixamorig_LeftHandMiddle3-Interpolations">
        <Name_array id="mixamorig_LeftHandMiddle3-Interpolations-array" count="69">
 LINEAR LINEAR LINEAR LINEAR LINEAR LINEAR LINEAR LINEAR LINEAR LINEAR LINEAR
LINEAR LINEAR LINEAR LINEAR LINEAR LINEAR LINEAR LINEAR LINEAR LINEAR LINEAR LINEAR
LINEAR LINEAR LINEAR LINEAR LINEAR LINEAR LINEAR LINEAR LINEAR LINEAR LINEAR LINEAR
LINEAR LINEAR LINEAR LINEAR LINEAR LINEAR LINEAR LINEAR LINEAR LINEAR LINEAR LINEAR
LINEAR LINEAR LINEAR LINEAR LINEAR LINEAR LINEAR LINEAR LINEAR LINEAR LINEAR LINEAR
LINEAR LINEAR LINEAR LINEAR LINEAR LINEAR LINEAR LINEAR LINEAR LINEAR</Name_array>
        <technique_common>
          <accessor source="#mixamorig_LeftHandMiddle3-Interpolations-array" count="69">
            <param type="name"/>
          </accessor>
        </technique_common>
      </source>
      <sampler id="mixamorig_LeftHandMiddle3-Matrix-animation-transform">
        <input semantic="INPUT" source="#mixamorig_LeftHandMiddle3-Matrix-animation-input"/>
        <input semantic="OUTPUT" source="#mixamorig_LeftHandMiddle3-Matrix-animation-output-transform"/>
        <input semantic="INTERPOLATION" source="#mixamorig_LeftHandMiddle3-Interpolations"/>
      </sampler>
      <channel source="#mixamorig_LeftHandMiddle3-Matrix-animation-transform" target="mixamorig_LeftHandMiddle3/matrix"/>
    </animation>
    <animation id="mixamorig_LeftHandRing1-anim" name="mixamorig_LeftHandRing1">
      <source id="mixamorig_LeftHandRing1-Matrix-animation-input">
        <float_array id="mixamorig_LeftHandRing1-Matrix-animation-input-array" count="69">

0.000000 0.033333 0.066667 0.100000 0.133333 0.166667 0.200000 0.233333 0.266667 0.300000 0.333333 0.366667 0.400000 0.433333 0.466667 0.500000
0.533333 0.566667 0.600000 0.633333 0.666667 0.700000 0.733333 0.766667 0.800000 0.833333 0.866667 0.900000 0.933333 0.966667 1.000000 1.033333
1.066667 1.100000 1.133333 1.166667 1.200000 1.233333 1.266667 1.300000 1.333333 1.366667 1.400000 1.433333 1.466667 1.500000 1.533333 1.566667
1.600000 1.633333 1.666667 1.700000 1.733333 1.766667 1.800000 1.833333 1.866667 1.900000 1.933333 1.966667 2.000000 2.033333 2.066667 2.100000
2.133333 2.166667 2.200000 2.233333 2.266667</float_array>
        <technique_common>
          <accessor source="#mixamorig_LeftHandRing1-Matrix-animation-input-array" count="69">
            <param name="TIME" type="float"/>
          </accessor>
        </technique_common>
      </source>
      <source id="mixamorig_LeftHandRing1-Matrix-animation-output-transform">
        <float_array id="mixamorig_LeftHandRing1-Matrix-animation-output-transform-array" count="1104">

0.989036 0.146626 0.017566 3.304900 -0.138118 0.960562 -0.241338 13.191500 -0.052259 0.236266 0.970282 -0.322000 0.000000 0.000000 0.000000 1.000000
0.988951 0.147529 0.014552 3.304900 -0.139890 0.961193 -0.237779 13.191500 -0.049066 0.233116 0.971210 -0.322000 0.000000 0.000000 0.000000 1.000000
0.988508 0.150918 0.008718 3.304900 -0.144760 0.961634 -0.233033 13.191500 -0.043552 0.229092 0.972430 -0.322000 0.000000 0.000000 0.000000 1.000000
0.987813 0.155642 0.001375 3.304900 -0.151249 0.961942 -0.227577 13.191500 -0.036744 0.224595 0.973759 -0.322000 0.000000 0.000000 0.000000 1.000000
0.987008 0.160553 -0.006173 3.304900 -0.157904 0.962190 -0.221938 13.191500 -0.029694 0.220029 0.975041 -0.322000 0.000000 0.000000 0.000000 1.000000
0.986295 0.164508 -0.012629 3.304900 -0.163311 0.962480 -0.216705 13.191500 -0.023494 0.215797 0.976156 -0.322000 0.000000 0.000000 0.000000 1.000000
0.985923 0.166363 -0.016707 3.304900 -0.166086 0.962938 -0.212521 13.191500 -0.019268 0.212304 0.977014 -0.322000 0.000000 0.000000 0.000000 1.000000
0.986149 0.164976 -0.017119 3.304900 -0.164866 0.963692 -0.210041 13.191500 -0.018154 0.209954 0.977543 -0.322000 0.000000 0.000000 0.000000 1.000000
0.987166 0.159200 -0.012569 3.304900 -0.158271 0.964839 -0.209847 13.191500 -0.021281 0.209143 0.977653 -0.322000 0.000000 0.000000 0.000000 1.000000
0.989005 0.147875 -0.001736 3.304900 -0.144867 0.966397 -0.212345 13.191500 -0.029723 0.210261 0.977193 -0.322000 0.000000 0.000000 0.000000 1.000000
0.991512 0.128786 0.017840 3.304900 -0.121862 0.968366 -0.217756 13.191500 -0.045320 0.213733 0.975840 -0.322000 0.000000 0.000000 0.000000 1.000000
0.993965 0.096719 0.051764 3.304900 -0.082717 0.970735 -0.225458 13.191500 -0.072055 0.219816 0.972877 -0.322000 0.000000 0.000000 0.000000 1.000000
0.993836 0.055093 0.096199 3.304900 -0.031410 0.972149 -0.232251 13.191500 -0.106315 0.227798 0.967887 -0.322000 0.000000 0.000000 0.000000 1.000000
0.989303 0.008719 0.145612 3.304900 0.026118 0.971494 -0.235621 13.191500 -0.143516 0.236904 0.960874 -0.322000 0.000000 0.000000 0.000000 1.000000
0.980212 -0.037506 0.194365 3.304900 0.083628 0.968421 -0.234875 13.191500 -0.179418 0.246482 0.952395 -0.322000 0.000000 0.000000 0.000000 1.000000
0.968292 -0.078678 0.237110 3.304900 0.134952 0.963450 -0.231414 13.191500 -0.210236 0.256075 0.943518 -0.322000 0.000000 0.000000 0.000000 1.000000
0.956807 -0.109972 0.269122 3.304900 0.174331 0.957834 -0.228393 13.191500 -0.232658 0.265445 0.935633 -0.322000 0.000000 0.000000 0.000000 1.000000
0.949750 -0.126659 0.286238 3.304900 0.196394 0.953203 -0.229856 13.191500 -0.243729 0.274521 0.930180 -0.322000 0.000000 0.000000 0.000000 1.000000
0.948658 -0.128643 0.288963 3.304900 0.201398 0.950102 -0.238211 13.191500 -0.243900 0.284177 0.927230 -0.322000 0.000000 0.000000 0.000000 1.000000
0.951908 -0.120306 0.281775 3.304900 0.194511 0.947869 -0.252407 13.191500 -0.236720 0.295077 0.925685 -0.322000 0.000000 0.000000 0.000000 1.000000
0.958259 -0.103655 0.266450 3.304900 0.177635 0.946108 -0.270787 13.191500 -0.224022 0.306815 0.925029 -0.322000 0.000000 0.000000 0.000000 1.000000
0.966238 -0.080686 0.244691 3.304900 0.152658 0.944334 -0.291425 13.191500 -0.207556 0.318940 0.924769 -0.322000 0.000000 0.000000 0.000000 1.000000
0.974422 -0.053418 0.218285 3.304900 0.121636 0.942122 -0.312427 13.191500 -0.188962 0.330987 0.924522 -0.322000 0.000000 0.000000 0.000000 1.000000
0.981652 -0.023894 0.189180 3.304900 0.086878 0.939205 -0.332183 13.191500 -0.169741 0.342524 0.924048 -0.322000 0.000000 0.000000 0.000000 1.000000
0.987174 0.005761 0.159546 3.304900 0.051027 0.935545 -0.349501 13.191500 -0.151276 0.353160 0.923252 -0.322000 0.000000 0.000000 0.000000 1.000000
0.990753 0.033652 0.131436 3.304900 0.016639 0.931302 -0.363868 13.191500 -0.134652 0.362690 0.922130 -0.322000 0.000000 0.000000 0.000000 1.000000
0.992560 0.057542 0.107306 3.304900 -0.013188 0.926906 -0.375062 13.191500 -0.121044 0.370856 0.920768 -0.322000 0.000000 0.000000 0.000000 1.000000
0.993103 0.073675 0.091203 3.304900 -0.033320 0.923173 -0.382938 13.191500 -0.112409 0.377258 0.919261 -0.322000 0.000000 0.000000 0.000000 1.000000
0.993151 0.086229 0.078842 3.304900 -0.048934 0.919728 -0.389494 13.191500 -0.106099 0.382969 0.917648 -0.322000 0.000000 0.000000 0.000000 1.000000
0.992995 0.094064 0.071500 3.304900 -0.058399 0.916794 -0.395066 13.191500 -0.102713 0.388123 0.915866 -0.322000 0.000000 0.000000 0.000000 1.000000
0.992783 0.099941 0.066284 3.304900 -0.065279 0.914012 -0.400401 13.191500 -0.100601 0.393185 0.913939 -0.322000 0.000000 0.000000 0.000000 1.000000
0.992576 0.104054 0.062982 3.304900 -0.069815 0.911419 -0.405515 13.191500 -0.099598 0.398107 0.911916 -0.322000 0.000000 0.000000 0.000000 1.000000
0.992407 0.106589 0.061381 3.304900 -0.072253 0.909044 -0.410388 13.191500 -0.099540 0.402836 0.909843 -0.322000 0.000000 0.000000 0.000000 1.000000
0.992290 0.107736 0.061269 3.304900 -0.072843 0.906909 -0.414982 13.191500 -0.100274 0.407319 0.907764 -0.322000 0.000000 0.000000 0.000000 1.000000
0.992223 0.107684 0.062434 3.304900 -0.071840 0.905027 -0.419242 13.191500 -0.101650 0.411497 0.905725 -0.322000 0.000000 0.000000 0.000000 1.000000
0.992195 0.106619 0.064663 3.304900 -0.069504 0.903411 -0.423105 13.191500 -0.103528 0.415308 0.903770 -0.322000 0.000000 0.000000 0.000000 1.000000
0.992191 0.104730 0.067745 3.304900 -0.066097 0.902069 -0.426500 13.191500 -0.105778 0.418691 0.901947 -0.322000 0.000000 0.000000 0.000000 1.000000
0.992193 0.102203 0.071468 3.304900 -0.061884 0.901012 -0.429358 13.191500 -0.108275 0.421583 0.900302 -0.322000 0.000000 0.000000 0.000000 1.000000
0.992188 0.099225 0.075619 3.304900 -0.057135 0.900247 -0.431614 13.191500 -0.110903 0.423921 0.898883 -0.322000 0.000000 0.000000 0.000000 1.000000
0.992164 0.095984 0.079987 3.304900 -0.052123 0.899788 -0.433203 13.191500 -0.113552 0.425640 0.897740 -0.322000 0.000000 0.000000 0.000000 1.000000
0.992117 0.092667 0.084358 3.304900 -0.047121 0.899644 -0.434073 13.191500 -0.116116 0.426676 0.896919 -0.322000 0.000000 0.000000 0.000000 1.000000
0.992049 0.089461 0.088520 3.304900 -0.042404 0.899831 -0.434173 13.191500 -0.118495 0.426968 0.896469 -0.322000 0.000000 0.000000 0.000000 1.000000
0.991966 0.086556 0.092262 3.304900 -0.038247 0.900360 -0.433462 13.191500 -0.120588 0.426451 0.896436 -0.322000 0.000000 0.000000 0.000000 1.000000
0.991879 0.084140 0.095371 3.304900 -0.034923 0.901245 -0.431901 13.191500 -0.122293 0.425063 0.896865 -0.322000 0.000000 0.000000 0.000000 1.000000
0.991805 0.082400 0.097636 3.304900 -0.032704 0.902498 -0.429451 13.191500 -0.123503 0.422739 0.897797 -0.322000 0.000000 0.000000 0.000000 1.000000
0.991758 0.081525 0.098845 3.304900 -0.031856 0.904126 -0.426076 13.191500 -0.124104 0.419416 0.899271 -0.322000 0.000000 0.000000 0.000000 1.000000
0.991749 0.081704 0.098788 3.304900 -0.032642 0.906133 -0.421731 13.191500 -0.123972 0.415027 0.901323 -0.322000 0.000000 0.000000 0.000000 1.000000
0.991782 0.083125 0.097251 3.304900 -0.035319 0.908513 -0.416360 13.191500 -0.122964 0.409504 0.903984 -0.322000 0.000000 0.000000 0.000000 1.000000
0.991854 0.085965 0.094001 3.304900 -0.040183 0.911418 -0.409514 13.191500 -0.120878 0.402401 0.907448 -0.322000 0.000000 0.000000 0.000000 1.000000
0.991950 0.090172 0.088908 3.304900 -0.047462 0.915660 -0.399143 13.191500 -0.117401 0.391710 0.912568 -0.322000 0.000000 0.000000 0.000000 1.000000
0.992023 0.095468 0.082314 3.304900 -0.056640 0.920958 -0.385523 13.191500 -0.112613 0.377786 0.919019 -0.322000 0.000000 0.000000 0.000000 1.000000
0.992027 0.101568 0.074613 3.304900 -0.067116 0.926862 -0.369355 13.191500 -0.106670 0.361402 0.926288 -0.322000 0.000000 0.000000 0.000000 1.000000
0.991925 0.108184 0.066196 3.304900 -0.078304 0.932955 -0.351373 13.191500 -0.099771 0.343352 0.933892 -0.322000 0.000000 0.000000 0.000000 1.000000
0.991699 0.115029 0.057454 3.304900 -0.089648 0.938883 -0.332359 13.191500 -0.092174 0.324449 0.941401 -0.322000 0.000000 0.000000 0.000000 1.000000
0.991353 0.121816 0.048777 3.304900 -0.100633 0.944359 -0.313145 13.191500 -0.084209 0.305529 0.948452 -0.322000 0.000000 0.000000 0.000000 1.000000
0.990912 0.128256 0.040548 3.304900 -0.110798 0.949170 -0.294618 13.191500 -0.076274 0.287448 0.954754 -0.322000 0.000000 0.000000 0.000000 1.000000
0.990418 0.134062 0.033148 3.304900 -0.119727 0.953176 -0.277707 13.191500 -0.068826 0.271077 0.960094 -0.322000 0.000000 0.000000 0.000000 1.000000
0.989933 0.138948 0.026953 3.304900 -0.127055 0.956292 -0.263370 13.191500 -0.062369 0.257294 0.964318 -0.322000 0.000000 0.000000 0.000000 1.000000
0.989524 0.142627 0.022337 3.304900 -0.132449 0.958467 -0.252581 13.191500 -0.057434 0.246977 0.967318 -0.322000 0.000000 0.000000 0.000000 1.000000
0.989227 0.145118 0.019249 3.304900 -0.136035 0.959851 -0.245316 13.191500 -0.054076 0.240054 0.969252 -0.322000 0.000000 0.000000 0.000000 1.000000
0.989025 0.146737 0.017259 3.304900 -0.138338 0.960713 -0.240611 13.191500 -0.051887 0.235583 0.970468 -0.322000 0.000000 0.000000 0.000000 1.000000
0.988910 0.147636 0.016171 3.304900 -0.139603 0.961172 -0.238034 13.191500 -0.050685 0.233136 0.971122 -0.322000 0.000000 0.000000 0.000000 1.000000
0.988866 0.147971 0.015791 3.304900 -0.140064 0.961327 -0.237132 13.191500 -0.050269 0.232280 0.971349 -0.322000 0.000000 0.000000 0.000000 1.000000
0.988875 0.147895 0.015927 3.304900 -0.139941 0.961266 -0.237453 13.191500 -0.050428 0.232583 0.971268 -0.322000 0.000000 0.000000 0.000000 1.000000
0.988917 0.147562 0.016383 3.304900 -0.139455 0.961068 -0.238538 13.191500 -0.050944 0.233609 0.970995 -0.322000 0.000000 0.000000 0.000000 1.000000
0.988972 0.147126 0.016968 3.304900 -0.138821 0.960814 -0.239926 13.191500 -0.051602 0.234925 0.970643 -0.322000 0.000000 0.000000 0.000000 1.000000
0.989020 0.146741 0.017489 3.304900 -0.138258 0.960586 -0.241161 13.191500 -0.052188 0.236095 0.970328 -0.322000 0.000000 0.000000 0.000000 1.000000
0.989031 0.146637 0.017745 3.304900 -0.138063 0.960456 -0.241790 13.191500 -0.052498 0.236688 0.970166 -0.322000 0.000000 0.000000 0.000000 1.000000
0.989041 0.146591 0.017574 3.304900 -0.138083 0.960568 -0.241336 13.191500 -0.052259 0.236265 0.970282 -0.322000 0.000000 0.000000 0.000000 1.000000</float_array>
        <technique_common>
          <accessor source="#mixamorig_LeftHandRing1-Matrix-animation-output-transform-array" count="69" stride="16">
            <param type="float4x4"/>
          </accessor>
        </technique_common>
      </source>
      <source id="mixamorig_LeftHandRing1-Interpolations">
        <Name_array id="mixamorig_LeftHandRing1-Interpolations-array" count="69">
 LINEAR LINEAR LINEAR LINEAR LINEAR LINEAR LINEAR LINEAR LINEAR LINEAR LINEAR
LINEAR LINEAR LINEAR LINEAR LINEAR LINEAR LINEAR LINEAR LINEAR LINEAR LINEAR LINEAR
LINEAR LINEAR LINEAR LINEAR LINEAR LINEAR LINEAR LINEAR LINEAR LINEAR LINEAR LINEAR
LINEAR LINEAR LINEAR LINEAR LINEAR LINEAR LINEAR LINEAR LINEAR LINEAR LINEAR LINEAR
LINEAR LINEAR LINEAR LINEAR LINEAR LINEAR LINEAR LINEAR LINEAR LINEAR LINEAR LINEAR
LINEAR LINEAR LINEAR LINEAR LINEAR LINEAR LINEAR LINEAR LINEAR LINEAR</Name_array>
        <technique_common>
          <accessor source="#mixamorig_LeftHandRing1-Interpolations-array" count="69">
            <param type="name"/>
          </accessor>
        </technique_common>
      </source>
      <sampler id="mixamorig_LeftHandRing1-Matrix-animation-transform">
        <input semantic="INPUT" source="#mixamorig_LeftHandRing1-Matrix-animation-input"/>
        <input semantic="OUTPUT" source="#mixamorig_LeftHandRing1-Matrix-animation-output-transform"/>
        <input semantic="INTERPOLATION" source="#mixamorig_LeftHandRing1-Interpolations"/>
      </sampler>
      <channel source="#mixamorig_LeftHandRing1-Matrix-animation-transform" target="mixamorig_LeftHandRing1/matrix"/>
    </animation>
    <animation id="mixamorig_LeftHandRing2-anim" name="mixamorig_LeftHandRing2">
      <source id="mixamorig_LeftHandRing2-Matrix-animation-input">
        <float_array id="mixamorig_LeftHandRing2-Matrix-animation-input-array" count="69">

0.000000 0.033333 0.066667 0.100000 0.133333 0.166667 0.200000 0.233333 0.266667 0.300000 0.333333 0.366667 0.400000 0.433333 0.466667 0.500000
0.533333 0.566667 0.600000 0.633333 0.666667 0.700000 0.733333 0.766667 0.800000 0.833333 0.866667 0.900000 0.933333 0.966667 1.000000 1.033333
1.066667 1.100000 1.133333 1.166667 1.200000 1.233333 1.266667 1.300000 1.333333 1.366667 1.400000 1.433333 1.466667 1.500000 1.533333 1.566667
1.600000 1.633333 1.666667 1.700000 1.733333 1.766667 1.800000 1.833333 1.866667 1.900000 1.933333 1.966667 2.000000 2.033333 2.066667 2.100000
2.133333 2.166667 2.200000 2.233333 2.266667</float_array>
        <technique_common>
          <accessor source="#mixamorig_LeftHandRing2-Matrix-animation-input-array" count="69">
            <param name="TIME" type="float"/>
          </accessor>
        </technique_common>
      </source>
      <source id="mixamorig_LeftHandRing2-Matrix-animation-output-transform">
        <float_array id="mixamorig_LeftHandRing2-Matrix-animation-output-transform-array" count="1104">

0.999875 -0.013350 -0.008491 0.000000 0.009882 0.946063 -0.323832 2.717600 0.012357 0.323707 0.946077 -0.000000 0.000000 0.000000 0.000000 1.000000
0.999738 -0.015477 -0.016839 0.000000 0.009189 0.946024 -0.323966 2.717600 0.020944 0.323727 0.945919 -0.000000 0.000000 0.000000 0.000000 1.000000
0.999500 -0.017885 -0.026079 0.000000 0.008449 0.945756 -0.324768 2.717600 0.030473 0.324385 0.945434 0.000000 0.000000 0.000000 0.000000 1.000000
0.999150 -0.020447 -0.035796 0.000000 0.007667 0.945343 -0.325986 2.717600 0.040505 0.325435 0.944696 0.000000 0.000000 0.000000 0.000000 1.000000
0.998695 -0.023030 -0.045577 0.000000 0.006854 0.944903 -0.327277 2.717600 0.050603 0.326538 0.943828 0.000000 0.000000 0.000000 0.000000 1.000000
0.998160 -0.025504 -0.055012 0.000000 0.006042 0.944556 -0.328295 2.717600 0.060334 0.327359 0.942972 0.000000 0.000000 0.000000 0.000000 1.000000
0.997585 -0.027736 -0.063685 0.000000 0.005274 0.944424 -0.328689 2.717600 0.069262 0.327559 0.942289 -0.000000 0.000000 0.000000 0.000000 1.000000
0.997024 -0.029592 -0.071190 0.000000 0.004610 0.944630 -0.328106 2.717600 0.076958 0.326802 0.941954 0.000000 0.000000 0.000000 0.000000 1.000000
0.996542 -0.030942 -0.077118 0.000000 0.004108 0.945293 -0.326196 2.717600 0.082993 0.324751 0.942151 0.000000 0.000000 0.000000 0.000000 1.000000
0.996206 -0.031654 -0.081061 -0.000000 0.003826 0.946527 -0.322600 2.717600 0.086938 0.321067 0.943058 0.000000 0.000000 0.000000 0.000000 1.000000
0.996090 -0.031513 -0.082530 0.000000 0.003822 0.948710 -0.316125 2.717600 0.088259 0.314574 0.945121 0.000000 0.000000 0.000000 0.000000 1.000000
0.996255 -0.030093 -0.081054 0.000000 0.004160 0.953072 -0.302714 2.717600 0.086360 0.301243 0.949629 0.000000 0.000000 0.000000 0.000000 1.000000
0.996630 -0.027711 -0.077205 0.000000 0.004612 0.958649 -0.284553 2.717600 0.081898 0.283238 0.955546 0.000000 0.000000 0.000000 0.000000 1.000000
0.997119 -0.024793 -0.071685 0.000000 0.004935 0.964273 -0.264866 2.717600 0.075690 0.263749 0.961617 0.000000 0.000000 0.000000 0.000000 1.000000
0.997634 -0.021767 -0.065210 0.000000 0.005000 0.969015 -0.246951 2.717600 0.068565 0.246041 0.966831 0.000000 0.000000 0.000000 0.000000 1.000000
0.998105 -0.019065 -0.058509 0.000000 0.004843 0.972185 -0.234166 2.717600 0.061346 0.233439 0.970434 0.000000 0.000000 0.000000 0.000000 1.000000
0.998484 -0.017120 -0.052322 0.000000 0.004641 0.973207 -0.229883 2.717600 0.054856 0.229292 0.971811 0.000000 0.000000 0.000000 0.000000 1.000000
0.998743 -0.016365 -0.047380 0.000000 0.004653 0.971392 -0.237437 2.717600 0.049910 0.236918 0.970247 -0.000000 0.000000 0.000000 0.000000 1.000000
0.998929 -0.016794 -0.043117 0.000000 0.005093 0.966054 -0.258292 2.717600 0.045991 0.257796 0.965104 0.000000 0.000000 0.000000 0.000000 1.000000
0.999094 -0.018001 -0.038556 0.000000 0.006054 0.957027 -0.289935 2.717600 0.042118 0.289439 0.956269 0.000000 0.000000 0.000000 0.000000 1.000000
0.999232 -0.019809 -0.033795 0.000000 0.007567 0.944083 -0.329621 2.717600 0.038435 0.329112 0.943508 0.000000 0.000000 0.000000 0.000000 1.000000
0.999335 -0.022194 -0.028942 -0.000000 0.009743 0.927147 -0.374571 2.717600 0.035147 0.374040 0.926746 -0.000000 0.000000 0.000000 0.000000 1.000000
0.999403 -0.024716 -0.024123 0.000000 0.012230 0.906485 -0.422061 2.717600 0.032298 0.421514 0.906247 0.000000 0.000000 0.000000 0.000000 1.000000
0.999439 -0.027234 -0.019487 0.000000 0.014902 0.882812 -0.469490 2.717600 0.029989 0.468936 0.882723 0.000000 0.000000 0.000000 0.000000 1.000000
0.999445 -0.029617 -0.015230 -0.000000 0.017570 0.857393 -0.514363 2.717600 0.028293 0.513810 0.857438 -0.000000 0.000000 0.000000 0.000000 1.000000
0.999427 -0.031834 -0.011490 0.000000 0.020112 0.831698 -0.554863 2.717600 0.027220 0.554314 0.831862 0.000000 0.000000 0.000000 0.000000 1.000000
0.999394 -0.033728 -0.008548 0.000000 0.022231 0.807942 -0.588842 2.717600 0.026767 0.588295 0.808203 -0.000000 0.000000 0.000000 0.000000 1.000000
0.999361 -0.035072 -0.006881 -0.000000 0.023501 0.789884 -0.612806 2.717600 0.026927 0.612253 0.790203 0.000000 0.000000 0.000000 0.000000 1.000000
0.999331 -0.036110 -0.005738 0.000000 0.024348 0.774311 -0.632337 2.717600 0.027277 0.631774 0.774673 -0.000000 0.000000 0.000000 0.000000 1.000000
0.999304 -0.036950 -0.005049 -0.000000 0.024916 0.762236 -0.646819 2.717600 0.027748 0.646243 0.762627 0.000000 0.000000 0.000000 0.000000 1.000000
0.999280 -0.037676 -0.004432 0.000000 0.025406 0.751405 -0.659351 2.717600 0.028172 0.658764 0.751822 -0.000000 0.000000 0.000000 0.000000 1.000000
0.999259 -0.038296 -0.003888 -0.000000 0.025825 0.741872 -0.670044 2.717600 0.028544 0.669447 0.742311 0.000000 0.000000 0.000000 0.000000 1.000000
0.999241 -0.038816 -0.003421 0.000000 0.026175 0.733676 -0.678995 2.717600 0.028866 0.678390 0.734135 0.000000 0.000000 0.000000 0.000000 1.000000
0.999225 -0.039240 -0.003031 -0.000000 0.026462 0.726841 -0.686296 2.717600 0.029133 0.685684 0.727316 0.000000 0.000000 0.000000 0.000000 1.000000
0.999213 -0.039573 -0.002719 0.000000 0.026686 0.721377 -0.692028 2.717600 0.029347 0.691411 0.721866 0.000000 0.000000 0.000000 0.000000 1.000000
0.999204 -0.039819 -0.002486 0.000000 0.026852 0.717286 -0.696261 2.717600 0.029508 0.695640 0.717784 0.000000 0.000000 0.000000 0.000000 1.000000
0.999198 -0.039982 -0.002331 -0.000000 0.026961 0.714557 -0.699058 2.717600 0.029615 0.698434 0.715061 0.000000 0.000000 0.000000 0.000000 1.000000
0.999195 -0.040065 -0.002253 0.000000 0.027017 0.713168 -0.700472 2.717600 0.029671 0.699847 0.713676 0.000000 0.000000 0.000000 0.000000 1.000000
0.999194 -0.040069 -0.002249 0.000000 0.027019 0.713093 -0.700548 2.717600 0.029674 0.699923 0.713602 0.000000 0.000000 0.000000 0.000000 1.000000
0.999197 -0.039999 -0.002319 -0.000000 0.026971 0.714295 -0.699325 2.717600 0.029629 0.698701 0.714800 -0.000000 0.000000 0.000000 0.000000 1.000000
0.999202 -0.039855 -0.002458 0.000000 0.026874 0.716730 -0.696832 2.717600 0.029534 0.696211 0.717230 -0.000000 0.000000 0.000000 0.000000 1.000000
0.999211 -0.039639 -0.002666 0.000000 0.026727 0.720349 -0.693096 2.717600 0.029394 0.692478 0.720840 -0.000000 0.000000 0.000000 0.000000 1.000000
0.999221 -0.039352 -0.002938 0.000000 0.026533 0.725098 -0.688134 2.717600 0.029210 0.687520 0.725577 0.000000 0.000000 0.000000 0.000000 1.000000
0.999234 -0.039010 -0.003257 0.000000 0.026312 0.730913 -0.681963 2.717600 0.028983 0.681354 0.731380 -0.000000 0.000000 0.000000 0.000000 1.000000
0.999247 -0.038621 -0.003611 -0.000000 0.026076 0.737731 -0.674590 2.717600 0.028718 0.673989 0.738183 -0.000000 0.000000 0.000000 0.000000 1.000000
0.999263 -0.038165 -0.004020 0.000000 0.025793 0.745482 -0.666027 2.717600 0.028416 0.665433 0.745917 0.000000 0.000000 0.000000 0.000000 1.000000
0.999281 -0.037643 -0.004478 0.000000 0.025466 0.754089 -0.656278 2.717600 0.028081 0.655692 0.754506 -0.000000 0.000000 0.000000 0.000000 1.000000
0.999301 -0.037064 -0.004970 -0.000000 0.025108 0.763478 -0.645346 2.717600 0.027714 0.644770 0.763874 0.000000 0.000000 0.000000 0.000000 1.000000
0.999323 -0.036385 -0.005535 0.000000 0.024684 0.774170 -0.632496 2.717600 0.027298 0.631931 0.774544 0.000000 0.000000 0.000000 0.000000 1.000000
0.999354 -0.035381 -0.006335 -0.000000 0.024050 0.789189 -0.613679 2.717600 0.026712 0.613130 0.789530 0.000000 0.000000 0.000000 0.000000 1.000000
0.999392 -0.034083 -0.007317 0.000000 0.023232 0.807693 -0.589146 2.717600 0.025989 0.588618 0.807994 -0.000000 0.000000 0.000000 0.000000 1.000000
0.999435 -0.032543 -0.008409 0.000000 0.022255 0.828202 -0.559988 2.717600 0.025188 0.559484 0.828458 -0.000000 0.000000 0.000000 0.000000 1.000000
0.999479 -0.030826 -0.009542 0.000000 0.021161 0.849346 -0.527412 2.717600 0.024363 0.526936 0.849556 0.000000 0.000000 0.000000 0.000000 1.000000
0.999523 -0.029003 -0.010652 0.000000 0.019991 0.869927 -0.492776 2.717600 0.023558 0.492328 0.870091 -0.000000 0.000000 0.000000 0.000000 1.000000
0.999564 -0.027109 -0.011711 0.000000 0.018748 0.888968 -0.457586 2.717600 0.022815 0.457166 0.889088 -0.000000 0.000000 0.000000 0.000000 1.000000
0.999601 -0.025265 -0.012654 0.000000 0.017531 0.905734 -0.423484 2.717600 0.022160 0.423093 0.905815 0.000000 0.000000 0.000000 0.000000 1.000000
0.999632 -0.023555 -0.013425 -0.000000 0.016405 0.919728 -0.392213 2.717600 0.021585 0.391848 0.919777 -0.000000 0.000000 0.000000 0.000000 1.000000
0.999659 -0.022041 -0.014028 0.000000 0.015389 0.930653 -0.365580 2.717600 0.021113 0.365240 0.930674 -0.000000 0.000000 0.000000 0.000000 1.000000
0.999678 -0.020884 -0.014440 -0.000000 0.014614 0.938336 -0.345415 2.717600 0.020763 0.345093 0.938339 0.000000 0.000000 0.000000 0.000000 1.000000
0.999692 -0.020055 -0.014586 0.000000 0.014083 0.943264 -0.331744 2.717600 0.020412 0.331437 0.943257 -0.000000 0.000000 0.000000 0.000000 1.000000
0.999711 -0.019245 -0.014412 0.000000 0.013563 0.946347 -0.322868 2.717600 0.019852 0.322579 0.946334 0.000000 0.000000 0.000000 0.000000 1.000000
0.999732 -0.018466 -0.013984 0.000000 0.013063 0.948008 -0.317977 2.717600 0.019129 0.317710 0.947995 -0.000000 0.000000 0.000000 0.000000 1.000000
0.999754 -0.017714 -0.013361 0.000000 0.012581 0.948598 -0.316233 2.717600 0.018276 0.315987 0.948588 0.000000 0.000000 0.000000 0.000000 1.000000
0.999776 -0.016981 -0.012594 0.000000 0.012118 0.948421 -0.316783 2.717600 0.017324 0.316559 0.948415 0.000000 0.000000 0.000000 0.000000 1.000000
0.999799 -0.016260 -0.011738 0.000000 0.011671 0.947763 -0.318763 2.717600 0.016308 0.318562 0.947762 0.000000 0.000000 0.000000 0.000000 1.000000
0.999820 -0.015543 -0.010846 -0.000000 0.011235 0.946905 -0.321317 2.717600 0.015265 0.321137 0.946910 0.000000 0.000000 0.000000 0.000000 1.000000
0.999840 -0.014823 -0.009972 0.000000 0.010800 0.946138 -0.323583 2.717600 0.014231 0.323424 0.946147 0.000000 0.000000 0.000000 0.000000 1.000000
0.999859 -0.014094 -0.009169 0.000000 0.010354 0.945758 -0.324706 2.717600 0.013248 0.324565 0.945771 0.000000 0.000000 0.000000 0.000000 1.000000
0.999875 -0.013349 -0.008491 0.000000 0.009881 0.946064 -0.323828 2.717600 0.012356 0.323704 0.946078 0.000000 0.000000 0.000000 0.000000 1.000000</float_array>
        <technique_common>
          <accessor source="#mixamorig_LeftHandRing2-Matrix-animation-output-transform-array" count="69" stride="16">
            <param type="float4x4"/>
          </accessor>
        </technique_common>
      </source>
      <source id="mixamorig_LeftHandRing2-Interpolations">
        <Name_array id="mixamorig_LeftHandRing2-Interpolations-array" count="69">
 LINEAR LINEAR LINEAR LINEAR LINEAR LINEAR LINEAR LINEAR LINEAR LINEAR LINEAR
LINEAR LINEAR LINEAR LINEAR LINEAR LINEAR LINEAR LINEAR LINEAR LINEAR LINEAR LINEAR
LINEAR LINEAR LINEAR LINEAR LINEAR LINEAR LINEAR LINEAR LINEAR LINEAR LINEAR LINEAR
LINEAR LINEAR LINEAR LINEAR LINEAR LINEAR LINEAR LINEAR LINEAR LINEAR LINEAR LINEAR
LINEAR LINEAR LINEAR LINEAR LINEAR LINEAR LINEAR LINEAR LINEAR LINEAR LINEAR LINEAR
LINEAR LINEAR LINEAR LINEAR LINEAR LINEAR LINEAR LINEAR LINEAR LINEAR</Name_array>
        <technique_common>
          <accessor source="#mixamorig_LeftHandRing2-Interpolations-array" count="69">
            <param type="name"/>
          </accessor>
        </technique_common>
      </source>
      <sampler id="mixamorig_LeftHandRing2-Matrix-animation-transform">
        <input semantic="INPUT" source="#mixamorig_LeftHandRing2-Matrix-animation-input"/>
        <input semantic="OUTPUT" source="#mixamorig_LeftHandRing2-Matrix-animation-output-transform"/>
        <input semantic="INTERPOLATION" source="#mixamorig_LeftHandRing2-Interpolations"/>
      </sampler>
      <channel source="#mixamorig_LeftHandRing2-Matrix-animation-transform" target="mixamorig_LeftHandRing2/matrix"/>
    </animation>
    <animation id="mixamorig_LeftHandRing3-anim" name="mixamorig_LeftHandRing3">
      <source id="mixamorig_LeftHandRing3-Matrix-animation-input">
        <float_array id="mixamorig_LeftHandRing3-Matrix-animation-input-array" count="69">

0.000000 0.033333 0.066667 0.100000 0.133333 0.166667 0.200000 0.233333 0.266667 0.300000 0.333333 0.366667 0.400000 0.433333 0.466667 0.500000
0.533333 0.566667 0.600000 0.633333 0.666667 0.700000 0.733333 0.766667 0.800000 0.833333 0.866667 0.900000 0.933333 0.966667 1.000000 1.033333
1.066667 1.100000 1.133333 1.166667 1.200000 1.233333 1.266667 1.300000 1.333333 1.366667 1.400000 1.433333 1.466667 1.500000 1.533333 1.566667
1.600000 1.633333 1.666667 1.700000 1.733333 1.766667 1.800000 1.833333 1.866667 1.900000 1.933333 1.966667 2.000000 2.033333 2.066667 2.100000
2.133333 2.166667 2.200000 2.233333 2.266667</float_array>
        <technique_common>
          <accessor source="#mixamorig_LeftHandRing3-Matrix-animation-input-array" count="69">
            <param name="TIME" type="float"/>
          </accessor>
        </technique_common>
      </source>
      <source id="mixamorig_LeftHandRing3-Matrix-animation-output-transform">
        <float_array id="mixamorig_LeftHandRing3-Matrix-animation-output-transform-array" count="1104">

0.999844 -0.016163 -0.007128 0.000000 0.012304 0.926731 -0.375524 2.134500 0.012676 0.375377 0.926785 0.000000 0.000000 0.000000 0.000000 1.000000
0.999787 -0.017092 -0.011591 0.000000 0.011522 0.927459 -0.373747 2.134500 0.017139 0.373534 0.927458 0.000000 0.000000 0.000000 0.000000 1.000000
0.999692 -0.018278 -0.016781 -0.000000 0.010668 0.927205 -0.374402 2.134500 0.022403 0.374108 0.927115 0.000000 0.000000 0.000000 0.000000 1.000000
0.999558 -0.019602 -0.022362 -0.000000 0.009748 0.926419 -0.376368 2.134500 0.028094 0.375983 0.926201 -0.000000 0.000000 0.000000 0.000000 1.000000
0.999389 -0.020946 -0.027997 0.000000 0.008795 0.925552 -0.378519 2.134500 0.033842 0.378041 0.925170 0.000000 0.000000 0.000000 0.000000 1.000000
0.999197 -0.022192 -0.033352 0.000000 0.007870 0.925061 -0.379737 2.134500 0.039279 0.379169 0.924493 0.000000 0.000000 0.000000 0.000000 1.000000
0.999004 -0.023219 -0.038091 0.000000 0.007061 0.925410 -0.378901 2.134500 0.044048 0.378255 0.924653 0.000000 0.000000 0.000000 0.000000 1.000000
0.998837 -0.023911 -0.041878 0.000000 0.006475 0.927047 -0.374889 2.134500 0.047787 0.374181 0.926123 0.000000 0.000000 0.000000 0.000000 1.000000
0.998723 -0.024147 -0.044377 0.000000 0.006207 0.930375 -0.366556 2.134500 0.050139 0.365813 0.929337 0.000000 0.000000 0.000000 0.000000 1.000000
0.998692 -0.023805 -0.045245 0.000000 0.006324 0.935706 -0.352724 2.134500 0.050733 0.351977 0.934633 0.000000 0.000000 0.000000 0.000000 1.000000
0.998776 -0.022652 -0.043972 0.000000 0.006851 0.943755 -0.330574 2.134500 0.048987 0.329868 0.942755 0.000000 0.000000 0.000000 0.000000 1.000000
0.999010 -0.020125 -0.039683 -0.000000 0.007664 0.956364 -0.292077 2.134500 0.043830 0.291484 0.955571 0.000000 0.000000 0.000000 0.000000 1.000000
0.999318 -0.016571 -0.032992 0.000000 0.008115 0.970351 -0.241562 2.134500 0.036017 0.241130 0.969824 0.000000 0.000000 0.000000 0.000000 1.000000
0.999615 -0.012492 -0.024763 -0.000000 0.007681 0.982589 -0.185634 2.134500 0.026651 0.185372 0.982307 -0.000000 0.000000 0.000000 0.000000 1.000000
0.999838 -0.008412 -0.015935 0.000000 0.006247 0.991322 -0.131311 2.134500 0.016901 0.131190 0.991213 -0.000000 0.000000 0.000000 0.000000 1.000000
0.999960 -0.004866 -0.007527 0.000000 0.004202 0.996299 -0.085851 2.134500 0.007917 0.085816 0.996280 0.000000 0.000000 0.000000 0.000000 1.000000
0.999997 -0.002396 -0.000617 0.000000 0.002357 0.998399 -0.056512 2.134500 0.000751 0.056510 0.998402 0.000000 0.000000 0.000000 0.000000 1.000000
0.999992 -0.001532 0.003704 -0.000000 0.001717 0.998726 -0.050431 2.134500 -0.003622 0.050437 0.998721 -0.000000 0.000000 0.000000 0.000000 1.000000
0.999982 -0.002350 0.005505 0.000000 0.002726 0.997593 -0.069288 2.134500 -0.005329 0.069302 0.997581 0.000000 0.000000 0.000000 0.000000 1.000000
0.999973 -0.004396 0.005816 -0.000000 0.004995 0.994215 -0.107291 2.134500 -0.005311 0.107317 0.994211 0.000000 0.000000 0.000000 0.000000 1.000000
0.999960 -0.007397 0.005036 0.000000 0.008108 0.987057 -0.160165 2.134500 -0.003786 0.160200 0.987077 0.000000 0.000000 0.000000 0.000000 1.000000
0.999932 -0.011075 0.003564 0.000000 0.011592 0.974642 -0.223470 2.134500 -0.000999 0.223496 0.974704 0.000000 0.000000 0.000000 0.000000 1.000000
0.999884 -0.015146 0.001764 0.000000 0.014999 0.956105 -0.292641 2.134500 0.002746 0.292633 0.956221 -0.000000 0.000000 0.000000 0.000000 1.000000
0.999813 -0.019325 -0.000051 0.000000 0.017987 0.931560 -0.363143 2.134500 0.007065 0.363074 0.931733 0.000000 0.000000 0.000000 0.000000 1.000000
0.999726 -0.023333 -0.001620 -0.000000 0.020363 0.902338 -0.430548 2.134500 0.011508 0.430398 0.902566 -0.000000 0.000000 0.000000 0.000000 1.000000
0.999633 -0.026954 -0.002770 0.000000 0.022114 0.870615 -0.491468 2.134500 0.015658 0.491226 0.870891 -0.000000 0.000000 0.000000 0.000000 1.000000
0.999546 -0.029947 -0.003338 0.000000 0.023353 0.839897 -0.542244 2.134500 0.019042 0.541920 0.840215 -0.000000 0.000000 0.000000 0.000000 1.000000
0.999485 -0.031939 -0.003066 0.000000 0.024312 0.816224 -0.577224 2.134500 0.020938 0.576852 0.816580 0.000000 0.000000 0.000000 0.000000 1.000000
0.999435 -0.033504 -0.002502 0.000000 0.025160 0.795744 -0.605111 2.134500 0.022264 0.604706 0.796137 -0.000000 0.000000 0.000000 0.000000 1.000000
0.999399 -0.034620 -0.001838 -0.000000 0.025882 0.780323 -0.624841 2.134500 0.023067 0.624418 0.780750 0.000000 0.000000 0.000000 0.000000 1.000000
0.999367 -0.035558 -0.001265 0.000000 0.026471 0.766783 -0.641360 2.134500 0.023776 0.640921 0.767239 0.000000 0.000000 0.000000 0.000000 1.000000
0.999340 -0.036312 -0.000780 0.000000 0.026929 0.755188 -0.654955 2.134500 0.024372 0.654502 0.755667 0.000000 0.000000 0.000000 0.000000 1.000000
0.999317 -0.036957 -0.000346 -0.000000 0.027342 0.745553 -0.665885 2.134500 0.024867 0.665420 0.746054 -0.000000 0.000000 0.000000 0.000000 1.000000
0.999299 -0.037434 0.000047 -0.000000 0.027673 0.737862 -0.674384 2.134500 0.025211 0.673913 0.738380 0.000000 0.000000 0.000000 0.000000 1.000000
0.999286 -0.037773 0.000357 0.000000 0.027915 0.732062 -0.680666 2.134500 0.025449 0.680190 0.732594 0.000000 0.000000 0.000000 0.000000 1.000000
0.999277 -0.038002 0.000569 0.000000 0.028079 0.728077 -0.684920 2.134500 0.025614 0.684441 0.728618 0.000000 0.000000 0.000000 0.000000 1.000000
0.999272 -0.038132 0.000688 -0.000000 0.028170 0.725811 -0.687317 2.134500 0.025710 0.686837 0.726357 -0.000000 0.000000 0.000000 0.000000 1.000000
0.999271 -0.038170 0.000717 0.000000 0.028193 0.725147 -0.688017 2.134500 0.025741 0.687536 0.725694 0.000000 0.000000 0.000000 0.000000 1.000000
0.999273 -0.038125 0.000667 -0.000000 0.028155 0.725958 -0.687162 2.134500 0.025714 0.686681 0.726503 0.000000 0.000000 0.000000 0.000000 1.000000
0.999277 -0.038003 0.000544 -0.000000 0.028063 0.728108 -0.684888 2.134500 0.025632 0.684408 0.728648 0.000000 0.000000 0.000000 0.000000 1.000000
0.999285 -0.037810 0.000354 0.000000 0.027918 0.731450 -0.681323 2.134500 0.025502 0.680846 0.731983 0.000000 0.000000 0.000000 0.000000 1.000000
0.999295 -0.037556 0.000108 0.000000 0.027728 0.735837 -0.676591 2.134500 0.025331 0.676117 0.736359 0.000000 0.000000 0.000000 0.000000 1.000000
0.999306 -0.037245 -0.000187 0.000000 0.027496 0.741115 -0.670815 2.134500 0.025123 0.670345 0.741624 0.000000 0.000000 0.000000 0.000000 1.000000
0.999319 -0.036885 -0.000523 0.000000 0.027229 0.747133 -0.664116 2.134500 0.024886 0.663650 0.747629 0.000000 0.000000 0.000000 0.000000 1.000000
0.999334 -0.036480 -0.000890 0.000000 0.026930 0.753740 -0.656621 2.134500 0.024625 0.656160 0.754220 0.000000 0.000000 0.000000 0.000000 1.000000
0.999350 -0.036040 -0.001282 0.000000 0.026605 0.760787 -0.648456 2.134500 0.024345 0.648000 0.761251 0.000000 0.000000 0.000000 0.000000 1.000000
0.999366 -0.035570 -0.001690 0.000000 0.026258 0.768132 -0.639753 2.134500 0.024054 0.639302 0.768579 -0.000000 0.000000 0.000000 0.000000 1.000000
0.999382 -0.035100 -0.002089 0.000000 0.025924 0.775636 -0.630648 2.134500 0.023756 0.630204 0.776066 0.000000 0.000000 0.000000 0.000000 1.000000
0.999398 -0.034606 -0.002500 0.000000 0.025586 0.783736 -0.620566 2.134500 0.023435 0.620129 0.784150 0.000000 0.000000 0.000000 0.000000 1.000000
0.999422 -0.033851 -0.003107 -0.000000 0.025056 0.795346 -0.605637 2.134500 0.022973 0.605209 0.795735 0.000000 0.000000 0.000000 0.000000 1.000000
0.999455 -0.032798 -0.003815 -0.000000 0.024341 0.809926 -0.586026 2.134500 0.022310 0.585614 0.810283 0.000000 0.000000 0.000000 0.000000 1.000000
0.999492 -0.031540 -0.004613 0.000000 0.023479 0.826339 -0.562684 2.134500 0.021559 0.562290 0.826659 -0.000000 0.000000 0.000000 0.000000 1.000000
0.999531 -0.030131 -0.005451 0.000000 0.022502 0.843518 -0.536629 2.134500 0.020767 0.536255 0.843800 0.000000 0.000000 0.000000 0.000000 1.000000
0.999571 -0.028611 -0.006289 0.000000 0.021429 0.860514 -0.508976 2.134500 0.019974 0.508623 0.860758 -0.000000 0.000000 0.000000 0.000000 1.000000
0.999609 -0.027066 -0.007073 0.000000 0.020330 0.876518 -0.480939 2.134500 0.019217 0.480607 0.876725 0.000000 0.000000 0.000000 0.000000 1.000000
0.999643 -0.025571 -0.007765 0.000000 0.019264 0.890883 -0.453824 2.134500 0.018522 0.453512 0.891058 0.000000 0.000000 0.000000 0.000000 1.000000
0.999672 -0.024199 -0.008334 0.000000 0.018285 0.903114 -0.429012 2.134500 0.017908 0.428719 0.903260 0.000000 0.000000 0.000000 0.000000 1.000000
0.999697 -0.023025 -0.008758 0.000000 0.017451 0.912844 -0.407936 2.134500 0.017387 0.407659 0.912969 -0.000000 0.000000 0.000000 0.000000 1.000000
0.999714 -0.022134 -0.009034 -0.000000 0.016822 0.919793 -0.392044 2.134500 0.016986 0.391780 0.919902 0.000000 0.000000 0.000000 0.000000 1.000000
0.999727 -0.021513 -0.009162 -0.000000 0.016395 0.924297 -0.381322 2.134500 0.016672 0.381067 0.924397 0.000000 0.000000 0.000000 0.000000 1.000000
0.999740 -0.020873 -0.009225 -0.000000 0.015903 0.927138 -0.374383 2.134500 0.016367 0.374139 0.927228 0.000000 0.000000 0.000000 0.000000 1.000000
0.999753 -0.020255 -0.009125 -0.000000 0.015432 0.928672 -0.370580 2.134500 0.015980 0.370348 0.928756 0.000000 0.000000 0.000000 0.000000 1.000000
0.999767 -0.019655 -0.008922 0.000000 0.014973 0.929207 -0.369256 2.134500 0.015548 0.369037 0.929285 -0.000000 0.000000 0.000000 0.000000 1.000000
0.999781 -0.019069 -0.008648 0.000000 0.014521 0.929023 -0.369737 2.134500 0.015084 0.369531 0.929096 0.000000 0.000000 0.000000 0.000000 1.000000
0.999794 -0.018491 -0.008325 0.000000 0.014079 0.928388 -0.371346 2.134500 0.014596 0.371153 0.928457 0.000000 0.000000 0.000000 0.000000 1.000000
0.999808 -0.017917 -0.007984 0.000000 0.013640 0.927568 -0.373405 2.134500 0.014096 0.373224 0.927634 -0.000000 0.000000 0.000000 0.000000 1.000000
0.999820 -0.017340 -0.007652 -0.000000 0.013203 0.926835 -0.375237 2.134500 0.013599 0.375068 0.926897 0.000000 0.000000 0.000000 0.000000 1.000000
0.999833 -0.016758 -0.007358 0.000000 0.012760 0.926464 -0.376167 2.134500 0.013120 0.376011 0.926522 0.000000 0.000000 0.000000 0.000000 1.000000
0.999844 -0.016163 -0.007129 -0.000000 0.012304 0.926731 -0.375523 2.134500 0.012676 0.375377 0.926786 -0.000000 0.000000 0.000000 0.000000 1.000000</float_array>
        <technique_common>
          <accessor source="#mixamorig_LeftHandRing3-Matrix-animation-output-transform-array" count="69" stride="16">
            <param type="float4x4"/>
          </accessor>
        </technique_common>
      </source>
      <source id="mixamorig_LeftHandRing3-Interpolations">
        <Name_array id="mixamorig_LeftHandRing3-Interpolations-array" count="69">
 LINEAR LINEAR LINEAR LINEAR LINEAR LINEAR LINEAR LINEAR LINEAR LINEAR LINEAR
LINEAR LINEAR LINEAR LINEAR LINEAR LINEAR LINEAR LINEAR LINEAR LINEAR LINEAR LINEAR
LINEAR LINEAR LINEAR LINEAR LINEAR LINEAR LINEAR LINEAR LINEAR LINEAR LINEAR LINEAR
LINEAR LINEAR LINEAR LINEAR LINEAR LINEAR LINEAR LINEAR LINEAR LINEAR LINEAR LINEAR
LINEAR LINEAR LINEAR LINEAR LINEAR LINEAR LINEAR LINEAR LINEAR LINEAR LINEAR LINEAR
LINEAR LINEAR LINEAR LINEAR LINEAR LINEAR LINEAR LINEAR LINEAR LINEAR</Name_array>
        <technique_common>
          <accessor source="#mixamorig_LeftHandRing3-Interpolations-array" count="69">
            <param type="name"/>
          </accessor>
        </technique_common>
      </source>
      <sampler id="mixamorig_LeftHandRing3-Matrix-animation-transform">
        <input semantic="INPUT" source="#mixamorig_LeftHandRing3-Matrix-animation-input"/>
        <input semantic="OUTPUT" source="#mixamorig_LeftHandRing3-Matrix-animation-output-transform"/>
        <input semantic="INTERPOLATION" source="#mixamorig_LeftHandRing3-Interpolations"/>
      </sampler>
      <channel source="#mixamorig_LeftHandRing3-Matrix-animation-transform" target="mixamorig_LeftHandRing3/matrix"/>
    </animation>
    <animation id="mixamorig_LeftHandPinky1-anim" name="mixamorig_LeftHandPinky1">
      <source id="mixamorig_LeftHandPinky1-Matrix-animation-input">
        <float_array id="mixamorig_LeftHandPinky1-Matrix-animation-input-array" count="69">

0.000000 0.033333 0.066667 0.100000 0.133333 0.166667 0.200000 0.233333 0.266667 0.300000 0.333333 0.366667 0.400000 0.433333 0.466667 0.500000
0.533333 0.566667 0.600000 0.633333 0.666667 0.700000 0.733333 0.766667 0.800000 0.833333 0.866667 0.900000 0.933333 0.966667 1.000000 1.033333
1.066667 1.100000 1.133333 1.166667 1.200000 1.233333 1.266667 1.300000 1.333333 1.366667 1.400000 1.433333 1.466667 1.500000 1.533333 1.566667
1.600000 1.633333 1.666667 1.700000 1.733333 1.766667 1.800000 1.833333 1.866667 1.900000 1.933333 1.966667 2.000000 2.033333 2.066667 2.100000
2.133333 2.166667 2.200000 2.233333 2.266667</float_array>
        <technique_common>
          <accessor source="#mixamorig_LeftHandPinky1-Matrix-animation-input-array" count="69">
            <param name="TIME" type="float"/>
          </accessor>
        </technique_common>
      </source>
      <source id="mixamorig_LeftHandPinky1-Matrix-animation-output-transform">
        <float_array id="mixamorig_LeftHandPinky1-Matrix-animation-output-transform-array" count="1104">

0.993338 0.114859 -0.009370 5.614200 -0.109839 0.919041 -0.378548 11.636400 -0.034869 0.377056 0.925534 0.516600 0.000000 0.000000 0.000000 1.000000
0.992305 0.123527 -0.008461 5.614200 -0.117752 0.920375 -0.372886 11.636400 -0.038274 0.371013 0.927839 0.516600 0.000000 0.000000 0.000000 1.000000
0.990855 0.134885 -0.003598 5.614200 -0.126813 0.921787 -0.366370 11.636400 -0.046101 0.363476 0.930462 0.516600 0.000000 0.000000 0.000000 1.000000
0.989030 0.147677 0.003372 5.614200 -0.136606 0.923090 -0.359505 11.636400 -0.056203 0.355100 0.933137 0.516600 0.000000 0.000000 0.000000 1.000000
0.986954 0.160652 0.010613 5.614200 -0.146639 0.924168 -0.352719 11.636400 -0.066473 0.346561 0.935669 0.516600 0.000000 0.000000 0.000000 1.000000
0.984862 0.172569 0.016308 5.614200 -0.156343 0.924988 -0.346343 11.636400 -0.074853 0.338550 0.937966 0.516600 0.000000 0.000000 0.000000 1.000000
0.983085 0.182196 0.018665 5.614200 -0.165074 0.925597 -0.340617 11.636400 -0.079336 0.331774 0.940017 0.516600 0.000000 0.000000 0.000000 1.000000
0.981981 0.188307 0.015905 5.614200 -0.172152 0.926091 -0.335736 11.636400 -0.077951 0.326948 0.941822 0.516600 0.000000 0.000000 0.000000 1.000000
0.981826 0.189681 0.006239 5.614200 -0.176897 0.926574 -0.331915 11.636400 -0.068739 0.324779 0.943289 0.516600 0.000000 0.000000 0.000000 1.000000
0.982647 0.185084 -0.012166 5.614200 -0.178699 0.927087 -0.329511 11.636400 -0.049708 0.325967 0.944073 0.516600 0.000000 0.000000 0.000000 1.000000
0.984092 0.172344 -0.043129 5.614200 -0.176868 0.927532 -0.329244 11.636400 -0.016739 0.331635 0.943259 0.516600 0.000000 0.000000 0.000000 1.000000
0.984472 0.146774 -0.096292 5.614200 -0.170811 0.927444 -0.332674 11.636400 0.040478 0.343956 0.938113 0.516600 0.000000 0.000000 0.000000 1.000000
0.979886 0.111586 -0.165442 5.614200 -0.162990 0.925866 -0.340890 11.636400 0.115138 0.360999 0.925431 0.516600 0.000000 0.000000 0.000000 1.000000
0.967804 0.071234 -0.241415 5.614200 -0.156163 0.922136 -0.353946 11.636400 0.197404 0.380250 0.903571 0.516600 0.000000 0.000000 0.000000 1.000000
0.948659 0.030269 -0.314850 5.614200 -0.152181 0.916306 -0.370437 11.636400 0.277286 0.399332 0.873868 0.516600 0.000000 0.000000 0.000000 1.000000
0.926183 -0.006700 -0.377016 5.614200 -0.151254 0.909278 -0.387732 11.636400 0.345410 0.416135 0.841144 0.516600 0.000000 0.000000 0.000000 1.000000
0.906660 -0.035081 -0.420401 5.614200 -0.151779 0.902677 -0.402662 11.636400 0.393612 0.428885 0.813097 0.516600 0.000000 0.000000 0.000000 1.000000
0.897324 -0.050332 -0.438493 5.614200 -0.151011 0.898509 -0.412161 11.636400 0.414735 0.436059 0.798653 0.516600 0.000000 0.000000 0.000000 1.000000
0.901606 -0.052492 -0.429361 5.614200 -0.145931 0.897503 -0.416163 11.636400 0.407198 0.437873 0.801534 0.516600 0.000000 0.000000 0.000000 1.000000
0.916097 -0.045770 -0.398336 5.614200 -0.136293 0.898760 -0.416718 11.636400 0.377082 0.436045 0.817114 0.516600 0.000000 0.000000 0.000000 1.000000
0.936368 -0.031914 -0.349566 5.614200 -0.123943 0.901653 -0.414318 11.636400 0.328410 0.431280 0.840324 0.516600 0.000000 0.000000 0.000000 1.000000
0.957745 -0.012665 -0.287339 5.614200 -0.110935 0.905462 -0.409673 11.636400 0.265363 0.424238 0.865797 0.516600 0.000000 0.000000 0.000000 1.000000
0.976218 0.010220 -0.216549 5.614200 -0.099083 0.909488 -0.403750 11.636400 0.192822 0.415605 0.888871 0.516600 0.000000 0.000000 0.000000 1.000000
0.989136 0.034977 -0.142779 5.614200 -0.089688 0.913147 -0.397642 11.636400 0.116470 0.406128 0.906363 0.516600 0.000000 0.000000 0.000000 1.000000
0.995584 0.059785 -0.072379 5.614200 -0.083531 0.916011 -0.392361 11.636400 0.042843 0.396674 0.916959 0.516600 0.000000 0.000000 0.000000 1.000000
0.996490 0.083034 -0.010614 5.614200 -0.080623 0.917892 -0.388553 11.636400 -0.022521 0.388045 0.921365 0.516600 0.000000 0.000000 0.000000 1.000000
0.994058 0.102820 0.035735 5.614200 -0.081133 0.918712 -0.386504 11.636400 -0.072571 0.381308 0.921595 0.516600 0.000000 0.000000 0.000000 1.000000
0.991705 0.115930 0.055514 5.614200 -0.085709 0.918282 -0.386539 11.636400 -0.095789 0.378575 0.920601 0.516600 0.000000 0.000000 0.000000 1.000000
0.989908 0.126034 0.064789 5.614200 -0.091532 0.917677 -0.386641 11.636400 -0.108185 0.376809 0.919952 0.516600 0.000000 0.000000 0.000000 1.000000
0.988629 0.132270 0.071535 5.614200 -0.094597 0.916835 -0.387898 11.636400 -0.116893 0.376720 0.918922 0.516600 0.000000 0.000000 0.000000 1.000000
0.987544 0.137020 0.077345 5.614200 -0.096653 0.916170 -0.388962 11.636400 -0.124157 0.376641 0.918001 0.516600 0.000000 0.000000 0.000000 1.000000
0.986669 0.140411 0.082277 5.614200 -0.097802 0.915681 -0.389824 11.636400 -0.130075 0.376580 0.917206 0.516600 0.000000 0.000000 0.000000 1.000000
0.986007 0.142576 0.086384 5.614200 -0.098151 0.915364 -0.390482 11.636400 -0.134746 0.376539 0.916549 0.516600 0.000000 0.000000 0.000000 1.000000
0.985555 0.143641 0.089719 5.614200 -0.097799 0.915206 -0.390940 11.636400 -0.138266 0.376518 0.916033 0.516600 0.000000 0.000000 0.000000 1.000000
0.985300 0.143733 0.092334 5.614200 -0.096845 0.915192 -0.391209 11.636400 -0.140733 0.376516 0.915658 0.516600 0.000000 0.000000 0.000000 1.000000
0.985225 0.142981 0.094277 5.614200 -0.095389 0.915304 -0.391305 11.636400 -0.142241 0.376531 0.915419 0.516600 0.000000 0.000000 0.000000 1.000000
0.985310 0.141511 0.095596 5.614200 -0.093527 0.915517 -0.391256 11.636400 -0.142887 0.376568 0.915303 0.516600 0.000000 0.000000 0.000000 1.000000
0.985531 0.139448 0.096348 5.614200 -0.091358 0.915835 -0.391025 11.636400 -0.142766 0.376565 0.915323 0.516600 0.000000 0.000000 0.000000 1.000000
0.985864 0.136919 0.096573 5.614200 -0.088977 0.916220 -0.390670 11.636400 -0.141972 0.376555 0.915451 0.516600 0.000000 0.000000 0.000000 1.000000
0.986282 0.134054 0.096316 5.614200 -0.086479 0.916640 -0.390246 11.636400 -0.140601 0.376563 0.915659 0.516600 0.000000 0.000000 0.000000 1.000000
0.986763 0.130980 0.095621 5.614200 -0.083959 0.917075 -0.389775 11.636400 -0.138744 0.376588 0.915932 0.516600 0.000000 0.000000 0.000000 1.000000
0.987281 0.127825 0.094537 5.614200 -0.081515 0.917504 -0.389283 11.636400 -0.136498 0.376626 0.916254 0.516600 0.000000 0.000000 0.000000 1.000000
0.987814 0.124714 0.093112 5.614200 -0.079241 0.917912 -0.388792 11.636400 -0.133956 0.376676 0.916608 0.516600 0.000000 0.000000 0.000000 1.000000
0.988341 0.121778 0.091394 5.614200 -0.077236 0.918281 -0.388322 11.636400 -0.131214 0.376736 0.916980 0.516600 0.000000 0.000000 0.000000 1.000000
0.988841 0.119142 0.089431 5.614200 -0.075597 0.918599 -0.387893 11.636400 -0.128366 0.376804 0.917356 0.516600 0.000000 0.000000 0.000000 1.000000
0.989298 0.116934 0.087273 5.614200 -0.074421 0.918852 -0.387521 11.636400 -0.125506 0.376879 0.917720 0.516600 0.000000 0.000000 0.000000 1.000000
0.989692 0.115281 0.084973 5.614200 -0.073808 0.919041 -0.387189 11.636400 -0.122730 0.376926 0.918076 0.516600 0.000000 0.000000 0.000000 1.000000
0.990007 0.114311 0.082583 5.614200 -0.073857 0.919160 -0.386898 11.636400 -0.120134 0.376932 0.918417 0.516600 0.000000 0.000000 0.000000 1.000000
0.990237 0.114052 0.080147 5.614200 -0.074572 0.919190 -0.386688 11.636400 -0.117773 0.376936 0.918721 0.516600 0.000000 0.000000 0.000000 1.000000
0.990429 0.114055 0.077724 5.614200 -0.075520 0.919190 -0.386506 11.636400 -0.115526 0.376938 0.919006 0.516600 0.000000 0.000000 0.000000 1.000000
0.990610 0.114064 0.075368 5.614200 -0.076447 0.919189 -0.386326 11.636400 -0.113343 0.376937 0.919278 0.516600 0.000000 0.000000 0.000000 1.000000
0.990776 0.114082 0.073129 5.614200 -0.077337 0.919187 -0.386154 11.636400 -0.111273 0.376937 0.919531 0.516600 0.000000 0.000000 0.000000 1.000000
0.990913 0.114201 0.071058 5.614200 -0.078252 0.919172 -0.386003 11.636400 -0.109397 0.376935 0.919757 0.516600 0.000000 0.000000 0.000000 1.000000
0.991027 0.114350 0.069205 5.614200 -0.079111 0.919153 -0.385875 11.636400 -0.107734 0.376937 0.919952 0.516600 0.000000 0.000000 0.000000 1.000000
0.991116 0.114524 0.067621 5.614200 -0.079887 0.919133 -0.385761 11.636400 -0.106331 0.376932 0.920117 0.516600 0.000000 0.000000 0.000000 1.000000
0.991181 0.114700 0.066357 5.614200 -0.080539 0.919110 -0.385681 11.636400 -0.105227 0.376935 0.920243 0.516600 0.000000 0.000000 0.000000 1.000000
0.991231 0.114785 0.065465 5.614200 -0.080964 0.919100 -0.385616 11.636400 -0.104432 0.376934 0.920334 0.516600 0.000000 0.000000 0.000000 1.000000
0.991262 0.114784 0.064997 5.614200 -0.081148 0.919107 -0.385562 11.636400 -0.103995 0.376918 0.920390 0.516600 0.000000 0.000000 0.000000 1.000000
0.991266 0.114784 0.064940 5.614200 -0.081173 0.919119 -0.385527 11.636400 -0.103940 0.376888 0.920409 0.516600 0.000000 0.000000 0.000000 1.000000
0.991357 0.114784 0.063530 5.614200 -0.081720 0.919116 -0.385420 11.636400 -0.102631 0.376897 0.920552 0.516600 0.000000 0.000000 0.000000 1.000000
0.991601 0.114785 0.059592 5.614200 -0.083247 0.919102 -0.385125 11.636400 -0.098978 0.376930 0.920938 0.516600 0.000000 0.000000 0.000000 1.000000
0.991944 0.114785 0.053579 5.614200 -0.085581 0.919102 -0.384614 11.636400 -0.093393 0.376930 0.921521 0.516600 0.000000 0.000000 0.000000 1.000000
0.992328 0.114785 0.045931 5.614200 -0.088543 0.919102 -0.383943 11.636400 -0.086286 0.376930 0.922214 0.516600 0.000000 0.000000 0.000000 1.000000
0.992698 0.114785 0.037091 5.614200 -0.091960 0.919102 -0.383139 11.636400 -0.078069 0.376930 0.922946 0.516600 0.000000 0.000000 0.000000 1.000000
0.993010 0.114785 0.027504 5.614200 -0.095655 0.919102 -0.382233 11.636400 -0.069154 0.376930 0.923656 0.516600 0.000000 0.000000 0.000000 1.000000
0.993234 0.114785 0.017618 5.614200 -0.099455 0.919102 -0.381262 11.636400 -0.059956 0.376930 0.924299 0.516600 0.000000 0.000000 0.000000 1.000000
0.993359 0.114785 0.007879 5.614200 -0.103188 0.919102 -0.380268 11.636400 -0.050891 0.376930 0.924843 0.516600 0.000000 0.000000 0.000000 1.000000
0.993390 0.114785 -0.001266 5.614200 -0.106685 0.919102 -0.379302 11.636400 -0.042374 0.376930 0.925272 0.516600 0.000000 0.000000 0.000000 1.000000
0.993347 0.114781 -0.009381 5.614200 -0.109773 0.919069 -0.378501 11.636400 -0.034823 0.377012 0.925553 0.516600 0.000000 0.000000 0.000000 1.000000</float_array>
        <technique_common>
          <accessor source="#mixamorig_LeftHandPinky1-Matrix-animation-output-transform-array" count="69" stride="16">
            <param type="float4x4"/>
          </accessor>
        </technique_common>
      </source>
      <source id="mixamorig_LeftHandPinky1-Interpolations">
        <Name_array id="mixamorig_LeftHandPinky1-Interpolations-array" count="69">
 LINEAR LINEAR LINEAR LINEAR LINEAR LINEAR LINEAR LINEAR LINEAR LINEAR LINEAR
LINEAR LINEAR LINEAR LINEAR LINEAR LINEAR LINEAR LINEAR LINEAR LINEAR LINEAR LINEAR
LINEAR LINEAR LINEAR LINEAR LINEAR LINEAR LINEAR LINEAR LINEAR LINEAR LINEAR LINEAR
LINEAR LINEAR LINEAR LINEAR LINEAR LINEAR LINEAR LINEAR LINEAR LINEAR LINEAR LINEAR
LINEAR LINEAR LINEAR LINEAR LINEAR LINEAR LINEAR LINEAR LINEAR LINEAR LINEAR LINEAR
LINEAR LINEAR LINEAR LINEAR LINEAR LINEAR LINEAR LINEAR LINEAR LINEAR</Name_array>
        <technique_common>
          <accessor source="#mixamorig_LeftHandPinky1-Interpolations-array" count="69">
            <param type="name"/>
          </accessor>
        </technique_common>
      </source>
      <sampler id="mixamorig_LeftHandPinky1-Matrix-animation-transform">
        <input semantic="INPUT" source="#mixamorig_LeftHandPinky1-Matrix-animation-input"/>
        <input semantic="OUTPUT" source="#mixamorig_LeftHandPinky1-Matrix-animation-output-transform"/>
        <input semantic="INTERPOLATION" source="#mixamorig_LeftHandPinky1-Interpolations"/>
      </sampler>
      <channel source="#mixamorig_LeftHandPinky1-Matrix-animation-transform" target="mixamorig_LeftHandPinky1/matrix"/>
    </animation>
    <animation id="mixamorig_LeftHandPinky2-anim" name="mixamorig_LeftHandPinky2">
      <source id="mixamorig_LeftHandPinky2-Matrix-animation-input">
        <float_array id="mixamorig_LeftHandPinky2-Matrix-animation-input-array" count="69">

0.000000 0.033333 0.066667 0.100000 0.133333 0.166667 0.200000 0.233333 0.266667 0.300000 0.333333 0.366667 0.400000 0.433333 0.466667 0.500000
0.533333 0.566667 0.600000 0.633333 0.666667 0.700000 0.733333 0.766667 0.800000 0.833333 0.866667 0.900000 0.933333 0.966667 1.000000 1.033333
1.066667 1.100000 1.133333 1.166667 1.200000 1.233333 1.266667 1.300000 1.333333 1.366667 1.400000 1.433333 1.466667 1.500000 1.533333 1.566667
1.600000 1.633333 1.666667 1.700000 1.733333 1.766667 1.800000 1.833333 1.866667 1.900000 1.933333 1.966667 2.000000 2.033333 2.066667 2.100000
2.133333 2.166667 2.200000 2.233333 2.266667</float_array>
        <technique_common>
          <accessor source="#mixamorig_LeftHandPinky2-Matrix-animation-input-array" count="69">
            <param name="TIME" type="float"/>
          </accessor>
        </technique_common>
      </source>
      <source id="mixamorig_LeftHandPinky2-Matrix-animation-output-transform">
        <float_array id="mixamorig_LeftHandPinky2-Matrix-animation-output-transform-array" count="1104">

0.999892 -0.007622 -0.012567 0.000000 0.003678 0.957583 -0.288135 1.559400 0.014231 0.288058 0.957507 0.000000 0.000000 0.000000 0.000000 1.000000
0.999646 -0.011956 -0.023775 -0.000000 0.004583 0.957389 -0.288764 1.559400 0.026214 0.288553 0.957105 -0.000000 0.000000 0.000000 0.000000 1.000000
0.999218 -0.016774 -0.035799 0.000000 0.005686 0.957087 -0.289744 1.559400 0.039123 0.289314 0.956434 0.000000 0.000000 0.000000 0.000000 1.000000
0.998596 -0.021853 -0.048259 0.000000 0.006875 0.956713 -0.290953 1.559400 0.052528 0.290212 0.955520 0.000000 0.000000 0.000000 0.000000 1.000000
0.997787 -0.026967 -0.060771 -0.000000 0.008046 0.956306 -0.292258 1.559400 0.065997 0.291122 0.954407 0.000000 0.000000 0.000000 0.000000 1.000000
0.996825 -0.031895 -0.072954 -0.000000 0.009104 0.955910 -0.293519 1.559400 0.079100 0.291923 0.953166 -0.000000 0.000000 0.000000 0.000000 1.000000
0.995764 -0.036413 -0.084431 0.000000 0.009966 0.955575 -0.294579 1.559400 0.091407 0.292489 0.951890 0.000000 0.000000 0.000000 0.000000 1.000000
0.994678 -0.040298 -0.094825 0.000000 0.010556 0.955355 -0.295272 1.559400 0.102490 0.292700 0.950696 0.000000 0.000000 0.000000 0.000000 1.000000
0.993658 -0.043327 -0.103762 -0.000000 0.010804 0.955303 -0.295432 1.559400 0.111924 0.292437 0.949712 0.000000 0.000000 0.000000 0.000000 1.000000
0.992803 -0.045278 -0.110871 -0.000000 0.010645 0.955475 -0.294880 1.559400 0.119287 0.291578 0.949080 0.000000 0.000000 0.000000 0.000000 1.000000
0.992209 -0.045824 -0.115851 0.000000 0.009986 0.956160 -0.292676 1.559400 0.124183 0.289239 0.949168 0.000000 0.000000 0.000000 0.000000 1.000000
0.991907 -0.044425 -0.118940 0.000000 0.008735 0.958446 -0.285141 1.559400 0.126665 0.281794 0.951077 0.000000 0.000000 0.000000 0.000000 1.000000
0.991862 -0.041538 -0.120348 -0.000000 0.007009 0.961661 -0.274151 1.559400 0.127122 0.271076 0.954127 0.000000 0.000000 0.000000 0.000000 1.000000
0.992026 -0.037752 -0.120243 -0.000000 0.004903 0.964918 -0.262504 1.559400 0.125935 0.259822 0.957410 0.000000 0.000000 0.000000 0.000000 1.000000
0.992348 -0.033664 -0.118795 -0.000000 0.002529 0.967453 -0.253037 1.559400 0.123447 0.250800 0.960136 0.000000 0.000000 0.000000 0.000000 1.000000
0.992779 -0.029869 -0.116181 0.000000 0.000048 0.968603 -0.248613 1.559400 0.119959 0.246812 0.961610 0.000000 0.000000 0.000000 0.000000 1.000000
0.993277 -0.026963 -0.112579 -0.000000 -0.002303 0.967700 -0.252092 1.559400 0.115740 0.250657 0.961132 -0.000000 0.000000 0.000000 0.000000 1.000000
0.993806 -0.025541 -0.108155 0.000000 -0.004206 0.963888 -0.266274 1.559400 0.111051 0.265079 0.957810 0.000000 0.000000 0.000000 0.000000 1.000000
0.994470 -0.025599 -0.101853 -0.000000 -0.005599 0.955533 -0.294831 1.559400 0.104872 0.293771 0.950106 -0.000000 0.000000 0.000000 0.000000 1.000000
0.995318 -0.026589 -0.092927 0.000000 -0.006296 0.941541 -0.336838 1.559400 0.096451 0.335846 0.936966 -0.000000 0.000000 0.000000 0.000000 1.000000
0.996231 -0.028264 -0.082005 0.000000 -0.005792 0.921634 -0.388017 1.559400 0.086545 0.387030 0.917997 0.000000 0.000000 0.000000 0.000000 1.000000
0.997102 -0.030384 -0.069742 0.000000 -0.003758 0.895980 -0.444078 1.559400 0.075980 0.443053 0.893270 0.000000 0.000000 0.000000 0.000000 1.000000
0.997848 -0.032715 -0.056834 0.000000 -0.000153 0.865506 -0.500898 1.559400 0.065576 0.499828 0.863638 0.000000 0.000000 0.000000 0.000000 1.000000
0.998416 -0.035042 -0.044026 -0.000000 0.004741 0.832021 -0.554724 1.559400 0.056069 0.553637 0.830869 0.000000 0.000000 0.000000 0.000000 1.000000
0.998791 -0.037174 -0.032169 0.000000 0.010320 0.798342 -0.602116 1.559400 0.048065 0.601056 0.797760 0.000000 0.000000 0.000000 0.000000 1.000000
0.999000 -0.038975 -0.021916 0.000000 0.015871 0.767294 -0.641099 1.559400 0.041803 0.640110 0.767145 0.000000 0.000000 0.000000 0.000000 1.000000
0.999086 -0.040293 -0.014288 0.000000 0.020403 0.743091 -0.668879 1.559400 0.037568 0.667976 0.743234 -0.000000 0.000000 0.000000 0.000000 1.000000
0.999102 -0.040897 -0.011038 0.000000 0.022467 0.732504 -0.680392 1.559400 0.035911 0.679533 0.732765 0.000000 0.000000 0.000000 0.000000 1.000000
0.999107 -0.041176 -0.009510 0.000000 0.023454 0.727469 -0.685740 1.559400 0.035155 0.684904 0.727784 0.000000 0.000000 0.000000 0.000000 1.000000
0.999108 -0.041378 -0.008393 0.000000 0.024181 0.723766 -0.689621 1.559400 0.034610 0.688803 0.724122 0.000000 0.000000 0.000000 0.000000 1.000000
0.999109 -0.041551 -0.007429 0.000000 0.024814 0.720559 -0.692949 1.559400 0.034146 0.692147 0.720948 0.000000 0.000000 0.000000 0.000000 1.000000
0.999108 -0.041697 -0.006612 0.000000 0.025353 0.717824 -0.695762 1.559400 0.033758 0.694974 0.718242 -0.000000 0.000000 0.000000 0.000000 1.000000
0.999108 -0.041817 -0.005933 0.000000 0.025803 0.715542 -0.698093 1.559400 0.033438 0.697317 0.715983 0.000000 0.000000 0.000000 0.000000 1.000000
0.999107 -0.041915 -0.005383 0.000000 0.026170 0.713688 -0.699975 1.559400 0.033181 0.699209 0.714147 0.000000 0.000000 0.000000 0.000000 1.000000
0.999106 -0.041990 -0.004954 -0.000000 0.026456 0.712238 -0.701440 1.559400 0.032982 0.700681 0.712712 0.000000 0.000000 0.000000 0.000000 1.000000
0.999105 -0.042046 -0.004640 0.000000 0.026666 0.711167 -0.702518 1.559400 0.032838 0.701765 0.711651 0.000000 0.000000 0.000000 0.000000 1.000000
0.999102 -0.042134 -0.004554 0.000000 0.026756 0.710449 -0.703240 1.559400 0.032866 0.702486 0.710938 -0.000000 0.000000 0.000000 0.000000 1.000000
0.999101 -0.042161 -0.004536 -0.000000 0.026769 0.710056 -0.703636 1.559400 0.032887 0.702882 0.710546 0.000000 0.000000 0.000000 0.000000 1.000000
0.999100 -0.042171 -0.004540 -0.000000 0.026769 0.709962 -0.703731 1.559400 0.032901 0.702976 0.710452 0.000000 0.000000 0.000000 0.000000 1.000000
0.999100 -0.042166 -0.004566 0.000000 0.026756 0.710138 -0.703554 1.559400 0.032908 0.702799 0.710627 0.000000 0.000000 0.000000 0.000000 1.000000
0.999101 -0.042145 -0.004611 -0.000000 0.026728 0.710556 -0.703133 1.559400 0.032910 0.702377 0.711044 -0.000000 0.000000 0.000000 0.000000 1.000000
0.999103 -0.042074 -0.004707 0.000000 0.026640 0.711188 -0.702497 1.559400 0.032905 0.701742 0.711671 0.000000 0.000000 0.000000 0.000000 1.000000
0.999106 -0.041990 -0.004913 0.000000 0.026474 0.712006 -0.701674 1.559400 0.032961 0.700917 0.712481 0.000000 0.000000 0.000000 0.000000 1.000000
0.999107 -0.041936 -0.005206 0.000000 0.026276 0.712980 -0.700692 1.559400 0.033096 0.699929 0.713445 0.000000 0.000000 0.000000 0.000000 1.000000
0.999107 -0.041876 -0.005537 -0.000000 0.026053 0.714083 -0.699576 1.559400 0.033249 0.698807 0.714537 0.000000 0.000000 0.000000 0.000000 1.000000
0.999108 -0.041810 -0.005897 0.000000 0.025811 0.715286 -0.698355 1.559400 0.033417 0.697580 0.715728 0.000000 0.000000 0.000000 0.000000 1.000000
0.999109 -0.041739 -0.006279 0.000000 0.025555 0.716561 -0.697056 1.559400 0.033594 0.696274 0.716989 0.000000 0.000000 0.000000 0.000000 1.000000
0.999109 -0.041667 -0.006675 0.000000 0.025290 0.717880 -0.695707 1.559400 0.033780 0.694919 0.718294 0.000000 0.000000 0.000000 0.000000 1.000000
0.999110 -0.041593 -0.007075 0.000000 0.025024 0.719214 -0.694337 1.559400 0.033968 0.693542 0.719615 -0.000000 0.000000 0.000000 0.000000 1.000000
0.999110 -0.041519 -0.007472 0.000000 0.024760 0.720537 -0.692974 1.559400 0.034155 0.692172 0.720924 -0.000000 0.000000 0.000000 0.000000 1.000000
0.999110 -0.041447 -0.007856 0.000000 0.024505 0.721821 -0.691646 1.559400 0.034337 0.690838 0.722194 0.000000 0.000000 0.000000 0.000000 1.000000
0.999110 -0.041377 -0.008220 0.000000 0.024264 0.723038 -0.690382 1.559400 0.034510 0.689568 0.723398 -0.000000 0.000000 0.000000 0.000000 1.000000
0.999110 -0.041313 -0.008556 0.000000 0.024042 0.724161 -0.689212 1.559400 0.034670 0.688392 0.724509 0.000000 0.000000 0.000000 0.000000 1.000000
0.999109 -0.041255 -0.008856 0.000000 0.023844 0.725164 -0.688164 1.559400 0.034812 0.687340 0.725502 0.000000 0.000000 0.000000 0.000000 1.000000
0.999109 -0.041205 -0.009110 -0.000000 0.023676 0.726019 -0.687267 1.559400 0.034933 0.686439 0.726348 -0.000000 0.000000 0.000000 0.000000 1.000000
0.999108 -0.041196 -0.009287 0.000000 0.023583 0.726700 -0.686550 1.559400 0.035032 0.685718 0.727024 0.000000 0.000000 0.000000 0.000000 1.000000
0.999107 -0.041196 -0.009374 -0.000000 0.023547 0.727180 -0.686043 1.559400 0.035079 0.685209 0.727501 0.000000 0.000000 0.000000 0.000000 1.000000
0.999107 -0.041190 -0.009419 0.000000 0.023525 0.727433 -0.685775 1.559400 0.035099 0.684941 0.727753 0.000000 0.000000 0.000000 0.000000 1.000000
0.999107 -0.041188 -0.009437 0.000000 0.023513 0.727467 -0.685740 1.559400 0.035110 0.684905 0.727786 0.000000 0.000000 0.000000 0.000000 1.000000
0.999130 -0.040583 -0.009609 0.000000 0.023260 0.733488 -0.679304 1.559400 0.034616 0.678490 0.733794 0.000000 0.000000 0.000000 0.000000 1.000000
0.999192 -0.038910 -0.010042 0.000000 0.022561 0.749981 -0.661074 1.559400 0.033254 0.660314 0.750253 0.000000 0.000000 0.000000 0.000000 1.000000
0.999282 -0.036366 -0.010605 0.000000 0.021467 0.774306 -0.632447 1.559400 0.031211 0.631766 0.774531 0.000000 0.000000 0.000000 0.000000 1.000000
0.999389 -0.033111 -0.011200 0.000000 0.019960 0.803652 -0.594765 1.559400 0.028694 0.594178 0.803822 -0.000000 0.000000 0.000000 0.000000 1.000000
0.999503 -0.029237 -0.011785 -0.000000 0.017953 0.835267 -0.549551 1.559400 0.025911 0.549067 0.835377 0.000000 0.000000 0.000000 0.000000 1.000000
0.999614 -0.024938 -0.012268 0.000000 0.015501 0.866659 -0.498660 1.559400 0.023068 0.498277 0.866711 0.000000 0.000000 0.000000 0.000000 1.000000
0.999712 -0.020407 -0.012597 -0.000000 0.012687 0.895772 -0.444332 1.559400 0.020352 0.444045 0.895773 -0.000000 0.000000 0.000000 0.000000 1.000000
0.999793 -0.015858 -0.012746 -0.000000 0.009649 0.921111 -0.389180 1.559400 0.017912 0.388977 0.921073 0.000000 0.000000 0.000000 0.000000 1.000000
0.999853 -0.011517 -0.012722 0.000000 0.006572 0.941806 -0.336093 1.559400 0.015853 0.335960 0.941743 0.000000 0.000000 0.000000 0.000000 1.000000
0.999892 -0.007622 -0.012567 0.000000 0.003678 0.957583 -0.288135 1.559400 0.014230 0.288058 0.957507 0.000000 0.000000 0.000000 0.000000 1.000000</float_array>
        <technique_common>
          <accessor source="#mixamorig_LeftHandPinky2-Matrix-animation-output-transform-array" count="69" stride="16">
            <param type="float4x4"/>
          </accessor>
        </technique_common>
      </source>
      <source id="mixamorig_LeftHandPinky2-Interpolations">
        <Name_array id="mixamorig_LeftHandPinky2-Interpolations-array" count="69">
 LINEAR LINEAR LINEAR LINEAR LINEAR LINEAR LINEAR LINEAR LINEAR LINEAR LINEAR
LINEAR LINEAR LINEAR LINEAR LINEAR LINEAR LINEAR LINEAR LINEAR LINEAR LINEAR LINEAR
LINEAR LINEAR LINEAR LINEAR LINEAR LINEAR LINEAR LINEAR LINEAR LINEAR LINEAR LINEAR
LINEAR LINEAR LINEAR LINEAR LINEAR LINEAR LINEAR LINEAR LINEAR LINEAR LINEAR LINEAR
LINEAR LINEAR LINEAR LINEAR LINEAR LINEAR LINEAR LINEAR LINEAR LINEAR LINEAR LINEAR
LINEAR LINEAR LINEAR LINEAR LINEAR LINEAR LINEAR LINEAR LINEAR LINEAR</Name_array>
        <technique_common>
          <accessor source="#mixamorig_LeftHandPinky2-Interpolations-array" count="69">
            <param type="name"/>
          </accessor>
        </technique_common>
      </source>
      <sampler id="mixamorig_LeftHandPinky2-Matrix-animation-transform">
        <input semantic="INPUT" source="#mixamorig_LeftHandPinky2-Matrix-animation-input"/>
        <input semantic="OUTPUT" source="#mixamorig_LeftHandPinky2-Matrix-animation-output-transform"/>
        <input semantic="INTERPOLATION" source="#mixamorig_LeftHandPinky2-Interpolations"/>
      </sampler>
      <channel source="#mixamorig_LeftHandPinky2-Matrix-animation-transform" target="mixamorig_LeftHandPinky2/matrix"/>
    </animation>
    <animation id="mixamorig_LeftHandPinky3-anim" name="mixamorig_LeftHandPinky3">
      <source id="mixamorig_LeftHandPinky3-Matrix-animation-input">
        <float_array id="mixamorig_LeftHandPinky3-Matrix-animation-input-array" count="69">

0.000000 0.033333 0.066667 0.100000 0.133333 0.166667 0.200000 0.233333 0.266667 0.300000 0.333333 0.366667 0.400000 0.433333 0.466667 0.500000
0.533333 0.566667 0.600000 0.633333 0.666667 0.700000 0.733333 0.766667 0.800000 0.833333 0.866667 0.900000 0.933333 0.966667 1.000000 1.033333
1.066667 1.100000 1.133333 1.166667 1.200000 1.233333 1.266667 1.300000 1.333333 1.366667 1.400000 1.433333 1.466667 1.500000 1.533333 1.566667
1.600000 1.633333 1.666667 1.700000 1.733333 1.766667 1.800000 1.833333 1.866667 1.900000 1.933333 1.966667 2.000000 2.033333 2.066667 2.100000
2.133333 2.166667 2.200000 2.233333 2.266667</float_array>
        <technique_common>
          <accessor source="#mixamorig_LeftHandPinky3-Matrix-animation-input-array" count="69">
            <param name="TIME" type="float"/>
          </accessor>
        </technique_common>
      </source>
      <source id="mixamorig_LeftHandPinky3-Matrix-animation-output-transform">
        <float_array id="mixamorig_LeftHandPinky3-Matrix-animation-output-transform-array" count="1104">

0.999241 -0.021889 -0.032227 0.000000 -0.000333 0.822404 -0.568904 1.540600 0.038956 0.568483 0.821772 -0.000000 0.000000 0.000000 0.000000 1.000000
0.999227 -0.021851 -0.032670 -0.000000 -0.000445 0.824875 -0.565314 1.540600 0.039301 0.564892 0.824228 0.000000 0.000000 0.000000 0.000000 1.000000
0.999203 -0.022089 -0.033257 0.000000 -0.000552 0.825284 -0.564718 1.540600 0.039921 0.564286 0.824614 0.000000 0.000000 0.000000 0.000000 1.000000
0.999171 -0.022371 -0.033998 0.000000 -0.000788 0.824587 -0.565735 1.540600 0.040690 0.565293 0.823886 0.000000 0.000000 0.000000 0.000000 1.000000
0.999139 -0.022663 -0.034757 0.000000 -0.001039 0.823730 -0.566981 1.540600 0.041480 0.566529 0.822997 0.000000 0.000000 0.000000 0.000000 1.000000
0.999110 -0.022901 -0.035424 0.000000 -0.001227 0.823665 -0.567076 1.540600 0.042164 0.566615 0.822903 0.000000 0.000000 0.000000 0.000000 1.000000
0.999091 -0.023018 -0.035888 0.000000 -0.001268 0.825339 -0.564636 1.540600 0.042617 0.564168 0.824560 0.000000 0.000000 0.000000 0.000000 1.000000
0.999087 -0.022947 -0.036037 0.000000 -0.001081 0.829669 -0.558255 1.540600 0.042709 0.557784 0.828887 0.000000 0.000000 0.000000 0.000000 1.000000
0.999105 -0.022616 -0.035755 0.000000 -0.000599 0.837480 -0.546468 1.540600 0.042303 0.546000 0.836717 0.000000 0.000000 0.000000 0.000000 1.000000
0.999149 -0.021951 -0.034913 -0.000000 0.000222 0.849430 -0.527702 1.540600 0.041240 0.527245 0.848712 0.000000 0.000000 0.000000 0.000000 1.000000
0.999230 -0.020771 -0.033291 0.000000 0.001414 0.866914 -0.498455 1.540600 0.039214 0.498024 0.866276 -0.000000 0.000000 0.000000 0.000000 1.000000
0.999365 -0.018575 -0.030401 0.000000 0.002940 0.893414 -0.449224 1.540600 0.035505 0.448850 0.892902 0.000000 0.000000 0.000000 0.000000 1.000000
0.999530 -0.015577 -0.026401 -0.000000 0.004236 0.923198 -0.384302 1.540600 0.030360 0.384009 0.922830 0.000000 0.000000 0.000000 0.000000 1.000000
0.999693 -0.012155 -0.021607 0.000000 0.004833 0.950387 -0.311031 1.540600 0.024316 0.310831 0.950154 0.000000 0.000000 0.000000 0.000000 1.000000
0.999826 -0.008751 -0.016459 0.000000 0.004586 0.971284 -0.237877 1.540600 0.018068 0.237760 0.971156 0.000000 0.000000 0.000000 0.000000 1.000000
0.999916 -0.005852 -0.011531 -0.000000 0.003756 0.984728 -0.174061 1.540600 0.012373 0.174004 0.984667 0.000000 0.000000 0.000000 0.000000 1.000000
0.999964 -0.003956 -0.007511 0.000000 0.002954 0.991638 -0.129019 1.540600 0.007959 0.128992 0.991614 0.000000 0.000000 0.000000 0.000000 1.000000
0.999981 -0.003555 -0.005134 0.000000 0.002958 0.993704 -0.111999 1.540600 0.005500 0.111982 0.993695 0.000000 0.000000 0.000000 0.000000 1.000000
0.999978 -0.004924 -0.004545 0.000000 0.004306 0.991871 -0.127176 1.540600 0.005134 0.127154 0.991870 0.000000 0.000000 0.000000 0.000000 1.000000
0.999956 -0.007771 -0.005182 0.000000 0.006787 0.985688 -0.168444 1.540600 0.006417 0.168401 0.985698 0.000000 0.000000 0.000000 0.000000 1.000000
0.999909 -0.011707 -0.006631 0.000000 0.009876 0.973340 -0.229156 1.540600 0.009137 0.229070 0.973367 0.000000 0.000000 0.000000 0.000000 1.000000
0.999831 -0.016326 -0.008483 0.000000 0.012997 0.953098 -0.302384 1.540600 0.013021 0.302222 0.953149 -0.000000 0.000000 0.000000 0.000000 1.000000
0.999721 -0.021217 -0.010393 0.000000 0.015657 0.924405 -0.381092 1.540600 0.017693 0.380823 0.924479 0.000000 0.000000 0.000000 0.000000 1.000000
0.999589 -0.025989 -0.012117 0.000000 0.017542 0.888504 -0.458532 1.540600 0.022682 0.458131 0.888595 -0.000000 0.000000 0.000000 0.000000 1.000000
0.999450 -0.030274 -0.013510 0.000000 0.018568 0.848791 -0.528403 1.540600 0.027464 0.527862 0.848886 0.000000 0.000000 0.000000 0.000000 1.000000
0.999322 -0.033838 -0.014537 -0.000000 0.018881 0.809637 -0.586628 1.540600 0.031620 0.585955 0.809726 -0.000000 0.000000 0.000000 0.000000 1.000000
0.999222 -0.036395 -0.015200 0.000000 0.018762 0.777603 -0.628476 1.540600 0.034693 0.627702 0.777680 -0.000000 0.000000 0.000000 0.000000 1.000000
0.999178 -0.037466 -0.015496 0.000000 0.018600 0.763198 -0.645897 1.540600 0.036026 0.645078 0.763267 0.000000 0.000000 0.000000 0.000000 1.000000
0.999156 -0.037984 -0.015652 0.000000 0.018504 0.756246 -0.654025 1.540600 0.036679 0.653184 0.756311 -0.000000 0.000000 0.000000 0.000000 1.000000
0.999144 -0.038368 -0.015496 0.000000 0.018610 0.751142 -0.659878 1.540600 0.036958 0.659025 0.751213 -0.000000 0.000000 0.000000 0.000000 1.000000
0.999135 -0.038714 -0.015206 0.000000 0.018814 0.746705 -0.664890 1.540600 0.037095 0.664028 0.746787 0.000000 0.000000 0.000000 0.000000 1.000000
0.999127 -0.039000 -0.014961 -0.000000 0.018980 0.742913 -0.669119 1.540600 0.037211 0.668251 0.743005 0.000000 0.000000 0.000000 0.000000 1.000000
0.999121 -0.039243 -0.014752 0.000000 0.019124 0.739741 -0.672620 1.540600 0.037308 0.671747 0.739841 0.000000 0.000000 0.000000 0.000000 1.000000
0.999116 -0.039438 -0.014580 0.000000 0.019241 0.737160 -0.675444 1.540600 0.037386 0.674566 0.737267 0.000000 0.000000 0.000000 0.000000 1.000000
0.999112 -0.039586 -0.014449 0.000000 0.019327 0.735139 -0.677641 1.540600 0.037447 0.676760 0.735251 0.000000 0.000000 0.000000 0.000000 1.000000
0.999109 -0.039691 -0.014353 0.000000 0.019387 0.733645 -0.679256 1.540600 0.037490 0.678373 0.733761 0.000000 0.000000 0.000000 0.000000 1.000000
0.999107 -0.039763 -0.014285 -0.000000 0.019430 0.732641 -0.680338 1.540600 0.037518 0.679453 0.732760 -0.000000 0.000000 0.000000 0.000000 1.000000
0.999106 -0.039804 -0.014244 0.000000 0.019458 0.732093 -0.680927 1.540600 0.037532 0.680041 0.732213 0.000000 0.000000 0.000000 0.000000 1.000000
0.999106 -0.039817 -0.014228 0.000000 0.019471 0.731961 -0.681069 1.540600 0.037532 0.680183 0.732081 0.000000 0.000000 0.000000 0.000000 1.000000
0.999106 -0.039804 -0.014235 0.000000 0.019471 0.732207 -0.680804 1.540600 0.037522 0.679918 0.732327 0.000000 0.000000 0.000000 0.000000 1.000000
0.999107 -0.039769 -0.014260 0.000000 0.019460 0.732791 -0.680175 1.540600 0.037499 0.679290 0.732911 -0.000000 0.000000 0.000000 0.000000 1.000000
0.999109 -0.039713 -0.014304 0.000000 0.019438 0.733674 -0.679223 1.540600 0.037468 0.678340 0.733792 -0.000000 0.000000 0.000000 0.000000 1.000000
0.999111 -0.039639 -0.014363 0.000000 0.019407 0.734815 -0.677990 1.540600 0.037429 0.677108 0.734931 -0.000000 0.000000 0.000000 0.000000 1.000000
0.999113 -0.039551 -0.014434 0.000000 0.019369 0.736174 -0.676515 1.540600 0.037382 0.675635 0.736288 0.000000 0.000000 0.000000 0.000000 1.000000
0.999116 -0.039450 -0.014516 0.000000 0.019323 0.737711 -0.674840 1.540600 0.037331 0.673963 0.737821 0.000000 0.000000 0.000000 0.000000 1.000000
0.999119 -0.039338 -0.014607 0.000000 0.019273 0.739386 -0.673006 1.540600 0.037275 0.672131 0.739493 0.000000 0.000000 0.000000 0.000000 1.000000
0.999122 -0.039219 -0.014703 -0.000000 0.019218 0.741159 -0.671054 1.540600 0.037216 0.670183 0.741262 0.000000 0.000000 0.000000 0.000000 1.000000
0.999126 -0.039095 -0.014804 0.000000 0.019160 0.742991 -0.669027 1.540600 0.037155 0.668159 0.743091 0.000000 0.000000 0.000000 0.000000 1.000000
0.999129 -0.038969 -0.014906 0.000000 0.019100 0.744842 -0.666967 1.540600 0.037094 0.666102 0.744938 0.000000 0.000000 0.000000 0.000000 1.000000
0.999133 -0.038843 -0.015008 0.000000 0.019040 0.746676 -0.664916 1.540600 0.037033 0.664053 0.746768 0.000000 0.000000 0.000000 0.000000 1.000000
0.999136 -0.038720 -0.015106 0.000000 0.018982 0.748453 -0.662917 1.540600 0.036974 0.662057 0.748541 0.000000 0.000000 0.000000 0.000000 1.000000
0.999139 -0.038603 -0.015200 0.000000 0.018927 0.750136 -0.661013 1.540600 0.036919 0.660156 0.750220 -0.000000 0.000000 0.000000 0.000000 1.000000
0.999142 -0.038494 -0.015286 0.000000 0.018874 0.751687 -0.659250 1.540600 0.036867 0.658396 0.751769 0.000000 0.000000 0.000000 0.000000 1.000000
0.999145 -0.038395 -0.015364 0.000000 0.018826 0.753071 -0.657669 1.540600 0.036822 0.656818 0.753150 -0.000000 0.000000 0.000000 0.000000 1.000000
0.999147 -0.038311 -0.015430 0.000000 0.018785 0.754251 -0.656318 1.540600 0.036782 0.655468 0.754327 0.000000 0.000000 0.000000 0.000000 1.000000
0.999149 -0.038243 -0.015483 0.000000 0.018752 0.755189 -0.655239 1.540600 0.036751 0.654390 0.755263 0.000000 0.000000 0.000000 0.000000 1.000000
0.999151 -0.038153 -0.015557 0.000000 0.018672 0.755852 -0.654477 1.540600 0.036729 0.653630 0.755922 -0.000000 0.000000 0.000000 0.000000 1.000000
0.999153 -0.038084 -0.015614 0.000000 0.018602 0.756201 -0.654075 1.540600 0.036717 0.653230 0.756268 0.000000 0.000000 0.000000 0.000000 1.000000
0.999154 -0.038028 -0.015661 0.000000 0.018531 0.756246 -0.654024 1.540600 0.036714 0.653181 0.756311 0.000000 0.000000 0.000000 0.000000 1.000000
0.999162 -0.037692 -0.015945 0.000000 0.018167 0.757589 -0.652479 1.540600 0.036673 0.651642 0.757639 0.000000 0.000000 0.000000 0.000000 1.000000
0.999181 -0.036807 -0.016795 0.000000 0.017150 0.761318 -0.648151 1.540600 0.036643 0.647333 0.761326 0.000000 0.000000 0.000000 0.000000 1.000000
0.999204 -0.035513 -0.018162 0.000000 0.015598 0.766968 -0.641495 1.540600 0.036711 0.640702 0.766912 -0.000000 0.000000 0.000000 0.000000 1.000000
0.999228 -0.033863 -0.019897 0.000000 0.013629 0.774067 -0.632957 1.540600 0.036836 0.632197 0.773931 0.000000 0.000000 0.000000 0.000000 1.000000
0.999250 -0.031952 -0.021895 -0.000000 0.011360 0.782147 -0.622990 1.540600 0.037031 0.622274 0.781923 0.000000 0.000000 0.000000 0.000000 1.000000
0.999264 -0.029875 -0.024053 0.000000 0.008909 0.790759 -0.612063 1.540600 0.037305 0.611398 0.790443 -0.000000 0.000000 0.000000 0.000000 1.000000
0.999270 -0.027725 -0.026269 -0.000000 0.006391 0.799474 -0.600667 1.540600 0.037655 0.600061 0.799068 0.000000 0.000000 0.000000 0.000000 1.000000
0.999268 -0.025601 -0.028443 -0.000000 0.003923 0.807895 -0.589314 1.540600 0.038066 0.588770 0.807404 0.000000 0.000000 0.000000 0.000000 1.000000
0.999257 -0.023601 -0.030477 0.000000 0.001619 0.815652 -0.578541 1.540600 0.038513 0.578061 0.815084 -0.000000 0.000000 0.000000 0.000000 1.000000
0.999241 -0.021822 -0.032273 0.000000 -0.000414 0.822404 -0.568904 1.540600 0.038956 0.568485 0.821771 0.000000 0.000000 0.000000 0.000000 1.000000</float_array>
        <technique_common>
          <accessor source="#mixamorig_LeftHandPinky3-Matrix-animation-output-transform-array" count="69" stride="16">
            <param type="float4x4"/>
          </accessor>
        </technique_common>
      </source>
      <source id="mixamorig_LeftHandPinky3-Interpolations">
        <Name_array id="mixamorig_LeftHandPinky3-Interpolations-array" count="69">
 LINEAR LINEAR LINEAR LINEAR LINEAR LINEAR LINEAR LINEAR LINEAR LINEAR LINEAR
LINEAR LINEAR LINEAR LINEAR LINEAR LINEAR LINEAR LINEAR LINEAR LINEAR LINEAR LINEAR
LINEAR LINEAR LINEAR LINEAR LINEAR LINEAR LINEAR LINEAR LINEAR LINEAR LINEAR LINEAR
LINEAR LINEAR LINEAR LINEAR LINEAR LINEAR LINEAR LINEAR LINEAR LINEAR LINEAR LINEAR
LINEAR LINEAR LINEAR LINEAR LINEAR LINEAR LINEAR LINEAR LINEAR LINEAR LINEAR LINEAR
LINEAR LINEAR LINEAR LINEAR LINEAR LINEAR LINEAR LINEAR LINEAR LINEAR</Name_array>
        <technique_common>
          <accessor source="#mixamorig_LeftHandPinky3-Interpolations-array" count="69">
            <param type="name"/>
          </accessor>
        </technique_common>
      </source>
      <sampler id="mixamorig_LeftHandPinky3-Matrix-animation-transform">
        <input semantic="INPUT" source="#mixamorig_LeftHandPinky3-Matrix-animation-input"/>
        <input semantic="OUTPUT" source="#mixamorig_LeftHandPinky3-Matrix-animation-output-transform"/>
        <input semantic="INTERPOLATION" source="#mixamorig_LeftHandPinky3-Interpolations"/>
      </sampler>
      <channel source="#mixamorig_LeftHandPinky3-Matrix-animation-transform" target="mixamorig_LeftHandPinky3/matrix"/>
    </animation>
    <animation id="mixamorig_RightShoulder-anim" name="mixamorig_RightShoulder">
      <source id="mixamorig_RightShoulder-Matrix-animation-input">
        <float_array id="mixamorig_RightShoulder-Matrix-animation-input-array" count="69">

0.000000 0.033333 0.066667 0.100000 0.133333 0.166667 0.200000 0.233333 0.266667 0.300000 0.333333 0.366667 0.400000 0.433333 0.466667 0.500000
0.533333 0.566667 0.600000 0.633333 0.666667 0.700000 0.733333 0.766667 0.800000 0.833333 0.866667 0.900000 0.933333 0.966667 1.000000 1.033333
1.066667 1.100000 1.133333 1.166667 1.200000 1.233333 1.266667 1.300000 1.333333 1.366667 1.400000 1.433333 1.466667 1.500000 1.533333 1.566667
1.600000 1.633333 1.666667 1.700000 1.733333 1.766667 1.800000 1.833333 1.866667 1.900000 1.933333 1.966667 2.000000 2.033333 2.066667 2.100000
2.133333 2.166667 2.200000 2.233333 2.266667</float_array>
        <technique_common>
          <accessor source="#mixamorig_RightShoulder-Matrix-animation-input-array" count="69">
            <param name="TIME" type="float"/>
          </accessor>
        </technique_common>
      </source>
      <source id="mixamorig_RightShoulder-Matrix-animation-output-transform">
        <float_array id="mixamorig_RightShoulder-Matrix-animation-output-transform-array" count="1104">

0.416431 -0.881261 0.223528 -6.728800 0.081467 -0.208701 -0.974580 11.756700 0.905510 0.424056 -0.015116 -2.058500 0.000000 0.000000 0.000000 1.000000
0.369077 -0.902798 0.220769 -6.728800 0.069712 -0.209979 -0.975217 11.756700 0.926781 0.375320 -0.014562 -2.058500 0.000000 0.000000 0.000000 1.000000
0.306033 -0.926355 0.219570 -6.728800 0.052551 -0.213847 -0.975453 11.756700 0.950569 0.310059 -0.016763 -2.058500 0.000000 0.000000 0.000000 1.000000
0.215501 -0.951874 0.217935 -6.728800 0.031056 -0.216385 -0.975814 11.756700 0.976010 0.217057 -0.017070 -2.058500 0.000000 0.000000 0.000000 1.000000
0.129625 -0.967151 0.218671 -6.728800 0.008476 -0.219443 -0.975589 11.756700 0.991527 0.128314 -0.020248 -2.058500 0.000000 0.000000 0.000000 1.000000
0.038764 -0.976111 0.213787 -6.728800 -0.015708 -0.214517 -0.976594 11.756700 0.999125 0.034499 -0.023648 -2.058500 0.000000 0.000000 0.000000 1.000000
-0.027744 -0.979595 0.199059 -6.728800 -0.039965 -0.197890 -0.979409 11.756700 0.998816 -0.035128 -0.033659 -2.058500 0.000000 0.000000 0.000000 1.000000
-0.077848 -0.984651 0.156213 -6.728800 -0.067019 -0.151166 -0.986234 11.756700 0.994710 -0.087245 -0.054223 -2.058500 0.000000 0.000000 0.000000 1.000000
-0.135755 -0.985122 0.105382 -6.728800 -0.088797 -0.093840 -0.991619 11.756700 0.986755 -0.143975 -0.074737 -2.058500 0.000000 0.000000 0.000000 1.000000
-0.153653 -0.986727 0.052546 -6.728800 -0.110536 -0.035679 -0.993232 11.756700 0.981923 -0.158421 -0.103586 -2.058500 0.000000 0.000000 0.000000 1.000000
-0.170694 -0.985310 -0.005203 -6.728800 -0.134153 0.028471 -0.990552 11.756700 0.976149 -0.168383 -0.137042 -2.058500 0.000000 0.000000 0.000000 1.000000
-0.177098 -0.982888 -0.050677 -6.728800 -0.155592 0.078803 -0.984673 11.756700 0.971817 -0.166499 -0.166885 -2.058500 0.000000 0.000000 0.000000 1.000000
-0.185914 -0.979002 -0.083611 -6.728800 -0.170005 0.115862 -0.978608 11.756700 0.967747 -0.167723 -0.187976 -2.058500 0.000000 0.000000 0.000000 1.000000
-0.203118 -0.973394 -0.106051 -6.728800 -0.173331 0.142343 -0.974523 11.756700 0.963691 -0.179561 -0.197632 -2.058500 0.000000 0.000000 0.000000 1.000000
-0.214166 -0.969046 -0.122811 -6.728800 -0.171644 0.161107 -0.971897 11.756700 0.961598 -0.187067 -0.200834 -2.058500 0.000000 0.000000 0.000000 1.000000
-0.228675 -0.961629 -0.151584 -6.728800 -0.167275 0.192208 -0.966993 11.756700 0.959024 -0.195771 -0.204809 -2.058500 0.000000 0.000000 0.000000 1.000000
-0.242931 -0.948447 -0.203550 -6.728800 -0.165672 0.247319 -0.954665 11.756700 0.955791 -0.198195 -0.217213 -2.058500 0.000000 0.000000 0.000000 1.000000
-0.224544 -0.952080 -0.207664 -6.728800 -0.167731 0.247687 -0.954210 11.756700 0.959920 -0.179431 -0.215310 -2.058500 0.000000 0.000000 0.000000 1.000000
-0.166839 -0.971432 -0.168775 -6.728800 -0.165140 0.196287 -0.966540 11.756700 0.972056 -0.133385 -0.193170 -2.058500 0.000000 0.000000 0.000000 1.000000
-0.093315 -0.987193 -0.129395 -6.728800 -0.157633 0.142972 -0.977093 11.756700 0.983079 -0.070781 -0.168955 -2.058500 0.000000 0.000000 0.000000 1.000000
-0.020489 -0.987294 -0.157577 -6.728800 -0.151785 0.158854 -0.975565 11.756700 0.988201 0.003930 -0.153112 -2.058500 0.000000 0.000000 0.000000 1.000000
0.045459 -0.980361 -0.191900 -6.728800 -0.151984 0.183075 -0.971280 11.756700 0.987337 0.073319 -0.140676 -2.058500 0.000000 0.000000 0.000000 1.000000
0.090524 -0.976101 -0.197568 -6.728800 -0.161502 0.181368 -0.970063 11.756700 0.982712 0.119722 -0.141224 -2.058500 0.000000 0.000000 0.000000 1.000000
0.174086 -0.960411 -0.217496 -6.728800 -0.218548 0.177679 -0.959514 11.756700 0.960172 0.214572 -0.178964 -2.058500 0.000000 0.000000 0.000000 1.000000
0.258764 -0.963449 -0.069335 -6.728800 -0.203267 0.015861 -0.978995 11.756700 0.944311 0.267422 -0.191733 -2.058500 0.000000 0.000000 0.000000 1.000000
0.329162 -0.934776 0.133590 -6.728800 -0.147139 -0.190521 -0.970593 11.756700 0.932739 0.299826 -0.200255 -2.058500 0.000000 0.000000 0.000000 1.000000
0.413614 -0.885130 0.213235 -6.728800 -0.113066 -0.282331 -0.952631 11.756700 0.903404 0.369912 -0.216854 -2.058500 0.000000 0.000000 0.000000 1.000000
0.498479 -0.838217 0.221158 -6.728800 -0.082723 -0.299942 -0.950364 11.756700 0.862946 0.455442 -0.218854 -2.058500 0.000000 0.000000 0.000000 1.000000
0.529197 -0.821065 0.214016 -6.728800 -0.073634 -0.295717 -0.952434 11.756700 0.845298 0.488267 -0.216951 -2.058500 0.000000 0.000000 0.000000 1.000000
0.552270 -0.809639 0.198703 -6.728800 -0.075266 -0.285799 -0.955329 11.756700 0.830261 0.512644 -0.218776 -2.058500 0.000000 0.000000 0.000000 1.000000
0.513530 -0.829615 0.219147 -6.728800 -0.084643 -0.303126 -0.949184 11.756700 0.853887 0.468885 -0.225885 -2.058500 0.000000 0.000000 0.000000 1.000000
0.469530 -0.845373 0.254727 -6.728800 -0.097828 -0.336542 -0.936573 11.756700 0.877480 0.414830 -0.240717 -2.058500 0.000000 0.000000 0.000000 1.000000
0.443421 -0.849153 0.286910 -6.728800 -0.112919 -0.370473 -0.921954 11.756700 0.889172 0.376416 -0.260161 -2.058500 0.000000 0.000000 0.000000 1.000000
0.419150 -0.854104 0.307928 -6.728800 -0.130003 -0.392124 -0.910680 11.756700 0.898561 0.341680 -0.275395 -2.058500 0.000000 0.000000 0.000000 1.000000
0.413326 -0.859243 0.301436 -6.728800 -0.147045 -0.389674 -0.909138 11.756700 0.898632 0.331446 -0.287409 -2.058500 0.000000 0.000000 0.000000 1.000000
0.410076 -0.869099 0.276593 -6.728800 -0.166662 -0.369565 -0.914137 11.756700 0.896695 0.328768 -0.296396 -2.058500 0.000000 0.000000 0.000000 1.000000
0.397074 -0.882107 0.253414 -6.728800 -0.187973 -0.348425 -0.918295 11.756700 0.898331 0.316996 -0.304163 -2.058500 0.000000 0.000000 0.000000 1.000000
0.391346 -0.891200 0.229372 -6.728800 -0.208477 -0.328631 -0.921162 11.756700 0.896318 0.312674 -0.314403 -2.058500 0.000000 0.000000 0.000000 1.000000
0.378835 -0.898092 0.223415 -6.728800 -0.223878 -0.323172 -0.919477 11.756700 0.897977 0.298312 -0.323492 -2.058500 0.000000 0.000000 0.000000 1.000000
0.365242 -0.902329 0.228911 -6.728800 -0.232213 -0.326437 -0.916251 11.756700 0.901485 0.281497 -0.328761 -2.058500 0.000000 0.000000 0.000000 1.000000
0.355907 -0.903267 0.239664 -6.728800 -0.232374 -0.333940 -0.913503 11.756700 0.905170 0.269430 -0.328747 -2.058500 0.000000 0.000000 0.000000 1.000000
0.351443 -0.899700 0.258896 -6.728800 -0.223205 -0.349084 -0.910121 11.756700 0.909212 0.262069 -0.323501 -2.058500 0.000000 0.000000 0.000000 1.000000
0.338604 -0.894749 0.291157 -6.728800 -0.207526 -0.372831 -0.904395 11.756700 0.917758 0.245809 -0.311926 -2.058500 0.000000 0.000000 0.000000 1.000000
0.330439 -0.887991 0.319815 -6.728800 -0.189461 -0.394360 -0.899214 11.756700 0.924616 0.236543 -0.298552 -2.058500 0.000000 0.000000 0.000000 1.000000
0.323079 -0.879333 0.349847 -6.728800 -0.167151 -0.416881 -0.893460 11.756700 0.931494 0.230181 -0.281667 -2.058500 0.000000 0.000000 0.000000 1.000000
0.314445 -0.871464 0.376398 -6.728800 -0.142604 -0.435377 -0.888882 11.756700 0.938503 0.225829 -0.261176 -2.058500 0.000000 0.000000 0.000000 1.000000
0.319233 -0.862482 0.392702 -6.728800 -0.116990 -0.447080 -0.886810 11.756700 0.940427 0.237157 -0.243624 -2.058500 0.000000 0.000000 0.000000 1.000000
0.301689 -0.861147 0.409158 -6.728800 -0.098040 -0.454900 -0.885130 11.756700 0.948352 0.226920 -0.221665 -2.058500 0.000000 0.000000 0.000000 1.000000
0.279319 -0.863599 0.419735 -6.728800 -0.082843 -0.457178 -0.885509 11.756700 0.956618 0.212567 -0.199242 -2.058500 0.000000 0.000000 0.000000 1.000000
0.281477 -0.862392 0.420775 -6.728800 -0.064139 -0.454433 -0.888469 11.756700 0.957422 0.223096 -0.183225 -2.058500 0.000000 0.000000 0.000000 1.000000
0.294955 -0.860855 0.414645 -6.728800 -0.043291 -0.445545 -0.894212 11.756700 0.954530 0.245802 -0.168683 -2.058500 0.000000 0.000000 0.000000 1.000000
0.321745 -0.859626 0.396893 -6.728800 -0.021322 -0.425654 -0.904635 11.756700 0.946586 0.282599 -0.155281 -2.058500 0.000000 0.000000 0.000000 1.000000
0.369048 -0.865242 0.339352 -6.728800 -0.017374 -0.371485 -0.928277 11.756700 0.929248 0.336683 -0.152128 -2.058500 0.000000 0.000000 0.000000 1.000000
0.437222 -0.844733 0.308646 -6.728800 0.000491 -0.342963 -0.939349 11.756700 0.899354 0.410855 -0.149536 -2.058500 0.000000 0.000000 0.000000 1.000000
0.508389 -0.816406 0.273900 -6.728800 0.010658 -0.312081 -0.949996 11.756700 0.861061 0.485887 -0.149958 -2.058500 0.000000 0.000000 0.000000 1.000000
0.563868 -0.790815 0.238043 -6.728800 0.012386 -0.280105 -0.959889 11.756700 0.825772 0.544200 -0.148147 -2.058500 0.000000 0.000000 0.000000 1.000000
0.593537 -0.773563 0.222067 -6.728800 0.022814 -0.259644 -0.965435 11.756700 0.804483 0.578088 -0.136461 -2.058500 0.000000 0.000000 0.000000 1.000000
0.606397 -0.770157 0.197840 -6.728800 0.025450 -0.229879 -0.972886 11.756700 0.794755 0.594990 -0.119798 -2.058500 0.000000 0.000000 0.000000 1.000000
0.610942 -0.771872 0.175963 -6.728800 0.030594 -0.199081 -0.979505 11.756700 0.791084 0.603804 -0.098013 -2.058500 0.000000 0.000000 0.000000 1.000000
0.611330 -0.773118 0.169009 -6.728800 0.046916 -0.177782 -0.982951 11.756700 0.789984 0.608836 -0.072412 -2.058500 0.000000 0.000000 0.000000 1.000000
0.605042 -0.778701 0.165977 -6.728800 0.064070 -0.160169 -0.985008 11.756700 0.793612 0.606605 -0.047017 -2.058500 0.000000 0.000000 0.000000 1.000000
0.592305 -0.788040 0.167833 -6.728800 0.078304 -0.151016 -0.985425 11.756700 0.801899 0.596815 -0.027741 -2.058500 0.000000 0.000000 0.000000 1.000000
0.574725 -0.799391 0.175114 -6.728800 0.087400 -0.152802 -0.984384 11.756700 0.813666 0.581055 -0.017952 -2.058500 0.000000 0.000000 0.000000 1.000000
0.551008 -0.813728 0.185033 -6.728800 0.092703 -0.160671 -0.982645 11.756700 0.829335 0.558599 -0.013096 -2.058500 0.000000 0.000000 0.000000 1.000000
0.523425 -0.829648 0.194191 -6.728800 0.093414 -0.170657 -0.980892 11.756700 0.846936 0.531564 -0.011826 -2.058500 0.000000 0.000000 0.000000 1.000000
0.493852 -0.845318 0.203835 -6.728800 0.091637 -0.182516 -0.978923 11.756700 0.864704 0.502122 -0.012674 -2.058500 0.000000 0.000000 0.000000 1.000000
0.464369 -0.859649 0.212991 -6.728800 0.088382 -0.194312 -0.976950 11.756700 0.881221 0.472490 -0.014255 -2.058500 0.000000 0.000000 0.000000 1.000000
0.437148 -0.871780 0.221137 -6.728800 0.085101 -0.204678 -0.975123 11.756700 0.895354 0.445092 -0.015285 -2.058500 0.000000 0.000000 0.000000 1.000000
0.416436 -0.881258 0.223529 -6.728800 0.081467 -0.208703 -0.974580 11.756700 0.905508 0.424060 -0.015118 -2.058500 0.000000 0.000000 0.000000 1.000000</float_array>
        <technique_common>
          <accessor source="#mixamorig_RightShoulder-Matrix-animation-output-transform-array" count="69" stride="16">
            <param type="float4x4"/>
          </accessor>
        </technique_common>
      </source>
      <source id="mixamorig_RightShoulder-Interpolations">
        <Name_array id="mixamorig_RightShoulder-Interpolations-array" count="69">
 LINEAR LINEAR LINEAR LINEAR LINEAR LINEAR LINEAR LINEAR LINEAR LINEAR LINEAR
LINEAR LINEAR LINEAR LINEAR LINEAR LINEAR LINEAR LINEAR LINEAR LINEAR LINEAR LINEAR
LINEAR LINEAR LINEAR LINEAR LINEAR LINEAR LINEAR LINEAR LINEAR LINEAR LINEAR LINEAR
LINEAR LINEAR LINEAR LINEAR LINEAR LINEAR LINEAR LINEAR LINEAR LINEAR LINEAR LINEAR
LINEAR LINEAR LINEAR LINEAR LINEAR LINEAR LINEAR LINEAR LINEAR LINEAR LINEAR LINEAR
LINEAR LINEAR LINEAR LINEAR LINEAR LINEAR LINEAR LINEAR LINEAR LINEAR</Name_array>
        <technique_common>
          <accessor source="#mixamorig_RightShoulder-Interpolations-array" count="69">
            <param type="name"/>
          </accessor>
        </technique_common>
      </source>
      <sampler id="mixamorig_RightShoulder-Matrix-animation-transform">
        <input semantic="INPUT" source="#mixamorig_RightShoulder-Matrix-animation-input"/>
        <input semantic="OUTPUT" source="#mixamorig_RightShoulder-Matrix-animation-output-transform"/>
        <input semantic="INTERPOLATION" source="#mixamorig_RightShoulder-Interpolations"/>
      </sampler>
      <channel source="#mixamorig_RightShoulder-Matrix-animation-transform" target="mixamorig_RightShoulder/matrix"/>
    </animation>
    <animation id="mixamorig_RightArm-anim" name="mixamorig_RightArm">
      <source id="mixamorig_RightArm-Matrix-animation-input">
        <float_array id="mixamorig_RightArm-Matrix-animation-input-array" count="69">

0.000000 0.033333 0.066667 0.100000 0.133333 0.166667 0.200000 0.233333 0.266667 0.300000 0.333333 0.366667 0.400000 0.433333 0.466667 0.500000
0.533333 0.566667 0.600000 0.633333 0.666667 0.700000 0.733333 0.766667 0.800000 0.833333 0.866667 0.900000 0.933333 0.966667 1.000000 1.033333
1.066667 1.100000 1.133333 1.166667 1.200000 1.233333 1.266667 1.300000 1.333333 1.366667 1.400000 1.433333 1.466667 1.500000 1.533333 1.566667
1.600000 1.633333 1.666667 1.700000 1.733333 1.766667 1.800000 1.833333 1.866667 1.900000 1.933333 1.966667 2.000000 2.033333 2.066667 2.100000
2.133333 2.166667 2.200000 2.233333 2.266667</float_array>
        <technique_common>
          <accessor source="#mixamorig_RightArm-Matrix-animation-input-array" count="69">
            <param name="TIME" type="float"/>
          </accessor>
        </technique_common>
      </source>
      <source id="mixamorig_RightArm-Matrix-animation-output-transform">
        <float_array id="mixamorig_RightArm-Matrix-animation-output-transform-array" count="1104">

0.813538 -0.403630 0.418616 0.000000 0.580583 0.604444 -0.545500 14.448800 -0.032850 0.686826 0.726079 -0.000000 0.000000 0.000000 0.000000 1.000000
0.813932 -0.401231 0.420153 0.000000 0.579715 0.608248 -0.542185 14.448800 -0.038016 0.684871 0.727672 0.000000 0.000000 0.000000 0.000000 1.000000
0.815324 -0.416894 0.401805 0.000000 0.578292 0.620773 -0.529358 14.448800 -0.028744 0.663958 0.747217 0.000000 0.000000 0.000000 0.000000 1.000000
0.831748 -0.425255 0.356866 0.000000 0.554705 0.662438 -0.503466 14.448800 -0.022300 0.616712 0.786873 0.000000 0.000000 0.000000 0.000000 1.000000
0.853891 -0.419760 0.307688 0.000000 0.518664 0.735281 -0.436290 14.448800 -0.043100 0.532131 0.845564 0.000000 0.000000 0.000000 0.000000 1.000000
0.882967 -0.380516 0.274912 -0.000000 0.456169 0.833730 -0.311134 14.448800 -0.110811 0.400127 0.909736 -0.000000 0.000000 0.000000 0.000000 1.000000
0.890416 -0.342699 0.299529 0.000000 0.390705 0.913079 -0.116779 14.448800 -0.233473 0.221009 0.946914 0.000000 0.000000 0.000000 0.000000 1.000000
0.854297 -0.338170 0.394738 -0.000000 0.323631 0.940321 0.105161 14.448800 -0.406743 0.037911 0.912756 0.000000 0.000000 0.000000 0.000000 1.000000
0.773703 -0.381852 0.505542 0.000000 0.266053 0.920013 0.287737 14.448800 -0.574978 -0.088121 0.813409 0.000000 0.000000 0.000000 0.000000 1.000000
0.670736 -0.465921 0.577088 -0.000000 0.269710 0.878017 0.395402 14.448800 -0.690920 -0.109564 0.714581 0.000000 0.000000 0.000000 0.000000 1.000000
0.568669 -0.520556 0.636896 0.000000 0.295108 0.851846 0.432747 14.448800 -0.767806 -0.058137 0.638039 0.000000 0.000000 0.000000 0.000000 1.000000
0.482177 -0.531114 0.696723 0.000000 0.278252 0.846944 0.453059 14.448800 -0.830711 -0.024590 0.556160 0.000000 0.000000 0.000000 0.000000 1.000000
0.430051 -0.492820 0.756429 0.000000 0.207991 0.869410 0.448180 14.448800 -0.878519 -0.035410 0.476393 -0.000000 0.000000 0.000000 0.000000 1.000000
0.404932 -0.420864 0.811729 0.000000 0.094748 0.902304 0.420560 14.448800 -0.909424 -0.093389 0.405248 -0.000000 0.000000 0.000000 0.000000 1.000000
0.365716 -0.352047 0.861577 0.000000 -0.026058 0.921468 0.387579 14.448800 -0.930362 -0.164195 0.327822 -0.000000 0.000000 0.000000 0.000000 1.000000
0.307540 -0.300185 0.902944 0.000000 -0.092771 0.934954 0.342424 14.448800 -0.947002 -0.189076 0.259687 0.000000 0.000000 0.000000 0.000000 1.000000
0.254812 -0.293746 0.921295 0.000000 -0.102494 0.939173 0.327794 14.448800 -0.961543 -0.177953 0.209206 0.000000 0.000000 0.000000 0.000000 1.000000
0.227033 -0.362538 0.903893 -0.000000 -0.096042 0.915270 0.391225 14.448800 -0.969140 -0.175633 0.172978 0.000000 0.000000 0.000000 0.000000 1.000000
0.207826 -0.485953 0.848915 0.000000 -0.058695 0.860105 0.506728 14.448800 -0.976403 -0.155139 0.150229 0.000000 0.000000 0.000000 0.000000 1.000000
0.217797 -0.544707 0.809851 0.000000 -0.042998 0.823610 0.565524 14.448800 -0.975047 -0.157991 0.155958 -0.000000 0.000000 0.000000 0.000000 1.000000
0.216023 -0.593207 0.775525 -0.000000 -0.012167 0.792583 0.609643 14.448800 -0.976312 -0.141132 0.163999 0.000000 0.000000 0.000000 0.000000 1.000000
0.217703 -0.516684 0.828035 0.000000 -0.048240 0.841651 0.537863 14.448800 -0.974822 -0.157039 0.158305 -0.000000 0.000000 0.000000 0.000000 1.000000
0.178624 -0.421907 0.888869 0.000000 -0.089846 0.892629 0.441747 14.448800 -0.979807 -0.158768 0.121538 -0.000000 0.000000 0.000000 0.000000 1.000000
0.224129 -0.200626 0.953685 0.000000 -0.137935 0.962199 0.234834 14.448800 -0.964749 -0.184180 0.187983 -0.000000 0.000000 0.000000 0.000000 1.000000
0.370695 0.109630 0.922262 0.000000 -0.275975 0.961159 -0.003328 14.448800 -0.886805 -0.253288 0.386552 0.000000 0.000000 0.000000 0.000000 1.000000
0.480358 0.467761 0.741927 0.000000 -0.471646 0.850956 -0.231135 14.448800 -0.739463 -0.238900 0.629381 -0.000000 0.000000 0.000000 0.000000 1.000000
0.631977 0.609643 0.478478 0.000000 -0.521980 0.791199 -0.318656 14.448800 -0.572837 -0.048373 0.818240 0.000000 0.000000 0.000000 0.000000 1.000000
0.801395 0.583315 0.132321 0.000000 -0.518197 0.787575 -0.333462 14.448800 -0.298726 0.198666 0.933431 0.000000 0.000000 0.000000 0.000000 1.000000
0.882026 0.470788 -0.019720 0.000000 -0.460717 0.852866 -0.245681 14.448800 -0.098845 0.225782 0.969150 -0.000000 0.000000 0.000000 0.000000 1.000000
0.876931 0.469486 -0.102838 0.000000 -0.479752 0.867907 -0.128744 14.448800 0.028811 0.162236 0.986331 -0.000000 0.000000 0.000000 0.000000 1.000000
0.791305 0.598119 -0.126848 0.000000 -0.602349 0.798209 0.006168 14.448800 0.104940 0.071526 0.991903 -0.000000 0.000000 0.000000 0.000000 1.000000
0.703038 0.704442 -0.097461 0.000000 -0.697846 0.709761 0.096178 14.448800 0.136926 0.000396 0.990581 0.000000 0.000000 0.000000 0.000000 1.000000
0.644392 0.762557 -0.057153 0.000000 -0.754099 0.646084 0.117944 14.448800 0.126864 -0.032903 0.991374 0.000000 0.000000 0.000000 0.000000 1.000000
0.594300 0.804033 -0.018394 0.000000 -0.799044 0.592899 0.100000 14.448800 0.091309 -0.044733 0.994817 0.000000 0.000000 0.000000 0.000000 1.000000
0.545687 0.837832 0.016209 -0.000000 -0.837109 0.544126 0.056345 14.448800 0.038388 -0.044315 0.998280 0.000000 0.000000 0.000000 0.000000 1.000000
0.477835 0.877404 0.042845 0.000000 -0.878407 0.477723 0.013483 14.448800 -0.008638 -0.044078 0.998991 0.000000 0.000000 0.000000 0.000000 1.000000
0.389608 0.919545 0.051403 0.000000 -0.920154 0.391016 -0.020558 14.448800 -0.039004 -0.039289 0.998466 0.000000 0.000000 0.000000 0.000000 1.000000
0.308568 0.950268 0.042152 0.000000 -0.948837 0.310622 -0.056772 14.448800 -0.067042 -0.022478 0.997497 0.000000 0.000000 0.000000 0.000000 1.000000
0.241848 0.970243 0.011789 0.000000 -0.966529 0.241959 -0.085305 14.448800 -0.085619 0.009237 0.996285 0.000000 0.000000 0.000000 0.000000 1.000000
0.209143 0.977347 -0.032441 0.000000 -0.973447 0.204922 -0.102018 14.448800 -0.093059 0.052916 0.994253 0.000000 0.000000 0.000000 0.000000 1.000000
0.222899 0.972289 -0.070493 0.000000 -0.971398 0.215457 -0.099825 14.448800 -0.081871 0.090728 0.992505 0.000000 0.000000 0.000000 0.000000 1.000000
0.268756 0.958137 -0.098714 0.000000 -0.961964 0.261789 -0.078044 14.448800 -0.048935 0.115934 0.992051 0.000000 0.000000 0.000000 0.000000 1.000000
0.324561 0.939208 -0.112023 -0.000000 -0.945851 0.321625 -0.043867 14.448800 -0.005171 0.120195 0.992737 0.000000 0.000000 0.000000 0.000000 1.000000
0.375054 0.922026 -0.095932 0.000000 -0.926852 0.374849 -0.020842 14.448800 0.016743 0.096731 0.995170 -0.000000 0.000000 0.000000 0.000000 1.000000
0.420520 0.903534 -0.082398 0.000000 -0.906801 0.421520 -0.005697 14.448800 0.029585 0.077115 0.996583 0.000000 0.000000 0.000000 0.000000 1.000000
0.466729 0.879730 -0.090763 0.000000 -0.883040 0.469240 0.007317 14.448800 0.049027 0.076732 0.995846 0.000000 0.000000 0.000000 0.000000 1.000000
0.533639 0.835927 -0.128279 0.000000 -0.842073 0.539252 0.011014 14.448800 0.078382 0.102143 0.991677 0.000000 0.000000 0.000000 0.000000 1.000000
0.593068 0.779809 -0.200419 -0.000000 -0.795733 0.605645 0.001812 14.448800 0.122796 0.158405 0.979709 -0.000000 0.000000 0.000000 0.000000 1.000000
0.660802 0.691087 -0.292813 -0.000000 -0.730659 0.681550 -0.040333 14.448800 0.171693 0.240598 0.955319 0.000000 0.000000 0.000000 0.000000 1.000000
0.749850 0.555833 -0.358852 0.000000 -0.631449 0.763144 -0.137416 14.448800 0.197475 0.329639 0.923224 0.000000 0.000000 0.000000 0.000000 1.000000
0.843187 0.398294 -0.361107 0.000000 -0.502434 0.822790 -0.265664 14.448800 0.191303 0.405437 0.893882 0.000000 0.000000 0.000000 0.000000 1.000000
0.925487 0.241265 -0.292002 0.000000 -0.346624 0.850287 -0.396062 14.448800 0.152729 0.467765 0.870557 0.000000 0.000000 0.000000 0.000000 1.000000
0.979807 0.104752 -0.170309 0.000000 -0.179298 0.837283 -0.516535 14.448800 0.088489 0.536641 0.839158 0.000000 0.000000 0.000000 0.000000 1.000000
0.999811 -0.016017 -0.011010 0.000000 0.006565 0.811493 -0.584326 14.448800 0.018294 0.584143 0.811444 -0.000000 0.000000 0.000000 0.000000 1.000000
0.982712 -0.113760 0.146066 0.000000 0.180057 0.770849 -0.611041 14.448800 -0.043082 0.626778 0.778006 -0.000000 0.000000 0.000000 0.000000 1.000000
0.945646 -0.178627 0.271748 0.000000 0.312706 0.728863 -0.609076 14.448800 -0.089269 0.660948 0.745104 -0.000000 0.000000 0.000000 0.000000 1.000000
0.908202 -0.216237 0.358345 0.000000 0.400437 0.697975 -0.593701 14.448800 -0.121735 0.682695 0.720492 0.000000 0.000000 0.000000 0.000000 1.000000
0.878300 -0.238646 0.414292 0.000000 0.457709 0.670115 -0.584336 14.448800 -0.138174 0.702847 0.697792 -0.000000 0.000000 0.000000 0.000000 1.000000
0.851393 -0.257138 0.457177 -0.000000 0.504159 0.641700 -0.577966 14.448800 -0.144753 0.722566 0.675977 0.000000 0.000000 0.000000 0.000000 1.000000
0.820588 -0.282700 0.496705 -0.000000 0.552529 0.614592 -0.563017 14.448800 -0.146106 0.736449 0.660527 0.000000 0.000000 0.000000 0.000000 1.000000
0.783636 -0.309650 0.538545 0.000000 0.602864 0.588250 -0.538997 14.448800 -0.149898 0.747047 0.647651 0.000000 0.000000 0.000000 0.000000 1.000000
0.754084 -0.344290 0.559304 -0.000000 0.641949 0.566308 -0.516910 14.448800 -0.138772 0.748839 0.648061 0.000000 0.000000 0.000000 0.000000 1.000000
0.740810 -0.382041 0.552490 0.000000 0.661419 0.558340 -0.500781 14.448800 -0.117159 0.736411 0.666313 0.000000 0.000000 0.000000 0.000000 1.000000
0.735755 -0.419764 0.531473 0.000000 0.671694 0.552583 -0.493436 14.448800 -0.086556 0.720035 0.688518 0.000000 0.000000 0.000000 0.000000 1.000000
0.744466 -0.439452 0.502645 0.000000 0.665014 0.555022 -0.499706 14.448800 -0.059383 0.706281 0.705437 -0.000000 0.000000 0.000000 0.000000 1.000000
0.760733 -0.446869 0.470737 0.000000 0.647881 0.566569 -0.509165 14.448800 -0.039175 0.692321 0.720526 0.000000 0.000000 0.000000 0.000000 1.000000
0.782037 -0.439724 0.441657 0.000000 0.622671 0.581339 -0.523761 14.448800 -0.026442 0.684607 0.728432 0.000000 0.000000 0.000000 0.000000 1.000000
0.802018 -0.423113 0.421595 0.000000 0.596795 0.596671 -0.536487 14.448800 -0.024559 0.681878 0.731053 0.000000 0.000000 0.000000 0.000000 1.000000
0.813535 -0.403633 0.418619 0.000000 0.580588 0.604443 -0.545496 14.448800 -0.032851 0.686825 0.726080 0.000000 0.000000 0.000000 0.000000 1.000000</float_array>
        <technique_common>
          <accessor source="#mixamorig_RightArm-Matrix-animation-output-transform-array" count="69" stride="16">
            <param type="float4x4"/>
          </accessor>
        </technique_common>
      </source>
      <source id="mixamorig_RightArm-Interpolations">
        <Name_array id="mixamorig_RightArm-Interpolations-array" count="69">
 LINEAR LINEAR LINEAR LINEAR LINEAR LINEAR LINEAR LINEAR LINEAR LINEAR LINEAR
LINEAR LINEAR LINEAR LINEAR LINEAR LINEAR LINEAR LINEAR LINEAR LINEAR LINEAR LINEAR
LINEAR LINEAR LINEAR LINEAR LINEAR LINEAR LINEAR LINEAR LINEAR LINEAR LINEAR LINEAR
LINEAR LINEAR LINEAR LINEAR LINEAR LINEAR LINEAR LINEAR LINEAR LINEAR LINEAR LINEAR
LINEAR LINEAR LINEAR LINEAR LINEAR LINEAR LINEAR LINEAR LINEAR LINEAR LINEAR LINEAR
LINEAR LINEAR LINEAR LINEAR LINEAR LINEAR LINEAR LINEAR LINEAR LINEAR</Name_array>
        <technique_common>
          <accessor source="#mixamorig_RightArm-Interpolations-array" count="69">
            <param type="name"/>
          </accessor>
        </technique_common>
      </source>
      <sampler id="mixamorig_RightArm-Matrix-animation-transform">
        <input semantic="INPUT" source="#mixamorig_RightArm-Matrix-animation-input"/>
        <input semantic="OUTPUT" source="#mixamorig_RightArm-Matrix-animation-output-transform"/>
        <input semantic="INTERPOLATION" source="#mixamorig_RightArm-Interpolations"/>
      </sampler>
      <channel source="#mixamorig_RightArm-Matrix-animation-transform" target="mixamorig_RightArm/matrix"/>
    </animation>
    <animation id="mixamorig_RightForeArm-anim" name="mixamorig_RightForeArm">
      <source id="mixamorig_RightForeArm-Matrix-animation-input">
        <float_array id="mixamorig_RightForeArm-Matrix-animation-input-array" count="69">

0.000000 0.033333 0.066667 0.100000 0.133333 0.166667 0.200000 0.233333 0.266667 0.300000 0.333333 0.366667 0.400000 0.433333 0.466667 0.500000
0.533333 0.566667 0.600000 0.633333 0.666667 0.700000 0.733333 0.766667 0.800000 0.833333 0.866667 0.900000 0.933333 0.966667 1.000000 1.033333
1.066667 1.100000 1.133333 1.166667 1.200000 1.233333 1.266667 1.300000 1.333333 1.366667 1.400000 1.433333 1.466667 1.500000 1.533333 1.566667
1.600000 1.633333 1.666667 1.700000 1.733333 1.766667 1.800000 1.833333 1.866667 1.900000 1.933333 1.966667 2.000000 2.033333 2.066667 2.100000
2.133333 2.166667 2.200000 2.233333 2.266667</float_array>
        <technique_common>
          <accessor source="#mixamorig_RightForeArm-Matrix-animation-input-array" count="69">
            <param name="TIME" type="float"/>
          </accessor>
        </technique_common>
      </source>
      <source id="mixamorig_RightForeArm-Matrix-animation-output-transform">
        <float_array id="mixamorig_RightForeArm-Matrix-animation-output-transform-array" count="1104">

0.661911 0.741067 0.112664 -0.000000 -0.705053 0.666550 -0.242099 23.160299 -0.254508 0.080814 0.963688 0.000000 0.000000 0.000000 0.000000 1.000000
0.659372 0.747723 0.078351 0.000000 -0.715625 0.656158 -0.239453 23.160299 -0.230455 0.101819 0.967741 0.000000 0.000000 0.000000 0.000000 1.000000
0.615008 0.788516 -0.002844 -0.000000 -0.761690 0.593144 -0.260785 23.160299 -0.203946 0.162551 0.965393 0.000000 0.000000 0.000000 0.000000 1.000000
0.512059 0.851134 -0.115614 0.000000 -0.836427 0.463473 -0.292546 23.160299 -0.195412 0.246503 0.949237 0.000000 0.000000 0.000000 0.000000 1.000000
0.346513 0.905940 -0.243313 -0.000000 -0.912631 0.265619 -0.310727 23.160299 -0.216871 0.329726 0.918829 -0.000000 0.000000 0.000000 0.000000 1.000000
0.141279 0.922649 -0.358830 0.000000 -0.956522 0.033799 -0.289696 23.160299 -0.255160 0.384156 0.887309 0.000000 0.000000 0.000000 0.000000 1.000000
-0.068465 0.902054 -0.426158 0.000000 -0.959125 -0.177077 -0.220732 23.160299 -0.274575 0.393627 0.877306 0.000000 0.000000 0.000000 0.000000 1.000000
-0.249152 0.874283 -0.416596 0.000000 -0.940401 -0.321208 -0.111677 23.160299 -0.231451 0.363943 0.902206 0.000000 0.000000 0.000000 0.000000 1.000000
-0.341584 0.880970 -0.327432 0.000000 -0.934621 -0.355106 0.019587 23.160299 -0.099017 0.312715 0.944672 0.000000 0.000000 0.000000 0.000000 1.000000
-0.326584 0.922946 -0.203749 0.000000 -0.939933 -0.294481 0.172648 23.160299 0.099345 0.247894 0.963680 -0.000000 0.000000 0.000000 0.000000 1.000000
-0.231712 0.966455 -0.110786 0.000000 -0.928988 -0.186054 0.319945 23.160299 0.288601 0.177054 0.940936 0.000000 0.000000 0.000000 0.000000 1.000000
-0.061251 0.993837 -0.092387 0.000000 -0.918415 -0.019873 0.395118 23.160299 0.390847 0.109051 0.913973 0.000000 0.000000 0.000000 0.000000 1.000000
0.156163 0.981490 -0.110865 0.000000 -0.915258 0.185991 0.357364 23.160299 0.371369 0.045663 0.927362 -0.000000 0.000000 0.000000 0.000000 1.000000
0.407999 0.908449 -0.090870 -0.000000 -0.881446 0.417884 0.220059 23.160299 0.237886 -0.009687 0.971245 0.000000 0.000000 0.000000 0.000000 1.000000
0.600539 0.799395 0.017870 0.000000 -0.798684 0.598639 0.061116 23.160299 0.038158 -0.050975 0.997971 -0.000000 0.000000 0.000000 0.000000 1.000000
0.667594 0.726557 0.162583 0.000000 -0.729027 0.682245 -0.055332 23.160299 -0.151123 -0.081588 0.985142 0.000000 0.000000 0.000000 0.000000 1.000000
0.727611 0.630798 0.269587 0.000000 -0.630624 0.769742 -0.099049 23.160299 -0.269992 -0.097939 0.957869 0.000000 0.000000 0.000000 0.000000 1.000000
0.748501 0.587831 0.306920 0.000000 -0.588836 0.802033 -0.100076 23.160299 -0.304988 -0.105818 0.946459 -0.000000 0.000000 0.000000 0.000000 1.000000
0.727567 0.637204 0.254201 0.000000 -0.626158 0.768191 -0.133449 23.160299 -0.280309 -0.062077 0.957900 0.000000 0.000000 0.000000 0.000000 1.000000
0.757030 0.602942 0.251728 0.000000 -0.615626 0.787290 -0.034333 23.160299 -0.218884 -0.128979 0.967189 0.000000 0.000000 0.000000 0.000000 1.000000
0.838091 0.511162 0.190573 0.000000 -0.526160 0.849669 0.034900 23.160299 -0.144084 -0.129521 0.981052 0.000000 0.000000 0.000000 0.000000 1.000000
0.858887 0.502568 0.098684 0.000000 -0.509092 0.858813 0.057151 23.160299 -0.056029 -0.099326 0.993476 0.000000 0.000000 0.000000 0.000000 1.000000
0.828587 0.558739 -0.035416 -0.000000 -0.558379 0.829338 0.020260 23.160299 0.040691 0.002989 0.999167 0.000000 0.000000 0.000000 0.000000 1.000000
0.886312 0.449923 -0.109636 0.000000 -0.447556 0.893035 0.046726 23.160299 0.118932 0.007655 0.992873 0.000000 0.000000 0.000000 0.000000 1.000000
0.915116 0.384863 -0.120183 0.000000 -0.382056 0.922968 0.046520 23.160299 0.128829 0.003346 0.991661 0.000000 0.000000 0.000000 0.000000 1.000000
0.976681 0.213960 -0.017766 0.000000 -0.213458 0.976592 0.026521 23.160299 0.023025 -0.022111 0.999490 0.000000 0.000000 0.000000 0.000000 1.000000
0.918622 0.357037 0.169288 -0.000000 -0.356245 0.933695 -0.036089 23.160299 -0.170949 -0.027156 0.984906 0.000000 0.000000 0.000000 0.000000 1.000000
0.717961 0.603942 0.346101 -0.000000 -0.620610 0.780558 -0.074655 23.160299 -0.315239 -0.161194 0.935222 0.000000 0.000000 0.000000 0.000000 1.000000
0.433354 0.788586 0.436276 0.000000 -0.828509 0.539098 -0.151481 23.160299 -0.354651 -0.295814 0.886971 0.000000 0.000000 0.000000 0.000000 1.000000
0.282010 0.828553 0.483704 0.000000 -0.891321 0.412807 -0.187451 23.160299 -0.354990 -0.378272 0.854923 0.000000 0.000000 0.000000 0.000000 1.000000
0.336928 0.806171 0.486383 0.000000 -0.893467 0.436705 -0.104907 23.160299 -0.296979 -0.399221 0.867425 0.000000 0.000000 0.000000 0.000000 1.000000
0.406920 0.790620 0.457532 0.000000 -0.886088 0.463346 -0.012598 23.160299 -0.221956 -0.400287 0.889104 0.000000 0.000000 0.000000 0.000000 1.000000
0.424062 0.804735 0.415418 0.000000 -0.892948 0.448045 0.043589 23.160299 -0.151049 -0.389431 0.908585 0.000000 0.000000 0.000000 0.000000 1.000000
0.427809 0.833607 0.349398 0.000000 -0.899484 0.430672 0.073828 23.160299 -0.088932 -0.345862 0.934061 0.000000 0.000000 0.000000 0.000000 1.000000
0.474446 0.848741 0.233539 0.000000 -0.880010 0.463925 0.101761 23.160299 -0.021976 -0.253797 0.967008 -0.000000 0.000000 0.000000 0.000000 1.000000
0.553781 0.829671 0.070522 0.000000 -0.829847 0.542966 0.128615 23.160299 0.068417 -0.129747 0.989184 0.000000 0.000000 0.000000 0.000000 1.000000
0.627123 0.771453 -0.107599 -0.000000 -0.758309 0.636243 0.141995 23.160299 0.178001 -0.007455 0.984002 0.000000 0.000000 0.000000 0.000000 1.000000
0.667731 0.698851 -0.256404 0.000000 -0.689016 0.710605 0.142469 23.160299 0.281766 0.081535 0.956012 0.000000 0.000000 0.000000 0.000000 1.000000
0.682789 0.641633 -0.349436 -0.000000 -0.640259 0.755867 0.136869 23.160299 0.351947 0.130277 0.926909 0.000000 0.000000 0.000000 0.000000 1.000000
0.687897 0.619113 -0.378810 0.000000 -0.623197 0.771355 0.128985 23.160299 0.372053 0.147345 0.916442 0.000000 0.000000 0.000000 0.000000 1.000000
0.680168 0.645426 -0.347558 0.000000 -0.651019 0.749781 0.118329 23.160299 0.336965 0.145783 0.930162 0.000000 0.000000 0.000000 0.000000 1.000000
0.667099 0.693784 -0.271372 -0.000000 -0.701859 0.707433 0.083266 23.160299 0.249746 0.134918 0.958866 0.000000 0.000000 0.000000 0.000000 1.000000
0.652445 0.736025 -0.180506 0.000000 -0.747919 0.663783 0.003237 23.160299 0.122199 0.132892 0.983569 0.000000 0.000000 0.000000 0.000000 1.000000
0.655229 0.747971 -0.105896 -0.000000 -0.755134 0.644584 -0.119514 23.160299 -0.021134 0.158275 0.987169 0.000000 0.000000 0.000000 0.000000 1.000000
0.671545 0.739443 -0.047444 0.000000 -0.727400 0.645704 -0.232283 23.160299 -0.141125 0.190500 0.971490 0.000000 0.000000 0.000000 0.000000 1.000000
0.678656 0.734436 -0.005497 0.000000 -0.702864 0.647274 -0.294988 23.160299 -0.213092 0.204059 0.955485 -0.000000 0.000000 0.000000 0.000000 1.000000
0.652619 0.757625 0.009586 0.000000 -0.719980 0.624034 -0.303660 23.160299 -0.236043 0.191272 0.952732 0.000000 0.000000 0.000000 0.000000 1.000000
0.597493 0.801752 0.014018 0.000000 -0.770296 0.578733 -0.267794 23.160299 -0.222817 0.149207 0.963374 0.000000 0.000000 0.000000 0.000000 1.000000
0.518501 0.854746 0.023785 0.000000 -0.832747 0.511081 -0.212906 23.160299 -0.194136 0.090585 0.976783 0.000000 0.000000 0.000000 0.000000 1.000000
0.446676 0.893645 0.043345 0.000000 -0.878663 0.447287 -0.166992 23.160299 -0.168619 0.036506 0.985005 0.000000 0.000000 0.000000 0.000000 1.000000
0.392870 0.917996 0.054189 0.000000 -0.906457 0.396509 -0.145311 23.160299 -0.154882 0.007968 0.987901 0.000000 0.000000 0.000000 0.000000 1.000000
0.360917 0.931490 0.045433 -0.000000 -0.919992 0.363599 -0.146323 23.160299 -0.152818 0.011013 0.988193 0.000000 0.000000 0.000000 0.000000 1.000000
0.353751 0.935062 0.022791 0.000000 -0.921533 0.352597 -0.162638 23.160299 -0.160112 0.036531 0.986423 0.000000 0.000000 0.000000 0.000000 1.000000
0.349695 0.936847 -0.005599 -0.000000 -0.920740 0.342566 -0.186777 23.160299 -0.173064 0.070470 0.982386 0.000000 0.000000 0.000000 0.000000 1.000000
0.359247 0.932843 -0.027300 0.000000 -0.914246 0.345911 -0.210949 23.160299 -0.187339 0.100741 0.977116 0.000000 0.000000 0.000000 0.000000 1.000000
0.386514 0.921608 -0.035295 0.000000 -0.900511 0.368846 -0.230289 23.160299 -0.199218 0.120793 0.972482 0.000000 0.000000 0.000000 0.000000 1.000000
0.429333 0.902676 -0.029150 0.000000 -0.879159 0.410323 -0.242311 23.160299 -0.206767 0.129660 0.969761 0.000000 0.000000 0.000000 0.000000 1.000000
0.477458 0.878537 -0.014357 0.000000 -0.853254 0.459693 -0.246252 23.160299 -0.209742 0.129825 0.969100 0.000000 0.000000 0.000000 0.000000 1.000000
0.525358 0.850871 0.004185 0.000000 -0.824649 0.510367 -0.243883 23.160299 -0.209649 0.124675 0.969796 0.000000 0.000000 0.000000 0.000000 1.000000
0.567403 0.823146 0.022003 -0.000000 -0.796552 0.555452 -0.238701 23.160299 -0.208707 0.117913 0.970844 0.000000 0.000000 0.000000 0.000000 1.000000
0.602954 0.796896 0.037459 0.000000 -0.769771 0.593478 -0.235023 23.160299 -0.209520 0.112873 0.971268 0.000000 0.000000 0.000000 0.000000 1.000000
0.610720 0.790691 0.042766 -0.000000 -0.762860 0.601984 -0.235925 23.160299 -0.212289 0.111460 0.970830 0.000000 0.000000 0.000000 0.000000 1.000000
0.608009 0.792588 0.046147 -0.000000 -0.764201 0.600010 -0.236611 23.160299 -0.215224 0.108596 0.970508 0.000000 0.000000 0.000000 0.000000 1.000000
0.597366 0.800518 0.048216 0.000000 -0.771290 0.589944 -0.238911 23.160299 -0.219697 0.105529 0.969844 0.000000 0.000000 0.000000 0.000000 1.000000
0.594491 0.802253 0.054497 0.000000 -0.771858 0.588340 -0.241022 23.160299 -0.225423 0.101222 0.968988 0.000000 0.000000 0.000000 0.000000 1.000000
0.601174 0.796459 0.065140 -0.000000 -0.764654 0.597013 -0.242651 23.160299 -0.232151 0.096066 0.967924 0.000000 0.000000 0.000000 0.000000 1.000000
0.619700 0.780696 0.080534 -0.000000 -0.747388 0.618333 -0.243054 23.160299 -0.239548 0.090431 0.966664 -0.000000 0.000000 0.000000 0.000000 1.000000
0.641772 0.760709 0.097210 -0.000000 -0.725969 0.643479 -0.242700 23.160299 -0.247177 0.085187 0.965219 0.000000 0.000000 0.000000 0.000000 1.000000
0.661911 0.741067 0.112664 0.000000 -0.705053 0.666550 -0.242099 23.160299 -0.254508 0.080814 0.963688 0.000000 0.000000 0.000000 0.000000 1.000000</float_array>
        <technique_common>
          <accessor source="#mixamorig_RightForeArm-Matrix-animation-output-transform-array" count="69" stride="16">
            <param type="float4x4"/>
          </accessor>
        </technique_common>
      </source>
      <source id="mixamorig_RightForeArm-Interpolations">
        <Name_array id="mixamorig_RightForeArm-Interpolations-array" count="69">
 LINEAR LINEAR LINEAR LINEAR LINEAR LINEAR LINEAR LINEAR LINEAR LINEAR LINEAR
LINEAR LINEAR LINEAR LINEAR LINEAR LINEAR LINEAR LINEAR LINEAR LINEAR LINEAR LINEAR
LINEAR LINEAR LINEAR LINEAR LINEAR LINEAR LINEAR LINEAR LINEAR LINEAR LINEAR LINEAR
LINEAR LINEAR LINEAR LINEAR LINEAR LINEAR LINEAR LINEAR LINEAR LINEAR LINEAR LINEAR
LINEAR LINEAR LINEAR LINEAR LINEAR LINEAR LINEAR LINEAR LINEAR LINEAR LINEAR LINEAR
LINEAR LINEAR LINEAR LINEAR LINEAR LINEAR LINEAR LINEAR LINEAR LINEAR</Name_array>
        <technique_common>
          <accessor source="#mixamorig_RightForeArm-Interpolations-array" count="69">
            <param type="name"/>
          </accessor>
        </technique_common>
      </source>
      <sampler id="mixamorig_RightForeArm-Matrix-animation-transform">
        <input semantic="INPUT" source="#mixamorig_RightForeArm-Matrix-animation-input"/>
        <input semantic="OUTPUT" source="#mixamorig_RightForeArm-Matrix-animation-output-transform"/>
        <input semantic="INTERPOLATION" source="#mixamorig_RightForeArm-Interpolations"/>
      </sampler>
      <channel source="#mixamorig_RightForeArm-Matrix-animation-transform" target="mixamorig_RightForeArm/matrix"/>
    </animation>
    <animation id="mixamorig_RightHand-anim" name="mixamorig_RightHand">
      <source id="mixamorig_RightHand-Matrix-animation-input">
        <float_array id="mixamorig_RightHand-Matrix-animation-input-array" count="69">

0.000000 0.033333 0.066667 0.100000 0.133333 0.166667 0.200000 0.233333 0.266667 0.300000 0.333333 0.366667 0.400000 0.433333 0.466667 0.500000
0.533333 0.566667 0.600000 0.633333 0.666667 0.700000 0.733333 0.766667 0.800000 0.833333 0.866667 0.900000 0.933333 0.966667 1.000000 1.033333
1.066667 1.100000 1.133333 1.166667 1.200000 1.233333 1.266667 1.300000 1.333333 1.366667 1.400000 1.433333 1.466667 1.500000 1.533333 1.566667
1.600000 1.633333 1.666667 1.700000 1.733333 1.766667 1.800000 1.833333 1.866667 1.900000 1.933333 1.966667 2.000000 2.033333 2.066667 2.100000
2.133333 2.166667 2.200000 2.233333 2.266667</float_array>
        <technique_common>
          <accessor source="#mixamorig_RightHand-Matrix-animation-input-array" count="69">
            <param name="TIME" type="float"/>
          </accessor>
        </technique_common>
      </source>
      <source id="mixamorig_RightHand-Matrix-animation-output-transform">
        <float_array id="mixamorig_RightHand-Matrix-animation-output-transform-array" count="1104">

0.812817 0.577493 -0.076356 0.000000 -0.582518 0.806107 -0.104233 24.071699 0.001358 0.129201 0.991617 0.000000 0.000000 0.000000 0.000000 1.000000
0.833541 0.537228 -0.128826 0.000000 -0.539860 0.841592 0.016540 24.071699 0.117305 0.055761 0.991529 -0.000000 0.000000 0.000000 0.000000 1.000000
0.853874 0.477702 -0.206639 0.000000 -0.454131 0.877764 0.152627 24.071699 0.254290 -0.036483 0.966440 0.000000 0.000000 0.000000 0.000000 1.000000
0.868235 0.379473 -0.319637 -0.000000 -0.301038 0.915008 0.268584 24.071699 0.394391 -0.136971 0.908677 0.000000 0.000000 0.000000 0.000000 1.000000
0.860220 0.231351 -0.454421 -0.000000 -0.086795 0.944582 0.316594 24.071699 0.502483 -0.232899 0.832628 0.000000 0.000000 0.000000 0.000000 1.000000
0.829824 0.047650 -0.555987 0.000000 0.127990 0.953534 0.272749 24.071699 0.543149 -0.297495 0.785166 0.000000 0.000000 0.000000 0.000000 1.000000
0.827878 -0.132296 -0.545084 0.000000 0.266622 0.947797 0.174910 24.071699 0.493488 -0.290136 0.819933 0.000000 0.000000 0.000000 0.000000 1.000000
0.860656 -0.223151 -0.457685 0.000000 0.298509 0.949313 0.098480 24.071699 0.412510 -0.221380 0.883644 0.000000 0.000000 0.000000 0.000000 1.000000
0.918152 -0.178879 -0.353552 0.000000 0.222647 0.971017 0.086917 24.071699 0.327757 -0.158521 0.931368 0.000000 0.000000 0.000000 0.000000 1.000000
0.972579 -0.102931 -0.208557 0.000000 0.129756 0.984344 0.119288 24.071699 0.193013 -0.143079 0.970708 0.000000 0.000000 0.000000 0.000000 1.000000
0.996255 -0.075238 -0.042596 -0.000000 0.080676 0.986127 0.145067 24.071699 0.031091 -0.147960 0.988505 0.000000 0.000000 0.000000 0.000000 1.000000
0.985088 -0.138514 0.102054 0.000000 0.116912 0.974091 0.193593 24.071699 -0.126226 -0.178775 0.975760 -0.000000 0.000000 0.000000 0.000000 1.000000
0.915928 -0.213010 0.340151 0.000000 0.102908 0.943844 0.313955 24.071699 -0.387926 -0.252556 0.886414 0.000000 0.000000 0.000000 0.000000 1.000000
0.800804 -0.209880 0.560948 0.000000 -0.066038 0.899938 0.430989 24.071699 -0.595274 -0.382181 0.706814 0.000000 0.000000 0.000000 0.000000 1.000000
0.626492 -0.157128 0.763425 0.000000 -0.323380 0.838790 0.438015 24.071699 -0.709178 -0.521289 0.474684 0.000000 0.000000 0.000000 0.000000 1.000000
0.435911 -0.109504 0.893303 -0.000000 -0.552384 0.751068 0.361618 24.071699 -0.710530 -0.651080 0.266911 0.000000 0.000000 0.000000 0.000000 1.000000
0.176335 -0.091630 0.980056 0.000000 -0.712294 0.675310 0.191296 24.071699 -0.679370 -0.731820 0.053814 -0.000000 0.000000 0.000000 0.000000 1.000000
0.040506 -0.151152 0.987680 -0.000000 -0.723489 0.677338 0.133329 24.071699 -0.689146 -0.719977 -0.081921 0.000000 0.000000 0.000000 0.000000 1.000000
0.086412 -0.266929 0.959834 0.000000 -0.643553 0.720498 0.258308 24.071699 -0.760508 -0.640025 -0.109523 -0.000000 0.000000 0.000000 0.000000 1.000000
0.144390 -0.362923 0.920564 -0.000000 -0.460284 0.798905 0.387155 24.071699 -0.875951 -0.479622 -0.051694 0.000000 0.000000 0.000000 0.000000 1.000000
0.155634 -0.387538 0.908621 -0.000000 -0.326173 0.848077 0.417584 24.071699 -0.932410 -0.361358 0.005586 0.000000 0.000000 0.000000 0.000000 1.000000
0.219608 -0.371651 0.902024 0.000000 -0.286093 0.859412 0.423747 24.071699 -0.932697 -0.351121 0.082407 -0.000000 0.000000 0.000000 0.000000 1.000000
0.120998 -0.291208 0.948977 -0.000000 -0.344192 0.884384 0.315272 24.071699 -0.931070 -0.364778 0.006777 0.000000 0.000000 0.000000 0.000000 1.000000
-0.052327 -0.069871 0.996183 0.000000 -0.384287 0.922141 0.044492 24.071699 -0.921730 -0.380492 -0.075103 0.000000 0.000000 0.000000 0.000000 1.000000
-0.117619 0.077563 0.990025 0.000000 -0.318079 0.941479 -0.111549 24.071699 -0.940740 -0.328027 -0.086065 -0.000000 0.000000 0.000000 0.000000 1.000000
0.007996 0.196073 0.980557 0.000000 0.136096 0.971250 -0.195322 24.071699 -0.990663 0.135011 -0.018919 -0.000000 0.000000 0.000000 0.000000 1.000000
0.146998 0.078083 0.986050 -0.000000 0.619396 0.769964 -0.153310 24.071699 -0.771194 0.633292 0.064819 0.000000 0.000000 0.000000 0.000000 1.000000
0.041636 0.063102 0.997138 0.000000 0.702879 0.707437 -0.074118 24.071699 -0.710090 0.703953 -0.014898 0.000000 0.000000 0.000000 0.000000 1.000000
-0.040288 -0.114798 0.992572 -0.000000 0.753476 0.648934 0.105637 24.071699 -0.656240 0.752134 0.060353 0.000000 0.000000 0.000000 0.000000 1.000000
-0.099215 -0.245675 0.964261 0.000000 0.793934 0.564622 0.225545 24.071699 -0.599854 0.787937 0.139031 0.000000 0.000000 0.000000 0.000000 1.000000
-0.095210 -0.232951 0.967816 0.000000 0.831401 0.516074 0.206008 24.071699 -0.547455 0.824258 0.144540 0.000000 0.000000 0.000000 0.000000 1.000000
-0.040325 -0.205571 0.977811 0.000000 0.865539 0.481747 0.136975 24.071699 -0.499216 0.851857 0.158504 0.000000 0.000000 0.000000 0.000000 1.000000
0.054625 -0.237989 0.969730 0.000000 0.882087 0.466605 0.064825 24.071699 -0.467909 0.851845 0.235416 0.000000 0.000000 0.000000 0.000000 1.000000
0.171948 -0.296070 0.939562 0.000000 0.878020 0.478521 -0.009896 24.071699 -0.446670 0.826656 0.342237 0.000000 0.000000 0.000000 0.000000 1.000000
0.308352 -0.318721 0.896290 0.000000 0.842308 0.529344 -0.101545 24.071699 -0.442081 0.786264 0.431686 0.000000 0.000000 0.000000 0.000000 1.000000
0.455345 -0.304342 0.836682 0.000000 0.758163 0.625214 -0.185192 24.071699 -0.466744 0.718667 0.515429 0.000000 0.000000 0.000000 0.000000 1.000000
0.599380 -0.265150 0.755274 0.000000 0.623904 0.745873 -0.233276 24.071699 -0.501485 0.611039 0.612489 0.000000 0.000000 0.000000 0.000000 1.000000
0.725952 -0.230698 0.647898 -0.000000 0.467663 0.856324 -0.219091 24.071699 -0.504267 0.462047 0.729539 0.000000 0.000000 0.000000 0.000000 1.000000
0.833562 -0.201665 0.514301 0.000000 0.320376 0.934908 -0.152664 24.071699 -0.450037 0.292025 0.843913 0.000000 0.000000 0.000000 0.000000 1.000000
0.917949 -0.162642 0.361825 0.000000 0.204360 0.975629 -0.079911 24.071699 -0.340010 0.147297 0.928815 -0.000000 0.000000 0.000000 0.000000 1.000000
0.972587 -0.113561 0.202923 0.000000 0.126352 0.990664 -0.051193 24.071699 -0.195215 0.075430 0.977856 0.000000 0.000000 0.000000 0.000000 1.000000
0.996880 -0.067365 0.041136 0.000000 0.070646 0.993928 -0.084358 24.071699 -0.035204 0.087001 0.995586 0.000000 0.000000 0.000000 0.000000 1.000000
0.991613 -0.038356 -0.123420 0.000000 0.018791 0.987588 -0.155941 24.071699 0.127870 0.152314 0.980025 0.000000 0.000000 0.000000 0.000000 1.000000
0.959840 -0.028778 -0.279068 -0.000000 -0.036114 0.973775 -0.224629 24.071699 0.278214 0.225686 0.933629 0.000000 0.000000 0.000000 0.000000 1.000000
0.921666 -0.051897 -0.384498 0.000000 -0.058347 0.961204 -0.269598 24.071699 0.383572 0.270914 0.882880 0.000000 0.000000 0.000000 0.000000 1.000000
0.903700 -0.080778 -0.420477 -0.000000 -0.036011 0.964223 -0.262634 24.071699 0.426648 0.252484 0.868460 0.000000 0.000000 0.000000 0.000000 1.000000
0.906589 -0.123087 -0.403667 0.000000 0.024719 0.970367 -0.240370 24.071699 0.421291 0.207939 0.882766 0.000000 0.000000 0.000000 0.000000 1.000000
0.912465 -0.179970 -0.367449 0.000000 0.110169 0.972969 -0.202965 24.071699 0.394044 0.144717 0.907627 0.000000 0.000000 0.000000 0.000000 1.000000
0.903416 -0.239429 -0.355687 0.000000 0.196786 0.968566 -0.152168 24.071699 0.380940 0.067477 0.922134 0.000000 0.000000 0.000000 0.000000 1.000000
0.880962 -0.265158 -0.391916 0.000000 0.245468 0.964175 -0.100558 24.071699 0.404539 -0.007615 0.914489 -0.000000 0.000000 0.000000 0.000000 1.000000
0.852421 -0.247371 -0.460637 0.000000 0.255357 0.965748 -0.046081 24.071699 0.456258 -0.078347 0.886392 0.000000 0.000000 0.000000 0.000000 1.000000
0.822257 -0.190676 -0.536224 0.000000 0.236619 0.971447 0.017400 24.071699 0.517596 -0.141189 0.843896 0.000000 0.000000 0.000000 0.000000 1.000000
0.780258 -0.109610 -0.615778 -0.000000 0.197804 0.977237 0.076689 24.071699 0.593356 -0.181641 0.784178 0.000000 0.000000 0.000000 0.000000 1.000000
0.740786 -0.018261 -0.671493 0.000000 0.125925 0.985684 0.112114 24.071699 0.659833 -0.167610 0.732480 -0.000000 0.000000 0.000000 0.000000 1.000000
0.723546 0.072614 -0.686446 -0.000000 0.040822 0.988210 0.147563 24.071699 0.689068 -0.134791 0.712051 0.000000 0.000000 0.000000 0.000000 1.000000
0.728493 0.160447 -0.665999 0.000000 -0.052953 0.982466 0.178765 24.071699 0.683004 -0.094962 0.724216 -0.000000 0.000000 0.000000 0.000000 1.000000
0.746873 0.242133 -0.619316 -0.000000 -0.153930 0.969006 0.193217 24.071699 0.646905 -0.048977 0.760996 0.000000 0.000000 0.000000 0.000000 1.000000
0.770292 0.314008 -0.555022 0.000000 -0.248325 0.949363 0.192469 24.071699 0.587355 -0.010432 0.809262 0.000000 0.000000 0.000000 0.000000 1.000000
0.787455 0.380048 -0.485260 0.000000 -0.339869 0.924510 0.172540 24.071699 0.514202 0.029058 0.857177 0.000000 0.000000 0.000000 0.000000 1.000000
0.795264 0.435744 -0.421524 -0.000000 -0.421896 0.897076 0.131372 24.071699 0.435383 0.073364 0.897251 0.000000 0.000000 0.000000 0.000000 1.000000
0.794815 0.481002 -0.370007 -0.000000 -0.489493 0.868547 0.077610 24.071699 0.358699 0.119430 0.925781 0.000000 0.000000 0.000000 0.000000 1.000000
0.802287 0.508117 -0.313294 0.000000 -0.524569 0.850597 0.036220 24.071699 0.284891 0.135285 0.948965 0.000000 0.000000 0.000000 0.000000 1.000000
0.812924 0.531032 -0.239080 0.000000 -0.544443 0.838716 0.011687 24.071699 0.206726 0.120664 0.970930 0.000000 0.000000 0.000000 0.000000 1.000000
0.818674 0.548136 -0.171231 0.000000 -0.557021 0.830486 -0.004666 24.071699 0.139647 0.099199 0.985220 0.000000 0.000000 0.000000 0.000000 1.000000
0.820160 0.559157 -0.121163 -0.000000 -0.565211 0.824703 -0.020020 24.071699 0.088729 0.084902 0.992431 0.000000 0.000000 0.000000 0.000000 1.000000
0.819403 0.566475 -0.087660 0.000000 -0.571022 0.820036 -0.038410 24.071699 0.050126 0.081529 0.995410 0.000000 0.000000 0.000000 0.000000 1.000000
0.815439 0.574445 -0.071219 0.000000 -0.578327 0.813717 -0.058336 24.071699 0.024442 0.088757 0.995753 0.000000 0.000000 0.000000 0.000000 1.000000
0.812726 0.578574 -0.068766 0.000000 -0.582574 0.808811 -0.080208 24.071699 0.009212 0.105249 0.994403 0.000000 0.000000 0.000000 0.000000 1.000000
0.812817 0.577493 -0.076357 0.000000 -0.582517 0.806107 -0.104233 24.071699 0.001358 0.129201 0.991617 0.000000 0.000000 0.000000 0.000000 1.000000</float_array>
        <technique_common>
          <accessor source="#mixamorig_RightHand-Matrix-animation-output-transform-array" count="69" stride="16">
            <param type="float4x4"/>
          </accessor>
        </technique_common>
      </source>
      <source id="mixamorig_RightHand-Interpolations">
        <Name_array id="mixamorig_RightHand-Interpolations-array" count="69">
 LINEAR LINEAR LINEAR LINEAR LINEAR LINEAR LINEAR LINEAR LINEAR LINEAR LINEAR
LINEAR LINEAR LINEAR LINEAR LINEAR LINEAR LINEAR LINEAR LINEAR LINEAR LINEAR LINEAR
LINEAR LINEAR LINEAR LINEAR LINEAR LINEAR LINEAR LINEAR LINEAR LINEAR LINEAR LINEAR
LINEAR LINEAR LINEAR LINEAR LINEAR LINEAR LINEAR LINEAR LINEAR LINEAR LINEAR LINEAR
LINEAR LINEAR LINEAR LINEAR LINEAR LINEAR LINEAR LINEAR LINEAR LINEAR LINEAR LINEAR
LINEAR LINEAR LINEAR LINEAR LINEAR LINEAR LINEAR LINEAR LINEAR LINEAR</Name_array>
        <technique_common>
          <accessor source="#mixamorig_RightHand-Interpolations-array" count="69">
            <param type="name"/>
          </accessor>
        </technique_common>
      </source>
      <sampler id="mixamorig_RightHand-Matrix-animation-transform">
        <input semantic="INPUT" source="#mixamorig_RightHand-Matrix-animation-input"/>
        <input semantic="OUTPUT" source="#mixamorig_RightHand-Matrix-animation-output-transform"/>
        <input semantic="INTERPOLATION" source="#mixamorig_RightHand-Interpolations"/>
      </sampler>
      <channel source="#mixamorig_RightHand-Matrix-animation-transform" target="mixamorig_RightHand/matrix"/>
    </animation>
    <animation id="mixamorig_RightHandThumb1-anim" name="mixamorig_RightHandThumb1">
      <source id="mixamorig_RightHandThumb1-Matrix-animation-input">
        <float_array id="mixamorig_RightHandThumb1-Matrix-animation-input-array" count="69">

0.000000 0.033333 0.066667 0.100000 0.133333 0.166667 0.200000 0.233333 0.266667 0.300000 0.333333 0.366667 0.400000 0.433333 0.466667 0.500000
0.533333 0.566667 0.600000 0.633333 0.666667 0.700000 0.733333 0.766667 0.800000 0.833333 0.866667 0.900000 0.933333 0.966667 1.000000 1.033333
1.066667 1.100000 1.133333 1.166667 1.200000 1.233333 1.266667 1.300000 1.333333 1.366667 1.400000 1.433333 1.466667 1.500000 1.533333 1.566667
1.600000 1.633333 1.666667 1.700000 1.733333 1.766667 1.800000 1.833333 1.866667 1.900000 1.933333 1.966667 2.000000 2.033333 2.066667 2.100000
2.133333 2.166667 2.200000 2.233333 2.266667</float_array>
        <technique_common>
          <accessor source="#mixamorig_RightHandThumb1-Matrix-animation-input-array" count="69">
            <param name="TIME" type="float"/>
          </accessor>
        </technique_common>
      </source>
      <source id="mixamorig_RightHandThumb1-Matrix-animation-output-transform">
        <float_array id="mixamorig_RightHandThumb1-Matrix-animation-output-transform-array" count="1104">

0.168316 0.403240 -0.899481 1.509000 -0.684488 0.704441 0.187718 4.173400 0.709327 0.584089 0.394582 1.927000 0.000000 0.000000 0.000000 1.000000
0.168316 0.403240 -0.899481 1.509000 -0.684488 0.704442 0.187718 4.173400 0.709328 0.584088 0.394582 1.927000 0.000000 0.000000 0.000000 1.000000
0.168316 0.403241 -0.899481 1.509000 -0.684489 0.704441 0.187718 4.173400 0.709327 0.584089 0.394582 1.927000 0.000000 0.000000 0.000000 1.000000
0.168316 0.403240 -0.899481 1.509000 -0.684489 0.704441 0.187718 4.173400 0.709327 0.584089 0.394582 1.927000 0.000000 0.000000 0.000000 1.000000
0.168317 0.403240 -0.899482 1.509000 -0.684488 0.704442 0.187717 4.173400 0.709327 0.584089 0.394582 1.927000 0.000000 0.000000 0.000000 1.000000
0.168316 0.403240 -0.899482 1.509000 -0.684489 0.704441 0.187718 4.173400 0.709327 0.584089 0.394582 1.927000 0.000000 0.000000 0.000000 1.000000
0.168316 0.403240 -0.899482 1.509000 -0.684488 0.704442 0.187718 4.173400 0.709327 0.584089 0.394582 1.927000 0.000000 0.000000 0.000000 1.000000
0.168316 0.403240 -0.899481 1.509000 -0.684488 0.704441 0.187718 4.173400 0.709327 0.584089 0.394582 1.927000 0.000000 0.000000 0.000000 1.000000
0.168316 0.403240 -0.899482 1.509000 -0.684488 0.704442 0.187718 4.173400 0.709328 0.584088 0.394582 1.927000 0.000000 0.000000 0.000000 1.000000
0.168316 0.403240 -0.899482 1.509000 -0.684488 0.704442 0.187718 4.173400 0.709328 0.584089 0.394582 1.927000 0.000000 0.000000 0.000000 1.000000
0.168316 0.403240 -0.899482 1.509000 -0.684488 0.704442 0.187718 4.173400 0.709328 0.584089 0.394582 1.927000 0.000000 0.000000 0.000000 1.000000
0.168316 0.403240 -0.899482 1.509000 -0.684488 0.704442 0.187718 4.173400 0.709328 0.584089 0.394582 1.927000 0.000000 0.000000 0.000000 1.000000
0.168316 0.403240 -0.899481 1.509000 -0.684488 0.704441 0.187718 4.173400 0.709327 0.584089 0.394582 1.927000 0.000000 0.000000 0.000000 1.000000
0.168316 0.403240 -0.899482 1.509000 -0.684488 0.704442 0.187718 4.173400 0.709328 0.584088 0.394582 1.927000 0.000000 0.000000 0.000000 1.000000
0.168316 0.403240 -0.899482 1.509000 -0.684488 0.704442 0.187718 4.173400 0.709328 0.584088 0.394582 1.927000 0.000000 0.000000 0.000000 1.000000
0.168316 0.403240 -0.899481 1.509000 -0.684488 0.704442 0.187718 4.173400 0.709328 0.584088 0.394582 1.927000 0.000000 0.000000 0.000000 1.000000
0.168316 0.403240 -0.899481 1.509000 -0.684488 0.704442 0.187718 4.173400 0.709328 0.584088 0.394582 1.927000 0.000000 0.000000 0.000000 1.000000
0.168316 0.403240 -0.899482 1.509000 -0.684488 0.704442 0.187718 4.173400 0.709328 0.584089 0.394582 1.927000 0.000000 0.000000 0.000000 1.000000
0.168316 0.403241 -0.899481 1.509000 -0.684489 0.704441 0.187718 4.173400 0.709327 0.584089 0.394582 1.927000 0.000000 0.000000 0.000000 1.000000
0.168316 0.403240 -0.899481 1.509000 -0.684488 0.704442 0.187718 4.173400 0.709328 0.584088 0.394582 1.927000 0.000000 0.000000 0.000000 1.000000
0.168316 0.403240 -0.899482 1.509000 -0.684489 0.704441 0.187717 4.173400 0.709327 0.584089 0.394582 1.927000 0.000000 0.000000 0.000000 1.000000
0.168316 0.403240 -0.899482 1.509000 -0.684488 0.704441 0.187718 4.173400 0.709327 0.584089 0.394582 1.927000 0.000000 0.000000 0.000000 1.000000
0.168317 0.403240 -0.899482 1.509000 -0.684488 0.704442 0.187717 4.173400 0.709327 0.584089 0.394582 1.927000 0.000000 0.000000 0.000000 1.000000
0.168316 0.403240 -0.899482 1.509000 -0.684488 0.704442 0.187718 4.173400 0.709328 0.584088 0.394582 1.927000 0.000000 0.000000 0.000000 1.000000
0.168316 0.403241 -0.899481 1.509000 -0.684488 0.704441 0.187718 4.173400 0.709328 0.584088 0.394582 1.927000 0.000000 0.000000 0.000000 1.000000
0.168316 0.403240 -0.899482 1.509000 -0.684488 0.704441 0.187717 4.173400 0.709327 0.584089 0.394582 1.927000 0.000000 0.000000 0.000000 1.000000
0.168316 0.403240 -0.899482 1.509000 -0.684489 0.704441 0.187718 4.173400 0.709327 0.584089 0.394582 1.927000 0.000000 0.000000 0.000000 1.000000
0.168316 0.403240 -0.899482 1.509000 -0.684488 0.704442 0.187717 4.173400 0.709327 0.584089 0.394582 1.927000 0.000000 0.000000 0.000000 1.000000
0.168316 0.403240 -0.899481 1.509000 -0.684488 0.704441 0.187718 4.173400 0.709327 0.584089 0.394582 1.927000 0.000000 0.000000 0.000000 1.000000
0.168316 0.403240 -0.899482 1.509000 -0.684488 0.704442 0.187717 4.173400 0.709327 0.584089 0.394582 1.927000 0.000000 0.000000 0.000000 1.000000
0.168316 0.403240 -0.899482 1.509000 -0.684488 0.704442 0.187718 4.173400 0.709327 0.584089 0.394582 1.927000 0.000000 0.000000 0.000000 1.000000
0.168316 0.403240 -0.899482 1.509000 -0.684489 0.704441 0.187717 4.173400 0.709327 0.584089 0.394582 1.927000 0.000000 0.000000 0.000000 1.000000
0.168316 0.403240 -0.899481 1.509000 -0.684488 0.704441 0.187718 4.173400 0.709327 0.584089 0.394582 1.927000 0.000000 0.000000 0.000000 1.000000
0.168317 0.403240 -0.899482 1.509000 -0.684488 0.704442 0.187717 4.173400 0.709328 0.584088 0.394582 1.927000 0.000000 0.000000 0.000000 1.000000
0.168316 0.403240 -0.899482 1.509000 -0.684489 0.704441 0.187717 4.173400 0.709327 0.584089 0.394582 1.927000 0.000000 0.000000 0.000000 1.000000
0.168317 0.403240 -0.899482 1.509000 -0.684488 0.704442 0.187717 4.173400 0.709328 0.584088 0.394582 1.927000 0.000000 0.000000 0.000000 1.000000
0.168316 0.403240 -0.899481 1.509000 -0.684488 0.704441 0.187718 4.173400 0.709327 0.584089 0.394582 1.927000 0.000000 0.000000 0.000000 1.000000
0.168317 0.403240 -0.899482 1.509000 -0.684488 0.704442 0.187717 4.173400 0.709327 0.584089 0.394582 1.927000 0.000000 0.000000 0.000000 1.000000
0.168316 0.403240 -0.899482 1.509000 -0.684488 0.704441 0.187718 4.173400 0.709327 0.584089 0.394582 1.927000 0.000000 0.000000 0.000000 1.000000
0.168316 0.403240 -0.899482 1.509000 -0.684488 0.704442 0.187717 4.173400 0.709328 0.584089 0.394582 1.927000 0.000000 0.000000 0.000000 1.000000
0.168317 0.403240 -0.899482 1.509000 -0.684488 0.704442 0.187717 4.173400 0.709327 0.584089 0.394582 1.927000 0.000000 0.000000 0.000000 1.000000
0.168316 0.403240 -0.899482 1.509000 -0.684488 0.704442 0.187717 4.173400 0.709327 0.584089 0.394582 1.927000 0.000000 0.000000 0.000000 1.000000
0.168316 0.403240 -0.899482 1.509000 -0.684488 0.704442 0.187718 4.173400 0.709328 0.584089 0.394582 1.927000 0.000000 0.000000 0.000000 1.000000
0.168316 0.403240 -0.899482 1.509000 -0.684488 0.704442 0.187717 4.173400 0.709327 0.584089 0.394582 1.927000 0.000000 0.000000 0.000000 1.000000
0.168316 0.403240 -0.899482 1.509000 -0.684488 0.704442 0.187718 4.173400 0.709327 0.584089 0.394582 1.927000 0.000000 0.000000 0.000000 1.000000
0.168316 0.403240 -0.899482 1.509000 -0.684488 0.704442 0.187718 4.173400 0.709328 0.584089 0.394582 1.927000 0.000000 0.000000 0.000000 1.000000
0.168317 0.403240 -0.899481 1.509000 -0.684488 0.704441 0.187717 4.173400 0.709327 0.584089 0.394582 1.927000 0.000000 0.000000 0.000000 1.000000
0.168316 0.403240 -0.899481 1.509000 -0.684488 0.704441 0.187718 4.173400 0.709327 0.584089 0.394582 1.927000 0.000000 0.000000 0.000000 1.000000
0.168316 0.403240 -0.899482 1.509000 -0.684488 0.704441 0.187718 4.173400 0.709327 0.584089 0.394582 1.927000 0.000000 0.000000 0.000000 1.000000
0.168316 0.403240 -0.899482 1.509000 -0.684488 0.704442 0.187717 4.173400 0.709327 0.584089 0.394582 1.927000 0.000000 0.000000 0.000000 1.000000
0.168316 0.403241 -0.899481 1.509000 -0.684489 0.704441 0.187718 4.173400 0.709327 0.584089 0.394582 1.927000 0.000000 0.000000 0.000000 1.000000
0.168316 0.403240 -0.899482 1.509000 -0.684488 0.704441 0.187718 4.173400 0.709327 0.584089 0.394582 1.927000 0.000000 0.000000 0.000000 1.000000
0.168316 0.403240 -0.899482 1.509000 -0.684488 0.704442 0.187717 4.173400 0.709327 0.584089 0.394582 1.927000 0.000000 0.000000 0.000000 1.000000
0.168317 0.403240 -0.899482 1.509000 -0.684488 0.704442 0.187717 4.173400 0.709327 0.584089 0.394582 1.927000 0.000000 0.000000 0.000000 1.000000
0.168316 0.403240 -0.899482 1.509000 -0.684488 0.704442 0.187718 4.173400 0.709328 0.584089 0.394582 1.927000 0.000000 0.000000 0.000000 1.000000
0.168316 0.403240 -0.899481 1.509000 -0.684489 0.704441 0.187717 4.173400 0.709327 0.584089 0.394582 1.927000 0.000000 0.000000 0.000000 1.000000
0.168316 0.403240 -0.899481 1.509000 -0.684488 0.704441 0.187718 4.173400 0.709327 0.584089 0.394582 1.927000 0.000000 0.000000 0.000000 1.000000
0.168316 0.403240 -0.899482 1.509000 -0.684488 0.704442 0.187717 4.173400 0.709327 0.584089 0.394582 1.927000 0.000000 0.000000 0.000000 1.000000
0.168316 0.403240 -0.899481 1.509000 -0.684489 0.704441 0.187717 4.173400 0.709327 0.584089 0.394582 1.927000 0.000000 0.000000 0.000000 1.000000
0.168316 0.403240 -0.899481 1.509000 -0.684489 0.704441 0.187718 4.173400 0.709327 0.584089 0.394582 1.927000 0.000000 0.000000 0.000000 1.000000
0.168317 0.403240 -0.899481 1.509000 -0.684489 0.704441 0.187717 4.173400 0.709327 0.584089 0.394583 1.927000 0.000000 0.000000 0.000000 1.000000
0.168316 0.403240 -0.899482 1.509000 -0.684489 0.704441 0.187717 4.173400 0.709327 0.584089 0.394582 1.927000 0.000000 0.000000 0.000000 1.000000
0.168316 0.403240 -0.899482 1.509000 -0.684488 0.704441 0.187718 4.173400 0.709327 0.584089 0.394582 1.927000 0.000000 0.000000 0.000000 1.000000
0.168316 0.403241 -0.899481 1.509000 -0.684488 0.704441 0.187718 4.173400 0.709328 0.584088 0.394582 1.927000 0.000000 0.000000 0.000000 1.000000
0.168316 0.403240 -0.899482 1.509000 -0.684489 0.704441 0.187718 4.173400 0.709327 0.584089 0.394582 1.927000 0.000000 0.000000 0.000000 1.000000
0.168316 0.403240 -0.899482 1.509000 -0.684489 0.704441 0.187717 4.173400 0.709327 0.584089 0.394582 1.927000 0.000000 0.000000 0.000000 1.000000
0.168317 0.403240 -0.899481 1.509000 -0.684488 0.704441 0.187717 4.173400 0.709327 0.584089 0.394582 1.927000 0.000000 0.000000 0.000000 1.000000
0.168316 0.403240 -0.899482 1.509000 -0.684489 0.704441 0.187718 4.173400 0.709327 0.584089 0.394582 1.927000 0.000000 0.000000 0.000000 1.000000
0.168316 0.403240 -0.899481 1.509000 -0.684488 0.704441 0.187718 4.173400 0.709327 0.584089 0.394582 1.927000 0.000000 0.000000 0.000000 1.000000</float_array>
        <technique_common>
          <accessor source="#mixamorig_RightHandThumb1-Matrix-animation-output-transform-array" count="69" stride="16">
            <param type="float4x4"/>
          </accessor>
        </technique_common>
      </source>
      <source id="mixamorig_RightHandThumb1-Interpolations">
        <Name_array id="mixamorig_RightHandThumb1-Interpolations-array" count="69">
 LINEAR LINEAR LINEAR LINEAR LINEAR LINEAR LINEAR LINEAR LINEAR LINEAR LINEAR
LINEAR LINEAR LINEAR LINEAR LINEAR LINEAR LINEAR LINEAR LINEAR LINEAR LINEAR LINEAR
LINEAR LINEAR LINEAR LINEAR LINEAR LINEAR LINEAR LINEAR LINEAR LINEAR LINEAR LINEAR
LINEAR LINEAR LINEAR LINEAR LINEAR LINEAR LINEAR LINEAR LINEAR LINEAR LINEAR LINEAR
LINEAR LINEAR LINEAR LINEAR LINEAR LINEAR LINEAR LINEAR LINEAR LINEAR LINEAR LINEAR
LINEAR LINEAR LINEAR LINEAR LINEAR LINEAR LINEAR LINEAR LINEAR LINEAR</Name_array>
        <technique_common>
          <accessor source="#mixamorig_RightHandThumb1-Interpolations-array" count="69">
            <param type="name"/>
          </accessor>
        </technique_common>
      </source>
      <sampler id="mixamorig_RightHandThumb1-Matrix-animation-transform">
        <input semantic="INPUT" source="#mixamorig_RightHandThumb1-Matrix-animation-input"/>
        <input semantic="OUTPUT" source="#mixamorig_RightHandThumb1-Matrix-animation-output-transform"/>
        <input semantic="INTERPOLATION" source="#mixamorig_RightHandThumb1-Interpolations"/>
      </sampler>
      <channel source="#mixamorig_RightHandThumb1-Matrix-animation-transform" target="mixamorig_RightHandThumb1/matrix"/>
    </animation>
    <animation id="mixamorig_RightHandThumb2-anim" name="mixamorig_RightHandThumb2">
      <source id="mixamorig_RightHandThumb2-Matrix-animation-input">
        <float_array id="mixamorig_RightHandThumb2-Matrix-animation-input-array" count="69">

0.000000 0.033333 0.066667 0.100000 0.133333 0.166667 0.200000 0.233333 0.266667 0.300000 0.333333 0.366667 0.400000 0.433333 0.466667 0.500000
0.533333 0.566667 0.600000 0.633333 0.666667 0.700000 0.733333 0.766667 0.800000 0.833333 0.866667 0.900000 0.933333 0.966667 1.000000 1.033333
1.066667 1.100000 1.133333 1.166667 1.200000 1.233333 1.266667 1.300000 1.333333 1.366667 1.400000 1.433333 1.466667 1.500000 1.533333 1.566667
1.600000 1.633333 1.666667 1.700000 1.733333 1.766667 1.800000 1.833333 1.866667 1.900000 1.933333 1.966667 2.000000 2.033333 2.066667 2.100000
2.133333 2.166667 2.200000 2.233333 2.266667</float_array>
        <technique_common>
          <accessor source="#mixamorig_RightHandThumb2-Matrix-animation-input-array" count="69">
            <param name="TIME" type="float"/>
          </accessor>
        </technique_common>
      </source>
      <source id="mixamorig_RightHandThumb2-Matrix-animation-output-transform">
        <float_array id="mixamorig_RightHandThumb2-Matrix-animation-output-transform-array" count="1104">

0.966645 -0.168865 0.192566 0.000000 0.187882 0.978501 -0.085067 3.870400 -0.174061 0.118409 0.977590 0.000000 0.000000 0.000000 0.000000 1.000000
0.966646 -0.168864 0.192565 0.000000 0.187881 0.978501 -0.085067 3.870400 -0.174060 0.118409 0.977590 0.000000 0.000000 0.000000 0.000000 1.000000
0.966645 -0.168865 0.192566 0.000000 0.187882 0.978501 -0.085067 3.870400 -0.174061 0.118410 0.977590 0.000000 0.000000 0.000000 0.000000 1.000000
0.966645 -0.168865 0.192566 -0.000000 0.187882 0.978501 -0.085067 3.870400 -0.174061 0.118409 0.977590 0.000000 0.000000 0.000000 0.000000 1.000000
0.966645 -0.168865 0.192566 0.000000 0.187882 0.978501 -0.085067 3.870400 -0.174061 0.118409 0.977590 0.000000 0.000000 0.000000 0.000000 1.000000
0.966645 -0.168865 0.192566 0.000000 0.187882 0.978501 -0.085067 3.870400 -0.174061 0.118409 0.977590 -0.000000 0.000000 0.000000 0.000000 1.000000
0.966645 -0.168865 0.192566 0.000000 0.187882 0.978501 -0.085067 3.870400 -0.174061 0.118409 0.977590 0.000000 0.000000 0.000000 0.000000 1.000000
0.966645 -0.168865 0.192566 0.000000 0.187882 0.978501 -0.085067 3.870400 -0.174061 0.118409 0.977590 0.000000 0.000000 0.000000 0.000000 1.000000
0.966645 -0.168865 0.192566 -0.000000 0.187882 0.978501 -0.085067 3.870400 -0.174061 0.118409 0.977590 0.000000 0.000000 0.000000 0.000000 1.000000
0.966645 -0.168865 0.192565 0.000000 0.187882 0.978501 -0.085067 3.870400 -0.174060 0.118409 0.977590 0.000000 0.000000 0.000000 0.000000 1.000000
0.966645 -0.168864 0.192566 0.000000 0.187881 0.978501 -0.085067 3.870400 -0.174061 0.118409 0.977590 0.000000 0.000000 0.000000 0.000000 1.000000
0.966645 -0.168865 0.192565 0.000000 0.187882 0.978501 -0.085067 3.870400 -0.174061 0.118409 0.977590 0.000000 0.000000 0.000000 0.000000 1.000000
0.966645 -0.168864 0.192566 -0.000000 0.187882 0.978501 -0.085066 3.870400 -0.174061 0.118409 0.977590 -0.000000 0.000000 0.000000 0.000000 1.000000
0.966645 -0.168864 0.192566 -0.000000 0.187882 0.978501 -0.085067 3.870400 -0.174061 0.118410 0.977590 -0.000000 0.000000 0.000000 0.000000 1.000000
0.966645 -0.168865 0.192565 0.000000 0.187882 0.978501 -0.085067 3.870400 -0.174060 0.118409 0.977590 0.000000 0.000000 0.000000 0.000000 1.000000
0.966645 -0.168865 0.192566 0.000000 0.187882 0.978501 -0.085067 3.870400 -0.174061 0.118409 0.977590 0.000000 0.000000 0.000000 0.000000 1.000000
0.966645 -0.168865 0.192566 -0.000000 0.187882 0.978501 -0.085067 3.870400 -0.174061 0.118409 0.977590 -0.000000 0.000000 0.000000 0.000000 1.000000
0.966645 -0.168865 0.192566 0.000000 0.187882 0.978501 -0.085067 3.870400 -0.174061 0.118409 0.977590 -0.000000 0.000000 0.000000 0.000000 1.000000
0.966645 -0.168865 0.192565 0.000000 0.187882 0.978501 -0.085067 3.870400 -0.174061 0.118409 0.977590 0.000000 0.000000 0.000000 0.000000 1.000000
0.966645 -0.168865 0.192566 0.000000 0.187882 0.978501 -0.085067 3.870400 -0.174061 0.118409 0.977590 0.000000 0.000000 0.000000 0.000000 1.000000
0.966645 -0.168865 0.192566 0.000000 0.187882 0.978501 -0.085067 3.870400 -0.174061 0.118409 0.977590 0.000000 0.000000 0.000000 0.000000 1.000000
0.966645 -0.168865 0.192565 -0.000000 0.187882 0.978501 -0.085067 3.870400 -0.174061 0.118409 0.977590 0.000000 0.000000 0.000000 0.000000 1.000000
0.966645 -0.168864 0.192565 0.000000 0.187881 0.978501 -0.085067 3.870400 -0.174061 0.118409 0.977590 0.000000 0.000000 0.000000 0.000000 1.000000
0.966645 -0.168864 0.192566 0.000000 0.187882 0.978501 -0.085067 3.870400 -0.174061 0.118409 0.977590 0.000000 0.000000 0.000000 0.000000 1.000000
0.966645 -0.168864 0.192566 0.000000 0.187881 0.978501 -0.085067 3.870400 -0.174061 0.118409 0.977590 0.000000 0.000000 0.000000 0.000000 1.000000
0.966645 -0.168865 0.192565 -0.000000 0.187882 0.978501 -0.085067 3.870400 -0.174061 0.118409 0.977590 0.000000 0.000000 0.000000 0.000000 1.000000
0.966645 -0.168865 0.192565 -0.000000 0.187882 0.978501 -0.085067 3.870400 -0.174061 0.118409 0.977590 -0.000000 0.000000 0.000000 0.000000 1.000000
0.966645 -0.168865 0.192565 0.000000 0.187882 0.978501 -0.085067 3.870400 -0.174061 0.118409 0.977590 -0.000000 0.000000 0.000000 0.000000 1.000000
0.966645 -0.168865 0.192566 0.000000 0.187882 0.978501 -0.085067 3.870400 -0.174061 0.118410 0.977590 -0.000000 0.000000 0.000000 0.000000 1.000000
0.966645 -0.168865 0.192566 0.000000 0.187882 0.978501 -0.085067 3.870400 -0.174061 0.118409 0.977590 -0.000000 0.000000 0.000000 0.000000 1.000000
0.966645 -0.168864 0.192566 -0.000000 0.187881 0.978501 -0.085066 3.870400 -0.174061 0.118409 0.977590 -0.000000 0.000000 0.000000 0.000000 1.000000
0.966645 -0.168865 0.192566 0.000000 0.187882 0.978501 -0.085066 3.870400 -0.174061 0.118409 0.977590 -0.000000 0.000000 0.000000 0.000000 1.000000
0.966645 -0.168865 0.192566 -0.000000 0.187882 0.978501 -0.085067 3.870400 -0.174061 0.118409 0.977590 -0.000000 0.000000 0.000000 0.000000 1.000000
0.966645 -0.168864 0.192566 0.000000 0.187881 0.978501 -0.085067 3.870400 -0.174061 0.118409 0.977590 0.000000 0.000000 0.000000 0.000000 1.000000
0.966645 -0.168865 0.192566 0.000000 0.187882 0.978501 -0.085066 3.870400 -0.174061 0.118408 0.977590 -0.000000 0.000000 0.000000 0.000000 1.000000
0.966646 -0.168864 0.192565 0.000000 0.187881 0.978501 -0.085067 3.870400 -0.174060 0.118409 0.977590 0.000000 0.000000 0.000000 0.000000 1.000000
0.966645 -0.168865 0.192566 0.000000 0.187882 0.978501 -0.085067 3.870400 -0.174061 0.118409 0.977590 -0.000000 0.000000 0.000000 0.000000 1.000000
0.966645 -0.168865 0.192565 -0.000000 0.187882 0.978501 -0.085067 3.870400 -0.174061 0.118409 0.977590 -0.000000 0.000000 0.000000 0.000000 1.000000
0.966645 -0.168865 0.192566 0.000000 0.187882 0.978501 -0.085066 3.870400 -0.174061 0.118409 0.977590 0.000000 0.000000 0.000000 0.000000 1.000000
0.966645 -0.168865 0.192566 0.000000 0.187882 0.978501 -0.085067 3.870400 -0.174061 0.118409 0.977590 0.000000 0.000000 0.000000 0.000000 1.000000
0.966645 -0.168865 0.192566 0.000000 0.187882 0.978501 -0.085067 3.870400 -0.174061 0.118409 0.977590 0.000000 0.000000 0.000000 0.000000 1.000000
0.966645 -0.168865 0.192566 0.000000 0.187882 0.978501 -0.085067 3.870400 -0.174061 0.118409 0.977590 -0.000000 0.000000 0.000000 0.000000 1.000000
0.966645 -0.168865 0.192566 0.000000 0.187882 0.978501 -0.085067 3.870400 -0.174061 0.118409 0.977590 0.000000 0.000000 0.000000 0.000000 1.000000
0.966645 -0.168865 0.192566 0.000000 0.187882 0.978501 -0.085066 3.870400 -0.174061 0.118409 0.977590 0.000000 0.000000 0.000000 0.000000 1.000000
0.966645 -0.168865 0.192566 0.000000 0.187882 0.978501 -0.085067 3.870400 -0.174061 0.118409 0.977590 0.000000 0.000000 0.000000 0.000000 1.000000
0.966645 -0.168865 0.192565 0.000000 0.187882 0.978501 -0.085067 3.870400 -0.174060 0.118409 0.977590 -0.000000 0.000000 0.000000 0.000000 1.000000
0.966645 -0.168865 0.192566 0.000000 0.187882 0.978501 -0.085067 3.870400 -0.174061 0.118409 0.977590 -0.000000 0.000000 0.000000 0.000000 1.000000
0.966645 -0.168865 0.192566 0.000000 0.187882 0.978501 -0.085067 3.870400 -0.174061 0.118409 0.977590 0.000000 0.000000 0.000000 0.000000 1.000000
0.966645 -0.168865 0.192566 0.000000 0.187882 0.978501 -0.085067 3.870400 -0.174061 0.118409 0.977590 -0.000000 0.000000 0.000000 0.000000 1.000000
0.966645 -0.168865 0.192566 0.000000 0.187882 0.978501 -0.085066 3.870400 -0.174061 0.118409 0.977590 -0.000000 0.000000 0.000000 0.000000 1.000000
0.966645 -0.168865 0.192565 0.000000 0.187882 0.978501 -0.085067 3.870400 -0.174061 0.118409 0.977590 -0.000000 0.000000 0.000000 0.000000 1.000000
0.966645 -0.168864 0.192565 0.000000 0.187882 0.978501 -0.085067 3.870400 -0.174061 0.118409 0.977590 -0.000000 0.000000 0.000000 0.000000 1.000000
0.966645 -0.168865 0.192566 0.000000 0.187882 0.978501 -0.085067 3.870400 -0.174061 0.118409 0.977590 0.000000 0.000000 0.000000 0.000000 1.000000
0.966645 -0.168865 0.192566 -0.000000 0.187882 0.978501 -0.085067 3.870400 -0.174061 0.118409 0.977590 0.000000 0.000000 0.000000 0.000000 1.000000
0.966645 -0.168864 0.192565 0.000000 0.187882 0.978501 -0.085067 3.870400 -0.174061 0.118409 0.977590 0.000000 0.000000 0.000000 0.000000 1.000000
0.966645 -0.168864 0.192565 -0.000000 0.187881 0.978501 -0.085067 3.870400 -0.174061 0.118409 0.977590 -0.000000 0.000000 0.000000 0.000000 1.000000
0.966645 -0.168865 0.192566 0.000000 0.187882 0.978501 -0.085066 3.870400 -0.174061 0.118409 0.977590 0.000000 0.000000 0.000000 0.000000 1.000000
0.966645 -0.168864 0.192565 -0.000000 0.187881 0.978501 -0.085067 3.870400 -0.174061 0.118409 0.977590 0.000000 0.000000 0.000000 0.000000 1.000000
0.966645 -0.168864 0.192565 0.000000 0.187881 0.978501 -0.085067 3.870400 -0.174061 0.118409 0.977590 0.000000 0.000000 0.000000 0.000000 1.000000
0.966645 -0.168865 0.192565 0.000000 0.187882 0.978501 -0.085067 3.870400 -0.174061 0.118409 0.977590 0.000000 0.000000 0.000000 0.000000 1.000000
0.966645 -0.168865 0.192565 0.000000 0.187882 0.978501 -0.085067 3.870400 -0.174061 0.118409 0.977590 0.000000 0.000000 0.000000 0.000000 1.000000
0.966645 -0.168864 0.192566 0.000000 0.187881 0.978501 -0.085067 3.870400 -0.174061 0.118409 0.977590 0.000000 0.000000 0.000000 0.000000 1.000000
0.966645 -0.168865 0.192566 0.000000 0.187882 0.978501 -0.085067 3.870400 -0.174061 0.118409 0.977590 0.000000 0.000000 0.000000 0.000000 1.000000
0.966645 -0.168864 0.192566 -0.000000 0.187881 0.978501 -0.085067 3.870400 -0.174061 0.118409 0.977590 0.000000 0.000000 0.000000 0.000000 1.000000
0.966645 -0.168865 0.192566 -0.000000 0.187882 0.978501 -0.085067 3.870400 -0.174061 0.118409 0.977590 0.000000 0.000000 0.000000 0.000000 1.000000
0.966645 -0.168865 0.192566 -0.000000 0.187882 0.978501 -0.085067 3.870400 -0.174061 0.118409 0.977590 0.000000 0.000000 0.000000 0.000000 1.000000
0.966645 -0.168865 0.192566 0.000000 0.187882 0.978501 -0.085066 3.870400 -0.174061 0.118409 0.977590 -0.000000 0.000000 0.000000 0.000000 1.000000
0.966645 -0.168865 0.192566 0.000000 0.187882 0.978501 -0.085067 3.870400 -0.174061 0.118409 0.977590 0.000000 0.000000 0.000000 0.000000 1.000000
0.966645 -0.168864 0.192566 0.000000 0.187882 0.978501 -0.085067 3.870400 -0.174061 0.118409 0.977590 0.000000 0.000000 0.000000 0.000000 1.000000</float_array>
        <technique_common>
          <accessor source="#mixamorig_RightHandThumb2-Matrix-animation-output-transform-array" count="69" stride="16">
            <param type="float4x4"/>
          </accessor>
        </technique_common>
      </source>
      <source id="mixamorig_RightHandThumb2-Interpolations">
        <Name_array id="mixamorig_RightHandThumb2-Interpolations-array" count="69">
 LINEAR LINEAR LINEAR LINEAR LINEAR LINEAR LINEAR LINEAR LINEAR LINEAR LINEAR
LINEAR LINEAR LINEAR LINEAR LINEAR LINEAR LINEAR LINEAR LINEAR LINEAR LINEAR LINEAR
LINEAR LINEAR LINEAR LINEAR LINEAR LINEAR LINEAR LINEAR LINEAR LINEAR LINEAR LINEAR
LINEAR LINEAR LINEAR LINEAR LINEAR LINEAR LINEAR LINEAR LINEAR LINEAR LINEAR LINEAR
LINEAR LINEAR LINEAR LINEAR LINEAR LINEAR LINEAR LINEAR LINEAR LINEAR LINEAR LINEAR
LINEAR LINEAR LINEAR LINEAR LINEAR LINEAR LINEAR LINEAR LINEAR LINEAR</Name_array>
        <technique_common>
          <accessor source="#mixamorig_RightHandThumb2-Interpolations-array" count="69">
            <param type="name"/>
          </accessor>
        </technique_common>
      </source>
      <sampler id="mixamorig_RightHandThumb2-Matrix-animation-transform">
        <input semantic="INPUT" source="#mixamorig_RightHandThumb2-Matrix-animation-input"/>
        <input semantic="OUTPUT" source="#mixamorig_RightHandThumb2-Matrix-animation-output-transform"/>
        <input semantic="INTERPOLATION" source="#mixamorig_RightHandThumb2-Interpolations"/>
      </sampler>
      <channel source="#mixamorig_RightHandThumb2-Matrix-animation-transform" target="mixamorig_RightHandThumb2/matrix"/>
    </animation>
    <animation id="mixamorig_RightHandThumb3-anim" name="mixamorig_RightHandThumb3">
      <source id="mixamorig_RightHandThumb3-Matrix-animation-input">
        <float_array id="mixamorig_RightHandThumb3-Matrix-animation-input-array" count="69">

0.000000 0.033333 0.066667 0.100000 0.133333 0.166667 0.200000 0.233333 0.266667 0.300000 0.333333 0.366667 0.400000 0.433333 0.466667 0.500000
0.533333 0.566667 0.600000 0.633333 0.666667 0.700000 0.733333 0.766667 0.800000 0.833333 0.866667 0.900000 0.933333 0.966667 1.000000 1.033333
1.066667 1.100000 1.133333 1.166667 1.200000 1.233333 1.266667 1.300000 1.333333 1.366667 1.400000 1.433333 1.466667 1.500000 1.533333 1.566667
1.600000 1.633333 1.666667 1.700000 1.733333 1.766667 1.800000 1.833333 1.866667 1.900000 1.933333 1.966667 2.000000 2.033333 2.066667 2.100000
2.133333 2.166667 2.200000 2.233333 2.266667</float_array>
        <technique_common>
          <accessor source="#mixamorig_RightHandThumb3-Matrix-animation-input-array" count="69">
            <param name="TIME" type="float"/>
          </accessor>
        </technique_common>
      </source>
      <source id="mixamorig_RightHandThumb3-Matrix-animation-output-transform">
        <float_array id="mixamorig_RightHandThumb3-Matrix-animation-output-transform-array" count="1104">

0.834257 -0.546506 0.073117 0.000000 0.548570 0.809319 -0.209940 4.710300 0.055559 0.215254 0.974976 0.000000 0.000000 0.000000 0.000000 1.000000
0.834256 -0.546507 0.073118 0.000000 0.548570 0.809318 -0.209940 4.710300 0.055558 0.215254 0.974976 -0.000000 0.000000 0.000000 0.000000 1.000000
0.834257 -0.546507 0.073117 0.000000 0.548570 0.809318 -0.209940 4.710300 0.055558 0.215253 0.974977 0.000000 0.000000 0.000000 0.000000 1.000000
0.834257 -0.546507 0.073117 0.000000 0.548570 0.809318 -0.209940 4.710300 0.055558 0.215254 0.974976 0.000000 0.000000 0.000000 0.000000 1.000000
0.834257 -0.546507 0.073117 0.000000 0.548570 0.809318 -0.209940 4.710300 0.055558 0.215254 0.974976 0.000000 0.000000 0.000000 0.000000 1.000000
0.834257 -0.546507 0.073118 -0.000000 0.548570 0.809318 -0.209940 4.710300 0.055558 0.215254 0.974976 0.000000 0.000000 0.000000 0.000000 1.000000
0.834256 -0.546507 0.073117 -0.000000 0.548570 0.809318 -0.209940 4.710300 0.055559 0.215254 0.974976 0.000000 0.000000 0.000000 0.000000 1.000000
0.834257 -0.546507 0.073118 0.000000 0.548570 0.809318 -0.209940 4.710300 0.055558 0.215254 0.974976 -0.000000 0.000000 0.000000 0.000000 1.000000
0.834257 -0.546507 0.073118 0.000000 0.548570 0.809318 -0.209940 4.710300 0.055558 0.215254 0.974976 0.000000 0.000000 0.000000 0.000000 1.000000
0.834256 -0.546507 0.073117 0.000000 0.548570 0.809318 -0.209940 4.710300 0.055558 0.215254 0.974976 0.000000 0.000000 0.000000 0.000000 1.000000
0.834256 -0.546508 0.073119 0.000000 0.548571 0.809318 -0.209940 4.710300 0.055557 0.215254 0.974976 0.000000 0.000000 0.000000 0.000000 1.000000
0.834256 -0.546507 0.073118 -0.000000 0.548570 0.809318 -0.209940 4.710300 0.055558 0.215254 0.974976 0.000000 0.000000 0.000000 0.000000 1.000000
0.834256 -0.546507 0.073117 0.000000 0.548570 0.809318 -0.209940 4.710300 0.055558 0.215254 0.974976 0.000000 0.000000 0.000000 0.000000 1.000000
0.834256 -0.546507 0.073118 0.000000 0.548571 0.809318 -0.209940 4.710300 0.055558 0.215254 0.974976 0.000000 0.000000 0.000000 0.000000 1.000000
0.834256 -0.546507 0.073118 0.000000 0.548571 0.809318 -0.209940 4.710300 0.055558 0.215254 0.974976 0.000000 0.000000 0.000000 0.000000 1.000000
0.834256 -0.546507 0.073117 -0.000000 0.548571 0.809318 -0.209940 4.710300 0.055559 0.215254 0.974976 -0.000000 0.000000 0.000000 0.000000 1.000000
0.834257 -0.546507 0.073118 -0.000000 0.548570 0.809318 -0.209940 4.710300 0.055558 0.215254 0.974976 0.000000 0.000000 0.000000 0.000000 1.000000
0.834256 -0.546508 0.073118 0.000000 0.548571 0.809318 -0.209940 4.710300 0.055558 0.215254 0.974976 0.000000 0.000000 0.000000 0.000000 1.000000
0.834256 -0.546508 0.073118 -0.000000 0.548571 0.809318 -0.209939 4.710300 0.055558 0.215254 0.974976 -0.000000 0.000000 0.000000 0.000000 1.000000
0.834256 -0.546507 0.073118 -0.000000 0.548570 0.809318 -0.209940 4.710300 0.055558 0.215254 0.974977 0.000000 0.000000 0.000000 0.000000 1.000000
0.834257 -0.546507 0.073118 0.000000 0.548570 0.809318 -0.209940 4.710300 0.055558 0.215254 0.974976 0.000000 0.000000 0.000000 0.000000 1.000000
0.834256 -0.546507 0.073118 0.000000 0.548571 0.809318 -0.209940 4.710300 0.055558 0.215254 0.974976 0.000000 0.000000 0.000000 0.000000 1.000000
0.834256 -0.546507 0.073118 0.000000 0.548571 0.809318 -0.209939 4.710300 0.055558 0.215254 0.974977 0.000000 0.000000 0.000000 0.000000 1.000000
0.834256 -0.546508 0.073118 0.000000 0.548571 0.809318 -0.209940 4.710300 0.055558 0.215254 0.974976 -0.000000 0.000000 0.000000 0.000000 1.000000
0.834257 -0.546507 0.073118 0.000000 0.548570 0.809318 -0.209940 4.710300 0.055558 0.215255 0.974976 0.000000 0.000000 0.000000 0.000000 1.000000
0.834257 -0.546507 0.073117 -0.000000 0.548570 0.809318 -0.209939 4.710300 0.055558 0.215253 0.974977 0.000000 0.000000 0.000000 0.000000 1.000000
0.834257 -0.546507 0.073118 0.000000 0.548570 0.809318 -0.209940 4.710300 0.055558 0.215254 0.974976 0.000000 0.000000 0.000000 0.000000 1.000000
0.834257 -0.546507 0.073118 0.000000 0.548570 0.809318 -0.209940 4.710300 0.055558 0.215254 0.974976 -0.000000 0.000000 0.000000 0.000000 1.000000
0.834256 -0.546507 0.073118 0.000000 0.548571 0.809318 -0.209940 4.710300 0.055558 0.215254 0.974976 -0.000000 0.000000 0.000000 0.000000 1.000000
0.834256 -0.546507 0.073118 0.000000 0.548571 0.809318 -0.209940 4.710300 0.055558 0.215254 0.974976 0.000000 0.000000 0.000000 0.000000 1.000000
0.834256 -0.546507 0.073118 0.000000 0.548571 0.809318 -0.209940 4.710300 0.055558 0.215254 0.974976 0.000000 0.000000 0.000000 0.000000 1.000000
0.834256 -0.546507 0.073118 0.000000 0.548571 0.809318 -0.209940 4.710300 0.055558 0.215254 0.974976 -0.000000 0.000000 0.000000 0.000000 1.000000
0.834256 -0.546508 0.073118 0.000000 0.548571 0.809318 -0.209940 4.710300 0.055558 0.215254 0.974976 -0.000000 0.000000 0.000000 0.000000 1.000000
0.834256 -0.546507 0.073118 0.000000 0.548571 0.809318 -0.209940 4.710300 0.055558 0.215254 0.974976 0.000000 0.000000 0.000000 0.000000 1.000000
0.834256 -0.546508 0.073117 0.000000 0.548571 0.809318 -0.209940 4.710300 0.055559 0.215254 0.974976 0.000000 0.000000 0.000000 0.000000 1.000000
0.834256 -0.546507 0.073118 -0.000000 0.548570 0.809318 -0.209939 4.710300 0.055558 0.215254 0.974976 -0.000000 0.000000 0.000000 0.000000 1.000000
0.834256 -0.546507 0.073118 -0.000000 0.548570 0.809318 -0.209939 4.710300 0.055558 0.215253 0.974977 -0.000000 0.000000 0.000000 0.000000 1.000000
0.834256 -0.546507 0.073118 0.000000 0.548571 0.809318 -0.209940 4.710300 0.055558 0.215254 0.974976 -0.000000 0.000000 0.000000 0.000000 1.000000
0.834256 -0.546507 0.073117 0.000000 0.548571 0.809318 -0.209940 4.710300 0.055558 0.215254 0.974976 0.000000 0.000000 0.000000 0.000000 1.000000
0.834256 -0.546507 0.073118 0.000000 0.548570 0.809318 -0.209940 4.710300 0.055558 0.215254 0.974976 0.000000 0.000000 0.000000 0.000000 1.000000
0.834256 -0.546507 0.073118 -0.000000 0.548571 0.809318 -0.209940 4.710300 0.055558 0.215254 0.974976 0.000000 0.000000 0.000000 0.000000 1.000000
0.834256 -0.546507 0.073117 -0.000000 0.548570 0.809318 -0.209940 4.710300 0.055559 0.215254 0.974976 0.000000 0.000000 0.000000 0.000000 1.000000
0.834256 -0.546507 0.073117 0.000000 0.548570 0.809318 -0.209940 4.710300 0.055558 0.215253 0.974977 0.000000 0.000000 0.000000 0.000000 1.000000
0.834256 -0.546507 0.073117 -0.000000 0.548571 0.809318 -0.209940 4.710300 0.055559 0.215254 0.974976 0.000000 0.000000 0.000000 0.000000 1.000000
0.834256 -0.546507 0.073117 0.000000 0.548571 0.809318 -0.209940 4.710300 0.055559 0.215254 0.974976 0.000000 0.000000 0.000000 0.000000 1.000000
0.834256 -0.546507 0.073118 0.000000 0.548571 0.809318 -0.209940 4.710300 0.055558 0.215254 0.974976 0.000000 0.000000 0.000000 0.000000 1.000000
0.834257 -0.546507 0.073118 0.000000 0.548570 0.809318 -0.209940 4.710300 0.055558 0.215254 0.974976 -0.000000 0.000000 0.000000 0.000000 1.000000
0.834256 -0.546507 0.073117 -0.000000 0.548570 0.809318 -0.209940 4.710300 0.055559 0.215254 0.974976 0.000000 0.000000 0.000000 0.000000 1.000000
0.834256 -0.546507 0.073118 0.000000 0.548571 0.809318 -0.209940 4.710300 0.055558 0.215254 0.974976 -0.000000 0.000000 0.000000 0.000000 1.000000
0.834256 -0.546507 0.073118 0.000000 0.548570 0.809318 -0.209940 4.710300 0.055558 0.215254 0.974976 0.000000 0.000000 0.000000 0.000000 1.000000
0.834256 -0.546507 0.073118 0.000000 0.548571 0.809318 -0.209940 4.710300 0.055558 0.215254 0.974976 0.000000 0.000000 0.000000 0.000000 1.000000
0.834257 -0.546507 0.073118 0.000000 0.548570 0.809318 -0.209940 4.710300 0.055558 0.215254 0.974977 0.000000 0.000000 0.000000 0.000000 1.000000
0.834256 -0.546507 0.073118 -0.000000 0.548571 0.809318 -0.209940 4.710300 0.055558 0.215254 0.974976 0.000000 0.000000 0.000000 0.000000 1.000000
0.834256 -0.546508 0.073118 0.000000 0.548571 0.809318 -0.209940 4.710300 0.055558 0.215254 0.974976 -0.000000 0.000000 0.000000 0.000000 1.000000
0.834256 -0.546508 0.073118 0.000000 0.548571 0.809318 -0.209940 4.710300 0.055558 0.215254 0.974976 0.000000 0.000000 0.000000 0.000000 1.000000
0.834256 -0.546507 0.073118 0.000000 0.548571 0.809318 -0.209940 4.710300 0.055558 0.215254 0.974976 0.000000 0.000000 0.000000 0.000000 1.000000
0.834257 -0.546507 0.073117 -0.000000 0.548570 0.809318 -0.209940 4.710300 0.055559 0.215254 0.974976 0.000000 0.000000 0.000000 0.000000 1.000000
0.834256 -0.546507 0.073118 0.000000 0.548571 0.809318 -0.209940 4.710300 0.055558 0.215254 0.974976 -0.000000 0.000000 0.000000 0.000000 1.000000
0.834256 -0.546507 0.073118 -0.000000 0.548571 0.809318 -0.209940 4.710300 0.055558 0.215254 0.974976 -0.000000 0.000000 0.000000 0.000000 1.000000
0.834256 -0.546507 0.073117 0.000000 0.548570 0.809318 -0.209940 4.710300 0.055558 0.215254 0.974976 0.000000 0.000000 0.000000 0.000000 1.000000
0.834256 -0.546507 0.073118 0.000000 0.548571 0.809318 -0.209940 4.710300 0.055558 0.215254 0.974976 0.000000 0.000000 0.000000 0.000000 1.000000
0.834256 -0.546507 0.073118 0.000000 0.548571 0.809318 -0.209940 4.710300 0.055558 0.215254 0.974976 -0.000000 0.000000 0.000000 0.000000 1.000000
0.834256 -0.546507 0.073117 0.000000 0.548570 0.809318 -0.209940 4.710300 0.055558 0.215254 0.974976 -0.000000 0.000000 0.000000 0.000000 1.000000
0.834256 -0.546508 0.073118 -0.000000 0.548571 0.809318 -0.209940 4.710300 0.055558 0.215254 0.974976 -0.000000 0.000000 0.000000 0.000000 1.000000
0.834256 -0.546507 0.073118 0.000000 0.548571 0.809318 -0.209940 4.710300 0.055558 0.215254 0.974976 0.000000 0.000000 0.000000 0.000000 1.000000
0.834257 -0.546507 0.073117 0.000000 0.548570 0.809318 -0.209940 4.710300 0.055558 0.215254 0.974976 0.000000 0.000000 0.000000 0.000000 1.000000
0.834256 -0.546507 0.073117 0.000000 0.548570 0.809318 -0.209940 4.710300 0.055559 0.215254 0.974976 0.000000 0.000000 0.000000 0.000000 1.000000
0.834256 -0.546507 0.073118 -0.000000 0.548570 0.809318 -0.209940 4.710300 0.055558 0.215254 0.974976 0.000000 0.000000 0.000000 0.000000 1.000000
0.834257 -0.546507 0.073117 -0.000000 0.548570 0.809318 -0.209940 4.710300 0.055558 0.215254 0.974976 0.000000 0.000000 0.000000 0.000000 1.000000</float_array>
        <technique_common>
          <accessor source="#mixamorig_RightHandThumb3-Matrix-animation-output-transform-array" count="69" stride="16">
            <param type="float4x4"/>
          </accessor>
        </technique_common>
      </source>
      <source id="mixamorig_RightHandThumb3-Interpolations">
        <Name_array id="mixamorig_RightHandThumb3-Interpolations-array" count="69">
 LINEAR LINEAR LINEAR LINEAR LINEAR LINEAR LINEAR LINEAR LINEAR LINEAR LINEAR
LINEAR LINEAR LINEAR LINEAR LINEAR LINEAR LINEAR LINEAR LINEAR LINEAR LINEAR LINEAR
LINEAR LINEAR LINEAR LINEAR LINEAR LINEAR LINEAR LINEAR LINEAR LINEAR LINEAR LINEAR
LINEAR LINEAR LINEAR LINEAR LINEAR LINEAR LINEAR LINEAR LINEAR LINEAR LINEAR LINEAR
LINEAR LINEAR LINEAR LINEAR LINEAR LINEAR LINEAR LINEAR LINEAR LINEAR LINEAR LINEAR
LINEAR LINEAR LINEAR LINEAR LINEAR LINEAR LINEAR LINEAR LINEAR LINEAR</Name_array>
        <technique_common>
          <accessor source="#mixamorig_RightHandThumb3-Interpolations-array" count="69">
            <param type="name"/>
          </accessor>
        </technique_common>
      </source>
      <sampler id="mixamorig_RightHandThumb3-Matrix-animation-transform">
        <input semantic="INPUT" source="#mixamorig_RightHandThumb3-Matrix-animation-input"/>
        <input semantic="OUTPUT" source="#mixamorig_RightHandThumb3-Matrix-animation-output-transform"/>
        <input semantic="INTERPOLATION" source="#mixamorig_RightHandThumb3-Interpolations"/>
      </sampler>
      <channel source="#mixamorig_RightHandThumb3-Matrix-animation-transform" target="mixamorig_RightHandThumb3/matrix"/>
    </animation>
    <animation id="mixamorig_RightHandIndex1-anim" name="mixamorig_RightHandIndex1">
      <source id="mixamorig_RightHandIndex1-Matrix-animation-input">
        <float_array id="mixamorig_RightHandIndex1-Matrix-animation-input-array" count="69">

0.000000 0.033333 0.066667 0.100000 0.133333 0.166667 0.200000 0.233333 0.266667 0.300000 0.333333 0.366667 0.400000 0.433333 0.466667 0.500000
0.533333 0.566667 0.600000 0.633333 0.666667 0.700000 0.733333 0.766667 0.800000 0.833333 0.866667 0.900000 0.933333 0.966667 1.000000 1.033333
1.066667 1.100000 1.133333 1.166667 1.200000 1.233333 1.266667 1.300000 1.333333 1.366667 1.400000 1.433333 1.466667 1.500000 1.533333 1.566667
1.600000 1.633333 1.666667 1.700000 1.733333 1.766667 1.800000 1.833333 1.866667 1.900000 1.933333 1.966667 2.000000 2.033333 2.066667 2.100000
2.133333 2.166667 2.200000 2.233333 2.266667</float_array>
        <technique_common>
          <accessor source="#mixamorig_RightHandIndex1-Matrix-animation-input-array" count="69">
            <param name="TIME" type="float"/>
          </accessor>
        </technique_common>
      </source>
      <source id="mixamorig_RightHandIndex1-Matrix-animation-output-transform">
        <float_array id="mixamorig_RightHandIndex1-Matrix-animation-output-transform-array" count="1104">

0.986236 0.047426 -0.158393 2.855500 -0.133552 0.793267 -0.594047 14.669400 0.097475 0.607024 0.788683 0.399000 0.000000 0.000000 0.000000 1.000000
0.986236 0.047426 -0.158394 2.855500 -0.133553 0.793267 -0.594046 14.669400 0.097475 0.607024 0.788683 0.399000 0.000000 0.000000 0.000000 1.000000
0.986236 0.047426 -0.158394 2.855500 -0.133553 0.793267 -0.594046 14.669400 0.097475 0.607024 0.788683 0.399000 0.000000 0.000000 0.000000 1.000000
0.986237 0.047426 -0.158393 2.855500 -0.133552 0.793267 -0.594046 14.669400 0.097475 0.607024 0.788683 0.399000 0.000000 0.000000 0.000000 1.000000
0.986236 0.047426 -0.158394 2.855500 -0.133553 0.793267 -0.594046 14.669400 0.097475 0.607024 0.788683 0.399000 0.000000 0.000000 0.000000 1.000000
0.986236 0.047426 -0.158394 2.855500 -0.133553 0.793267 -0.594046 14.669400 0.097475 0.607024 0.788683 0.399000 0.000000 0.000000 0.000000 1.000000
0.986236 0.047426 -0.158393 2.855500 -0.133552 0.793267 -0.594046 14.669400 0.097475 0.607024 0.788683 0.399000 0.000000 0.000000 0.000000 1.000000
0.986236 0.047426 -0.158393 2.855500 -0.133552 0.793267 -0.594046 14.669400 0.097475 0.607024 0.788683 0.399000 0.000000 0.000000 0.000000 1.000000
0.986236 0.047426 -0.158394 2.855500 -0.133553 0.793267 -0.594046 14.669400 0.097475 0.607024 0.788683 0.399000 0.000000 0.000000 0.000000 1.000000
0.986236 0.047426 -0.158393 2.855500 -0.133552 0.793267 -0.594046 14.669400 0.097475 0.607024 0.788683 0.399000 0.000000 0.000000 0.000000 1.000000
0.986236 0.047426 -0.158394 2.855500 -0.133553 0.793267 -0.594046 14.669400 0.097476 0.607024 0.788683 0.399000 0.000000 0.000000 0.000000 1.000000
0.986236 0.047426 -0.158393 2.855500 -0.133553 0.793267 -0.594046 14.669400 0.097475 0.607024 0.788683 0.399000 0.000000 0.000000 0.000000 1.000000
0.986236 0.047426 -0.158393 2.855500 -0.133553 0.793267 -0.594046 14.669400 0.097475 0.607024 0.788683 0.399000 0.000000 0.000000 0.000000 1.000000
0.986236 0.047426 -0.158393 2.855500 -0.133553 0.793267 -0.594046 14.669400 0.097475 0.607023 0.788683 0.399000 0.000000 0.000000 0.000000 1.000000
0.986236 0.047426 -0.158394 2.855500 -0.133553 0.793268 -0.594046 14.669400 0.097476 0.607023 0.788683 0.399000 0.000000 0.000000 0.000000 1.000000
0.986236 0.047426 -0.158394 2.855500 -0.133553 0.793268 -0.594046 14.669400 0.097475 0.607023 0.788683 0.399000 0.000000 0.000000 0.000000 1.000000
0.986236 0.047426 -0.158394 2.855500 -0.133553 0.793267 -0.594046 14.669400 0.097475 0.607024 0.788683 0.399000 0.000000 0.000000 0.000000 1.000000
0.986236 0.047426 -0.158394 2.855500 -0.133553 0.793267 -0.594046 14.669400 0.097476 0.607024 0.788683 0.399000 0.000000 0.000000 0.000000 1.000000
0.986236 0.047426 -0.158394 2.855500 -0.133553 0.793267 -0.594046 14.669400 0.097475 0.607024 0.788683 0.399000 0.000000 0.000000 0.000000 1.000000
0.986236 0.047426 -0.158393 2.855500 -0.133553 0.793268 -0.594046 14.669400 0.097475 0.607023 0.788683 0.399000 0.000000 0.000000 0.000000 1.000000
0.986236 0.047426 -0.158394 2.855500 -0.133552 0.793267 -0.594046 14.669400 0.097475 0.607024 0.788683 0.399000 0.000000 0.000000 0.000000 1.000000
0.986236 0.047426 -0.158394 2.855500 -0.133552 0.793268 -0.594046 14.669400 0.097476 0.607023 0.788683 0.399000 0.000000 0.000000 0.000000 1.000000
0.986236 0.047426 -0.158393 2.855500 -0.133552 0.793268 -0.594046 14.669400 0.097475 0.607023 0.788683 0.399000 0.000000 0.000000 0.000000 1.000000
0.986236 0.047426 -0.158393 2.855500 -0.133553 0.793267 -0.594046 14.669400 0.097475 0.607024 0.788683 0.399000 0.000000 0.000000 0.000000 1.000000
0.986236 0.047426 -0.158394 2.855500 -0.133553 0.793267 -0.594046 14.669400 0.097476 0.607024 0.788683 0.399000 0.000000 0.000000 0.000000 1.000000
0.986236 0.047426 -0.158393 2.855500 -0.133553 0.793267 -0.594047 14.669400 0.097475 0.607024 0.788683 0.399000 0.000000 0.000000 0.000000 1.000000
0.986236 0.047426 -0.158394 2.855500 -0.133553 0.793267 -0.594046 14.669400 0.097475 0.607024 0.788683 0.399000 0.000000 0.000000 0.000000 1.000000
0.986236 0.047426 -0.158393 2.855500 -0.133553 0.793267 -0.594046 14.669400 0.097475 0.607024 0.788683 0.399000 0.000000 0.000000 0.000000 1.000000
0.986236 0.047426 -0.158394 2.855500 -0.133553 0.793267 -0.594046 14.669400 0.097475 0.607024 0.788683 0.399000 0.000000 0.000000 0.000000 1.000000
0.986236 0.047426 -0.158394 2.855500 -0.133553 0.793267 -0.594046 14.669400 0.097475 0.607024 0.788683 0.399000 0.000000 0.000000 0.000000 1.000000
0.986236 0.047426 -0.158394 2.855500 -0.133553 0.793267 -0.594046 14.669400 0.097476 0.607024 0.788683 0.399000 0.000000 0.000000 0.000000 1.000000
0.986236 0.047426 -0.158394 2.855500 -0.133553 0.793267 -0.594047 14.669400 0.097475 0.607024 0.788682 0.399000 0.000000 0.000000 0.000000 1.000000
0.986236 0.047426 -0.158393 2.855500 -0.133553 0.793267 -0.594046 14.669400 0.097475 0.607024 0.788683 0.399000 0.000000 0.000000 0.000000 1.000000
0.986236 0.047426 -0.158394 2.855500 -0.133553 0.793267 -0.594046 14.669400 0.097475 0.607024 0.788683 0.399000 0.000000 0.000000 0.000000 1.000000
0.986236 0.047426 -0.158394 2.855500 -0.133553 0.793267 -0.594046 14.669400 0.097475 0.607024 0.788683 0.399000 0.000000 0.000000 0.000000 1.000000
0.986236 0.047426 -0.158393 2.855500 -0.133552 0.793268 -0.594046 14.669400 0.097475 0.607023 0.788683 0.399000 0.000000 0.000000 0.000000 1.000000
0.986236 0.047426 -0.158393 2.855500 -0.133553 0.793267 -0.594047 14.669400 0.097475 0.607024 0.788683 0.399000 0.000000 0.000000 0.000000 1.000000
0.986236 0.047426 -0.158393 2.855500 -0.133552 0.793267 -0.594046 14.669400 0.097475 0.607024 0.788683 0.399000 0.000000 0.000000 0.000000 1.000000
0.986236 0.047426 -0.158393 2.855500 -0.133552 0.793267 -0.594046 14.669400 0.097475 0.607024 0.788683 0.399000 0.000000 0.000000 0.000000 1.000000
0.986236 0.047426 -0.158394 2.855500 -0.133553 0.793267 -0.594046 14.669400 0.097475 0.607024 0.788683 0.399000 0.000000 0.000000 0.000000 1.000000
0.986236 0.047426 -0.158393 2.855500 -0.133553 0.793267 -0.594046 14.669400 0.097475 0.607024 0.788683 0.399000 0.000000 0.000000 0.000000 1.000000
0.986236 0.047426 -0.158394 2.855500 -0.133553 0.793267 -0.594046 14.669400 0.097475 0.607024 0.788683 0.399000 0.000000 0.000000 0.000000 1.000000
0.986236 0.047426 -0.158393 2.855500 -0.133552 0.793267 -0.594046 14.669400 0.097475 0.607024 0.788683 0.399000 0.000000 0.000000 0.000000 1.000000
0.986236 0.047426 -0.158394 2.855500 -0.133552 0.793268 -0.594046 14.669400 0.097476 0.607023 0.788683 0.399000 0.000000 0.000000 0.000000 1.000000
0.986236 0.047426 -0.158393 2.855500 -0.133552 0.793267 -0.594047 14.669400 0.097475 0.607024 0.788683 0.399000 0.000000 0.000000 0.000000 1.000000
0.986236 0.047426 -0.158393 2.855500 -0.133552 0.793268 -0.594046 14.669400 0.097475 0.607023 0.788683 0.399000 0.000000 0.000000 0.000000 1.000000
0.986236 0.047426 -0.158393 2.855500 -0.133553 0.793267 -0.594046 14.669400 0.097475 0.607024 0.788683 0.399000 0.000000 0.000000 0.000000 1.000000
0.986236 0.047427 -0.158394 2.855500 -0.133553 0.793267 -0.594046 14.669400 0.097475 0.607024 0.788683 0.399000 0.000000 0.000000 0.000000 1.000000
0.986236 0.047425 -0.158394 2.855500 -0.133553 0.793267 -0.594046 14.669400 0.097476 0.607024 0.788683 0.399000 0.000000 0.000000 0.000000 1.000000
0.986237 0.047426 -0.158393 2.855500 -0.133552 0.793267 -0.594046 14.669400 0.097475 0.607024 0.788683 0.399000 0.000000 0.000000 0.000000 1.000000
0.986236 0.047426 -0.158394 2.855500 -0.133553 0.793267 -0.594046 14.669400 0.097476 0.607024 0.788683 0.399000 0.000000 0.000000 0.000000 1.000000
0.986236 0.047426 -0.158394 2.855500 -0.133553 0.793267 -0.594046 14.669400 0.097475 0.607024 0.788683 0.399000 0.000000 0.000000 0.000000 1.000000
0.986236 0.047426 -0.158394 2.855500 -0.133553 0.793268 -0.594046 14.669400 0.097475 0.607023 0.788683 0.399000 0.000000 0.000000 0.000000 1.000000
0.986236 0.047426 -0.158393 2.855500 -0.133552 0.793267 -0.594046 14.669400 0.097475 0.607024 0.788683 0.399000 0.000000 0.000000 0.000000 1.000000
0.986236 0.047426 -0.158394 2.855500 -0.133553 0.793268 -0.594045 14.669400 0.097476 0.607023 0.788683 0.399000 0.000000 0.000000 0.000000 1.000000
0.986236 0.047426 -0.158393 2.855500 -0.133553 0.793267 -0.594046 14.669400 0.097475 0.607024 0.788683 0.399000 0.000000 0.000000 0.000000 1.000000
0.986236 0.047426 -0.158394 2.855500 -0.133553 0.793268 -0.594046 14.669400 0.097475 0.607023 0.788683 0.399000 0.000000 0.000000 0.000000 1.000000
0.986236 0.047426 -0.158394 2.855500 -0.133553 0.793267 -0.594046 14.669400 0.097475 0.607024 0.788683 0.399000 0.000000 0.000000 0.000000 1.000000
0.986236 0.047426 -0.158394 2.855500 -0.133552 0.793267 -0.594046 14.669400 0.097476 0.607024 0.788683 0.399000 0.000000 0.000000 0.000000 1.000000
0.986236 0.047425 -0.158393 2.855500 -0.133552 0.793268 -0.594046 14.669400 0.097475 0.607023 0.788683 0.399000 0.000000 0.000000 0.000000 1.000000
0.986236 0.047426 -0.158393 2.855500 -0.133553 0.793267 -0.594046 14.669400 0.097475 0.607024 0.788683 0.399000 0.000000 0.000000 0.000000 1.000000
0.986236 0.047426 -0.158394 2.855500 -0.133553 0.793267 -0.594046 14.669400 0.097476 0.607024 0.788683 0.399000 0.000000 0.000000 0.000000 1.000000
0.986236 0.047426 -0.158394 2.855500 -0.133553 0.793267 -0.594046 14.669400 0.097476 0.607024 0.788683 0.399000 0.000000 0.000000 0.000000 1.000000
0.986236 0.047427 -0.158394 2.855500 -0.133553 0.793267 -0.594046 14.669400 0.097475 0.607024 0.788683 0.399000 0.000000 0.000000 0.000000 1.000000
0.986236 0.047426 -0.158394 2.855500 -0.133552 0.793267 -0.594046 14.669400 0.097476 0.607024 0.788683 0.399000 0.000000 0.000000 0.000000 1.000000
0.986236 0.047425 -0.158394 2.855500 -0.133552 0.793267 -0.594046 14.669400 0.097476 0.607024 0.788683 0.399000 0.000000 0.000000 0.000000 1.000000
0.986236 0.047426 -0.158394 2.855500 -0.133553 0.793267 -0.594046 14.669400 0.097475 0.607024 0.788683 0.399000 0.000000 0.000000 0.000000 1.000000
0.986236 0.047426 -0.158394 2.855500 -0.133553 0.793267 -0.594046 14.669400 0.097476 0.607024 0.788683 0.399000 0.000000 0.000000 0.000000 1.000000
0.986236 0.047426 -0.158394 2.855500 -0.133553 0.793267 -0.594046 14.669400 0.097475 0.607024 0.788683 0.399000 0.000000 0.000000 0.000000 1.000000</float_array>
        <technique_common>
          <accessor source="#mixamorig_RightHandIndex1-Matrix-animation-output-transform-array" count="69" stride="16">
            <param type="float4x4"/>
          </accessor>
        </technique_common>
      </source>
      <source id="mixamorig_RightHandIndex1-Interpolations">
        <Name_array id="mixamorig_RightHandIndex1-Interpolations-array" count="69">
 LINEAR LINEAR LINEAR LINEAR LINEAR LINEAR LINEAR LINEAR LINEAR LINEAR LINEAR
LINEAR LINEAR LINEAR LINEAR LINEAR LINEAR LINEAR LINEAR LINEAR LINEAR LINEAR LINEAR
LINEAR LINEAR LINEAR LINEAR LINEAR LINEAR LINEAR LINEAR LINEAR LINEAR LINEAR LINEAR
LINEAR LINEAR LINEAR LINEAR LINEAR LINEAR LINEAR LINEAR LINEAR LINEAR LINEAR LINEAR
LINEAR LINEAR LINEAR LINEAR LINEAR LINEAR LINEAR LINEAR LINEAR LINEAR LINEAR LINEAR
LINEAR LINEAR LINEAR LINEAR LINEAR LINEAR LINEAR LINEAR LINEAR LINEAR</Name_array>
        <technique_common>
          <accessor source="#mixamorig_RightHandIndex1-Interpolations-array" count="69">
            <param type="name"/>
          </accessor>
        </technique_common>
      </source>
      <sampler id="mixamorig_RightHandIndex1-Matrix-animation-transform">
        <input semantic="INPUT" source="#mixamorig_RightHandIndex1-Matrix-animation-input"/>
        <input semantic="OUTPUT" source="#mixamorig_RightHandIndex1-Matrix-animation-output-transform"/>
        <input semantic="INTERPOLATION" source="#mixamorig_RightHandIndex1-Interpolations"/>
      </sampler>
      <channel source="#mixamorig_RightHandIndex1-Matrix-animation-transform" target="mixamorig_RightHandIndex1/matrix"/>
    </animation>
    <animation id="mixamorig_RightHandIndex2-anim" name="mixamorig_RightHandIndex2">
      <source id="mixamorig_RightHandIndex2-Matrix-animation-input">
        <float_array id="mixamorig_RightHandIndex2-Matrix-animation-input-array" count="69">

0.000000 0.033333 0.066667 0.100000 0.133333 0.166667 0.200000 0.233333 0.266667 0.300000 0.333333 0.366667 0.400000 0.433333 0.466667 0.500000
0.533333 0.566667 0.600000 0.633333 0.666667 0.700000 0.733333 0.766667 0.800000 0.833333 0.866667 0.900000 0.933333 0.966667 1.000000 1.033333
1.066667 1.100000 1.133333 1.166667 1.200000 1.233333 1.266667 1.300000 1.333333 1.366667 1.400000 1.433333 1.466667 1.500000 1.533333 1.566667
1.600000 1.633333 1.666667 1.700000 1.733333 1.766667 1.800000 1.833333 1.866667 1.900000 1.933333 1.966667 2.000000 2.033333 2.066667 2.100000
2.133333 2.166667 2.200000 2.233333 2.266667</float_array>
        <technique_common>
          <accessor source="#mixamorig_RightHandIndex2-Matrix-animation-input-array" count="69">
            <param name="TIME" type="float"/>
          </accessor>
        </technique_common>
      </source>
      <source id="mixamorig_RightHandIndex2-Matrix-animation-output-transform">
        <float_array id="mixamorig_RightHandIndex2-Matrix-animation-output-transform-array" count="1104">

0.997469 0.009346 -0.070489 -0.000000 -0.069137 0.359191 -0.930700 3.248600 0.016621 0.933217 0.358928 0.000000 0.000000 0.000000 0.000000 1.000000
0.997469 0.009347 -0.070489 0.000000 -0.069136 0.359191 -0.930700 3.248600 0.016620 0.933217 0.358928 0.000000 0.000000 0.000000 0.000000 1.000000
0.997469 0.009346 -0.070489 -0.000000 -0.069137 0.359190 -0.930700 3.248600 0.016620 0.933217 0.358927 0.000000 0.000000 0.000000 0.000000 1.000000
0.997469 0.009347 -0.070489 0.000000 -0.069137 0.359191 -0.930700 3.248600 0.016620 0.933217 0.358928 0.000000 0.000000 0.000000 0.000000 1.000000
0.997469 0.009346 -0.070489 0.000000 -0.069137 0.359191 -0.930700 3.248600 0.016621 0.933217 0.358928 0.000000 0.000000 0.000000 0.000000 1.000000
0.997469 0.009347 -0.070489 0.000000 -0.069137 0.359191 -0.930700 3.248600 0.016620 0.933217 0.358928 -0.000000 0.000000 0.000000 0.000000 1.000000
0.997469 0.009346 -0.070489 -0.000000 -0.069136 0.359191 -0.930700 3.248600 0.016621 0.933217 0.358928 0.000000 0.000000 0.000000 0.000000 1.000000
0.997469 0.009347 -0.070489 0.000000 -0.069137 0.359191 -0.930700 3.248600 0.016620 0.933217 0.358928 0.000000 0.000000 0.000000 0.000000 1.000000
0.997469 0.009347 -0.070489 0.000000 -0.069137 0.359191 -0.930700 3.248600 0.016620 0.933217 0.358928 -0.000000 0.000000 0.000000 0.000000 1.000000
0.997469 0.009346 -0.070489 -0.000000 -0.069136 0.359191 -0.930700 3.248600 0.016620 0.933217 0.358928 0.000000 0.000000 0.000000 0.000000 1.000000
0.997469 0.009347 -0.070489 0.000000 -0.069136 0.359192 -0.930700 3.248600 0.016620 0.933217 0.358929 -0.000000 0.000000 0.000000 0.000000 1.000000
0.997469 0.009346 -0.070490 0.000000 -0.069137 0.359191 -0.930700 3.248600 0.016620 0.933217 0.358928 0.000000 0.000000 0.000000 0.000000 1.000000
0.997469 0.009347 -0.070490 0.000000 -0.069137 0.359191 -0.930700 3.248600 0.016620 0.933217 0.358928 0.000000 0.000000 0.000000 0.000000 1.000000
0.997469 0.009347 -0.070490 -0.000000 -0.069137 0.359191 -0.930700 3.248600 0.016620 0.933217 0.358928 0.000000 0.000000 0.000000 0.000000 1.000000
0.997469 0.009347 -0.070489 0.000000 -0.069137 0.359191 -0.930700 3.248600 0.016620 0.933217 0.358928 0.000000 0.000000 0.000000 0.000000 1.000000
0.997469 0.009347 -0.070489 0.000000 -0.069137 0.359191 -0.930700 3.248600 0.016620 0.933217 0.358928 0.000000 0.000000 0.000000 0.000000 1.000000
0.997469 0.009347 -0.070489 0.000000 -0.069137 0.359191 -0.930700 3.248600 0.016620 0.933217 0.358928 -0.000000 0.000000 0.000000 0.000000 1.000000
0.997469 0.009347 -0.070489 0.000000 -0.069137 0.359191 -0.930700 3.248600 0.016620 0.933217 0.358928 0.000000 0.000000 0.000000 0.000000 1.000000
0.997469 0.009346 -0.070489 0.000000 -0.069136 0.359191 -0.930700 3.248600 0.016620 0.933217 0.358928 -0.000000 0.000000 0.000000 0.000000 1.000000
0.997469 0.009346 -0.070489 -0.000000 -0.069136 0.359192 -0.930700 3.248600 0.016621 0.933217 0.358929 0.000000 0.000000 0.000000 0.000000 1.000000
0.997469 0.009346 -0.070490 -0.000000 -0.069137 0.359191 -0.930700 3.248600 0.016621 0.933217 0.358928 0.000000 0.000000 0.000000 0.000000 1.000000
0.997469 0.009347 -0.070489 0.000000 -0.069137 0.359191 -0.930700 3.248600 0.016620 0.933217 0.358928 0.000000 0.000000 0.000000 0.000000 1.000000
0.997469 0.009347 -0.070489 0.000000 -0.069136 0.359191 -0.930700 3.248600 0.016620 0.933217 0.358928 -0.000000 0.000000 0.000000 0.000000 1.000000
0.997469 0.009346 -0.070490 0.000000 -0.069137 0.359191 -0.930700 3.248600 0.016621 0.933217 0.358928 0.000000 0.000000 0.000000 0.000000 1.000000
0.997469 0.009347 -0.070489 -0.000000 -0.069137 0.359191 -0.930700 3.248600 0.016620 0.933217 0.358928 0.000000 0.000000 0.000000 0.000000 1.000000
0.997469 0.009346 -0.070489 0.000000 -0.069136 0.359191 -0.930700 3.248600 0.016621 0.933217 0.358928 0.000000 0.000000 0.000000 0.000000 1.000000
0.997469 0.009346 -0.070489 0.000000 -0.069137 0.359191 -0.930700 3.248600 0.016621 0.933217 0.358928 -0.000000 0.000000 0.000000 0.000000 1.000000
0.997469 0.009346 -0.070489 0.000000 -0.069137 0.359191 -0.930700 3.248600 0.016620 0.933217 0.358928 0.000000 0.000000 0.000000 0.000000 1.000000
0.997469 0.009346 -0.070489 0.000000 -0.069137 0.359192 -0.930699 3.248600 0.016621 0.933217 0.358929 -0.000000 0.000000 0.000000 0.000000 1.000000
0.997469 0.009346 -0.070489 0.000000 -0.069136 0.359191 -0.930700 3.248600 0.016620 0.933217 0.358928 0.000000 0.000000 0.000000 0.000000 1.000000
0.997469 0.009347 -0.070490 0.000000 -0.069137 0.359191 -0.930700 3.248600 0.016620 0.933217 0.358928 0.000000 0.000000 0.000000 0.000000 1.000000
0.997469 0.009347 -0.070489 0.000000 -0.069137 0.359191 -0.930700 3.248600 0.016620 0.933217 0.358928 0.000000 0.000000 0.000000 0.000000 1.000000
0.997469 0.009347 -0.070489 0.000000 -0.069137 0.359191 -0.930700 3.248600 0.016620 0.933217 0.358928 -0.000000 0.000000 0.000000 0.000000 1.000000
0.997469 0.009347 -0.070489 -0.000000 -0.069137 0.359191 -0.930700 3.248600 0.016620 0.933217 0.358928 0.000000 0.000000 0.000000 0.000000 1.000000
0.997469 0.009347 -0.070489 0.000000 -0.069137 0.359191 -0.930700 3.248600 0.016620 0.933217 0.358928 0.000000 0.000000 0.000000 0.000000 1.000000
0.997469 0.009347 -0.070489 0.000000 -0.069137 0.359191 -0.930700 3.248600 0.016620 0.933217 0.358928 0.000000 0.000000 0.000000 0.000000 1.000000
0.997469 0.009347 -0.070489 -0.000000 -0.069137 0.359191 -0.930700 3.248600 0.016620 0.933217 0.358928 0.000000 0.000000 0.000000 0.000000 1.000000
0.997469 0.009346 -0.070489 0.000000 -0.069137 0.359191 -0.930700 3.248600 0.016621 0.933217 0.358928 0.000000 0.000000 0.000000 0.000000 1.000000
0.997469 0.009347 -0.070489 0.000000 -0.069137 0.359191 -0.930700 3.248600 0.016620 0.933217 0.358928 0.000000 0.000000 0.000000 0.000000 1.000000
0.997469 0.009347 -0.070489 0.000000 -0.069137 0.359191 -0.930700 3.248600 0.016620 0.933217 0.358928 0.000000 0.000000 0.000000 0.000000 1.000000
0.997469 0.009347 -0.070489 0.000000 -0.069136 0.359191 -0.930700 3.248600 0.016620 0.933217 0.358928 0.000000 0.000000 0.000000 0.000000 1.000000
0.997469 0.009347 -0.070489 -0.000000 -0.069137 0.359191 -0.930700 3.248600 0.016620 0.933217 0.358928 0.000000 0.000000 0.000000 0.000000 1.000000
0.997469 0.009346 -0.070489 -0.000000 -0.069136 0.359191 -0.930700 3.248600 0.016620 0.933217 0.358928 0.000000 0.000000 0.000000 0.000000 1.000000
0.997469 0.009347 -0.070489 0.000000 -0.069137 0.359191 -0.930700 3.248600 0.016620 0.933217 0.358928 0.000000 0.000000 0.000000 0.000000 1.000000
0.997469 0.009346 -0.070489 0.000000 -0.069137 0.359192 -0.930699 3.248600 0.016620 0.933217 0.358929 0.000000 0.000000 0.000000 0.000000 1.000000
0.997469 0.009347 -0.070489 0.000000 -0.069137 0.359191 -0.930700 3.248600 0.016620 0.933217 0.358928 -0.000000 0.000000 0.000000 0.000000 1.000000
0.997469 0.009347 -0.070489 -0.000000 -0.069137 0.359191 -0.930700 3.248600 0.016620 0.933217 0.358928 0.000000 0.000000 0.000000 0.000000 1.000000
0.997469 0.009347 -0.070489 0.000000 -0.069137 0.359191 -0.930700 3.248600 0.016620 0.933217 0.358928 0.000000 0.000000 0.000000 0.000000 1.000000
0.997469 0.009347 -0.070489 -0.000000 -0.069137 0.359191 -0.930700 3.248600 0.016620 0.933217 0.358928 0.000000 0.000000 0.000000 0.000000 1.000000
0.997469 0.009347 -0.070490 -0.000000 -0.069137 0.359191 -0.930700 3.248600 0.016620 0.933217 0.358928 0.000000 0.000000 0.000000 0.000000 1.000000
0.997469 0.009347 -0.070490 -0.000000 -0.069137 0.359191 -0.930700 3.248600 0.016620 0.933217 0.358928 0.000000 0.000000 0.000000 0.000000 1.000000
0.997469 0.009346 -0.070489 0.000000 -0.069136 0.359191 -0.930700 3.248600 0.016620 0.933217 0.358928 0.000000 0.000000 0.000000 0.000000 1.000000
0.997469 0.009346 -0.070489 -0.000000 -0.069136 0.359191 -0.930700 3.248600 0.016620 0.933217 0.358928 -0.000000 0.000000 0.000000 0.000000 1.000000
0.997469 0.009347 -0.070489 0.000000 -0.069137 0.359191 -0.930700 3.248600 0.016620 0.933217 0.358928 0.000000 0.000000 0.000000 0.000000 1.000000
0.997469 0.009347 -0.070490 0.000000 -0.069137 0.359191 -0.930700 3.248600 0.016620 0.933217 0.358928 0.000000 0.000000 0.000000 0.000000 1.000000
0.997469 0.009346 -0.070489 -0.000000 -0.069136 0.359191 -0.930700 3.248600 0.016621 0.933217 0.358928 -0.000000 0.000000 0.000000 0.000000 1.000000
0.997469 0.009347 -0.070490 0.000000 -0.069137 0.359191 -0.930700 3.248600 0.016620 0.933217 0.358928 0.000000 0.000000 0.000000 0.000000 1.000000
0.997469 0.009346 -0.070488 0.000000 -0.069136 0.359192 -0.930700 3.248600 0.016620 0.933217 0.358929 -0.000000 0.000000 0.000000 0.000000 1.000000
0.997469 0.009347 -0.070490 -0.000000 -0.069137 0.359192 -0.930699 3.248600 0.016620 0.933217 0.358929 0.000000 0.000000 0.000000 0.000000 1.000000
0.997469 0.009347 -0.070490 0.000000 -0.069137 0.359191 -0.930700 3.248600 0.016621 0.933217 0.358928 -0.000000 0.000000 0.000000 0.000000 1.000000
0.997469 0.009347 -0.070489 0.000000 -0.069136 0.359191 -0.930700 3.248600 0.016620 0.933217 0.358928 -0.000000 0.000000 0.000000 0.000000 1.000000
0.997469 0.009347 -0.070489 0.000000 -0.069137 0.359191 -0.930700 3.248600 0.016620 0.933217 0.358928 0.000000 0.000000 0.000000 0.000000 1.000000
0.997469 0.009347 -0.070490 0.000000 -0.069137 0.359191 -0.930700 3.248600 0.016620 0.933217 0.358928 0.000000 0.000000 0.000000 0.000000 1.000000
0.997469 0.009347 -0.070489 -0.000000 -0.069136 0.359191 -0.930700 3.248600 0.016620 0.933217 0.358928 0.000000 0.000000 0.000000 0.000000 1.000000
0.997469 0.009347 -0.070490 0.000000 -0.069137 0.359191 -0.930700 3.248600 0.016620 0.933217 0.358928 -0.000000 0.000000 0.000000 0.000000 1.000000
0.997469 0.009347 -0.070489 0.000000 -0.069137 0.359191 -0.930700 3.248600 0.016620 0.933217 0.358928 0.000000 0.000000 0.000000 0.000000 1.000000
0.997469 0.009347 -0.070489 -0.000000 -0.069137 0.359191 -0.930700 3.248600 0.016620 0.933217 0.358928 0.000000 0.000000 0.000000 0.000000 1.000000
0.997469 0.009347 -0.070490 0.000000 -0.069137 0.359192 -0.930699 3.248600 0.016621 0.933217 0.358929 0.000000 0.000000 0.000000 0.000000 1.000000
0.997469 0.009347 -0.070489 0.000000 -0.069136 0.359192 -0.930700 3.248600 0.016620 0.933217 0.358929 0.000000 0.000000 0.000000 0.000000 1.000000</float_array>
        <technique_common>
          <accessor source="#mixamorig_RightHandIndex2-Matrix-animation-output-transform-array" count="69" stride="16">
            <param type="float4x4"/>
          </accessor>
        </technique_common>
      </source>
      <source id="mixamorig_RightHandIndex2-Interpolations">
        <Name_array id="mixamorig_RightHandIndex2-Interpolations-array" count="69">
 LINEAR LINEAR LINEAR LINEAR LINEAR LINEAR LINEAR LINEAR LINEAR LINEAR LINEAR
LINEAR LINEAR LINEAR LINEAR LINEAR LINEAR LINEAR LINEAR LINEAR LINEAR LINEAR LINEAR
LINEAR LINEAR LINEAR LINEAR LINEAR LINEAR LINEAR LINEAR LINEAR LINEAR LINEAR LINEAR
LINEAR LINEAR LINEAR LINEAR LINEAR LINEAR LINEAR LINEAR LINEAR LINEAR LINEAR LINEAR
LINEAR LINEAR LINEAR LINEAR LINEAR LINEAR LINEAR LINEAR LINEAR LINEAR LINEAR LINEAR
LINEAR LINEAR LINEAR LINEAR LINEAR LINEAR LINEAR LINEAR LINEAR LINEAR</Name_array>
        <technique_common>
          <accessor source="#mixamorig_RightHandIndex2-Interpolations-array" count="69">
            <param type="name"/>
          </accessor>
        </technique_common>
      </source>
      <sampler id="mixamorig_RightHandIndex2-Matrix-animation-transform">
        <input semantic="INPUT" source="#mixamorig_RightHandIndex2-Matrix-animation-input"/>
        <input semantic="OUTPUT" source="#mixamorig_RightHandIndex2-Matrix-animation-output-transform"/>
        <input semantic="INTERPOLATION" source="#mixamorig_RightHandIndex2-Interpolations"/>
      </sampler>
      <channel source="#mixamorig_RightHandIndex2-Matrix-animation-transform" target="mixamorig_RightHandIndex2/matrix"/>
    </animation>
    <animation id="mixamorig_RightHandIndex3-anim" name="mixamorig_RightHandIndex3">
      <source id="mixamorig_RightHandIndex3-Matrix-animation-input">
        <float_array id="mixamorig_RightHandIndex3-Matrix-animation-input-array" count="69">

0.000000 0.033333 0.066667 0.100000 0.133333 0.166667 0.200000 0.233333 0.266667 0.300000 0.333333 0.366667 0.400000 0.433333 0.466667 0.500000
0.533333 0.566667 0.600000 0.633333 0.666667 0.700000 0.733333 0.766667 0.800000 0.833333 0.866667 0.900000 0.933333 0.966667 1.000000 1.033333
1.066667 1.100000 1.133333 1.166667 1.200000 1.233333 1.266667 1.300000 1.333333 1.366667 1.400000 1.433333 1.466667 1.500000 1.533333 1.566667
1.600000 1.633333 1.666667 1.700000 1.733333 1.766667 1.800000 1.833333 1.866667 1.900000 1.933333 1.966667 2.000000 2.033333 2.066667 2.100000
2.133333 2.166667 2.200000 2.233333 2.266667</float_array>
        <technique_common>
          <accessor source="#mixamorig_RightHandIndex3-Matrix-animation-input-array" count="69">
            <param name="TIME" type="float"/>
          </accessor>
        </technique_common>
      </source>
      <source id="mixamorig_RightHandIndex3-Matrix-animation-output-transform">
        <float_array id="mixamorig_RightHandIndex3-Matrix-animation-output-transform-array" count="1104">

0.998454 0.019225 -0.052154 -0.000000 -0.055102 0.465791 -0.883178 2.659600 0.007314 0.884686 0.466130 0.000000 0.000000 0.000000 0.000000 1.000000
0.998454 0.019225 -0.052153 0.000000 -0.055101 0.465791 -0.883178 2.659600 0.007313 0.884686 0.466130 0.000000 0.000000 0.000000 0.000000 1.000000
0.998454 0.019226 -0.052154 -0.000000 -0.055101 0.465792 -0.883177 2.659600 0.007313 0.884686 0.466131 -0.000000 0.000000 0.000000 0.000000 1.000000
0.998454 0.019225 -0.052154 0.000000 -0.055101 0.465791 -0.883178 2.659600 0.007313 0.884686 0.466130 0.000000 0.000000 0.000000 0.000000 1.000000
0.998454 0.019226 -0.052154 -0.000000 -0.055101 0.465791 -0.883178 2.659600 0.007313 0.884686 0.466130 0.000000 0.000000 0.000000 0.000000 1.000000
0.998454 0.019225 -0.052154 0.000000 -0.055101 0.465791 -0.883178 2.659600 0.007313 0.884686 0.466130 0.000000 0.000000 0.000000 0.000000 1.000000
0.998454 0.019225 -0.052154 0.000000 -0.055101 0.465791 -0.883177 2.659600 0.007314 0.884686 0.466130 -0.000000 0.000000 0.000000 0.000000 1.000000
0.998454 0.019225 -0.052154 0.000000 -0.055102 0.465791 -0.883177 2.659600 0.007314 0.884686 0.466131 0.000000 0.000000 0.000000 0.000000 1.000000
0.998454 0.019225 -0.052154 0.000000 -0.055101 0.465791 -0.883178 2.659600 0.007314 0.884686 0.466130 0.000000 0.000000 0.000000 0.000000 1.000000
0.998454 0.019226 -0.052154 -0.000000 -0.055101 0.465791 -0.883178 2.659600 0.007313 0.884686 0.466130 0.000000 0.000000 0.000000 0.000000 1.000000
0.998454 0.019225 -0.052155 0.000000 -0.055102 0.465790 -0.883178 2.659600 0.007314 0.884686 0.466130 0.000000 0.000000 0.000000 0.000000 1.000000
0.998454 0.019226 -0.052154 0.000000 -0.055102 0.465791 -0.883178 2.659600 0.007313 0.884686 0.466130 0.000000 0.000000 0.000000 0.000000 1.000000
0.998454 0.019226 -0.052153 -0.000000 -0.055101 0.465791 -0.883178 2.659600 0.007313 0.884686 0.466130 0.000000 0.000000 0.000000 0.000000 1.000000
0.998454 0.019225 -0.052154 0.000000 -0.055101 0.465791 -0.883178 2.659600 0.007313 0.884686 0.466130 0.000000 0.000000 0.000000 0.000000 1.000000
0.998454 0.019226 -0.052154 0.000000 -0.055102 0.465791 -0.883177 2.659600 0.007313 0.884686 0.466130 0.000000 0.000000 0.000000 0.000000 1.000000
0.998454 0.019225 -0.052154 0.000000 -0.055101 0.465791 -0.883178 2.659600 0.007313 0.884686 0.466130 0.000000 0.000000 0.000000 0.000000 1.000000
0.998454 0.019225 -0.052154 0.000000 -0.055102 0.465791 -0.883177 2.659600 0.007313 0.884686 0.466130 0.000000 0.000000 0.000000 0.000000 1.000000
0.998454 0.019225 -0.052154 0.000000 -0.055102 0.465791 -0.883178 2.659600 0.007314 0.884686 0.466130 0.000000 0.000000 0.000000 0.000000 1.000000
0.998454 0.019225 -0.052154 -0.000000 -0.055101 0.465791 -0.883177 2.659600 0.007313 0.884686 0.466130 -0.000000 0.000000 0.000000 0.000000 1.000000
0.998454 0.019225 -0.052154 -0.000000 -0.055102 0.465791 -0.883178 2.659600 0.007314 0.884686 0.466130 -0.000000 0.000000 0.000000 0.000000 1.000000
0.998454 0.019226 -0.052154 0.000000 -0.055102 0.465791 -0.883178 2.659600 0.007313 0.884686 0.466130 0.000000 0.000000 0.000000 0.000000 1.000000
0.998454 0.019225 -0.052154 0.000000 -0.055101 0.465791 -0.883178 2.659600 0.007314 0.884686 0.466130 0.000000 0.000000 0.000000 0.000000 1.000000
0.998454 0.019225 -0.052154 0.000000 -0.055101 0.465791 -0.883178 2.659600 0.007314 0.884686 0.466130 -0.000000 0.000000 0.000000 0.000000 1.000000
0.998454 0.019225 -0.052154 0.000000 -0.055101 0.465791 -0.883178 2.659600 0.007313 0.884686 0.466130 -0.000000 0.000000 0.000000 0.000000 1.000000
0.998454 0.019226 -0.052154 0.000000 -0.055101 0.465791 -0.883177 2.659600 0.007313 0.884686 0.466130 0.000000 0.000000 0.000000 0.000000 1.000000
0.998454 0.019226 -0.052154 -0.000000 -0.055102 0.465791 -0.883178 2.659600 0.007313 0.884686 0.466130 0.000000 0.000000 0.000000 0.000000 1.000000
0.998454 0.019226 -0.052154 -0.000000 -0.055102 0.465791 -0.883178 2.659600 0.007313 0.884686 0.466130 0.000000 0.000000 0.000000 0.000000 1.000000
0.998454 0.019226 -0.052154 0.000000 -0.055101 0.465791 -0.883178 2.659600 0.007313 0.884686 0.466130 0.000000 0.000000 0.000000 0.000000 1.000000
0.998454 0.019225 -0.052154 0.000000 -0.055102 0.465791 -0.883177 2.659600 0.007314 0.884686 0.466131 0.000000 0.000000 0.000000 0.000000 1.000000
0.998454 0.019225 -0.052154 0.000000 -0.055101 0.465791 -0.883178 2.659600 0.007313 0.884686 0.466130 0.000000 0.000000 0.000000 0.000000 1.000000
0.998454 0.019225 -0.052154 0.000000 -0.055101 0.465791 -0.883177 2.659600 0.007314 0.884686 0.466130 0.000000 0.000000 0.000000 0.000000 1.000000
0.998454 0.019225 -0.052154 0.000000 -0.055101 0.465791 -0.883177 2.659600 0.007313 0.884686 0.466130 0.000000 0.000000 0.000000 0.000000 1.000000
0.998454 0.019226 -0.052154 -0.000000 -0.055102 0.465791 -0.883178 2.659600 0.007313 0.884686 0.466130 0.000000 0.000000 0.000000 0.000000 1.000000
0.998454 0.019225 -0.052154 -0.000000 -0.055101 0.465791 -0.883177 2.659600 0.007314 0.884686 0.466130 0.000000 0.000000 0.000000 0.000000 1.000000
0.998454 0.019225 -0.052153 0.000000 -0.055101 0.465791 -0.883178 2.659600 0.007313 0.884686 0.466130 0.000000 0.000000 0.000000 0.000000 1.000000
0.998454 0.019225 -0.052154 0.000000 -0.055101 0.465791 -0.883177 2.659600 0.007314 0.884686 0.466130 0.000000 0.000000 0.000000 0.000000 1.000000
0.998454 0.019225 -0.052154 0.000000 -0.055101 0.465791 -0.883178 2.659600 0.007314 0.884686 0.466130 -0.000000 0.000000 0.000000 0.000000 1.000000
0.998454 0.019226 -0.052154 0.000000 -0.055101 0.465791 -0.883177 2.659600 0.007313 0.884686 0.466130 0.000000 0.000000 0.000000 0.000000 1.000000
0.998454 0.019225 -0.052154 0.000000 -0.055101 0.465791 -0.883177 2.659600 0.007314 0.884686 0.466130 0.000000 0.000000 0.000000 0.000000 1.000000
0.998454 0.019226 -0.052154 0.000000 -0.055101 0.465791 -0.883178 2.659600 0.007313 0.884686 0.466130 0.000000 0.000000 0.000000 0.000000 1.000000
0.998454 0.019225 -0.052154 0.000000 -0.055101 0.465791 -0.883178 2.659600 0.007314 0.884686 0.466130 0.000000 0.000000 0.000000 0.000000 1.000000
0.998454 0.019225 -0.052154 0.000000 -0.055101 0.465791 -0.883178 2.659600 0.007314 0.884686 0.466130 0.000000 0.000000 0.000000 0.000000 1.000000
0.998454 0.019225 -0.052154 0.000000 -0.055101 0.465791 -0.883178 2.659600 0.007313 0.884686 0.466130 0.000000 0.000000 0.000000 0.000000 1.000000
0.998454 0.019225 -0.052154 0.000000 -0.055101 0.465791 -0.883178 2.659600 0.007313 0.884686 0.466130 0.000000 0.000000 0.000000 0.000000 1.000000
0.998454 0.019225 -0.052154 -0.000000 -0.055101 0.465791 -0.883178 2.659600 0.007314 0.884686 0.466130 -0.000000 0.000000 0.000000 0.000000 1.000000
0.998454 0.019225 -0.052154 -0.000000 -0.055101 0.465791 -0.883178 2.659600 0.007314 0.884686 0.466130 0.000000 0.000000 0.000000 0.000000 1.000000
0.998454 0.019225 -0.052154 0.000000 -0.055101 0.465790 -0.883178 2.659600 0.007313 0.884686 0.466130 0.000000 0.000000 0.000000 0.000000 1.000000
0.998454 0.019226 -0.052154 0.000000 -0.055101 0.465791 -0.883178 2.659600 0.007313 0.884686 0.466130 -0.000000 0.000000 0.000000 0.000000 1.000000
0.998454 0.019225 -0.052154 0.000000 -0.055101 0.465791 -0.883178 2.659600 0.007314 0.884686 0.466130 0.000000 0.000000 0.000000 0.000000 1.000000
0.998454 0.019226 -0.052154 0.000000 -0.055102 0.465791 -0.883178 2.659600 0.007313 0.884686 0.466130 0.000000 0.000000 0.000000 0.000000 1.000000
0.998454 0.019225 -0.052154 -0.000000 -0.055101 0.465791 -0.883177 2.659600 0.007314 0.884686 0.466130 -0.000000 0.000000 0.000000 0.000000 1.000000
0.998454 0.019225 -0.052154 -0.000000 -0.055101 0.465791 -0.883178 2.659600 0.007314 0.884686 0.466130 0.000000 0.000000 0.000000 0.000000 1.000000
0.998454 0.019225 -0.052154 0.000000 -0.055101 0.465791 -0.883178 2.659600 0.007314 0.884686 0.466130 0.000000 0.000000 0.000000 0.000000 1.000000
0.998454 0.019225 -0.052154 0.000000 -0.055101 0.465791 -0.883178 2.659600 0.007314 0.884686 0.466130 0.000000 0.000000 0.000000 0.000000 1.000000
0.998454 0.019225 -0.052154 -0.000000 -0.055101 0.465791 -0.883178 2.659600 0.007314 0.884686 0.466130 0.000000 0.000000 0.000000 0.000000 1.000000
0.998454 0.019225 -0.052154 -0.000000 -0.055101 0.465792 -0.883177 2.659600 0.007313 0.884686 0.466131 0.000000 0.000000 0.000000 0.000000 1.000000
0.998454 0.019225 -0.052154 0.000000 -0.055101 0.465792 -0.883177 2.659600 0.007313 0.884686 0.466131 -0.000000 0.000000 0.000000 0.000000 1.000000
0.998454 0.019225 -0.052154 -0.000000 -0.055101 0.465791 -0.883178 2.659600 0.007314 0.884686 0.466130 0.000000 0.000000 0.000000 0.000000 1.000000
0.998454 0.019225 -0.052153 0.000000 -0.055101 0.465791 -0.883178 2.659600 0.007313 0.884686 0.466130 0.000000 0.000000 0.000000 0.000000 1.000000
0.998454 0.019225 -0.052154 0.000000 -0.055102 0.465791 -0.883178 2.659600 0.007313 0.884686 0.466130 0.000000 0.000000 0.000000 0.000000 1.000000
0.998454 0.019225 -0.052154 -0.000000 -0.055101 0.465791 -0.883178 2.659600 0.007314 0.884686 0.466130 0.000000 0.000000 0.000000 0.000000 1.000000
0.998454 0.019225 -0.052154 0.000000 -0.055101 0.465791 -0.883178 2.659600 0.007313 0.884686 0.466130 0.000000 0.000000 0.000000 0.000000 1.000000
0.998454 0.019226 -0.052154 -0.000000 -0.055102 0.465791 -0.883178 2.659600 0.007313 0.884686 0.466130 -0.000000 0.000000 0.000000 0.000000 1.000000
0.998454 0.019225 -0.052154 0.000000 -0.055102 0.465791 -0.883177 2.659600 0.007313 0.884686 0.466130 0.000000 0.000000 0.000000 0.000000 1.000000
0.998454 0.019225 -0.052154 0.000000 -0.055101 0.465791 -0.883178 2.659600 0.007314 0.884686 0.466130 0.000000 0.000000 0.000000 0.000000 1.000000
0.998454 0.019225 -0.052154 0.000000 -0.055101 0.465791 -0.883178 2.659600 0.007314 0.884686 0.466130 0.000000 0.000000 0.000000 0.000000 1.000000
0.998454 0.019225 -0.052153 0.000000 -0.055101 0.465791 -0.883178 2.659600 0.007313 0.884686 0.466130 -0.000000 0.000000 0.000000 0.000000 1.000000
0.998454 0.019225 -0.052154 0.000000 -0.055102 0.465791 -0.883178 2.659600 0.007313 0.884686 0.466130 0.000000 0.000000 0.000000 0.000000 1.000000
0.998454 0.019225 -0.052154 0.000000 -0.055101 0.465791 -0.883178 2.659600 0.007314 0.884686 0.466130 0.000000 0.000000 0.000000 0.000000 1.000000</float_array>
        <technique_common>
          <accessor source="#mixamorig_RightHandIndex3-Matrix-animation-output-transform-array" count="69" stride="16">
            <param type="float4x4"/>
          </accessor>
        </technique_common>
      </source>
      <source id="mixamorig_RightHandIndex3-Interpolations">
        <Name_array id="mixamorig_RightHandIndex3-Interpolations-array" count="69">
 LINEAR LINEAR LINEAR LINEAR LINEAR LINEAR LINEAR LINEAR LINEAR LINEAR LINEAR
LINEAR LINEAR LINEAR LINEAR LINEAR LINEAR LINEAR LINEAR LINEAR LINEAR LINEAR LINEAR
LINEAR LINEAR LINEAR LINEAR LINEAR LINEAR LINEAR LINEAR LINEAR LINEAR LINEAR LINEAR
LINEAR LINEAR LINEAR LINEAR LINEAR LINEAR LINEAR LINEAR LINEAR LINEAR LINEAR LINEAR
LINEAR LINEAR LINEAR LINEAR LINEAR LINEAR LINEAR LINEAR LINEAR LINEAR LINEAR LINEAR
LINEAR LINEAR LINEAR LINEAR LINEAR LINEAR LINEAR LINEAR LINEAR LINEAR</Name_array>
        <technique_common>
          <accessor source="#mixamorig_RightHandIndex3-Interpolations-array" count="69">
            <param type="name"/>
          </accessor>
        </technique_common>
      </source>
      <sampler id="mixamorig_RightHandIndex3-Matrix-animation-transform">
        <input semantic="INPUT" source="#mixamorig_RightHandIndex3-Matrix-animation-input"/>
        <input semantic="OUTPUT" source="#mixamorig_RightHandIndex3-Matrix-animation-output-transform"/>
        <input semantic="INTERPOLATION" source="#mixamorig_RightHandIndex3-Interpolations"/>
      </sampler>
      <channel source="#mixamorig_RightHandIndex3-Matrix-animation-transform" target="mixamorig_RightHandIndex3/matrix"/>
    </animation>
    <animation id="mixamorig_RightHandMiddle1-anim" name="mixamorig_RightHandMiddle1">
      <source id="mixamorig_RightHandMiddle1-Matrix-animation-input">
        <float_array id="mixamorig_RightHandMiddle1-Matrix-animation-input-array" count="69">

0.000000 0.033333 0.066667 0.100000 0.133333 0.166667 0.200000 0.233333 0.266667 0.300000 0.333333 0.366667 0.400000 0.433333 0.466667 0.500000
0.533333 0.566667 0.600000 0.633333 0.666667 0.700000 0.733333 0.766667 0.800000 0.833333 0.866667 0.900000 0.933333 0.966667 1.000000 1.033333
1.066667 1.100000 1.133333 1.166667 1.200000 1.233333 1.266667 1.300000 1.333333 1.366667 1.400000 1.433333 1.466667 1.500000 1.533333 1.566667
1.600000 1.633333 1.666667 1.700000 1.733333 1.766667 1.800000 1.833333 1.866667 1.900000 1.933333 1.966667 2.000000 2.033333 2.066667 2.100000
2.133333 2.166667 2.200000 2.233333 2.266667</float_array>
        <technique_common>
          <accessor source="#mixamorig_RightHandMiddle1-Matrix-animation-input-array" count="69">
            <param name="TIME" type="float"/>
          </accessor>
        </technique_common>
      </source>
      <source id="mixamorig_RightHandMiddle1-Matrix-animation-output-transform">
        <float_array id="mixamorig_RightHandMiddle1-Matrix-animation-output-transform-array" count="1104">

0.999391 0.026674 -0.022486 0.000000 -0.034762 0.706714 -0.706645 14.409800 -0.002958 0.706996 0.707211 0.000000 0.000000 0.000000 0.000000 1.000000
0.999391 0.026675 -0.022487 -0.000000 -0.034763 0.706715 -0.706644 14.409800 -0.002958 0.706996 0.707212 0.000000 0.000000 0.000000 0.000000 1.000000
0.999391 0.026674 -0.022486 0.000000 -0.034762 0.706714 -0.706645 14.409800 -0.002958 0.706996 0.707211 0.000000 0.000000 0.000000 0.000000 1.000000
0.999391 0.026674 -0.022485 0.000000 -0.034761 0.706714 -0.706645 14.409800 -0.002959 0.706996 0.707211 -0.000000 0.000000 0.000000 0.000000 1.000000
0.999391 0.026674 -0.022486 0.000000 -0.034762 0.706714 -0.706645 14.409800 -0.002958 0.706996 0.707211 0.000000 0.000000 0.000000 0.000000 1.000000
0.999391 0.026674 -0.022486 0.000000 -0.034762 0.706714 -0.706645 14.409800 -0.002958 0.706996 0.707211 -0.000000 0.000000 0.000000 0.000000 1.000000
0.999391 0.026674 -0.022486 0.000000 -0.034762 0.706714 -0.706645 14.409800 -0.002958 0.706996 0.707211 -0.000000 0.000000 0.000000 0.000000 1.000000
0.999391 0.026674 -0.022486 0.000000 -0.034762 0.706714 -0.706644 14.409800 -0.002958 0.706996 0.707211 0.000000 0.000000 0.000000 0.000000 1.000000
0.999391 0.026675 -0.022487 0.000000 -0.034763 0.706714 -0.706644 14.409800 -0.002958 0.706996 0.707211 -0.000000 0.000000 0.000000 0.000000 1.000000
0.999391 0.026674 -0.022486 -0.000000 -0.034762 0.706714 -0.706644 14.409800 -0.002957 0.706996 0.707211 0.000000 0.000000 0.000000 0.000000 1.000000
0.999391 0.026674 -0.022487 0.000000 -0.034762 0.706714 -0.706645 14.409800 -0.002958 0.706996 0.707211 -0.000000 0.000000 0.000000 0.000000 1.000000
0.999391 0.026674 -0.022487 0.000000 -0.034762 0.706714 -0.706645 14.409800 -0.002957 0.706996 0.707211 0.000000 0.000000 0.000000 0.000000 1.000000
0.999391 0.026675 -0.022486 -0.000000 -0.034762 0.706714 -0.706645 14.409800 -0.002958 0.706996 0.707211 0.000000 0.000000 0.000000 0.000000 1.000000
0.999391 0.026674 -0.022486 -0.000000 -0.034762 0.706714 -0.706645 14.409800 -0.002958 0.706996 0.707211 -0.000000 0.000000 0.000000 0.000000 1.000000
0.999391 0.026674 -0.022487 -0.000000 -0.034762 0.706715 -0.706644 14.409800 -0.002957 0.706996 0.707212 0.000000 0.000000 0.000000 0.000000 1.000000
0.999391 0.026674 -0.022487 0.000000 -0.034762 0.706715 -0.706644 14.409800 -0.002957 0.706995 0.707212 0.000000 0.000000 0.000000 0.000000 1.000000
0.999391 0.026674 -0.022486 0.000000 -0.034762 0.706714 -0.706645 14.409800 -0.002958 0.706996 0.707211 0.000000 0.000000 0.000000 0.000000 1.000000
0.999391 0.026674 -0.022487 0.000000 -0.034762 0.706714 -0.706645 14.409800 -0.002958 0.706996 0.707211 0.000000 0.000000 0.000000 0.000000 1.000000
0.999391 0.026674 -0.022487 0.000000 -0.034762 0.706714 -0.706644 14.409800 -0.002958 0.706996 0.707211 0.000000 0.000000 0.000000 0.000000 1.000000
0.999391 0.026675 -0.022486 0.000000 -0.034762 0.706714 -0.706644 14.409800 -0.002958 0.706996 0.707211 -0.000000 0.000000 0.000000 0.000000 1.000000
0.999391 0.026674 -0.022487 0.000000 -0.034763 0.706714 -0.706645 14.409800 -0.002957 0.706997 0.707211 0.000000 0.000000 0.000000 0.000000 1.000000
0.999391 0.026674 -0.022486 0.000000 -0.034762 0.706714 -0.706644 14.409800 -0.002958 0.706996 0.707211 -0.000000 0.000000 0.000000 0.000000 1.000000
0.999391 0.026674 -0.022486 0.000000 -0.034762 0.706715 -0.706644 14.409800 -0.002958 0.706996 0.707212 0.000000 0.000000 0.000000 0.000000 1.000000
0.999391 0.026674 -0.022486 -0.000000 -0.034762 0.706714 -0.706644 14.409800 -0.002958 0.706996 0.707211 -0.000000 0.000000 0.000000 0.000000 1.000000
0.999391 0.026674 -0.022487 0.000000 -0.034763 0.706715 -0.706644 14.409800 -0.002958 0.706996 0.707212 0.000000 0.000000 0.000000 0.000000 1.000000
0.999391 0.026674 -0.022486 0.000000 -0.034762 0.706714 -0.706645 14.409800 -0.002958 0.706996 0.707211 0.000000 0.000000 0.000000 0.000000 1.000000
0.999391 0.026674 -0.022487 0.000000 -0.034762 0.706714 -0.706645 14.409800 -0.002957 0.706996 0.707211 0.000000 0.000000 0.000000 0.000000 1.000000
0.999391 0.026674 -0.022486 0.000000 -0.034762 0.706714 -0.706645 14.409800 -0.002958 0.706996 0.707211 -0.000000 0.000000 0.000000 0.000000 1.000000
0.999391 0.026674 -0.022487 0.000000 -0.034762 0.706714 -0.706645 14.409800 -0.002957 0.706996 0.707211 0.000000 0.000000 0.000000 0.000000 1.000000
0.999391 0.026674 -0.022487 0.000000 -0.034762 0.706714 -0.706645 14.409800 -0.002957 0.706996 0.707211 0.000000 0.000000 0.000000 0.000000 1.000000
0.999391 0.026674 -0.022486 0.000000 -0.034762 0.706714 -0.706645 14.409800 -0.002958 0.706996 0.707211 0.000000 0.000000 0.000000 0.000000 1.000000
0.999391 0.026674 -0.022486 -0.000000 -0.034762 0.706714 -0.706645 14.409800 -0.002958 0.706996 0.707211 -0.000000 0.000000 0.000000 0.000000 1.000000
0.999391 0.026674 -0.022486 0.000000 -0.034762 0.706714 -0.706644 14.409800 -0.002958 0.706996 0.707211 0.000000 0.000000 0.000000 0.000000 1.000000
0.999391 0.026674 -0.022486 0.000000 -0.034762 0.706714 -0.706645 14.409800 -0.002958 0.706996 0.707211 -0.000000 0.000000 0.000000 0.000000 1.000000
0.999391 0.026674 -0.022487 0.000000 -0.034762 0.706715 -0.706644 14.409800 -0.002957 0.706996 0.707212 0.000000 0.000000 0.000000 0.000000 1.000000
0.999391 0.026674 -0.022486 0.000000 -0.034762 0.706714 -0.706645 14.409800 -0.002958 0.706996 0.707211 0.000000 0.000000 0.000000 0.000000 1.000000
0.999391 0.026675 -0.022486 0.000000 -0.034762 0.706714 -0.706645 14.409800 -0.002958 0.706996 0.707211 0.000000 0.000000 0.000000 0.000000 1.000000
0.999391 0.026674 -0.022487 0.000000 -0.034762 0.706714 -0.706644 14.409800 -0.002958 0.706996 0.707211 0.000000 0.000000 0.000000 0.000000 1.000000
0.999391 0.026674 -0.022486 -0.000000 -0.034762 0.706714 -0.706645 14.409800 -0.002958 0.706996 0.707211 -0.000000 0.000000 0.000000 0.000000 1.000000
0.999391 0.026674 -0.022486 -0.000000 -0.034762 0.706715 -0.706644 14.409800 -0.002958 0.706996 0.707212 0.000000 0.000000 0.000000 0.000000 1.000000
0.999391 0.026674 -0.022486 0.000000 -0.034762 0.706714 -0.706645 14.409800 -0.002958 0.706996 0.707211 0.000000 0.000000 0.000000 0.000000 1.000000
0.999391 0.026674 -0.022487 0.000000 -0.034762 0.706714 -0.706645 14.409800 -0.002957 0.706996 0.707211 0.000000 0.000000 0.000000 0.000000 1.000000
0.999391 0.026674 -0.022486 0.000000 -0.034762 0.706714 -0.706645 14.409800 -0.002957 0.706996 0.707211 0.000000 0.000000 0.000000 0.000000 1.000000
0.999391 0.026674 -0.022487 0.000000 -0.034762 0.706715 -0.706644 14.409800 -0.002957 0.706996 0.707212 0.000000 0.000000 0.000000 0.000000 1.000000
0.999391 0.026674 -0.022486 -0.000000 -0.034762 0.706714 -0.706645 14.409800 -0.002958 0.706996 0.707211 0.000000 0.000000 0.000000 0.000000 1.000000
0.999391 0.026674 -0.022487 -0.000000 -0.034762 0.706714 -0.706644 14.409800 -0.002957 0.706996 0.707211 0.000000 0.000000 0.000000 0.000000 1.000000
0.999391 0.026674 -0.022486 -0.000000 -0.034762 0.706714 -0.706645 14.409800 -0.002958 0.706996 0.707211 0.000000 0.000000 0.000000 0.000000 1.000000
0.999391 0.026675 -0.022487 0.000000 -0.034763 0.706714 -0.706645 14.409800 -0.002958 0.706996 0.707211 0.000000 0.000000 0.000000 0.000000 1.000000
0.999391 0.026674 -0.022486 0.000000 -0.034762 0.706714 -0.706645 14.409800 -0.002958 0.706996 0.707211 0.000000 0.000000 0.000000 0.000000 1.000000
0.999391 0.026674 -0.022486 0.000000 -0.034762 0.706715 -0.706644 14.409800 -0.002958 0.706996 0.707212 -0.000000 0.000000 0.000000 0.000000 1.000000
0.999391 0.026674 -0.022487 -0.000000 -0.034763 0.706714 -0.706644 14.409800 -0.002957 0.706996 0.707211 0.000000 0.000000 0.000000 0.000000 1.000000
0.999391 0.026674 -0.022486 0.000000 -0.034762 0.706715 -0.706644 14.409800 -0.002958 0.706996 0.707212 -0.000000 0.000000 0.000000 0.000000 1.000000
0.999391 0.026674 -0.022487 0.000000 -0.034762 0.706714 -0.706644 14.409800 -0.002957 0.706996 0.707211 0.000000 0.000000 0.000000 0.000000 1.000000
0.999391 0.026674 -0.022486 -0.000000 -0.034762 0.706714 -0.706645 14.409800 -0.002958 0.706996 0.707211 -0.000000 0.000000 0.000000 0.000000 1.000000
0.999391 0.026674 -0.022487 -0.000000 -0.034762 0.706715 -0.706644 14.409800 -0.002957 0.706996 0.707212 0.000000 0.000000 0.000000 0.000000 1.000000
0.999391 0.026674 -0.022487 0.000000 -0.034762 0.706714 -0.706645 14.409800 -0.002957 0.706996 0.707211 -0.000000 0.000000 0.000000 0.000000 1.000000
0.999391 0.026674 -0.022487 -0.000000 -0.034762 0.706714 -0.706645 14.409800 -0.002958 0.706996 0.707211 0.000000 0.000000 0.000000 0.000000 1.000000
0.999391 0.026674 -0.022487 -0.000000 -0.034762 0.706714 -0.706644 14.409800 -0.002958 0.706996 0.707211 0.000000 0.000000 0.000000 0.000000 1.000000
0.999391 0.026674 -0.022486 0.000000 -0.034762 0.706714 -0.706645 14.409800 -0.002958 0.706996 0.707211 0.000000 0.000000 0.000000 0.000000 1.000000
0.999391 0.026674 -0.022487 0.000000 -0.034762 0.706714 -0.706645 14.409800 -0.002958 0.706996 0.707211 0.000000 0.000000 0.000000 0.000000 1.000000
0.999391 0.026674 -0.022486 0.000000 -0.034762 0.706714 -0.706645 14.409800 -0.002958 0.706996 0.707211 0.000000 0.000000 0.000000 0.000000 1.000000
0.999391 0.026674 -0.022487 0.000000 -0.034763 0.706714 -0.706645 14.409800 -0.002957 0.706996 0.707211 -0.000000 0.000000 0.000000 0.000000 1.000000
0.999391 0.026674 -0.022487 0.000000 -0.034762 0.706715 -0.706644 14.409800 -0.002957 0.706995 0.707212 -0.000000 0.000000 0.000000 0.000000 1.000000
0.999391 0.026675 -0.022487 0.000000 -0.034763 0.706715 -0.706644 14.409800 -0.002958 0.706996 0.707212 0.000000 0.000000 0.000000 0.000000 1.000000
0.999391 0.026674 -0.022486 -0.000000 -0.034762 0.706714 -0.706645 14.409800 -0.002958 0.706997 0.707211 0.000000 0.000000 0.000000 0.000000 1.000000
0.999391 0.026673 -0.022486 0.000000 -0.034761 0.706714 -0.706645 14.409800 -0.002957 0.706996 0.707211 0.000000 0.000000 0.000000 0.000000 1.000000
0.999391 0.026674 -0.022486 0.000000 -0.034762 0.706715 -0.706644 14.409800 -0.002958 0.706996 0.707212 0.000000 0.000000 0.000000 0.000000 1.000000
0.999391 0.026674 -0.022487 -0.000000 -0.034762 0.706714 -0.706645 14.409800 -0.002957 0.706996 0.707211 -0.000000 0.000000 0.000000 0.000000 1.000000
0.999391 0.026674 -0.022487 0.000000 -0.034762 0.706714 -0.706645 14.409800 -0.002957 0.706996 0.707211 0.000000 0.000000 0.000000 0.000000 1.000000</float_array>
        <technique_common>
          <accessor source="#mixamorig_RightHandMiddle1-Matrix-animation-output-transform-array" count="69" stride="16">
            <param type="float4x4"/>
          </accessor>
        </technique_common>
      </source>
      <source id="mixamorig_RightHandMiddle1-Interpolations">
        <Name_array id="mixamorig_RightHandMiddle1-Interpolations-array" count="69">
 LINEAR LINEAR LINEAR LINEAR LINEAR LINEAR LINEAR LINEAR LINEAR LINEAR LINEAR
LINEAR LINEAR LINEAR LINEAR LINEAR LINEAR LINEAR LINEAR LINEAR LINEAR LINEAR LINEAR
LINEAR LINEAR LINEAR LINEAR LINEAR LINEAR LINEAR LINEAR LINEAR LINEAR LINEAR LINEAR
LINEAR LINEAR LINEAR LINEAR LINEAR LINEAR LINEAR LINEAR LINEAR LINEAR LINEAR LINEAR
LINEAR LINEAR LINEAR LINEAR LINEAR LINEAR LINEAR LINEAR LINEAR LINEAR LINEAR LINEAR
LINEAR LINEAR LINEAR LINEAR LINEAR LINEAR LINEAR LINEAR LINEAR LINEAR</Name_array>
        <technique_common>
          <accessor source="#mixamorig_RightHandMiddle1-Interpolations-array" count="69">
            <param type="name"/>
          </accessor>
        </technique_common>
      </source>
      <sampler id="mixamorig_RightHandMiddle1-Matrix-animation-transform">
        <input semantic="INPUT" source="#mixamorig_RightHandMiddle1-Matrix-animation-input"/>
        <input semantic="OUTPUT" source="#mixamorig_RightHandMiddle1-Matrix-animation-output-transform"/>
        <input semantic="INTERPOLATION" source="#mixamorig_RightHandMiddle1-Interpolations"/>
      </sampler>
      <channel source="#mixamorig_RightHandMiddle1-Matrix-animation-transform" target="mixamorig_RightHandMiddle1/matrix"/>
    </animation>
    <animation id="mixamorig_RightHandMiddle2-anim" name="mixamorig_RightHandMiddle2">
      <source id="mixamorig_RightHandMiddle2-Matrix-animation-input">
        <float_array id="mixamorig_RightHandMiddle2-Matrix-animation-input-array" count="69">

0.000000 0.033333 0.066667 0.100000 0.133333 0.166667 0.200000 0.233333 0.266667 0.300000 0.333333 0.366667 0.400000 0.433333 0.466667 0.500000
0.533333 0.566667 0.600000 0.633333 0.666667 0.700000 0.733333 0.766667 0.800000 0.833333 0.866667 0.900000 0.933333 0.966667 1.000000 1.033333
1.066667 1.100000 1.133333 1.166667 1.200000 1.233333 1.266667 1.300000 1.333333 1.366667 1.400000 1.433333 1.466667 1.500000 1.533333 1.566667
1.600000 1.633333 1.666667 1.700000 1.733333 1.766667 1.800000 1.833333 1.866667 1.900000 1.933333 1.966667 2.000000 2.033333 2.066667 2.100000
2.133333 2.166667 2.200000 2.233333 2.266667</float_array>
        <technique_common>
          <accessor source="#mixamorig_RightHandMiddle2-Matrix-animation-input-array" count="69">
            <param name="TIME" type="float"/>
          </accessor>
        </technique_common>
      </source>
      <source id="mixamorig_RightHandMiddle2-Matrix-animation-output-transform">
        <float_array id="mixamorig_RightHandMiddle2-Matrix-animation-output-transform-array" count="1104">

0.998054 0.041962 -0.046115 -0.000000 -0.058333 0.367263 -0.928286 3.259100 -0.022016 0.929170 0.368996 -0.000000 0.000000 0.000000 0.000000 1.000000
0.998054 0.041962 -0.046115 0.000000 -0.058332 0.367262 -0.928286 3.259100 -0.022017 0.929170 0.368995 0.000000 0.000000 0.000000 0.000000 1.000000
0.998054 0.041962 -0.046115 -0.000000 -0.058333 0.367263 -0.928286 3.259100 -0.022016 0.929170 0.368996 0.000000 0.000000 0.000000 0.000000 1.000000
0.998054 0.041962 -0.046116 -0.000000 -0.058333 0.367263 -0.928286 3.259100 -0.022016 0.929170 0.368996 0.000000 0.000000 0.000000 0.000000 1.000000
0.998054 0.041962 -0.046116 0.000000 -0.058333 0.367263 -0.928286 3.259100 -0.022016 0.929170 0.368996 -0.000000 0.000000 0.000000 0.000000 1.000000
0.998054 0.041962 -0.046115 -0.000000 -0.058333 0.367263 -0.928286 3.259100 -0.022016 0.929170 0.368996 0.000000 0.000000 0.000000 0.000000 1.000000
0.998054 0.041962 -0.046115 0.000000 -0.058333 0.367262 -0.928286 3.259100 -0.022017 0.929170 0.368996 -0.000000 0.000000 0.000000 0.000000 1.000000
0.998054 0.041962 -0.046115 0.000000 -0.058332 0.367263 -0.928286 3.259100 -0.022017 0.929170 0.368996 -0.000000 0.000000 0.000000 0.000000 1.000000
0.998054 0.041963 -0.046115 0.000000 -0.058333 0.367263 -0.928286 3.259100 -0.022017 0.929170 0.368996 -0.000000 0.000000 0.000000 0.000000 1.000000
0.998054 0.041963 -0.046115 0.000000 -0.058333 0.367263 -0.928286 3.259100 -0.022017 0.929170 0.368996 0.000000 0.000000 0.000000 0.000000 1.000000
0.998054 0.041962 -0.046115 0.000000 -0.058332 0.367262 -0.928286 3.259100 -0.022017 0.929170 0.368995 0.000000 0.000000 0.000000 0.000000 1.000000
0.998054 0.041962 -0.046116 -0.000000 -0.058333 0.367262 -0.928286 3.259100 -0.022017 0.929170 0.368995 0.000000 0.000000 0.000000 0.000000 1.000000
0.998054 0.041963 -0.046115 0.000000 -0.058332 0.367263 -0.928286 3.259100 -0.022017 0.929170 0.368997 0.000000 0.000000 0.000000 0.000000 1.000000
0.998054 0.041962 -0.046116 0.000000 -0.058333 0.367263 -0.928286 3.259100 -0.022016 0.929170 0.368996 0.000000 0.000000 0.000000 0.000000 1.000000
0.998054 0.041962 -0.046115 -0.000000 -0.058333 0.367262 -0.928286 3.259100 -0.022016 0.929170 0.368995 0.000000 0.000000 0.000000 0.000000 1.000000
0.998054 0.041962 -0.046115 0.000000 -0.058332 0.367263 -0.928286 3.259100 -0.022017 0.929170 0.368996 0.000000 0.000000 0.000000 0.000000 1.000000
0.998054 0.041962 -0.046115 0.000000 -0.058333 0.367263 -0.928286 3.259100 -0.022016 0.929170 0.368996 0.000000 0.000000 0.000000 0.000000 1.000000
0.998054 0.041963 -0.046115 0.000000 -0.058333 0.367263 -0.928286 3.259100 -0.022017 0.929170 0.368996 0.000000 0.000000 0.000000 0.000000 1.000000
0.998054 0.041962 -0.046115 0.000000 -0.058333 0.367263 -0.928286 3.259100 -0.022017 0.929170 0.368996 0.000000 0.000000 0.000000 0.000000 1.000000
0.998054 0.041962 -0.046115 0.000000 -0.058333 0.367263 -0.928286 3.259100 -0.022016 0.929170 0.368996 0.000000 0.000000 0.000000 0.000000 1.000000
0.998054 0.041963 -0.046115 0.000000 -0.058333 0.367262 -0.928286 3.259100 -0.022017 0.929170 0.368996 -0.000000 0.000000 0.000000 0.000000 1.000000
0.998054 0.041962 -0.046115 0.000000 -0.058333 0.367262 -0.928286 3.259100 -0.022016 0.929170 0.368995 -0.000000 0.000000 0.000000 0.000000 1.000000
0.998054 0.041962 -0.046115 0.000000 -0.058333 0.367263 -0.928286 3.259100 -0.022016 0.929170 0.368996 -0.000000 0.000000 0.000000 0.000000 1.000000
0.998054 0.041962 -0.046116 -0.000000 -0.058333 0.367263 -0.928286 3.259100 -0.022016 0.929170 0.368996 -0.000000 0.000000 0.000000 0.000000 1.000000
0.998054 0.041963 -0.046115 -0.000000 -0.058332 0.367263 -0.928286 3.259100 -0.022017 0.929170 0.368996 0.000000 0.000000 0.000000 0.000000 1.000000
0.998054 0.041962 -0.046115 0.000000 -0.058332 0.367263 -0.928286 3.259100 -0.022017 0.929170 0.368996 0.000000 0.000000 0.000000 0.000000 1.000000
0.998054 0.041962 -0.046115 0.000000 -0.058333 0.367264 -0.928286 3.259100 -0.022017 0.929170 0.368997 0.000000 0.000000 0.000000 0.000000 1.000000
0.998054 0.041962 -0.046115 0.000000 -0.058333 0.367263 -0.928286 3.259100 -0.022017 0.929170 0.368996 0.000000 0.000000 0.000000 0.000000 1.000000
0.998054 0.041962 -0.046115 0.000000 -0.058333 0.367262 -0.928286 3.259100 -0.022017 0.929170 0.368995 0.000000 0.000000 0.000000 0.000000 1.000000
0.998054 0.041963 -0.046115 0.000000 -0.058333 0.367263 -0.928286 3.259100 -0.022017 0.929170 0.368996 0.000000 0.000000 0.000000 0.000000 1.000000
0.998054 0.041962 -0.046116 -0.000000 -0.058333 0.367263 -0.928286 3.259100 -0.022016 0.929170 0.368996 0.000000 0.000000 0.000000 0.000000 1.000000
0.998054 0.041962 -0.046116 0.000000 -0.058333 0.367262 -0.928286 3.259100 -0.022016 0.929170 0.368996 0.000000 0.000000 0.000000 0.000000 1.000000
0.998054 0.041963 -0.046116 -0.000000 -0.058333 0.367263 -0.928286 3.259100 -0.022017 0.929170 0.368996 0.000000 0.000000 0.000000 0.000000 1.000000
0.998054 0.041962 -0.046115 0.000000 -0.058333 0.367263 -0.928286 3.259100 -0.022016 0.929170 0.368996 0.000000 0.000000 0.000000 0.000000 1.000000
0.998054 0.041962 -0.046115 -0.000000 -0.058333 0.367262 -0.928286 3.259100 -0.022017 0.929170 0.368996 0.000000 0.000000 0.000000 0.000000 1.000000
0.998054 0.041962 -0.046115 0.000000 -0.058333 0.367263 -0.928286 3.259100 -0.022017 0.929170 0.368996 0.000000 0.000000 0.000000 0.000000 1.000000
0.998054 0.041962 -0.046115 0.000000 -0.058332 0.367264 -0.928286 3.259100 -0.022016 0.929170 0.368997 0.000000 0.000000 0.000000 0.000000 1.000000
0.998054 0.041962 -0.046115 0.000000 -0.058333 0.367263 -0.928286 3.259100 -0.022016 0.929170 0.368996 0.000000 0.000000 0.000000 0.000000 1.000000
0.998054 0.041963 -0.046115 0.000000 -0.058333 0.367263 -0.928286 3.259100 -0.022017 0.929170 0.368996 -0.000000 0.000000 0.000000 0.000000 1.000000
0.998054 0.041962 -0.046115 0.000000 -0.058332 0.367262 -0.928286 3.259100 -0.022017 0.929170 0.368996 0.000000 0.000000 0.000000 0.000000 1.000000
0.998054 0.041962 -0.046115 0.000000 -0.058333 0.367263 -0.928286 3.259100 -0.022016 0.929170 0.368996 0.000000 0.000000 0.000000 0.000000 1.000000
0.998054 0.041962 -0.046116 -0.000000 -0.058333 0.367263 -0.928286 3.259100 -0.022016 0.929170 0.368996 0.000000 0.000000 0.000000 0.000000 1.000000
0.998054 0.041963 -0.046115 0.000000 -0.058333 0.367263 -0.928286 3.259100 -0.022017 0.929170 0.368996 0.000000 0.000000 0.000000 0.000000 1.000000
0.998054 0.041962 -0.046115 0.000000 -0.058333 0.367263 -0.928286 3.259100 -0.022017 0.929170 0.368996 0.000000 0.000000 0.000000 0.000000 1.000000
0.998054 0.041962 -0.046116 0.000000 -0.058333 0.367262 -0.928286 3.259100 -0.022017 0.929170 0.368995 -0.000000 0.000000 0.000000 0.000000 1.000000
0.998054 0.041962 -0.046115 -0.000000 -0.058332 0.367263 -0.928286 3.259100 -0.022016 0.929170 0.368996 -0.000000 0.000000 0.000000 0.000000 1.000000
0.998054 0.041962 -0.046116 -0.000000 -0.058333 0.367263 -0.928286 3.259100 -0.022016 0.929170 0.368996 0.000000 0.000000 0.000000 0.000000 1.000000
0.998054 0.041962 -0.046115 -0.000000 -0.058332 0.367263 -0.928286 3.259100 -0.022017 0.929170 0.368996 0.000000 0.000000 0.000000 0.000000 1.000000
0.998054 0.041962 -0.046115 0.000000 -0.058332 0.367262 -0.928286 3.259100 -0.022016 0.929170 0.368995 -0.000000 0.000000 0.000000 0.000000 1.000000
0.998054 0.041962 -0.046115 0.000000 -0.058333 0.367263 -0.928286 3.259100 -0.022016 0.929170 0.368996 0.000000 0.000000 0.000000 0.000000 1.000000
0.998054 0.041962 -0.046115 0.000000 -0.058332 0.367263 -0.928286 3.259100 -0.022016 0.929170 0.368996 0.000000 0.000000 0.000000 0.000000 1.000000
0.998054 0.041962 -0.046115 -0.000000 -0.058333 0.367263 -0.928286 3.259100 -0.022017 0.929170 0.368996 -0.000000 0.000000 0.000000 0.000000 1.000000
0.998054 0.041962 -0.046115 0.000000 -0.058333 0.367263 -0.928286 3.259100 -0.022017 0.929170 0.368996 -0.000000 0.000000 0.000000 0.000000 1.000000
0.998054 0.041963 -0.046115 0.000000 -0.058332 0.367262 -0.928286 3.259100 -0.022017 0.929170 0.368996 0.000000 0.000000 0.000000 0.000000 1.000000
0.998054 0.041962 -0.046115 0.000000 -0.058333 0.367262 -0.928286 3.259100 -0.022017 0.929170 0.368995 0.000000 0.000000 0.000000 0.000000 1.000000
0.998054 0.041962 -0.046115 -0.000000 -0.058333 0.367263 -0.928286 3.259100 -0.022017 0.929170 0.368996 -0.000000 0.000000 0.000000 0.000000 1.000000
0.998054 0.041962 -0.046115 0.000000 -0.058333 0.367263 -0.928286 3.259100 -0.022016 0.929170 0.368996 -0.000000 0.000000 0.000000 0.000000 1.000000
0.998054 0.041962 -0.046115 0.000000 -0.058333 0.367262 -0.928287 3.259100 -0.022017 0.929170 0.368995 0.000000 0.000000 0.000000 0.000000 1.000000
0.998054 0.041962 -0.046115 0.000000 -0.058333 0.367263 -0.928286 3.259100 -0.022017 0.929170 0.368996 0.000000 0.000000 0.000000 0.000000 1.000000
0.998054 0.041962 -0.046115 -0.000000 -0.058333 0.367263 -0.928286 3.259100 -0.022017 0.929170 0.368996 -0.000000 0.000000 0.000000 0.000000 1.000000
0.998054 0.041962 -0.046115 0.000000 -0.058333 0.367263 -0.928286 3.259100 -0.022017 0.929170 0.368996 0.000000 0.000000 0.000000 0.000000 1.000000
0.998054 0.041962 -0.046115 0.000000 -0.058332 0.367263 -0.928286 3.259100 -0.022017 0.929170 0.368996 0.000000 0.000000 0.000000 0.000000 1.000000
0.998054 0.041963 -0.046116 0.000000 -0.058333 0.367262 -0.928286 3.259100 -0.022017 0.929170 0.368996 0.000000 0.000000 0.000000 0.000000 1.000000
0.998054 0.041962 -0.046115 -0.000000 -0.058333 0.367263 -0.928286 3.259100 -0.022017 0.929170 0.368996 0.000000 0.000000 0.000000 0.000000 1.000000
0.998054 0.041962 -0.046115 -0.000000 -0.058333 0.367263 -0.928286 3.259100 -0.022016 0.929170 0.368996 -0.000000 0.000000 0.000000 0.000000 1.000000
0.998054 0.041962 -0.046116 -0.000000 -0.058333 0.367263 -0.928286 3.259100 -0.022016 0.929170 0.368996 0.000000 0.000000 0.000000 0.000000 1.000000
0.998054 0.041962 -0.046115 0.000000 -0.058333 0.367263 -0.928286 3.259100 -0.022017 0.929170 0.368996 -0.000000 0.000000 0.000000 0.000000 1.000000
0.998054 0.041962 -0.046115 0.000000 -0.058333 0.367263 -0.928286 3.259100 -0.022017 0.929170 0.368996 0.000000 0.000000 0.000000 0.000000 1.000000
0.998054 0.041962 -0.046115 0.000000 -0.058333 0.367263 -0.928286 3.259100 -0.022017 0.929170 0.368996 0.000000 0.000000 0.000000 0.000000 1.000000</float_array>
        <technique_common>
          <accessor source="#mixamorig_RightHandMiddle2-Matrix-animation-output-transform-array" count="69" stride="16">
            <param type="float4x4"/>
          </accessor>
        </technique_common>
      </source>
      <source id="mixamorig_RightHandMiddle2-Interpolations">
        <Name_array id="mixamorig_RightHandMiddle2-Interpolations-array" count="69">
 LINEAR LINEAR LINEAR LINEAR LINEAR LINEAR LINEAR LINEAR LINEAR LINEAR LINEAR
LINEAR LINEAR LINEAR LINEAR LINEAR LINEAR LINEAR LINEAR LINEAR LINEAR LINEAR LINEAR
LINEAR LINEAR LINEAR LINEAR LINEAR LINEAR LINEAR LINEAR LINEAR LINEAR LINEAR LINEAR
LINEAR LINEAR LINEAR LINEAR LINEAR LINEAR LINEAR LINEAR LINEAR LINEAR LINEAR LINEAR
LINEAR LINEAR LINEAR LINEAR LINEAR LINEAR LINEAR LINEAR LINEAR LINEAR LINEAR LINEAR
LINEAR LINEAR LINEAR LINEAR LINEAR LINEAR LINEAR LINEAR LINEAR LINEAR</Name_array>
        <technique_common>
          <accessor source="#mixamorig_RightHandMiddle2-Interpolations-array" count="69">
            <param type="name"/>
          </accessor>
        </technique_common>
      </source>
      <sampler id="mixamorig_RightHandMiddle2-Matrix-animation-transform">
        <input semantic="INPUT" source="#mixamorig_RightHandMiddle2-Matrix-animation-input"/>
        <input semantic="OUTPUT" source="#mixamorig_RightHandMiddle2-Matrix-animation-output-transform"/>
        <input semantic="INTERPOLATION" source="#mixamorig_RightHandMiddle2-Interpolations"/>
      </sampler>
      <channel source="#mixamorig_RightHandMiddle2-Matrix-animation-transform" target="mixamorig_RightHandMiddle2/matrix"/>
    </animation>
    <animation id="mixamorig_RightHandMiddle3-anim" name="mixamorig_RightHandMiddle3">
      <source id="mixamorig_RightHandMiddle3-Matrix-animation-input">
        <float_array id="mixamorig_RightHandMiddle3-Matrix-animation-input-array" count="69">

0.000000 0.033333 0.066667 0.100000 0.133333 0.166667 0.200000 0.233333 0.266667 0.300000 0.333333 0.366667 0.400000 0.433333 0.466667 0.500000
0.533333 0.566667 0.600000 0.633333 0.666667 0.700000 0.733333 0.766667 0.800000 0.833333 0.866667 0.900000 0.933333 0.966667 1.000000 1.033333
1.066667 1.100000 1.133333 1.166667 1.200000 1.233333 1.266667 1.300000 1.333333 1.366667 1.400000 1.433333 1.466667 1.500000 1.533333 1.566667
1.600000 1.633333 1.666667 1.700000 1.733333 1.766667 1.800000 1.833333 1.866667 1.900000 1.933333 1.966667 2.000000 2.033333 2.066667 2.100000
2.133333 2.166667 2.200000 2.233333 2.266667</float_array>
        <technique_common>
          <accessor source="#mixamorig_RightHandMiddle3-Matrix-animation-input-array" count="69">
            <param name="TIME" type="float"/>
          </accessor>
        </technique_common>
      </source>
      <source id="mixamorig_RightHandMiddle3-Matrix-animation-output-transform">
        <float_array id="mixamorig_RightHandMiddle3-Matrix-animation-output-transform-array" count="1104">

0.999299 0.036308 -0.009134 0.000000 -0.033368 0.753099 -0.657060 2.639800 -0.016978 0.656905 0.753783 -0.000000 0.000000 0.000000 0.000000 1.000000
0.999299 0.036308 -0.009134 0.000000 -0.033368 0.753099 -0.657060 2.639800 -0.016978 0.656904 0.753783 0.000000 0.000000 0.000000 0.000000 1.000000
0.999299 0.036308 -0.009134 0.000000 -0.033368 0.753099 -0.657060 2.639800 -0.016978 0.656904 0.753783 -0.000000 0.000000 0.000000 0.000000 1.000000
0.999299 0.036308 -0.009134 0.000000 -0.033368 0.753099 -0.657060 2.639800 -0.016978 0.656905 0.753783 -0.000000 0.000000 0.000000 0.000000 1.000000
0.999299 0.036308 -0.009134 0.000000 -0.033368 0.753099 -0.657060 2.639800 -0.016978 0.656904 0.753783 0.000000 0.000000 0.000000 0.000000 1.000000
0.999299 0.036308 -0.009134 -0.000000 -0.033368 0.753099 -0.657060 2.639800 -0.016978 0.656904 0.753783 0.000000 0.000000 0.000000 0.000000 1.000000
0.999299 0.036308 -0.009134 -0.000000 -0.033368 0.753099 -0.657060 2.639800 -0.016978 0.656904 0.753783 0.000000 0.000000 0.000000 0.000000 1.000000
0.999299 0.036307 -0.009134 0.000000 -0.033368 0.753099 -0.657061 2.639800 -0.016977 0.656905 0.753782 -0.000000 0.000000 0.000000 0.000000 1.000000
0.999299 0.036308 -0.009134 -0.000000 -0.033368 0.753099 -0.657060 2.639800 -0.016978 0.656904 0.753783 0.000000 0.000000 0.000000 0.000000 1.000000
0.999299 0.036308 -0.009134 0.000000 -0.033368 0.753099 -0.657060 2.639800 -0.016978 0.656904 0.753783 0.000000 0.000000 0.000000 0.000000 1.000000
0.999299 0.036307 -0.009134 0.000000 -0.033368 0.753099 -0.657060 2.639800 -0.016977 0.656904 0.753783 0.000000 0.000000 0.000000 0.000000 1.000000
0.999299 0.036308 -0.009134 -0.000000 -0.033369 0.753099 -0.657060 2.639800 -0.016977 0.656904 0.753783 -0.000000 0.000000 0.000000 0.000000 1.000000
0.999299 0.036307 -0.009134 0.000000 -0.033368 0.753099 -0.657061 2.639800 -0.016977 0.656905 0.753782 0.000000 0.000000 0.000000 0.000000 1.000000
0.999299 0.036308 -0.009134 0.000000 -0.033369 0.753099 -0.657060 2.639800 -0.016978 0.656904 0.753783 -0.000000 0.000000 0.000000 0.000000 1.000000
0.999299 0.036308 -0.009134 0.000000 -0.033368 0.753099 -0.657060 2.639800 -0.016978 0.656905 0.753783 -0.000000 0.000000 0.000000 0.000000 1.000000
0.999299 0.036308 -0.009134 0.000000 -0.033369 0.753100 -0.657060 2.639800 -0.016978 0.656904 0.753783 0.000000 0.000000 0.000000 0.000000 1.000000
0.999299 0.036308 -0.009134 0.000000 -0.033368 0.753099 -0.657060 2.639800 -0.016978 0.656904 0.753783 0.000000 0.000000 0.000000 0.000000 1.000000
0.999299 0.036308 -0.009134 0.000000 -0.033368 0.753099 -0.657060 2.639800 -0.016978 0.656905 0.753783 0.000000 0.000000 0.000000 0.000000 1.000000
0.999299 0.036308 -0.009134 -0.000000 -0.033368 0.753099 -0.657060 2.639800 -0.016978 0.656904 0.753783 -0.000000 0.000000 0.000000 0.000000 1.000000
0.999299 0.036307 -0.009134 0.000000 -0.033368 0.753099 -0.657060 2.639800 -0.016977 0.656904 0.753783 0.000000 0.000000 0.000000 0.000000 1.000000
0.999299 0.036308 -0.009134 0.000000 -0.033369 0.753099 -0.657060 2.639800 -0.016978 0.656904 0.753783 -0.000000 0.000000 0.000000 0.000000 1.000000
0.999299 0.036308 -0.009134 0.000000 -0.033368 0.753099 -0.657060 2.639800 -0.016978 0.656905 0.753783 0.000000 0.000000 0.000000 0.000000 1.000000
0.999299 0.036308 -0.009134 -0.000000 -0.033368 0.753099 -0.657060 2.639800 -0.016977 0.656904 0.753783 -0.000000 0.000000 0.000000 0.000000 1.000000
0.999299 0.036308 -0.009134 0.000000 -0.033369 0.753099 -0.657060 2.639800 -0.016978 0.656904 0.753783 0.000000 0.000000 0.000000 0.000000 1.000000
0.999299 0.036308 -0.009134 0.000000 -0.033368 0.753099 -0.657061 2.639800 -0.016978 0.656905 0.753782 0.000000 0.000000 0.000000 0.000000 1.000000
0.999299 0.036308 -0.009134 -0.000000 -0.033369 0.753099 -0.657060 2.639800 -0.016978 0.656904 0.753783 0.000000 0.000000 0.000000 0.000000 1.000000
0.999299 0.036308 -0.009134 0.000000 -0.033368 0.753099 -0.657061 2.639800 -0.016978 0.656905 0.753782 -0.000000 0.000000 0.000000 0.000000 1.000000
0.999299 0.036308 -0.009134 0.000000 -0.033368 0.753099 -0.657060 2.639800 -0.016977 0.656904 0.753783 0.000000 0.000000 0.000000 0.000000 1.000000
0.999299 0.036308 -0.009134 0.000000 -0.033368 0.753099 -0.657060 2.639800 -0.016977 0.656904 0.753783 -0.000000 0.000000 0.000000 0.000000 1.000000
0.999299 0.036307 -0.009134 0.000000 -0.033368 0.753099 -0.657060 2.639800 -0.016977 0.656905 0.753783 0.000000 0.000000 0.000000 0.000000 1.000000
0.999299 0.036308 -0.009134 0.000000 -0.033368 0.753099 -0.657060 2.639800 -0.016978 0.656904 0.753783 0.000000 0.000000 0.000000 0.000000 1.000000
0.999299 0.036308 -0.009134 -0.000000 -0.033368 0.753099 -0.657060 2.639800 -0.016977 0.656904 0.753783 0.000000 0.000000 0.000000 0.000000 1.000000
0.999299 0.036307 -0.009134 0.000000 -0.033368 0.753100 -0.657060 2.639800 -0.016977 0.656904 0.753783 0.000000 0.000000 0.000000 0.000000 1.000000
0.999299 0.036308 -0.009134 0.000000 -0.033368 0.753099 -0.657060 2.639800 -0.016977 0.656905 0.753783 0.000000 0.000000 0.000000 0.000000 1.000000
0.999299 0.036308 -0.009134 -0.000000 -0.033368 0.753099 -0.657060 2.639800 -0.016978 0.656905 0.753783 0.000000 0.000000 0.000000 0.000000 1.000000
0.999299 0.036307 -0.009135 -0.000000 -0.033368 0.753099 -0.657060 2.639800 -0.016977 0.656904 0.753783 0.000000 0.000000 0.000000 0.000000 1.000000
0.999299 0.036308 -0.009134 0.000000 -0.033369 0.753099 -0.657060 2.639800 -0.016978 0.656904 0.753783 0.000000 0.000000 0.000000 0.000000 1.000000
0.999299 0.036308 -0.009134 -0.000000 -0.033368 0.753099 -0.657060 2.639800 -0.016978 0.656904 0.753783 -0.000000 0.000000 0.000000 0.000000 1.000000
0.999299 0.036308 -0.009134 0.000000 -0.033368 0.753099 -0.657060 2.639800 -0.016977 0.656904 0.753783 0.000000 0.000000 0.000000 0.000000 1.000000
0.999299 0.036308 -0.009134 -0.000000 -0.033369 0.753099 -0.657060 2.639800 -0.016977 0.656904 0.753783 0.000000 0.000000 0.000000 0.000000 1.000000
0.999299 0.036308 -0.009134 0.000000 -0.033369 0.753099 -0.657060 2.639800 -0.016977 0.656904 0.753783 0.000000 0.000000 0.000000 0.000000 1.000000
0.999299 0.036308 -0.009134 0.000000 -0.033368 0.753099 -0.657060 2.639800 -0.016978 0.656904 0.753783 0.000000 0.000000 0.000000 0.000000 1.000000
0.999299 0.036308 -0.009134 0.000000 -0.033368 0.753099 -0.657060 2.639800 -0.016977 0.656904 0.753783 0.000000 0.000000 0.000000 0.000000 1.000000
0.999299 0.036307 -0.009134 0.000000 -0.033368 0.753099 -0.657060 2.639800 -0.016977 0.656905 0.753783 0.000000 0.000000 0.000000 0.000000 1.000000
0.999299 0.036308 -0.009134 0.000000 -0.033369 0.753099 -0.657060 2.639800 -0.016978 0.656904 0.753783 0.000000 0.000000 0.000000 0.000000 1.000000
0.999299 0.036308 -0.009135 0.000000 -0.033369 0.753099 -0.657060 2.639800 -0.016977 0.656904 0.753783 0.000000 0.000000 0.000000 0.000000 1.000000
0.999299 0.036308 -0.009134 -0.000000 -0.033369 0.753099 -0.657060 2.639800 -0.016977 0.656904 0.753783 0.000000 0.000000 0.000000 0.000000 1.000000
0.999299 0.036308 -0.009134 -0.000000 -0.033369 0.753099 -0.657060 2.639800 -0.016977 0.656904 0.753783 -0.000000 0.000000 0.000000 0.000000 1.000000
0.999299 0.036308 -0.009134 0.000000 -0.033369 0.753099 -0.657060 2.639800 -0.016978 0.656904 0.753783 0.000000 0.000000 0.000000 0.000000 1.000000
0.999299 0.036308 -0.009134 0.000000 -0.033369 0.753099 -0.657060 2.639800 -0.016978 0.656904 0.753783 0.000000 0.000000 0.000000 0.000000 1.000000
0.999299 0.036308 -0.009134 0.000000 -0.033369 0.753099 -0.657060 2.639800 -0.016978 0.656904 0.753783 0.000000 0.000000 0.000000 0.000000 1.000000
0.999299 0.036308 -0.009134 -0.000000 -0.033368 0.753099 -0.657060 2.639800 -0.016978 0.656904 0.753783 -0.000000 0.000000 0.000000 0.000000 1.000000
0.999299 0.036308 -0.009134 0.000000 -0.033369 0.753099 -0.657061 2.639800 -0.016978 0.656905 0.753782 0.000000 0.000000 0.000000 0.000000 1.000000
0.999299 0.036307 -0.009134 0.000000 -0.033368 0.753099 -0.657060 2.639800 -0.016977 0.656904 0.753783 0.000000 0.000000 0.000000 0.000000 1.000000
0.999299 0.036308 -0.009134 -0.000000 -0.033369 0.753100 -0.657060 2.639800 -0.016977 0.656904 0.753783 -0.000000 0.000000 0.000000 0.000000 1.000000
0.999299 0.036308 -0.009134 -0.000000 -0.033368 0.753099 -0.657060 2.639800 -0.016978 0.656904 0.753783 -0.000000 0.000000 0.000000 0.000000 1.000000
0.999299 0.036308 -0.009134 -0.000000 -0.033369 0.753099 -0.657060 2.639800 -0.016978 0.656904 0.753783 0.000000 0.000000 0.000000 0.000000 1.000000
0.999299 0.036308 -0.009134 0.000000 -0.033368 0.753099 -0.657060 2.639800 -0.016978 0.656904 0.753783 0.000000 0.000000 0.000000 0.000000 1.000000
0.999299 0.036308 -0.009134 0.000000 -0.033368 0.753099 -0.657060 2.639800 -0.016977 0.656904 0.753783 0.000000 0.000000 0.000000 0.000000 1.000000
0.999299 0.036308 -0.009134 0.000000 -0.033368 0.753099 -0.657061 2.639800 -0.016978 0.656905 0.753782 0.000000 0.000000 0.000000 0.000000 1.000000
0.999299 0.036308 -0.009134 0.000000 -0.033369 0.753099 -0.657060 2.639800 -0.016977 0.656904 0.753783 0.000000 0.000000 0.000000 0.000000 1.000000
0.999299 0.036308 -0.009134 0.000000 -0.033368 0.753099 -0.657060 2.639800 -0.016978 0.656905 0.753783 0.000000 0.000000 0.000000 0.000000 1.000000
0.999299 0.036308 -0.009134 0.000000 -0.033368 0.753099 -0.657060 2.639800 -0.016978 0.656905 0.753783 0.000000 0.000000 0.000000 0.000000 1.000000
0.999299 0.036308 -0.009134 -0.000000 -0.033369 0.753099 -0.657060 2.639800 -0.016977 0.656905 0.753783 0.000000 0.000000 0.000000 0.000000 1.000000
0.999299 0.036308 -0.009134 0.000000 -0.033369 0.753099 -0.657061 2.639800 -0.016978 0.656905 0.753782 0.000000 0.000000 0.000000 0.000000 1.000000
0.999299 0.036307 -0.009134 0.000000 -0.033368 0.753099 -0.657060 2.639800 -0.016978 0.656904 0.753783 -0.000000 0.000000 0.000000 0.000000 1.000000
0.999299 0.036307 -0.009134 0.000000 -0.033368 0.753099 -0.657060 2.639800 -0.016978 0.656904 0.753783 -0.000000 0.000000 0.000000 0.000000 1.000000
0.999299 0.036308 -0.009134 0.000000 -0.033368 0.753099 -0.657060 2.639800 -0.016977 0.656904 0.753783 0.000000 0.000000 0.000000 0.000000 1.000000
0.999299 0.036308 -0.009134 0.000000 -0.033368 0.753099 -0.657060 2.639800 -0.016978 0.656904 0.753783 0.000000 0.000000 0.000000 0.000000 1.000000</float_array>
        <technique_common>
          <accessor source="#mixamorig_RightHandMiddle3-Matrix-animation-output-transform-array" count="69" stride="16">
            <param type="float4x4"/>
          </accessor>
        </technique_common>
      </source>
      <source id="mixamorig_RightHandMiddle3-Interpolations">
        <Name_array id="mixamorig_RightHandMiddle3-Interpolations-array" count="69">
 LINEAR LINEAR LINEAR LINEAR LINEAR LINEAR LINEAR LINEAR LINEAR LINEAR LINEAR
LINEAR LINEAR LINEAR LINEAR LINEAR LINEAR LINEAR LINEAR LINEAR LINEAR LINEAR LINEAR
LINEAR LINEAR LINEAR LINEAR LINEAR LINEAR LINEAR LINEAR LINEAR LINEAR LINEAR LINEAR
LINEAR LINEAR LINEAR LINEAR LINEAR LINEAR LINEAR LINEAR LINEAR LINEAR LINEAR LINEAR
LINEAR LINEAR LINEAR LINEAR LINEAR LINEAR LINEAR LINEAR LINEAR LINEAR LINEAR LINEAR
LINEAR LINEAR LINEAR LINEAR LINEAR LINEAR LINEAR LINEAR LINEAR LINEAR</Name_array>
        <technique_common>
          <accessor source="#mixamorig_RightHandMiddle3-Interpolations-array" count="69">
            <param type="name"/>
          </accessor>
        </technique_common>
      </source>
      <sampler id="mixamorig_RightHandMiddle3-Matrix-animation-transform">
        <input semantic="INPUT" source="#mixamorig_RightHandMiddle3-Matrix-animation-input"/>
        <input semantic="OUTPUT" source="#mixamorig_RightHandMiddle3-Matrix-animation-output-transform"/>
        <input semantic="INTERPOLATION" source="#mixamorig_RightHandMiddle3-Interpolations"/>
      </sampler>
      <channel source="#mixamorig_RightHandMiddle3-Matrix-animation-transform" target="mixamorig_RightHandMiddle3/matrix"/>
    </animation>
    <animation id="mixamorig_RightHandRing1-anim" name="mixamorig_RightHandRing1">
      <source id="mixamorig_RightHandRing1-Matrix-animation-input">
        <float_array id="mixamorig_RightHandRing1-Matrix-animation-input-array" count="69">

0.000000 0.033333 0.066667 0.100000 0.133333 0.166667 0.200000 0.233333 0.266667 0.300000 0.333333 0.366667 0.400000 0.433333 0.466667 0.500000
0.533333 0.566667 0.600000 0.633333 0.666667 0.700000 0.733333 0.766667 0.800000 0.833333 0.866667 0.900000 0.933333 0.966667 1.000000 1.033333
1.066667 1.100000 1.133333 1.166667 1.200000 1.233333 1.266667 1.300000 1.333333 1.366667 1.400000 1.433333 1.466667 1.500000 1.533333 1.566667
1.600000 1.633333 1.666667 1.700000 1.733333 1.766667 1.800000 1.833333 1.866667 1.900000 1.933333 1.966667 2.000000 2.033333 2.066667 2.100000
2.133333 2.166667 2.200000 2.233333 2.266667</float_array>
        <technique_common>
          <accessor source="#mixamorig_RightHandRing1-Matrix-animation-input-array" count="69">
            <param name="TIME" type="float"/>
          </accessor>
        </technique_common>
      </source>
      <source id="mixamorig_RightHandRing1-Matrix-animation-output-transform">
        <float_array id="mixamorig_RightHandRing1-Matrix-animation-output-transform-array" count="1104">

0.995315 0.092208 0.029093 -3.304900 -0.023464 0.522249 -0.852470 13.191500 -0.093798 0.847793 0.521966 -0.322000 0.000000 0.000000 0.000000 1.000000
0.995315 0.092207 0.029094 -3.304900 -0.023463 0.522250 -0.852469 13.191500 -0.093798 0.847793 0.521967 -0.322000 0.000000 0.000000 0.000000 1.000000
0.995315 0.092207 0.029093 -3.304900 -0.023464 0.522249 -0.852470 13.191500 -0.093797 0.847793 0.521966 -0.322000 0.000000 0.000000 0.000000 1.000000
0.995315 0.092207 0.029093 -3.304900 -0.023464 0.522250 -0.852470 13.191500 -0.093798 0.847793 0.521966 -0.322000 0.000000 0.000000 0.000000 1.000000
0.995315 0.092207 0.029093 -3.304900 -0.023464 0.522250 -0.852470 13.191500 -0.093798 0.847793 0.521967 -0.322000 0.000000 0.000000 0.000000 1.000000
0.995315 0.092207 0.029093 -3.304900 -0.023464 0.522250 -0.852470 13.191500 -0.093797 0.847793 0.521966 -0.322000 0.000000 0.000000 0.000000 1.000000
0.995315 0.092207 0.029093 -3.304900 -0.023464 0.522250 -0.852470 13.191500 -0.093798 0.847793 0.521966 -0.322000 0.000000 0.000000 0.000000 1.000000
0.995315 0.092207 0.029094 -3.304900 -0.023464 0.522249 -0.852470 13.191500 -0.093798 0.847793 0.521966 -0.322000 0.000000 0.000000 0.000000 1.000000
0.995315 0.092207 0.029093 -3.304900 -0.023464 0.522250 -0.852470 13.191500 -0.093798 0.847793 0.521966 -0.322000 0.000000 0.000000 0.000000 1.000000
0.995315 0.092207 0.029094 -3.304900 -0.023464 0.522250 -0.852470 13.191500 -0.093798 0.847793 0.521966 -0.322000 0.000000 0.000000 0.000000 1.000000
0.995315 0.092207 0.029093 -3.304900 -0.023464 0.522250 -0.852470 13.191500 -0.093797 0.847793 0.521966 -0.322000 0.000000 0.000000 0.000000 1.000000
0.995315 0.092207 0.029093 -3.304900 -0.023464 0.522250 -0.852470 13.191500 -0.093797 0.847793 0.521966 -0.322000 0.000000 0.000000 0.000000 1.000000
0.995315 0.092207 0.029093 -3.304900 -0.023464 0.522250 -0.852470 13.191500 -0.093798 0.847793 0.521967 -0.322000 0.000000 0.000000 0.000000 1.000000
0.995315 0.092207 0.029093 -3.304900 -0.023464 0.522250 -0.852470 13.191500 -0.093798 0.847793 0.521967 -0.322000 0.000000 0.000000 0.000000 1.000000
0.995315 0.092207 0.029093 -3.304900 -0.023464 0.522250 -0.852470 13.191500 -0.093797 0.847793 0.521967 -0.322000 0.000000 0.000000 0.000000 1.000000
0.995315 0.092207 0.029093 -3.304900 -0.023464 0.522250 -0.852469 13.191500 -0.093798 0.847793 0.521967 -0.322000 0.000000 0.000000 0.000000 1.000000
0.995315 0.092207 0.029093 -3.304900 -0.023464 0.522250 -0.852470 13.191500 -0.093797 0.847793 0.521967 -0.322000 0.000000 0.000000 0.000000 1.000000
0.995315 0.092207 0.029093 -3.304900 -0.023464 0.522250 -0.852470 13.191500 -0.093797 0.847793 0.521967 -0.322000 0.000000 0.000000 0.000000 1.000000
0.995315 0.092206 0.029094 -3.304900 -0.023463 0.522250 -0.852470 13.191500 -0.093797 0.847793 0.521966 -0.322000 0.000000 0.000000 0.000000 1.000000
0.995315 0.092207 0.029093 -3.304900 -0.023464 0.522250 -0.852469 13.191500 -0.093798 0.847793 0.521967 -0.322000 0.000000 0.000000 0.000000 1.000000
0.995315 0.092207 0.029093 -3.304900 -0.023464 0.522249 -0.852470 13.191500 -0.093798 0.847793 0.521966 -0.322000 0.000000 0.000000 0.000000 1.000000
0.995315 0.092207 0.029093 -3.304900 -0.023464 0.522250 -0.852470 13.191500 -0.093797 0.847793 0.521966 -0.322000 0.000000 0.000000 0.000000 1.000000
0.995315 0.092207 0.029093 -3.304900 -0.023464 0.522250 -0.852470 13.191500 -0.093798 0.847793 0.521966 -0.322000 0.000000 0.000000 0.000000 1.000000
0.995315 0.092207 0.029093 -3.304900 -0.023464 0.522250 -0.852470 13.191500 -0.093797 0.847793 0.521966 -0.322000 0.000000 0.000000 0.000000 1.000000
0.995315 0.092207 0.029093 -3.304900 -0.023464 0.522250 -0.852470 13.191500 -0.093798 0.847793 0.521967 -0.322000 0.000000 0.000000 0.000000 1.000000
0.995315 0.092207 0.029093 -3.304900 -0.023464 0.522250 -0.852470 13.191500 -0.093797 0.847793 0.521966 -0.322000 0.000000 0.000000 0.000000 1.000000
0.995315 0.092207 0.029093 -3.304900 -0.023464 0.522250 -0.852470 13.191500 -0.093797 0.847793 0.521967 -0.322000 0.000000 0.000000 0.000000 1.000000
0.995315 0.092207 0.029094 -3.304900 -0.023464 0.522250 -0.852469 13.191500 -0.093798 0.847793 0.521967 -0.322000 0.000000 0.000000 0.000000 1.000000
0.995315 0.092207 0.029093 -3.304900 -0.023464 0.522250 -0.852470 13.191500 -0.093797 0.847793 0.521966 -0.322000 0.000000 0.000000 0.000000 1.000000
0.995315 0.092207 0.029093 -3.304900 -0.023464 0.522250 -0.852470 13.191500 -0.093798 0.847793 0.521966 -0.322000 0.000000 0.000000 0.000000 1.000000
0.995315 0.092207 0.029093 -3.304900 -0.023464 0.522249 -0.852470 13.191500 -0.093798 0.847793 0.521966 -0.322000 0.000000 0.000000 0.000000 1.000000
0.995315 0.092207 0.029093 -3.304900 -0.023464 0.522249 -0.852470 13.191500 -0.093797 0.847793 0.521966 -0.322000 0.000000 0.000000 0.000000 1.000000
0.995315 0.092206 0.029093 -3.304900 -0.023463 0.522250 -0.852470 13.191500 -0.093797 0.847793 0.521967 -0.322000 0.000000 0.000000 0.000000 1.000000
0.995315 0.092207 0.029093 -3.304900 -0.023464 0.522250 -0.852469 13.191500 -0.093798 0.847793 0.521967 -0.322000 0.000000 0.000000 0.000000 1.000000
0.995315 0.092207 0.029093 -3.304900 -0.023464 0.522250 -0.852469 13.191500 -0.093798 0.847793 0.521967 -0.322000 0.000000 0.000000 0.000000 1.000000
0.995315 0.092207 0.029093 -3.304900 -0.023464 0.522250 -0.852470 13.191500 -0.093798 0.847793 0.521967 -0.322000 0.000000 0.000000 0.000000 1.000000
0.995315 0.092207 0.029093 -3.304900 -0.023464 0.522250 -0.852470 13.191500 -0.093798 0.847793 0.521966 -0.322000 0.000000 0.000000 0.000000 1.000000
0.995315 0.092207 0.029093 -3.304900 -0.023464 0.522250 -0.852470 13.191500 -0.093797 0.847793 0.521967 -0.322000 0.000000 0.000000 0.000000 1.000000
0.995315 0.092207 0.029093 -3.304900 -0.023464 0.522250 -0.852469 13.191500 -0.093797 0.847793 0.521967 -0.322000 0.000000 0.000000 0.000000 1.000000
0.995315 0.092207 0.029093 -3.304900 -0.023464 0.522250 -0.852470 13.191500 -0.093797 0.847793 0.521966 -0.322000 0.000000 0.000000 0.000000 1.000000
0.995315 0.092207 0.029093 -3.304900 -0.023464 0.522250 -0.852470 13.191500 -0.093798 0.847793 0.521966 -0.322000 0.000000 0.000000 0.000000 1.000000
0.995315 0.092207 0.029093 -3.304900 -0.023464 0.522250 -0.852470 13.191500 -0.093797 0.847793 0.521967 -0.322000 0.000000 0.000000 0.000000 1.000000
0.995315 0.092206 0.029093 -3.304900 -0.023464 0.522250 -0.852470 13.191500 -0.093797 0.847793 0.521966 -0.322000 0.000000 0.000000 0.000000 1.000000
0.995315 0.092207 0.029093 -3.304900 -0.023464 0.522250 -0.852470 13.191500 -0.093798 0.847793 0.521966 -0.322000 0.000000 0.000000 0.000000 1.000000
0.995315 0.092207 0.029093 -3.304900 -0.023464 0.522250 -0.852470 13.191500 -0.093798 0.847793 0.521966 -0.322000 0.000000 0.000000 0.000000 1.000000
0.995315 0.092207 0.029093 -3.304900 -0.023464 0.522250 -0.852470 13.191500 -0.093797 0.847793 0.521967 -0.322000 0.000000 0.000000 0.000000 1.000000
0.995315 0.092207 0.029094 -3.304900 -0.023464 0.522250 -0.852470 13.191500 -0.093798 0.847793 0.521966 -0.322000 0.000000 0.000000 0.000000 1.000000
0.995315 0.092207 0.029093 -3.304900 -0.023464 0.522249 -0.852470 13.191500 -0.093798 0.847793 0.521966 -0.322000 0.000000 0.000000 0.000000 1.000000
0.995315 0.092207 0.029093 -3.304900 -0.023464 0.522250 -0.852470 13.191500 -0.093797 0.847793 0.521967 -0.322000 0.000000 0.000000 0.000000 1.000000
0.995315 0.092207 0.029093 -3.304900 -0.023464 0.522250 -0.852470 13.191500 -0.093797 0.847793 0.521967 -0.322000 0.000000 0.000000 0.000000 1.000000
0.995315 0.092207 0.029093 -3.304900 -0.023464 0.522250 -0.852470 13.191500 -0.093798 0.847793 0.521966 -0.322000 0.000000 0.000000 0.000000 1.000000
0.995315 0.092207 0.029094 -3.304900 -0.023464 0.522249 -0.852470 13.191500 -0.093798 0.847793 0.521966 -0.322000 0.000000 0.000000 0.000000 1.000000
0.995315 0.092207 0.029093 -3.304900 -0.023464 0.522250 -0.852470 13.191500 -0.093797 0.847793 0.521966 -0.322000 0.000000 0.000000 0.000000 1.000000
0.995315 0.092207 0.029093 -3.304900 -0.023464 0.522250 -0.852470 13.191500 -0.093798 0.847793 0.521966 -0.322000 0.000000 0.000000 0.000000 1.000000
0.995315 0.092207 0.029093 -3.304900 -0.023464 0.522250 -0.852470 13.191500 -0.093797 0.847793 0.521967 -0.322000 0.000000 0.000000 0.000000 1.000000
0.995315 0.092206 0.029093 -3.304900 -0.023463 0.522249 -0.852470 13.191500 -0.093797 0.847793 0.521966 -0.322000 0.000000 0.000000 0.000000 1.000000
0.995315 0.092207 0.029094 -3.304900 -0.023464 0.522250 -0.852470 13.191500 -0.093798 0.847793 0.521966 -0.322000 0.000000 0.000000 0.000000 1.000000
0.995315 0.092207 0.029093 -3.304900 -0.023464 0.522250 -0.852470 13.191500 -0.093798 0.847793 0.521966 -0.322000 0.000000 0.000000 0.000000 1.000000
0.995315 0.092207 0.029093 -3.304900 -0.023464 0.522249 -0.852470 13.191500 -0.093798 0.847793 0.521966 -0.322000 0.000000 0.000000 0.000000 1.000000
0.995315 0.092207 0.029093 -3.304900 -0.023464 0.522250 -0.852470 13.191500 -0.093797 0.847793 0.521966 -0.322000 0.000000 0.000000 0.000000 1.000000
0.995315 0.092207 0.029094 -3.304900 -0.023463 0.522249 -0.852470 13.191500 -0.093798 0.847793 0.521966 -0.322000 0.000000 0.000000 0.000000 1.000000
0.995315 0.092207 0.029093 -3.304900 -0.023465 0.522249 -0.852470 13.191500 -0.093798 0.847793 0.521966 -0.322000 0.000000 0.000000 0.000000 1.000000
0.995315 0.092207 0.029093 -3.304900 -0.023464 0.522250 -0.852470 13.191500 -0.093798 0.847793 0.521966 -0.322000 0.000000 0.000000 0.000000 1.000000
0.995315 0.092208 0.029093 -3.304900 -0.023465 0.522250 -0.852469 13.191500 -0.093798 0.847793 0.521967 -0.322000 0.000000 0.000000 0.000000 1.000000
0.995315 0.092207 0.029093 -3.304900 -0.023464 0.522250 -0.852470 13.191500 -0.093797 0.847793 0.521966 -0.322000 0.000000 0.000000 0.000000 1.000000
0.995315 0.092207 0.029093 -3.304900 -0.023464 0.522250 -0.852470 13.191500 -0.093797 0.847793 0.521967 -0.322000 0.000000 0.000000 0.000000 1.000000
0.995315 0.092207 0.029094 -3.304900 -0.023464 0.522250 -0.852470 13.191500 -0.093798 0.847793 0.521966 -0.322000 0.000000 0.000000 0.000000 1.000000
0.995315 0.092207 0.029093 -3.304900 -0.023464 0.522250 -0.852470 13.191500 -0.093797 0.847793 0.521966 -0.322000 0.000000 0.000000 0.000000 1.000000
0.995315 0.092207 0.029093 -3.304900 -0.023464 0.522250 -0.852470 13.191500 -0.093797 0.847793 0.521966 -0.322000 0.000000 0.000000 0.000000 1.000000</float_array>
        <technique_common>
          <accessor source="#mixamorig_RightHandRing1-Matrix-animation-output-transform-array" count="69" stride="16">
            <param type="float4x4"/>
          </accessor>
        </technique_common>
      </source>
      <source id="mixamorig_RightHandRing1-Interpolations">
        <Name_array id="mixamorig_RightHandRing1-Interpolations-array" count="69">
 LINEAR LINEAR LINEAR LINEAR LINEAR LINEAR LINEAR LINEAR LINEAR LINEAR LINEAR
LINEAR LINEAR LINEAR LINEAR LINEAR LINEAR LINEAR LINEAR LINEAR LINEAR LINEAR LINEAR
LINEAR LINEAR LINEAR LINEAR LINEAR LINEAR LINEAR LINEAR LINEAR LINEAR LINEAR LINEAR
LINEAR LINEAR LINEAR LINEAR LINEAR LINEAR LINEAR LINEAR LINEAR LINEAR LINEAR LINEAR
LINEAR LINEAR LINEAR LINEAR LINEAR LINEAR LINEAR LINEAR LINEAR LINEAR LINEAR LINEAR
LINEAR LINEAR LINEAR LINEAR LINEAR LINEAR LINEAR LINEAR LINEAR LINEAR</Name_array>
        <technique_common>
          <accessor source="#mixamorig_RightHandRing1-Interpolations-array" count="69">
            <param type="name"/>
          </accessor>
        </technique_common>
      </source>
      <sampler id="mixamorig_RightHandRing1-Matrix-animation-transform">
        <input semantic="INPUT" source="#mixamorig_RightHandRing1-Matrix-animation-input"/>
        <input semantic="OUTPUT" source="#mixamorig_RightHandRing1-Matrix-animation-output-transform"/>
        <input semantic="INTERPOLATION" source="#mixamorig_RightHandRing1-Interpolations"/>
      </sampler>
      <channel source="#mixamorig_RightHandRing1-Matrix-animation-transform" target="mixamorig_RightHandRing1/matrix"/>
    </animation>
    <animation id="mixamorig_RightHandRing2-anim" name="mixamorig_RightHandRing2">
      <source id="mixamorig_RightHandRing2-Matrix-animation-input">
        <float_array id="mixamorig_RightHandRing2-Matrix-animation-input-array" count="69">

0.000000 0.033333 0.066667 0.100000 0.133333 0.166667 0.200000 0.233333 0.266667 0.300000 0.333333 0.366667 0.400000 0.433333 0.466667 0.500000
0.533333 0.566667 0.600000 0.633333 0.666667 0.700000 0.733333 0.766667 0.800000 0.833333 0.866667 0.900000 0.933333 0.966667 1.000000 1.033333
1.066667 1.100000 1.133333 1.166667 1.200000 1.233333 1.266667 1.300000 1.333333 1.366667 1.400000 1.433333 1.466667 1.500000 1.533333 1.566667
1.600000 1.633333 1.666667 1.700000 1.733333 1.766667 1.800000 1.833333 1.866667 1.900000 1.933333 1.966667 2.000000 2.033333 2.066667 2.100000
2.133333 2.166667 2.200000 2.233333 2.266667</float_array>
        <technique_common>
          <accessor source="#mixamorig_RightHandRing2-Matrix-animation-input-array" count="69">
            <param name="TIME" type="float"/>
          </accessor>
        </technique_common>
      </source>
      <source id="mixamorig_RightHandRing2-Matrix-animation-output-transform">
        <float_array id="mixamorig_RightHandRing2-Matrix-animation-output-transform-array" count="1104">

0.999422 0.031078 -0.013791 0.000000 -0.031045 0.668701 -0.742883 2.717600 -0.013865 0.742882 0.669279 0.000000 0.000000 0.000000 0.000000 1.000000
0.999422 0.031077 -0.013792 -0.000000 -0.031045 0.668701 -0.742883 2.717600 -0.013864 0.742881 0.669279 0.000000 0.000000 0.000000 0.000000 1.000000
0.999422 0.031078 -0.013792 -0.000000 -0.031046 0.668701 -0.742883 2.717600 -0.013865 0.742881 0.669280 0.000000 0.000000 0.000000 0.000000 1.000000
0.999422 0.031077 -0.013792 0.000000 -0.031045 0.668701 -0.742883 2.717600 -0.013864 0.742882 0.669279 0.000000 0.000000 0.000000 0.000000 1.000000
0.999422 0.031078 -0.013792 0.000000 -0.031045 0.668701 -0.742883 2.717600 -0.013864 0.742881 0.669279 -0.000000 0.000000 0.000000 0.000000 1.000000
0.999422 0.031078 -0.013792 0.000000 -0.031045 0.668701 -0.742883 2.717600 -0.013865 0.742882 0.669279 0.000000 0.000000 0.000000 0.000000 1.000000
0.999422 0.031078 -0.013792 0.000000 -0.031045 0.668701 -0.742883 2.717600 -0.013865 0.742882 0.669279 0.000000 0.000000 0.000000 0.000000 1.000000
0.999422 0.031078 -0.013791 0.000000 -0.031045 0.668702 -0.742882 2.717600 -0.013865 0.742881 0.669280 0.000000 0.000000 0.000000 0.000000 1.000000
0.999422 0.031078 -0.013792 0.000000 -0.031045 0.668701 -0.742883 2.717600 -0.013864 0.742881 0.669280 0.000000 0.000000 0.000000 0.000000 1.000000
0.999422 0.031078 -0.013791 0.000000 -0.031045 0.668701 -0.742883 2.717600 -0.013865 0.742882 0.669279 -0.000000 0.000000 0.000000 0.000000 1.000000
0.999422 0.031077 -0.013791 0.000000 -0.031045 0.668701 -0.742883 2.717600 -0.013865 0.742882 0.669279 0.000000 0.000000 0.000000 0.000000 1.000000
0.999422 0.031078 -0.013791 0.000000 -0.031045 0.668701 -0.742883 2.717600 -0.013865 0.742881 0.669279 0.000000 0.000000 0.000000 0.000000 1.000000
0.999422 0.031078 -0.013791 -0.000000 -0.031045 0.668701 -0.742883 2.717600 -0.013865 0.742881 0.669279 0.000000 0.000000 0.000000 0.000000 1.000000
0.999422 0.031078 -0.013791 0.000000 -0.031045 0.668701 -0.742883 2.717600 -0.013865 0.742882 0.669279 0.000000 0.000000 0.000000 0.000000 1.000000
0.999422 0.031078 -0.013791 0.000000 -0.031045 0.668701 -0.742883 2.717600 -0.013865 0.742881 0.669280 0.000000 0.000000 0.000000 0.000000 1.000000
0.999422 0.031078 -0.013792 0.000000 -0.031045 0.668701 -0.742883 2.717600 -0.013864 0.742882 0.669279 0.000000 0.000000 0.000000 0.000000 1.000000
0.999422 0.031078 -0.013791 0.000000 -0.031045 0.668701 -0.742883 2.717600 -0.013865 0.742881 0.669279 -0.000000 0.000000 0.000000 0.000000 1.000000
0.999422 0.031078 -0.013792 0.000000 -0.031046 0.668701 -0.742883 2.717600 -0.013865 0.742882 0.669279 0.000000 0.000000 0.000000 0.000000 1.000000
0.999422 0.031077 -0.013792 0.000000 -0.031045 0.668701 -0.742883 2.717600 -0.013864 0.742882 0.669279 0.000000 0.000000 0.000000 0.000000 1.000000
0.999422 0.031078 -0.013792 0.000000 -0.031045 0.668701 -0.742883 2.717600 -0.013865 0.742882 0.669279 0.000000 0.000000 0.000000 0.000000 1.000000
0.999422 0.031078 -0.013791 0.000000 -0.031045 0.668701 -0.742883 2.717600 -0.013865 0.742881 0.669280 0.000000 0.000000 0.000000 0.000000 1.000000
0.999422 0.031078 -0.013792 0.000000 -0.031045 0.668701 -0.742883 2.717600 -0.013865 0.742882 0.669279 0.000000 0.000000 0.000000 0.000000 1.000000
0.999422 0.031078 -0.013792 0.000000 -0.031045 0.668701 -0.742883 2.717600 -0.013865 0.742881 0.669280 0.000000 0.000000 0.000000 0.000000 1.000000
0.999422 0.031078 -0.013792 -0.000000 -0.031045 0.668701 -0.742883 2.717600 -0.013865 0.742881 0.669279 0.000000 0.000000 0.000000 0.000000 1.000000
0.999422 0.031078 -0.013792 0.000000 -0.031045 0.668701 -0.742883 2.717600 -0.013865 0.742882 0.669279 -0.000000 0.000000 0.000000 0.000000 1.000000
0.999422 0.031078 -0.013792 0.000000 -0.031046 0.668701 -0.742883 2.717600 -0.013865 0.742882 0.669279 0.000000 0.000000 0.000000 0.000000 1.000000
0.999422 0.031078 -0.013792 0.000000 -0.031046 0.668701 -0.742883 2.717600 -0.013865 0.742882 0.669279 -0.000000 0.000000 0.000000 0.000000 1.000000
0.999422 0.031078 -0.013791 0.000000 -0.031045 0.668701 -0.742883 2.717600 -0.013865 0.742882 0.669279 -0.000000 0.000000 0.000000 0.000000 1.000000
0.999422 0.031078 -0.013792 0.000000 -0.031046 0.668701 -0.742883 2.717600 -0.013865 0.742881 0.669279 0.000000 0.000000 0.000000 0.000000 1.000000
0.999422 0.031077 -0.013791 0.000000 -0.031045 0.668701 -0.742883 2.717600 -0.013865 0.742882 0.669279 0.000000 0.000000 0.000000 0.000000 1.000000
0.999422 0.031078 -0.013792 0.000000 -0.031045 0.668701 -0.742883 2.717600 -0.013865 0.742882 0.669279 -0.000000 0.000000 0.000000 0.000000 1.000000
0.999422 0.031077 -0.013791 -0.000000 -0.031045 0.668701 -0.742883 2.717600 -0.013865 0.742881 0.669279 0.000000 0.000000 0.000000 0.000000 1.000000
0.999422 0.031078 -0.013792 -0.000000 -0.031046 0.668701 -0.742883 2.717600 -0.013865 0.742882 0.669279 0.000000 0.000000 0.000000 0.000000 1.000000
0.999422 0.031078 -0.013791 -0.000000 -0.031045 0.668701 -0.742883 2.717600 -0.013865 0.742882 0.669279 -0.000000 0.000000 0.000000 0.000000 1.000000
0.999422 0.031077 -0.013791 0.000000 -0.031044 0.668701 -0.742883 2.717600 -0.013865 0.742882 0.669279 0.000000 0.000000 0.000000 0.000000 1.000000
0.999422 0.031078 -0.013791 0.000000 -0.031045 0.668701 -0.742883 2.717600 -0.013865 0.742882 0.669279 0.000000 0.000000 0.000000 0.000000 1.000000
0.999422 0.031078 -0.013792 0.000000 -0.031045 0.668700 -0.742883 2.717600 -0.013865 0.742882 0.669279 -0.000000 0.000000 0.000000 0.000000 1.000000
0.999422 0.031078 -0.013791 0.000000 -0.031045 0.668701 -0.742883 2.717600 -0.013865 0.742882 0.669279 -0.000000 0.000000 0.000000 0.000000 1.000000
0.999422 0.031078 -0.013792 0.000000 -0.031045 0.668701 -0.742883 2.717600 -0.013865 0.742882 0.669279 0.000000 0.000000 0.000000 0.000000 1.000000
0.999422 0.031077 -0.013792 -0.000000 -0.031045 0.668701 -0.742883 2.717600 -0.013864 0.742882 0.669279 0.000000 0.000000 0.000000 0.000000 1.000000
0.999422 0.031077 -0.013792 0.000000 -0.031045 0.668701 -0.742883 2.717600 -0.013864 0.742882 0.669279 0.000000 0.000000 0.000000 0.000000 1.000000
0.999422 0.031078 -0.013792 0.000000 -0.031045 0.668701 -0.742883 2.717600 -0.013864 0.742882 0.669279 -0.000000 0.000000 0.000000 0.000000 1.000000
0.999422 0.031078 -0.013792 0.000000 -0.031046 0.668701 -0.742883 2.717600 -0.013865 0.742882 0.669279 0.000000 0.000000 0.000000 0.000000 1.000000
0.999422 0.031078 -0.013792 0.000000 -0.031045 0.668701 -0.742883 2.717600 -0.013865 0.742882 0.669279 -0.000000 0.000000 0.000000 0.000000 1.000000
0.999422 0.031077 -0.013791 0.000000 -0.031045 0.668701 -0.742883 2.717600 -0.013865 0.742882 0.669279 -0.000000 0.000000 0.000000 0.000000 1.000000
0.999422 0.031078 -0.013792 0.000000 -0.031045 0.668701 -0.742883 2.717600 -0.013865 0.742882 0.669279 0.000000 0.000000 0.000000 0.000000 1.000000
0.999422 0.031078 -0.013792 0.000000 -0.031046 0.668701 -0.742883 2.717600 -0.013865 0.742881 0.669280 -0.000000 0.000000 0.000000 0.000000 1.000000
0.999422 0.031078 -0.013792 0.000000 -0.031045 0.668701 -0.742883 2.717600 -0.013865 0.742882 0.669279 0.000000 0.000000 0.000000 0.000000 1.000000
0.999422 0.031078 -0.013792 -0.000000 -0.031045 0.668701 -0.742883 2.717600 -0.013865 0.742882 0.669279 0.000000 0.000000 0.000000 0.000000 1.000000
0.999422 0.031078 -0.013792 0.000000 -0.031045 0.668701 -0.742883 2.717600 -0.013864 0.742882 0.669279 -0.000000 0.000000 0.000000 0.000000 1.000000
0.999422 0.031078 -0.013791 -0.000000 -0.031045 0.668701 -0.742883 2.717600 -0.013865 0.742881 0.669279 0.000000 0.000000 0.000000 0.000000 1.000000
0.999422 0.031078 -0.013792 -0.000000 -0.031045 0.668702 -0.742882 2.717600 -0.013865 0.742881 0.669280 0.000000 0.000000 0.000000 0.000000 1.000000
0.999422 0.031078 -0.013792 0.000000 -0.031046 0.668701 -0.742883 2.717600 -0.013865 0.742881 0.669280 0.000000 0.000000 0.000000 0.000000 1.000000
0.999422 0.031078 -0.013791 0.000000 -0.031045 0.668701 -0.742883 2.717600 -0.013865 0.742882 0.669279 -0.000000 0.000000 0.000000 0.000000 1.000000
0.999422 0.031077 -0.013791 0.000000 -0.031045 0.668701 -0.742883 2.717600 -0.013865 0.742882 0.669279 -0.000000 0.000000 0.000000 0.000000 1.000000
0.999422 0.031078 -0.013792 0.000000 -0.031046 0.668701 -0.742883 2.717600 -0.013865 0.742881 0.669280 -0.000000 0.000000 0.000000 0.000000 1.000000
0.999422 0.031077 -0.013792 -0.000000 -0.031045 0.668701 -0.742883 2.717600 -0.013864 0.742881 0.669279 0.000000 0.000000 0.000000 0.000000 1.000000
0.999422 0.031077 -0.013792 0.000000 -0.031045 0.668701 -0.742883 2.717600 -0.013864 0.742882 0.669279 0.000000 0.000000 0.000000 0.000000 1.000000
0.999422 0.031077 -0.013792 0.000000 -0.031045 0.668701 -0.742883 2.717600 -0.013864 0.742882 0.669279 0.000000 0.000000 0.000000 0.000000 1.000000
0.999422 0.031078 -0.013791 0.000000 -0.031045 0.668701 -0.742883 2.717600 -0.013865 0.742882 0.669279 0.000000 0.000000 0.000000 0.000000 1.000000
0.999422 0.031078 -0.013791 0.000000 -0.031045 0.668701 -0.742883 2.717600 -0.013865 0.742881 0.669279 -0.000000 0.000000 0.000000 0.000000 1.000000
0.999422 0.031078 -0.013791 0.000000 -0.031045 0.668701 -0.742883 2.717600 -0.013865 0.742882 0.669279 0.000000 0.000000 0.000000 0.000000 1.000000
0.999422 0.031077 -0.013792 -0.000000 -0.031045 0.668701 -0.742883 2.717600 -0.013864 0.742882 0.669279 0.000000 0.000000 0.000000 0.000000 1.000000
0.999422 0.031078 -0.013791 0.000000 -0.031045 0.668701 -0.742883 2.717600 -0.013865 0.742882 0.669279 0.000000 0.000000 0.000000 0.000000 1.000000
0.999422 0.031078 -0.013792 0.000000 -0.031046 0.668701 -0.742883 2.717600 -0.013865 0.742882 0.669279 0.000000 0.000000 0.000000 0.000000 1.000000
0.999422 0.031078 -0.013791 0.000000 -0.031045 0.668701 -0.742883 2.717600 -0.013865 0.742881 0.669280 0.000000 0.000000 0.000000 0.000000 1.000000
0.999422 0.031078 -0.013792 0.000000 -0.031045 0.668701 -0.742883 2.717600 -0.013864 0.742882 0.669279 -0.000000 0.000000 0.000000 0.000000 1.000000
0.999422 0.031077 -0.013792 0.000000 -0.031045 0.668701 -0.742883 2.717600 -0.013864 0.742882 0.669279 0.000000 0.000000 0.000000 0.000000 1.000000
0.999422 0.031078 -0.013792 0.000000 -0.031046 0.668701 -0.742883 2.717600 -0.013864 0.742882 0.669279 0.000000 0.000000 0.000000 0.000000 1.000000</float_array>
        <technique_common>
          <accessor source="#mixamorig_RightHandRing2-Matrix-animation-output-transform-array" count="69" stride="16">
            <param type="float4x4"/>
          </accessor>
        </technique_common>
      </source>
      <source id="mixamorig_RightHandRing2-Interpolations">
        <Name_array id="mixamorig_RightHandRing2-Interpolations-array" count="69">
 LINEAR LINEAR LINEAR LINEAR LINEAR LINEAR LINEAR LINEAR LINEAR LINEAR LINEAR
LINEAR LINEAR LINEAR LINEAR LINEAR LINEAR LINEAR LINEAR LINEAR LINEAR LINEAR LINEAR
LINEAR LINEAR LINEAR LINEAR LINEAR LINEAR LINEAR LINEAR LINEAR LINEAR LINEAR LINEAR
LINEAR LINEAR LINEAR LINEAR LINEAR LINEAR LINEAR LINEAR LINEAR LINEAR LINEAR LINEAR
LINEAR LINEAR LINEAR LINEAR LINEAR LINEAR LINEAR LINEAR LINEAR LINEAR LINEAR LINEAR
LINEAR LINEAR LINEAR LINEAR LINEAR LINEAR LINEAR LINEAR LINEAR LINEAR</Name_array>
        <technique_common>
          <accessor source="#mixamorig_RightHandRing2-Interpolations-array" count="69">
            <param type="name"/>
          </accessor>
        </technique_common>
      </source>
      <sampler id="mixamorig_RightHandRing2-Matrix-animation-transform">
        <input semantic="INPUT" source="#mixamorig_RightHandRing2-Matrix-animation-input"/>
        <input semantic="OUTPUT" source="#mixamorig_RightHandRing2-Matrix-animation-output-transform"/>
        <input semantic="INTERPOLATION" source="#mixamorig_RightHandRing2-Interpolations"/>
      </sampler>
      <channel source="#mixamorig_RightHandRing2-Matrix-animation-transform" target="mixamorig_RightHandRing2/matrix"/>
    </animation>
    <animation id="mixamorig_RightHandRing3-anim" name="mixamorig_RightHandRing3">
      <source id="mixamorig_RightHandRing3-Matrix-animation-input">
        <float_array id="mixamorig_RightHandRing3-Matrix-animation-input-array" count="69">

0.000000 0.033333 0.066667 0.100000 0.133333 0.166667 0.200000 0.233333 0.266667 0.300000 0.333333 0.366667 0.400000 0.433333 0.466667 0.500000
0.533333 0.566667 0.600000 0.633333 0.666667 0.700000 0.733333 0.766667 0.800000 0.833333 0.866667 0.900000 0.933333 0.966667 1.000000 1.033333
1.066667 1.100000 1.133333 1.166667 1.200000 1.233333 1.266667 1.300000 1.333333 1.366667 1.400000 1.433333 1.466667 1.500000 1.533333 1.566667
1.600000 1.633333 1.666667 1.700000 1.733333 1.766667 1.800000 1.833333 1.866667 1.900000 1.933333 1.966667 2.000000 2.033333 2.066667 2.100000
2.133333 2.166667 2.200000 2.233333 2.266667</float_array>
        <technique_common>
          <accessor source="#mixamorig_RightHandRing3-Matrix-animation-input-array" count="69">
            <param name="TIME" type="float"/>
          </accessor>
        </technique_common>
      </source>
      <source id="mixamorig_RightHandRing3-Matrix-animation-output-transform">
        <float_array id="mixamorig_RightHandRing3-Matrix-animation-output-transform-array" count="1104">

0.999297 0.032615 -0.018494 0.000000 -0.034227 0.592178 -0.805080 2.134500 -0.015306 0.805147 0.592878 -0.000000 0.000000 0.000000 0.000000 1.000000
0.999297 0.032615 -0.018494 0.000000 -0.034227 0.592178 -0.805080 2.134500 -0.015306 0.805147 0.592878 0.000000 0.000000 0.000000 0.000000 1.000000
0.999297 0.032615 -0.018493 0.000000 -0.034226 0.592178 -0.805080 2.134500 -0.015306 0.805147 0.592878 -0.000000 0.000000 0.000000 0.000000 1.000000
0.999297 0.032615 -0.018494 0.000000 -0.034227 0.592178 -0.805080 2.134500 -0.015306 0.805147 0.592878 -0.000000 0.000000 0.000000 0.000000 1.000000
0.999297 0.032616 -0.018494 0.000000 -0.034227 0.592178 -0.805080 2.134500 -0.015307 0.805147 0.592878 0.000000 0.000000 0.000000 0.000000 1.000000
0.999297 0.032615 -0.018494 -0.000000 -0.034227 0.592178 -0.805080 2.134500 -0.015306 0.805147 0.592878 -0.000000 0.000000 0.000000 0.000000 1.000000
0.999297 0.032615 -0.018493 0.000000 -0.034227 0.592178 -0.805080 2.134500 -0.015306 0.805147 0.592878 0.000000 0.000000 0.000000 0.000000 1.000000
0.999297 0.032616 -0.018493 0.000000 -0.034227 0.592178 -0.805080 2.134500 -0.015307 0.805147 0.592878 0.000000 0.000000 0.000000 0.000000 1.000000
0.999297 0.032615 -0.018494 0.000000 -0.034227 0.592178 -0.805080 2.134500 -0.015307 0.805147 0.592878 0.000000 0.000000 0.000000 0.000000 1.000000
0.999297 0.032615 -0.018493 0.000000 -0.034227 0.592178 -0.805080 2.134500 -0.015306 0.805147 0.592878 0.000000 0.000000 0.000000 0.000000 1.000000
0.999297 0.032615 -0.018494 0.000000 -0.034227 0.592178 -0.805080 2.134500 -0.015306 0.805147 0.592878 0.000000 0.000000 0.000000 0.000000 1.000000
0.999297 0.032615 -0.018494 0.000000 -0.034227 0.592178 -0.805080 2.134500 -0.015306 0.805147 0.592878 0.000000 0.000000 0.000000 0.000000 1.000000
0.999297 0.032615 -0.018494 -0.000000 -0.034227 0.592178 -0.805080 2.134500 -0.015307 0.805147 0.592878 0.000000 0.000000 0.000000 0.000000 1.000000
0.999297 0.032615 -0.018493 -0.000000 -0.034227 0.592178 -0.805080 2.134500 -0.015307 0.805147 0.592878 0.000000 0.000000 0.000000 0.000000 1.000000
0.999297 0.032615 -0.018494 -0.000000 -0.034227 0.592177 -0.805080 2.134500 -0.015306 0.805147 0.592877 0.000000 0.000000 0.000000 0.000000 1.000000
0.999297 0.032616 -0.018493 -0.000000 -0.034227 0.592178 -0.805080 2.134500 -0.015307 0.805147 0.592878 0.000000 0.000000 0.000000 0.000000 1.000000
0.999297 0.032615 -0.018494 0.000000 -0.034227 0.592178 -0.805080 2.134500 -0.015306 0.805147 0.592878 0.000000 0.000000 0.000000 0.000000 1.000000
0.999297 0.032615 -0.018494 -0.000000 -0.034227 0.592178 -0.805080 2.134500 -0.015306 0.805147 0.592878 -0.000000 0.000000 0.000000 0.000000 1.000000
0.999297 0.032615 -0.018494 0.000000 -0.034227 0.592178 -0.805080 2.134500 -0.015306 0.805147 0.592878 0.000000 0.000000 0.000000 0.000000 1.000000
0.999297 0.032615 -0.018494 0.000000 -0.034227 0.592178 -0.805080 2.134500 -0.015306 0.805147 0.592878 0.000000 0.000000 0.000000 0.000000 1.000000
0.999297 0.032616 -0.018494 0.000000 -0.034227 0.592178 -0.805080 2.134500 -0.015306 0.805147 0.592878 0.000000 0.000000 0.000000 0.000000 1.000000
0.999297 0.032615 -0.018493 0.000000 -0.034227 0.592178 -0.805080 2.134500 -0.015306 0.805147 0.592878 0.000000 0.000000 0.000000 0.000000 1.000000
0.999297 0.032615 -0.018494 -0.000000 -0.034227 0.592178 -0.805080 2.134500 -0.015307 0.805147 0.592878 -0.000000 0.000000 0.000000 0.000000 1.000000
0.999297 0.032615 -0.018493 0.000000 -0.034227 0.592178 -0.805080 2.134500 -0.015307 0.805147 0.592878 0.000000 0.000000 0.000000 0.000000 1.000000
0.999297 0.032615 -0.018494 -0.000000 -0.034227 0.592178 -0.805080 2.134500 -0.015306 0.805147 0.592878 0.000000 0.000000 0.000000 0.000000 1.000000
0.999297 0.032615 -0.018493 0.000000 -0.034226 0.592178 -0.805080 2.134500 -0.015306 0.805147 0.592878 0.000000 0.000000 0.000000 0.000000 1.000000
0.999297 0.032615 -0.018493 0.000000 -0.034227 0.592177 -0.805080 2.134500 -0.015307 0.805147 0.592877 0.000000 0.000000 0.000000 0.000000 1.000000
0.999297 0.032615 -0.018493 0.000000 -0.034226 0.592178 -0.805080 2.134500 -0.015306 0.805147 0.592878 0.000000 0.000000 0.000000 0.000000 1.000000
0.999297 0.032615 -0.018493 0.000000 -0.034227 0.592178 -0.805080 2.134500 -0.015307 0.805147 0.592878 0.000000 0.000000 0.000000 0.000000 1.000000
0.999297 0.032615 -0.018494 0.000000 -0.034227 0.592178 -0.805080 2.134500 -0.015306 0.805147 0.592878 0.000000 0.000000 0.000000 0.000000 1.000000
0.999297 0.032615 -0.018493 0.000000 -0.034227 0.592178 -0.805080 2.134500 -0.015306 0.805147 0.592878 0.000000 0.000000 0.000000 0.000000 1.000000
0.999297 0.032615 -0.018493 0.000000 -0.034227 0.592178 -0.805080 2.134500 -0.015307 0.805147 0.592878 -0.000000 0.000000 0.000000 0.000000 1.000000
0.999297 0.032616 -0.018493 -0.000000 -0.034227 0.592178 -0.805080 2.134500 -0.015307 0.805147 0.592878 0.000000 0.000000 0.000000 0.000000 1.000000
0.999297 0.032615 -0.018493 -0.000000 -0.034227 0.592178 -0.805080 2.134500 -0.015306 0.805147 0.592878 0.000000 0.000000 0.000000 0.000000 1.000000
0.999297 0.032615 -0.018493 0.000000 -0.034227 0.592178 -0.805080 2.134500 -0.015307 0.805147 0.592878 0.000000 0.000000 0.000000 0.000000 1.000000
0.999297 0.032615 -0.018493 0.000000 -0.034227 0.592178 -0.805080 2.134500 -0.015306 0.805147 0.592878 -0.000000 0.000000 0.000000 0.000000 1.000000
0.999297 0.032615 -0.018493 0.000000 -0.034226 0.592178 -0.805080 2.134500 -0.015307 0.805147 0.592878 -0.000000 0.000000 0.000000 0.000000 1.000000
0.999297 0.032616 -0.018493 0.000000 -0.034227 0.592178 -0.805080 2.134500 -0.015307 0.805147 0.592878 0.000000 0.000000 0.000000 0.000000 1.000000
0.999297 0.032615 -0.018493 0.000000 -0.034227 0.592178 -0.805080 2.134500 -0.015307 0.805147 0.592878 0.000000 0.000000 0.000000 0.000000 1.000000
0.999297 0.032615 -0.018493 -0.000000 -0.034227 0.592178 -0.805080 2.134500 -0.015307 0.805147 0.592878 0.000000 0.000000 0.000000 0.000000 1.000000
0.999297 0.032616 -0.018493 0.000000 -0.034227 0.592178 -0.805080 2.134500 -0.015307 0.805147 0.592878 -0.000000 0.000000 0.000000 0.000000 1.000000
0.999297 0.032615 -0.018493 0.000000 -0.034227 0.592178 -0.805080 2.134500 -0.015306 0.805147 0.592878 0.000000 0.000000 0.000000 0.000000 1.000000
0.999297 0.032615 -0.018494 0.000000 -0.034227 0.592178 -0.805080 2.134500 -0.015306 0.805147 0.592878 0.000000 0.000000 0.000000 0.000000 1.000000
0.999297 0.032615 -0.018493 -0.000000 -0.034227 0.592178 -0.805080 2.134500 -0.015307 0.805147 0.592878 0.000000 0.000000 0.000000 0.000000 1.000000
0.999297 0.032615 -0.018493 0.000000 -0.034227 0.592178 -0.805080 2.134500 -0.015307 0.805147 0.592878 0.000000 0.000000 0.000000 0.000000 1.000000
0.999297 0.032615 -0.018493 0.000000 -0.034226 0.592178 -0.805080 2.134500 -0.015306 0.805147 0.592878 0.000000 0.000000 0.000000 0.000000 1.000000
0.999297 0.032615 -0.018493 0.000000 -0.034227 0.592178 -0.805080 2.134500 -0.015307 0.805147 0.592877 0.000000 0.000000 0.000000 0.000000 1.000000
0.999297 0.032615 -0.018494 -0.000000 -0.034227 0.592178 -0.805080 2.134500 -0.015306 0.805147 0.592878 -0.000000 0.000000 0.000000 0.000000 1.000000
0.999297 0.032616 -0.018494 0.000000 -0.034227 0.592178 -0.805080 2.134500 -0.015307 0.805147 0.592878 -0.000000 0.000000 0.000000 0.000000 1.000000
0.999297 0.032615 -0.018493 -0.000000 -0.034226 0.592178 -0.805080 2.134500 -0.015306 0.805147 0.592878 -0.000000 0.000000 0.000000 0.000000 1.000000
0.999297 0.032615 -0.018493 0.000000 -0.034227 0.592178 -0.805080 2.134500 -0.015306 0.805147 0.592878 0.000000 0.000000 0.000000 0.000000 1.000000
0.999297 0.032615 -0.018493 0.000000 -0.034227 0.592178 -0.805080 2.134500 -0.015306 0.805147 0.592878 0.000000 0.000000 0.000000 0.000000 1.000000
0.999297 0.032615 -0.018494 0.000000 -0.034227 0.592178 -0.805080 2.134500 -0.015307 0.805147 0.592878 -0.000000 0.000000 0.000000 0.000000 1.000000
0.999297 0.032615 -0.018493 0.000000 -0.034227 0.592178 -0.805080 2.134500 -0.015306 0.805147 0.592878 0.000000 0.000000 0.000000 0.000000 1.000000
0.999297 0.032615 -0.018494 0.000000 -0.034227 0.592178 -0.805080 2.134500 -0.015306 0.805147 0.592878 -0.000000 0.000000 0.000000 0.000000 1.000000
0.999297 0.032615 -0.018494 0.000000 -0.034227 0.592178 -0.805080 2.134500 -0.015306 0.805147 0.592878 0.000000 0.000000 0.000000 0.000000 1.000000
0.999297 0.032615 -0.018494 0.000000 -0.034227 0.592178 -0.805080 2.134500 -0.015307 0.805147 0.592878 0.000000 0.000000 0.000000 0.000000 1.000000
0.999297 0.032615 -0.018494 0.000000 -0.034227 0.592178 -0.805080 2.134500 -0.015306 0.805147 0.592878 -0.000000 0.000000 0.000000 0.000000 1.000000
0.999297 0.032615 -0.018494 -0.000000 -0.034227 0.592178 -0.805080 2.134500 -0.015306 0.805147 0.592878 -0.000000 0.000000 0.000000 0.000000 1.000000
0.999297 0.032615 -0.018494 -0.000000 -0.034227 0.592178 -0.805080 2.134500 -0.015306 0.805147 0.592878 0.000000 0.000000 0.000000 0.000000 1.000000
0.999297 0.032615 -0.018493 -0.000000 -0.034227 0.592178 -0.805080 2.134500 -0.015307 0.805147 0.592878 0.000000 0.000000 0.000000 0.000000 1.000000
0.999297 0.032615 -0.018493 0.000000 -0.034227 0.592178 -0.805080 2.134500 -0.015307 0.805147 0.592878 0.000000 0.000000 0.000000 0.000000 1.000000
0.999297 0.032615 -0.018493 0.000000 -0.034227 0.592178 -0.805080 2.134500 -0.015307 0.805147 0.592878 0.000000 0.000000 0.000000 0.000000 1.000000
0.999297 0.032615 -0.018493 0.000000 -0.034226 0.592178 -0.805080 2.134500 -0.015306 0.805147 0.592878 0.000000 0.000000 0.000000 0.000000 1.000000
0.999297 0.032615 -0.018494 -0.000000 -0.034227 0.592178 -0.805080 2.134500 -0.015306 0.805147 0.592878 0.000000 0.000000 0.000000 0.000000 1.000000
0.999297 0.032615 -0.018494 -0.000000 -0.034227 0.592178 -0.805080 2.134500 -0.015306 0.805147 0.592878 -0.000000 0.000000 0.000000 0.000000 1.000000
0.999297 0.032615 -0.018493 0.000000 -0.034227 0.592178 -0.805080 2.134500 -0.015307 0.805147 0.592878 0.000000 0.000000 0.000000 0.000000 1.000000
0.999297 0.032615 -0.018493 0.000000 -0.034227 0.592178 -0.805080 2.134500 -0.015307 0.805147 0.592878 0.000000 0.000000 0.000000 0.000000 1.000000
0.999297 0.032615 -0.018493 0.000000 -0.034226 0.592178 -0.805080 2.134500 -0.015307 0.805147 0.592878 0.000000 0.000000 0.000000 0.000000 1.000000</float_array>
        <technique_common>
          <accessor source="#mixamorig_RightHandRing3-Matrix-animation-output-transform-array" count="69" stride="16">
            <param type="float4x4"/>
          </accessor>
        </technique_common>
      </source>
      <source id="mixamorig_RightHandRing3-Interpolations">
        <Name_array id="mixamorig_RightHandRing3-Interpolations-array" count="69">
 LINEAR LINEAR LINEAR LINEAR LINEAR LINEAR LINEAR LINEAR LINEAR LINEAR LINEAR
LINEAR LINEAR LINEAR LINEAR LINEAR LINEAR LINEAR LINEAR LINEAR LINEAR LINEAR LINEAR
LINEAR LINEAR LINEAR LINEAR LINEAR LINEAR LINEAR LINEAR LINEAR LINEAR LINEAR LINEAR
LINEAR LINEAR LINEAR LINEAR LINEAR LINEAR LINEAR LINEAR LINEAR LINEAR LINEAR LINEAR
LINEAR LINEAR LINEAR LINEAR LINEAR LINEAR LINEAR LINEAR LINEAR LINEAR LINEAR LINEAR
LINEAR LINEAR LINEAR LINEAR LINEAR LINEAR LINEAR LINEAR LINEAR LINEAR</Name_array>
        <technique_common>
          <accessor source="#mixamorig_RightHandRing3-Interpolations-array" count="69">
            <param type="name"/>
          </accessor>
        </technique_common>
      </source>
      <sampler id="mixamorig_RightHandRing3-Matrix-animation-transform">
        <input semantic="INPUT" source="#mixamorig_RightHandRing3-Matrix-animation-input"/>
        <input semantic="OUTPUT" source="#mixamorig_RightHandRing3-Matrix-animation-output-transform"/>
        <input semantic="INTERPOLATION" source="#mixamorig_RightHandRing3-Interpolations"/>
      </sampler>
      <channel source="#mixamorig_RightHandRing3-Matrix-animation-transform" target="mixamorig_RightHandRing3/matrix"/>
    </animation>
    <animation id="mixamorig_RightHandPinky1-anim" name="mixamorig_RightHandPinky1">
      <source id="mixamorig_RightHandPinky1-Matrix-animation-input">
        <float_array id="mixamorig_RightHandPinky1-Matrix-animation-input-array" count="69">

0.000000 0.033333 0.066667 0.100000 0.133333 0.166667 0.200000 0.233333 0.266667 0.300000 0.333333 0.366667 0.400000 0.433333 0.466667 0.500000
0.533333 0.566667 0.600000 0.633333 0.666667 0.700000 0.733333 0.766667 0.800000 0.833333 0.866667 0.900000 0.933333 0.966667 1.000000 1.033333
1.066667 1.100000 1.133333 1.166667 1.200000 1.233333 1.266667 1.300000 1.333333 1.366667 1.400000 1.433333 1.466667 1.500000 1.533333 1.566667
1.600000 1.633333 1.666667 1.700000 1.733333 1.766667 1.800000 1.833333 1.866667 1.900000 1.933333 1.966667 2.000000 2.033333 2.066667 2.100000
2.133333 2.166667 2.200000 2.233333 2.266667</float_array>
        <technique_common>
          <accessor source="#mixamorig_RightHandPinky1-Matrix-animation-input-array" count="69">
            <param name="TIME" type="float"/>
          </accessor>
        </technique_common>
      </source>
      <source id="mixamorig_RightHandPinky1-Matrix-animation-output-transform">
        <float_array id="mixamorig_RightHandPinky1-Matrix-animation-output-transform-array" count="1104">

0.977811 -0.008472 0.209319 -5.922000 0.161023 0.669554 -0.725099 11.636400 -0.134007 0.742715 0.656061 0.517000 0.000000 0.000000 0.000000 1.000000
0.977811 -0.008473 0.209319 -5.922000 0.161023 0.669555 -0.725099 11.636400 -0.134007 0.742715 0.656062 0.517000 0.000000 0.000000 0.000000 1.000000
0.977811 -0.008473 0.209319 -5.922000 0.161023 0.669555 -0.725099 11.636400 -0.134007 0.742715 0.656062 0.517000 0.000000 0.000000 0.000000 1.000000
0.977811 -0.008473 0.209320 -5.922000 0.161023 0.669554 -0.725099 11.636400 -0.134007 0.742715 0.656061 0.517000 0.000000 0.000000 0.000000 1.000000
0.977811 -0.008473 0.209319 -5.922000 0.161023 0.669554 -0.725099 11.636400 -0.134007 0.742715 0.656062 0.517000 0.000000 0.000000 0.000000 1.000000
0.977811 -0.008473 0.209319 -5.922000 0.161023 0.669554 -0.725099 11.636400 -0.134007 0.742715 0.656062 0.517000 0.000000 0.000000 0.000000 1.000000
0.977811 -0.008473 0.209319 -5.922000 0.161023 0.669555 -0.725099 11.636400 -0.134007 0.742715 0.656062 0.517000 0.000000 0.000000 0.000000 1.000000
0.977811 -0.008473 0.209319 -5.922000 0.161023 0.669554 -0.725099 11.636400 -0.134007 0.742715 0.656062 0.517000 0.000000 0.000000 0.000000 1.000000
0.977811 -0.008472 0.209319 -5.922000 0.161022 0.669555 -0.725099 11.636400 -0.134007 0.742715 0.656062 0.517000 0.000000 0.000000 0.000000 1.000000
0.977811 -0.008473 0.209319 -5.922000 0.161023 0.669554 -0.725099 11.636400 -0.134007 0.742715 0.656062 0.517000 0.000000 0.000000 0.000000 1.000000
0.977811 -0.008473 0.209319 -5.922000 0.161023 0.669554 -0.725099 11.636400 -0.134006 0.742715 0.656062 0.517000 0.000000 0.000000 0.000000 1.000000
0.977811 -0.008473 0.209319 -5.922000 0.161023 0.669554 -0.725099 11.636400 -0.134007 0.742715 0.656062 0.517000 0.000000 0.000000 0.000000 1.000000
0.977811 -0.008473 0.209319 -5.922000 0.161023 0.669555 -0.725099 11.636400 -0.134007 0.742715 0.656062 0.517000 0.000000 0.000000 0.000000 1.000000
0.977811 -0.008473 0.209319 -5.922000 0.161023 0.669555 -0.725099 11.636400 -0.134007 0.742715 0.656062 0.517000 0.000000 0.000000 0.000000 1.000000
0.977811 -0.008473 0.209319 -5.922000 0.161023 0.669554 -0.725099 11.636400 -0.134006 0.742715 0.656062 0.517000 0.000000 0.000000 0.000000 1.000000
0.977811 -0.008473 0.209319 -5.922000 0.161023 0.669555 -0.725099 11.636400 -0.134007 0.742714 0.656062 0.517000 0.000000 0.000000 0.000000 1.000000
0.977811 -0.008473 0.209319 -5.922000 0.161023 0.669554 -0.725099 11.636400 -0.134007 0.742715 0.656062 0.517000 0.000000 0.000000 0.000000 1.000000
0.977811 -0.008473 0.209319 -5.922000 0.161023 0.669554 -0.725099 11.636400 -0.134007 0.742715 0.656062 0.517000 0.000000 0.000000 0.000000 1.000000
0.977811 -0.008473 0.209319 -5.922000 0.161023 0.669554 -0.725099 11.636400 -0.134006 0.742715 0.656062 0.517000 0.000000 0.000000 0.000000 1.000000
0.977811 -0.008472 0.209319 -5.922000 0.161023 0.669555 -0.725099 11.636400 -0.134007 0.742714 0.656062 0.517000 0.000000 0.000000 0.000000 1.000000
0.977811 -0.008473 0.209319 -5.922000 0.161023 0.669554 -0.725099 11.636400 -0.134006 0.742715 0.656062 0.517000 0.000000 0.000000 0.000000 1.000000
0.977811 -0.008473 0.209319 -5.922000 0.161024 0.669554 -0.725099 11.636400 -0.134007 0.742715 0.656062 0.517000 0.000000 0.000000 0.000000 1.000000
0.977811 -0.008473 0.209319 -5.922000 0.161023 0.669554 -0.725099 11.636400 -0.134007 0.742715 0.656061 0.517000 0.000000 0.000000 0.000000 1.000000
0.977811 -0.008473 0.209319 -5.922000 0.161023 0.669555 -0.725099 11.636400 -0.134007 0.742715 0.656062 0.517000 0.000000 0.000000 0.000000 1.000000
0.977811 -0.008473 0.209319 -5.922000 0.161024 0.669554 -0.725099 11.636400 -0.134007 0.742715 0.656062 0.517000 0.000000 0.000000 0.000000 1.000000
0.977811 -0.008473 0.209320 -5.922000 0.161023 0.669554 -0.725099 11.636400 -0.134007 0.742715 0.656062 0.517000 0.000000 0.000000 0.000000 1.000000
0.977811 -0.008473 0.209319 -5.922000 0.161023 0.669554 -0.725099 11.636400 -0.134007 0.742715 0.656061 0.517000 0.000000 0.000000 0.000000 1.000000
0.977811 -0.008473 0.209319 -5.922000 0.161023 0.669554 -0.725099 11.636400 -0.134007 0.742715 0.656062 0.517000 0.000000 0.000000 0.000000 1.000000
0.977811 -0.008473 0.209319 -5.922000 0.161023 0.669554 -0.725099 11.636400 -0.134006 0.742715 0.656062 0.517000 0.000000 0.000000 0.000000 1.000000
0.977811 -0.008473 0.209319 -5.922000 0.161023 0.669554 -0.725099 11.636400 -0.134007 0.742715 0.656062 0.517000 0.000000 0.000000 0.000000 1.000000
0.977811 -0.008473 0.209319 -5.922000 0.161023 0.669555 -0.725099 11.636400 -0.134007 0.742715 0.656062 0.517000 0.000000 0.000000 0.000000 1.000000
0.977811 -0.008473 0.209319 -5.922000 0.161023 0.669554 -0.725099 11.636400 -0.134007 0.742715 0.656062 0.517000 0.000000 0.000000 0.000000 1.000000
0.977811 -0.008473 0.209319 -5.922000 0.161023 0.669555 -0.725099 11.636400 -0.134007 0.742714 0.656062 0.517000 0.000000 0.000000 0.000000 1.000000
0.977811 -0.008473 0.209319 -5.922000 0.161023 0.669554 -0.725099 11.636400 -0.134007 0.742715 0.656062 0.517000 0.000000 0.000000 0.000000 1.000000
0.977811 -0.008473 0.209319 -5.922000 0.161023 0.669554 -0.725099 11.636400 -0.134007 0.742715 0.656062 0.517000 0.000000 0.000000 0.000000 1.000000
0.977811 -0.008473 0.209319 -5.922000 0.161023 0.669555 -0.725099 11.636400 -0.134007 0.742714 0.656062 0.517000 0.000000 0.000000 0.000000 1.000000
0.977811 -0.008472 0.209319 -5.922000 0.161023 0.669554 -0.725099 11.636400 -0.134007 0.742715 0.656061 0.517000 0.000000 0.000000 0.000000 1.000000
0.977811 -0.008473 0.209319 -5.922000 0.161023 0.669555 -0.725099 11.636400 -0.134007 0.742714 0.656062 0.517000 0.000000 0.000000 0.000000 1.000000
0.977811 -0.008473 0.209319 -5.922000 0.161023 0.669555 -0.725099 11.636400 -0.134007 0.742715 0.656062 0.517000 0.000000 0.000000 0.000000 1.000000
0.977811 -0.008473 0.209319 -5.922000 0.161023 0.669554 -0.725099 11.636400 -0.134006 0.742715 0.656062 0.517000 0.000000 0.000000 0.000000 1.000000
0.977811 -0.008473 0.209319 -5.922000 0.161023 0.669555 -0.725099 11.636400 -0.134007 0.742714 0.656062 0.517000 0.000000 0.000000 0.000000 1.000000
0.977811 -0.008473 0.209319 -5.922000 0.161023 0.669554 -0.725099 11.636400 -0.134006 0.742715 0.656062 0.517000 0.000000 0.000000 0.000000 1.000000
0.977811 -0.008473 0.209319 -5.922000 0.161023 0.669554 -0.725099 11.636400 -0.134006 0.742715 0.656062 0.517000 0.000000 0.000000 0.000000 1.000000
0.977811 -0.008473 0.209319 -5.922000 0.161023 0.669554 -0.725099 11.636400 -0.134007 0.742715 0.656062 0.517000 0.000000 0.000000 0.000000 1.000000
0.977811 -0.008473 0.209319 -5.922000 0.161023 0.669554 -0.725099 11.636400 -0.134007 0.742715 0.656062 0.517000 0.000000 0.000000 0.000000 1.000000
0.977811 -0.008473 0.209319 -5.922000 0.161023 0.669554 -0.725099 11.636400 -0.134007 0.742715 0.656062 0.517000 0.000000 0.000000 0.000000 1.000000
0.977811 -0.008473 0.209319 -5.922000 0.161023 0.669554 -0.725099 11.636400 -0.134007 0.742715 0.656062 0.517000 0.000000 0.000000 0.000000 1.000000
0.977811 -0.008473 0.209319 -5.922000 0.161023 0.669554 -0.725099 11.636400 -0.134007 0.742715 0.656062 0.517000 0.000000 0.000000 0.000000 1.000000
0.977811 -0.008473 0.209319 -5.922000 0.161023 0.669554 -0.725099 11.636400 -0.134007 0.742715 0.656062 0.517000 0.000000 0.000000 0.000000 1.000000
0.977811 -0.008473 0.209319 -5.922000 0.161023 0.669554 -0.725099 11.636400 -0.134007 0.742715 0.656062 0.517000 0.000000 0.000000 0.000000 1.000000
0.977811 -0.008473 0.209319 -5.922000 0.161023 0.669555 -0.725099 11.636400 -0.134007 0.742714 0.656062 0.517000 0.000000 0.000000 0.000000 1.000000
0.977811 -0.008473 0.209319 -5.922000 0.161023 0.669555 -0.725098 11.636400 -0.134007 0.742714 0.656062 0.517000 0.000000 0.000000 0.000000 1.000000
0.977811 -0.008473 0.209319 -5.922000 0.161023 0.669554 -0.725099 11.636400 -0.134007 0.742715 0.656062 0.517000 0.000000 0.000000 0.000000 1.000000
0.977811 -0.008473 0.209320 -5.922000 0.161024 0.669554 -0.725099 11.636400 -0.134007 0.742715 0.656062 0.517000 0.000000 0.000000 0.000000 1.000000
0.977811 -0.008473 0.209319 -5.922000 0.161023 0.669554 -0.725099 11.636400 -0.134007 0.742715 0.656062 0.517000 0.000000 0.000000 0.000000 1.000000
0.977811 -0.008473 0.209319 -5.922000 0.161023 0.669554 -0.725099 11.636400 -0.134007 0.742715 0.656061 0.517000 0.000000 0.000000 0.000000 1.000000
0.977811 -0.008473 0.209319 -5.922000 0.161023 0.669555 -0.725099 11.636400 -0.134007 0.742715 0.656062 0.517000 0.000000 0.000000 0.000000 1.000000
0.977811 -0.008473 0.209319 -5.922000 0.161023 0.669555 -0.725099 11.636400 -0.134007 0.742714 0.656062 0.517000 0.000000 0.000000 0.000000 1.000000
0.977811 -0.008474 0.209319 -5.922000 0.161024 0.669554 -0.725099 11.636400 -0.134006 0.742715 0.656062 0.517000 0.000000 0.000000 0.000000 1.000000
0.977811 -0.008473 0.209319 -5.922000 0.161023 0.669554 -0.725099 11.636400 -0.134007 0.742715 0.656061 0.517000 0.000000 0.000000 0.000000 1.000000
0.977811 -0.008473 0.209319 -5.922000 0.161023 0.669554 -0.725099 11.636400 -0.134007 0.742715 0.656061 0.517000 0.000000 0.000000 0.000000 1.000000
0.977811 -0.008473 0.209319 -5.922000 0.161023 0.669554 -0.725099 11.636400 -0.134006 0.742715 0.656062 0.517000 0.000000 0.000000 0.000000 1.000000
0.977811 -0.008473 0.209319 -5.922000 0.161023 0.669554 -0.725099 11.636400 -0.134007 0.742715 0.656062 0.517000 0.000000 0.000000 0.000000 1.000000
0.977811 -0.008472 0.209319 -5.922000 0.161023 0.669554 -0.725099 11.636400 -0.134007 0.742715 0.656062 0.517000 0.000000 0.000000 0.000000 1.000000
0.977811 -0.008473 0.209319 -5.922000 0.161023 0.669554 -0.725099 11.636400 -0.134006 0.742715 0.656062 0.517000 0.000000 0.000000 0.000000 1.000000
0.977811 -0.008474 0.209319 -5.922000 0.161024 0.669554 -0.725099 11.636400 -0.134006 0.742715 0.656062 0.517000 0.000000 0.000000 0.000000 1.000000
0.977811 -0.008473 0.209320 -5.922000 0.161024 0.669554 -0.725099 11.636400 -0.134007 0.742715 0.656062 0.517000 0.000000 0.000000 0.000000 1.000000
0.977811 -0.008473 0.209319 -5.922000 0.161023 0.669554 -0.725099 11.636400 -0.134006 0.742715 0.656061 0.517000 0.000000 0.000000 0.000000 1.000000
0.977811 -0.008473 0.209319 -5.922000 0.161022 0.669554 -0.725099 11.636400 -0.134007 0.742715 0.656062 0.517000 0.000000 0.000000 0.000000 1.000000</float_array>
        <technique_common>
          <accessor source="#mixamorig_RightHandPinky1-Matrix-animation-output-transform-array" count="69" stride="16">
            <param type="float4x4"/>
          </accessor>
        </technique_common>
      </source>
      <source id="mixamorig_RightHandPinky1-Interpolations">
        <Name_array id="mixamorig_RightHandPinky1-Interpolations-array" count="69">
 LINEAR LINEAR LINEAR LINEAR LINEAR LINEAR LINEAR LINEAR LINEAR LINEAR LINEAR
LINEAR LINEAR LINEAR LINEAR LINEAR LINEAR LINEAR LINEAR LINEAR LINEAR LINEAR LINEAR
LINEAR LINEAR LINEAR LINEAR LINEAR LINEAR LINEAR LINEAR LINEAR LINEAR LINEAR LINEAR
LINEAR LINEAR LINEAR LINEAR LINEAR LINEAR LINEAR LINEAR LINEAR LINEAR LINEAR LINEAR
LINEAR LINEAR LINEAR LINEAR LINEAR LINEAR LINEAR LINEAR LINEAR LINEAR LINEAR LINEAR
LINEAR LINEAR LINEAR LINEAR LINEAR LINEAR LINEAR LINEAR LINEAR LINEAR</Name_array>
        <technique_common>
          <accessor source="#mixamorig_RightHandPinky1-Interpolations-array" count="69">
            <param type="name"/>
          </accessor>
        </technique_common>
      </source>
      <sampler id="mixamorig_RightHandPinky1-Matrix-animation-transform">
        <input semantic="INPUT" source="#mixamorig_RightHandPinky1-Matrix-animation-input"/>
        <input semantic="OUTPUT" source="#mixamorig_RightHandPinky1-Matrix-animation-output-transform"/>
        <input semantic="INTERPOLATION" source="#mixamorig_RightHandPinky1-Interpolations"/>
      </sampler>
      <channel source="#mixamorig_RightHandPinky1-Matrix-animation-transform" target="mixamorig_RightHandPinky1/matrix"/>
    </animation>
    <animation id="mixamorig_RightHandPinky2-anim" name="mixamorig_RightHandPinky2">
      <source id="mixamorig_RightHandPinky2-Matrix-animation-input">
        <float_array id="mixamorig_RightHandPinky2-Matrix-animation-input-array" count="69">

0.000000 0.033333 0.066667 0.100000 0.133333 0.166667 0.200000 0.233333 0.266667 0.300000 0.333333 0.366667 0.400000 0.433333 0.466667 0.500000
0.533333 0.566667 0.600000 0.633333 0.666667 0.700000 0.733333 0.766667 0.800000 0.833333 0.866667 0.900000 0.933333 0.966667 1.000000 1.033333
1.066667 1.100000 1.133333 1.166667 1.200000 1.233333 1.266667 1.300000 1.333333 1.366667 1.400000 1.433333 1.466667 1.500000 1.533333 1.566667
1.600000 1.633333 1.666667 1.700000 1.733333 1.766667 1.800000 1.833333 1.866667 1.900000 1.933333 1.966667 2.000000 2.033333 2.066667 2.100000
2.133333 2.166667 2.200000 2.233333 2.266667</float_array>
        <technique_common>
          <accessor source="#mixamorig_RightHandPinky2-Matrix-animation-input-array" count="69">
            <param name="TIME" type="float"/>
          </accessor>
        </technique_common>
      </source>
      <source id="mixamorig_RightHandPinky2-Matrix-animation-output-transform">
        <float_array id="mixamorig_RightHandPinky2-Matrix-animation-output-transform-array" count="1104">

0.999536 0.027251 -0.013581 0.000000 -0.028772 0.699403 -0.714148 1.559300 -0.009962 0.714207 0.699863 0.000000 0.000000 0.000000 0.000000 1.000000
0.999536 0.027252 -0.013581 0.000000 -0.028772 0.699403 -0.714148 1.559300 -0.009963 0.714207 0.699863 -0.000000 0.000000 0.000000 0.000000 1.000000
0.999536 0.027251 -0.013581 0.000000 -0.028772 0.699403 -0.714149 1.559300 -0.009963 0.714208 0.699862 -0.000000 0.000000 0.000000 0.000000 1.000000
0.999536 0.027251 -0.013581 0.000000 -0.028772 0.699403 -0.714148 1.559300 -0.009963 0.714207 0.699863 0.000000 0.000000 0.000000 0.000000 1.000000
0.999536 0.027250 -0.013581 0.000000 -0.028771 0.699403 -0.714148 1.559300 -0.009962 0.714208 0.699863 0.000000 0.000000 0.000000 0.000000 1.000000
0.999536 0.027251 -0.013581 -0.000000 -0.028772 0.699403 -0.714148 1.559300 -0.009962 0.714208 0.699863 -0.000000 0.000000 0.000000 0.000000 1.000000
0.999536 0.027251 -0.013582 0.000000 -0.028772 0.699403 -0.714148 1.559300 -0.009962 0.714207 0.699863 -0.000000 0.000000 0.000000 0.000000 1.000000
0.999536 0.027251 -0.013581 0.000000 -0.028772 0.699404 -0.714147 1.559300 -0.009962 0.714207 0.699863 0.000000 0.000000 0.000000 0.000000 1.000000
0.999536 0.027251 -0.013581 0.000000 -0.028772 0.699403 -0.714148 1.559300 -0.009962 0.714207 0.699863 0.000000 0.000000 0.000000 0.000000 1.000000
0.999536 0.027251 -0.013581 0.000000 -0.028772 0.699404 -0.714148 1.559300 -0.009963 0.714207 0.699863 0.000000 0.000000 0.000000 0.000000 1.000000
0.999536 0.027251 -0.013581 0.000000 -0.028772 0.699403 -0.714148 1.559300 -0.009963 0.714207 0.699863 -0.000000 0.000000 0.000000 0.000000 1.000000
0.999536 0.027251 -0.013582 0.000000 -0.028772 0.699403 -0.714148 1.559300 -0.009963 0.714207 0.699863 -0.000000 0.000000 0.000000 0.000000 1.000000
0.999536 0.027250 -0.013581 0.000000 -0.028771 0.699403 -0.714148 1.559300 -0.009962 0.714208 0.699863 0.000000 0.000000 0.000000 0.000000 1.000000
0.999536 0.027251 -0.013581 -0.000000 -0.028772 0.699403 -0.714148 1.559300 -0.009963 0.714207 0.699863 0.000000 0.000000 0.000000 0.000000 1.000000
0.999536 0.027251 -0.013581 0.000000 -0.028772 0.699403 -0.714148 1.559300 -0.009962 0.714207 0.699863 0.000000 0.000000 0.000000 0.000000 1.000000
0.999536 0.027252 -0.013581 -0.000000 -0.028772 0.699403 -0.714148 1.559300 -0.009963 0.714207 0.699863 -0.000000 0.000000 0.000000 0.000000 1.000000
0.999536 0.027251 -0.013581 0.000000 -0.028771 0.699404 -0.714147 1.559300 -0.009962 0.714207 0.699864 -0.000000 0.000000 0.000000 0.000000 1.000000
0.999536 0.027251 -0.013581 0.000000 -0.028772 0.699404 -0.714148 1.559300 -0.009963 0.714207 0.699863 0.000000 0.000000 0.000000 0.000000 1.000000
0.999536 0.027252 -0.013581 0.000000 -0.028772 0.699404 -0.714147 1.559300 -0.009963 0.714207 0.699864 0.000000 0.000000 0.000000 0.000000 1.000000
0.999536 0.027251 -0.013581 -0.000000 -0.028772 0.699403 -0.714148 1.559300 -0.009962 0.714208 0.699863 -0.000000 0.000000 0.000000 0.000000 1.000000
0.999536 0.027251 -0.013581 0.000000 -0.028772 0.699404 -0.714148 1.559300 -0.009962 0.714207 0.699863 0.000000 0.000000 0.000000 0.000000 1.000000
0.999536 0.027251 -0.013582 0.000000 -0.028772 0.699403 -0.714148 1.559300 -0.009962 0.714207 0.699863 0.000000 0.000000 0.000000 0.000000 1.000000
0.999536 0.027251 -0.013581 0.000000 -0.028772 0.699404 -0.714148 1.559300 -0.009963 0.714207 0.699863 0.000000 0.000000 0.000000 0.000000 1.000000
0.999536 0.027251 -0.013581 -0.000000 -0.028772 0.699403 -0.714148 1.559300 -0.009963 0.714208 0.699863 0.000000 0.000000 0.000000 0.000000 1.000000
0.999536 0.027251 -0.013581 -0.000000 -0.028772 0.699404 -0.714148 1.559300 -0.009963 0.714207 0.699863 0.000000 0.000000 0.000000 0.000000 1.000000
0.999536 0.027251 -0.013581 0.000000 -0.028772 0.699404 -0.714148 1.559300 -0.009963 0.714207 0.699863 0.000000 0.000000 0.000000 0.000000 1.000000
0.999536 0.027251 -0.013581 0.000000 -0.028771 0.699404 -0.714148 1.559300 -0.009963 0.714207 0.699863 0.000000 0.000000 0.000000 0.000000 1.000000
0.999536 0.027251 -0.013581 -0.000000 -0.028772 0.699404 -0.714148 1.559300 -0.009963 0.714207 0.699863 -0.000000 0.000000 0.000000 0.000000 1.000000
0.999536 0.027251 -0.013582 -0.000000 -0.028772 0.699404 -0.714148 1.559300 -0.009962 0.714207 0.699863 0.000000 0.000000 0.000000 0.000000 1.000000
0.999536 0.027251 -0.013581 0.000000 -0.028772 0.699404 -0.714147 1.559300 -0.009963 0.714207 0.699863 0.000000 0.000000 0.000000 0.000000 1.000000
0.999536 0.027251 -0.013581 0.000000 -0.028771 0.699403 -0.714148 1.559300 -0.009963 0.714208 0.699863 0.000000 0.000000 0.000000 0.000000 1.000000
0.999536 0.027251 -0.013581 -0.000000 -0.028772 0.699404 -0.714148 1.559300 -0.009962 0.714207 0.699863 0.000000 0.000000 0.000000 0.000000 1.000000
0.999536 0.027250 -0.013581 -0.000000 -0.028771 0.699403 -0.714148 1.559300 -0.009962 0.714208 0.699863 0.000000 0.000000 0.000000 0.000000 1.000000
0.999536 0.027251 -0.013581 0.000000 -0.028771 0.699404 -0.714148 1.559300 -0.009963 0.714207 0.699863 0.000000 0.000000 0.000000 0.000000 1.000000
0.999536 0.027251 -0.013581 -0.000000 -0.028771 0.699403 -0.714148 1.559300 -0.009963 0.714208 0.699863 0.000000 0.000000 0.000000 0.000000 1.000000
0.999536 0.027251 -0.013581 -0.000000 -0.028771 0.699403 -0.714148 1.559300 -0.009962 0.714208 0.699863 -0.000000 0.000000 0.000000 0.000000 1.000000
0.999536 0.027251 -0.013581 0.000000 -0.028772 0.699404 -0.714148 1.559300 -0.009963 0.714207 0.699863 0.000000 0.000000 0.000000 0.000000 1.000000
0.999536 0.027251 -0.013582 -0.000000 -0.028772 0.699403 -0.714148 1.559300 -0.009963 0.714208 0.699863 0.000000 0.000000 0.000000 0.000000 1.000000
0.999536 0.027251 -0.013581 -0.000000 -0.028772 0.699403 -0.714148 1.559300 -0.009963 0.714207 0.699863 0.000000 0.000000 0.000000 0.000000 1.000000
0.999536 0.027251 -0.013581 0.000000 -0.028772 0.699403 -0.714148 1.559300 -0.009963 0.714208 0.699863 -0.000000 0.000000 0.000000 0.000000 1.000000
0.999536 0.027251 -0.013581 0.000000 -0.028772 0.699403 -0.714148 1.559300 -0.009963 0.714208 0.699863 0.000000 0.000000 0.000000 0.000000 1.000000
0.999536 0.027251 -0.013582 0.000000 -0.028772 0.699403 -0.714148 1.559300 -0.009962 0.714207 0.699863 -0.000000 0.000000 0.000000 0.000000 1.000000
0.999536 0.027251 -0.013581 -0.000000 -0.028772 0.699404 -0.714148 1.559300 -0.009963 0.714207 0.699863 -0.000000 0.000000 0.000000 0.000000 1.000000
0.999536 0.027251 -0.013581 0.000000 -0.028772 0.699403 -0.714148 1.559300 -0.009963 0.714207 0.699863 -0.000000 0.000000 0.000000 0.000000 1.000000
0.999536 0.027251 -0.013581 0.000000 -0.028772 0.699404 -0.714148 1.559300 -0.009963 0.714207 0.699863 0.000000 0.000000 0.000000 0.000000 1.000000
0.999536 0.027251 -0.013581 -0.000000 -0.028772 0.699404 -0.714148 1.559300 -0.009962 0.714207 0.699863 0.000000 0.000000 0.000000 0.000000 1.000000
0.999536 0.027251 -0.013581 -0.000000 -0.028772 0.699403 -0.714148 1.559300 -0.009962 0.714207 0.699863 -0.000000 0.000000 0.000000 0.000000 1.000000
0.999536 0.027251 -0.013581 0.000000 -0.028771 0.699403 -0.714148 1.559300 -0.009962 0.714208 0.699863 0.000000 0.000000 0.000000 0.000000 1.000000
0.999536 0.027251 -0.013581 -0.000000 -0.028772 0.699404 -0.714148 1.559300 -0.009962 0.714207 0.699863 0.000000 0.000000 0.000000 0.000000 1.000000
0.999536 0.027251 -0.013581 0.000000 -0.028772 0.699403 -0.714148 1.559300 -0.009963 0.714208 0.699863 0.000000 0.000000 0.000000 0.000000 1.000000
0.999536 0.027251 -0.013581 0.000000 -0.028772 0.699403 -0.714148 1.559300 -0.009963 0.714208 0.699863 0.000000 0.000000 0.000000 0.000000 1.000000
0.999536 0.027251 -0.013581 -0.000000 -0.028772 0.699404 -0.714148 1.559300 -0.009963 0.714207 0.699863 0.000000 0.000000 0.000000 0.000000 1.000000
0.999536 0.027251 -0.013581 0.000000 -0.028772 0.699404 -0.714148 1.559300 -0.009962 0.714207 0.699863 0.000000 0.000000 0.000000 0.000000 1.000000
0.999536 0.027251 -0.013582 0.000000 -0.028772 0.699403 -0.714148 1.559300 -0.009962 0.714207 0.699863 0.000000 0.000000 0.000000 0.000000 1.000000
0.999536 0.027251 -0.013581 -0.000000 -0.028772 0.699403 -0.714148 1.559300 -0.009963 0.714208 0.699863 0.000000 0.000000 0.000000 0.000000 1.000000
0.999536 0.027251 -0.013582 0.000000 -0.028772 0.699403 -0.714148 1.559300 -0.009962 0.714208 0.699863 0.000000 0.000000 0.000000 0.000000 1.000000
0.999536 0.027251 -0.013581 0.000000 -0.028772 0.699403 -0.714148 1.559300 -0.009962 0.714208 0.699863 0.000000 0.000000 0.000000 0.000000 1.000000
0.999536 0.027251 -0.013581 -0.000000 -0.028771 0.699404 -0.714147 1.559300 -0.009962 0.714207 0.699864 0.000000 0.000000 0.000000 0.000000 1.000000
0.999536 0.027251 -0.013581 0.000000 -0.028772 0.699404 -0.714147 1.559300 -0.009963 0.714207 0.699864 0.000000 0.000000 0.000000 0.000000 1.000000
0.999536 0.027250 -0.013581 -0.000000 -0.028771 0.699404 -0.714147 1.559300 -0.009962 0.714207 0.699864 0.000000 0.000000 0.000000 0.000000 1.000000
0.999536 0.027251 -0.013581 0.000000 -0.028771 0.699403 -0.714148 1.559300 -0.009963 0.714207 0.699863 -0.000000 0.000000 0.000000 0.000000 1.000000
0.999536 0.027251 -0.013581 0.000000 -0.028771 0.699403 -0.714148 1.559300 -0.009963 0.714207 0.699863 -0.000000 0.000000 0.000000 0.000000 1.000000
0.999536 0.027251 -0.013581 0.000000 -0.028772 0.699403 -0.714148 1.559300 -0.009962 0.714208 0.699863 0.000000 0.000000 0.000000 0.000000 1.000000
0.999536 0.027251 -0.013581 0.000000 -0.028772 0.699403 -0.714148 1.559300 -0.009962 0.714208 0.699863 0.000000 0.000000 0.000000 0.000000 1.000000
0.999536 0.027251 -0.013580 0.000000 -0.028771 0.699403 -0.714148 1.559300 -0.009963 0.714208 0.699863 0.000000 0.000000 0.000000 0.000000 1.000000
0.999536 0.027250 -0.013582 -0.000000 -0.028772 0.699404 -0.714147 1.559300 -0.009962 0.714207 0.699863 0.000000 0.000000 0.000000 0.000000 1.000000
0.999536 0.027251 -0.013581 0.000000 -0.028772 0.699403 -0.714148 1.559300 -0.009963 0.714208 0.699863 0.000000 0.000000 0.000000 0.000000 1.000000
0.999536 0.027251 -0.013581 0.000000 -0.028772 0.699403 -0.714148 1.559300 -0.009963 0.714207 0.699863 0.000000 0.000000 0.000000 0.000000 1.000000
0.999536 0.027251 -0.013581 0.000000 -0.028771 0.699404 -0.714147 1.559300 -0.009963 0.714207 0.699864 -0.000000 0.000000 0.000000 0.000000 1.000000</float_array>
        <technique_common>
          <accessor source="#mixamorig_RightHandPinky2-Matrix-animation-output-transform-array" count="69" stride="16">
            <param type="float4x4"/>
          </accessor>
        </technique_common>
      </source>
      <source id="mixamorig_RightHandPinky2-Interpolations">
        <Name_array id="mixamorig_RightHandPinky2-Interpolations-array" count="69">
 LINEAR LINEAR LINEAR LINEAR LINEAR LINEAR LINEAR LINEAR LINEAR LINEAR LINEAR
LINEAR LINEAR LINEAR LINEAR LINEAR LINEAR LINEAR LINEAR LINEAR LINEAR LINEAR LINEAR
LINEAR LINEAR LINEAR LINEAR LINEAR LINEAR LINEAR LINEAR LINEAR LINEAR LINEAR LINEAR
LINEAR LINEAR LINEAR LINEAR LINEAR LINEAR LINEAR LINEAR LINEAR LINEAR LINEAR LINEAR
LINEAR LINEAR LINEAR LINEAR LINEAR LINEAR LINEAR LINEAR LINEAR LINEAR LINEAR LINEAR
LINEAR LINEAR LINEAR LINEAR LINEAR LINEAR LINEAR LINEAR LINEAR LINEAR</Name_array>
        <technique_common>
          <accessor source="#mixamorig_RightHandPinky2-Interpolations-array" count="69">
            <param type="name"/>
          </accessor>
        </technique_common>
      </source>
      <sampler id="mixamorig_RightHandPinky2-Matrix-animation-transform">
        <input semantic="INPUT" source="#mixamorig_RightHandPinky2-Matrix-animation-input"/>
        <input semantic="OUTPUT" source="#mixamorig_RightHandPinky2-Matrix-animation-output-transform"/>
        <input semantic="INTERPOLATION" source="#mixamorig_RightHandPinky2-Interpolations"/>
      </sampler>
      <channel source="#mixamorig_RightHandPinky2-Matrix-animation-transform" target="mixamorig_RightHandPinky2/matrix"/>
    </animation>
    <animation id="mixamorig_RightHandPinky3-anim" name="mixamorig_RightHandPinky3">
      <source id="mixamorig_RightHandPinky3-Matrix-animation-input">
        <float_array id="mixamorig_RightHandPinky3-Matrix-animation-input-array" count="69">

0.000000 0.033333 0.066667 0.100000 0.133333 0.166667 0.200000 0.233333 0.266667 0.300000 0.333333 0.366667 0.400000 0.433333 0.466667 0.500000
0.533333 0.566667 0.600000 0.633333 0.666667 0.700000 0.733333 0.766667 0.800000 0.833333 0.866667 0.900000 0.933333 0.966667 1.000000 1.033333
1.066667 1.100000 1.133333 1.166667 1.200000 1.233333 1.266667 1.300000 1.333333 1.366667 1.400000 1.433333 1.466667 1.500000 1.533333 1.566667
1.600000 1.633333 1.666667 1.700000 1.733333 1.766667 1.800000 1.833333 1.866667 1.900000 1.933333 1.966667 2.000000 2.033333 2.066667 2.100000
2.133333 2.166667 2.200000 2.233333 2.266667</float_array>
        <technique_common>
          <accessor source="#mixamorig_RightHandPinky3-Matrix-animation-input-array" count="69">
            <param name="TIME" type="float"/>
          </accessor>
        </technique_common>
      </source>
      <source id="mixamorig_RightHandPinky3-Matrix-animation-output-transform">
        <float_array id="mixamorig_RightHandPinky3-Matrix-animation-output-transform-array" count="1104">

0.999844 0.017561 0.001872 -0.000000 -0.015128 0.906317 -0.422327 1.540600 -0.009113 0.422233 0.906442 -0.000000 0.000000 0.000000 0.000000 1.000000
0.999844 0.017561 0.001871 0.000000 -0.015128 0.906317 -0.422327 1.540600 -0.009112 0.422233 0.906442 0.000000 0.000000 0.000000 0.000000 1.000000
0.999844 0.017561 0.001872 0.000000 -0.015128 0.906317 -0.422327 1.540600 -0.009113 0.422232 0.906442 -0.000000 0.000000 0.000000 0.000000 1.000000
0.999844 0.017561 0.001872 0.000000 -0.015127 0.906317 -0.422327 1.540600 -0.009113 0.422233 0.906442 0.000000 0.000000 0.000000 0.000000 1.000000
0.999844 0.017561 0.001871 -0.000000 -0.015128 0.906317 -0.422327 1.540600 -0.009113 0.422233 0.906442 -0.000000 0.000000 0.000000 0.000000 1.000000
0.999844 0.017561 0.001872 -0.000000 -0.015128 0.906317 -0.422327 1.540600 -0.009113 0.422233 0.906442 -0.000000 0.000000 0.000000 0.000000 1.000000
0.999844 0.017561 0.001872 0.000000 -0.015128 0.906317 -0.422327 1.540600 -0.009113 0.422233 0.906441 0.000000 0.000000 0.000000 0.000000 1.000000
0.999844 0.017561 0.001872 -0.000000 -0.015127 0.906317 -0.422327 1.540600 -0.009113 0.422233 0.906442 -0.000000 0.000000 0.000000 0.000000 1.000000
0.999844 0.017561 0.001871 -0.000000 -0.015128 0.906317 -0.422327 1.540600 -0.009113 0.422233 0.906442 0.000000 0.000000 0.000000 0.000000 1.000000
0.999844 0.017561 0.001872 0.000000 -0.015127 0.906318 -0.422327 1.540600 -0.009113 0.422232 0.906442 0.000000 0.000000 0.000000 0.000000 1.000000
0.999844 0.017561 0.001871 0.000000 -0.015128 0.906317 -0.422327 1.540600 -0.009112 0.422233 0.906441 0.000000 0.000000 0.000000 0.000000 1.000000
0.999844 0.017561 0.001872 0.000000 -0.015128 0.906317 -0.422327 1.540600 -0.009113 0.422233 0.906441 -0.000000 0.000000 0.000000 0.000000 1.000000
0.999844 0.017561 0.001872 -0.000000 -0.015128 0.906318 -0.422327 1.540600 -0.009113 0.422232 0.906442 0.000000 0.000000 0.000000 0.000000 1.000000
0.999844 0.017561 0.001871 -0.000000 -0.015128 0.906318 -0.422327 1.540600 -0.009112 0.422232 0.906442 0.000000 0.000000 0.000000 0.000000 1.000000
0.999844 0.017561 0.001872 0.000000 -0.015128 0.906317 -0.422327 1.540600 -0.009113 0.422232 0.906442 0.000000 0.000000 0.000000 0.000000 1.000000
0.999844 0.017561 0.001872 0.000000 -0.015127 0.906317 -0.422327 1.540600 -0.009113 0.422233 0.906441 0.000000 0.000000 0.000000 0.000000 1.000000
0.999844 0.017561 0.001871 0.000000 -0.015127 0.906317 -0.422327 1.540600 -0.009112 0.422232 0.906442 0.000000 0.000000 0.000000 0.000000 1.000000
0.999844 0.017561 0.001872 -0.000000 -0.015127 0.906317 -0.422327 1.540600 -0.009113 0.422233 0.906442 0.000000 0.000000 0.000000 0.000000 1.000000
0.999844 0.017561 0.001872 -0.000000 -0.015128 0.906317 -0.422327 1.540600 -0.009113 0.422233 0.906442 0.000000 0.000000 0.000000 0.000000 1.000000
0.999844 0.017561 0.001872 0.000000 -0.015128 0.906317 -0.422327 1.540600 -0.009113 0.422233 0.906442 0.000000 0.000000 0.000000 0.000000 1.000000
0.999844 0.017561 0.001872 0.000000 -0.015128 0.906317 -0.422327 1.540600 -0.009113 0.422233 0.906441 0.000000 0.000000 0.000000 0.000000 1.000000
0.999844 0.017561 0.001872 0.000000 -0.015128 0.906317 -0.422327 1.540600 -0.009113 0.422233 0.906442 0.000000 0.000000 0.000000 0.000000 1.000000
0.999844 0.017561 0.001872 0.000000 -0.015128 0.906317 -0.422327 1.540600 -0.009113 0.422233 0.906442 0.000000 0.000000 0.000000 0.000000 1.000000
0.999844 0.017561 0.001871 -0.000000 -0.015128 0.906317 -0.422327 1.540600 -0.009113 0.422233 0.906442 0.000000 0.000000 0.000000 0.000000 1.000000
0.999844 0.017561 0.001871 0.000000 -0.015128 0.906317 -0.422327 1.540600 -0.009112 0.422233 0.906442 0.000000 0.000000 0.000000 0.000000 1.000000
0.999844 0.017561 0.001872 0.000000 -0.015128 0.906317 -0.422327 1.540600 -0.009113 0.422233 0.906442 -0.000000 0.000000 0.000000 0.000000 1.000000
0.999844 0.017561 0.001871 -0.000000 -0.015128 0.906317 -0.422327 1.540600 -0.009112 0.422233 0.906442 0.000000 0.000000 0.000000 0.000000 1.000000
0.999844 0.017561 0.001872 0.000000 -0.015127 0.906317 -0.422327 1.540600 -0.009113 0.422233 0.906442 -0.000000 0.000000 0.000000 0.000000 1.000000
0.999844 0.017561 0.001872 0.000000 -0.015128 0.906317 -0.422327 1.540600 -0.009113 0.422233 0.906442 -0.000000 0.000000 0.000000 0.000000 1.000000
0.999844 0.017561 0.001871 -0.000000 -0.015128 0.906317 -0.422327 1.540600 -0.009112 0.422233 0.906442 0.000000 0.000000 0.000000 0.000000 1.000000
0.999844 0.017561 0.001871 0.000000 -0.015128 0.906317 -0.422327 1.540600 -0.009113 0.422233 0.906442 0.000000 0.000000 0.000000 0.000000 1.000000
0.999844 0.017561 0.001872 0.000000 -0.015128 0.906317 -0.422327 1.540600 -0.009113 0.422233 0.906442 -0.000000 0.000000 0.000000 0.000000 1.000000
0.999844 0.017561 0.001872 0.000000 -0.015128 0.906317 -0.422327 1.540600 -0.009113 0.422233 0.906442 0.000000 0.000000 0.000000 0.000000 1.000000
0.999844 0.017561 0.001872 0.000000 -0.015128 0.906317 -0.422327 1.540600 -0.009113 0.422233 0.906442 0.000000 0.000000 0.000000 0.000000 1.000000
0.999844 0.017560 0.001872 0.000000 -0.015127 0.906318 -0.422327 1.540600 -0.009113 0.422232 0.906442 0.000000 0.000000 0.000000 0.000000 1.000000
0.999844 0.017561 0.001872 -0.000000 -0.015128 0.906317 -0.422327 1.540600 -0.009113 0.422233 0.906442 0.000000 0.000000 0.000000 0.000000 1.000000
0.999844 0.017561 0.001871 0.000000 -0.015127 0.906317 -0.422327 1.540600 -0.009112 0.422233 0.906442 0.000000 0.000000 0.000000 0.000000 1.000000
0.999844 0.017561 0.001872 0.000000 -0.015127 0.906317 -0.422327 1.540600 -0.009113 0.422233 0.906442 0.000000 0.000000 0.000000 0.000000 1.000000
0.999844 0.017561 0.001871 -0.000000 -0.015127 0.906318 -0.422327 1.540600 -0.009112 0.422232 0.906442 0.000000 0.000000 0.000000 0.000000 1.000000
0.999844 0.017561 0.001872 0.000000 -0.015128 0.906317 -0.422327 1.540600 -0.009113 0.422233 0.906442 0.000000 0.000000 0.000000 0.000000 1.000000
0.999844 0.017560 0.001872 -0.000000 -0.015127 0.906317 -0.422327 1.540600 -0.009113 0.422232 0.906442 -0.000000 0.000000 0.000000 0.000000 1.000000
0.999844 0.017561 0.001872 0.000000 -0.015128 0.906318 -0.422327 1.540600 -0.009113 0.422232 0.906442 -0.000000 0.000000 0.000000 0.000000 1.000000
0.999844 0.017561 0.001871 -0.000000 -0.015128 0.906317 -0.422327 1.540600 -0.009112 0.422233 0.906442 0.000000 0.000000 0.000000 0.000000 1.000000
0.999844 0.017561 0.001871 0.000000 -0.015128 0.906317 -0.422327 1.540600 -0.009113 0.422233 0.906442 0.000000 0.000000 0.000000 0.000000 1.000000
0.999844 0.017561 0.001872 -0.000000 -0.015128 0.906317 -0.422327 1.540600 -0.009113 0.422233 0.906442 -0.000000 0.000000 0.000000 0.000000 1.000000
0.999844 0.017562 0.001872 0.000000 -0.015128 0.906317 -0.422327 1.540600 -0.009113 0.422233 0.906442 0.000000 0.000000 0.000000 0.000000 1.000000
0.999844 0.017561 0.001872 0.000000 -0.015128 0.906317 -0.422327 1.540600 -0.009113 0.422233 0.906442 -0.000000 0.000000 0.000000 0.000000 1.000000
0.999844 0.017561 0.001872 0.000000 -0.015127 0.906317 -0.422327 1.540600 -0.009113 0.422233 0.906442 -0.000000 0.000000 0.000000 0.000000 1.000000
0.999844 0.017561 0.001872 -0.000000 -0.015127 0.906317 -0.422327 1.540600 -0.009113 0.422233 0.906441 0.000000 0.000000 0.000000 0.000000 1.000000
0.999844 0.017561 0.001872 0.000000 -0.015127 0.906317 -0.422327 1.540600 -0.009113 0.422233 0.906442 0.000000 0.000000 0.000000 0.000000 1.000000
0.999844 0.017561 0.001872 0.000000 -0.015127 0.906317 -0.422327 1.540600 -0.009113 0.422233 0.906441 0.000000 0.000000 0.000000 0.000000 1.000000
0.999844 0.017560 0.001872 -0.000000 -0.015127 0.906317 -0.422327 1.540600 -0.009112 0.422233 0.906442 -0.000000 0.000000 0.000000 0.000000 1.000000
0.999844 0.017561 0.001872 0.000000 -0.015128 0.906317 -0.422327 1.540600 -0.009113 0.422233 0.906442 0.000000 0.000000 0.000000 0.000000 1.000000
0.999844 0.017561 0.001871 0.000000 -0.015128 0.906317 -0.422327 1.540600 -0.009113 0.422233 0.906442 0.000000 0.000000 0.000000 0.000000 1.000000
0.999844 0.017561 0.001872 -0.000000 -0.015128 0.906317 -0.422327 1.540600 -0.009113 0.422233 0.906442 -0.000000 0.000000 0.000000 0.000000 1.000000
0.999844 0.017561 0.001872 -0.000000 -0.015128 0.906318 -0.422326 1.540600 -0.009113 0.422232 0.906442 0.000000 0.000000 0.000000 0.000000 1.000000
0.999844 0.017560 0.001871 0.000000 -0.015127 0.906317 -0.422327 1.540600 -0.009112 0.422233 0.906442 0.000000 0.000000 0.000000 0.000000 1.000000
0.999844 0.017561 0.001872 0.000000 -0.015128 0.906317 -0.422327 1.540600 -0.009113 0.422233 0.906442 -0.000000 0.000000 0.000000 0.000000 1.000000
0.999844 0.017560 0.001872 0.000000 -0.015127 0.906317 -0.422327 1.540600 -0.009113 0.422233 0.906442 -0.000000 0.000000 0.000000 0.000000 1.000000
0.999844 0.017562 0.001872 -0.000000 -0.015128 0.906318 -0.422326 1.540600 -0.009113 0.422232 0.906442 -0.000000 0.000000 0.000000 0.000000 1.000000
0.999844 0.017561 0.001872 -0.000000 -0.015127 0.906317 -0.422327 1.540600 -0.009113 0.422233 0.906442 -0.000000 0.000000 0.000000 0.000000 1.000000
0.999844 0.017561 0.001871 0.000000 -0.015128 0.906317 -0.422327 1.540600 -0.009112 0.422233 0.906442 0.000000 0.000000 0.000000 0.000000 1.000000
0.999844 0.017561 0.001872 -0.000000 -0.015128 0.906317 -0.422327 1.540600 -0.009113 0.422233 0.906442 -0.000000 0.000000 0.000000 0.000000 1.000000
0.999844 0.017561 0.001871 0.000000 -0.015127 0.906317 -0.422327 1.540600 -0.009112 0.422233 0.906442 0.000000 0.000000 0.000000 0.000000 1.000000
0.999844 0.017561 0.001872 0.000000 -0.015128 0.906317 -0.422327 1.540600 -0.009113 0.422233 0.906442 -0.000000 0.000000 0.000000 0.000000 1.000000
0.999844 0.017561 0.001871 0.000000 -0.015128 0.906317 -0.422327 1.540600 -0.009113 0.422232 0.906442 -0.000000 0.000000 0.000000 0.000000 1.000000
0.999844 0.017561 0.001872 -0.000000 -0.015128 0.906317 -0.422327 1.540600 -0.009113 0.422233 0.906442 -0.000000 0.000000 0.000000 0.000000 1.000000
0.999844 0.017561 0.001872 -0.000000 -0.015128 0.906317 -0.422327 1.540600 -0.009113 0.422233 0.906442 -0.000000 0.000000 0.000000 0.000000 1.000000
0.999844 0.017561 0.001871 0.000000 -0.015128 0.906317 -0.422327 1.540600 -0.009112 0.422233 0.906442 0.000000 0.000000 0.000000 0.000000 1.000000</float_array>
        <technique_common>
          <accessor source="#mixamorig_RightHandPinky3-Matrix-animation-output-transform-array" count="69" stride="16">
            <param type="float4x4"/>
          </accessor>
        </technique_common>
      </source>
      <source id="mixamorig_RightHandPinky3-Interpolations">
        <Name_array id="mixamorig_RightHandPinky3-Interpolations-array" count="69">
 LINEAR LINEAR LINEAR LINEAR LINEAR LINEAR LINEAR LINEAR LINEAR LINEAR LINEAR
LINEAR LINEAR LINEAR LINEAR LINEAR LINEAR LINEAR LINEAR LINEAR LINEAR LINEAR LINEAR
LINEAR LINEAR LINEAR LINEAR LINEAR LINEAR LINEAR LINEAR LINEAR LINEAR LINEAR LINEAR
LINEAR LINEAR LINEAR LINEAR LINEAR LINEAR LINEAR LINEAR LINEAR LINEAR LINEAR LINEAR
LINEAR LINEAR LINEAR LINEAR LINEAR LINEAR LINEAR LINEAR LINEAR LINEAR LINEAR LINEAR
LINEAR LINEAR LINEAR LINEAR LINEAR LINEAR LINEAR LINEAR LINEAR LINEAR</Name_array>
        <technique_common>
          <accessor source="#mixamorig_RightHandPinky3-Interpolations-array" count="69">
            <param type="name"/>
          </accessor>
        </technique_common>
      </source>
      <sampler id="mixamorig_RightHandPinky3-Matrix-animation-transform">
        <input semantic="INPUT" source="#mixamorig_RightHandPinky3-Matrix-animation-input"/>
        <input semantic="OUTPUT" source="#mixamorig_RightHandPinky3-Matrix-animation-output-transform"/>
        <input semantic="INTERPOLATION" source="#mixamorig_RightHandPinky3-Interpolations"/>
      </sampler>
      <channel source="#mixamorig_RightHandPinky3-Matrix-animation-transform" target="mixamorig_RightHandPinky3/matrix"/>
    </animation>
    <animation id="mixamorig_RightUpLeg-anim" name="mixamorig_RightUpLeg">
      <source id="mixamorig_RightUpLeg-Matrix-animation-input">
        <float_array id="mixamorig_RightUpLeg-Matrix-animation-input-array" count="69">

0.000000 0.033333 0.066667 0.100000 0.133333 0.166667 0.200000 0.233333 0.266667 0.300000 0.333333 0.366667 0.400000 0.433333 0.466667 0.500000
0.533333 0.566667 0.600000 0.633333 0.666667 0.700000 0.733333 0.766667 0.800000 0.833333 0.866667 0.900000 0.933333 0.966667 1.000000 1.033333
1.066667 1.100000 1.133333 1.166667 1.200000 1.233333 1.266667 1.300000 1.333333 1.366667 1.400000 1.433333 1.466667 1.500000 1.533333 1.566667
1.600000 1.633333 1.666667 1.700000 1.733333 1.766667 1.800000 1.833333 1.866667 1.900000 1.933333 1.966667 2.000000 2.033333 2.066667 2.100000
2.133333 2.166667 2.200000 2.233333 2.266667</float_array>
        <technique_common>
          <accessor source="#mixamorig_RightUpLeg-Matrix-animation-input-array" count="69">
            <param name="TIME" type="float"/>
          </accessor>
        </technique_common>
      </source>
      <source id="mixamorig_RightUpLeg-Matrix-animation-output-transform">
        <float_array id="mixamorig_RightUpLeg-Matrix-animation-output-transform-array" count="1104">

-0.915132 -0.403118 -0.005394 -9.941000 0.326875 -0.749748 0.575353 -5.272400 -0.235980 0.524760 0.817888 -1.010900 0.000000 0.000000 0.000000 1.000000
-0.915638 -0.401970 0.005212 -9.941000 0.337480 -0.761564 0.553288 -5.272400 -0.218436 0.508371 0.832974 -1.010900 0.000000 0.000000 0.000000 1.000000
-0.913686 -0.406099 0.016178 -9.941000 0.352870 -0.772918 0.527334 -5.272400 -0.201646 0.487526 0.849504 -1.010900 0.000000 0.000000 0.000000 1.000000
-0.909468 -0.414565 0.031682 -9.941000 0.374851 -0.784603 0.493848 -5.272400 -0.179874 0.461014 0.868971 -1.010900 0.000000 0.000000 0.000000 1.000000
-0.901867 -0.428508 0.054928 -9.941000 0.404466 -0.792830 0.455881 -5.272400 -0.151800 0.433360 0.888344 -1.010900 0.000000 0.000000 0.000000 1.000000
-0.891188 -0.446227 0.081641 -9.941000 0.437138 -0.796669 0.417408 -5.272400 -0.121218 0.407677 0.905045 -1.010900 0.000000 0.000000 0.000000 1.000000
-0.877253 -0.468677 0.103771 -9.941000 0.470462 -0.796500 0.379805 -5.272400 -0.095352 0.382006 0.919228 -1.010900 0.000000 0.000000 0.000000 1.000000
-0.858562 -0.501534 0.106467 -9.941000 0.504878 -0.790858 0.345894 -5.272400 -0.089278 0.350724 0.932213 -1.010900 0.000000 0.000000 0.000000 1.000000
-0.833656 -0.545947 0.083427 -9.941000 0.541195 -0.777425 0.320497 -5.272400 -0.110116 0.312334 0.943569 -1.010900 0.000000 0.000000 0.000000 1.000000
-0.804834 -0.592822 0.028381 -9.941000 0.574745 -0.766581 0.286395 -5.272400 -0.148025 0.246812 0.957691 -1.010900 0.000000 0.000000 0.000000 1.000000
-0.781764 -0.622223 -0.041034 -9.941000 0.596954 -0.765790 0.239191 -5.272400 -0.180253 0.162495 0.970105 -1.010900 0.000000 0.000000 0.000000 1.000000
-0.779508 -0.617726 -0.103840 -9.941000 0.599007 -0.783595 0.164832 -5.272400 -0.183190 0.066287 0.980840 -1.010900 0.000000 0.000000 0.000000 1.000000
-0.782781 -0.594170 -0.184975 -9.941000 0.587213 -0.803659 0.096505 -5.272400 -0.205997 -0.033077 0.977993 -1.010900 0.000000 0.000000 0.000000 1.000000
-0.788859 -0.576445 -0.213104 -9.941000 0.568981 -0.816089 0.101289 -5.272400 -0.232299 -0.041350 0.971765 -1.010900 0.000000 0.000000 0.000000 1.000000
-0.786626 -0.558247 -0.263781 -9.941000 0.549155 -0.827857 0.114374 -5.272400 -0.282222 -0.054887 0.957778 -1.010900 0.000000 0.000000 0.000000 1.000000
-0.770855 -0.538130 -0.340879 -9.941000 0.530923 -0.838446 0.123001 -5.272400 -0.351999 -0.086164 0.932026 -1.010900 0.000000 0.000000 0.000000 1.000000
-0.757055 -0.504899 -0.414661 -9.941000 0.508383 -0.853878 0.111531 -5.272400 -0.410382 -0.126372 0.903115 -1.010900 0.000000 0.000000 0.000000 1.000000
-0.754815 -0.459135 -0.468455 -9.941000 0.475394 -0.874993 0.091590 -5.272400 -0.451947 -0.153567 0.878727 -1.010900 0.000000 0.000000 0.000000 1.000000
-0.741450 -0.414342 -0.527800 -9.941000 0.434656 -0.895818 0.092648 -5.272400 -0.511201 -0.160717 0.844301 -1.010900 0.000000 0.000000 0.000000 1.000000
-0.713221 -0.377869 -0.590365 -9.941000 0.385770 -0.914824 0.119493 -5.272400 -0.585233 -0.142521 0.798242 -1.010900 0.000000 0.000000 0.000000 1.000000
-0.678130 -0.360253 -0.640591 -9.941000 0.336876 -0.927028 0.164721 -5.272400 -0.653188 -0.104097 0.750007 -1.010900 0.000000 0.000000 0.000000 1.000000
-0.642585 -0.359207 -0.676798 -9.941000 0.301648 -0.930567 0.207495 -5.272400 -0.704339 -0.070822 0.706322 -1.010900 0.000000 0.000000 0.000000 1.000000
-0.636187 -0.359262 -0.682787 -9.941000 0.307264 -0.929740 0.202908 -5.272400 -0.707711 -0.080709 0.701877 -1.010900 0.000000 0.000000 0.000000 1.000000
-0.635356 -0.378743 -0.672961 -9.941000 0.330489 -0.920985 0.206310 -5.272400 -0.697925 -0.091326 0.710324 -1.010900 0.000000 0.000000 0.000000 1.000000
-0.667124 -0.390620 -0.634320 -9.941000 0.320088 -0.919193 0.229405 -5.272400 -0.672673 -0.049997 0.738249 -1.010900 0.000000 0.000000 0.000000 1.000000
-0.714437 -0.372573 -0.592258 -9.941000 0.281777 -0.927974 0.243857 -5.272400 -0.640455 0.007335 0.767961 -1.010900 0.000000 0.000000 0.000000 1.000000
-0.741950 -0.327090 -0.585254 -9.941000 0.226014 -0.943848 0.240976 -5.272400 -0.631212 0.046517 0.774215 -1.010900 0.000000 0.000000 0.000000 1.000000
-0.723678 -0.281772 -0.629995 -9.941000 0.203201 -0.959385 0.195677 -5.272400 -0.659544 0.013591 0.751543 -1.010900 0.000000 0.000000 0.000000 1.000000
-0.691365 -0.241636 -0.680901 -9.941000 0.191935 -0.969979 0.149337 -5.272400 -0.696545 -0.027442 0.716988 -1.010900 0.000000 0.000000 0.000000 1.000000
-0.667443 -0.220799 -0.711174 -9.941000 0.179902 -0.974552 0.133731 -5.272400 -0.722603 -0.038684 0.690180 -1.010900 0.000000 0.000000 0.000000 1.000000
-0.645966 -0.199627 -0.736802 -9.941000 0.159806 -0.979178 0.125192 -5.272400 -0.746452 -0.036875 0.664417 -1.010900 0.000000 0.000000 0.000000 1.000000
-0.626714 -0.181291 -0.757868 -9.941000 0.136423 -0.983067 0.122348 -5.272400 -0.767215 -0.026713 0.640834 -1.010900 0.000000 0.000000 0.000000 1.000000
-0.605410 -0.167805 -0.778023 -9.941000 0.115177 -0.985704 0.122974 -5.272400 -0.787536 -0.015160 0.616082 -1.010900 0.000000 0.000000 0.000000 1.000000
-0.584103 -0.162010 -0.795347 -9.941000 0.102370 -0.986757 0.125819 -5.272400 -0.805198 -0.007928 0.592953 -1.010900 0.000000 0.000000 0.000000 1.000000
-0.574082 -0.166075 -0.801778 -9.941000 0.107306 -0.986029 0.127406 -5.272400 -0.811736 -0.012894 0.583883 -1.010900 0.000000 0.000000 0.000000 1.000000
-0.579105 -0.175706 -0.796094 -9.941000 0.124467 -0.984106 0.126661 -5.272400 -0.805696 -0.025737 0.591770 -1.010900 0.000000 0.000000 0.000000 1.000000
-0.593245 -0.190242 -0.782220 -9.941000 0.147545 -0.980911 0.126666 -5.272400 -0.791386 -0.040269 0.609989 -1.010900 0.000000 0.000000 0.000000 1.000000
-0.623010 -0.208731 -0.753850 -9.941000 0.174826 -0.976517 0.125902 -5.272400 -0.762427 -0.053355 0.644871 -1.010900 0.000000 0.000000 0.000000 1.000000
-0.663187 -0.224375 -0.714030 -9.941000 0.194810 -0.972872 0.124774 -5.272400 -0.722656 -0.056352 0.688907 -1.010900 0.000000 0.000000 0.000000 1.000000
-0.705178 -0.230005 -0.670687 -9.941000 0.206248 -0.971560 0.116331 -5.272400 -0.678369 -0.056293 0.732561 -1.010900 0.000000 0.000000 0.000000 1.000000
-0.745139 -0.228207 -0.626649 -9.941000 0.214991 -0.971666 0.098209 -5.272400 -0.631305 -0.061545 0.773089 -1.010900 0.000000 0.000000 0.000000 1.000000
-0.779176 -0.227874 -0.583916 -9.941000 0.223042 -0.971399 0.081462 -5.272400 -0.585779 -0.066765 0.807716 -1.010900 0.000000 0.000000 0.000000 1.000000
-0.811769 -0.228992 -0.537210 -9.941000 0.225974 -0.971423 0.072615 -5.272400 -0.538486 -0.062449 0.840317 -1.010900 0.000000 0.000000 0.000000 1.000000
-0.840881 -0.231683 -0.489124 -9.941000 0.227181 -0.971366 0.069547 -5.272400 -0.491231 -0.052639 0.869437 -1.010900 0.000000 0.000000 0.000000 1.000000
-0.865692 -0.239098 -0.439784 -9.941000 0.228905 -0.970399 0.076990 -5.272400 -0.445174 -0.034019 0.894798 -1.010900 0.000000 0.000000 0.000000 1.000000
-0.888450 -0.245730 -0.387651 -9.941000 0.231235 -0.969228 0.084425 -5.272400 -0.396468 -0.014631 0.917932 -1.010900 0.000000 0.000000 0.000000 1.000000
-0.909903 -0.255845 -0.326529 -9.941000 0.239699 -0.966713 0.089503 -5.272400 -0.338558 0.003171 0.940940 -1.010900 0.000000 0.000000 0.000000 1.000000
-0.929310 -0.258408 -0.263835 -9.941000 0.233805 -0.964686 0.121306 -5.272400 -0.285865 0.051045 0.956909 -1.010900 0.000000 0.000000 0.000000 1.000000
-0.940400 -0.259908 -0.219305 -9.941000 0.228742 -0.960640 0.157633 -5.272400 -0.251643 0.098074 0.962838 -1.010900 0.000000 0.000000 0.000000 1.000000
-0.938831 -0.276671 -0.205060 -9.941000 0.238301 -0.951790 0.193154 -5.272400 -0.248615 0.132473 0.959501 -1.010900 0.000000 0.000000 0.000000 1.000000
-0.937348 -0.291969 -0.190088 -9.941000 0.248635 -0.942799 0.222060 -5.272400 -0.244049 0.160885 0.956324 -1.010900 0.000000 0.000000 0.000000 1.000000
-0.936054 -0.306006 -0.173675 -9.941000 0.258529 -0.932972 0.250453 -5.272400 -0.238674 0.189537 0.952423 -1.010900 0.000000 0.000000 0.000000 1.000000
-0.934184 -0.321590 -0.154533 -9.941000 0.270793 -0.921077 0.279801 -5.272400 -0.232318 0.219539 0.947539 -1.010900 0.000000 0.000000 0.000000 1.000000
-0.931344 -0.338413 -0.134445 -9.941000 0.285777 -0.908093 0.306101 -5.272400 -0.225677 0.246664 0.942458 -1.010900 0.000000 0.000000 0.000000 1.000000
-0.928644 -0.352314 -0.116170 -9.941000 0.298262 -0.895285 0.330914 -5.272400 -0.220591 0.272653 0.936483 -1.010900 0.000000 0.000000 0.000000 1.000000
-0.925661 -0.365563 -0.097543 -9.941000 0.310060 -0.880682 0.358137 -5.272400 -0.216827 0.301270 0.928560 -1.010900 0.000000 0.000000 0.000000 1.000000
-0.921390 -0.380829 -0.077514 -9.941000 0.324453 -0.863558 0.386002 -5.272400 -0.213939 0.330509 0.919236 -1.010900 0.000000 0.000000 0.000000 1.000000
-0.917077 -0.394295 -0.059175 -9.941000 0.337067 -0.845977 0.413169 -5.272400 -0.212971 0.358962 0.908730 -1.010900 0.000000 0.000000 0.000000 1.000000
-0.913775 -0.403919 -0.043194 -9.941000 0.345271 -0.828286 0.441282 -5.272400 -0.214019 0.388319 0.896328 -1.010900 0.000000 0.000000 0.000000 1.000000
-0.911101 -0.411071 -0.030267 -9.941000 0.350773 -0.811825 0.466796 -5.272400 -0.216458 0.414681 0.883847 -1.010900 0.000000 0.000000 0.000000 1.000000
-0.909608 -0.414932 -0.021087 -9.941000 0.352437 -0.797493 0.489687 -5.272400 -0.220004 0.437991 0.871643 -1.010900 0.000000 0.000000 0.000000 1.000000
-0.908280 -0.418200 -0.011660 -9.941000 0.353571 -0.782218 0.512955 -5.272400 -0.223638 0.461784 0.858336 -1.010900 0.000000 0.000000 0.000000 1.000000
-0.908521 -0.417767 -0.007783 -9.941000 0.350437 -0.771978 0.530325 -5.272400 -0.227561 0.479083 0.847759 -1.010900 0.000000 0.000000 0.000000 1.000000
-0.909857 -0.414911 -0.002956 -9.941000 0.345070 -0.760621 0.549893 -5.272400 -0.230405 0.499304 0.835230 -1.010900 0.000000 0.000000 0.000000 1.000000
-0.910001 -0.414601 0.001832 -9.941000 0.343334 -0.751087 0.563905 -5.272400 -0.232420 0.513784 0.825837 -1.010900 0.000000 0.000000 0.000000 1.000000
-0.911170 -0.412023 0.002417 -9.941000 0.339506 -0.747451 0.571010 -5.272400 -0.233463 0.521108 0.820939 -1.010900 0.000000 0.000000 0.000000 1.000000
-0.912490 -0.409093 0.001970 -9.941000 0.335962 -0.746604 0.574206 -5.272400 -0.233433 0.524619 0.818709 -1.010900 0.000000 0.000000 0.000000 1.000000
-0.913693 -0.406404 -0.001411 -9.941000 0.331816 -0.747997 0.574803 -5.272400 -0.234658 0.524725 0.818290 -1.010900 0.000000 0.000000 0.000000 1.000000
-0.915132 -0.403119 -0.005394 -9.941000 0.326875 -0.749748 0.575353 -5.272400 -0.235980 0.524760 0.817888 -1.010900 0.000000 0.000000 0.000000 1.000000</float_array>
        <technique_common>
          <accessor source="#mixamorig_RightUpLeg-Matrix-animation-output-transform-array" count="69" stride="16">
            <param type="float4x4"/>
          </accessor>
        </technique_common>
      </source>
      <source id="mixamorig_RightUpLeg-Interpolations">
        <Name_array id="mixamorig_RightUpLeg-Interpolations-array" count="69">
 LINEAR LINEAR LINEAR LINEAR LINEAR LINEAR LINEAR LINEAR LINEAR LINEAR LINEAR
LINEAR LINEAR LINEAR LINEAR LINEAR LINEAR LINEAR LINEAR LINEAR LINEAR LINEAR LINEAR
LINEAR LINEAR LINEAR LINEAR LINEAR LINEAR LINEAR LINEAR LINEAR LINEAR LINEAR LINEAR
LINEAR LINEAR LINEAR LINEAR LINEAR LINEAR LINEAR LINEAR LINEAR LINEAR LINEAR LINEAR
LINEAR LINEAR LINEAR LINEAR LINEAR LINEAR LINEAR LINEAR LINEAR LINEAR LINEAR LINEAR
LINEAR LINEAR LINEAR LINEAR LINEAR LINEAR LINEAR LINEAR LINEAR LINEAR</Name_array>
        <technique_common>
          <accessor source="#mixamorig_RightUpLeg-Interpolations-array" count="69">
            <param type="name"/>
          </accessor>
        </technique_common>
      </source>
      <sampler id="mixamorig_RightUpLeg-Matrix-animation-transform">
        <input semantic="INPUT" source="#mixamorig_RightUpLeg-Matrix-animation-input"/>
        <input semantic="OUTPUT" source="#mixamorig_RightUpLeg-Matrix-animation-output-transform"/>
        <input semantic="INTERPOLATION" source="#mixamorig_RightUpLeg-Interpolations"/>
      </sampler>
      <channel source="#mixamorig_RightUpLeg-Matrix-animation-transform" target="mixamorig_RightUpLeg/matrix"/>
    </animation>
    <animation id="mixamorig_RightLeg-anim" name="mixamorig_RightLeg">
      <source id="mixamorig_RightLeg-Matrix-animation-input">
        <float_array id="mixamorig_RightLeg-Matrix-animation-input-array" count="69">

0.000000 0.033333 0.066667 0.100000 0.133333 0.166667 0.200000 0.233333 0.266667 0.300000 0.333333 0.366667 0.400000 0.433333 0.466667 0.500000
0.533333 0.566667 0.600000 0.633333 0.666667 0.700000 0.733333 0.766667 0.800000 0.833333 0.866667 0.900000 0.933333 0.966667 1.000000 1.033333
1.066667 1.100000 1.133333 1.166667 1.200000 1.233333 1.266667 1.300000 1.333333 1.366667 1.400000 1.433333 1.466667 1.500000 1.533333 1.566667
1.600000 1.633333 1.666667 1.700000 1.733333 1.766667 1.800000 1.833333 1.866667 1.900000 1.933333 1.966667 2.000000 2.033333 2.066667 2.100000
2.133333 2.166667 2.200000 2.233333 2.266667</float_array>
        <technique_common>
          <accessor source="#mixamorig_RightLeg-Matrix-animation-input-array" count="69">
            <param name="TIME" type="float"/>
          </accessor>
        </technique_common>
      </source>
      <source id="mixamorig_RightLeg-Matrix-animation-output-transform">
        <float_array id="mixamorig_RightLeg-Matrix-animation-output-transform-array" count="1104">

0.992638 0.119189 -0.021543 0.000000 -0.042149 0.506666 0.861111 43.364799 0.113550 -0.853864 0.507960 0.000000 0.000000 0.000000 0.000000 1.000000
0.991246 0.127813 -0.033102 -0.000000 -0.037783 0.514834 0.856457 43.364799 0.126509 -0.847709 0.515156 -0.000000 0.000000 0.000000 0.000000 1.000000
0.990352 0.130021 -0.047939 -0.000000 -0.028249 0.528091 0.848718 43.364799 0.135667 -0.839175 0.526668 0.000000 0.000000 0.000000 0.000000 1.000000
0.989247 0.129322 -0.068311 -0.000000 -0.013601 0.546389 0.837421 43.364799 0.145621 -0.827487 0.542272 -0.000000 0.000000 0.000000 0.000000 1.000000
0.986397 0.130541 -0.099897 0.000000 0.008073 0.568521 0.822629 43.364799 0.164180 -0.812246 0.559734 0.000000 0.000000 0.000000 0.000000 1.000000
0.982258 0.129652 -0.135495 0.000000 0.032079 0.595700 0.802566 43.364799 0.184769 -0.792674 0.580972 -0.000000 0.000000 0.000000 0.000000 1.000000
0.978702 0.122001 -0.165101 -0.000000 0.052772 0.627700 0.776664 43.364799 0.198387 -0.768836 0.607893 -0.000000 0.000000 0.000000 0.000000 1.000000
0.976380 0.108574 -0.186797 0.000000 0.069228 0.661773 0.746501 43.364799 0.204668 -0.741801 0.638625 -0.000000 0.000000 0.000000 0.000000 1.000000
0.977150 0.091000 -0.192085 0.000000 0.075636 0.695691 0.714348 43.364799 0.198638 -0.712554 0.672911 0.000000 0.000000 0.000000 0.000000 1.000000
0.979690 0.074897 -0.186007 0.000000 0.072894 0.731137 0.678326 43.364799 0.186802 -0.678107 0.710827 0.000000 0.000000 0.000000 0.000000 1.000000
0.984002 0.068256 -0.164566 0.000000 0.052682 0.770915 0.634755 43.364799 0.170192 -0.633270 0.754986 -0.000000 0.000000 0.000000 0.000000 1.000000
0.991401 0.068699 -0.111379 0.000000 0.007660 0.819194 0.573466 43.364799 0.130638 -0.569387 0.811623 0.000000 0.000000 0.000000 0.000000 1.000000
0.994518 0.080960 -0.066179 0.000000 -0.037390 0.866377 0.497989 43.364799 0.097653 -0.492785 0.864654 0.000000 0.000000 0.000000 0.000000 1.000000
0.993859 0.101566 -0.043910 0.000000 -0.060424 0.830594 0.553591 43.364799 0.092697 -0.547538 0.831630 0.000000 0.000000 0.000000 0.000000 1.000000
0.993494 0.108332 -0.035140 0.000000 -0.066310 0.801079 0.594874 43.364799 0.092594 -0.588673 0.803051 0.000000 0.000000 0.000000 0.000000 1.000000
0.993936 0.105288 -0.031711 -0.000000 -0.064434 0.791372 0.607930 43.364799 0.089103 -0.602200 0.793357 0.000000 0.000000 0.000000 0.000000 1.000000
0.996141 0.086323 -0.015862 -0.000000 -0.059776 0.799600 0.597551 43.364799 0.064266 -0.594297 0.801674 0.000000 0.000000 0.000000 0.000000 1.000000
0.998519 0.054057 0.006181 0.000000 -0.047850 0.818385 0.572674 43.364799 0.025898 -0.572122 0.819760 0.000000 0.000000 0.000000 0.000000 1.000000
0.999382 0.034573 0.006396 0.000000 -0.032428 0.836048 0.547697 43.364799 0.013588 -0.547566 0.836652 0.000000 0.000000 0.000000 0.000000 1.000000
0.999453 0.031237 -0.010878 0.000000 -0.020365 0.840253 0.541812 43.364799 0.026065 -0.541294 0.840429 -0.000000 0.000000 0.000000 0.000000 1.000000
0.998030 0.049449 -0.038623 0.000000 -0.018055 0.815849 0.577984 43.364799 0.060091 -0.576147 0.815134 0.000000 0.000000 0.000000 0.000000 1.000000
0.994898 0.081855 -0.058970 0.000000 -0.023941 0.759394 0.650190 43.364799 0.098003 -0.645461 0.757479 0.000000 0.000000 0.000000 0.000000 1.000000
0.995471 0.085652 -0.041254 0.000000 -0.030258 0.696825 0.716602 43.364799 0.090125 -0.712108 0.696261 0.000000 0.000000 0.000000 0.000000 1.000000
0.995410 0.092625 -0.024084 0.000000 -0.040412 0.634911 0.771528 43.364799 0.086754 -0.767013 0.635739 0.000000 0.000000 0.000000 0.000000 1.000000
0.991356 0.130783 -0.010444 -0.000000 -0.069276 0.589401 0.804865 43.364799 0.111418 -0.797184 0.593366 -0.000000 0.000000 0.000000 0.000000 1.000000
0.982458 0.186482 0.000910 0.000000 -0.109026 0.570414 0.814089 43.364799 0.151294 -0.799908 0.580739 0.000000 0.000000 0.000000 0.000000 1.000000
0.976203 0.216421 0.013784 -0.000000 -0.140860 0.584479 0.799088 43.364799 0.164883 -0.782014 0.601055 0.000000 0.000000 0.000000 0.000000 1.000000
0.981302 0.189074 0.036020 -0.000000 -0.147623 0.619251 0.771191 43.364799 0.123506 -0.762089 0.635584 0.000000 0.000000 0.000000 0.000000 1.000000
0.987205 0.148927 0.056989 0.000000 -0.141664 0.655052 0.742185 43.364799 0.073201 -0.740761 0.667768 0.000000 0.000000 0.000000 0.000000 1.000000
0.990031 0.121104 0.071913 -0.000000 -0.135211 0.674210 0.726057 43.364799 0.039444 -0.728543 0.683864 0.000000 0.000000 0.000000 0.000000 1.000000
0.991797 0.097959 0.082110 -0.000000 -0.127149 0.690351 0.712214 43.364799 0.013083 -0.716812 0.697144 0.000000 0.000000 0.000000 0.000000 1.000000
0.992967 0.080553 0.086759 0.000000 -0.118317 0.700716 0.703561 43.364799 -0.004119 -0.708879 0.705318 -0.000000 0.000000 0.000000 0.000000 1.000000
0.993998 0.072558 0.081878 0.000000 -0.109182 0.705293 0.700458 43.364799 -0.006924 -0.705193 0.708981 -0.000000 0.000000 0.000000 0.000000 1.000000
0.995106 0.069689 0.070054 0.000000 -0.098813 0.705017 0.702273 43.364799 -0.000448 -0.705758 0.708453 0.000000 0.000000 0.000000 0.000000 1.000000
0.995880 0.073062 0.053715 0.000000 -0.089568 0.699936 0.708567 43.364799 0.014172 -0.710458 0.703597 -0.000000 0.000000 0.000000 0.000000 1.000000
0.996178 0.079224 0.036782 0.000000 -0.081568 0.693151 0.716162 43.364799 0.031242 -0.716425 0.696964 0.000000 0.000000 0.000000 0.000000 1.000000
0.996694 0.077110 0.025611 0.000000 -0.071767 0.687668 0.722470 43.364799 0.038098 -0.721919 0.690928 0.000000 0.000000 0.000000 0.000000 1.000000
0.997532 0.068504 0.015399 0.000000 -0.058142 0.682968 0.728131 43.364799 0.039363 -0.727229 0.685265 -0.000000 0.000000 0.000000 0.000000 1.000000
0.998047 0.060227 0.016574 0.000000 -0.053483 0.686801 0.724875 43.364799 0.032274 -0.724346 0.688681 0.000000 0.000000 0.000000 0.000000 1.000000
0.997638 0.051850 0.045060 -0.000000 -0.068518 0.704245 0.706643 43.364799 0.004906 -0.708061 0.706134 0.000000 0.000000 0.000000 0.000000 1.000000
0.994836 0.050480 0.088053 0.000000 -0.097227 0.722944 0.684032 43.364799 -0.029127 -0.689060 0.724118 0.000000 0.000000 0.000000 0.000000 1.000000
0.989544 0.048767 0.135738 0.000000 -0.126745 0.743171 0.656987 43.364799 -0.068837 -0.667322 0.741581 0.000000 0.000000 0.000000 0.000000 1.000000
0.981712 0.043178 0.185410 -0.000000 -0.152387 0.761984 0.629411 43.364799 -0.114103 -0.646155 0.754629 0.000000 0.000000 0.000000 0.000000 1.000000
0.972720 0.040994 0.228332 0.000000 -0.174696 0.777044 0.604718 43.364799 -0.152634 -0.628110 0.763008 -0.000000 0.000000 0.000000 0.000000 1.000000
0.964552 0.042382 0.260468 0.000000 -0.192987 0.786480 0.586690 43.364799 -0.179987 -0.616160 0.766780 0.000000 0.000000 0.000000 0.000000 1.000000
0.959869 0.047278 0.276436 -0.000000 -0.204975 0.791007 0.576449 43.364799 -0.191410 -0.609977 0.768954 -0.000000 0.000000 0.000000 0.000000 1.000000
0.967017 0.055200 0.248658 0.000000 -0.195128 0.788019 0.583910 43.364799 -0.163715 -0.613171 0.772799 0.000000 0.000000 0.000000 0.000000 1.000000
0.973665 0.065552 0.218357 0.000000 -0.191275 0.756057 0.625933 43.364799 -0.124059 -0.651215 0.748684 0.000000 0.000000 0.000000 0.000000 1.000000
0.979008 0.074761 0.189613 0.000000 -0.184252 0.722370 0.666508 43.364799 -0.087142 -0.687454 0.720981 0.000000 0.000000 0.000000 0.000000 1.000000
0.985846 0.078450 0.148168 0.000000 -0.160679 0.694396 0.701425 43.364799 -0.047861 -0.715304 0.697173 0.000000 0.000000 0.000000 0.000000 1.000000
0.990098 0.081543 0.114265 -0.000000 -0.139325 0.670307 0.728887 43.364799 -0.017157 -0.737590 0.675031 0.000000 0.000000 0.000000 0.000000 1.000000
0.992622 0.084294 0.087157 0.000000 -0.121066 0.649355 0.750787 43.364799 0.006691 -0.755799 0.654769 0.000000 0.000000 0.000000 0.000000 1.000000
0.994132 0.087128 0.064107 -0.000000 -0.104780 0.628406 0.770797 43.364799 0.026872 -0.772991 0.633848 0.000000 0.000000 0.000000 0.000000 1.000000
0.994911 0.090218 0.044858 0.000000 -0.090576 0.605872 0.790389 43.364799 0.044129 -0.790430 0.610960 0.000000 0.000000 0.000000 0.000000 1.000000
0.995240 0.093172 0.028582 0.000000 -0.078040 0.586235 0.806373 43.364799 0.058376 -0.804765 0.590716 0.000000 0.000000 0.000000 0.000000 1.000000
0.995295 0.096157 0.011929 0.000000 -0.064757 0.568547 0.820098 43.364799 0.072076 -0.817012 0.572098 0.000000 0.000000 0.000000 0.000000 1.000000
0.995060 0.099235 -0.002673 0.000000 -0.052783 0.551692 0.832376 43.364799 0.084076 -0.828123 0.554205 -0.000000 0.000000 0.000000 0.000000 1.000000
0.994654 0.102257 -0.014382 0.000000 -0.043036 0.537092 0.842425 43.364799 0.093868 -0.837303 0.538621 0.000000 0.000000 0.000000 0.000000 1.000000
0.994191 0.105168 -0.022897 0.000000 -0.035958 0.525050 0.850311 43.364799 0.101448 -0.844548 0.525782 0.000000 0.000000 0.000000 0.000000 1.000000
0.993859 0.107900 -0.024526 0.000000 -0.034759 0.514859 0.856570 43.364799 0.105051 -0.850457 0.515448 0.000000 0.000000 0.000000 0.000000 1.000000
0.993596 0.110485 -0.023652 0.000000 -0.035812 0.506489 0.861502 43.364799 0.107163 -0.855138 0.507203 0.000000 0.000000 0.000000 0.000000 1.000000
0.993403 0.112971 -0.019686 0.000000 -0.039503 0.498292 0.866109 43.364799 0.107655 -0.859618 0.499467 0.000000 0.000000 0.000000 0.000000 1.000000
0.993199 0.115219 -0.016753 -0.000000 -0.042489 0.492643 0.869194 43.364799 0.108401 -0.862570 0.494188 0.000000 0.000000 0.000000 0.000000 1.000000
0.993007 0.117220 -0.014029 -0.000000 -0.045369 0.488613 0.871320 43.364799 0.108991 -0.864591 0.490514 -0.000000 0.000000 0.000000 0.000000 1.000000
0.992809 0.119013 -0.012904 0.000000 -0.046858 0.485542 0.872957 43.364799 0.110159 -0.866074 0.487627 -0.000000 0.000000 0.000000 0.000000 1.000000
0.992638 0.120363 -0.013525 0.000000 -0.047027 0.485904 0.872746 43.364799 0.111618 -0.865684 0.487987 0.000000 0.000000 0.000000 0.000000 1.000000
0.992659 0.120181 -0.013586 0.000000 -0.047471 0.490462 0.870169 43.364799 0.111241 -0.863136 0.492566 0.000000 0.000000 0.000000 0.000000 1.000000
0.992742 0.119173 -0.016150 0.000000 -0.045775 0.498620 0.865611 43.364799 0.111210 -0.858589 0.500457 0.000000 0.000000 0.000000 0.000000 1.000000
0.992638 0.119189 -0.021543 0.000000 -0.042149 0.506666 0.861111 43.364799 0.113550 -0.853864 0.507960 0.000000 0.000000 0.000000 0.000000 1.000000</float_array>
        <technique_common>
          <accessor source="#mixamorig_RightLeg-Matrix-animation-output-transform-array" count="69" stride="16">
            <param type="float4x4"/>
          </accessor>
        </technique_common>
      </source>
      <source id="mixamorig_RightLeg-Interpolations">
        <Name_array id="mixamorig_RightLeg-Interpolations-array" count="69">
 LINEAR LINEAR LINEAR LINEAR LINEAR LINEAR LINEAR LINEAR LINEAR LINEAR LINEAR
LINEAR LINEAR LINEAR LINEAR LINEAR LINEAR LINEAR LINEAR LINEAR LINEAR LINEAR LINEAR
LINEAR LINEAR LINEAR LINEAR LINEAR LINEAR LINEAR LINEAR LINEAR LINEAR LINEAR LINEAR
LINEAR LINEAR LINEAR LINEAR LINEAR LINEAR LINEAR LINEAR LINEAR LINEAR LINEAR LINEAR
LINEAR LINEAR LINEAR LINEAR LINEAR LINEAR LINEAR LINEAR LINEAR LINEAR LINEAR LINEAR
LINEAR LINEAR LINEAR LINEAR LINEAR LINEAR LINEAR LINEAR LINEAR LINEAR</Name_array>
        <technique_common>
          <accessor source="#mixamorig_RightLeg-Interpolations-array" count="69">
            <param type="name"/>
          </accessor>
        </technique_common>
      </source>
      <sampler id="mixamorig_RightLeg-Matrix-animation-transform">
        <input semantic="INPUT" source="#mixamorig_RightLeg-Matrix-animation-input"/>
        <input semantic="OUTPUT" source="#mixamorig_RightLeg-Matrix-animation-output-transform"/>
        <input semantic="INTERPOLATION" source="#mixamorig_RightLeg-Interpolations"/>
      </sampler>
      <channel source="#mixamorig_RightLeg-Matrix-animation-transform" target="mixamorig_RightLeg/matrix"/>
    </animation>
    <animation id="mixamorig_RightFoot-anim" name="mixamorig_RightFoot">
      <source id="mixamorig_RightFoot-Matrix-animation-input">
        <float_array id="mixamorig_RightFoot-Matrix-animation-input-array" count="69">

0.000000 0.033333 0.066667 0.100000 0.133333 0.166667 0.200000 0.233333 0.266667 0.300000 0.333333 0.366667 0.400000 0.433333 0.466667 0.500000
0.533333 0.566667 0.600000 0.633333 0.666667 0.700000 0.733333 0.766667 0.800000 0.833333 0.866667 0.900000 0.933333 0.966667 1.000000 1.033333
1.066667 1.100000 1.133333 1.166667 1.200000 1.233333 1.266667 1.300000 1.333333 1.366667 1.400000 1.433333 1.466667 1.500000 1.533333 1.566667
1.600000 1.633333 1.666667 1.700000 1.733333 1.766667 1.800000 1.833333 1.866667 1.900000 1.933333 1.966667 2.000000 2.033333 2.066667 2.100000
2.133333 2.166667 2.200000 2.233333 2.266667</float_array>
        <technique_common>
          <accessor source="#mixamorig_RightFoot-Matrix-animation-input-array" count="69">
            <param name="TIME" type="float"/>
          </accessor>
        </technique_common>
      </source>
      <source id="mixamorig_RightFoot-Matrix-animation-output-transform">
        <float_array id="mixamorig_RightFoot-Matrix-animation-output-transform-array" count="1104">

0.928681 -0.114098 0.352892 0.000000 0.368092 0.167120 -0.914647 44.493000 0.045384 0.979312 0.197200 0.000000 0.000000 0.000000 0.000000 1.000000
0.926970 -0.104656 0.360241 0.000000 0.373556 0.169481 -0.911994 44.493000 0.034392 0.979961 0.196198 0.000000 0.000000 0.000000 0.000000 1.000000
0.925701 -0.096311 0.365788 0.000000 0.377483 0.173484 -0.909621 44.493000 0.024148 0.980116 0.196950 -0.000000 0.000000 0.000000 0.000000 1.000000
0.924673 -0.089609 0.370067 0.000000 0.380469 0.179369 -0.907232 44.493000 0.014918 0.979692 0.199951 -0.000000 0.000000 0.000000 0.000000 1.000000
0.923732 -0.082532 0.374043 0.000000 0.383014 0.187543 -0.904504 44.493000 0.004501 0.978783 0.204850 -0.000000 0.000000 0.000000 0.000000 1.000000
0.922669 -0.078273 0.377565 0.000000 0.385568 0.198433 -0.901089 44.493000 -0.004390 0.976984 0.213268 0.000000 0.000000 0.000000 0.000000 1.000000
0.921372 -0.079846 0.380391 0.000000 0.388581 0.211441 -0.896826 44.493000 -0.008822 0.974124 0.225843 0.000000 0.000000 0.000000 0.000000 1.000000
0.919673 -0.084533 0.383478 0.000000 0.392546 0.223854 -0.892075 44.493000 -0.010433 0.970950 0.239056 -0.000000 0.000000 0.000000 0.000000 1.000000
0.917433 -0.097052 0.385872 0.000000 0.397868 0.234007 -0.887097 44.493000 -0.004202 0.967379 0.253300 -0.000000 0.000000 0.000000 0.000000 1.000000
0.914818 -0.118137 0.386202 -0.000000 0.403748 0.244271 -0.881657 44.493000 0.009818 0.962484 0.271161 -0.000000 0.000000 0.000000 0.000000 1.000000
0.907404 -0.136187 0.397581 0.000000 0.419920 0.255827 -0.870758 44.493000 0.016874 0.957082 0.289326 -0.000000 0.000000 0.000000 0.000000 1.000000
0.891902 -0.142306 0.429255 0.000000 0.452214 0.272939 -0.849121 44.493000 0.003675 0.951448 0.307787 0.000000 0.000000 0.000000 0.000000 1.000000
0.892145 -0.140644 0.429298 -0.000000 0.451546 0.306199 -0.838063 44.493000 -0.013582 0.941521 0.336681 -0.000000 0.000000 0.000000 0.000000 1.000000
0.908459 -0.130916 0.396942 0.000000 0.415981 0.375802 -0.828090 44.493000 -0.040762 0.917406 0.395859 -0.000000 0.000000 0.000000 0.000000 1.000000
0.926364 -0.130843 0.353170 -0.000000 0.372104 0.462868 -0.804544 44.493000 -0.058202 0.876717 0.477472 0.000000 0.000000 0.000000 0.000000 1.000000
0.942713 -0.137707 0.303858 -0.000000 0.327619 0.553939 -0.765387 44.493000 -0.062919 0.821090 0.567321 0.000000 0.000000 0.000000 0.000000 1.000000
0.954905 -0.140186 0.261732 0.000000 0.288726 0.643982 -0.708466 44.493000 -0.069234 0.752087 0.655417 -0.000000 0.000000 0.000000 0.000000 1.000000
0.963988 -0.133937 0.229756 0.000000 0.253685 0.722390 -0.643270 44.493000 -0.079816 0.678390 0.730353 0.000000 0.000000 0.000000 0.000000 1.000000
0.973073 -0.125411 0.193395 0.000000 0.217620 0.776383 -0.591499 44.493000 -0.075968 0.617658 0.782769 -0.000000 0.000000 0.000000 0.000000 1.000000
0.981058 -0.116435 0.154815 0.000000 0.184654 0.803654 -0.565724 44.493000 -0.058548 0.583596 0.809931 0.000000 0.000000 0.000000 0.000000 1.000000
0.986613 -0.110992 0.119484 0.000000 0.159725 0.805538 -0.570611 44.493000 -0.032915 0.582057 0.812482 -0.000000 0.000000 0.000000 0.000000 1.000000
0.989133 -0.110356 0.097149 0.000000 0.146656 0.787360 -0.598796 44.493000 -0.010410 0.606536 0.794988 0.000000 0.000000 0.000000 0.000000 1.000000
0.986832 -0.108899 0.119602 0.000000 0.160409 0.753924 -0.637077 44.493000 -0.020794 0.647873 0.761464 0.000000 0.000000 0.000000 0.000000 1.000000
0.983900 -0.104567 0.144938 -0.000000 0.176143 0.704591 -0.687404 44.493000 -0.030242 0.701867 0.711666 -0.000000 0.000000 0.000000 0.000000 1.000000
0.980467 -0.099325 0.169759 0.000000 0.193196 0.648129 -0.736617 44.493000 -0.036861 0.755025 0.654659 -0.000000 0.000000 0.000000 0.000000 1.000000
0.977083 -0.092541 0.191692 -0.000000 0.208815 0.591437 -0.778844 44.493000 -0.041299 0.801023 0.597207 0.000000 0.000000 0.000000 0.000000 1.000000
0.974399 -0.081562 0.209508 0.000000 0.220071 0.536637 -0.814610 44.493000 -0.045989 0.839862 0.540848 -0.000000 0.000000 0.000000 0.000000 1.000000
0.972015 -0.063876 0.226067 0.000000 0.228305 0.483587 -0.844997 44.493000 -0.055348 0.872962 0.484638 0.000000 0.000000 0.000000 0.000000 1.000000
0.970595 -0.044856 0.236503 0.000000 0.232146 0.434292 -0.870344 44.493000 -0.063671 0.899655 0.431935 0.000000 0.000000 0.000000 0.000000 1.000000
0.969672 -0.031184 0.242413 0.000000 0.234674 0.395946 -0.887781 44.493000 -0.068298 0.917744 0.391255 -0.000000 0.000000 0.000000 0.000000 1.000000
0.969579 -0.022144 0.243776 0.000000 0.233914 0.377251 -0.896084 44.493000 -0.072122 0.925846 0.370955 0.000000 0.000000 0.000000 0.000000 1.000000
0.970150 -0.018720 0.241780 0.000000 0.230778 0.377548 -0.896772 44.493000 -0.074496 0.925801 0.370598 -0.000000 0.000000 0.000000 0.000000 1.000000
0.971580 -0.023562 0.235537 0.000000 0.225993 0.388385 -0.893356 44.493000 -0.070430 0.921196 0.382672 0.000000 0.000000 0.000000 0.000000 1.000000
0.973671 -0.033053 0.225548 0.000000 0.219418 0.404162 -0.887980 44.493000 -0.061807 0.914090 0.400773 -0.000000 0.000000 0.000000 0.000000 1.000000
0.976300 -0.043412 0.212022 -0.000000 0.210294 0.421741 -0.881993 44.493000 -0.051130 0.905677 0.420875 0.000000 0.000000 0.000000 0.000000 1.000000
0.979387 -0.050123 0.195674 -0.000000 0.197614 0.438353 -0.876810 44.493000 -0.041826 0.897404 0.439223 -0.000000 0.000000 0.000000 0.000000 1.000000
0.982758 -0.047338 0.178735 -0.000000 0.180816 0.448042 -0.875536 44.493000 -0.038634 0.892758 0.448876 0.000000 0.000000 0.000000 0.000000 1.000000
0.985251 -0.036940 0.167080 0.000000 0.165723 0.449172 -0.877941 44.493000 -0.042617 0.892681 0.448669 0.000000 0.000000 0.000000 0.000000 1.000000
0.984719 -0.030118 0.171527 -0.000000 0.166954 0.443484 -0.880595 44.493000 -0.049547 0.895776 0.441736 -0.000000 0.000000 0.000000 0.000000 1.000000
0.980959 -0.031461 0.191649 0.000000 0.186366 0.430176 -0.883299 44.493000 -0.054654 0.902197 0.427848 -0.000000 0.000000 0.000000 0.000000 1.000000
0.974362 -0.038671 0.221639 0.000000 0.218450 0.398353 -0.890839 44.493000 -0.053840 0.916417 0.396587 0.000000 0.000000 0.000000 0.000000 1.000000
0.966067 -0.046463 0.254077 0.000000 0.253209 0.364527 -0.896106 44.493000 -0.050982 0.930033 0.363922 0.000000 0.000000 0.000000 0.000000 1.000000
0.955995 -0.052156 0.288710 0.000000 0.289239 0.332355 -0.897709 44.493000 -0.049133 0.941711 0.332816 -0.000000 0.000000 0.000000 0.000000 1.000000
0.944331 -0.057382 0.323954 -0.000000 0.325590 0.304324 -0.895197 44.493000 -0.047219 0.950839 0.306066 0.000000 0.000000 0.000000 0.000000 1.000000
0.931041 -0.060936 0.359792 0.000000 0.361904 0.280597 -0.888983 44.493000 -0.046786 0.957889 0.283300 0.000000 0.000000 0.000000 0.000000 1.000000
0.915447 -0.063017 0.397474 -0.000000 0.399350 0.264372 -0.877854 44.493000 -0.049762 0.962360 0.267184 -0.000000 0.000000 0.000000 0.000000 1.000000
0.882952 -0.075485 0.463356 -0.000000 0.465282 0.272151 -0.842286 44.493000 -0.062523 0.959289 0.275418 -0.000000 0.000000 0.000000 0.000000 1.000000
0.875052 -0.043386 0.482081 0.000000 0.475868 0.259232 -0.840445 44.493000 -0.088507 0.964840 0.247487 0.000000 0.000000 0.000000 0.000000 1.000000
0.880932 -0.024049 0.472631 0.000000 0.463798 0.242399 -0.852135 44.493000 -0.094072 0.969878 0.224691 0.000000 0.000000 0.000000 0.000000 1.000000
0.898288 -0.031560 0.438272 0.000000 0.433256 0.229929 -0.871448 44.493000 -0.073269 0.972695 0.220216 0.000000 0.000000 0.000000 0.000000 1.000000
0.912205 -0.037407 0.408024 0.000000 0.405809 0.220005 -0.887083 44.493000 -0.056584 0.974781 0.215870 -0.000000 0.000000 0.000000 0.000000 1.000000
0.922832 -0.042280 0.382876 0.000000 0.382778 0.212022 -0.899182 44.493000 -0.043161 0.976350 0.211844 0.000000 0.000000 0.000000 0.000000 1.000000
0.930945 -0.047119 0.362108 0.000000 0.363834 0.204142 -0.908818 44.493000 -0.031099 0.977807 0.207189 0.000000 0.000000 0.000000 0.000000 1.000000
0.936695 -0.051956 0.346269 0.000000 0.349576 0.195153 -0.916358 44.493000 -0.019966 0.979396 0.200962 0.000000 0.000000 0.000000 0.000000 1.000000
0.940750 -0.057232 0.334236 0.000000 0.338952 0.187838 -0.921861 44.493000 -0.010022 0.980531 0.196107 0.000000 0.000000 0.000000 0.000000 1.000000
0.944082 -0.063951 0.323449 -0.000000 0.329710 0.182105 -0.926353 44.493000 0.000339 0.981197 0.193008 0.000000 0.000000 0.000000 0.000000 1.000000
0.946123 -0.071088 0.315908 0.000000 0.323646 0.176817 -0.929510 44.493000 0.010219 0.981673 0.190298 0.000000 0.000000 0.000000 0.000000 1.000000
0.946930 -0.078171 0.311790 0.000000 0.320880 0.172612 -0.931258 44.493000 0.018979 0.981883 0.188535 0.000000 0.000000 0.000000 0.000000 1.000000
0.946696 -0.084945 0.310727 0.000000 0.321052 0.169976 -0.931683 44.493000 0.026326 0.981780 0.188188 -0.000000 0.000000 0.000000 0.000000 1.000000
0.944601 -0.089832 0.315689 -0.000000 0.326788 0.167596 -0.930119 44.493000 0.030646 0.981755 0.187667 0.000000 0.000000 0.000000 0.000000 1.000000
0.941920 -0.093969 0.322423 0.000000 0.334157 0.166316 -0.927727 44.493000 0.033554 0.981585 0.188056 0.000000 0.000000 0.000000 0.000000 1.000000
0.938537 -0.096975 0.331276 -0.000000 0.343397 0.164936 -0.924594 44.493000 0.035023 0.981525 0.188099 -0.000000 0.000000 0.000000 0.000000 1.000000
0.935678 -0.100085 0.338365 0.000000 0.350958 0.164645 -0.921803 44.493000 0.036548 0.981262 0.189180 0.000000 0.000000 0.000000 0.000000 1.000000
0.933050 -0.103008 0.344685 0.000000 0.357736 0.164493 -0.919221 44.493000 0.037989 0.980985 0.190330 0.000000 0.000000 0.000000 0.000000 1.000000
0.930916 -0.106128 0.349475 0.000000 0.363013 0.163509 -0.917325 44.493000 0.040211 0.980817 0.190739 0.000000 0.000000 0.000000 0.000000 1.000000
0.929493 -0.109511 0.352207 -0.000000 0.366338 0.163073 -0.916081 44.493000 0.042885 0.980518 0.191693 -0.000000 0.000000 0.000000 0.000000 1.000000
0.928434 -0.112146 0.354167 0.000000 0.368825 0.164090 -0.914900 44.493000 0.044487 0.980050 0.193709 0.000000 0.000000 0.000000 0.000000 1.000000
0.928322 -0.113638 0.353984 0.000000 0.369048 0.166494 -0.914376 44.493000 0.044971 0.979472 0.196498 -0.000000 0.000000 0.000000 0.000000 1.000000
0.928681 -0.114098 0.352892 -0.000000 0.368092 0.167120 -0.914647 44.493000 0.045384 0.979312 0.197200 -0.000000 0.000000 0.000000 0.000000 1.000000</float_array>
        <technique_common>
          <accessor source="#mixamorig_RightFoot-Matrix-animation-output-transform-array" count="69" stride="16">
            <param type="float4x4"/>
          </accessor>
        </technique_common>
      </source>
      <source id="mixamorig_RightFoot-Interpolations">
        <Name_array id="mixamorig_RightFoot-Interpolations-array" count="69">
 LINEAR LINEAR LINEAR LINEAR LINEAR LINEAR LINEAR LINEAR LINEAR LINEAR LINEAR
LINEAR LINEAR LINEAR LINEAR LINEAR LINEAR LINEAR LINEAR LINEAR LINEAR LINEAR LINEAR
LINEAR LINEAR LINEAR LINEAR LINEAR LINEAR LINEAR LINEAR LINEAR LINEAR LINEAR LINEAR
LINEAR LINEAR LINEAR LINEAR LINEAR LINEAR LINEAR LINEAR LINEAR LINEAR LINEAR LINEAR
LINEAR LINEAR LINEAR LINEAR LINEAR LINEAR LINEAR LINEAR LINEAR LINEAR LINEAR LINEAR
LINEAR LINEAR LINEAR LINEAR LINEAR LINEAR LINEAR LINEAR LINEAR LINEAR</Name_array>
        <technique_common>
          <accessor source="#mixamorig_RightFoot-Interpolations-array" count="69">
            <param type="name"/>
          </accessor>
        </technique_common>
      </source>
      <sampler id="mixamorig_RightFoot-Matrix-animation-transform">
        <input semantic="INPUT" source="#mixamorig_RightFoot-Matrix-animation-input"/>
        <input semantic="OUTPUT" source="#mixamorig_RightFoot-Matrix-animation-output-transform"/>
        <input semantic="INTERPOLATION" source="#mixamorig_RightFoot-Interpolations"/>
      </sampler>
      <channel source="#mixamorig_RightFoot-Matrix-animation-transform" target="mixamorig_RightFoot/matrix"/>
    </animation>
    <animation id="mixamorig_RightToeBase-anim" name="mixamorig_RightToeBase">
      <source id="mixamorig_RightToeBase-Matrix-animation-input">
        <float_array id="mixamorig_RightToeBase-Matrix-animation-input-array" count="69">

0.000000 0.033333 0.066667 0.100000 0.133333 0.166667 0.200000 0.233333 0.266667 0.300000 0.333333 0.366667 0.400000 0.433333 0.466667 0.500000
0.533333 0.566667 0.600000 0.633333 0.666667 0.700000 0.733333 0.766667 0.800000 0.833333 0.866667 0.900000 0.933333 0.966667 1.000000 1.033333
1.066667 1.100000 1.133333 1.166667 1.200000 1.233333 1.266667 1.300000 1.333333 1.366667 1.400000 1.433333 1.466667 1.500000 1.533333 1.566667
1.600000 1.633333 1.666667 1.700000 1.733333 1.766667 1.800000 1.833333 1.866667 1.900000 1.933333 1.966667 2.000000 2.033333 2.066667 2.100000
2.133333 2.166667 2.200000 2.233333 2.266667</float_array>
        <technique_common>
          <accessor source="#mixamorig_RightToeBase-Matrix-animation-input-array" count="69">
            <param name="TIME" type="float"/>
          </accessor>
        </technique_common>
      </source>
      <source id="mixamorig_RightToeBase-Matrix-animation-output-transform">
        <float_array id="mixamorig_RightToeBase-Matrix-animation-output-transform-array" count="1104">

0.995217 -0.036584 0.090585 0.000000 0.087000 0.753690 -0.651446 20.000000 -0.044440 0.656211 0.753268 -0.000000 0.000000 0.000000 0.000000 1.000000
0.995340 -0.036091 0.089417 0.000000 0.085637 0.757081 -0.647685 20.000000 -0.044320 0.652324 0.756644 0.000000 0.000000 0.000000 0.000000 1.000000
0.995640 -0.035171 0.086389 0.000000 0.082743 0.760553 -0.643982 20.000000 -0.043054 0.648322 0.760148 -0.000000 0.000000 0.000000 0.000000 1.000000
0.996283 -0.033844 0.079212 0.000000 0.076952 0.762927 -0.641889 20.000000 -0.038708 0.645598 0.762695 0.000000 0.000000 0.000000 0.000000 1.000000
0.996923 -0.032430 0.071369 0.000000 0.070695 0.765340 -0.639732 20.000000 -0.033874 0.642809 0.765277 -0.000000 0.000000 0.000000 0.000000 1.000000
0.997498 -0.031069 0.063503 0.000000 0.064496 0.767784 -0.637455 20.000000 -0.028952 0.639955 0.767867 -0.000000 0.000000 0.000000 0.000000 1.000000
0.997673 -0.029664 0.061389 0.000000 0.062022 0.768809 -0.636464 20.000000 -0.028316 0.638791 0.768859 0.000000 0.000000 0.000000 0.000000 1.000000
0.997713 -0.028448 0.061318 0.000000 0.061020 0.769309 -0.635956 20.000000 -0.029080 0.638243 0.769285 -0.000000 0.000000 0.000000 0.000000 1.000000
0.997740 -0.027661 0.061237 0.000000 0.060342 0.769790 -0.635439 20.000000 -0.029562 0.637698 0.769719 -0.000000 0.000000 0.000000 0.000000 1.000000
0.997754 -0.027348 0.061155 0.000000 0.060030 0.770202 -0.634968 20.000000 -0.029737 0.637213 0.770114 0.000000 0.000000 0.000000 0.000000 1.000000
0.997751 -0.027588 0.061081 0.000000 0.060153 0.770503 -0.634591 20.000000 -0.029556 0.636839 0.770430 -0.000000 0.000000 0.000000 0.000000 1.000000
0.997733 -0.028396 0.061012 0.000000 0.060723 0.770695 -0.634304 20.000000 -0.029010 0.636571 0.770672 0.000000 0.000000 0.000000 0.000000 1.000000
0.993542 -0.021742 0.111362 0.000000 0.089412 0.754272 -0.650446 20.000000 -0.069855 0.656202 0.751345 0.000000 0.000000 0.000000 0.000000 1.000000
0.985149 -0.006402 0.171584 0.000000 0.128367 0.691139 -0.711230 20.000000 -0.114035 0.722693 0.681697 -0.000000 0.000000 0.000000 0.000000 1.000000
0.968508 0.016363 0.248444 0.000000 0.187021 0.610903 -0.769299 20.000000 -0.164363 0.791537 0.588604 0.000000 0.000000 0.000000 0.000000 1.000000
0.949725 0.047351 0.309484 0.000000 0.242868 0.512393 -0.823692 20.000000 -0.197580 0.857445 0.475132 0.000000 0.000000 0.000000 0.000000 1.000000
0.933754 0.078558 0.349188 0.000000 0.286730 0.419735 -0.861167 20.000000 -0.214218 0.904240 0.369404 0.000000 0.000000 0.000000 0.000000 1.000000
0.920229 0.109634 0.375712 0.000000 0.319150 0.345457 -0.882498 20.000000 -0.226544 0.932008 0.282910 0.000000 0.000000 0.000000 0.000000 1.000000
0.909917 0.129642 0.394010 0.000000 0.334851 0.331024 -0.882212 20.000000 -0.244799 0.934674 0.257794 -0.000000 0.000000 0.000000 0.000000 1.000000
0.899619 0.151371 0.409600 0.000000 0.342349 0.337797 -0.876750 20.000000 -0.271076 0.928967 0.252066 0.000000 0.000000 0.000000 0.000000 1.000000
0.889726 0.172322 0.422721 0.000000 0.345861 0.349917 -0.870597 20.000000 -0.297940 0.920795 0.251730 0.000000 0.000000 0.000000 0.000000 1.000000
0.881834 0.188949 0.432050 0.000000 0.349341 0.353662 -0.867689 20.000000 -0.316748 0.916091 0.245863 0.000000 0.000000 0.000000 0.000000 1.000000
0.882101 0.188632 0.431643 0.000000 0.346218 0.361738 -0.865609 20.000000 -0.319423 0.912997 0.253782 -0.000000 0.000000 0.000000 0.000000 1.000000
0.882977 0.186469 0.430791 -0.000000 0.337466 0.385755 -0.858667 20.000000 -0.326295 0.903561 0.277686 -0.000000 0.000000 0.000000 0.000000 1.000000
0.884316 0.183113 0.429483 0.000000 0.324181 0.421173 -0.847066 20.000000 -0.335995 0.888303 0.313089 0.000000 0.000000 0.000000 0.000000 1.000000
0.885990 0.178882 0.427811 0.000000 0.307753 0.463275 -0.831062 20.000000 -0.346857 0.867973 0.355406 0.000000 0.000000 0.000000 0.000000 1.000000
0.887876 0.174154 0.425847 0.000000 0.289387 0.508170 -0.811183 20.000000 -0.357674 0.843465 0.400794 0.000000 0.000000 0.000000 0.000000 1.000000
0.889751 0.169653 0.423746 -0.000000 0.271382 0.549829 -0.789962 20.000000 -0.367007 0.817866 0.443171 0.000000 0.000000 0.000000 0.000000 1.000000
0.891696 0.164572 0.421656 -0.000000 0.254375 0.588334 -0.767565 20.000000 -0.374394 0.791694 0.482753 0.000000 0.000000 0.000000 0.000000 1.000000
0.893277 0.160535 0.419863 0.000000 0.241727 0.615940 -0.749790 20.000000 -0.378978 0.771263 0.511400 0.000000 0.000000 0.000000 0.000000 1.000000
0.894306 0.157828 0.418696 0.000000 0.234790 0.631040 -0.739366 20.000000 -0.380907 0.759525 0.527287 0.000000 0.000000 0.000000 0.000000 1.000000
0.894707 0.157370 0.418012 -0.000000 0.234426 0.631162 -0.739378 20.000000 -0.380189 0.759519 0.527813 -0.000000 0.000000 0.000000 0.000000 1.000000
0.894989 0.161303 0.415903 -0.000000 0.236069 0.619823 -0.748392 20.000000 -0.378504 0.767985 0.516657 0.000000 0.000000 0.000000 0.000000 1.000000
0.895385 0.166710 0.412908 -0.000000 0.238826 0.602835 -0.761283 20.000000 -0.375829 0.780255 0.499954 -0.000000 0.000000 0.000000 0.000000 1.000000
0.895905 0.170102 0.410389 0.000000 0.242906 0.585895 -0.773126 20.000000 -0.371956 0.792333 0.483588 0.000000 0.000000 0.000000 0.000000 1.000000
0.896369 0.168244 0.410141 0.000000 0.248741 0.574937 -0.779471 20.000000 -0.366947 0.800713 0.473507 0.000000 0.000000 0.000000 0.000000 1.000000
0.896458 0.157939 0.414026 0.000000 0.256917 0.576015 -0.776015 20.000000 -0.361049 0.802036 0.475797 0.000000 0.000000 0.000000 0.000000 1.000000
0.901522 0.146077 0.407332 -0.000000 0.255465 0.580108 -0.773442 20.000000 -0.349278 0.801334 0.485663 -0.000000 0.000000 0.000000 0.000000 1.000000
0.909856 0.133933 0.392714 0.000000 0.246987 0.585701 -0.771979 20.000000 -0.333406 0.799385 0.499824 -0.000000 0.000000 0.000000 0.000000 1.000000
0.918353 0.117123 0.378034 0.000000 0.238169 0.599316 -0.764262 20.000000 -0.316074 0.791898 0.522489 0.000000 0.000000 0.000000 0.000000 1.000000
0.928724 0.097148 0.357817 0.000000 0.225648 0.617667 -0.753372 20.000000 -0.294201 0.780416 0.551721 0.000000 0.000000 0.000000 0.000000 1.000000
0.941105 0.074589 0.329784 0.000000 0.208418 0.640047 -0.739528 20.000000 -0.266238 0.764706 0.586806 0.000000 0.000000 0.000000 0.000000 1.000000
0.959335 0.048374 0.278095 0.000000 0.175461 0.669546 -0.721749 20.000000 -0.221112 0.741193 0.633831 0.000000 0.000000 0.000000 0.000000 1.000000
0.977295 0.022588 0.210677 0.000000 0.134476 0.702262 -0.699102 20.000000 -0.163741 0.711560 0.683280 0.000000 0.000000 0.000000 0.000000 1.000000
0.988029 0.001237 0.154266 0.000000 0.104620 0.729519 -0.675911 20.000000 -0.113376 0.683959 0.720657 -0.000000 0.000000 0.000000 0.000000 1.000000
0.992503 -0.015974 0.121168 0.000000 0.092292 0.747888 -0.657378 20.000000 -0.080120 0.663633 0.743756 -0.000000 0.000000 0.000000 0.000000 1.000000
0.995645 -0.027358 0.089122 0.000000 0.079101 0.753830 -0.652291 20.000000 -0.049338 0.656500 0.752711 0.000000 0.000000 0.000000 0.000000 1.000000
0.997163 -0.033889 0.067211 0.000000 0.069532 0.756684 -0.650073 20.000000 -0.028827 0.652902 0.756894 0.000000 0.000000 0.000000 0.000000 1.000000
0.996434 -0.036781 0.075942 0.000000 0.077003 0.764392 -0.640137 20.000000 -0.034505 0.643701 0.764499 0.000000 0.000000 0.000000 0.000000 1.000000
0.996434 -0.036784 0.075941 0.000000 0.077005 0.764392 -0.640137 20.000000 -0.034502 0.643702 0.764498 -0.000000 0.000000 0.000000 0.000000 1.000000
0.996423 -0.036817 0.076068 0.000000 0.077114 0.764340 -0.640186 20.000000 -0.034572 0.643761 0.764445 -0.000000 0.000000 0.000000 0.000000 1.000000
0.996391 -0.036843 0.076466 0.000000 0.077397 0.764207 -0.640310 20.000000 -0.034845 0.643917 0.764301 0.000000 0.000000 0.000000 0.000000 1.000000
0.996341 -0.036923 0.077075 0.000000 0.077861 0.763993 -0.640510 20.000000 -0.035235 0.644168 0.764072 0.000000 0.000000 0.000000 0.000000 1.000000
0.996272 -0.037015 0.077929 0.000000 0.078496 0.763705 -0.640775 20.000000 -0.035797 0.644503 0.763763 -0.000000 0.000000 0.000000 0.000000 1.000000
0.996184 -0.037145 0.078979 -0.000000 0.079291 0.763352 -0.641098 20.000000 -0.036475 0.644913 0.763385 0.000000 0.000000 0.000000 0.000000 1.000000
0.996078 -0.037300 0.080228 0.000000 0.080236 0.762953 -0.641456 20.000000 -0.037284 0.645377 0.762954 -0.000000 0.000000 0.000000 0.000000 1.000000
0.995962 -0.037475 0.081586 0.000000 0.081271 0.762485 -0.641881 20.000000 -0.038154 0.645920 0.762451 0.000000 0.000000 0.000000 0.000000 1.000000
0.995829 -0.037668 0.083099 0.000000 0.082423 0.761987 -0.642326 20.000000 -0.039125 0.646496 0.761913 0.000000 0.000000 0.000000 0.000000 1.000000
0.995699 -0.037872 0.084556 -0.000000 0.083555 0.761389 -0.642888 20.000000 -0.040033 0.647188 0.761279 0.000000 0.000000 0.000000 0.000000 1.000000
0.995556 -0.038087 0.086123 0.000000 0.084768 0.760776 -0.643455 20.000000 -0.041013 0.647896 0.760624 0.000000 0.000000 0.000000 0.000000 1.000000
0.995392 -0.038320 0.087900 0.000000 0.086131 0.760205 -0.643948 20.000000 -0.042146 0.648552 0.760003 -0.000000 0.000000 0.000000 0.000000 1.000000
0.995306 -0.038513 0.088787 -0.000000 0.086914 0.759249 -0.644970 20.000000 -0.042572 0.649659 0.759033 0.000000 0.000000 0.000000 0.000000 1.000000
0.995262 -0.038683 0.089205 0.000000 0.087389 0.758095 -0.646262 20.000000 -0.042626 0.650996 0.757883 0.000000 0.000000 0.000000 0.000000 1.000000
0.995219 -0.038852 0.089612 -0.000000 0.087856 0.756942 -0.647549 20.000000 -0.042672 0.652326 0.756736 -0.000000 0.000000 0.000000 0.000000 1.000000
0.995177 -0.039017 0.089999 0.000000 0.088308 0.755806 -0.648814 20.000000 -0.042707 0.653632 0.755606 0.000000 0.000000 0.000000 0.000000 1.000000
0.995138 -0.039176 0.090362 0.000000 0.088737 0.754701 -0.650041 20.000000 -0.042730 0.654899 0.754508 -0.000000 0.000000 0.000000 0.000000 1.000000
0.995094 -0.039933 0.090520 0.000000 0.089465 0.753838 -0.650941 20.000000 -0.042243 0.655846 0.753712 0.000000 0.000000 0.000000 0.000000 1.000000
0.995073 -0.040137 0.090661 -0.000000 0.089762 0.753043 -0.651820 20.000000 -0.042110 0.656746 0.752935 0.000000 0.000000 0.000000 0.000000 1.000000
0.995223 -0.036586 0.090510 0.000000 0.086953 0.753686 -0.651458 20.000000 -0.044382 0.656216 0.753267 0.000000 0.000000 0.000000 0.000000 1.000000</float_array>
        <technique_common>
          <accessor source="#mixamorig_RightToeBase-Matrix-animation-output-transform-array" count="69" stride="16">
            <param type="float4x4"/>
          </accessor>
        </technique_common>
      </source>
      <source id="mixamorig_RightToeBase-Interpolations">
        <Name_array id="mixamorig_RightToeBase-Interpolations-array" count="69">
 LINEAR LINEAR LINEAR LINEAR LINEAR LINEAR LINEAR LINEAR LINEAR LINEAR LINEAR
LINEAR LINEAR LINEAR LINEAR LINEAR LINEAR LINEAR LINEAR LINEAR LINEAR LINEAR LINEAR
LINEAR LINEAR LINEAR LINEAR LINEAR LINEAR LINEAR LINEAR LINEAR LINEAR LINEAR LINEAR
LINEAR LINEAR LINEAR LINEAR LINEAR LINEAR LINEAR LINEAR LINEAR LINEAR LINEAR LINEAR
LINEAR LINEAR LINEAR LINEAR LINEAR LINEAR LINEAR LINEAR LINEAR LINEAR LINEAR LINEAR
LINEAR LINEAR LINEAR LINEAR LINEAR LINEAR LINEAR LINEAR LINEAR LINEAR</Name_array>
        <technique_common>
          <accessor source="#mixamorig_RightToeBase-Interpolations-array" count="69">
            <param type="name"/>
          </accessor>
        </technique_common>
      </source>
      <sampler id="mixamorig_RightToeBase-Matrix-animation-transform">
        <input semantic="INPUT" source="#mixamorig_RightToeBase-Matrix-animation-input"/>
        <input semantic="OUTPUT" source="#mixamorig_RightToeBase-Matrix-animation-output-transform"/>
        <input semantic="INTERPOLATION" source="#mixamorig_RightToeBase-Interpolations"/>
      </sampler>
      <channel source="#mixamorig_RightToeBase-Matrix-animation-transform" target="mixamorig_RightToeBase/matrix"/>
    </animation>
    <animation id="mixamorig_LeftUpLeg-anim" name="mixamorig_LeftUpLeg">
      <source id="mixamorig_LeftUpLeg-Matrix-animation-input">
        <float_array id="mixamorig_LeftUpLeg-Matrix-animation-input-array" count="69">

0.000000 0.033333 0.066667 0.100000 0.133333 0.166667 0.200000 0.233333 0.266667 0.300000 0.333333 0.366667 0.400000 0.433333 0.466667 0.500000
0.533333 0.566667 0.600000 0.633333 0.666667 0.700000 0.733333 0.766667 0.800000 0.833333 0.866667 0.900000 0.933333 0.966667 1.000000 1.033333
1.066667 1.100000 1.133333 1.166667 1.200000 1.233333 1.266667 1.300000 1.333333 1.366667 1.400000 1.433333 1.466667 1.500000 1.533333 1.566667
1.600000 1.633333 1.666667 1.700000 1.733333 1.766667 1.800000 1.833333 1.866667 1.900000 1.933333 1.966667 2.000000 2.033333 2.066667 2.100000
2.133333 2.166667 2.200000 2.233333 2.266667</float_array>
        <technique_common>
          <accessor source="#mixamorig_LeftUpLeg-Matrix-animation-input-array" count="69">
            <param name="TIME" type="float"/>
          </accessor>
        </technique_common>
      </source>
      <source id="mixamorig_LeftUpLeg-Matrix-animation-output-transform">
        <float_array id="mixamorig_LeftUpLeg-Matrix-animation-output-transform-array" count="1104">

-0.655453 0.592536 0.468276 9.618300 0.035078 -0.595486 0.802600 -5.272300 0.754421 0.542493 0.369528 -1.010900 0.000000 0.000000 0.000000 1.000000
-0.656622 0.588565 0.471633 9.618300 0.009384 -0.618902 0.785412 -5.272300 0.754161 0.520145 0.400862 -1.010900 0.000000 0.000000 0.000000 1.000000
-0.656522 0.584378 0.476950 9.618300 -0.014693 -0.642090 0.766488 -5.272300 0.754164 0.496209 0.430133 -1.010900 0.000000 0.000000 0.000000 1.000000
-0.656673 0.578593 0.483747 9.618300 -0.045162 -0.670442 0.740586 -5.272300 0.752822 0.464476 0.466392 -1.010900 0.000000 0.000000 0.000000 1.000000
-0.661498 0.565682 0.492367 9.618300 -0.083169 -0.707821 0.701479 -5.272300 0.745321 0.423077 0.515269 -1.010900 0.000000 0.000000 0.000000 1.000000
-0.674606 0.546308 0.496441 9.618300 -0.122623 -0.746114 0.654429 -5.272300 0.727922 0.380607 0.570323 -1.010900 0.000000 0.000000 0.000000 1.000000
-0.695597 0.521962 0.493661 9.618300 -0.153877 -0.779432 0.607295 -5.272300 0.701760 0.346470 0.622488 -1.010900 0.000000 0.000000 0.000000 1.000000
-0.725415 0.492262 0.481094 9.618300 -0.163973 -0.802416 0.573796 -5.272300 0.668495 0.337353 0.662802 -1.010900 0.000000 0.000000 0.000000 1.000000
-0.761307 0.455668 0.461278 9.618300 -0.150954 -0.816431 0.557363 -5.272300 0.630574 0.354692 0.690340 -1.010900 0.000000 0.000000 0.000000 1.000000
-0.796948 0.415875 0.438089 9.618300 -0.134148 -0.828997 0.542926 -5.272300 0.588964 0.373915 0.716456 -1.010900 0.000000 0.000000 0.000000 1.000000
-0.832398 0.375153 0.407889 9.618300 -0.115244 -0.837116 0.534748 -5.272300 0.542063 0.398116 0.740048 -1.010900 0.000000 0.000000 0.000000 1.000000
-0.866312 0.337783 0.367976 9.618300 -0.094890 -0.834559 0.542686 -5.272300 0.490408 0.435218 0.755040 -1.010900 0.000000 0.000000 0.000000 1.000000
-0.900096 0.293516 0.321988 9.618300 -0.069912 -0.826750 0.558209 -5.272300 0.430047 0.479931 0.764674 -1.010900 0.000000 0.000000 0.000000 1.000000
-0.933150 0.237914 0.269495 9.618300 -0.040354 -0.814253 0.579105 -5.272300 0.357214 0.529517 0.769422 -1.010900 0.000000 0.000000 0.000000 1.000000
-0.961620 0.174206 0.211989 9.618300 -0.010998 -0.796449 0.604606 -5.272300 0.274165 0.579069 0.767797 -1.010900 0.000000 0.000000 0.000000 1.000000
-0.982775 0.099974 0.155432 9.618300 0.020154 -0.778053 0.627876 -5.272300 0.183705 0.620193 0.762636 -1.010900 0.000000 0.000000 0.000000 1.000000
-0.994726 0.021847 0.100211 9.618300 0.048984 -0.757227 0.651313 -5.272300 0.090112 0.652787 0.752163 -1.010900 0.000000 0.000000 0.000000 1.000000
-0.997597 -0.051407 0.046442 9.618300 0.069272 -0.730514 0.679376 -5.272300 -0.000998 0.680960 0.732320 -1.010900 0.000000 0.000000 0.000000 1.000000
-0.992936 -0.118635 -0.001737 9.618300 0.082354 -0.699662 0.709712 -5.272300 -0.085412 0.704556 0.704490 -1.010900 0.000000 0.000000 0.000000 1.000000
-0.983070 -0.178536 -0.041200 9.618300 0.088930 -0.661513 0.744642 -5.272300 -0.160200 0.728372 0.666191 -1.010900 0.000000 0.000000 0.000000 1.000000
-0.972788 -0.219563 -0.073992 9.618300 0.083356 -0.629616 0.772422 -5.272300 -0.216181 0.745235 0.630785 -1.010900 0.000000 0.000000 0.000000 1.000000
-0.964924 -0.243251 -0.098749 9.618300 0.071742 -0.606148 0.792110 -5.272300 -0.252538 0.757241 0.602338 -1.010900 0.000000 0.000000 0.000000 1.000000
-0.956855 -0.270119 -0.107076 9.618300 0.079648 -0.598219 0.797365 -5.272300 -0.279438 0.754434 0.593923 -1.010900 0.000000 0.000000 0.000000 1.000000
-0.949537 -0.297020 -0.100786 9.618300 0.102539 -0.597631 0.795187 -5.272300 -0.296419 0.744726 0.597929 -1.010900 0.000000 0.000000 0.000000 1.000000
-0.952646 -0.288102 -0.097276 9.618300 0.095097 -0.586125 0.804620 -5.272300 -0.288829 0.757268 0.585768 -1.010900 0.000000 0.000000 0.000000 1.000000
-0.963210 -0.249036 -0.101034 9.618300 0.062001 -0.571711 0.818109 -5.272300 -0.261501 0.781747 0.566118 -1.010900 0.000000 0.000000 0.000000 1.000000
-0.971090 -0.215297 -0.103112 9.618300 0.028592 -0.533738 0.845167 -5.272300 -0.236997 0.817784 0.524463 -1.010900 0.000000 0.000000 0.000000 1.000000
-0.967480 -0.234865 -0.093917 9.618300 0.036203 -0.496043 0.867543 -5.272300 -0.250343 0.835930 0.488414 -1.010900 0.000000 0.000000 0.000000 1.000000
-0.958256 -0.272332 -0.087072 9.618300 0.050718 -0.461620 0.885627 -5.272300 -0.281379 0.844241 0.456162 -1.010900 0.000000 0.000000 0.000000 1.000000
-0.945289 -0.309842 -0.102107 9.618300 0.043187 -0.429082 0.902233 -5.272300 -0.323362 0.848461 0.418987 -1.010900 0.000000 0.000000 0.000000 1.000000
-0.931047 -0.341321 -0.129042 9.618300 0.020358 -0.401672 0.915557 -5.272300 -0.364332 0.849800 0.380924 -1.010900 0.000000 0.000000 0.000000 1.000000
-0.916998 -0.365132 -0.160602 9.618300 -0.010522 -0.380340 0.924787 -5.272300 -0.398753 0.849718 0.344929 -1.010900 0.000000 0.000000 0.000000 1.000000
-0.905264 -0.380485 -0.189018 9.618300 -0.041132 -0.364323 0.930364 -5.272300 -0.422853 0.850000 0.314158 -1.010900 0.000000 0.000000 0.000000 1.000000
-0.898465 -0.387264 -0.206851 9.618300 -0.061515 -0.355454 0.932667 -5.272300 -0.434714 0.850693 0.295541 -1.010900 0.000000 0.000000 0.000000 1.000000
-0.901850 -0.376608 -0.211739 9.618300 -0.065816 -0.364609 0.928832 -5.272300 -0.427008 0.851603 0.304035 -1.010900 0.000000 0.000000 0.000000 1.000000
-0.914648 -0.347413 -0.206696 9.618300 -0.060066 -0.388834 0.919348 -5.272300 -0.399764 0.853295 0.334778 -1.010900 0.000000 0.000000 0.000000 1.000000
-0.929992 -0.312811 -0.193040 9.618300 -0.047728 -0.417958 0.907212 -5.272300 -0.364468 0.852913 0.373768 -1.010900 0.000000 0.000000 0.000000 1.000000
-0.946683 -0.273176 -0.170782 9.618300 -0.030890 -0.450694 0.892144 -5.272300 -0.320683 0.849853 0.418226 -1.010900 0.000000 0.000000 0.000000 1.000000
-0.963747 -0.226834 -0.140492 9.618300 -0.015175 -0.479097 0.877631 -5.272300 -0.266385 0.847946 0.458286 -1.010900 0.000000 0.000000 0.000000 1.000000
-0.979351 -0.173226 -0.104228 9.618300 -0.002641 -0.504552 0.863377 -5.272300 -0.202148 0.845825 0.493676 -1.010900 0.000000 0.000000 0.000000 1.000000
-0.991776 -0.110007 -0.065412 9.618300 0.003543 -0.534493 0.845165 -5.272300 -0.127936 0.837983 0.530487 -1.010900 0.000000 0.000000 0.000000 1.000000
-0.998574 -0.049492 -0.020030 9.618300 0.011316 -0.562814 0.826506 -5.272300 -0.052179 0.825100 0.562572 -1.010900 0.000000 0.000000 0.000000 1.000000
-0.999510 0.008780 0.030052 9.618300 0.019295 -0.583156 0.812131 -5.272300 0.024655 0.812313 0.582700 -1.010900 0.000000 0.000000 0.000000 1.000000
-0.994366 0.067147 0.082025 9.618300 0.025105 -0.602606 0.797644 -5.272300 0.102988 0.795209 0.597525 -1.010900 0.000000 0.000000 0.000000 1.000000
-0.983202 0.121557 0.136151 9.618300 0.031701 -0.620884 0.783261 -5.272300 0.179744 0.774420 0.606602 -1.010900 0.000000 0.000000 0.000000 1.000000
-0.966137 0.176206 0.188496 9.618300 0.032293 -0.642205 0.765853 -5.272300 0.256001 0.746006 0.614767 -1.010900 0.000000 0.000000 0.000000 1.000000
-0.943499 0.231053 0.237536 9.618300 0.024073 -0.667135 0.744548 -5.272300 0.330499 0.708198 0.623879 -1.010900 0.000000 0.000000 0.000000 1.000000
-0.916203 0.284750 0.281940 9.618300 0.011907 -0.683936 0.729445 -5.272300 0.400538 0.671677 0.623233 -1.010900 0.000000 0.000000 0.000000 1.000000
-0.885389 0.336127 0.321100 9.618300 -0.004848 -0.697397 0.716668 -5.272300 0.464826 0.632973 0.619097 -1.010900 0.000000 0.000000 0.000000 1.000000
-0.852858 0.382107 0.355848 9.618300 -0.029080 -0.715215 0.698299 -5.272300 0.521333 0.585202 0.621088 -1.010900 0.000000 0.000000 0.000000 1.000000
-0.823127 0.415664 0.386893 9.618300 -0.051348 -0.733011 0.678276 -5.272300 0.565532 0.538441 0.624704 -1.010900 0.000000 0.000000 0.000000 1.000000
-0.799346 0.437989 0.411354 9.618300 -0.069135 -0.747089 0.661119 -5.272300 0.596881 0.500024 0.627462 -1.010900 0.000000 0.000000 0.000000 1.000000
-0.784477 0.449646 0.427099 9.618300 -0.083727 -0.759181 0.645472 -5.272300 0.614480 0.470598 0.633208 -1.010900 0.000000 0.000000 0.000000 1.000000
-0.780854 0.451777 0.431467 9.618300 -0.096592 -0.769671 0.631091 -5.272300 0.617201 0.451114 0.644639 -1.010900 0.000000 0.000000 0.000000 1.000000
-0.773999 0.456180 0.439119 9.618300 -0.101183 -0.773703 0.625416 -5.272300 0.625050 0.439640 0.645003 -1.010900 0.000000 0.000000 0.000000 1.000000
-0.753097 0.469691 0.460690 9.618300 -0.096599 -0.771585 0.628748 -5.272300 0.650779 0.429006 0.626451 -1.010900 0.000000 0.000000 0.000000 1.000000
-0.725826 0.484940 0.487863 9.618300 -0.085894 -0.767571 0.635183 -5.272300 0.682494 0.419128 0.598776 -1.010900 0.000000 0.000000 0.000000 1.000000
-0.698125 0.502216 0.510294 9.618300 -0.074231 -0.759655 0.646076 -5.272300 0.712117 0.413162 0.567615 -1.010900 0.000000 0.000000 0.000000 1.000000
-0.675614 0.520540 0.522095 9.618300 -0.063446 -0.746584 0.662259 -5.272300 0.734521 0.414306 0.537429 -1.010900 0.000000 0.000000 0.000000 1.000000
-0.663647 0.534110 0.523735 9.618300 -0.050066 -0.730283 0.681308 -5.272300 0.746368 0.425927 0.511391 -1.010900 0.000000 0.000000 0.000000 1.000000
-0.662068 0.544000 0.515490 9.618300 -0.038032 -0.711331 0.701827 -5.272300 0.748478 0.445052 0.491639 -1.010900 0.000000 0.000000 0.000000 1.000000
-0.673882 0.543771 0.500195 9.618300 -0.022704 -0.691923 0.721614 -5.272300 0.738490 0.474927 0.478620 -1.010900 0.000000 0.000000 0.000000 1.000000
-0.680126 0.548518 0.486371 9.618300 -0.011148 -0.671110 0.741274 -5.272300 0.733010 0.498738 0.462554 -1.010900 0.000000 0.000000 0.000000 1.000000
-0.681599 0.555709 0.476036 9.618300 0.003345 -0.648193 0.761469 -5.272300 0.731718 0.520609 0.439949 -1.010900 0.000000 0.000000 0.000000 1.000000
-0.678601 0.562007 0.472916 9.618300 0.017043 -0.631633 0.775080 -5.272300 0.734309 0.534030 0.419048 -1.010900 0.000000 0.000000 0.000000 1.000000
-0.671584 0.572187 0.470719 9.618300 0.024882 -0.617534 0.786150 -5.272300 0.740510 0.539679 0.400489 -1.010900 0.000000 0.000000 0.000000 1.000000
-0.664207 0.580669 0.470800 9.618300 0.031280 -0.607652 0.793587 -5.272300 0.746894 0.541833 0.385443 -1.010900 0.000000 0.000000 0.000000 1.000000
-0.658011 0.587344 0.471220 9.618300 0.034571 -0.601560 0.798079 -5.272300 0.752214 0.541436 0.375528 -1.010900 0.000000 0.000000 0.000000 1.000000
-0.655454 0.592537 0.468272 9.618300 0.035078 -0.595481 0.802603 -5.272300 0.754420 0.542495 0.369526 -1.010900 0.000000 0.000000 0.000000 1.000000</float_array>
        <technique_common>
          <accessor source="#mixamorig_LeftUpLeg-Matrix-animation-output-transform-array" count="69" stride="16">
            <param type="float4x4"/>
          </accessor>
        </technique_common>
      </source>
      <source id="mixamorig_LeftUpLeg-Interpolations">
        <Name_array id="mixamorig_LeftUpLeg-Interpolations-array" count="69">
 LINEAR LINEAR LINEAR LINEAR LINEAR LINEAR LINEAR LINEAR LINEAR LINEAR LINEAR
LINEAR LINEAR LINEAR LINEAR LINEAR LINEAR LINEAR LINEAR LINEAR LINEAR LINEAR LINEAR
LINEAR LINEAR LINEAR LINEAR LINEAR LINEAR LINEAR LINEAR LINEAR LINEAR LINEAR LINEAR
LINEAR LINEAR LINEAR LINEAR LINEAR LINEAR LINEAR LINEAR LINEAR LINEAR LINEAR LINEAR
LINEAR LINEAR LINEAR LINEAR LINEAR LINEAR LINEAR LINEAR LINEAR LINEAR LINEAR LINEAR
LINEAR LINEAR LINEAR LINEAR LINEAR LINEAR LINEAR LINEAR LINEAR LINEAR</Name_array>
        <technique_common>
          <accessor source="#mixamorig_LeftUpLeg-Interpolations-array" count="69">
            <param type="name"/>
          </accessor>
        </technique_common>
      </source>
      <sampler id="mixamorig_LeftUpLeg-Matrix-animation-transform">
        <input semantic="INPUT" source="#mixamorig_LeftUpLeg-Matrix-animation-input"/>
        <input semantic="OUTPUT" source="#mixamorig_LeftUpLeg-Matrix-animation-output-transform"/>
        <input semantic="INTERPOLATION" source="#mixamorig_LeftUpLeg-Interpolations"/>
      </sampler>
      <channel source="#mixamorig_LeftUpLeg-Matrix-animation-transform" target="mixamorig_LeftUpLeg/matrix"/>
    </animation>
    <animation id="mixamorig_LeftLeg-anim" name="mixamorig_LeftLeg">
      <source id="mixamorig_LeftLeg-Matrix-animation-input">
        <float_array id="mixamorig_LeftLeg-Matrix-animation-input-array" count="69">

0.000000 0.033333 0.066667 0.100000 0.133333 0.166667 0.200000 0.233333 0.266667 0.300000 0.333333 0.366667 0.400000 0.433333 0.466667 0.500000
0.533333 0.566667 0.600000 0.633333 0.666667 0.700000 0.733333 0.766667 0.800000 0.833333 0.866667 0.900000 0.933333 0.966667 1.000000 1.033333
1.066667 1.100000 1.133333 1.166667 1.200000 1.233333 1.266667 1.300000 1.333333 1.366667 1.400000 1.433333 1.466667 1.500000 1.533333 1.566667
1.600000 1.633333 1.666667 1.700000 1.733333 1.766667 1.800000 1.833333 1.866667 1.900000 1.933333 1.966667 2.000000 2.033333 2.066667 2.100000
2.133333 2.166667 2.200000 2.233333 2.266667</float_array>
        <technique_common>
          <accessor source="#mixamorig_LeftLeg-Matrix-animation-input-array" count="69">
            <param name="TIME" type="float"/>
          </accessor>
        </technique_common>
      </source>
      <source id="mixamorig_LeftLeg-Matrix-animation-output-transform">
        <float_array id="mixamorig_LeftLeg-Matrix-animation-output-transform-array" count="1104">

0.939215 -0.083311 0.333068 -0.000000 -0.206370 0.638308 0.741602 43.365002 -0.274383 -0.765260 0.582316 0.000000 0.000000 0.000000 0.000000 1.000000
0.944645 -0.073771 0.319693 0.000000 -0.200721 0.640831 0.740977 43.365002 -0.259532 -0.764129 0.590550 0.000000 0.000000 0.000000 0.000000 1.000000
0.949696 -0.064463 0.306467 -0.000000 -0.196012 0.640860 0.742212 43.365002 -0.244248 -0.764947 0.595986 0.000000 0.000000 0.000000 0.000000 1.000000
0.955373 -0.055381 0.290164 0.000000 -0.189725 0.637861 0.746416 43.365002 -0.226422 -0.768157 0.598889 0.000000 0.000000 0.000000 0.000000 1.000000
0.962819 -0.046391 0.266133 -0.000000 -0.177613 0.633579 0.753015 43.365002 -0.203549 -0.772286 0.601782 0.000000 0.000000 0.000000 0.000000 1.000000
0.971107 -0.035602 0.235973 -0.000000 -0.161942 0.627984 0.761191 43.365002 -0.175287 -0.777412 0.604074 -0.000000 0.000000 0.000000 0.000000 1.000000
0.978376 -0.022464 0.205611 -0.000000 -0.147243 0.622495 0.768648 43.365002 -0.145259 -0.782302 0.605726 0.000000 0.000000 0.000000 0.000000 1.000000
0.983332 -0.009167 0.181589 0.000000 -0.138308 0.610584 0.779781 43.365002 -0.118023 -0.791898 0.599139 0.000000 0.000000 0.000000 0.000000 1.000000
0.984853 0.002426 0.173372 0.000000 -0.139909 0.601740 0.786342 43.365002 -0.102417 -0.798688 0.592965 -0.000000 0.000000 0.000000 0.000000 1.000000
0.983823 0.010426 0.178842 0.000000 -0.149736 0.595904 0.788972 43.365002 -0.098347 -0.802988 0.587825 0.000000 0.000000 0.000000 0.000000 1.000000
0.981579 0.012729 0.190631 0.000000 -0.161031 0.592080 0.789627 43.365002 -0.102817 -0.805779 0.583223 -0.000000 0.000000 0.000000 0.000000 1.000000
0.978350 0.007673 0.206815 0.000000 -0.171608 0.588652 0.789962 43.365002 -0.115681 -0.808350 0.577225 0.000000 0.000000 0.000000 0.000000 1.000000
0.974077 -0.006894 0.226111 0.000000 -0.178932 0.588078 0.788764 43.365002 -0.138409 -0.808775 0.571599 0.000000 0.000000 0.000000 0.000000 1.000000
0.968084 -0.030847 0.248721 0.000000 -0.182941 0.591349 0.785391 43.365002 -0.171308 -0.805826 0.566832 0.000000 0.000000 0.000000 0.000000 1.000000
0.959628 -0.062544 0.274230 0.000000 -0.183359 0.600226 0.778530 43.365002 -0.213292 -0.797382 0.564525 0.000000 0.000000 0.000000 0.000000 1.000000
0.948102 -0.099926 0.301857 0.000000 -0.178697 0.617780 0.765778 43.365002 -0.263002 -0.779976 0.567862 0.000000 0.000000 0.000000 0.000000 1.000000
0.932215 -0.139751 0.333833 0.000000 -0.170108 0.644981 0.745025 43.365002 -0.319434 -0.751312 0.577488 -0.000000 0.000000 0.000000 0.000000 1.000000
0.913674 -0.177215 0.365779 0.000000 -0.154900 0.680204 0.716470 43.365002 -0.375773 -0.711279 0.594034 0.000000 0.000000 0.000000 0.000000 1.000000
0.894841 -0.206691 0.395648 -0.000000 -0.134062 0.720984 0.679860 43.365002 -0.425777 -0.661408 0.617457 0.000000 0.000000 0.000000 0.000000 1.000000
0.877464 -0.223758 0.424252 0.000000 -0.115114 0.760422 0.639146 43.365002 -0.465624 -0.609665 0.641485 0.000000 0.000000 0.000000 0.000000 1.000000
0.871957 -0.225842 0.434380 0.000000 -0.099546 0.786928 0.608962 43.365002 -0.479355 -0.574230 0.663686 0.000000 0.000000 0.000000 0.000000 1.000000
0.875783 -0.221801 0.428728 0.000000 -0.096583 0.789700 0.605843 43.365002 -0.472944 -0.571995 0.670184 -0.000000 0.000000 0.000000 0.000000 1.000000
0.878750 -0.222149 0.422431 0.000000 -0.109560 0.767553 0.631553 43.365002 -0.464537 -0.601259 0.650148 0.000000 0.000000 0.000000 0.000000 1.000000
0.877345 -0.223792 0.424479 -0.000000 -0.122171 0.751267 0.648593 43.365002 -0.464047 -0.620899 0.631779 0.000000 0.000000 0.000000 0.000000 1.000000
0.887732 -0.226083 0.401023 -0.000000 -0.119009 0.728792 0.674314 43.365002 -0.444713 -0.646335 0.620065 -0.000000 0.000000 0.000000 0.000000 1.000000
0.902058 -0.228642 0.366078 0.000000 -0.110170 0.698094 0.707480 43.365002 -0.417317 -0.678519 0.604532 0.000000 0.000000 0.000000 0.000000 1.000000
0.905667 -0.231368 0.355297 -0.000000 -0.117551 0.668113 0.734715 43.365002 -0.407368 -0.707173 0.577890 0.000000 0.000000 0.000000 0.000000 1.000000
0.891429 -0.231725 0.389433 -0.000000 -0.152670 0.655560 0.739549 43.365002 -0.426669 -0.718710 0.549008 -0.000000 0.000000 0.000000 0.000000 1.000000
0.875220 -0.229471 0.425832 -0.000000 -0.187447 0.650647 0.735882 43.365002 -0.445930 -0.723879 0.526446 0.000000 0.000000 0.000000 0.000000 1.000000
0.871334 -0.222194 0.437501 -0.000000 -0.202408 0.649460 0.732962 43.365002 -0.446999 -0.727208 0.520923 0.000000 0.000000 0.000000 0.000000 1.000000
0.870535 -0.213594 0.443336 0.000000 -0.209054 0.655048 0.726092 43.365002 -0.445495 -0.724769 0.525589 0.000000 0.000000 0.000000 0.000000 1.000000
0.871313 -0.205807 0.445485 0.000000 -0.210953 0.662559 0.718689 43.365002 -0.443072 -0.720180 0.533880 0.000000 0.000000 0.000000 0.000000 1.000000
0.872405 -0.199506 0.446215 0.000000 -0.212389 0.667490 0.713686 43.365002 -0.440229 -0.717394 0.539948 -0.000000 0.000000 0.000000 0.000000 1.000000
0.872288 -0.195520 0.448203 -0.000000 -0.214282 0.671054 0.709768 43.365002 -0.439542 -0.715163 0.543456 0.000000 0.000000 0.000000 0.000000 1.000000
0.872357 -0.194091 0.448690 0.000000 -0.214527 0.672738 0.708098 43.365002 -0.439286 -0.713970 0.545230 0.000000 0.000000 0.000000 0.000000 1.000000
0.873134 -0.194448 0.447020 0.000000 -0.212526 0.673427 0.708045 43.365002 -0.438714 -0.713222 0.546667 0.000000 0.000000 0.000000 0.000000 1.000000
0.873575 -0.196525 0.445247 0.000000 -0.206920 0.678072 0.705268 43.365002 -0.440512 -0.708235 0.551681 0.000000 0.000000 0.000000 0.000000 1.000000
0.874441 -0.199483 0.442222 -0.000000 -0.198239 0.685043 0.701012 43.365002 -0.442780 -0.700659 0.559484 -0.000000 0.000000 0.000000 0.000000 1.000000
0.876091 -0.202459 0.437579 -0.000000 -0.187877 0.692475 0.696549 43.365002 -0.444035 -0.692451 0.568634 0.000000 0.000000 0.000000 0.000000 1.000000
0.877765 -0.205073 0.432981 0.000000 -0.178317 0.698980 0.692554 43.365002 -0.444669 -0.685108 0.576972 -0.000000 0.000000 0.000000 0.000000 1.000000
0.880003 -0.207088 0.427446 -0.000000 -0.170612 0.702059 0.691379 43.365002 -0.443268 -0.681343 0.582482 0.000000 0.000000 0.000000 0.000000 1.000000
0.881256 -0.209185 0.423827 0.000000 -0.162825 0.707465 0.687737 43.365002 -0.443707 -0.675082 0.589397 0.000000 0.000000 0.000000 0.000000 1.000000
0.881437 -0.210795 0.422652 0.000000 -0.155413 0.715593 0.681010 43.365002 -0.446000 -0.665953 0.597989 0.000000 0.000000 0.000000 0.000000 1.000000
0.881711 -0.211131 0.421912 0.000000 -0.147396 0.726243 0.671451 43.365002 -0.448174 -0.654213 0.609216 0.000000 0.000000 0.000000 0.000000 1.000000
0.882418 -0.209116 0.421436 -0.000000 -0.137993 0.741342 0.656788 43.365002 -0.449773 -0.637717 0.625317 0.000000 0.000000 0.000000 0.000000 1.000000
0.883711 -0.204459 0.421011 -0.000000 -0.129364 0.757788 0.639549 43.365002 -0.449799 -0.619640 0.643216 0.000000 0.000000 0.000000 0.000000 1.000000
0.885314 -0.197268 0.421075 -0.000000 -0.122767 0.774258 0.620848 43.365002 -0.448495 -0.601340 0.661244 0.000000 0.000000 0.000000 0.000000 1.000000
0.887010 -0.188000 0.421745 0.000000 -0.118773 0.789736 0.601839 43.365002 -0.446213 -0.583929 0.678174 0.000000 0.000000 0.000000 0.000000 1.000000
0.889254 -0.176995 0.421782 0.000000 -0.116445 0.804125 0.582943 43.365002 -0.442343 -0.567499 0.694462 0.000000 0.000000 0.000000 0.000000 1.000000
0.893738 -0.164654 0.417280 -0.000000 -0.113151 0.817380 0.564878 43.365002 -0.434085 -0.552068 0.711892 -0.000000 0.000000 0.000000 0.000000 1.000000
0.898598 -0.150930 0.411998 0.000000 -0.110749 0.830555 0.545814 43.365002 -0.424566 -0.536096 0.729620 0.000000 0.000000 0.000000 0.000000 1.000000
0.904317 -0.138242 0.403857 0.000000 -0.107940 0.841300 0.529682 43.365002 -0.412989 -0.522592 0.745880 0.000000 0.000000 0.000000 0.000000 1.000000
0.911906 -0.129188 0.389537 0.000000 -0.102503 0.847386 0.520990 43.365002 -0.397393 -0.515022 0.759494 -0.000000 0.000000 0.000000 0.000000 1.000000
0.920692 -0.126702 0.369152 -0.000000 -0.093754 0.846347 0.524316 43.365002 -0.378862 -0.517343 0.767346 -0.000000 0.000000 0.000000 0.000000 1.000000
0.926411 -0.128361 0.353957 -0.000000 -0.088283 0.839830 0.535623 43.365002 -0.366017 -0.527455 0.766696 0.000000 0.000000 0.000000 0.000000 1.000000
0.928518 -0.128626 0.348295 0.000000 -0.092073 0.829004 0.551611 43.365002 -0.359690 -0.544249 0.757902 0.000000 0.000000 0.000000 0.000000 1.000000
0.929484 -0.124300 0.347287 -0.000000 -0.103227 0.816236 0.568422 43.365002 -0.354123 -0.564188 0.745847 0.000000 0.000000 0.000000 0.000000 1.000000
0.930584 -0.115641 0.347333 -0.000000 -0.119557 0.800764 0.586926 43.365002 -0.346005 -0.587711 0.731353 0.000000 0.000000 0.000000 0.000000 1.000000
0.932842 -0.103462 0.345112 0.000000 -0.137790 0.782612 0.607069 43.365002 -0.332897 -0.613852 0.715797 0.000000 0.000000 0.000000 0.000000 1.000000
0.935202 -0.090116 0.342456 0.000000 -0.155778 0.763782 0.626394 43.365002 -0.318010 -0.639152 0.700253 0.000000 0.000000 0.000000 0.000000 1.000000
0.937835 -0.080217 0.337685 0.000000 -0.169270 0.743671 0.646762 43.365002 -0.303008 -0.663716 0.683862 -0.000000 0.000000 0.000000 0.000000 1.000000
0.941151 -0.077533 0.328973 0.000000 -0.173506 0.724462 0.667121 43.365002 -0.290053 -0.684940 0.668376 0.000000 0.000000 0.000000 0.000000 1.000000
0.942552 -0.076399 0.325205 0.000000 -0.179511 0.705164 0.685944 43.365002 -0.281728 -0.704916 0.650940 0.000000 0.000000 0.000000 0.000000 1.000000
0.943220 -0.076145 0.323325 0.000000 -0.185396 0.686975 0.702633 43.365002 -0.275618 -0.722680 0.633851 0.000000 0.000000 0.000000 0.000000 1.000000
0.942873 -0.077026 0.324125 -0.000000 -0.191322 0.671289 0.716077 43.365002 -0.272738 -0.737182 0.618204 -0.000000 0.000000 0.000000 0.000000 1.000000
0.941685 -0.078976 0.327097 0.000000 -0.197908 0.656178 0.728192 43.365002 -0.272143 -0.750462 0.602283 0.000000 0.000000 0.000000 0.000000 1.000000
0.940350 -0.081080 0.330406 0.000000 -0.202748 0.646324 0.735634 43.365002 -0.273194 -0.758743 0.591332 0.000000 0.000000 0.000000 0.000000 1.000000
0.939346 -0.082603 0.332876 -0.000000 -0.205446 0.641646 0.738974 43.365002 -0.274630 -0.762540 0.585757 0.000000 0.000000 0.000000 0.000000 1.000000
0.939215 -0.083311 0.333067 0.000000 -0.206371 0.638301 0.741608 43.365002 -0.274381 -0.765265 0.582309 0.000000 0.000000 0.000000 0.000000 1.000000</float_array>
        <technique_common>
          <accessor source="#mixamorig_LeftLeg-Matrix-animation-output-transform-array" count="69" stride="16">
            <param type="float4x4"/>
          </accessor>
        </technique_common>
      </source>
      <source id="mixamorig_LeftLeg-Interpolations">
        <Name_array id="mixamorig_LeftLeg-Interpolations-array" count="69">
 LINEAR LINEAR LINEAR LINEAR LINEAR LINEAR LINEAR LINEAR LINEAR LINEAR LINEAR
LINEAR LINEAR LINEAR LINEAR LINEAR LINEAR LINEAR LINEAR LINEAR LINEAR LINEAR LINEAR
LINEAR LINEAR LINEAR LINEAR LINEAR LINEAR LINEAR LINEAR LINEAR LINEAR LINEAR LINEAR
LINEAR LINEAR LINEAR LINEAR LINEAR LINEAR LINEAR LINEAR LINEAR LINEAR LINEAR LINEAR
LINEAR LINEAR LINEAR LINEAR LINEAR LINEAR LINEAR LINEAR LINEAR LINEAR LINEAR LINEAR
LINEAR LINEAR LINEAR LINEAR LINEAR LINEAR LINEAR LINEAR LINEAR LINEAR</Name_array>
        <technique_common>
          <accessor source="#mixamorig_LeftLeg-Interpolations-array" count="69">
            <param type="name"/>
          </accessor>
        </technique_common>
      </source>
      <sampler id="mixamorig_LeftLeg-Matrix-animation-transform">
        <input semantic="INPUT" source="#mixamorig_LeftLeg-Matrix-animation-input"/>
        <input semantic="OUTPUT" source="#mixamorig_LeftLeg-Matrix-animation-output-transform"/>
        <input semantic="INTERPOLATION" source="#mixamorig_LeftLeg-Interpolations"/>
      </sampler>
      <channel source="#mixamorig_LeftLeg-Matrix-animation-transform" target="mixamorig_LeftLeg/matrix"/>
    </animation>
    <animation id="mixamorig_LeftFoot-anim" name="mixamorig_LeftFoot">
      <source id="mixamorig_LeftFoot-Matrix-animation-input">
        <float_array id="mixamorig_LeftFoot-Matrix-animation-input-array" count="69">

0.000000 0.033333 0.066667 0.100000 0.133333 0.166667 0.200000 0.233333 0.266667 0.300000 0.333333 0.366667 0.400000 0.433333 0.466667 0.500000
0.533333 0.566667 0.600000 0.633333 0.666667 0.700000 0.733333 0.766667 0.800000 0.833333 0.866667 0.900000 0.933333 0.966667 1.000000 1.033333
1.066667 1.100000 1.133333 1.166667 1.200000 1.233333 1.266667 1.300000 1.333333 1.366667 1.400000 1.433333 1.466667 1.500000 1.533333 1.566667
1.600000 1.633333 1.666667 1.700000 1.733333 1.766667 1.800000 1.833333 1.866667 1.900000 1.933333 1.966667 2.000000 2.033333 2.066667 2.100000
2.133333 2.166667 2.200000 2.233333 2.266667</float_array>
        <technique_common>
          <accessor source="#mixamorig_LeftFoot-Matrix-animation-input-array" count="69">
            <param name="TIME" type="float"/>
          </accessor>
        </technique_common>
      </source>
      <source id="mixamorig_LeftFoot-Matrix-animation-output-transform">
        <float_array id="mixamorig_LeftFoot-Matrix-animation-output-transform-array" count="1104">

0.986468 -0.030785 -0.161037 -0.000000 -0.105643 0.631783 -0.767913 44.493000 0.125381 0.774534 0.619981 0.000000 0.000000 0.000000 0.000000 1.000000
0.985764 -0.030943 -0.165266 0.000000 -0.109602 0.627128 -0.771167 44.493000 0.127505 0.778301 0.614808 0.000000 0.000000 0.000000 0.000000 1.000000
0.985442 -0.032148 -0.166942 -0.000000 -0.111447 0.619386 -0.777136 44.493000 0.128385 0.784428 0.606787 0.000000 0.000000 0.000000 0.000000 1.000000
0.984324 -0.035601 -0.172737 0.000000 -0.116090 0.606534 -0.786536 44.493000 0.132773 0.794260 0.592893 0.000000 0.000000 0.000000 0.000000 1.000000
0.980718 -0.042588 -0.190730 -0.000000 -0.129741 0.587977 -0.798405 44.493000 0.146147 0.807756 0.571114 0.000000 0.000000 0.000000 0.000000 1.000000
0.974514 -0.053441 -0.217867 0.000000 -0.150611 0.563894 -0.811998 44.493000 0.166247 0.824116 0.541474 -0.000000 0.000000 0.000000 0.000000 1.000000
0.967381 -0.066758 -0.244371 0.000000 -0.171270 0.538421 -0.825088 44.493000 0.186655 0.840028 0.509425 0.000000 0.000000 0.000000 0.000000 1.000000
0.964823 -0.092388 -0.246133 0.000000 -0.164608 0.517705 -0.839575 44.493000 0.204991 0.850557 0.484285 0.000000 0.000000 0.000000 0.000000 1.000000
0.963387 -0.110175 -0.244433 0.000000 -0.155445 0.513291 -0.844020 44.493000 0.218455 0.851113 0.477371 -0.000000 0.000000 0.000000 0.000000 1.000000
0.964356 -0.127545 -0.231839 -0.000000 -0.135654 0.513961 -0.847020 44.493000 0.227189 0.848279 0.478339 0.000000 0.000000 0.000000 0.000000 1.000000
0.965334 -0.144900 -0.217106 0.000000 -0.113403 0.516338 -0.848843 44.493000 0.235097 0.844037 0.482007 0.000000 0.000000 0.000000 0.000000 1.000000
0.965591 -0.162486 -0.203056 0.000000 -0.091840 0.517438 -0.850778 44.493000 0.243309 0.840153 0.484711 0.000000 0.000000 0.000000 0.000000 1.000000
0.964096 -0.181469 -0.193875 0.000000 -0.073442 0.519397 -0.851371 44.493000 0.255196 0.835042 0.487421 0.000000 0.000000 0.000000 0.000000 1.000000
0.960857 -0.201238 -0.190412 0.000000 -0.058122 0.525579 -0.848757 44.493000 0.270878 0.826602 0.493310 -0.000000 0.000000 0.000000 0.000000 1.000000
0.956633 -0.219948 -0.190989 0.000000 -0.044903 0.536471 -0.842723 44.493000 0.287815 0.814753 0.503329 0.000000 0.000000 0.000000 0.000000 1.000000
0.952158 -0.234985 -0.195387 -0.000000 -0.034061 0.553763 -0.831977 44.493000 0.303701 0.798829 0.519266 0.000000 0.000000 0.000000 0.000000 1.000000
0.948930 -0.243674 -0.200386 0.000000 -0.023570 0.578633 -0.815247 44.493000 0.314604 0.778336 0.543339 0.000000 0.000000 0.000000 0.000000 1.000000
0.946946 -0.245067 -0.207934 0.000000 -0.016271 0.609590 -0.792550 44.493000 0.320982 0.753885 0.573261 0.000000 0.000000 0.000000 0.000000 1.000000
0.946554 -0.239173 -0.216405 0.000000 -0.011882 0.644621 -0.764410 44.493000 0.322326 0.726127 0.607326 0.000000 0.000000 0.000000 0.000000 1.000000
0.948571 -0.227765 -0.219854 0.000000 -0.007135 0.678942 -0.734157 44.493000 0.316483 0.697969 0.642400 0.000000 0.000000 0.000000 0.000000 1.000000
0.950407 -0.218039 -0.221780 0.000000 -0.006860 0.698225 -0.715845 44.493000 0.310934 0.681866 0.662102 0.000000 0.000000 0.000000 0.000000 1.000000
0.951336 -0.194730 -0.238831 0.000000 -0.027548 0.718189 -0.695303 44.493000 0.306922 0.668046 0.677874 0.000000 0.000000 0.000000 0.000000 1.000000
0.954661 -0.194161 -0.225663 0.000000 -0.014342 0.727157 -0.686322 44.493000 0.297349 0.658441 0.691404 0.000000 0.000000 0.000000 0.000000 1.000000
0.955844 -0.189051 -0.224992 0.000000 -0.015546 0.732007 -0.681120 44.493000 0.293462 0.654542 0.696746 0.000000 0.000000 0.000000 0.000000 1.000000
0.949672 -0.189438 -0.249472 0.000000 -0.037253 0.722456 -0.690413 44.493000 0.311023 0.664959 0.679039 0.000000 0.000000 0.000000 0.000000 1.000000
0.939370 -0.193706 -0.282952 0.000000 -0.069883 0.699700 -0.711011 44.493000 0.335709 0.687676 0.643740 -0.000000 0.000000 0.000000 0.000000 1.000000
0.935312 -0.195754 -0.294740 0.000000 -0.090242 0.673488 -0.733669 44.493000 0.342122 0.712808 0.612256 -0.000000 0.000000 0.000000 0.000000 1.000000
0.944869 -0.189646 -0.266939 -0.000000 -0.077727 0.662012 -0.745452 44.493000 0.318089 0.725103 0.610775 -0.000000 0.000000 0.000000 0.000000 1.000000
0.954341 -0.181223 -0.237467 0.000000 -0.061733 0.658142 -0.750359 44.493000 0.292269 0.730758 0.616905 0.000000 0.000000 0.000000 0.000000 1.000000
0.956969 -0.176128 -0.230629 0.000000 -0.059528 0.658702 -0.750045 44.493000 0.284020 0.731499 0.619873 -0.000000 0.000000 0.000000 0.000000 1.000000
0.958067 -0.170845 -0.230042 0.000000 -0.060660 0.663696 -0.745539 44.493000 0.280050 0.728230 0.625502 0.000000 0.000000 0.000000 0.000000 1.000000
0.958238 -0.165735 -0.233050 0.000000 -0.064375 0.669008 -0.740462 44.493000 0.278632 0.724542 0.630399 0.000000 0.000000 0.000000 0.000000 1.000000
0.958149 -0.161810 -0.236154 0.000000 -0.068160 0.672259 -0.737172 44.493000 0.278039 0.722416 0.633095 -0.000000 0.000000 0.000000 0.000000 1.000000
0.958530 -0.159080 -0.236463 0.000000 -0.069233 0.674881 -0.734671 44.493000 0.276456 0.720575 0.635880 0.000000 0.000000 0.000000 0.000000 1.000000
0.958777 -0.159287 -0.235318 -0.000000 -0.067485 0.676786 -0.733080 44.493000 0.276030 0.718741 0.638138 0.000000 0.000000 0.000000 0.000000 1.000000
0.958728 -0.162496 -0.233315 0.000000 -0.062971 0.678861 -0.731562 44.493000 0.277264 0.716061 0.640611 0.000000 0.000000 0.000000 0.000000 1.000000
0.958683 -0.165882 -0.231106 0.000000 -0.057087 0.683682 -0.727543 44.493000 0.278690 0.710677 0.645965 0.000000 0.000000 0.000000 0.000000 1.000000
0.958286 -0.169298 -0.230274 0.000000 -0.051918 0.689171 -0.722736 44.493000 0.281056 0.704543 0.651634 -0.000000 0.000000 0.000000 0.000000 1.000000
0.957382 -0.172705 -0.231500 0.000000 -0.048882 0.693076 -0.719205 44.493000 0.284657 0.699870 0.655097 0.000000 0.000000 0.000000 0.000000 1.000000
0.956334 -0.175643 -0.233614 0.000000 -0.047810 0.694515 -0.717888 44.493000 0.288340 0.697709 0.655791 -0.000000 0.000000 0.000000 0.000000 1.000000
0.954889 -0.178361 -0.237432 0.000000 -0.049483 0.692790 -0.719440 44.493000 0.292811 0.698734 0.652712 0.000000 0.000000 0.000000 0.000000 1.000000
0.953691 -0.178442 -0.242141 0.000000 -0.053154 0.692369 -0.719583 44.493000 0.296054 0.699130 0.650822 0.000000 0.000000 0.000000 0.000000 1.000000
0.952937 -0.175761 -0.247021 0.000000 -0.057725 0.694698 -0.716982 44.493000 0.297623 0.697498 0.651857 -0.000000 0.000000 0.000000 0.000000 1.000000
0.952133 -0.170842 -0.253486 0.000000 -0.063852 0.699798 -0.711481 44.493000 0.298940 0.693610 0.655393 0.000000 0.000000 0.000000 0.000000 1.000000
0.951254 -0.163583 -0.261451 0.000000 -0.071158 0.708455 -0.702160 44.493000 0.300088 0.686537 0.662280 0.000000 0.000000 0.000000 0.000000 1.000000
0.950330 -0.155115 -0.269837 -0.000000 -0.078818 0.718768 -0.690768 44.493000 0.301098 0.677725 0.670841 0.000000 0.000000 0.000000 0.000000 1.000000
0.949577 -0.146040 -0.277446 0.000000 -0.085912 0.729835 -0.678203 44.493000 0.301535 0.667842 0.680488 0.000000 0.000000 0.000000 0.000000 1.000000
0.949096 -0.136605 -0.283823 0.000000 -0.092232 0.741047 -0.665088 44.493000 0.301181 0.657410 0.690726 0.000000 0.000000 0.000000 0.000000 1.000000
0.948476 -0.127479 -0.290074 0.000000 -0.098502 0.751498 -0.652340 44.493000 0.301150 0.647302 0.700220 0.000000 0.000000 0.000000 0.000000 1.000000
0.946501 -0.119470 -0.299772 0.000000 -0.107021 0.760161 -0.640861 44.493000 0.304439 0.638657 0.706707 0.000000 0.000000 0.000000 0.000000 1.000000
0.944431 -0.112733 -0.308774 0.000000 -0.114230 0.768248 -0.629878 44.493000 0.308223 0.630148 0.712679 -0.000000 0.000000 0.000000 0.000000 1.000000
0.941623 -0.107986 -0.318880 0.000000 -0.121419 0.774496 -0.620816 44.493000 0.314011 0.623293 0.716172 0.000000 0.000000 0.000000 0.000000 1.000000
0.936856 -0.105641 -0.333379 0.000000 -0.131155 0.777571 -0.614965 44.493000 0.324191 0.619857 0.714617 0.000000 0.000000 0.000000 0.000000 1.000000
0.929804 -0.105511 -0.352608 0.000000 -0.144533 0.776399 -0.613446 44.493000 0.338489 0.621348 0.706648 -0.000000 0.000000 0.000000 0.000000 1.000000
0.927774 -0.099425 -0.359652 0.000000 -0.156898 0.770557 -0.617759 44.493000 0.338553 0.629569 0.699303 0.000000 0.000000 0.000000 0.000000 1.000000
0.934784 -0.083488 -0.345267 0.000000 -0.164715 0.759295 -0.629555 44.493000 0.314720 0.645369 0.696025 0.000000 0.000000 0.000000 0.000000 1.000000
0.946646 -0.061951 -0.316264 -0.000000 -0.166921 0.745207 -0.645604 44.493000 0.275678 0.663950 0.695106 -0.000000 0.000000 0.000000 0.000000 1.000000
0.959396 -0.038730 -0.279392 0.000000 -0.163909 0.729568 -0.663976 44.493000 0.229552 0.682810 0.693596 0.000000 0.000000 0.000000 0.000000 1.000000
0.970032 -0.017930 -0.242317 0.000000 -0.157290 0.713788 -0.682471 44.493000 0.185199 0.700132 0.689577 0.000000 0.000000 0.000000 0.000000 1.000000
0.977924 -0.003232 -0.208936 0.000000 -0.146865 0.700637 -0.698240 44.493000 0.148645 0.713511 0.684695 0.000000 0.000000 0.000000 0.000000 1.000000
0.982158 0.001373 -0.188052 0.000000 -0.137132 0.689510 -0.711176 44.493000 0.128687 0.724275 0.677396 0.000000 0.000000 0.000000 0.000000 1.000000
0.982464 -0.005560 -0.186368 0.000000 -0.132845 0.680489 -0.720616 44.493000 0.130828 0.732737 0.667817 0.000000 0.000000 0.000000 0.000000 1.000000
0.983025 -0.013216 -0.182994 0.000000 -0.126710 0.672427 -0.729237 44.493000 0.132688 0.740045 0.659338 -0.000000 0.000000 0.000000 0.000000 1.000000
0.983626 -0.019465 -0.179166 0.000000 -0.121204 0.664289 -0.737584 44.493000 0.133375 0.747223 0.651053 0.000000 0.000000 0.000000 0.000000 1.000000
0.984408 -0.024119 -0.174240 0.000000 -0.115861 0.656416 -0.745449 44.493000 0.132354 0.754013 0.643387 0.000000 0.000000 0.000000 0.000000 1.000000
0.985325 -0.027570 -0.168450 0.000000 -0.110701 0.647963 -0.753584 44.493000 0.129926 0.761173 0.635402 0.000000 0.000000 0.000000 0.000000 1.000000
0.986064 -0.029570 -0.163717 0.000000 -0.106955 0.641090 -0.759977 44.493000 0.127430 0.766896 0.628993 -0.000000 0.000000 0.000000 0.000000 1.000000
0.986496 -0.030408 -0.160939 0.000000 -0.105100 0.636109 -0.764408 44.493000 0.125620 0.771000 0.624323 -0.000000 0.000000 0.000000 0.000000 1.000000
0.986468 -0.030786 -0.161037 -0.000000 -0.105643 0.631780 -0.767915 44.493000 0.125381 0.774536 0.619979 0.000000 0.000000 0.000000 0.000000 1.000000</float_array>
        <technique_common>
          <accessor source="#mixamorig_LeftFoot-Matrix-animation-output-transform-array" count="69" stride="16">
            <param type="float4x4"/>
          </accessor>
        </technique_common>
      </source>
      <source id="mixamorig_LeftFoot-Interpolations">
        <Name_array id="mixamorig_LeftFoot-Interpolations-array" count="69">
 LINEAR LINEAR LINEAR LINEAR LINEAR LINEAR LINEAR LINEAR LINEAR LINEAR LINEAR
LINEAR LINEAR LINEAR LINEAR LINEAR LINEAR LINEAR LINEAR LINEAR LINEAR LINEAR LINEAR
LINEAR LINEAR LINEAR LINEAR LINEAR LINEAR LINEAR LINEAR LINEAR LINEAR LINEAR LINEAR
LINEAR LINEAR LINEAR LINEAR LINEAR LINEAR LINEAR LINEAR LINEAR LINEAR LINEAR LINEAR
LINEAR LINEAR LINEAR LINEAR LINEAR LINEAR LINEAR LINEAR LINEAR LINEAR LINEAR LINEAR
LINEAR LINEAR LINEAR LINEAR LINEAR LINEAR LINEAR LINEAR LINEAR LINEAR</Name_array>
        <technique_common>
          <accessor source="#mixamorig_LeftFoot-Interpolations-array" count="69">
            <param type="name"/>
          </accessor>
        </technique_common>
      </source>
      <sampler id="mixamorig_LeftFoot-Matrix-animation-transform">
        <input semantic="INPUT" source="#mixamorig_LeftFoot-Matrix-animation-input"/>
        <input semantic="OUTPUT" source="#mixamorig_LeftFoot-Matrix-animation-output-transform"/>
        <input semantic="INTERPOLATION" source="#mixamorig_LeftFoot-Interpolations"/>
      </sampler>
      <channel source="#mixamorig_LeftFoot-Matrix-animation-transform" target="mixamorig_LeftFoot/matrix"/>
    </animation>
    <animation id="mixamorig_LeftToeBase-anim" name="mixamorig_LeftToeBase">
      <source id="mixamorig_LeftToeBase-Matrix-animation-input">
        <float_array id="mixamorig_LeftToeBase-Matrix-animation-input-array" count="69">

0.000000 0.033333 0.066667 0.100000 0.133333 0.166667 0.200000 0.233333 0.266667 0.300000 0.333333 0.366667 0.400000 0.433333 0.466667 0.500000
0.533333 0.566667 0.600000 0.633333 0.666667 0.700000 0.733333 0.766667 0.800000 0.833333 0.866667 0.900000 0.933333 0.966667 1.000000 1.033333
1.066667 1.100000 1.133333 1.166667 1.200000 1.233333 1.266667 1.300000 1.333333 1.366667 1.400000 1.433333 1.466667 1.500000 1.533333 1.566667
1.600000 1.633333 1.666667 1.700000 1.733333 1.766667 1.800000 1.833333 1.866667 1.900000 1.933333 1.966667 2.000000 2.033333 2.066667 2.100000
2.133333 2.166667 2.200000 2.233333 2.266667</float_array>
        <technique_common>
          <accessor source="#mixamorig_LeftToeBase-Matrix-animation-input-array" count="69">
            <param name="TIME" type="float"/>
          </accessor>
        </technique_common>
      </source>
      <source id="mixamorig_LeftToeBase-Matrix-animation-output-transform">
        <float_array id="mixamorig_LeftToeBase-Matrix-animation-output-transform-array" count="1104">

0.994510 0.089207 -0.054693 0.000000 -0.102598 0.728597 -0.677215 20.000000 -0.020563 0.679108 0.733750 0.000000 0.000000 0.000000 0.000000 1.000000
0.994339 0.091269 -0.054412 0.000000 -0.103941 0.729112 -0.676455 20.000000 -0.022066 0.678281 0.734471 0.000000 0.000000 0.000000 0.000000 1.000000
0.994124 0.093753 -0.054110 0.000000 -0.105600 0.730084 -0.675149 20.000000 -0.023793 0.676896 0.735694 0.000000 0.000000 0.000000 0.000000 1.000000
0.993983 0.095392 -0.053840 0.000000 -0.106629 0.730135 -0.674932 20.000000 -0.025073 0.676612 0.735913 0.000000 0.000000 0.000000 0.000000 1.000000
0.994037 0.094915 -0.053688 -0.000000 -0.106091 0.727882 -0.677446 20.000000 -0.025221 0.679102 0.733611 -0.000000 0.000000 0.000000 0.000000 1.000000
0.994599 0.091256 -0.049440 0.000000 -0.100321 0.723193 -0.683320 20.000000 -0.026603 0.684590 0.728443 0.000000 0.000000 0.000000 0.000000 1.000000
0.995099 0.084769 -0.050920 0.000000 -0.096439 0.718027 -0.689301 20.000000 -0.021869 0.690833 0.722683 0.000000 0.000000 0.000000 0.000000 1.000000
0.995351 0.076934 -0.057952 0.000000 -0.095596 0.715522 -0.692018 20.000000 -0.011774 0.694341 0.719550 -0.000000 0.000000 0.000000 0.000000 1.000000
0.994918 0.069195 -0.073144 0.000000 -0.100602 0.713229 -0.693674 20.000000 0.004170 0.697507 0.716566 0.000000 0.000000 0.000000 0.000000 1.000000
0.993687 0.062691 -0.093036 0.000000 -0.109905 0.710394 -0.695170 20.000000 0.022511 0.701006 0.712800 0.000000 0.000000 0.000000 0.000000 1.000000
0.992316 0.058669 -0.108937 -0.000000 -0.118312 0.707615 -0.696623 20.000000 0.036215 0.704158 0.709119 0.000000 0.000000 0.000000 0.000000 1.000000
0.991485 0.058389 -0.116394 0.000000 -0.123539 0.704378 -0.698992 20.000000 0.041172 0.707419 0.705594 0.000000 0.000000 0.000000 0.000000 1.000000
0.991572 0.054048 -0.117747 -0.000000 -0.121597 0.701915 -0.701804 20.000000 0.044718 0.710207 0.702571 0.000000 0.000000 0.000000 0.000000 1.000000
0.992152 0.040331 -0.118352 0.000000 -0.112460 0.701545 -0.703696 20.000000 0.054648 0.711483 0.700575 0.000000 0.000000 0.000000 0.000000 1.000000
0.992729 0.022213 -0.118301 0.000000 -0.099664 0.702796 -0.704376 20.000000 0.067495 0.711045 0.699900 0.000000 0.000000 0.000000 0.000000 1.000000
0.993038 0.004679 -0.117704 0.000000 -0.086719 0.705297 -0.703588 20.000000 0.079724 0.708896 0.700793 0.000000 0.000000 0.000000 0.000000 1.000000
0.993143 -0.007283 -0.116682 0.000000 -0.077171 0.708887 -0.701088 20.000000 0.087821 0.705285 0.703463 0.000000 0.000000 0.000000 0.000000 1.000000
0.993422 -0.010021 -0.114068 0.000000 -0.072872 0.713075 -0.697290 20.000000 0.088327 0.701016 0.707655 0.000000 0.000000 0.000000 0.000000 1.000000
0.994632 -0.008390 -0.103139 0.000000 -0.066071 0.715607 -0.695371 20.000000 0.079641 0.698452 0.711211 0.000000 0.000000 0.000000 0.000000 1.000000
0.996322 -0.003476 -0.085616 -0.000000 -0.057157 0.717436 -0.694275 20.000000 0.063838 0.696615 0.714599 0.000000 0.000000 0.000000 0.000000 1.000000
0.997393 0.011944 -0.071160 0.000000 -0.057801 0.722576 -0.688871 20.000000 0.043190 0.691189 0.721383 0.000000 0.000000 0.000000 0.000000 1.000000
0.997550 0.036065 -0.059944 0.000000 -0.067219 0.731526 -0.678492 20.000000 0.019381 0.680859 0.732158 0.000000 0.000000 0.000000 0.000000 1.000000
0.996804 0.054417 -0.058481 0.000000 -0.079617 0.736452 -0.671788 20.000000 0.006512 0.674298 0.738431 -0.000000 0.000000 0.000000 0.000000 1.000000
0.996721 0.056623 -0.057804 0.000000 -0.080795 0.735531 -0.672656 20.000000 0.004429 0.675120 0.737694 0.000000 0.000000 0.000000 0.000000 1.000000
0.996720 0.056623 -0.057811 -0.000000 -0.080800 0.735529 -0.672658 20.000000 0.004434 0.675123 0.737692 0.000000 0.000000 0.000000 0.000000 1.000000
0.996721 0.056623 -0.057800 0.000000 -0.080792 0.735525 -0.672663 20.000000 0.004426 0.675127 0.737688 0.000000 0.000000 0.000000 0.000000 1.000000
0.996722 0.056622 -0.057779 0.000000 -0.080778 0.735519 -0.672672 20.000000 0.004409 0.675134 0.737682 0.000000 0.000000 0.000000 0.000000 1.000000
0.996723 0.056622 -0.057765 0.000000 -0.080768 0.735508 -0.672684 20.000000 0.004398 0.675146 0.737671 0.000000 0.000000 0.000000 0.000000 1.000000
0.996723 0.056621 -0.057761 0.000000 -0.080765 0.735495 -0.672699 20.000000 0.004394 0.675160 0.737658 0.000000 0.000000 0.000000 0.000000 1.000000
0.996724 0.056620 -0.057754 0.000000 -0.080760 0.735484 -0.672712 20.000000 0.004388 0.675172 0.737647 -0.000000 0.000000 0.000000 0.000000 1.000000
0.996725 0.056620 -0.057742 0.000000 -0.080751 0.735477 -0.672720 20.000000 0.004378 0.675179 0.737641 0.000000 0.000000 0.000000 0.000000 1.000000
0.996725 0.056620 -0.057736 0.000000 -0.080747 0.735472 -0.672726 20.000000 0.004374 0.675185 0.737635 0.000000 0.000000 0.000000 0.000000 1.000000
0.996725 0.056618 -0.057743 0.000000 -0.080751 0.735463 -0.672736 20.000000 0.004378 0.675195 0.737626 0.000000 0.000000 0.000000 0.000000 1.000000
0.996725 0.056618 -0.057736 0.000000 -0.080746 0.735457 -0.672743 20.000000 0.004372 0.675202 0.737620 0.000000 0.000000 0.000000 0.000000 1.000000
0.996726 0.056619 -0.057725 0.000000 -0.080739 0.735452 -0.672749 20.000000 0.004364 0.675207 0.737616 0.000000 0.000000 0.000000 0.000000 1.000000
0.996726 0.056618 -0.057715 -0.000000 -0.080732 0.735448 -0.672755 20.000000 0.004357 0.675212 0.737611 0.000000 0.000000 0.000000 0.000000 1.000000
0.996728 0.056618 -0.057693 0.000000 -0.080717 0.735446 -0.672759 20.000000 0.004340 0.675214 0.737609 0.000000 0.000000 0.000000 0.000000 1.000000
0.996728 0.056618 -0.057684 0.000000 -0.080711 0.735441 -0.672764 20.000000 0.004333 0.675219 0.737605 0.000000 0.000000 0.000000 0.000000 1.000000
0.996729 0.056617 -0.057677 0.000000 -0.080706 0.735436 -0.672770 20.000000 0.004327 0.675224 0.737600 0.000000 0.000000 0.000000 0.000000 1.000000
0.996730 0.056618 -0.057654 0.000000 -0.080690 0.735436 -0.672773 20.000000 0.004310 0.675225 0.737599 0.000000 0.000000 0.000000 0.000000 1.000000
0.996731 0.056618 -0.057627 0.000000 -0.080673 0.735436 -0.672774 20.000000 0.004290 0.675224 0.737600 0.000000 0.000000 0.000000 0.000000 1.000000
0.996732 0.056618 -0.057617 -0.000000 -0.080666 0.735435 -0.672777 20.000000 0.004282 0.675226 0.737598 0.000000 0.000000 0.000000 0.000000 1.000000
0.996734 0.056618 -0.057591 0.000000 -0.080648 0.735437 -0.672777 20.000000 0.004263 0.675224 0.737601 0.000000 0.000000 0.000000 0.000000 1.000000
0.996735 0.056619 -0.057564 0.000000 -0.080630 0.735440 -0.672775 20.000000 0.004243 0.675220 0.737604 -0.000000 0.000000 0.000000 0.000000 1.000000
0.996737 0.056619 -0.057534 0.000000 -0.080611 0.735445 -0.672772 20.000000 0.004222 0.675215 0.737609 0.000000 0.000000 0.000000 0.000000 1.000000
0.996739 0.056620 -0.057502 0.000000 -0.080590 0.735452 -0.672768 20.000000 0.004198 0.675208 0.737616 0.000000 0.000000 0.000000 0.000000 1.000000
0.996738 0.056623 -0.057503 0.000000 -0.080593 0.735483 -0.672733 20.000000 0.004200 0.675173 0.737647 0.000000 0.000000 0.000000 0.000000 1.000000
0.996737 0.056625 -0.057518 -0.000000 -0.080603 0.735509 -0.672703 20.000000 0.004213 0.675144 0.737674 0.000000 0.000000 0.000000 0.000000 1.000000
0.996736 0.056627 -0.057539 0.000000 -0.080619 0.735537 -0.672670 20.000000 0.004231 0.675113 0.737702 0.000000 0.000000 0.000000 0.000000 1.000000
0.996734 0.056629 -0.057580 0.000000 -0.080648 0.735585 -0.672615 20.000000 0.004266 0.675062 0.737749 0.000000 0.000000 0.000000 0.000000 1.000000
0.996511 0.060196 -0.057813 0.000000 -0.083437 0.735430 -0.672444 20.000000 0.002039 0.674921 0.737887 0.000000 0.000000 0.000000 0.000000 1.000000
0.995836 0.069973 -0.058431 0.000000 -0.091070 0.734948 -0.671980 20.000000 -0.004077 0.674504 0.738260 0.000000 0.000000 0.000000 0.000000 1.000000
0.994652 0.084566 -0.059302 0.000000 -0.102435 0.734063 -0.671311 20.000000 -0.013238 0.673795 0.738799 0.000000 0.000000 0.000000 0.000000 1.000000
0.992892 0.102579 -0.060354 0.000000 -0.116458 0.732763 -0.670444 20.000000 -0.024548 0.672708 0.739501 -0.000000 0.000000 0.000000 0.000000 1.000000
0.991288 0.116792 -0.060897 0.000000 -0.127325 0.731301 -0.670065 20.000000 -0.033725 0.671981 0.739800 0.000000 0.000000 0.000000 0.000000 1.000000
0.990643 0.122302 -0.060563 0.000000 -0.131136 0.730101 -0.670638 20.000000 -0.037803 0.672305 0.739308 -0.000000 0.000000 0.000000 0.000000 1.000000
0.990839 0.121160 -0.059647 0.000000 -0.129618 0.729259 -0.671848 20.000000 -0.037903 0.673425 0.738283 0.000000 0.000000 0.000000 0.000000 1.000000
0.991602 0.115401 -0.058375 0.000000 -0.124452 0.728753 -0.673373 20.000000 -0.035167 0.674983 0.736995 0.000000 0.000000 0.000000 0.000000 1.000000
0.992619 0.107053 -0.056976 0.000000 -0.117309 0.728507 -0.674920 20.000000 -0.030745 0.676622 0.735688 0.000000 0.000000 0.000000 0.000000 1.000000
0.993611 0.098152 -0.055712 0.000000 -0.109875 0.728446 -0.676235 20.000000 -0.025790 0.678036 0.734576 0.000000 0.000000 0.000000 0.000000 1.000000
0.994365 0.090740 -0.054807 0.000000 -0.103802 0.728544 -0.677089 20.000000 -0.021510 0.678963 0.733858 0.000000 0.000000 0.000000 0.000000 1.000000
0.994513 0.089208 -0.054643 0.000000 -0.102565 0.728600 -0.677217 20.000000 -0.020600 0.679106 0.733751 0.000000 0.000000 0.000000 0.000000 1.000000
0.994512 0.089207 -0.054668 0.000000 -0.102581 0.728593 -0.677222 20.000000 -0.020582 0.679113 0.733745 0.000000 0.000000 0.000000 0.000000 1.000000
0.994511 0.089207 -0.054677 0.000000 -0.102588 0.728591 -0.677223 20.000000 -0.020576 0.679115 0.733744 0.000000 0.000000 0.000000 0.000000 1.000000
0.994511 0.089207 -0.054675 0.000000 -0.102585 0.728591 -0.677223 20.000000 -0.020577 0.679115 0.733744 0.000000 0.000000 0.000000 0.000000 1.000000
0.994511 0.089207 -0.054681 0.000000 -0.102590 0.728590 -0.677223 20.000000 -0.020572 0.679116 0.733743 0.000000 0.000000 0.000000 0.000000 1.000000
0.994511 0.089207 -0.054676 -0.000000 -0.102586 0.728591 -0.677223 20.000000 -0.020576 0.679115 0.733743 -0.000000 0.000000 0.000000 0.000000 1.000000
0.994512 0.089207 -0.054666 0.000000 -0.102580 0.728593 -0.677222 20.000000 -0.020584 0.679113 0.733746 0.000000 0.000000 0.000000 0.000000 1.000000
0.994511 0.089207 -0.054676 0.000000 -0.102587 0.728591 -0.677224 20.000000 -0.020577 0.679115 0.733743 0.000000 0.000000 0.000000 0.000000 1.000000</float_array>
        <technique_common>
          <accessor source="#mixamorig_LeftToeBase-Matrix-animation-output-transform-array" count="69" stride="16">
            <param type="float4x4"/>
          </accessor>
        </technique_common>
      </source>
      <source id="mixamorig_LeftToeBase-Interpolations">
        <Name_array id="mixamorig_LeftToeBase-Interpolations-array" count="69">
 LINEAR LINEAR LINEAR LINEAR LINEAR LINEAR LINEAR LINEAR LINEAR LINEAR LINEAR
LINEAR LINEAR LINEAR LINEAR LINEAR LINEAR LINEAR LINEAR LINEAR LINEAR LINEAR LINEAR
LINEAR LINEAR LINEAR LINEAR LINEAR LINEAR LINEAR LINEAR LINEAR LINEAR LINEAR LINEAR
LINEAR LINEAR LINEAR LINEAR LINEAR LINEAR LINEAR LINEAR LINEAR LINEAR LINEAR LINEAR
LINEAR LINEAR LINEAR LINEAR LINEAR LINEAR LINEAR LINEAR LINEAR LINEAR LINEAR LINEAR
LINEAR LINEAR LINEAR LINEAR LINEAR LINEAR LINEAR LINEAR LINEAR LINEAR</Name_array>
        <technique_common>
          <accessor source="#mixamorig_LeftToeBase-Interpolations-array" count="69">
            <param type="name"/>
          </accessor>
        </technique_common>
      </source>
      <sampler id="mixamorig_LeftToeBase-Matrix-animation-transform">
        <input semantic="INPUT" source="#mixamorig_LeftToeBase-Matrix-animation-input"/>
        <input semantic="OUTPUT" source="#mixamorig_LeftToeBase-Matrix-animation-output-transform"/>
        <input semantic="INTERPOLATION" source="#mixamorig_LeftToeBase-Interpolations"/>
      </sampler>
      <channel source="#mixamorig_LeftToeBase-Matrix-animation-transform" target="mixamorig_LeftToeBase/matrix"/>
    </animation>
  </library_animations>
  <library_visual_scenes>
    <visual_scene id="RootNode" name="RootNode">
      <node id="mixamorig_Hips" name="mixamorig_Hips" sid="mixamorig_Hips" type="JOINT">
        <matrix sid="matrix">0.636207 -0.128224 -0.760789 -0.557447 0.042103 0.990393 -0.131714 89.299568 0.770369 0.051766 0.635493 0.754234 0.000000 0.000000 0.000000 1.000000</matrix>
        <node id="mixamorig_Spine" name="mixamorig_Spine" sid="mixamorig_Spine" type="JOINT">
          <matrix sid="matrix">0.998162 0.025908 0.054793 -0.038100 -0.023409 0.998678 -0.045764 9.490500 -0.055906 0.044397 0.997448 -1.392100 0.000000 0.000000 0.000000 1.000000</matrix>
          <node id="mixamorig_Spine1" name="mixamorig_Spine1" sid="mixamorig_Spine1" type="JOINT">
            <matrix sid="matrix">0.992547 0.059505 0.106349 0.000000 -0.048225 0.993232 -0.105661 11.190800 -0.111917 0.099744 0.988699 0.000000 0.000000 0.000000 0.000000 1.000000</matrix>
            <node id="mixamorig_Spine2" name="mixamorig_Spine2" sid="mixamorig_Spine2" type="JOINT">
              <matrix sid="matrix">0.992297 0.056764 0.110114 -0.000000 -0.052099 0.997637 -0.044789 12.789500 -0.112396 0.038707 0.992909 -0.000000 0.000000 0.000000 0.000000 1.000000</matrix>
              <node id="mixamorig_Neck" name="mixamorig_Neck" sid="mixamorig_Neck" type="JOINT">
                <matrix sid="matrix">0.986666 0.004573 0.162695 -0.056900 0.001952 0.999201 -0.039927 14.235800 -0.162747 0.039712 0.985868 -2.088100 0.000000 0.000000 0.000000 1.000000</matrix>
                <node id="mixamorig_Head" name="mixamorig_Head" sid="mixamorig_Head" type="JOINT">
                  <matrix sid="matrix">0.917660 0.056500 0.393330 0.000000 -0.089683 0.993749 0.066489 3.280200 -0.387114 -0.096289 0.916990 0.313300 0.000000 0.000000 0.000000 1.000000</matrix>
                  <node id="mixamorig_HeadTop_End" name="mixamorig_HeadTop_End" sid="mixamorig_HeadTop_End" type="JOINT">
                    <matrix sid="matrix">1.000000 0.000000 -0.000000 -0.000000 0.000000 1.000000 0.000000 25.653500 -0.000000 -0.000000 1.000000 2.450500 0.000000 0.000000 0.000000 1.000000</matrix>
                  </node>
                </node>
              </node>
              <node id="mixamorig_LeftShoulder" name="mixamorig_LeftShoulder" sid="mixamorig_LeftShoulder" type="JOINT">
                <matrix sid="matrix">0.282893 0.923763 -0.258135 6.728800 -0.032540 -0.259731 -0.965133 11.756600 -0.958599 0.281428 -0.043417 -2.058500 0.000000 0.000000 0.000000 1.000000</matrix>
                <node id="mixamorig_LeftArm" name="mixamorig_LeftArm" sid="mixamorig_LeftArm" type="JOINT">
                  <matrix sid="matrix">0.982084 -0.101995 -0.158454 0.000000 -0.000644 0.839037 -0.544074 14.448800 0.188442 0.534428 0.823940 0.000000 0.000000 0.000000 0.000000 1.000000</matrix>
                  <node id="mixamorig_LeftForeArm" name="mixamorig_LeftForeArm" sid="mixamorig_LeftForeArm" type="JOINT">
                    <matrix sid="matrix">0.829687 -0.491812 -0.264085 0.000000 0.435014 0.866096 -0.246252 23.160299 0.349833 0.089432 0.932534 0.000000 0.000000 0.000000 0.000000 1.000000</matrix>
                    <node id="mixamorig_LeftHand" name="mixamorig_LeftHand" sid="mixamorig_LeftHand" type="JOINT">
                      <matrix sid="matrix">0.998095 -0.048663 0.037920 0.000000 0.043826 0.991886 0.119336 24.071800 -0.043419 -0.117447 0.992130 0.000000 0.000000 0.000000 0.000000 1.000000</matrix>
                      <node id="mixamorig_LeftHandThumb1" name="mixamorig_LeftHandThumb1" sid="mixamorig_LeftHandThumb1" type="JOINT">
                        <matrix sid="matrix">0.683381 -0.470858 0.557928 -1.509000 0.626458 0.770632 -0.116953 4.173400 -0.374889 0.429441 0.821607 1.926500 0.000000 0.000000 0.000000 1.000000</matrix>
                        <node id="mixamorig_LeftHandThumb2" name="mixamorig_LeftHandThumb2" sid="mixamorig_LeftHandThumb2" type="JOINT">
                          <matrix sid="matrix">0.976163 0.113208 -0.185177 -0.000000 -0.133679 0.985757 -0.102048 3.870400 0.170987 0.124370 0.977392 0.000000 0.000000 0.000000 0.000000 1.000000</matrix>
                          <node id="mixamorig_LeftHandThumb3" name="mixamorig_LeftHandThumb3" sid="mixamorig_LeftHandThumb3" type="JOINT">
                            <matrix sid="matrix">0.985903 0.167312 0.001593 0.000000 -0.166919 0.984156 -0.059794 4.710600 -0.011572 0.058685 0.998209 0.000000 0.000000 0.000000 0.000000 1.000000</matrix>
                            <node id="mixamorig_LeftHandThumb4" name="mixamorig_LeftHandThumb4" sid="mixamorig_LeftHandThumb4" type="JOINT">
                              <matrix sid="matrix">1.000000 0.000000 0.000000 0.000000 0.000000 1.000000 0.000000 3.830400 -0.000000 0.000000 1.000000 0.000000 0.000000 0.000000 0.000000 1.000000</matrix>
                            </node>
                          </node>
                        </node>
                      </node>
                      <node id="mixamorig_LeftHandIndex1" name="mixamorig_LeftHandIndex1" sid="mixamorig_LeftHandIndex1" type="JOINT">
                        <matrix sid="matrix">0.994700 -0.100618 -0.021177 -2.855500 0.100569 0.994924 -0.003340 14.669400 0.021405 0.001193 0.999770 0.398800 0.000000 0.000000 0.000000 1.000000</matrix>
                        <node id="mixamorig_LeftHandIndex2" name="mixamorig_LeftHandIndex2" sid="mixamorig_LeftHandIndex2" type="JOINT">
                          <matrix sid="matrix">0.999991 -0.003250 0.002607 0.000000 0.003449 0.996770 -0.080236 3.248600 -0.002337 0.080244 0.996773 0.000000 0.000000 0.000000 0.000000 1.000000</matrix>
                          <node id="mixamorig_LeftHandIndex3" name="mixamorig_LeftHandIndex3" sid="mixamorig_LeftHandIndex3" type="JOINT">
                            <matrix sid="matrix">0.999969 -0.007626 0.001995 0.000000 0.007822 0.991259 -0.131702 2.659600 -0.000973 0.131713 0.991287 -0.000000 0.000000 0.000000 0.000000 1.000000</matrix>
                            <node id="mixamorig_LeftHandIndex4" name="mixamorig_LeftHandIndex4" sid="mixamorig_LeftHandIndex4" type="JOINT">
                              <matrix sid="matrix">1.000000 0.000000 0.000000 0.000000 0.000000 1.000000 -0.000000 3.633200 -0.000000 0.000000 1.000000 0.000000 0.000000 0.000000 0.000000 1.000000</matrix>
                            </node>
                          </node>
                        </node>
                      </node>
                      <node id="mixamorig_LeftHandMiddle1" name="mixamorig_LeftHandMiddle1" sid="mixamorig_LeftHandMiddle1" type="JOINT">
                        <matrix sid="matrix">0.996150 0.083632 0.026270 0.000000 -0.081302 0.993483 -0.079888 14.409800 -0.032780 0.077445 0.996458 0.000000 0.000000 0.000000 0.000000 1.000000</matrix>
                        <node id="mixamorig_LeftHandMiddle2" name="mixamorig_LeftHandMiddle2" sid="mixamorig_LeftHandMiddle2" type="JOINT">
                          <matrix sid="matrix">0.999810 -0.015303 0.012067 0.000000 0.017623 0.974272 -0.224685 3.259100 -0.008318 0.224855 0.974357 0.000000 0.000000 0.000000 0.000000 1.000000</matrix>
                          <node id="mixamorig_LeftHandMiddle3" name="mixamorig_LeftHandMiddle3" sid="mixamorig_LeftHandMiddle3" type="JOINT">
                            <matrix sid="matrix">0.999664 -0.019399 0.017210 0.000000 0.023500 0.958287 -0.284840 2.639900 -0.010967 0.285149 0.958420 0.000000 0.000000 0.000000 0.000000 1.000000</matrix>
                            <node id="mixamorig_LeftHandMiddle4" name="mixamorig_LeftHandMiddle4" sid="mixamorig_LeftHandMiddle4" type="JOINT">
                              <matrix sid="matrix">1.000000 0.000000 -0.000000 0.000000 -0.000000 1.000000 0.000000 3.673900 0.000000 0.000000 1.000000 0.000000 0.000000 0.000000 0.000000 1.000000</matrix>
                            </node>
                          </node>
                        </node>
                      </node>
                      <node id="mixamorig_LeftHandRing1" name="mixamorig_LeftHandRing1" sid="mixamorig_LeftHandRing1" type="JOINT">
                        <matrix sid="matrix">0.989036 0.146626 0.017566 3.304900 -0.138118 0.960562 -0.241338 13.191500 -0.052259 0.236266 0.970282 -0.322000 0.000000 0.000000 0.000000 1.000000</matrix>
                        <node id="mixamorig_LeftHandRing2" name="mixamorig_LeftHandRing2" sid="mixamorig_LeftHandRing2" type="JOINT">
                          <matrix sid="matrix">0.999875 -0.013350 -0.008491 0.000000 0.009882 0.946063 -0.323832 2.717600 0.012357 0.323707 0.946077 -0.000000 0.000000 0.000000 0.000000 1.000000</matrix>
                          <node id="mixamorig_LeftHandRing3" name="mixamorig_LeftHandRing3" sid="mixamorig_LeftHandRing3" type="JOINT">
                            <matrix sid="matrix">0.999844 -0.016163 -0.007128 0.000000 0.012304 0.926731 -0.375524 2.134500 0.012676 0.375377 0.926785 0.000000 0.000000 0.000000 0.000000 1.000000</matrix>
                            <node id="mixamorig_LeftHandRing4" name="mixamorig_LeftHandRing4" sid="mixamorig_LeftHandRing4" type="JOINT">
                              <matrix sid="matrix">1.000000 -0.000000 0.000000 0.000000 0.000000 1.000000 -0.000000 2.786900 0.000000 -0.000000 1.000000 0.000000 0.000000 0.000000 0.000000 1.000000</matrix>
                            </node>
                          </node>
                        </node>
                      </node>
                      <node id="mixamorig_LeftHandPinky1" name="mixamorig_LeftHandPinky1" sid="mixamorig_LeftHandPinky1" type="JOINT">
                        <matrix sid="matrix">0.993338 0.114859 -0.009370 5.614200 -0.109839 0.919041 -0.378548 11.636400 -0.034869 0.377056 0.925534 0.516600 0.000000 0.000000 0.000000 1.000000</matrix>
                        <node id="mixamorig_LeftHandPinky2" name="mixamorig_LeftHandPinky2" sid="mixamorig_LeftHandPinky2" type="JOINT">
                          <matrix sid="matrix">0.999892 -0.007622 -0.012567 0.000000 0.003678 0.957583 -0.288135 1.559400 0.014231 0.288058 0.957507 0.000000 0.000000 0.000000 0.000000 1.000000</matrix>
                          <node id="mixamorig_LeftHandPinky3" name="mixamorig_LeftHandPinky3" sid="mixamorig_LeftHandPinky3" type="JOINT">
                            <matrix sid="matrix">0.999241 -0.021889 -0.032227 0.000000 -0.000333 0.822404 -0.568904 1.540600 0.038956 0.568483 0.821772 -0.000000 0.000000 0.000000 0.000000 1.000000</matrix>
                            <node id="mixamorig_LeftHandPinky4" name="mixamorig_LeftHandPinky4" sid="mixamorig_LeftHandPinky4" type="JOINT">
                              <matrix sid="matrix">1.000000 0.000000 0.000000 0.000000 -0.000000 1.000000 0.000000 1.668700 0.000000 0.000000 1.000000 0.000000 0.000000 0.000000 0.000000 1.000000</matrix>
                            </node>
                          </node>
                        </node>
                      </node>
                    </node>
                  </node>
                </node>
              </node>
              <node id="mixamorig_RightShoulder" name="mixamorig_RightShoulder" sid="mixamorig_RightShoulder" type="JOINT">
                <matrix sid="matrix">0.416431 -0.881261 0.223528 -6.728800 0.081467 -0.208701 -0.974580 11.756700 0.905510 0.424056 -0.015116 -2.058500 0.000000 0.000000 0.000000 1.000000</matrix>
                <node id="mixamorig_RightArm" name="mixamorig_RightArm" sid="mixamorig_RightArm" type="JOINT">
                  <matrix sid="matrix">0.813538 -0.403630 0.418616 0.000000 0.580583 0.604444 -0.545500 14.448800 -0.032850 0.686826 0.726079 -0.000000 0.000000 0.000000 0.000000 1.000000</matrix>
                  <node id="mixamorig_RightForeArm" name="mixamorig_RightForeArm" sid="mixamorig_RightForeArm" type="JOINT">
                    <matrix sid="matrix">0.661911 0.741067 0.112664 -0.000000 -0.705053 0.666550 -0.242099 23.160299 -0.254508 0.080814 0.963688 0.000000 0.000000 0.000000 0.000000 1.000000</matrix>
                    <node id="mixamorig_RightHand" name="mixamorig_RightHand" sid="mixamorig_RightHand" type="JOINT">
                      <matrix sid="matrix">0.812817 0.577493 -0.076356 0.000000 -0.582518 0.806107 -0.104233 24.071699 0.001358 0.129201 0.991617 0.000000 0.000000 0.000000 0.000000 1.000000</matrix>
                      <node id="mixamorig_RightHandThumb1" name="mixamorig_RightHandThumb1" sid="mixamorig_RightHandThumb1" type="JOINT">
                        <matrix sid="matrix">0.168316 0.403240 -0.899481 1.509000 -0.684488 0.704441 0.187718 4.173400 0.709327 0.584089 0.394582 1.927000 0.000000 0.000000 0.000000 1.000000</matrix>
                        <node id="mixamorig_RightHandThumb2" name="mixamorig_RightHandThumb2" sid="mixamorig_RightHandThumb2" type="JOINT">
                          <matrix sid="matrix">0.966645 -0.168865 0.192566 0.000000 0.187882 0.978501 -0.085067 3.870400 -0.174061 0.118409 0.977590 0.000000 0.000000 0.000000 0.000000 1.000000</matrix>
                          <node id="mixamorig_RightHandThumb3" name="mixamorig_RightHandThumb3" sid="mixamorig_RightHandThumb3" type="JOINT">
                            <matrix sid="matrix">0.834257 -0.546506 0.073117 0.000000 0.548570 0.809319 -0.209940 4.710300 0.055559 0.215254 0.974976 0.000000 0.000000 0.000000 0.000000 1.000000</matrix>
                            <node id="mixamorig_RightHandThumb4" name="mixamorig_RightHandThumb4" sid="mixamorig_RightHandThumb4" type="JOINT">
                              <matrix sid="matrix">1.000000 -0.000000 0.000000 0.000000 -0.000000 1.000000 -0.000000 3.830400 0.000000 -0.000000 1.000000 -0.000000 0.000000 0.000000 0.000000 1.000000</matrix>
                            </node>
                          </node>
                        </node>
                      </node>
                      <node id="mixamorig_RightHandIndex1" name="mixamorig_RightHandIndex1" sid="mixamorig_RightHandIndex1" type="JOINT">
                        <matrix sid="matrix">0.986236 0.047426 -0.158393 2.855500 -0.133552 0.793267 -0.594047 14.669400 0.097475 0.607024 0.788683 0.399000 0.000000 0.000000 0.000000 1.000000</matrix>
                        <node id="mixamorig_RightHandIndex2" name="mixamorig_RightHandIndex2" sid="mixamorig_RightHandIndex2" type="JOINT">
                          <matrix sid="matrix">0.997469 0.009346 -0.070489 -0.000000 -0.069137 0.359191 -0.930700 3.248600 0.016621 0.933217 0.358928 0.000000 0.000000 0.000000 0.000000 1.000000</matrix>
                          <node id="mixamorig_RightHandIndex3" name="mixamorig_RightHandIndex3" sid="mixamorig_RightHandIndex3" type="JOINT">
                            <matrix sid="matrix">0.998454 0.019225 -0.052154 -0.000000 -0.055102 0.465791 -0.883178 2.659600 0.007314 0.884686 0.466130 0.000000 0.000000 0.000000 0.000000 1.000000</matrix>
                            <node id="mixamorig_RightHandIndex4" name="mixamorig_RightHandIndex4" sid="mixamorig_RightHandIndex4" type="JOINT">
                              <matrix sid="matrix">1.000000 0.000000 0.000000 -0.000000 0.000000 1.000000 0.000000 3.633100 0.000000 0.000000 1.000000 0.000000 0.000000 0.000000 0.000000 1.000000</matrix>
                            </node>
                          </node>
                        </node>
                      </node>
                      <node id="mixamorig_RightHandMiddle1" name="mixamorig_RightHandMiddle1" sid="mixamorig_RightHandMiddle1" type="JOINT">
                        <matrix sid="matrix">0.999391 0.026674 -0.022486 0.000000 -0.034762 0.706714 -0.706645 14.409800 -0.002958 0.706996 0.707211 0.000000 0.000000 0.000000 0.000000 1.000000</matrix>
                        <node id="mixamorig_RightHandMiddle2" name="mixamorig_RightHandMiddle2" sid="mixamorig_RightHandMiddle2" type="JOINT">
                          <matrix sid="matrix">0.998054 0.041962 -0.046115 -0.000000 -0.058333 0.367263 -0.928286 3.259100 -0.022016 0.929170 0.368996 -0.000000 0.000000 0.000000 0.000000 1.000000</matrix>
                          <node id="mixamorig_RightHandMiddle3" name="mixamorig_RightHandMiddle3" sid="mixamorig_RightHandMiddle3" type="JOINT">
                            <matrix sid="matrix">0.999299 0.036308 -0.009134 0.000000 -0.033368 0.753099 -0.657060 2.639800 -0.016978 0.656905 0.753783 -0.000000 0.000000 0.000000 0.000000 1.000000</matrix>
                            <node id="mixamorig_RightHandMiddle4" name="mixamorig_RightHandMiddle4" sid="mixamorig_RightHandMiddle4" type="JOINT">
                              <matrix sid="matrix">1.000000 0.000000 -0.000000 -0.000000 0.000000 1.000000 0.000000 3.673900 0.000000 -0.000000 1.000000 -0.000000 0.000000 0.000000 0.000000 1.000000</matrix>
                            </node>
                          </node>
                        </node>
                      </node>
                      <node id="mixamorig_RightHandRing1" name="mixamorig_RightHandRing1" sid="mixamorig_RightHandRing1" type="JOINT">
                        <matrix sid="matrix">0.995315 0.092208 0.029093 -3.304900 -0.023464 0.522249 -0.852470 13.191500 -0.093798 0.847793 0.521966 -0.322000 0.000000 0.000000 0.000000 1.000000</matrix>
                        <node id="mixamorig_RightHandRing2" name="mixamorig_RightHandRing2" sid="mixamorig_RightHandRing2" type="JOINT">
                          <matrix sid="matrix">0.999422 0.031078 -0.013791 0.000000 -0.031045 0.668701 -0.742883 2.717600 -0.013865 0.742882 0.669279 0.000000 0.000000 0.000000 0.000000 1.000000</matrix>
                          <node id="mixamorig_RightHandRing3" name="mixamorig_RightHandRing3" sid="mixamorig_RightHandRing3" type="JOINT">
                            <matrix sid="matrix">0.999297 0.032615 -0.018494 0.000000 -0.034227 0.592178 -0.805080 2.134500 -0.015306 0.805147 0.592878 -0.000000 0.000000 0.000000 0.000000 1.000000</matrix>
                            <node id="mixamorig_RightHandRing4" name="mixamorig_RightHandRing4" sid="mixamorig_RightHandRing4" type="JOINT">
                              <matrix sid="matrix">1.000000 0.000000 0.000000 0.000000 0.000000 1.000000 0.000000 2.786800 -0.000000 -0.000000 1.000000 0.000000 0.000000 0.000000 0.000000 1.000000</matrix>
                            </node>
                          </node>
                        </node>
                      </node>
                      <node id="mixamorig_RightHandPinky1" name="mixamorig_RightHandPinky1" sid="mixamorig_RightHandPinky1" type="JOINT">
                        <matrix sid="matrix">0.977811 -0.008472 0.209319 -5.922000 0.161023 0.669554 -0.725099 11.636400 -0.134007 0.742715 0.656061 0.517000 0.000000 0.000000 0.000000 1.000000</matrix>
                        <node id="mixamorig_RightHandPinky2" name="mixamorig_RightHandPinky2" sid="mixamorig_RightHandPinky2" type="JOINT">
                          <matrix sid="matrix">0.999536 0.027251 -0.013581 0.000000 -0.028772 0.699403 -0.714148 1.559300 -0.009962 0.714207 0.699863 0.000000 0.000000 0.000000 0.000000 1.000000</matrix>
                          <node id="mixamorig_RightHandPinky3" name="mixamorig_RightHandPinky3" sid="mixamorig_RightHandPinky3" type="JOINT">
                            <matrix sid="matrix">0.999844 0.017561 0.001872 -0.000000 -0.015128 0.906317 -0.422327 1.540600 -0.009113 0.422233 0.906442 -0.000000 0.000000 0.000000 0.000000 1.000000</matrix>
                            <node id="mixamorig_RightHandPinky4" name="mixamorig_RightHandPinky4" sid="mixamorig_RightHandPinky4" type="JOINT">
                              <matrix sid="matrix">1.000000 0.000000 0.000000 0.000000 0.000000 1.000000 -0.000000 1.668700 0.000000 0.000000 1.000000 -0.000000 0.000000 0.000000 0.000000 1.000000</matrix>
                            </node>
                          </node>
                        </node>
                      </node>
                    </node>
                  </node>
                </node>
              </node>
            </node>
          </node>
        </node>
        <node id="mixamorig_RightUpLeg" name="mixamorig_RightUpLeg" sid="mixamorig_RightUpLeg" type="JOINT">
          <matrix sid="matrix">-0.915132 -0.403118 -0.005394 -9.941000 0.326875 -0.749748 0.575353 -5.272400 -0.235980 0.524760 0.817888 -1.010900 0.000000 0.000000 0.000000 1.000000</matrix>
          <node id="mixamorig_RightLeg" name="mixamorig_RightLeg" sid="mixamorig_RightLeg" type="JOINT">
            <matrix sid="matrix">0.992638 0.119189 -0.021543 0.000000 -0.042149 0.506666 0.861111 43.364799 0.113550 -0.853864 0.507960 0.000000 0.000000 0.000000 0.000000 1.000000</matrix>
            <node id="mixamorig_RightFoot" name="mixamorig_RightFoot" sid="mixamorig_RightFoot" type="JOINT">
              <matrix sid="matrix">0.928681 -0.114098 0.352892 0.000000 0.368092 0.167120 -0.914647 44.493000 0.045384 0.979312 0.197200 0.000000 0.000000 0.000000 0.000000 1.000000</matrix>
              <node id="mixamorig_RightToeBase" name="mixamorig_RightToeBase" sid="mixamorig_RightToeBase" type="JOINT">
                <matrix sid="matrix">0.995217 -0.036584 0.090585 0.000000 0.087000 0.753690 -0.651446 20.000000 -0.044440 0.656211 0.753268 -0.000000 0.000000 0.000000 0.000000 1.000000</matrix>
                <node id="mixamorig_RightToe_End" name="mixamorig_RightToe_End" sid="mixamorig_RightToe_End" type="JOINT">
                  <matrix sid="matrix">1.000000 0.000000 -0.000000 -0.000000 0.000000 1.000000 0.000000 10.000000 0.000000 0.000000 1.000000 0.000000 0.000000 0.000000 0.000000 1.000000</matrix>
                </node>
              </node>
            </node>
          </node>
        </node>
        <node id="mixamorig_LeftUpLeg" name="mixamorig_LeftUpLeg" sid="mixamorig_LeftUpLeg" type="JOINT">
          <matrix sid="matrix">-0.655453 0.592536 0.468276 9.618300 0.035078 -0.595486 0.802600 -5.272300 0.754421 0.542493 0.369528 -1.010900 0.000000 0.000000 0.000000 1.000000</matrix>
          <node id="mixamorig_LeftLeg" name="mixamorig_LeftLeg" sid="mixamorig_LeftLeg" type="JOINT">
            <matrix sid="matrix">0.939215 -0.083311 0.333068 -0.000000 -0.206370 0.638308 0.741602 43.365002 -0.274383 -0.765260 0.582316 0.000000 0.000000 0.000000 0.000000 1.000000</matrix>
            <node id="mixamorig_LeftFoot" name="mixamorig_LeftFoot" sid="mixamorig_LeftFoot" type="JOINT">
              <matrix sid="matrix">0.986468 -0.030785 -0.161037 -0.000000 -0.105643 0.631783 -0.767913 44.493000 0.125381 0.774534 0.619981 0.000000 0.000000 0.000000 0.000000 1.000000</matrix>
              <node id="mixamorig_LeftToeBase" name="mixamorig_LeftToeBase" sid="mixamorig_LeftToeBase" type="JOINT">
                <matrix sid="matrix">0.994510 0.089207 -0.054693 0.000000 -0.102598 0.728597 -0.677215 20.000000 -0.020563 0.679108 0.733750 0.000000 0.000000 0.000000 0.000000 1.000000</matrix>
                <node id="mixamorig_LeftToe_End" name="mixamorig_LeftToe_End" sid="mixamorig_LeftToe_End" type="JOINT">
                  <matrix sid="matrix">1.000000 0.000000 -0.000000 -0.000000 -0.000000 1.000000 -0.000000 10.000000 0.000000 0.000000 1.000000 0.000000 0.000000 0.000000 0.000000 1.000000</matrix>
                </node>
              </node>
            </node>
          </node>
        </node>
      </node>
    </visual_scene>
  </library_visual_scenes>
  <scene>
    <instance_visual_scene url="#RootNode"/>
  </scene>
</COLLADA>
