<?xml version="1.0" encoding="utf-8"?>
<COLLADA xmlns="http://www.collada.org/2005/11/COLLADASchema" version="1.4.1">
  <asset>
    <contributor>
      <author>Mixamo</author>
      <authoring_tool>COLLADA Mixamo exporter</authoring_tool>
      <comments/>
    </contributor>
    <created>2025-06-23T14:10:30Z</created>
    <modified>2025-06-23T14:10:30Z</modified>
    <revision/>
    <title/>
    <unit meter="0.010000"/>
    <up_axis>Y_UP</up_axis>
  </asset>
  <library_animations>
    <animation id="mixamorig_Hips-anim" name="mixamorig_Hips">
      <source id="mixamorig_Hips-Matrix-animation-input">
        <float_array id="mixamorig_Hips-Matrix-animation-input-array" count="41">

0.000000 0.033333 0.066667 0.100000 0.133333 0.166667 0.200000 0.233333 0.266667 0.300000 0.333333 0.366667 0.400000 0.433333 0.466667 0.500000
0.533333 0.566667 0.600000 0.633333 0.666667 0.700000 0.733333 0.766667 0.800000 0.833333 0.866667 0.900000 0.933333 0.966667 1.000000 1.033333
1.066667 1.100000 1.133333 1.166667 1.200000 1.233333 1.266667 1.300000 1.333333</float_array>
        <technique_common>
          <accessor source="#mixamorig_Hips-Matrix-animation-input-array" count="41">
            <param name="TIME" type="float"/>
          </accessor>
        </technique_common>
      </source>
      <source id="mixamorig_Hips-Matrix-animation-output-transform">
        <float_array id="mixamorig_Hips-Matrix-animation-output-transform-array" count="656">

0.635525 -0.127961 -0.761402 1.211081 0.041567 0.990411 -0.131753 74.900391 0.770960 0.052084 0.634750 0.049923 0.000000 0.000000 0.000000 1.000000
0.634590 -0.124670 -0.762727 1.232609 0.041113 0.990952 -0.127768 74.833565 0.771754 0.049722 0.633974 0.159100 0.000000 0.000000 0.000000 1.000000
0.631618 -0.121148 -0.765756 1.320733 0.041778 0.991599 -0.122418 74.751526 0.774154 0.045330 0.631373 0.276594 0.000000 0.000000 0.000000 1.000000
0.623753 -0.118082 -0.772650 1.581316 0.041237 0.992117 -0.118332 74.666687 0.780533 0.041948 0.623706 0.407631 0.000000 0.000000 0.000000 1.000000
0.603702 -0.117977 -0.788432 2.181235 0.038707 0.992161 -0.118824 74.603439 0.796270 0.041216 0.603536 0.570086 0.000000 0.000000 0.000000 1.000000
0.554057 -0.126181 -0.822860 3.058417 0.032155 0.990952 -0.130307 74.501656 0.831858 0.045739 0.553101 0.768262 0.000000 0.000000 0.000000 1.000000
0.485907 -0.139016 -0.862884 4.202998 0.036000 0.989615 -0.139160 74.237961 0.873269 0.036555 0.485865 0.809673 0.000000 0.000000 0.000000 1.000000
0.422409 -0.143442 -0.894983 5.547883 0.041053 0.989413 -0.139201 73.747208 0.905475 0.022057 0.423825 0.240949 0.000000 0.000000 0.000000 1.000000
0.369164 -0.144095 -0.918125 6.693741 0.012449 0.988585 -0.150148 73.165390 0.929281 0.044000 0.366744 -0.514209 0.000000 0.000000 0.000000 1.000000
0.339924 -0.159408 -0.926845 7.721375 -0.016073 0.984401 -0.175202 72.363228 0.940316 0.074452 0.332059 -0.992153 0.000000 0.000000 0.000000 1.000000
0.325406 -0.177071 -0.928847 8.680136 -0.015221 0.981202 -0.192384 71.545410 0.945452 0.076741 0.316593 -1.407229 0.000000 0.000000 0.000000 1.000000
0.307979 -0.186590 -0.932916 9.314837 -0.002565 0.980413 -0.196936 70.687630 0.951390 0.063046 0.301468 -1.848130 0.000000 0.000000 0.000000 1.000000
0.273554 -0.192065 -0.942486 9.473750 -0.008374 0.979348 -0.202008 69.892212 0.961820 0.063152 0.266296 -2.211559 0.000000 0.000000 0.000000 1.000000
0.243671 -0.195187 -0.950014 9.558818 -0.020104 0.978312 -0.206158 69.332253 0.969650 0.069334 0.234462 -2.530854 0.000000 0.000000 0.000000 1.000000
0.239050 -0.179412 -0.954288 9.536567 -0.016921 0.981863 -0.188835 69.143059 0.970860 0.061289 0.231679 -2.881804 0.000000 0.000000 0.000000 1.000000
0.237409 -0.171120 -0.956219 9.518886 -0.014300 0.983640 -0.179578 69.279854 0.971305 0.056307 0.231078 -3.238428 0.000000 0.000000 0.000000 1.000000
0.236284 -0.171703 -0.956393 9.467188 -0.016619 0.983406 -0.180658 69.703339 0.971542 0.058581 0.229510 -3.517680 0.000000 0.000000 0.000000 1.000000
0.246695 -0.168381 -0.954353 9.306482 -0.011620 0.984205 -0.176651 70.325050 0.969023 0.054669 0.240842 -3.748749 0.000000 0.000000 0.000000 1.000000
0.268475 -0.163140 -0.949372 9.018473 -0.003780 0.985369 -0.170394 70.988777 0.963279 0.049335 0.263931 -3.919914 0.000000 0.000000 0.000000 1.000000
0.293177 -0.158819 -0.942775 8.652761 0.004297 0.986315 -0.164818 71.601387 0.956049 0.044269 0.289847 -3.978061 0.000000 0.000000 0.000000 1.000000
0.320475 -0.154794 -0.934524 8.242586 0.011881 0.987137 -0.159434 72.168762 0.947182 0.039992 0.318192 -3.937666 0.000000 0.000000 0.000000 1.000000
0.353515 -0.149007 -0.923485 7.827611 0.020126 0.988214 -0.151747 72.658096 0.935212 0.035059 0.352348 -3.792290 0.000000 0.000000 0.000000 1.000000
0.389958 -0.140982 -0.909976 7.422130 0.029424 0.989613 -0.140711 73.081131 0.920362 0.028096 0.390056 -3.547773 0.000000 0.000000 0.000000 1.000000
0.428273 -0.132184 -0.893929 7.002346 0.037940 0.991001 -0.128361 73.476860 0.902852 0.021058 0.429434 -3.197466 0.000000 0.000000 0.000000 1.000000
0.463798 -0.127251 -0.876755 6.611123 0.044779 0.991733 -0.120251 73.900368 0.884809 0.016512 0.465662 -2.782942 0.000000 0.000000 0.000000 1.000000
0.492565 -0.124394 -0.861339 6.237273 0.047566 0.992101 -0.116077 74.330185 0.868975 0.016205 0.494591 -2.396502 0.000000 0.000000 0.000000 1.000000
0.515175 -0.124440 -0.848003 5.849880 0.047872 0.992037 -0.116494 74.755402 0.855747 0.019419 0.517030 -2.040382 0.000000 0.000000 0.000000 1.000000
0.533819 -0.127643 -0.835909 5.453163 0.048344 0.991531 -0.120533 75.125183 0.844216 0.023932 0.535469 -1.714125 0.000000 0.000000 0.000000 1.000000
0.549453 -0.132908 -0.824886 5.066919 0.048287 0.990668 -0.127456 75.384071 0.834128 0.030200 0.550744 -1.447382 0.000000 0.000000 0.000000 1.000000
0.564554 -0.135859 -0.814138 4.656707 0.045157 0.989967 -0.133886 75.563118 0.824160 0.038822 0.565025 -1.235265 0.000000 0.000000 0.000000 1.000000
0.581485 -0.133682 -0.802499 4.228469 0.042134 0.990032 -0.134392 75.674660 0.812465 0.044334 0.581321 -1.048860 0.000000 0.000000 0.000000 1.000000
0.598464 -0.128835 -0.790723 3.785519 0.040234 0.990573 -0.130945 75.697418 0.800139 0.046552 0.598005 -0.878495 0.000000 0.000000 0.000000 1.000000
0.612890 -0.122735 -0.780578 3.329031 0.038198 0.991310 -0.125878 75.638771 0.789244 0.047333 0.612252 -0.704607 0.000000 0.000000 0.000000 1.000000
0.622699 -0.118179 -0.773485 2.905344 0.036545 0.991842 -0.122121 75.528549 0.781607 0.047778 0.621938 -0.532439 0.000000 0.000000 0.000000 1.000000
0.626865 -0.118355 -0.770086 2.539356 0.036144 0.991748 -0.123000 75.381889 0.778289 0.049271 0.625970 -0.361965 0.000000 0.000000 0.000000 1.000000
0.627776 -0.120311 -0.769040 2.225375 0.036411 0.991440 -0.125381 75.239403 0.777542 0.050710 0.626783 -0.208383 0.000000 0.000000 0.000000 1.000000
0.628868 -0.121898 -0.767897 1.970986 0.036701 0.991187 -0.127287 75.133972 0.776645 0.051864 0.627799 -0.074065 0.000000 0.000000 0.000000 1.000000
0.630733 -0.123432 -0.766121 1.751985 0.037267 0.990948 -0.128974 75.060158 0.775105 0.052797 0.629623 0.035885 0.000000 0.000000 0.000000 1.000000
0.632101 -0.125276 -0.764692 1.542278 0.038553 0.990707 -0.130436 75.000732 0.773927 0.052968 0.631056 0.104397 0.000000 0.000000 0.000000 1.000000
0.633159 -0.127042 -0.763525 1.353575 0.039754 0.990474 -0.131837 74.928268 0.773000 0.053120 0.632178 0.101880 0.000000 0.000000 0.000000 1.000000
0.635525 -0.127961 -0.761402 1.211083 0.041567 0.990411 -0.131753 74.900375 0.770960 0.052084 0.634750 0.049928 0.000000 0.000000 0.000000 1.000000</float_array>
        <technique_common>
          <accessor source="#mixamorig_Hips-Matrix-animation-output-transform-array" count="41" stride="16">
            <param type="float4x4"/>
          </accessor>
        </technique_common>
      </source>
      <source id="mixamorig_Hips-Interpolations">
        <Name_array id="mixamorig_Hips-Interpolations-array" count="41">
 LINEAR LINEAR LINEAR LINEAR LINEAR LINEAR LINEAR LINEAR LINEAR LINEAR LINEAR
LINEAR LINEAR LINEAR LINEAR LINEAR LINEAR LINEAR LINEAR LINEAR LINEAR LINEAR LINEAR
LINEAR LINEAR LINEAR LINEAR LINEAR LINEAR LINEAR LINEAR LINEAR LINEAR LINEAR LINEAR
LINEAR LINEAR LINEAR LINEAR LINEAR LINEAR</Name_array>
        <technique_common>
          <accessor source="#mixamorig_Hips-Interpolations-array" count="41">
            <param type="name"/>
          </accessor>
        </technique_common>
      </source>
      <sampler id="mixamorig_Hips-Matrix-animation-transform">
        <input semantic="INPUT" source="#mixamorig_Hips-Matrix-animation-input"/>
        <input semantic="OUTPUT" source="#mixamorig_Hips-Matrix-animation-output-transform"/>
        <input semantic="INTERPOLATION" source="#mixamorig_Hips-Interpolations"/>
      </sampler>
      <channel source="#mixamorig_Hips-Matrix-animation-transform" target="mixamorig_Hips/matrix"/>
    </animation>
    <animation id="mixamorig_Spine-anim" name="mixamorig_Spine">
      <source id="mixamorig_Spine-Matrix-animation-input">
        <float_array id="mixamorig_Spine-Matrix-animation-input-array" count="41">

0.000000 0.033333 0.066667 0.100000 0.133333 0.166667 0.200000 0.233333 0.266667 0.300000 0.333333 0.366667 0.400000 0.433333 0.466667 0.500000
0.533333 0.566667 0.600000 0.633333 0.666667 0.700000 0.733333 0.766667 0.800000 0.833333 0.866667 0.900000 0.933333 0.966667 1.000000 1.033333
1.066667 1.100000 1.133333 1.166667 1.200000 1.233333 1.266667 1.300000 1.333333</float_array>
        <technique_common>
          <accessor source="#mixamorig_Spine-Matrix-animation-input-array" count="41">
            <param name="TIME" type="float"/>
          </accessor>
        </technique_common>
      </source>
      <source id="mixamorig_Spine-Matrix-animation-output-transform">
        <float_array id="mixamorig_Spine-Matrix-animation-output-transform-array" count="656">

0.998467 -0.005364 0.055092 -0.038100 0.008448 0.998401 -0.055899 9.490500 -0.054704 0.056278 0.996915 -1.392100 0.000000 0.000000 0.000000 1.000000
0.998404 -0.006334 0.056115 -0.038100 0.009449 0.998418 -0.055422 9.490500 -0.055675 0.055863 0.996885 -1.392100 0.000000 0.000000 0.000000 1.000000
0.998314 -0.007249 0.057583 -0.038100 0.010436 0.998418 -0.055244 9.490500 -0.057091 0.055752 0.996811 -1.392100 0.000000 0.000000 0.000000 1.000000
0.998132 -0.009214 0.060397 -0.038100 0.012515 0.998434 -0.054518 9.490500 -0.059800 0.055172 0.996685 -1.392100 0.000000 0.000000 0.000000 1.000000
0.997722 -0.013047 0.066186 -0.038100 0.016584 0.998447 -0.053179 9.490500 -0.065389 0.054156 0.996389 -1.392100 0.000000 0.000000 0.000000 1.000000
0.997026 -0.018799 0.074736 -0.038100 0.022802 0.998330 -0.053072 9.490500 -0.073613 0.054618 0.995790 -1.392100 0.000000 0.000000 0.000000 1.000000
0.996784 -0.022660 0.076863 -0.038100 0.027324 0.997813 -0.060184 9.490500 -0.075331 0.062090 0.995224 -1.392100 0.000000 0.000000 0.000000 1.000000
0.997631 -0.026422 0.063518 -0.038100 0.031122 0.996759 -0.074184 9.490500 -0.061352 0.075985 0.995220 -1.392100 0.000000 0.000000 0.000000 1.000000
0.998374 -0.031269 0.047670 -0.038100 0.035263 0.995724 -0.085379 9.490500 -0.044796 0.086921 0.995208 -1.392100 0.000000 0.000000 0.000000 1.000000
0.998928 -0.033542 0.031888 -0.038100 0.036403 0.994922 -0.093833 9.490500 -0.028579 0.094893 0.995077 -1.392100 0.000000 0.000000 0.000000 1.000000
0.999254 -0.034500 0.017339 -0.038100 0.036152 0.993679 -0.106278 9.490500 -0.013563 0.106826 0.994185 -1.392100 0.000000 0.000000 0.000000 1.000000
0.999494 -0.031771 0.001370 -0.038100 0.031717 0.992797 -0.115532 9.490500 0.002310 0.115517 0.993303 -1.392100 0.000000 0.000000 0.000000 1.000000
0.999526 -0.028761 -0.010998 -0.038100 0.027197 0.992071 -0.122697 9.490500 0.014440 0.122340 0.992383 -1.392100 0.000000 0.000000 0.000000 1.000000
0.999494 -0.027582 -0.015855 -0.038100 0.025345 0.991553 -0.127201 9.490500 0.019230 0.126735 0.991750 -1.392100 0.000000 0.000000 0.000000 1.000000
0.999440 -0.028135 -0.018095 -0.038100 0.025594 0.991453 -0.127930 9.490500 0.021539 0.127395 0.991618 -1.392100 0.000000 0.000000 0.000000 1.000000
0.999542 -0.025758 -0.015898 -0.038100 0.023508 0.991452 -0.128337 9.490500 0.019068 0.127905 0.991603 -1.392100 0.000000 0.000000 0.000000 1.000000
0.999703 -0.022887 -0.008366 -0.038100 0.021665 0.991943 -0.124816 9.490500 0.011155 0.124598 0.992145 -1.392100 0.000000 0.000000 0.000000 1.000000
0.999801 -0.019934 -0.000687 -0.038100 0.019706 0.992500 -0.120646 9.490500 0.003087 0.120608 0.992695 -1.392100 0.000000 0.000000 0.000000 1.000000
0.999781 -0.019419 0.007786 -0.038100 0.020186 0.993173 -0.114887 9.490500 -0.005502 0.115019 0.993348 -1.392100 0.000000 0.000000 0.000000 1.000000
0.999541 -0.023077 0.019609 -0.038100 0.025046 0.993952 -0.106922 9.490500 -0.017023 0.107364 0.994074 -1.392100 0.000000 0.000000 0.000000 1.000000
0.999409 -0.021601 0.026733 -0.038100 0.024188 0.994636 -0.100568 9.490500 -0.024418 0.101155 0.994571 -1.392100 0.000000 0.000000 0.000000 1.000000
0.999346 -0.021541 0.029052 -0.038100 0.024290 0.994904 -0.097860 9.490500 -0.026796 0.098502 0.994776 -1.392100 0.000000 0.000000 0.000000 1.000000
0.999271 -0.020498 0.032196 -0.038100 0.023450 0.995280 -0.094166 9.490500 -0.030114 0.094853 0.995036 -1.392100 0.000000 0.000000 0.000000 1.000000
0.999213 -0.018943 0.034864 -0.038100 0.022023 0.995682 -0.090183 9.490500 -0.033005 0.090880 0.995315 -1.392100 0.000000 0.000000 0.000000 1.000000
0.999140 -0.017478 0.037609 -0.038100 0.020646 0.996118 -0.085570 9.490500 -0.035967 0.086273 0.995622 -1.392100 0.000000 0.000000 0.000000 1.000000
0.999008 -0.016801 0.041251 -0.038100 0.020100 0.996518 -0.080915 9.490500 -0.039747 0.081664 0.995867 -1.392100 0.000000 0.000000 0.000000 1.000000
0.998824 -0.015771 0.045839 -0.038100 0.019237 0.996908 -0.076192 9.490500 -0.044495 0.076984 0.996039 -1.392100 0.000000 0.000000 0.000000 1.000000
0.998649 -0.013789 0.050097 -0.038100 0.017344 0.997310 -0.071223 9.490500 -0.048981 0.071996 0.996202 -1.392100 0.000000 0.000000 0.000000 1.000000
0.998533 -0.011684 0.052875 -0.038100 0.015204 0.997660 -0.066661 9.490500 -0.051973 0.067367 0.996374 -1.392100 0.000000 0.000000 0.000000 1.000000
0.998441 -0.010396 0.054835 -0.038100 0.013845 0.997924 -0.062890 9.490500 -0.054067 0.063551 0.996513 -1.392100 0.000000 0.000000 0.000000 1.000000
0.998439 -0.009252 0.055077 -0.038100 0.012599 0.998075 -0.060733 9.490500 -0.054409 0.061332 0.996633 -1.392100 0.000000 0.000000 0.000000 1.000000
0.998436 -0.008981 0.055186 -0.038100 0.012250 0.998172 -0.059187 9.490500 -0.054553 0.059771 0.996720 -1.392100 0.000000 0.000000 0.000000 1.000000
0.998432 -0.008792 0.055276 -0.038100 0.012033 0.998210 -0.058576 9.490500 -0.054662 0.059149 0.996751 -1.392100 0.000000 0.000000 0.000000 1.000000
0.998423 -0.008564 0.055477 -0.038100 0.011783 0.998249 -0.057960 9.490500 -0.054884 0.058522 0.996776 -1.392100 0.000000 0.000000 0.000000 1.000000
0.998401 -0.007802 0.055995 -0.038100 0.010988 0.998325 -0.056806 9.490500 -0.055458 0.057331 0.996814 -1.392100 0.000000 0.000000 0.000000 1.000000
0.998379 -0.006907 0.056489 -0.038100 0.010072 0.998384 -0.055937 9.490500 -0.056011 0.056415 0.996835 -1.392100 0.000000 0.000000 0.000000 1.000000
0.998363 -0.006531 0.056818 -0.038100 0.009687 0.998415 -0.055443 9.490500 -0.056366 0.055903 0.996844 -1.392100 0.000000 0.000000 0.000000 1.000000
0.998364 -0.006396 0.056814 -0.038100 0.009545 0.998422 -0.055333 9.490500 -0.056371 0.055785 0.996850 -1.392100 0.000000 0.000000 0.000000 1.000000
0.998378 -0.005895 0.056624 -0.038100 0.009048 0.998413 -0.055592 9.490500 -0.056206 0.056014 0.996847 -1.392100 0.000000 0.000000 0.000000 1.000000
0.998408 -0.005598 0.056127 -0.038100 0.008726 0.998413 -0.055636 9.490500 -0.055726 0.056037 0.996872 -1.392100 0.000000 0.000000 0.000000 1.000000
0.998467 -0.005364 0.055093 -0.038100 0.008448 0.998401 -0.055898 9.490500 -0.054705 0.056278 0.996915 -1.392100 0.000000 0.000000 0.000000 1.000000</float_array>
        <technique_common>
          <accessor source="#mixamorig_Spine-Matrix-animation-output-transform-array" count="41" stride="16">
            <param type="float4x4"/>
          </accessor>
        </technique_common>
      </source>
      <source id="mixamorig_Spine-Interpolations">
        <Name_array id="mixamorig_Spine-Interpolations-array" count="41">
 LINEAR LINEAR LINEAR LINEAR LINEAR LINEAR LINEAR LINEAR LINEAR LINEAR LINEAR
LINEAR LINEAR LINEAR LINEAR LINEAR LINEAR LINEAR LINEAR LINEAR LINEAR LINEAR LINEAR
LINEAR LINEAR LINEAR LINEAR LINEAR LINEAR LINEAR LINEAR LINEAR LINEAR LINEAR LINEAR
LINEAR LINEAR LINEAR LINEAR LINEAR LINEAR</Name_array>
        <technique_common>
          <accessor source="#mixamorig_Spine-Interpolations-array" count="41">
            <param type="name"/>
          </accessor>
        </technique_common>
      </source>
      <sampler id="mixamorig_Spine-Matrix-animation-transform">
        <input semantic="INPUT" source="#mixamorig_Spine-Matrix-animation-input"/>
        <input semantic="OUTPUT" source="#mixamorig_Spine-Matrix-animation-output-transform"/>
        <input semantic="INTERPOLATION" source="#mixamorig_Spine-Interpolations"/>
      </sampler>
      <channel source="#mixamorig_Spine-Matrix-animation-transform" target="mixamorig_Spine/matrix"/>
    </animation>
    <animation id="mixamorig_Spine1-anim" name="mixamorig_Spine1">
      <source id="mixamorig_Spine1-Matrix-animation-input">
        <float_array id="mixamorig_Spine1-Matrix-animation-input-array" count="41">

0.000000 0.033333 0.066667 0.100000 0.133333 0.166667 0.200000 0.233333 0.266667 0.300000 0.333333 0.366667 0.400000 0.433333 0.466667 0.500000
0.533333 0.566667 0.600000 0.633333 0.666667 0.700000 0.733333 0.766667 0.800000 0.833333 0.866667 0.900000 0.933333 0.966667 1.000000 1.033333
1.066667 1.100000 1.133333 1.166667 1.200000 1.233333 1.266667 1.300000 1.333333</float_array>
        <technique_common>
          <accessor source="#mixamorig_Spine1-Matrix-animation-input-array" count="41">
            <param name="TIME" type="float"/>
          </accessor>
        </technique_common>
      </source>
      <source id="mixamorig_Spine1-Matrix-animation-output-transform">
        <float_array id="mixamorig_Spine1-Matrix-animation-output-transform-array" count="656">

0.994306 -0.001637 0.106548 0.000000 0.014939 0.992149 -0.124168 11.190800 -0.105508 0.125052 0.986524 -0.000000 0.000000 0.000000 0.000000 1.000000
0.994079 -0.003425 0.108604 0.000000 0.016875 0.992242 -0.123170 11.190800 -0.107340 0.124274 0.986425 0.000000 0.000000 0.000000 0.000000 1.000000
0.993744 -0.005027 0.111572 0.000000 0.018803 0.992257 -0.122767 11.190800 -0.110091 0.124097 0.986144 -0.000000 0.000000 0.000000 0.000000 1.000000
0.993055 -0.008555 0.117341 0.000000 0.022871 0.992364 -0.121207 11.190800 -0.115408 0.123049 0.985667 -0.000000 0.000000 0.000000 0.000000 1.000000
0.991485 -0.015433 0.129305 -0.000000 0.030874 0.992501 -0.118277 11.190800 -0.126510 0.121262 0.984526 0.000000 0.000000 0.000000 0.000000 1.000000
0.988772 -0.025533 0.147238 0.000000 0.043128 0.992127 -0.117579 11.190800 -0.143076 0.122609 0.982088 -0.000000 0.000000 0.000000 0.000000 1.000000
0.987781 -0.031587 0.152614 0.000000 0.051958 0.989968 -0.131394 11.190800 -0.146933 0.137718 0.979512 0.000000 0.000000 0.000000 0.000000 1.000000
0.991114 -0.038384 0.127358 -0.000000 0.058624 0.985503 -0.159208 11.190800 -0.119401 0.165260 0.978996 0.000000 0.000000 0.000000 0.000000 1.000000
0.994150 -0.047890 0.096808 0.000000 0.064946 0.981236 -0.181545 11.190800 -0.086297 0.186770 0.978606 0.000000 0.000000 0.000000 0.000000 1.000000
0.996443 -0.052862 0.065629 -0.000000 0.064959 0.977927 -0.198590 11.190800 -0.053682 0.202147 0.977883 0.000000 0.000000 0.000000 0.000000 1.000000
0.997765 -0.055702 0.036905 0.000000 0.062566 0.972720 -0.223388 11.190800 -0.023456 0.225198 0.974031 0.000000 0.000000 0.000000 0.000000 1.000000
0.998640 -0.051874 0.005190 0.000000 0.051588 0.968942 -0.241847 11.190800 0.007517 0.241786 0.970300 0.000000 0.000000 0.000000 0.000000 1.000000
0.998707 -0.047006 -0.019345 0.000000 0.040501 0.965840 -0.255954 11.190800 0.030716 0.254839 0.966495 -0.000000 0.000000 0.000000 0.000000 1.000000
0.998574 -0.044925 -0.028824 0.000000 0.035713 0.963663 -0.264723 11.190800 0.039669 0.263316 0.963894 0.000000 0.000000 0.000000 0.000000 1.000000
0.998379 -0.046432 -0.032917 0.000000 0.036023 0.963256 -0.266159 11.190800 0.044066 0.264542 0.963367 -0.000000 0.000000 0.000000 0.000000 1.000000
0.998724 -0.041547 -0.028695 0.000000 0.032399 0.963175 -0.266915 11.190800 0.038728 0.265644 0.963293 0.000000 0.000000 0.000000 0.000000 1.000000
0.999291 -0.034899 -0.014108 0.000000 0.030035 0.965135 -0.260024 11.190800 0.022691 0.259416 0.965499 0.000000 0.000000 0.000000 0.000000 1.000000
0.999597 -0.028362 0.000772 0.000000 0.027642 0.967365 -0.251873 11.190800 0.006397 0.251793 0.967760 0.000000 0.000000 0.000000 0.000000 1.000000
0.999485 -0.026867 0.017539 0.000000 0.030301 0.970154 -0.240589 11.190800 -0.010551 0.240996 0.970469 0.000000 0.000000 0.000000 0.000000 1.000000
0.998582 -0.033477 0.041398 0.000000 0.041955 0.973501 -0.224799 11.190800 -0.032775 0.226217 0.973525 0.000000 0.000000 0.000000 0.000000 1.000000
0.998006 -0.030509 0.055257 0.000000 0.041598 0.976331 -0.212242 11.190800 -0.047474 0.214117 0.975654 0.000000 0.000000 0.000000 0.000000 1.000000
0.997743 -0.030860 0.059645 0.000000 0.042598 0.977443 -0.206859 11.190800 -0.051916 0.208933 0.976551 0.000000 0.000000 0.000000 0.000000 1.000000
0.997426 -0.029208 0.065485 0.000000 0.041770 0.978997 -0.199548 11.190800 -0.058282 0.201770 0.977697 0.000000 0.000000 0.000000 0.000000 1.000000
0.997177 -0.026562 0.070237 0.000000 0.039623 0.980656 -0.191689 11.190800 -0.063787 0.193931 0.978939 0.000000 0.000000 0.000000 0.000000 1.000000
0.996885 -0.024005 0.075132 0.000000 0.037419 0.982477 -0.182589 11.190800 -0.069433 0.184832 0.980314 0.000000 0.000000 0.000000 0.000000 1.000000
0.996377 -0.022831 0.081922 0.000000 0.036804 0.984172 -0.173352 11.190800 -0.076668 0.175739 0.981447 0.000000 0.000000 0.000000 0.000000 1.000000
0.995665 -0.020816 0.090648 -0.000000 0.035539 0.985823 -0.163981 11.190800 -0.085950 0.166492 0.982290 0.000000 0.000000 0.000000 0.000000 1.000000
0.994970 -0.016954 0.098727 0.000000 0.032126 0.987520 -0.154180 11.190800 -0.094881 0.156576 0.983098 0.000000 0.000000 0.000000 0.000000 1.000000
0.994502 -0.012944 0.103911 0.000000 0.028046 0.989002 -0.145217 11.190800 -0.100889 0.147333 0.983928 0.000000 0.000000 0.000000 0.000000 1.000000
0.994147 -0.010577 0.107517 -0.000000 0.025437 0.990135 -0.137792 11.190800 -0.104999 0.139720 0.984608 0.000000 0.000000 0.000000 0.000000 1.000000
0.994148 -0.008543 0.107687 0.000000 0.022982 0.990773 -0.133569 11.190800 -0.105552 0.135262 0.985172 -0.000000 0.000000 0.000000 0.000000 1.000000
0.994158 -0.008214 0.107624 0.000000 0.022319 0.991196 -0.130512 11.190800 -0.105605 0.132151 0.985588 -0.000000 0.000000 0.000000 0.000000 1.000000
0.994167 -0.007974 0.107560 0.000000 0.021940 0.991363 -0.129299 11.190800 -0.105600 0.130904 0.985755 0.000000 0.000000 0.000000 0.000000 1.000000
0.994149 -0.007599 0.107749 -0.000000 0.021462 0.991531 -0.128088 11.190800 -0.105863 0.129651 0.985892 0.000000 0.000000 0.000000 0.000000 1.000000
0.994082 -0.006134 0.108463 0.000000 0.019851 0.991852 -0.125842 11.190800 -0.106807 0.127250 0.986103 -0.000000 0.000000 0.000000 0.000000 1.000000
0.993974 -0.004366 0.109530 -0.000000 0.018040 0.992097 -0.124166 11.190800 -0.108122 0.125394 0.986198 0.000000 0.000000 0.000000 0.000000 1.000000
0.993911 -0.003623 0.110129 -0.000000 0.017268 0.992231 -0.123208 11.190800 -0.108827 0.124359 0.986251 0.000000 0.000000 0.000000 0.000000 1.000000
0.993918 -0.003380 0.110068 0.000000 0.016995 0.992262 -0.122995 11.190800 -0.108800 0.124117 0.986285 0.000000 0.000000 0.000000 0.000000 1.000000
0.993968 -0.002433 0.109640 0.000000 0.016055 0.992210 -0.123534 11.190800 -0.108486 0.124549 0.986265 -0.000000 0.000000 0.000000 0.000000 1.000000
0.994080 -0.001947 0.108631 0.000000 0.015454 0.992207 -0.123635 11.190800 -0.107544 0.124582 0.986364 0.000000 0.000000 0.000000 0.000000 1.000000
0.994306 -0.001637 0.106547 0.000000 0.014939 0.992149 -0.124168 11.190800 -0.105508 0.125052 0.986524 -0.000000 0.000000 0.000000 0.000000 1.000000</float_array>
        <technique_common>
          <accessor source="#mixamorig_Spine1-Matrix-animation-output-transform-array" count="41" stride="16">
            <param type="float4x4"/>
          </accessor>
        </technique_common>
      </source>
      <source id="mixamorig_Spine1-Interpolations">
        <Name_array id="mixamorig_Spine1-Interpolations-array" count="41">
 LINEAR LINEAR LINEAR LINEAR LINEAR LINEAR LINEAR LINEAR LINEAR LINEAR LINEAR
LINEAR LINEAR LINEAR LINEAR LINEAR LINEAR LINEAR LINEAR LINEAR LINEAR LINEAR LINEAR
LINEAR LINEAR LINEAR LINEAR LINEAR LINEAR LINEAR LINEAR LINEAR LINEAR LINEAR LINEAR
LINEAR LINEAR LINEAR LINEAR LINEAR LINEAR</Name_array>
        <technique_common>
          <accessor source="#mixamorig_Spine1-Interpolations-array" count="41">
            <param type="name"/>
          </accessor>
        </technique_common>
      </source>
      <sampler id="mixamorig_Spine1-Matrix-animation-transform">
        <input semantic="INPUT" source="#mixamorig_Spine1-Matrix-animation-input"/>
        <input semantic="OUTPUT" source="#mixamorig_Spine1-Matrix-animation-output-transform"/>
        <input semantic="INTERPOLATION" source="#mixamorig_Spine1-Interpolations"/>
      </sampler>
      <channel source="#mixamorig_Spine1-Matrix-animation-transform" target="mixamorig_Spine1/matrix"/>
    </animation>
    <animation id="mixamorig_Spine2-anim" name="mixamorig_Spine2">
      <source id="mixamorig_Spine2-Matrix-animation-input">
        <float_array id="mixamorig_Spine2-Matrix-animation-input-array" count="41">

0.000000 0.033333 0.066667 0.100000 0.133333 0.166667 0.200000 0.233333 0.266667 0.300000 0.333333 0.366667 0.400000 0.433333 0.466667 0.500000
0.533333 0.566667 0.600000 0.633333 0.666667 0.700000 0.733333 0.766667 0.800000 0.833333 0.866667 0.900000 0.933333 0.966667 1.000000 1.033333
1.066667 1.100000 1.133333 1.166667 1.200000 1.233333 1.266667 1.300000 1.333333</float_array>
        <technique_common>
          <accessor source="#mixamorig_Spine2-Matrix-animation-input-array" count="41">
            <param name="TIME" type="float"/>
          </accessor>
        </technique_common>
      </source>
      <source id="mixamorig_Spine2-Matrix-animation-output-transform">
        <float_array id="mixamorig_Spine2-Matrix-animation-output-transform-array" count="656">

0.994298 -0.004267 0.106552 -0.000000 0.011067 0.997933 -0.063308 12.789500 -0.106062 0.064126 0.992290 -0.000000 0.000000 0.000000 0.000000 1.000000
0.994078 -0.006178 0.108495 -0.000000 0.013003 0.997972 -0.062306 12.789500 -0.107890 0.063347 0.992143 0.000000 0.000000 0.000000 0.000000 1.000000
0.993748 -0.007962 0.111359 0.000000 0.014932 0.997971 -0.061902 12.789500 -0.110640 0.063178 0.991850 0.000000 0.000000 0.000000 0.000000 1.000000
0.993073 -0.011840 0.116899 0.000000 0.019001 0.997997 -0.060336 12.789500 -0.115951 0.062139 0.991309 0.000000 0.000000 0.000000 0.000000 1.000000
0.991530 -0.019447 0.128417 0.000000 0.027008 0.997986 -0.057401 12.789500 -0.127042 0.060383 0.990058 -0.000000 0.000000 0.000000 0.000000 1.000000
0.988855 -0.030641 0.145694 -0.000000 0.039270 0.997617 -0.056723 12.789500 -0.143609 0.061812 0.987702 0.000000 0.000000 0.000000 0.000000 1.000000
0.987888 -0.037018 0.150687 -0.000000 0.048110 0.996341 -0.070640 12.789500 -0.147521 0.077034 0.986054 0.000000 0.000000 0.000000 0.000000 1.000000
0.991249 -0.042235 0.125064 0.000000 0.054785 0.993610 -0.098675 12.789500 -0.120097 0.104664 0.987230 0.000000 0.000000 0.000000 0.000000 1.000000
0.994325 -0.049833 0.093987 0.000000 0.061113 0.990741 -0.121231 12.789500 -0.087075 0.126286 0.988165 0.000000 0.000000 0.000000 0.000000 1.000000
0.996640 -0.052869 0.062562 -0.000000 0.061127 0.988482 -0.138447 12.789500 -0.054522 0.141806 0.988392 0.000000 0.000000 0.000000 0.000000 1.000000
0.997975 -0.053932 0.033719 0.000000 0.058745 0.984790 -0.163518 12.789500 -0.024387 0.165168 0.985964 0.000000 0.000000 0.000000 0.000000 1.000000
0.998837 -0.048158 0.002300 -0.000000 0.047770 0.982105 -0.182177 12.789500 0.006515 0.182075 0.983263 0.000000 0.000000 0.000000 0.000000 1.000000
0.998887 -0.041791 -0.021892 0.000000 0.036688 0.979827 -0.196449 12.789500 0.029660 0.195428 0.980270 0.000000 0.000000 0.000000 0.000000 1.000000
0.998746 -0.039131 -0.031223 -0.000000 0.031906 0.978171 -0.205337 12.789500 0.038576 0.204083 0.978193 0.000000 0.000000 0.000000 0.000000 1.000000
0.998557 -0.040383 -0.035402 0.000000 0.032215 0.977854 -0.206795 12.789500 0.042969 0.205356 0.977744 0.000000 0.000000 0.000000 0.000000 1.000000
0.998883 -0.035766 -0.030886 0.000000 0.028594 0.977805 -0.207555 12.789500 0.037624 0.206440 0.977736 0.000000 0.000000 0.000000 0.000000 1.000000
0.999422 -0.030026 -0.015919 -0.000000 0.026228 0.979331 -0.200558 12.789500 0.021612 0.200025 0.979552 0.000000 0.000000 0.000000 0.000000 1.000000
0.999702 -0.024415 -0.000665 -0.000000 0.023832 0.981049 -0.192288 12.789500 0.005347 0.192214 0.981338 0.000000 0.000000 0.000000 0.000000 1.000000
0.999582 -0.023955 0.016163 -0.000000 0.026485 0.983153 -0.180853 12.789500 -0.011558 0.181206 0.983377 0.000000 0.000000 0.000000 0.000000 1.000000
0.998704 -0.032023 0.039570 0.000000 0.038135 0.985575 -0.164885 12.789500 -0.033719 0.166180 0.985519 0.000000 0.000000 0.000000 0.000000 1.000000
0.998115 -0.029914 0.053585 -0.000000 0.037770 0.987631 -0.152177 12.789500 -0.048370 0.153914 0.986900 0.000000 0.000000 0.000000 0.000000 1.000000
0.997853 -0.030536 0.057942 -0.000000 0.038768 0.988416 -0.146737 12.789500 -0.052790 0.148668 0.987477 0.000000 0.000000 0.000000 0.000000 1.000000
0.997529 -0.029248 0.063874 0.000000 0.037935 0.989517 -0.139344 12.789500 -0.059129 0.141423 0.988182 0.000000 0.000000 0.000000 0.000000 1.000000
0.997269 -0.026899 0.068780 0.000000 0.035784 0.990683 -0.131399 12.789500 -0.064604 0.133501 0.988941 0.000000 0.000000 0.000000 0.000000 1.000000
0.996967 -0.024650 0.073821 -0.000000 0.033574 0.991937 -0.122206 12.789500 -0.070214 0.124314 0.989756 -0.000000 0.000000 0.000000 0.000000 1.000000
0.996454 -0.023897 0.080671 -0.000000 0.032955 0.993062 -0.112882 12.789500 -0.077414 0.115140 0.990328 0.000000 0.000000 0.000000 0.000000 1.000000
0.995734 -0.022426 0.089504 0.000000 0.031686 0.994132 -0.103428 12.789500 -0.086660 0.105823 0.990602 -0.000000 0.000000 0.000000 0.000000 1.000000
0.995023 -0.019071 0.097805 0.000000 0.028269 0.995214 -0.093542 12.789500 -0.095553 0.095842 0.990800 -0.000000 0.000000 0.000000 0.000000 1.000000
0.994539 -0.015390 0.103225 0.000000 0.024185 0.996129 -0.084506 12.789500 -0.101525 0.086541 0.991062 0.000000 0.000000 0.000000 0.000000 1.000000
0.994174 -0.013250 0.106970 0.000000 0.021573 0.996796 -0.077026 12.789500 -0.105607 0.078885 0.991274 -0.000000 0.000000 0.000000 0.000000 1.000000
0.994167 -0.011230 0.107264 -0.000000 0.019115 0.997165 -0.072774 12.789500 -0.106143 0.074399 0.991564 0.000000 0.000000 0.000000 0.000000 1.000000
0.994175 -0.010898 0.107222 0.000000 0.018450 0.997398 -0.069696 12.789500 -0.106184 0.071268 0.991789 0.000000 0.000000 0.000000 0.000000 1.000000
0.994183 -0.010654 0.107173 -0.000000 0.018071 0.997489 -0.068475 12.789500 -0.106174 0.070014 0.991880 0.000000 0.000000 0.000000 0.000000 1.000000
0.994164 -0.010292 0.107384 0.000000 0.017592 0.997581 -0.067257 12.789500 -0.106432 0.068753 0.991940 -0.000000 0.000000 0.000000 0.000000 1.000000
0.994091 -0.008874 0.108187 0.000000 0.015980 0.997758 -0.064995 12.789500 -0.107368 0.066340 0.992004 -0.000000 0.000000 0.000000 0.000000 1.000000
0.993976 -0.007175 0.109361 0.000000 0.014169 0.997893 -0.063308 12.789500 -0.108676 0.064476 0.991984 -0.000000 0.000000 0.000000 0.000000 1.000000
0.993910 -0.006470 0.110005 -0.000000 0.013397 0.997965 -0.062344 12.789500 -0.109378 0.063438 0.991974 0.000000 0.000000 0.000000 0.000000 1.000000
0.993917 -0.006225 0.109958 0.000000 0.013124 0.997982 -0.062129 12.789500 -0.109350 0.063194 0.991992 0.000000 0.000000 0.000000 0.000000 1.000000
0.993963 -0.005252 0.109591 0.000000 0.012183 0.997960 -0.062671 12.789500 -0.109038 0.063628 0.991999 0.000000 0.000000 0.000000 0.000000 1.000000
0.994073 -0.004705 0.108613 0.000000 0.011582 0.997961 -0.062772 12.789500 -0.108096 0.063658 0.992100 0.000000 0.000000 0.000000 0.000000 1.000000
0.994298 -0.004267 0.106552 0.000000 0.011066 0.997933 -0.063307 12.789500 -0.106062 0.064126 0.992290 -0.000000 0.000000 0.000000 0.000000 1.000000</float_array>
        <technique_common>
          <accessor source="#mixamorig_Spine2-Matrix-animation-output-transform-array" count="41" stride="16">
            <param type="float4x4"/>
          </accessor>
        </technique_common>
      </source>
      <source id="mixamorig_Spine2-Interpolations">
        <Name_array id="mixamorig_Spine2-Interpolations-array" count="41">
 LINEAR LINEAR LINEAR LINEAR LINEAR LINEAR LINEAR LINEAR LINEAR LINEAR LINEAR
LINEAR LINEAR LINEAR LINEAR LINEAR LINEAR LINEAR LINEAR LINEAR LINEAR LINEAR LINEAR
LINEAR LINEAR LINEAR LINEAR LINEAR LINEAR LINEAR LINEAR LINEAR LINEAR LINEAR LINEAR
LINEAR LINEAR LINEAR LINEAR LINEAR LINEAR</Name_array>
        <technique_common>
          <accessor source="#mixamorig_Spine2-Interpolations-array" count="41">
            <param type="name"/>
          </accessor>
        </technique_common>
      </source>
      <sampler id="mixamorig_Spine2-Matrix-animation-transform">
        <input semantic="INPUT" source="#mixamorig_Spine2-Matrix-animation-input"/>
        <input semantic="OUTPUT" source="#mixamorig_Spine2-Matrix-animation-output-transform"/>
        <input semantic="INTERPOLATION" source="#mixamorig_Spine2-Interpolations"/>
      </sampler>
      <channel source="#mixamorig_Spine2-Matrix-animation-transform" target="mixamorig_Spine2/matrix"/>
    </animation>
    <animation id="mixamorig_Neck-anim" name="mixamorig_Neck">
      <source id="mixamorig_Neck-Matrix-animation-input">
        <float_array id="mixamorig_Neck-Matrix-animation-input-array" count="41">

0.000000 0.033333 0.066667 0.100000 0.133333 0.166667 0.200000 0.233333 0.266667 0.300000 0.333333 0.366667 0.400000 0.433333 0.466667 0.500000
0.533333 0.566667 0.600000 0.633333 0.666667 0.700000 0.733333 0.766667 0.800000 0.833333 0.866667 0.900000 0.933333 0.966667 1.000000 1.033333
1.066667 1.100000 1.133333 1.166667 1.200000 1.233333 1.266667 1.300000 1.333333</float_array>
        <technique_common>
          <accessor source="#mixamorig_Neck-Matrix-animation-input-array" count="41">
            <param name="TIME" type="float"/>
          </accessor>
        </technique_common>
      </source>
      <source id="mixamorig_Neck-Matrix-animation-output-transform">
        <float_array id="mixamorig_Neck-Matrix-animation-output-transform-array" count="656">

0.923043 -0.035202 0.383083 -0.056900 0.038170 0.999271 -0.000145 14.235800 -0.382799 0.014756 0.923714 -2.088100 0.000000 0.000000 0.000000 1.000000
0.923339 -0.026282 0.383085 -0.056900 0.033693 0.999352 -0.012646 14.235800 -0.382504 0.024584 0.923627 -2.088100 0.000000 0.000000 0.000000 1.000000
0.921767 -0.013111 0.387522 -0.056900 0.027381 0.999134 -0.031325 14.235800 -0.386775 0.039486 0.921328 -2.088100 0.000000 0.000000 0.000000 1.000000
0.920359 0.014590 0.390802 -0.056900 0.011852 0.997804 -0.065163 14.235800 -0.390895 0.064605 0.918165 -2.088100 0.000000 0.000000 0.000000 1.000000
0.920018 0.068840 0.385783 -0.056900 -0.023190 0.992288 -0.121764 14.235800 -0.391190 0.103079 0.914519 -2.088100 0.000000 0.000000 0.000000 1.000000
0.901271 0.156760 0.403903 -0.056900 -0.065440 0.970808 -0.230760 14.235800 -0.428286 0.181546 0.885219 -2.088100 0.000000 0.000000 0.000000 1.000000
0.866707 0.227532 0.443900 -0.056900 -0.082279 0.942928 -0.322673 14.235800 -0.491984 0.243139 0.835963 -2.088100 0.000000 0.000000 0.000000 1.000000
0.819183 0.282171 0.499318 -0.056900 -0.017033 0.882188 -0.470590 14.235800 -0.573279 0.376994 0.727479 -2.088100 0.000000 0.000000 0.000000 1.000000
0.823419 0.259070 0.504841 -0.056900 0.054553 0.849426 -0.524881 14.235800 -0.564806 0.459738 0.685300 -2.088100 0.000000 0.000000 0.000000 1.000000
0.832045 0.193928 0.519705 -0.056900 0.124394 0.847805 -0.515513 14.235800 -0.540581 0.493578 0.681288 -2.088100 0.000000 0.000000 0.000000 1.000000
0.817636 0.182970 0.545888 -0.056900 0.100993 0.887874 -0.448865 14.235800 -0.566809 0.422139 0.707479 -2.088100 0.000000 0.000000 0.000000 1.000000
0.769954 0.226587 0.596514 -0.056900 0.043594 0.913967 -0.403441 14.235800 -0.636608 0.336635 0.693835 -2.088100 0.000000 0.000000 0.000000 1.000000
0.692143 0.293545 0.659370 -0.056900 -0.051095 0.931194 -0.360924 14.235800 -0.719950 0.216120 0.659518 -2.088100 0.000000 0.000000 0.000000 1.000000
0.644742 0.306374 0.700316 -0.056900 -0.125145 0.946110 -0.298689 14.235800 -0.754087 0.104936 0.648338 -2.088100 0.000000 0.000000 0.000000 1.000000
0.626991 0.312412 0.713640 -0.056900 -0.130180 0.945202 -0.299410 14.235800 -0.768073 0.094826 0.633303 -2.088100 0.000000 0.000000 0.000000 1.000000
0.637956 0.293133 0.712100 -0.056900 -0.144939 0.953897 -0.262819 14.235800 -0.756310 0.064456 0.651030 -2.088100 0.000000 0.000000 0.000000 1.000000
0.655767 0.270518 0.704833 -0.056900 -0.155264 0.961967 -0.224752 14.235800 -0.738825 0.037950 0.672827 -2.088100 0.000000 0.000000 0.000000 1.000000
0.674686 0.248140 0.695144 -0.056900 -0.155376 0.968439 -0.194893 14.235800 -0.721566 0.023483 0.691947 -2.088100 0.000000 0.000000 0.000000 1.000000
0.681664 0.256283 0.685313 -0.056900 -0.166780 0.966416 -0.195513 14.235800 -0.712403 0.018977 0.701514 -2.088100 0.000000 0.000000 0.000000 1.000000
0.704467 0.265801 0.658085 -0.056900 -0.141919 0.961253 -0.236329 14.235800 -0.695403 0.073091 0.714893 -2.088100 0.000000 0.000000 0.000000 1.000000
0.725118 0.259674 0.637788 -0.056900 -0.143400 0.962813 -0.228973 14.235800 -0.673528 0.074574 0.735390 -2.088100 0.000000 0.000000 0.000000 1.000000
0.719590 0.291473 0.630264 -0.056900 -0.208150 0.956444 -0.204668 14.235800 -0.662468 0.016088 0.748918 -2.088100 0.000000 0.000000 0.000000 1.000000
0.745385 0.275313 0.607128 -0.056900 -0.212209 0.961353 -0.175409 14.235800 -0.631957 0.001909 0.775001 -2.088100 0.000000 0.000000 0.000000 1.000000
0.784103 0.229298 0.576719 -0.056900 -0.181119 0.973338 -0.140742 14.235800 -0.593615 0.005901 0.804728 -2.088100 0.000000 0.000000 0.000000 1.000000
0.819166 0.181409 0.544112 -0.056900 -0.144105 0.983329 -0.110895 14.235800 -0.555159 0.012432 0.831652 -2.088100 0.000000 0.000000 0.000000 1.000000
0.847400 0.145180 0.510721 -0.056900 -0.114294 0.989219 -0.091561 14.235800 -0.518507 0.019216 0.854857 -2.088100 0.000000 0.000000 0.000000 1.000000
0.875507 0.098727 0.473012 -0.056900 -0.077805 0.994935 -0.063653 14.235800 -0.476900 0.018926 0.878754 -2.088100 0.000000 0.000000 0.000000 1.000000
0.900459 0.046824 0.432413 -0.056900 -0.033682 0.998710 -0.038007 14.235800 -0.433635 0.019660 0.900874 -2.088100 0.000000 0.000000 0.000000 1.000000
0.914562 0.015829 0.404136 -0.056900 -0.009404 0.999796 -0.017879 14.235800 -0.404336 0.012551 0.914524 -2.088100 0.000000 0.000000 0.000000 1.000000
0.923622 -0.009045 0.383199 -0.056900 0.009229 0.999956 0.001359 14.235800 -0.383194 0.002281 0.923665 -2.088100 0.000000 0.000000 0.000000 1.000000
0.928197 -0.027786 0.371051 -0.056900 0.023785 0.999599 0.015354 14.235800 -0.371329 -0.005426 0.928486 -2.088100 0.000000 0.000000 0.000000 1.000000
0.931362 -0.040688 0.361814 -0.056900 0.036054 0.999159 0.019553 14.235800 -0.362305 -0.005166 0.932045 -2.088100 0.000000 0.000000 0.000000 1.000000
0.933507 -0.055182 0.354288 -0.056900 0.048631 0.998442 0.027375 14.235800 -0.355246 -0.008325 0.934736 -2.088100 0.000000 0.000000 0.000000 1.000000
0.933659 -0.059994 0.353102 -0.056900 0.053486 0.998171 0.028170 14.235800 -0.354147 -0.007416 0.935160 -2.088100 0.000000 0.000000 0.000000 1.000000
0.931765 -0.056024 0.358714 -0.056900 0.052193 0.998429 0.020364 14.235800 -0.359292 -0.000252 0.933225 -2.088100 0.000000 0.000000 0.000000 1.000000
0.929718 -0.052785 0.364470 -0.056900 0.050262 0.998601 0.016413 14.235800 -0.364826 0.003060 0.931071 -2.088100 0.000000 0.000000 0.000000 1.000000
0.927512 -0.045721 0.370986 -0.056900 0.044911 0.998932 0.010828 14.235800 -0.371085 0.006618 0.928575 -2.088100 0.000000 0.000000 0.000000 1.000000
0.925466 -0.038801 0.376837 -0.056900 0.039694 0.999197 0.005398 14.235800 -0.376744 0.009963 0.926264 -2.088100 0.000000 0.000000 0.000000 1.000000
0.924382 -0.040236 0.379340 -0.056900 0.040098 0.999162 0.008267 14.235800 -0.379355 0.007569 0.925220 -2.088100 0.000000 0.000000 0.000000 1.000000
0.923228 -0.037683 0.382401 -0.056900 0.038682 0.999239 0.005079 14.235800 -0.382301 0.010103 0.923983 -2.088100 0.000000 0.000000 0.000000 1.000000
0.923043 -0.035200 0.383083 -0.056900 0.038168 0.999271 -0.000145 14.235800 -0.382799 0.014755 0.923714 -2.088100 0.000000 0.000000 0.000000 1.000000</float_array>
        <technique_common>
          <accessor source="#mixamorig_Neck-Matrix-animation-output-transform-array" count="41" stride="16">
            <param type="float4x4"/>
          </accessor>
        </technique_common>
      </source>
      <source id="mixamorig_Neck-Interpolations">
        <Name_array id="mixamorig_Neck-Interpolations-array" count="41">
 LINEAR LINEAR LINEAR LINEAR LINEAR LINEAR LINEAR LINEAR LINEAR LINEAR LINEAR
LINEAR LINEAR LINEAR LINEAR LINEAR LINEAR LINEAR LINEAR LINEAR LINEAR LINEAR LINEAR
LINEAR LINEAR LINEAR LINEAR LINEAR LINEAR LINEAR LINEAR LINEAR LINEAR LINEAR LINEAR
LINEAR LINEAR LINEAR LINEAR LINEAR LINEAR</Name_array>
        <technique_common>
          <accessor source="#mixamorig_Neck-Interpolations-array" count="41">
            <param type="name"/>
          </accessor>
        </technique_common>
      </source>
      <sampler id="mixamorig_Neck-Matrix-animation-transform">
        <input semantic="INPUT" source="#mixamorig_Neck-Matrix-animation-input"/>
        <input semantic="OUTPUT" source="#mixamorig_Neck-Matrix-animation-output-transform"/>
        <input semantic="INTERPOLATION" source="#mixamorig_Neck-Interpolations"/>
      </sampler>
      <channel source="#mixamorig_Neck-Matrix-animation-transform" target="mixamorig_Neck/matrix"/>
    </animation>
    <animation id="mixamorig_Head-anim" name="mixamorig_Head">
      <source id="mixamorig_Head-Matrix-animation-input">
        <float_array id="mixamorig_Head-Matrix-animation-input-array" count="41">

0.000000 0.033333 0.066667 0.100000 0.133333 0.166667 0.200000 0.233333 0.266667 0.300000 0.333333 0.366667 0.400000 0.433333 0.466667 0.500000
0.533333 0.566667 0.600000 0.633333 0.666667 0.700000 0.733333 0.766667 0.800000 0.833333 0.866667 0.900000 0.933333 0.966667 1.000000 1.033333
1.066667 1.100000 1.133333 1.166667 1.200000 1.233333 1.266667 1.300000 1.333333</float_array>
        <technique_common>
          <accessor source="#mixamorig_Head-Matrix-animation-input-array" count="41">
            <param name="TIME" type="float"/>
          </accessor>
        </technique_common>
      </source>
      <source id="mixamorig_Head-Matrix-animation-output-transform">
        <float_array id="mixamorig_Head-Matrix-animation-output-transform-array" count="656">

0.963943 0.180622 0.195422 0.000000 -0.183036 0.983089 -0.005787 3.280200 -0.193162 -0.030191 0.980702 0.313300 0.000000 0.000000 0.000000 1.000000
0.966612 0.171231 0.190636 0.000000 -0.173377 0.984840 -0.005491 3.280200 -0.188686 -0.027744 0.981645 0.313300 0.000000 0.000000 0.000000 1.000000
0.968647 0.161847 0.188491 0.000000 -0.163560 0.986512 -0.006536 3.280200 -0.187007 -0.024498 0.982053 0.313300 0.000000 0.000000 0.000000 1.000000
0.974129 0.136949 0.179773 0.000000 -0.138085 0.990401 -0.006240 3.280200 -0.178901 -0.018745 0.983688 0.313300 0.000000 0.000000 0.000000 1.000000
0.983598 0.089672 0.156507 0.000000 -0.090570 0.995889 -0.001394 3.280200 -0.155989 -0.012804 0.987676 0.313300 0.000000 0.000000 0.000000 1.000000
0.986146 0.046288 0.159288 -0.000000 -0.055070 0.997171 0.051167 3.280200 -0.156469 -0.059230 0.985905 0.313300 0.000000 0.000000 0.000000 1.000000
0.980788 0.023737 0.193628 0.000000 -0.036060 0.997525 0.060367 3.280200 -0.191716 -0.066190 0.979216 0.313300 0.000000 0.000000 0.000000 1.000000
0.971532 -0.021238 0.235953 0.000000 -0.026618 0.979882 0.197796 3.280200 -0.235407 -0.198445 0.951422 0.313300 0.000000 0.000000 0.000000 1.000000
0.972245 0.006934 0.233864 0.000000 -0.068356 0.964368 0.255583 3.280200 -0.223758 -0.264475 0.938075 0.313300 0.000000 0.000000 0.000000 1.000000
0.964979 0.058444 0.255734 -0.000000 -0.139760 0.939529 0.312653 3.280200 -0.221997 -0.337445 0.914794 0.313300 0.000000 0.000000 0.000000 1.000000
0.955730 0.066361 0.286663 0.000000 -0.156567 0.939560 0.304488 3.280200 -0.249132 -0.335890 0.908356 0.313300 0.000000 0.000000 0.000000 1.000000
0.943027 0.057931 0.327634 0.000000 -0.153860 0.949039 0.275048 3.280200 -0.295003 -0.309787 0.903883 0.313300 0.000000 0.000000 0.000000 1.000000
0.928082 0.038062 0.370425 0.000000 -0.132647 0.963301 0.233360 3.280200 -0.347949 -0.265713 0.899071 0.313300 0.000000 0.000000 0.000000 1.000000
0.918077 0.033993 0.394942 0.000000 -0.118135 0.974507 0.190738 3.280200 -0.378389 -0.221769 0.898688 0.313300 0.000000 0.000000 0.000000 1.000000
0.918821 0.018992 0.394218 0.000000 -0.108515 0.972502 0.206071 3.280200 -0.379464 -0.232121 0.895615 0.313300 0.000000 0.000000 0.000000 1.000000
0.921615 0.030164 0.386933 -0.000000 -0.111595 0.975468 0.189758 3.280200 -0.371717 -0.218064 0.902372 0.313300 0.000000 0.000000 0.000000 1.000000
0.925054 0.039125 0.377816 0.000000 -0.109838 0.979739 0.167474 3.280200 -0.363608 -0.196421 0.910608 0.313300 0.000000 0.000000 0.000000 1.000000
0.926603 0.057966 0.371546 0.000000 -0.119259 0.982341 0.144164 3.280200 -0.356628 -0.177893 0.917153 0.313300 0.000000 0.000000 0.000000 1.000000
0.932374 0.053650 0.357491 -0.000000 -0.108959 0.984642 0.136409 3.280200 -0.344683 -0.166136 0.923901 0.313300 0.000000 0.000000 0.000000 1.000000
0.941423 0.059546 0.331928 -0.000000 -0.122816 0.977230 0.173025 3.280200 -0.314067 -0.203656 0.927300 0.313300 0.000000 0.000000 0.000000 1.000000
0.947258 0.061404 0.314533 0.000000 -0.121261 0.977175 0.174428 3.280200 -0.296643 -0.203369 0.933083 0.313300 0.000000 0.000000 0.000000 1.000000
0.955867 0.025962 0.292650 -0.000000 -0.072566 0.986089 0.149539 3.280200 -0.284696 -0.164176 0.944454 0.313300 0.000000 0.000000 0.000000 1.000000
0.961063 0.024999 0.275195 0.000000 -0.063827 0.989051 0.133058 3.280200 -0.268855 -0.145442 0.952136 0.313300 0.000000 0.000000 0.000000 1.000000
0.962013 0.059715 0.266394 0.000000 -0.093107 0.989048 0.114526 3.280200 -0.256638 -0.134978 0.957036 0.313300 0.000000 0.000000 0.000000 1.000000
0.960954 0.098556 0.258561 -0.000000 -0.127360 0.987094 0.097085 3.280200 -0.245656 -0.126225 0.961104 0.313300 0.000000 0.000000 0.000000 1.000000
0.962592 0.116131 0.244806 -0.000000 -0.139850 0.986789 0.081785 3.280200 -0.232074 -0.112962 0.966117 0.313300 0.000000 0.000000 0.000000 1.000000
0.962410 0.142605 0.231153 -0.000000 -0.159575 0.985575 0.056364 3.280200 -0.219781 -0.091132 0.971283 0.313300 0.000000 0.000000 0.000000 1.000000
0.960021 0.175633 0.217976 -0.000000 -0.187474 0.981656 0.034720 3.280200 -0.207879 -0.074197 0.975336 0.313300 0.000000 0.000000 0.000000 1.000000
0.960710 0.186159 0.205868 0.000000 -0.193368 0.981007 0.015285 3.280200 -0.199113 -0.054493 0.978460 0.313300 0.000000 0.000000 0.000000 1.000000
0.960030 0.198316 0.197519 -0.000000 -0.202907 0.979193 0.003074 3.280200 -0.192800 -0.043029 0.980294 0.313300 0.000000 0.000000 0.000000 1.000000
0.959509 0.204018 0.194216 0.000000 -0.207255 0.978280 -0.003728 3.280200 -0.190758 -0.036675 0.980952 0.313300 0.000000 0.000000 0.000000 1.000000
0.959648 0.206789 0.190562 0.000000 -0.209127 0.977856 -0.007985 3.280200 -0.187993 -0.032188 0.981643 0.313300 0.000000 0.000000 0.000000 1.000000
0.958265 0.214471 0.189022 -0.000000 -0.215902 0.976325 -0.013237 3.280200 -0.187386 -0.028125 0.981884 0.313300 0.000000 0.000000 0.000000 1.000000
0.957796 0.216771 0.188780 0.000000 -0.218331 0.975792 -0.012750 3.280200 -0.186974 -0.029005 0.981937 0.313300 0.000000 0.000000 0.000000 1.000000
0.958826 0.210439 0.190704 0.000000 -0.213291 0.976972 -0.005680 3.280200 -0.187507 -0.035229 0.981631 0.313300 0.000000 0.000000 0.000000 1.000000
0.958646 0.209320 0.192832 0.000000 -0.212527 0.977146 -0.004137 3.280200 -0.189291 -0.037016 0.981223 0.313300 0.000000 0.000000 0.000000 1.000000
0.959627 0.203795 0.193863 0.000000 -0.207277 0.978279 -0.002369 3.280200 -0.190135 -0.037910 0.981026 0.313300 0.000000 0.000000 0.000000 1.000000
0.961237 0.195369 0.194564 -0.000000 -0.199229 0.979953 0.000279 3.280200 -0.190609 -0.039031 0.980890 0.313300 0.000000 0.000000 0.000000 1.000000
0.961275 0.193835 0.195901 -0.000000 -0.196645 0.980461 -0.005196 3.280200 -0.193081 -0.033528 0.980610 0.313300 0.000000 0.000000 0.000000 1.000000
0.962406 0.187603 0.196420 0.000000 -0.189996 0.981762 -0.006763 3.280200 -0.194106 -0.030810 0.980497 0.313300 0.000000 0.000000 0.000000 1.000000
0.963944 0.180619 0.195421 -0.000000 -0.183032 0.983090 -0.005795 3.280200 -0.193163 -0.030182 0.980702 0.313300 0.000000 0.000000 0.000000 1.000000</float_array>
        <technique_common>
          <accessor source="#mixamorig_Head-Matrix-animation-output-transform-array" count="41" stride="16">
            <param type="float4x4"/>
          </accessor>
        </technique_common>
      </source>
      <source id="mixamorig_Head-Interpolations">
        <Name_array id="mixamorig_Head-Interpolations-array" count="41">
 LINEAR LINEAR LINEAR LINEAR LINEAR LINEAR LINEAR LINEAR LINEAR LINEAR LINEAR
LINEAR LINEAR LINEAR LINEAR LINEAR LINEAR LINEAR LINEAR LINEAR LINEAR LINEAR LINEAR
LINEAR LINEAR LINEAR LINEAR LINEAR LINEAR LINEAR LINEAR LINEAR LINEAR LINEAR LINEAR
LINEAR LINEAR LINEAR LINEAR LINEAR LINEAR</Name_array>
        <technique_common>
          <accessor source="#mixamorig_Head-Interpolations-array" count="41">
            <param type="name"/>
          </accessor>
        </technique_common>
      </source>
      <sampler id="mixamorig_Head-Matrix-animation-transform">
        <input semantic="INPUT" source="#mixamorig_Head-Matrix-animation-input"/>
        <input semantic="OUTPUT" source="#mixamorig_Head-Matrix-animation-output-transform"/>
        <input semantic="INTERPOLATION" source="#mixamorig_Head-Interpolations"/>
      </sampler>
      <channel source="#mixamorig_Head-Matrix-animation-transform" target="mixamorig_Head/matrix"/>
    </animation>
    <animation id="mixamorig_LeftShoulder-anim" name="mixamorig_LeftShoulder">
      <source id="mixamorig_LeftShoulder-Matrix-animation-input">
        <float_array id="mixamorig_LeftShoulder-Matrix-animation-input-array" count="41">

0.000000 0.033333 0.066667 0.100000 0.133333 0.166667 0.200000 0.233333 0.266667 0.300000 0.333333 0.366667 0.400000 0.433333 0.466667 0.500000
0.533333 0.566667 0.600000 0.633333 0.666667 0.700000 0.733333 0.766667 0.800000 0.833333 0.866667 0.900000 0.933333 0.966667 1.000000 1.033333
1.066667 1.100000 1.133333 1.166667 1.200000 1.233333 1.266667 1.300000 1.333333</float_array>
        <technique_common>
          <accessor source="#mixamorig_LeftShoulder-Matrix-animation-input-array" count="41">
            <param name="TIME" type="float"/>
          </accessor>
        </technique_common>
      </source>
      <source id="mixamorig_LeftShoulder-Matrix-animation-output-transform">
        <float_array id="mixamorig_LeftShoulder-Matrix-animation-output-transform-array" count="656">

-0.021680 0.981380 -0.190849 6.728800 -0.022411 -0.191323 -0.981271 11.756600 -0.999514 -0.016996 0.026142 -2.058500 0.000000 0.000000 0.000000 1.000000
-0.023796 0.982243 -0.186098 6.728800 -0.024417 -0.186666 -0.982120 11.756600 -0.999419 -0.018826 0.028425 -2.058500 0.000000 0.000000 0.000000 1.000000
-0.030723 0.983172 -0.180081 6.728800 -0.029258 -0.180973 -0.983053 11.756600 -0.999100 -0.024934 0.034326 -2.058500 0.000000 0.000000 0.000000 1.000000
-0.049859 0.983161 -0.175809 6.728800 -0.035341 -0.177655 -0.983458 11.756600 -0.998131 -0.042821 0.043604 -2.058500 0.000000 0.000000 0.000000 1.000000
-0.063562 0.981549 -0.180337 6.728800 -0.040157 -0.183072 -0.982279 11.756600 -0.997170 -0.055194 0.051053 -2.058500 0.000000 0.000000 0.000000 1.000000
-0.071705 0.979607 -0.187691 6.728800 -0.045675 -0.191203 -0.980487 11.756600 -0.996380 -0.061733 0.058454 -2.058500 0.000000 0.000000 0.000000 1.000000
-0.060169 0.980419 -0.187506 6.728800 -0.049830 -0.190563 -0.980410 11.756600 -0.996944 -0.049647 0.060320 -2.058500 0.000000 0.000000 0.000000 1.000000
-0.023346 0.981300 -0.191063 6.728800 -0.045532 -0.191960 -0.980346 11.756600 -0.998690 -0.014187 0.049162 -2.058500 0.000000 0.000000 0.000000 1.000000
-0.012328 0.983550 -0.180213 6.728800 -0.049159 -0.180605 -0.982326 11.756600 -0.998715 -0.003251 0.050577 -2.058500 0.000000 0.000000 0.000000 1.000000
-0.007140 0.988123 -0.153500 6.728800 -0.066425 -0.153634 -0.985893 11.756600 -0.997766 0.003157 0.066733 -2.058500 0.000000 0.000000 0.000000 1.000000
0.007542 0.987942 -0.154638 6.728800 -0.061910 -0.153884 -0.986147 11.756600 -0.998053 0.017011 0.060002 -2.058500 0.000000 0.000000 0.000000 1.000000
0.012243 0.982258 -0.187134 6.728800 -0.059307 -0.186105 -0.980738 11.756600 -0.998165 0.023106 0.055977 -2.058500 0.000000 0.000000 0.000000 1.000000
0.008510 0.979748 -0.200056 6.728800 -0.052525 -0.199349 -0.978520 11.756600 -0.998583 0.018835 0.049764 -2.058500 0.000000 0.000000 0.000000 1.000000
-0.000150 0.975670 -0.219244 6.728800 -0.047672 -0.219002 -0.974559 11.756600 -0.998863 0.010306 0.046545 -2.058500 0.000000 0.000000 0.000000 1.000000
-0.003027 0.967244 -0.253830 6.728800 -0.043599 -0.253717 -0.966295 11.756600 -0.999045 0.008142 0.042939 -2.058500 0.000000 0.000000 0.000000 1.000000
-0.002830 0.965924 -0.258809 6.728800 -0.041991 -0.258697 -0.965045 11.756600 -0.999114 0.008136 0.041292 -2.058500 0.000000 0.000000 0.000000 1.000000
-0.010155 0.969781 -0.243767 6.728800 -0.042386 -0.243978 -0.968854 11.756600 -0.999050 0.000494 0.043582 -2.058500 0.000000 0.000000 0.000000 1.000000
-0.017180 0.974653 -0.223060 6.728800 -0.042980 -0.223607 -0.973731 11.756600 -0.998928 -0.007142 0.045732 -2.058500 0.000000 0.000000 0.000000 1.000000
-0.003749 0.974996 -0.222191 6.728800 -0.035310 -0.222183 -0.974365 11.756600 -0.999369 0.004193 0.035260 -2.058500 0.000000 0.000000 0.000000 1.000000
0.049003 0.968822 -0.242865 6.728800 -0.017858 -0.242268 -0.970045 11.756600 -0.998639 0.051872 0.005430 -2.058500 0.000000 0.000000 0.000000 1.000000
0.056926 0.969383 -0.238864 6.728800 -0.007216 -0.238847 -0.971031 11.756600 -0.998352 0.057001 -0.006602 -2.058500 0.000000 0.000000 0.000000 1.000000
0.002448 0.970617 -0.240618 6.728800 -0.014221 -0.240560 -0.970530 11.756600 -0.999896 0.005797 0.013214 -2.058500 0.000000 0.000000 0.000000 1.000000
-0.007636 0.973851 -0.227058 6.728800 -0.013812 -0.227145 -0.973763 11.756600 -0.999875 -0.004300 0.015186 -2.058500 0.000000 0.000000 0.000000 1.000000
-0.019553 0.975657 -0.218427 6.728800 -0.016165 -0.218749 -0.975647 11.756600 -0.999678 -0.015546 0.020048 -2.058500 0.000000 0.000000 0.000000 1.000000
-0.028654 0.977627 -0.208387 6.728800 -0.019008 -0.208967 -0.977738 11.756600 -0.999409 -0.024056 0.024570 -2.058500 0.000000 0.000000 0.000000 1.000000
-0.031619 0.978550 -0.203570 6.728800 -0.018353 -0.204206 -0.978756 11.756600 -0.999331 -0.027211 0.024417 -2.058500 0.000000 0.000000 0.000000 1.000000
-0.034428 0.979135 -0.200271 6.728800 -0.019121 -0.200998 -0.979405 11.756600 -0.999224 -0.029890 0.025643 -2.058500 0.000000 0.000000 0.000000 1.000000
-0.036725 0.980528 -0.192914 6.728800 -0.020209 -0.193733 -0.980846 11.756600 -0.999121 -0.032123 0.026930 -2.058500 0.000000 0.000000 0.000000 1.000000
-0.040837 0.981206 -0.188592 6.728800 -0.019174 -0.189484 -0.981697 11.756600 -0.998982 -0.036474 0.026551 -2.058500 0.000000 0.000000 0.000000 1.000000
-0.050828 0.981727 -0.183384 6.728800 -0.019318 -0.184553 -0.982633 11.756600 -0.998521 -0.046403 0.028346 -2.058500 0.000000 0.000000 0.000000 1.000000
-0.059079 0.981904 -0.179930 6.728800 -0.020045 -0.181375 -0.983210 11.756600 -0.998052 -0.054480 0.030397 -2.058500 0.000000 0.000000 0.000000 1.000000
-0.050187 0.982186 -0.181086 6.728800 -0.018141 -0.182181 -0.983098 11.756600 -0.998575 -0.046054 0.026962 -2.058500 0.000000 0.000000 0.000000 1.000000
-0.047465 0.982197 -0.181761 6.728800 -0.018855 -0.182815 -0.982967 11.756600 -0.998695 -0.043230 0.027196 -2.058500 0.000000 0.000000 0.000000 1.000000
-0.046521 0.982698 -0.179278 6.728800 -0.019681 -0.180340 -0.983407 11.756600 -0.998723 -0.042221 0.027730 -2.058500 0.000000 0.000000 0.000000 1.000000
-0.042874 0.983063 -0.178182 6.728800 -0.019502 -0.179136 -0.983631 11.756600 -0.998890 -0.038697 0.026852 -2.058500 0.000000 0.000000 0.000000 1.000000
-0.039008 0.983473 -0.176803 6.728800 -0.019277 -0.177645 -0.983906 11.756600 -0.999053 -0.034972 0.025888 -2.058500 0.000000 0.000000 0.000000 1.000000
-0.036033 0.983846 -0.175352 6.728800 -0.019059 -0.176110 -0.984186 11.756600 -0.999169 -0.032122 0.025097 -2.058500 0.000000 0.000000 0.000000 1.000000
-0.030492 0.982274 -0.184955 6.728800 -0.020037 -0.185605 -0.982420 11.756600 -0.999334 -0.026250 0.025341 -2.058500 0.000000 0.000000 0.000000 1.000000
-0.028739 0.981735 -0.188072 6.728800 -0.022265 -0.188732 -0.981776 11.756600 -0.999339 -0.024028 0.027282 -2.058500 0.000000 0.000000 0.000000 1.000000
-0.025566 0.981399 -0.190271 6.728800 -0.022576 -0.190852 -0.981359 11.756600 -0.999418 -0.020794 0.027035 -2.058500 0.000000 0.000000 0.000000 1.000000
-0.021680 0.981380 -0.190848 6.728800 -0.022411 -0.191322 -0.981272 11.756600 -0.999514 -0.016996 0.026142 -2.058500 0.000000 0.000000 0.000000 1.000000</float_array>
        <technique_common>
          <accessor source="#mixamorig_LeftShoulder-Matrix-animation-output-transform-array" count="41" stride="16">
            <param type="float4x4"/>
          </accessor>
        </technique_common>
      </source>
      <source id="mixamorig_LeftShoulder-Interpolations">
        <Name_array id="mixamorig_LeftShoulder-Interpolations-array" count="41">
 LINEAR LINEAR LINEAR LINEAR LINEAR LINEAR LINEAR LINEAR LINEAR LINEAR LINEAR
LINEAR LINEAR LINEAR LINEAR LINEAR LINEAR LINEAR LINEAR LINEAR LINEAR LINEAR LINEAR
LINEAR LINEAR LINEAR LINEAR LINEAR LINEAR LINEAR LINEAR LINEAR LINEAR LINEAR LINEAR
LINEAR LINEAR LINEAR LINEAR LINEAR LINEAR</Name_array>
        <technique_common>
          <accessor source="#mixamorig_LeftShoulder-Interpolations-array" count="41">
            <param type="name"/>
          </accessor>
        </technique_common>
      </source>
      <sampler id="mixamorig_LeftShoulder-Matrix-animation-transform">
        <input semantic="INPUT" source="#mixamorig_LeftShoulder-Matrix-animation-input"/>
        <input semantic="OUTPUT" source="#mixamorig_LeftShoulder-Matrix-animation-output-transform"/>
        <input semantic="INTERPOLATION" source="#mixamorig_LeftShoulder-Interpolations"/>
      </sampler>
      <channel source="#mixamorig_LeftShoulder-Matrix-animation-transform" target="mixamorig_LeftShoulder/matrix"/>
    </animation>
    <animation id="mixamorig_LeftArm-anim" name="mixamorig_LeftArm">
      <source id="mixamorig_LeftArm-Matrix-animation-input">
        <float_array id="mixamorig_LeftArm-Matrix-animation-input-array" count="41">

0.000000 0.033333 0.066667 0.100000 0.133333 0.166667 0.200000 0.233333 0.266667 0.300000 0.333333 0.366667 0.400000 0.433333 0.466667 0.500000
0.533333 0.566667 0.600000 0.633333 0.666667 0.700000 0.733333 0.766667 0.800000 0.833333 0.866667 0.900000 0.933333 0.966667 1.000000 1.033333
1.066667 1.100000 1.133333 1.166667 1.200000 1.233333 1.266667 1.300000 1.333333</float_array>
        <technique_common>
          <accessor source="#mixamorig_LeftArm-Matrix-animation-input-array" count="41">
            <param name="TIME" type="float"/>
          </accessor>
        </technique_common>
      </source>
      <source id="mixamorig_LeftArm-Matrix-animation-output-transform">
        <float_array id="mixamorig_LeftArm-Matrix-animation-output-transform-array" count="656">

0.266119 -0.080168 -0.960601 0.000000 0.117341 0.991819 -0.050266 14.448800 0.956772 -0.099341 0.273348 -0.000000 0.000000 0.000000 0.000000 1.000000
0.262546 -0.054412 -0.963384 0.000000 0.090982 0.995357 -0.031423 14.448800 0.960620 -0.079401 0.266278 0.000000 0.000000 0.000000 0.000000 1.000000
0.261238 -0.034016 -0.964675 0.000000 0.075887 0.997009 -0.014606 14.448800 0.962287 -0.069391 0.263038 0.000000 0.000000 0.000000 0.000000 1.000000
0.272277 -0.024016 -0.961919 0.000000 0.066619 0.997760 -0.006053 14.448800 0.959910 -0.062434 0.273267 0.000000 0.000000 0.000000 0.000000 1.000000
0.281150 0.030820 -0.959169 -0.000000 0.036153 0.998434 0.042679 14.448800 0.958983 -0.046676 0.279596 0.000000 0.000000 0.000000 0.000000 1.000000
0.217926 0.193641 -0.956562 0.000000 -0.111803 0.978620 0.172635 14.448800 0.969540 0.069325 0.234917 0.000000 0.000000 0.000000 0.000000 1.000000
0.125762 0.346763 -0.929483 0.000000 -0.264015 0.914833 0.305576 14.448800 0.956285 0.206967 0.206602 -0.000000 0.000000 0.000000 0.000000 1.000000
0.102857 0.466894 -0.878311 0.000000 -0.373475 0.836518 0.400940 14.448800 0.921920 0.286788 0.260415 0.000000 0.000000 0.000000 0.000000 1.000000
0.313019 0.521288 -0.793900 0.000000 -0.453383 0.816529 0.357386 14.448800 0.834544 0.248072 0.491932 0.000000 0.000000 0.000000 0.000000 1.000000
0.608801 0.446111 -0.656007 0.000000 -0.402777 0.886221 0.228873 14.448800 0.683470 0.124887 0.719216 0.000000 0.000000 0.000000 0.000000 1.000000
0.689856 0.380966 -0.615600 -0.000000 -0.344092 0.920695 0.184177 14.448800 0.636945 0.084768 0.766235 0.000000 0.000000 0.000000 0.000000 1.000000
0.713974 0.420137 -0.560113 0.000000 -0.369325 0.905606 0.208512 14.448800 0.594845 0.057991 0.801746 0.000000 0.000000 0.000000 0.000000 1.000000
0.710399 0.475057 -0.519282 0.000000 -0.436722 0.876144 0.204073 14.448800 0.551912 0.081809 0.829879 0.000000 0.000000 0.000000 0.000000 1.000000
0.720031 0.488149 -0.493219 0.000000 -0.467137 0.866554 0.175692 14.448800 0.513165 0.103897 0.851978 0.000000 0.000000 0.000000 0.000000 1.000000
0.762609 0.453985 -0.460788 -0.000000 -0.436897 0.886807 0.150645 14.448800 0.477020 0.086433 0.874632 0.000000 0.000000 0.000000 0.000000 1.000000
0.748889 0.430225 -0.504055 0.000000 -0.420353 0.896405 0.140576 14.448800 0.512317 0.106605 0.852154 0.000000 0.000000 0.000000 0.000000 1.000000
0.710632 0.386568 -0.587850 -0.000000 -0.392308 0.911299 0.125019 14.448800 0.584036 0.141776 0.799251 -0.000000 0.000000 0.000000 0.000000 1.000000
0.636020 0.354327 -0.685515 0.000000 -0.382391 0.916326 0.118845 14.448800 0.670265 0.186547 0.718293 0.000000 0.000000 0.000000 0.000000 1.000000
0.531648 0.270491 -0.802612 0.000000 -0.324296 0.940427 0.102123 14.448800 0.782421 0.205991 0.587695 0.000000 0.000000 0.000000 0.000000 1.000000
0.448000 0.205937 -0.869992 0.000000 -0.257360 0.961625 0.095101 14.448800 0.856190 0.181296 0.483808 0.000000 0.000000 0.000000 0.000000 1.000000
0.389903 0.151739 -0.908268 0.000000 -0.193823 0.977758 0.080144 14.448800 0.900227 0.144795 0.410641 0.000000 0.000000 0.000000 0.000000 1.000000
0.385989 0.078870 -0.919125 0.000000 -0.143535 0.989339 0.024617 14.448800 0.911268 0.122425 0.393195 0.000000 0.000000 0.000000 0.000000 1.000000
0.348739 0.039874 -0.936371 0.000000 -0.108912 0.994050 0.001768 14.448800 0.930870 0.101365 0.351007 0.000000 0.000000 0.000000 0.000000 1.000000
0.317686 -0.018506 -0.948015 0.000000 -0.068991 0.996708 -0.042575 14.448800 0.945683 0.078930 0.315364 0.000000 0.000000 0.000000 0.000000 1.000000
0.298752 -0.046189 -0.953212 0.000000 -0.047428 0.996875 -0.063170 14.448800 0.953152 0.064081 0.295628 0.000000 0.000000 0.000000 0.000000 1.000000
0.284064 -0.065870 -0.956540 0.000000 -0.024132 0.996830 -0.075811 14.448800 0.958501 0.044619 0.281574 0.000000 0.000000 0.000000 0.000000 1.000000
0.261667 -0.090502 -0.960906 0.000000 0.008142 0.995766 -0.091568 14.448800 0.965124 0.016137 0.261296 0.000000 0.000000 0.000000 0.000000 1.000000
0.241316 -0.116711 -0.963403 0.000000 0.052310 0.992863 -0.107177 14.448800 0.969036 -0.024532 0.245699 0.000000 0.000000 0.000000 0.000000 1.000000
0.221897 -0.129715 -0.966403 0.000000 0.083612 0.989992 -0.113683 14.448800 0.971479 -0.055577 0.230522 -0.000000 0.000000 0.000000 0.000000 1.000000
0.207471 -0.148846 -0.966851 0.000000 0.112677 0.985414 -0.127525 14.448800 0.971730 -0.082484 0.221216 -0.000000 0.000000 0.000000 0.000000 1.000000
0.197605 -0.156168 -0.967762 0.000000 0.130368 0.982646 -0.131950 14.448800 0.971574 -0.100091 0.214535 -0.000000 0.000000 0.000000 0.000000 1.000000
0.190241 -0.147755 -0.970555 0.000000 0.138587 0.982752 -0.122447 14.448800 0.971906 -0.111212 0.207436 0.000000 0.000000 0.000000 0.000000 1.000000
0.190368 -0.149646 -0.970240 0.000000 0.142331 0.982079 -0.123546 14.448800 0.971340 -0.114576 0.208255 -0.000000 0.000000 0.000000 0.000000 1.000000
0.202485 -0.150102 -0.967713 -0.000000 0.142118 0.982226 -0.122617 14.448800 0.968918 -0.112702 0.220218 -0.000000 0.000000 0.000000 0.000000 1.000000
0.214523 -0.141644 -0.966394 0.000000 0.147023 0.982838 -0.111418 14.448800 0.965590 -0.118181 0.231666 0.000000 0.000000 0.000000 0.000000 1.000000
0.223446 -0.127540 -0.966336 0.000000 0.145751 0.984628 -0.096252 14.448800 0.963757 -0.119338 0.238600 -0.000000 0.000000 0.000000 0.000000 1.000000
0.229513 -0.112989 -0.966725 0.000000 0.135054 0.987328 -0.083333 14.448800 0.963890 -0.111434 0.241864 0.000000 0.000000 0.000000 0.000000 1.000000
0.234074 -0.096820 -0.967386 -0.000000 0.134627 0.988671 -0.066375 14.448800 0.962852 -0.114700 0.244457 0.000000 0.000000 0.000000 0.000000 1.000000
0.245258 -0.089372 -0.965330 0.000000 0.129145 0.989879 -0.058833 14.448800 0.960817 -0.110238 0.254318 -0.000000 0.000000 0.000000 0.000000 1.000000
0.258359 -0.084743 -0.962325 0.000000 0.124945 0.990709 -0.053698 14.448800 0.957935 -0.106364 0.266547 0.000000 0.000000 0.000000 0.000000 1.000000
0.266119 -0.080168 -0.960601 -0.000000 0.117340 0.991819 -0.050266 14.448800 0.956772 -0.099340 0.273349 0.000000 0.000000 0.000000 0.000000 1.000000</float_array>
        <technique_common>
          <accessor source="#mixamorig_LeftArm-Matrix-animation-output-transform-array" count="41" stride="16">
            <param type="float4x4"/>
          </accessor>
        </technique_common>
      </source>
      <source id="mixamorig_LeftArm-Interpolations">
        <Name_array id="mixamorig_LeftArm-Interpolations-array" count="41">
 LINEAR LINEAR LINEAR LINEAR LINEAR LINEAR LINEAR LINEAR LINEAR LINEAR LINEAR
LINEAR LINEAR LINEAR LINEAR LINEAR LINEAR LINEAR LINEAR LINEAR LINEAR LINEAR LINEAR
LINEAR LINEAR LINEAR LINEAR LINEAR LINEAR LINEAR LINEAR LINEAR LINEAR LINEAR LINEAR
LINEAR LINEAR LINEAR LINEAR LINEAR LINEAR</Name_array>
        <technique_common>
          <accessor source="#mixamorig_LeftArm-Interpolations-array" count="41">
            <param type="name"/>
          </accessor>
        </technique_common>
      </source>
      <sampler id="mixamorig_LeftArm-Matrix-animation-transform">
        <input semantic="INPUT" source="#mixamorig_LeftArm-Matrix-animation-input"/>
        <input semantic="OUTPUT" source="#mixamorig_LeftArm-Matrix-animation-output-transform"/>
        <input semantic="INTERPOLATION" source="#mixamorig_LeftArm-Interpolations"/>
      </sampler>
      <channel source="#mixamorig_LeftArm-Matrix-animation-transform" target="mixamorig_LeftArm/matrix"/>
    </animation>
    <animation id="mixamorig_LeftForeArm-anim" name="mixamorig_LeftForeArm">
      <source id="mixamorig_LeftForeArm-Matrix-animation-input">
        <float_array id="mixamorig_LeftForeArm-Matrix-animation-input-array" count="41">

0.000000 0.033333 0.066667 0.100000 0.133333 0.166667 0.200000 0.233333 0.266667 0.300000 0.333333 0.366667 0.400000 0.433333 0.466667 0.500000
0.533333 0.566667 0.600000 0.633333 0.666667 0.700000 0.733333 0.766667 0.800000 0.833333 0.866667 0.900000 0.933333 0.966667 1.000000 1.033333
1.066667 1.100000 1.133333 1.166667 1.200000 1.233333 1.266667 1.300000 1.333333</float_array>
        <technique_common>
          <accessor source="#mixamorig_LeftForeArm-Matrix-animation-input-array" count="41">
            <param name="TIME" type="float"/>
          </accessor>
        </technique_common>
      </source>
      <source id="mixamorig_LeftForeArm-Matrix-animation-output-transform">
        <float_array id="mixamorig_LeftForeArm-Matrix-animation-output-transform-array" count="656">

-0.300013 -0.953406 0.031759 0.000000 0.720722 -0.204731 0.662302 23.160299 -0.624941 0.221588 0.748563 0.000000 0.000000 0.000000 0.000000 1.000000
-0.327640 -0.944435 0.026354 -0.000000 0.746971 -0.241855 0.619306 23.160299 -0.578521 0.222595 0.784707 0.000000 0.000000 0.000000 0.000000 1.000000
-0.350004 -0.936178 0.032679 0.000000 0.777416 -0.270832 0.567692 23.160299 -0.522610 0.224100 0.822592 0.000000 0.000000 0.000000 0.000000 1.000000
-0.365162 -0.929965 0.042689 -0.000000 0.807258 -0.293474 0.512062 23.160299 -0.463671 0.221447 0.857887 0.000000 0.000000 0.000000 0.000000 1.000000
-0.411621 -0.910878 0.029496 0.000000 0.821757 -0.356965 0.444175 23.160299 -0.394060 0.207070 0.895454 -0.000000 0.000000 0.000000 0.000000 1.000000
-0.616919 -0.783481 -0.074626 0.000000 0.731376 -0.605735 0.313326 23.160299 -0.290688 0.138717 0.946709 -0.000000 0.000000 0.000000 0.000000 1.000000
-0.780681 -0.618880 -0.086741 -0.000000 0.596143 -0.779153 0.193739 23.160299 -0.187485 0.099539 0.977211 0.000000 0.000000 0.000000 0.000000 1.000000
-0.784990 -0.618679 -0.032046 -0.000000 0.606277 -0.777830 0.165557 23.160299 -0.127353 0.110532 0.985679 0.000000 0.000000 0.000000 0.000000 1.000000
-0.701701 -0.709606 -0.063835 0.000000 0.677439 -0.692263 0.248692 23.160299 -0.220664 0.131263 0.966477 -0.000000 0.000000 0.000000 0.000000 1.000000
-0.546118 -0.834615 -0.071925 -0.000000 0.772433 -0.534932 0.342337 23.160299 -0.324195 0.131400 0.936820 -0.000000 0.000000 0.000000 0.000000 1.000000
-0.467817 -0.880178 -0.080207 0.000000 0.796226 -0.459101 0.394017 23.160299 -0.383629 0.120465 0.915597 0.000000 0.000000 0.000000 0.000000 1.000000
-0.505417 -0.838014 -0.205637 0.000000 0.690492 -0.535712 0.486039 23.160299 -0.517469 0.103662 0.849400 0.000000 0.000000 0.000000 0.000000 1.000000
-0.552183 -0.780661 -0.292681 0.000000 0.625474 -0.620006 0.473682 23.160299 -0.551250 0.078495 0.830640 0.000000 0.000000 0.000000 0.000000 1.000000
-0.563649 -0.755123 -0.334797 0.000000 0.604756 -0.653336 0.455436 23.160299 -0.562645 0.054235 0.824918 0.000000 0.000000 0.000000 0.000000 1.000000
-0.534297 -0.755983 -0.378174 0.000000 0.578807 -0.653248 0.488109 23.160299 -0.616043 0.041905 0.786597 -0.000000 0.000000 0.000000 0.000000 1.000000
-0.531336 -0.759789 -0.374703 0.000000 0.579103 -0.648578 0.493949 23.160299 -0.618321 0.045461 0.784609 0.000000 0.000000 0.000000 0.000000 1.000000
-0.556875 -0.758525 -0.338424 0.000000 0.602106 -0.649323 0.464595 23.160299 -0.572153 0.054954 0.818304 -0.000000 0.000000 0.000000 0.000000 1.000000
-0.602281 -0.737000 -0.306739 0.000000 0.609471 -0.672688 0.419566 23.160299 -0.515560 0.065748 0.854327 0.000000 0.000000 0.000000 0.000000 1.000000
-0.603151 -0.768437 -0.213806 0.000000 0.672447 -0.634048 0.381835 23.160299 -0.428980 0.086531 0.899160 -0.000000 0.000000 0.000000 0.000000 1.000000
-0.583827 -0.799344 -0.142112 0.000000 0.723162 -0.591565 0.356495 23.160299 -0.369031 0.105361 0.923426 0.000000 0.000000 0.000000 0.000000 1.000000
-0.552512 -0.826416 -0.108476 0.000000 0.749768 -0.549631 0.368448 23.160299 -0.364114 0.122240 0.923298 0.000000 0.000000 0.000000 0.000000 1.000000
-0.519569 -0.850122 -0.085679 0.000000 0.766905 -0.508206 0.391897 23.160299 -0.376703 0.137910 0.916011 0.000000 0.000000 0.000000 0.000000 1.000000
-0.500403 -0.863691 -0.060289 -0.000000 0.775201 -0.477967 0.413050 23.160299 -0.385564 0.159955 0.908711 0.000000 0.000000 0.000000 0.000000 1.000000
-0.476008 -0.877799 -0.053723 0.000000 0.778863 -0.449149 0.437764 23.160299 -0.408399 0.166537 0.897483 0.000000 0.000000 0.000000 0.000000 1.000000
-0.463527 -0.884778 -0.048078 0.000000 0.782961 -0.434383 0.445290 23.160299 -0.414867 0.168761 0.894095 0.000000 0.000000 0.000000 0.000000 1.000000
-0.449401 -0.892138 -0.046143 -0.000000 0.780999 -0.417443 0.464523 23.160299 -0.433681 0.172720 0.884358 0.000000 0.000000 0.000000 0.000000 1.000000
-0.426815 -0.903645 -0.035413 0.000000 0.780114 -0.387711 0.491021 23.160299 -0.457439 0.181949 0.870427 0.000000 0.000000 0.000000 0.000000 1.000000
-0.387055 -0.922027 -0.007330 0.000000 0.795527 -0.337950 0.502918 23.160299 -0.466181 0.188826 0.864303 0.000000 0.000000 0.000000 0.000000 1.000000
-0.354533 -0.934876 0.017704 0.000000 0.803598 -0.294959 0.516942 23.160299 -0.478055 0.197501 0.855837 -0.000000 0.000000 0.000000 0.000000 1.000000
-0.323889 -0.945645 0.029185 0.000000 0.792811 -0.254451 0.553810 23.160299 -0.516282 0.202511 0.832131 0.000000 0.000000 0.000000 0.000000 1.000000
-0.300510 -0.953026 0.037886 -0.000000 0.775619 -0.221066 0.591223 23.160299 -0.555076 0.207054 0.805618 -0.000000 0.000000 0.000000 0.000000 1.000000
-0.290020 -0.956136 0.041126 0.000000 0.758720 -0.203522 0.618808 23.160299 -0.583294 0.210670 0.784465 0.000000 0.000000 0.000000 0.000000 1.000000
-0.287379 -0.957127 0.036348 0.000000 0.733873 -0.195643 0.650503 23.160299 -0.615502 0.213616 0.758634 -0.000000 0.000000 0.000000 0.000000 1.000000
-0.287642 -0.957285 0.029455 0.000000 0.707826 -0.191767 0.679858 23.160299 -0.645169 0.216405 0.732752 -0.000000 0.000000 0.000000 0.000000 1.000000
-0.284063 -0.958291 0.031412 0.000000 0.701676 -0.185446 0.687939 23.160299 -0.653421 0.217459 0.725088 0.000000 0.000000 0.000000 0.000000 1.000000
-0.283145 -0.958397 0.036109 0.000000 0.707018 -0.183143 0.683070 23.160299 -0.648039 0.218937 0.729460 0.000000 0.000000 0.000000 0.000000 1.000000
-0.288543 -0.956836 0.034764 0.000000 0.707663 -0.188664 0.680896 23.160299 -0.644947 0.221069 0.731555 0.000000 0.000000 0.000000 0.000000 1.000000
-0.293830 -0.955226 0.034746 0.000000 0.714604 -0.195381 0.671690 23.160299 -0.634827 0.222192 0.740017 0.000000 0.000000 0.000000 0.000000 1.000000
-0.295941 -0.954496 0.036836 0.000000 0.721929 -0.198249 0.662961 23.160299 -0.625490 0.222790 0.747748 0.000000 0.000000 0.000000 0.000000 1.000000
-0.295919 -0.954473 0.037585 0.000000 0.726249 -0.199254 0.657922 23.160299 -0.620480 0.221988 0.752148 -0.000000 0.000000 0.000000 0.000000 1.000000
-0.300013 -0.953406 0.031758 0.000000 0.720722 -0.204732 0.662302 23.160299 -0.624941 0.221588 0.748563 0.000000 0.000000 0.000000 0.000000 1.000000</float_array>
        <technique_common>
          <accessor source="#mixamorig_LeftForeArm-Matrix-animation-output-transform-array" count="41" stride="16">
            <param type="float4x4"/>
          </accessor>
        </technique_common>
      </source>
      <source id="mixamorig_LeftForeArm-Interpolations">
        <Name_array id="mixamorig_LeftForeArm-Interpolations-array" count="41">
 LINEAR LINEAR LINEAR LINEAR LINEAR LINEAR LINEAR LINEAR LINEAR LINEAR LINEAR
LINEAR LINEAR LINEAR LINEAR LINEAR LINEAR LINEAR LINEAR LINEAR LINEAR LINEAR LINEAR
LINEAR LINEAR LINEAR LINEAR LINEAR LINEAR LINEAR LINEAR LINEAR LINEAR LINEAR LINEAR
LINEAR LINEAR LINEAR LINEAR LINEAR LINEAR</Name_array>
        <technique_common>
          <accessor source="#mixamorig_LeftForeArm-Interpolations-array" count="41">
            <param type="name"/>
          </accessor>
        </technique_common>
      </source>
      <sampler id="mixamorig_LeftForeArm-Matrix-animation-transform">
        <input semantic="INPUT" source="#mixamorig_LeftForeArm-Matrix-animation-input"/>
        <input semantic="OUTPUT" source="#mixamorig_LeftForeArm-Matrix-animation-output-transform"/>
        <input semantic="INTERPOLATION" source="#mixamorig_LeftForeArm-Interpolations"/>
      </sampler>
      <channel source="#mixamorig_LeftForeArm-Matrix-animation-transform" target="mixamorig_LeftForeArm/matrix"/>
    </animation>
    <animation id="mixamorig_LeftHand-anim" name="mixamorig_LeftHand">
      <source id="mixamorig_LeftHand-Matrix-animation-input">
        <float_array id="mixamorig_LeftHand-Matrix-animation-input-array" count="41">

0.000000 0.033333 0.066667 0.100000 0.133333 0.166667 0.200000 0.233333 0.266667 0.300000 0.333333 0.366667 0.400000 0.433333 0.466667 0.500000
0.533333 0.566667 0.600000 0.633333 0.666667 0.700000 0.733333 0.766667 0.800000 0.833333 0.866667 0.900000 0.933333 0.966667 1.000000 1.033333
1.066667 1.100000 1.133333 1.166667 1.200000 1.233333 1.266667 1.300000 1.333333</float_array>
        <technique_common>
          <accessor source="#mixamorig_LeftHand-Matrix-animation-input-array" count="41">
            <param name="TIME" type="float"/>
          </accessor>
        </technique_common>
      </source>
      <source id="mixamorig_LeftHand-Matrix-animation-output-transform">
        <float_array id="mixamorig_LeftHand-Matrix-animation-output-transform-array" count="656">

0.834664 -0.417252 0.359496 -0.000000 0.176190 0.820713 0.543495 24.071800 -0.521817 -0.390296 0.758536 0.000000 0.000000 0.000000 0.000000 1.000000
0.830447 -0.419040 0.367102 0.000000 0.176895 0.823196 0.539497 24.071800 -0.528267 -0.383085 0.757746 -0.000000 0.000000 0.000000 0.000000 1.000000
0.829559 -0.412513 0.376383 0.000000 0.168491 0.827505 0.535580 24.071800 -0.532393 -0.380878 0.755969 0.000000 0.000000 0.000000 0.000000 1.000000
0.829349 -0.402239 0.387795 0.000000 0.152672 0.830795 0.535230 24.071800 -0.537468 -0.384687 0.750430 -0.000000 0.000000 0.000000 0.000000 1.000000
0.838234 -0.362247 0.407603 0.000000 0.124176 0.854632 0.504167 24.071800 -0.530984 -0.371996 0.761364 -0.000000 0.000000 0.000000 0.000000 1.000000
0.845167 -0.230974 0.482020 -0.000000 0.076876 0.944964 0.318015 24.071800 -0.528944 -0.231720 0.816409 -0.000000 0.000000 0.000000 0.000000 1.000000
0.823612 -0.154483 0.545708 0.000000 0.017098 0.968515 0.248368 24.071800 -0.566895 -0.195229 0.800322 0.000000 0.000000 0.000000 0.000000 1.000000
0.807430 -0.254946 0.532034 -0.000000 0.031287 0.919042 0.392915 24.071800 -0.589134 -0.300606 0.750039 0.000000 0.000000 0.000000 0.000000 1.000000
0.838001 -0.323820 0.439198 0.000000 0.014704 0.817989 0.575046 24.071800 -0.545470 -0.475431 0.690237 0.000000 0.000000 0.000000 0.000000 1.000000
0.835539 -0.385350 0.391637 0.000000 -0.001492 0.711211 0.702977 24.071800 -0.549429 -0.587949 0.593669 0.000000 0.000000 0.000000 0.000000 1.000000
0.824353 -0.441518 0.354266 0.000000 0.041954 0.671760 0.739580 24.071800 -0.564520 -0.594812 0.572291 0.000000 0.000000 0.000000 0.000000 1.000000
0.873642 -0.358925 0.328516 0.000000 0.013059 0.692220 0.721568 24.071800 -0.486394 -0.626102 0.609439 0.000000 0.000000 0.000000 0.000000 1.000000
0.877728 -0.312203 0.363488 0.000000 -0.032176 0.718479 0.694804 24.071800 -0.478078 -0.621544 0.620584 0.000000 0.000000 0.000000 0.000000 1.000000
0.873444 -0.291979 0.389670 0.000000 -0.062339 0.726630 0.684195 24.071800 -0.482917 -0.621898 0.616469 0.000000 0.000000 0.000000 0.000000 1.000000
0.891457 -0.241179 0.383586 -0.000000 -0.092413 0.731998 0.675011 24.071800 -0.443582 -0.637191 0.630256 0.000000 0.000000 0.000000 0.000000 1.000000
0.898787 -0.248396 0.361222 -0.000000 -0.070143 0.731882 0.677812 24.071800 -0.432738 -0.634546 0.640383 0.000000 0.000000 0.000000 0.000000 1.000000
0.888134 -0.294402 0.352911 0.000000 -0.010021 0.755302 0.655301 24.071800 -0.459476 -0.585531 0.667859 -0.000000 0.000000 0.000000 0.000000 1.000000
0.873705 -0.330824 0.356644 0.000000 0.053180 0.793710 0.605967 24.071800 -0.483540 -0.510470 0.711062 -0.000000 0.000000 0.000000 0.000000 1.000000
0.835637 -0.421230 0.352528 0.000000 0.163629 0.803560 0.572292 24.071800 -0.524343 -0.420545 0.740410 -0.000000 0.000000 0.000000 0.000000 1.000000
0.801986 -0.462495 0.378043 0.000000 0.215747 0.814423 0.538672 24.071800 -0.557020 -0.350446 0.752938 0.000000 0.000000 0.000000 0.000000 1.000000
0.801726 -0.466443 0.373721 0.000000 0.232690 0.819525 0.523674 24.071800 -0.550537 -0.332882 0.765571 0.000000 0.000000 0.000000 0.000000 1.000000
0.804143 -0.464071 0.371474 0.000000 0.218523 0.811943 0.541291 24.071800 -0.552813 -0.354100 0.754328 0.000000 0.000000 0.000000 0.000000 1.000000
0.820561 -0.439345 0.365589 0.000000 0.199231 0.819381 0.537515 24.071800 -0.535711 -0.368227 0.759883 0.000000 0.000000 0.000000 0.000000 1.000000
0.833302 -0.418681 0.360991 0.000000 0.195163 0.833756 0.516490 24.071800 -0.517223 -0.359940 0.776481 0.000000 0.000000 0.000000 0.000000 1.000000
0.839596 -0.399287 0.368304 0.000000 0.181226 0.845061 0.503021 24.071800 -0.512089 -0.355588 0.781871 0.000000 0.000000 0.000000 0.000000 1.000000
0.846877 -0.379772 0.372255 0.000000 0.166695 0.854301 0.492323 24.071800 -0.504988 -0.354884 0.786794 -0.000000 0.000000 0.000000 0.000000 1.000000
0.850889 -0.371475 0.371475 0.000000 0.166366 0.861251 0.480176 24.071800 -0.498307 -0.346776 0.794630 0.000000 0.000000 0.000000 0.000000 1.000000
0.840386 -0.380373 0.386093 0.000000 0.174432 0.864279 0.471800 24.071800 -0.513152 -0.329148 0.792677 -0.000000 0.000000 0.000000 0.000000 1.000000
0.828259 -0.394284 0.398155 0.000000 0.183014 0.861933 0.472839 24.071800 -0.529616 -0.318765 0.786064 -0.000000 0.000000 0.000000 0.000000 1.000000
0.827936 -0.401600 0.391459 0.000000 0.192205 0.858925 0.474663 24.071800 -0.526858 -0.317751 0.788324 -0.000000 0.000000 0.000000 0.000000 1.000000
0.828081 -0.413228 0.378847 0.000000 0.202079 0.850368 0.485838 24.071800 -0.522921 -0.325756 0.787678 -0.000000 0.000000 0.000000 0.000000 1.000000
0.825229 -0.423538 0.373648 0.000000 0.209647 0.844001 0.493671 24.071800 -0.524447 -0.329057 0.785287 -0.000000 0.000000 0.000000 0.000000 1.000000
0.827023 -0.428043 0.364435 0.000000 0.213469 0.838826 0.500801 24.071800 -0.520062 -0.336378 0.785102 0.000000 0.000000 0.000000 0.000000 1.000000
0.834263 -0.423721 0.352798 0.000000 0.207367 0.834006 0.511305 24.071800 -0.510886 -0.353405 0.783646 0.000000 0.000000 0.000000 0.000000 1.000000
0.836116 -0.423777 0.348313 0.000000 0.202225 0.828370 0.522406 24.071800 -0.509916 -0.366355 0.778312 0.000000 0.000000 0.000000 0.000000 1.000000
0.834116 -0.428004 0.347943 0.000000 0.199411 0.822121 0.533247 24.071800 -0.514282 -0.375406 0.771093 -0.000000 0.000000 0.000000 0.000000 1.000000
0.834704 -0.429137 0.345125 0.000000 0.197636 0.818389 0.539611 24.071800 -0.514013 -0.382206 0.767925 -0.000000 0.000000 0.000000 0.000000 1.000000
0.833360 -0.428004 0.349749 0.000000 0.195953 0.820439 0.537106 24.071800 -0.516831 -0.379068 0.767589 0.000000 0.000000 0.000000 0.000000 1.000000
0.830783 -0.427641 0.356261 0.000000 0.189401 0.819078 0.541514 24.071800 -0.523380 -0.382405 0.761472 0.000000 0.000000 0.000000 0.000000 1.000000
0.829743 -0.424655 0.362208 0.000000 0.180960 0.818571 0.545156 24.071800 -0.527997 -0.386794 0.756049 -0.000000 0.000000 0.000000 0.000000 1.000000
0.834664 -0.417252 0.359495 0.000000 0.176191 0.820714 0.543494 24.071800 -0.521816 -0.390295 0.758536 0.000000 0.000000 0.000000 0.000000 1.000000</float_array>
        <technique_common>
          <accessor source="#mixamorig_LeftHand-Matrix-animation-output-transform-array" count="41" stride="16">
            <param type="float4x4"/>
          </accessor>
        </technique_common>
      </source>
      <source id="mixamorig_LeftHand-Interpolations">
        <Name_array id="mixamorig_LeftHand-Interpolations-array" count="41">
 LINEAR LINEAR LINEAR LINEAR LINEAR LINEAR LINEAR LINEAR LINEAR LINEAR LINEAR
LINEAR LINEAR LINEAR LINEAR LINEAR LINEAR LINEAR LINEAR LINEAR LINEAR LINEAR LINEAR
LINEAR LINEAR LINEAR LINEAR LINEAR LINEAR LINEAR LINEAR LINEAR LINEAR LINEAR LINEAR
LINEAR LINEAR LINEAR LINEAR LINEAR LINEAR</Name_array>
        <technique_common>
          <accessor source="#mixamorig_LeftHand-Interpolations-array" count="41">
            <param type="name"/>
          </accessor>
        </technique_common>
      </source>
      <sampler id="mixamorig_LeftHand-Matrix-animation-transform">
        <input semantic="INPUT" source="#mixamorig_LeftHand-Matrix-animation-input"/>
        <input semantic="OUTPUT" source="#mixamorig_LeftHand-Matrix-animation-output-transform"/>
        <input semantic="INTERPOLATION" source="#mixamorig_LeftHand-Interpolations"/>
      </sampler>
      <channel source="#mixamorig_LeftHand-Matrix-animation-transform" target="mixamorig_LeftHand/matrix"/>
    </animation>
    <animation id="mixamorig_LeftHandThumb1-anim" name="mixamorig_LeftHandThumb1">
      <source id="mixamorig_LeftHandThumb1-Matrix-animation-input">
        <float_array id="mixamorig_LeftHandThumb1-Matrix-animation-input-array" count="41">

0.000000 0.033333 0.066667 0.100000 0.133333 0.166667 0.200000 0.233333 0.266667 0.300000 0.333333 0.366667 0.400000 0.433333 0.466667 0.500000
0.533333 0.566667 0.600000 0.633333 0.666667 0.700000 0.733333 0.766667 0.800000 0.833333 0.866667 0.900000 0.933333 0.966667 1.000000 1.033333
1.066667 1.100000 1.133333 1.166667 1.200000 1.233333 1.266667 1.300000 1.333333</float_array>
        <technique_common>
          <accessor source="#mixamorig_LeftHandThumb1-Matrix-animation-input-array" count="41">
            <param name="TIME" type="float"/>
          </accessor>
        </technique_common>
      </source>
      <source id="mixamorig_LeftHandThumb1-Matrix-animation-output-transform">
        <float_array id="mixamorig_LeftHandThumb1-Matrix-animation-output-transform-array" count="656">

0.666886 -0.433273 0.606249 -1.509000 0.653845 0.730484 -0.197181 4.173400 -0.357422 0.527890 0.770443 1.926500 0.000000 0.000000 0.000000 1.000000
0.665106 -0.429794 0.610664 -1.509000 0.654754 0.728861 -0.200145 4.173400 -0.359069 0.532953 0.766180 1.926500 0.000000 0.000000 0.000000 1.000000
0.660076 -0.420097 0.622750 -1.509000 0.657377 0.724220 -0.208232 4.173400 -0.363530 0.546831 0.754203 1.926500 0.000000 0.000000 0.000000 1.000000
0.652176 -0.405247 0.640657 -1.509000 0.661639 0.716779 -0.220138 4.173400 -0.369999 0.567453 0.735594 1.926500 0.000000 0.000000 0.000000 1.000000
0.641777 -0.386293 0.662495 -1.509000 0.667476 0.706739 -0.234511 4.173400 -0.377621 0.592703 0.711411 1.926500 0.000000 0.000000 0.000000 1.000000
0.629332 -0.364356 0.686430 -1.509000 0.674747 0.694408 -0.250030 4.173400 -0.385562 0.620518 0.682861 1.926500 0.000000 0.000000 0.000000 1.000000
0.615435 -0.340648 0.710773 -1.509000 0.683167 0.680292 -0.265493 4.173400 -0.393093 0.648970 0.651395 1.926500 0.000000 0.000000 0.000000 1.000000
0.600846 -0.316496 0.734040 -1.509000 0.692290 0.665130 -0.279888 4.173400 -0.399648 0.676338 0.618747 1.926500 0.000000 0.000000 0.000000 1.000000
0.586479 -0.293319 0.754988 -1.509000 0.701506 0.649896 -0.292444 4.173400 -0.404885 0.701141 0.586916 1.926500 0.000000 0.000000 0.000000 1.000000
0.573367 -0.272617 0.772613 -1.509000 0.710086 0.635759 -0.302636 4.173400 -0.408692 0.722143 0.558105 1.926500 0.000000 0.000000 0.000000 1.000000
0.562622 -0.255930 0.786102 -1.509000 0.717217 0.624019 -0.310160 4.173400 -0.411164 0.738309 0.534644 1.926500 0.000000 0.000000 0.000000 1.000000
0.555379 -0.244804 0.794749 -1.509000 0.722070 0.616029 -0.314837 4.173400 -0.412515 0.748718 0.518895 1.926500 0.000000 0.000000 0.000000 1.000000
0.553243 -0.241541 0.797233 -1.509000 0.723507 0.613664 -0.316156 4.173400 -0.412868 0.751714 0.514262 1.926500 0.000000 0.000000 0.000000 1.000000
0.554566 -0.243560 0.795698 -1.509000 0.722612 0.615137 -0.315337 4.173400 -0.412660 0.749856 0.517134 1.926500 0.000000 0.000000 0.000000 1.000000
0.557164 -0.247537 0.792650 -1.509000 0.720864 0.618016 -0.313705 4.173400 -0.412217 0.746178 0.522777 1.926500 0.000000 0.000000 0.000000 1.000000
0.559907 -0.251747 0.789384 -1.509000 0.719028 0.621038 -0.311945 4.173400 -0.411707 0.742250 0.528737 1.926500 0.000000 0.000000 0.000000 1.000000
0.561675 -0.254469 0.787253 -1.509000 0.717850 0.622978 -0.310789 4.173400 -0.411355 0.739692 0.532582 1.926500 0.000000 0.000000 0.000000 1.000000
0.561255 -0.253824 0.787760 -1.509000 0.718133 0.622511 -0.311069 4.173400 -0.411433 0.740306 0.531668 1.926500 0.000000 0.000000 0.000000 1.000000
0.559320 -0.250845 0.790087 -1.509000 0.719434 0.620369 -0.312341 4.173400 -0.411797 0.743114 0.527451 1.926500 0.000000 0.000000 0.000000 1.000000
0.557589 -0.248189 0.792147 -1.509000 0.720600 0.618449 -0.313460 4.173400 -0.412105 0.745603 0.523685 1.926500 0.000000 0.000000 0.000000 1.000000
0.557799 -0.248512 0.791898 -1.509000 0.720457 0.618685 -0.313322 4.173400 -0.412071 0.745299 0.524144 1.926500 0.000000 0.000000 0.000000 1.000000
0.561675 -0.254469 0.787253 -1.509000 0.717850 0.622978 -0.310789 4.173400 -0.411355 0.739692 0.532582 1.926500 0.000000 0.000000 0.000000 1.000000
0.577973 -0.275056 0.768304 -1.509000 0.707792 0.637569 -0.304198 4.173400 -0.406175 0.719618 0.563180 1.926500 0.000000 0.000000 0.000000 1.000000
0.601973 -0.300741 0.739718 -1.509000 0.694021 0.655201 -0.298406 4.173400 -0.394921 0.693012 0.603134 1.926500 0.000000 0.000000 0.000000 1.000000
0.629761 -0.328876 0.703734 -1.509000 0.678752 0.673542 -0.292639 4.173400 -0.377753 0.661953 0.647395 1.926500 0.000000 0.000000 0.000000 1.000000
0.657801 -0.356905 0.663262 -1.509000 0.663899 0.690643 -0.286794 4.173400 -0.355719 0.628992 0.691254 1.926500 0.000000 0.000000 0.000000 1.000000
0.683269 -0.382422 0.622010 -1.509000 0.650878 0.705068 -0.281492 4.173400 -0.330911 0.597187 0.730661 1.926500 0.000000 0.000000 0.000000 1.000000
0.704228 -0.403193 0.584378 -1.509000 0.640500 0.715906 -0.277919 4.173400 -0.306305 0.570013 0.762406 1.926500 0.000000 0.000000 0.000000 1.000000
0.719568 -0.417121 0.555187 -1.509000 0.633054 0.722636 -0.277561 4.173400 -0.285421 0.551187 0.784046 1.926500 0.000000 0.000000 0.000000 1.000000
0.728633 -0.422146 0.539339 -1.509000 0.628607 0.724836 -0.281896 4.173400 -0.271931 0.544431 0.793504 1.926500 0.000000 0.000000 0.000000 1.000000
0.732852 -0.422543 0.533278 -1.509000 0.626497 0.724792 -0.286668 4.173400 -0.265386 0.544183 0.795887 1.926500 0.000000 0.000000 0.000000 1.000000
0.733488 -0.424463 0.530873 -1.509000 0.626381 0.725360 -0.285481 4.173400 -0.263898 0.541926 0.797919 1.926500 0.000000 0.000000 0.000000 1.000000
0.730030 -0.429037 0.531962 -1.509000 0.628650 0.726887 -0.276470 4.173400 -0.268060 0.536249 0.800363 1.926500 0.000000 0.000000 0.000000 1.000000
0.723942 -0.434584 0.535766 -1.509000 0.632202 0.728758 -0.263120 4.173400 -0.276096 0.529196 0.802323 1.926500 0.000000 0.000000 0.000000 1.000000
0.716865 -0.439062 0.541599 -1.509000 0.635879 0.730310 -0.249611 4.173400 -0.285940 0.523328 0.802724 1.926500 0.000000 0.000000 0.000000 1.000000
0.710063 -0.440774 0.549116 -1.509000 0.638945 0.731049 -0.239410 4.173400 -0.295904 0.520851 0.800721 1.926500 0.000000 0.000000 0.000000 1.000000
0.702520 -0.440551 0.558911 -1.509000 0.641960 0.731272 -0.230496 4.173400 -0.307171 0.520726 0.796549 1.926500 0.000000 0.000000 0.000000 1.000000
0.694155 -0.439144 0.570352 -1.509000 0.645022 0.731190 -0.222052 4.173400 -0.319524 0.522028 0.790817 1.926500 0.000000 0.000000 0.000000 1.000000
0.685219 -0.437098 0.582598 -1.509000 0.648076 0.730938 -0.213840 4.173400 -0.332374 0.524095 0.784125 1.926500 0.000000 0.000000 0.000000 1.000000
0.676011 -0.434958 0.594828 -1.509000 0.651048 0.730653 -0.205626 4.173400 -0.345174 0.526267 0.777109 1.926500 0.000000 0.000000 0.000000 1.000000
0.666886 -0.433273 0.606249 -1.509000 0.653844 0.730484 -0.197181 4.173400 -0.357422 0.527890 0.770443 1.926500 0.000000 0.000000 0.000000 1.000000</float_array>
        <technique_common>
          <accessor source="#mixamorig_LeftHandThumb1-Matrix-animation-output-transform-array" count="41" stride="16">
            <param type="float4x4"/>
          </accessor>
        </technique_common>
      </source>
      <source id="mixamorig_LeftHandThumb1-Interpolations">
        <Name_array id="mixamorig_LeftHandThumb1-Interpolations-array" count="41">
 LINEAR LINEAR LINEAR LINEAR LINEAR LINEAR LINEAR LINEAR LINEAR LINEAR LINEAR
LINEAR LINEAR LINEAR LINEAR LINEAR LINEAR LINEAR LINEAR LINEAR LINEAR LINEAR LINEAR
LINEAR LINEAR LINEAR LINEAR LINEAR LINEAR LINEAR LINEAR LINEAR LINEAR LINEAR LINEAR
LINEAR LINEAR LINEAR LINEAR LINEAR LINEAR</Name_array>
        <technique_common>
          <accessor source="#mixamorig_LeftHandThumb1-Interpolations-array" count="41">
            <param type="name"/>
          </accessor>
        </technique_common>
      </source>
      <sampler id="mixamorig_LeftHandThumb1-Matrix-animation-transform">
        <input semantic="INPUT" source="#mixamorig_LeftHandThumb1-Matrix-animation-input"/>
        <input semantic="OUTPUT" source="#mixamorig_LeftHandThumb1-Matrix-animation-output-transform"/>
        <input semantic="INTERPOLATION" source="#mixamorig_LeftHandThumb1-Interpolations"/>
      </sampler>
      <channel source="#mixamorig_LeftHandThumb1-Matrix-animation-transform" target="mixamorig_LeftHandThumb1/matrix"/>
    </animation>
    <animation id="mixamorig_LeftHandThumb2-anim" name="mixamorig_LeftHandThumb2">
      <source id="mixamorig_LeftHandThumb2-Matrix-animation-input">
        <float_array id="mixamorig_LeftHandThumb2-Matrix-animation-input-array" count="41">

0.000000 0.033333 0.066667 0.100000 0.133333 0.166667 0.200000 0.233333 0.266667 0.300000 0.333333 0.366667 0.400000 0.433333 0.466667 0.500000
0.533333 0.566667 0.600000 0.633333 0.666667 0.700000 0.733333 0.766667 0.800000 0.833333 0.866667 0.900000 0.933333 0.966667 1.000000 1.033333
1.066667 1.100000 1.133333 1.166667 1.200000 1.233333 1.266667 1.300000 1.333333</float_array>
        <technique_common>
          <accessor source="#mixamorig_LeftHandThumb2-Matrix-animation-input-array" count="41">
            <param name="TIME" type="float"/>
          </accessor>
        </technique_common>
      </source>
      <source id="mixamorig_LeftHandThumb2-Matrix-animation-output-transform">
        <float_array id="mixamorig_LeftHandThumb2-Matrix-animation-output-transform-array" count="656">

0.976163 0.113207 -0.185176 0.000000 -0.133678 0.985757 -0.102048 3.870400 0.170986 0.124369 0.977392 0.000000 0.000000 0.000000 0.000000 1.000000
0.975862 0.115594 -0.185288 0.000000 -0.136210 0.985346 -0.102665 3.870400 0.170705 0.125425 0.977307 0.000000 0.000000 0.000000 0.000000 1.000000
0.974997 0.122191 -0.185605 0.000000 -0.143209 0.984174 -0.104367 3.870400 0.169915 0.128338 0.977066 -0.000000 0.000000 0.000000 0.000000 1.000000
0.973634 0.132147 -0.185943 0.000000 -0.153751 0.982303 -0.106961 3.870400 0.168518 0.132729 0.976721 0.000000 0.000000 0.000000 0.000000 1.000000
0.971770 0.144636 -0.186394 -0.000000 -0.166955 0.979794 -0.110133 3.870400 0.166699 0.138144 0.976283 -0.000000 0.000000 0.000000 0.000000 1.000000
0.969449 0.158807 -0.186945 0.000000 -0.181914 0.976725 -0.113648 3.870400 0.164546 0.144184 0.975774 -0.000000 0.000000 0.000000 0.000000 1.000000
0.966754 0.173778 -0.187583 -0.000000 -0.197710 0.973210 -0.117360 3.870400 0.162163 0.150545 0.975213 -0.000000 0.000000 0.000000 0.000000 1.000000
0.963818 0.188699 -0.188277 0.000000 -0.213445 0.969426 -0.121056 3.870400 0.159677 0.156863 0.974627 0.000000 0.000000 0.000000 0.000000 1.000000
0.960824 0.202737 -0.188985 0.000000 -0.228240 0.965608 -0.124532 3.870400 0.157238 0.162787 0.974052 0.000000 0.000000 0.000000 0.000000 1.000000
0.958008 0.215065 -0.189651 -0.000000 -0.241228 0.962046 -0.127583 3.870400 0.155014 0.167975 0.973527 0.000000 0.000000 0.000000 0.000000 1.000000
0.955646 0.224867 -0.190202 -0.000000 -0.251551 0.959071 -0.130022 3.870400 0.153179 0.172100 0.973097 -0.000000 0.000000 0.000000 0.000000 1.000000
0.954016 0.231325 -0.190637 -0.000000 -0.258364 0.957035 -0.131651 3.870400 0.151992 0.174850 0.972793 0.000000 0.000000 0.000000 0.000000 1.000000
0.953531 0.233210 -0.190765 0.000000 -0.260353 0.956431 -0.132125 3.870400 0.151641 0.175651 0.972703 0.000000 0.000000 0.000000 0.000000 1.000000
0.953832 0.232042 -0.190684 0.000000 -0.259120 0.956807 -0.131827 3.870400 0.151859 0.175150 0.972760 -0.000000 0.000000 0.000000 0.000000 1.000000
0.954420 0.229741 -0.190530 0.000000 -0.256692 0.957541 -0.131244 3.870400 0.152288 0.174169 0.972869 0.000000 0.000000 0.000000 0.000000 1.000000
0.955037 0.227301 -0.190365 -0.000000 -0.254118 0.958312 -0.130624 3.870400 0.152738 0.173126 0.972984 0.000000 0.000000 0.000000 0.000000 1.000000
0.955432 0.225725 -0.190255 -0.000000 -0.252452 0.958807 -0.130218 3.870400 0.153025 0.172445 0.973060 0.000000 0.000000 0.000000 0.000000 1.000000
0.955339 0.226110 -0.190267 0.000000 -0.252854 0.958690 -0.130303 3.870400 0.152944 0.172593 0.973047 0.000000 0.000000 0.000000 0.000000 1.000000
0.954905 0.227851 -0.190367 -0.000000 -0.254686 0.958147 -0.130729 3.870400 0.152613 0.173318 0.972970 0.000000 0.000000 0.000000 0.000000 1.000000
0.954515 0.229401 -0.190462 -0.000000 -0.256318 0.957659 -0.131112 3.870400 0.152321 0.173967 0.972900 0.000000 0.000000 0.000000 0.000000 1.000000
0.954562 0.229212 -0.190455 0.000000 -0.256120 0.957718 -0.131065 3.870400 0.152361 0.173889 0.972907 0.000000 0.000000 0.000000 0.000000 1.000000
0.955431 0.225732 -0.190253 0.000000 -0.252457 0.958808 -0.130201 3.870400 0.153025 0.172429 0.973063 0.000000 0.000000 0.000000 0.000000 1.000000
0.958429 0.213277 -0.189543 0.000000 -0.239339 0.962579 -0.127114 3.870400 0.155340 0.167195 0.973610 0.000000 0.000000 0.000000 0.000000 1.000000
0.962076 0.197001 -0.188681 0.000000 -0.222189 0.967204 -0.123080 3.870400 0.158246 0.160335 0.974295 -0.000000 0.000000 0.000000 0.000000 1.000000
0.965844 0.178550 -0.187789 -0.000000 -0.202736 0.972037 -0.118504 3.870400 0.161379 0.152528 0.975034 -0.000000 0.000000 0.000000 0.000000 1.000000
0.969315 0.159601 -0.186967 -0.000000 -0.182743 0.976552 -0.113802 3.870400 0.164420 0.144477 0.975752 0.000000 0.000000 0.000000 0.000000 1.000000
0.972201 0.141855 -0.186283 0.000000 -0.164008 0.980375 -0.109394 3.870400 0.167109 0.136905 0.976387 0.000000 0.000000 0.000000 0.000000 1.000000
0.974346 0.127037 -0.185773 -0.000000 -0.148356 0.983268 -0.105711 3.870400 0.169236 0.130560 0.976890 0.000000 0.000000 0.000000 0.000000 1.000000
0.975687 0.116927 -0.185372 0.000000 -0.137640 0.985104 -0.103082 3.870400 0.170557 0.126091 0.977247 0.000000 0.000000 0.000000 0.000000 1.000000
0.976163 0.113178 -0.185194 0.000000 -0.133661 0.985753 -0.102109 3.870400 0.170999 0.124428 0.977383 -0.000000 0.000000 0.000000 0.000000 1.000000
0.976163 0.113181 -0.185193 -0.000000 -0.133663 0.985753 -0.102103 3.870400 0.170999 0.124423 0.977383 0.000000 0.000000 0.000000 0.000000 1.000000
0.976163 0.113183 -0.185191 0.000000 -0.133664 0.985753 -0.102098 3.870400 0.170997 0.124418 0.977384 0.000000 0.000000 0.000000 0.000000 1.000000
0.976163 0.113186 -0.185189 0.000000 -0.133666 0.985754 -0.102092 3.870400 0.170996 0.124412 0.977385 0.000000 0.000000 0.000000 0.000000 1.000000
0.976163 0.113189 -0.185187 0.000000 -0.133668 0.985754 -0.102087 3.870400 0.170994 0.124407 0.977386 0.000000 0.000000 0.000000 0.000000 1.000000
0.976163 0.113191 -0.185186 0.000000 -0.133669 0.985755 -0.102081 3.870400 0.170993 0.124402 0.977387 0.000000 0.000000 0.000000 0.000000 1.000000
0.976163 0.113194 -0.185184 0.000000 -0.133670 0.985755 -0.102075 3.870400 0.170991 0.124396 0.977388 0.000000 0.000000 0.000000 0.000000 1.000000
0.976163 0.113196 -0.185182 -0.000000 -0.133672 0.985755 -0.102070 3.870400 0.170990 0.124391 0.977389 0.000000 0.000000 0.000000 0.000000 1.000000
0.976163 0.113198 -0.185181 0.000000 -0.133673 0.985756 -0.102064 3.870400 0.170990 0.124385 0.977390 0.000000 0.000000 0.000000 0.000000 1.000000
0.976163 0.113201 -0.185179 -0.000000 -0.133675 0.985756 -0.102059 3.870400 0.170988 0.124380 0.977391 0.000000 0.000000 0.000000 0.000000 1.000000
0.976163 0.113204 -0.185179 0.000000 -0.133676 0.985756 -0.102053 3.870400 0.170988 0.124375 0.977391 0.000000 0.000000 0.000000 0.000000 1.000000
0.976163 0.113206 -0.185176 0.000000 -0.133677 0.985757 -0.102048 3.870400 0.170986 0.124369 0.977393 0.000000 0.000000 0.000000 0.000000 1.000000</float_array>
        <technique_common>
          <accessor source="#mixamorig_LeftHandThumb2-Matrix-animation-output-transform-array" count="41" stride="16">
            <param type="float4x4"/>
          </accessor>
        </technique_common>
      </source>
      <source id="mixamorig_LeftHandThumb2-Interpolations">
        <Name_array id="mixamorig_LeftHandThumb2-Interpolations-array" count="41">
 LINEAR LINEAR LINEAR LINEAR LINEAR LINEAR LINEAR LINEAR LINEAR LINEAR LINEAR
LINEAR LINEAR LINEAR LINEAR LINEAR LINEAR LINEAR LINEAR LINEAR LINEAR LINEAR LINEAR
LINEAR LINEAR LINEAR LINEAR LINEAR LINEAR LINEAR LINEAR LINEAR LINEAR LINEAR LINEAR
LINEAR LINEAR LINEAR LINEAR LINEAR LINEAR</Name_array>
        <technique_common>
          <accessor source="#mixamorig_LeftHandThumb2-Interpolations-array" count="41">
            <param type="name"/>
          </accessor>
        </technique_common>
      </source>
      <sampler id="mixamorig_LeftHandThumb2-Matrix-animation-transform">
        <input semantic="INPUT" source="#mixamorig_LeftHandThumb2-Matrix-animation-input"/>
        <input semantic="OUTPUT" source="#mixamorig_LeftHandThumb2-Matrix-animation-output-transform"/>
        <input semantic="INTERPOLATION" source="#mixamorig_LeftHandThumb2-Interpolations"/>
      </sampler>
      <channel source="#mixamorig_LeftHandThumb2-Matrix-animation-transform" target="mixamorig_LeftHandThumb2/matrix"/>
    </animation>
    <animation id="mixamorig_LeftHandThumb3-anim" name="mixamorig_LeftHandThumb3">
      <source id="mixamorig_LeftHandThumb3-Matrix-animation-input">
        <float_array id="mixamorig_LeftHandThumb3-Matrix-animation-input-array" count="41">

0.000000 0.033333 0.066667 0.100000 0.133333 0.166667 0.200000 0.233333 0.266667 0.300000 0.333333 0.366667 0.400000 0.433333 0.466667 0.500000
0.533333 0.566667 0.600000 0.633333 0.666667 0.700000 0.733333 0.766667 0.800000 0.833333 0.866667 0.900000 0.933333 0.966667 1.000000 1.033333
1.066667 1.100000 1.133333 1.166667 1.200000 1.233333 1.266667 1.300000 1.333333</float_array>
        <technique_common>
          <accessor source="#mixamorig_LeftHandThumb3-Matrix-animation-input-array" count="41">
            <param name="TIME" type="float"/>
          </accessor>
        </technique_common>
      </source>
      <source id="mixamorig_LeftHandThumb3-Matrix-animation-output-transform">
        <float_array id="mixamorig_LeftHandThumb3-Matrix-animation-output-transform-array" count="656">

0.985903 0.167312 0.001592 -0.000000 -0.166919 0.984156 -0.059795 4.710600 -0.011572 0.058686 0.998209 0.000000 0.000000 0.000000 0.000000 1.000000
0.985562 0.169302 0.002148 0.000000 -0.168913 0.984014 -0.056432 4.710600 -0.011668 0.055255 0.998404 0.000000 0.000000 0.000000 0.000000 1.000000
0.984599 0.174788 0.003743 -0.000000 -0.174422 0.983542 -0.047144 4.710600 -0.011921 0.045765 0.998881 0.000000 0.000000 0.000000 0.000000 1.000000
0.983087 0.183037 0.006145 0.000000 -0.182740 0.982604 -0.033101 4.710600 -0.012097 0.031418 0.999433 0.000000 0.000000 0.000000 0.000000 1.000000
0.981095 0.193297 0.009434 -0.000000 -0.193138 0.981048 -0.015537 4.710600 -0.012258 0.013421 0.999835 0.000000 0.000000 0.000000 0.000000 1.000000
0.978705 0.204825 0.013540 0.000000 -0.204899 0.978773 0.004335 4.710600 -0.012365 -0.007017 0.999899 0.000000 0.000000 0.000000 0.000000 1.000000
0.976025 0.216883 0.018378 0.000000 -0.217304 0.975776 0.025288 4.710600 -0.012449 -0.028675 0.999511 0.000000 0.000000 0.000000 0.000000 1.000000
0.973193 0.228773 0.023651 0.000000 -0.229655 0.972178 0.046134 4.710600 -0.012439 -0.050329 0.998655 0.000000 0.000000 0.000000 0.000000 1.000000
0.970382 0.239835 0.028953 0.000000 -0.241264 0.968232 0.065713 4.710600 -0.012273 -0.070753 0.997418 0.000000 0.000000 0.000000 0.000000 1.000000
0.967795 0.249447 0.033889 0.000000 -0.251452 0.964315 0.082874 4.710600 -0.012007 -0.088727 0.995984 0.000000 0.000000 0.000000 0.000000 1.000000
0.965658 0.257009 0.038099 0.000000 -0.259548 0.960899 0.096475 4.710600 -0.011814 -0.103050 0.994606 -0.000000 0.000000 0.000000 0.000000 1.000000
0.964206 0.261959 0.041051 0.000000 -0.264896 0.958497 0.105424 4.710600 -0.011730 -0.112524 0.993580 -0.000000 0.000000 0.000000 0.000000 1.000000
0.963774 0.263407 0.041921 0.000000 -0.266465 0.957772 0.108028 4.710600 -0.011696 -0.115285 0.993264 0.000000 0.000000 0.000000 0.000000 1.000000
0.964041 0.262515 0.041365 0.000000 -0.265496 0.958221 0.106413 4.710600 -0.011702 -0.113568 0.993461 0.000000 0.000000 0.000000 0.000000 1.000000
0.964565 0.260752 0.040287 0.000000 -0.263585 0.959097 0.103230 4.710600 -0.011722 -0.110191 0.993841 0.000000 0.000000 0.000000 0.000000 1.000000
0.965116 0.258878 0.039158 0.000000 -0.261559 0.960008 0.099854 4.710600 -0.011742 -0.106613 0.994231 -0.000000 0.000000 0.000000 0.000000 1.000000
0.965470 0.257663 0.038434 0.000000 -0.260248 0.960589 0.097667 4.710600 -0.011754 -0.104297 0.994477 0.000000 0.000000 0.000000 0.000000 1.000000
0.965387 0.257952 0.038591 0.000000 -0.260559 0.960451 0.098195 4.710600 -0.011735 -0.104852 0.994419 0.000000 0.000000 0.000000 0.000000 1.000000
0.964999 0.259285 0.039360 -0.000000 -0.261994 0.959811 0.100606 4.710600 -0.011693 -0.107397 0.994147 0.000000 0.000000 0.000000 0.000000 1.000000
0.964651 0.260470 0.040055 -0.000000 -0.263273 0.959234 0.102751 4.710600 -0.011658 -0.109664 0.993900 0.000000 0.000000 0.000000 0.000000 1.000000
0.964693 0.260325 0.039974 0.000000 -0.263117 0.959305 0.102488 4.710600 -0.011667 -0.109387 0.993931 0.000000 0.000000 0.000000 0.000000 1.000000
0.965470 0.257662 0.038433 0.000000 -0.260247 0.960589 0.097668 4.710600 -0.011753 -0.104298 0.994477 0.000000 0.000000 0.000000 0.000000 1.000000
0.968179 0.248058 0.033107 0.000000 -0.249969 0.964912 0.080380 4.710600 -0.012006 -0.086098 0.996214 0.000000 0.000000 0.000000 0.000000 1.000000
0.971550 0.235328 0.026667 0.000000 -0.236515 0.969912 0.057714 4.710600 -0.012283 -0.062379 0.997977 -0.000000 0.000000 0.000000 0.000000 1.000000
0.975139 0.220698 0.019931 0.000000 -0.221250 0.974693 0.031954 4.710600 -0.012374 -0.035569 0.999291 0.000000 0.000000 0.000000 0.000000 1.000000
0.978570 0.205453 0.013773 0.000000 -0.205543 0.978633 0.005423 4.710600 -0.012365 -0.008138 0.999890 0.000000 0.000000 0.000000 0.000000 1.000000
0.981550 0.191007 0.008667 -0.000000 -0.190813 0.981433 -0.019466 4.710600 -0.012224 0.017453 0.999773 -0.000000 0.000000 0.000000 0.000000 1.000000
0.983867 0.178833 0.004889 0.000000 -0.178497 0.983116 -0.040265 4.710600 -0.012008 0.038743 0.999177 0.000000 0.000000 0.000000 0.000000 1.000000
0.985366 0.170436 0.002480 0.000000 -0.170050 0.983926 -0.054515 4.710600 -0.011731 0.053296 0.998510 -0.000000 0.000000 0.000000 0.000000 1.000000
0.985903 0.167312 0.001601 -0.000000 -0.166918 0.984156 -0.059796 4.710600 -0.011580 0.058686 0.998209 0.000000 0.000000 0.000000 0.000000 1.000000
0.985903 0.167311 0.001601 -0.000000 -0.166918 0.984156 -0.059796 4.710600 -0.011580 0.058686 0.998209 0.000000 0.000000 0.000000 0.000000 1.000000
0.985903 0.167311 0.001600 -0.000000 -0.166918 0.984156 -0.059795 4.710600 -0.011579 0.058685 0.998209 0.000000 0.000000 0.000000 0.000000 1.000000
0.985903 0.167312 0.001598 -0.000000 -0.166918 0.984156 -0.059795 4.710600 -0.011577 0.058686 0.998209 0.000000 0.000000 0.000000 0.000000 1.000000
0.985903 0.167312 0.001599 0.000000 -0.166918 0.984156 -0.059795 4.710600 -0.011578 0.058686 0.998209 0.000000 0.000000 0.000000 0.000000 1.000000
0.985903 0.167312 0.001597 0.000000 -0.166918 0.984156 -0.059795 4.710600 -0.011576 0.058686 0.998209 0.000000 0.000000 0.000000 0.000000 1.000000
0.985903 0.167312 0.001596 -0.000000 -0.166919 0.984156 -0.059795 4.710600 -0.011575 0.058686 0.998209 -0.000000 0.000000 0.000000 0.000000 1.000000
0.985903 0.167312 0.001595 0.000000 -0.166918 0.984156 -0.059795 4.710600 -0.011574 0.058686 0.998209 0.000000 0.000000 0.000000 0.000000 1.000000
0.985903 0.167312 0.001595 0.000000 -0.166919 0.984156 -0.059795 4.710600 -0.011574 0.058686 0.998209 0.000000 0.000000 0.000000 0.000000 1.000000
0.985903 0.167312 0.001594 0.000000 -0.166919 0.984156 -0.059795 4.710600 -0.011573 0.058686 0.998209 -0.000000 0.000000 0.000000 0.000000 1.000000
0.985903 0.167312 0.001593 -0.000000 -0.166919 0.984156 -0.059795 4.710600 -0.011572 0.058686 0.998209 0.000000 0.000000 0.000000 0.000000 1.000000
0.985903 0.167312 0.001592 0.000000 -0.166919 0.984156 -0.059795 4.710600 -0.011571 0.058686 0.998209 0.000000 0.000000 0.000000 0.000000 1.000000</float_array>
        <technique_common>
          <accessor source="#mixamorig_LeftHandThumb3-Matrix-animation-output-transform-array" count="41" stride="16">
            <param type="float4x4"/>
          </accessor>
        </technique_common>
      </source>
      <source id="mixamorig_LeftHandThumb3-Interpolations">
        <Name_array id="mixamorig_LeftHandThumb3-Interpolations-array" count="41">
 LINEAR LINEAR LINEAR LINEAR LINEAR LINEAR LINEAR LINEAR LINEAR LINEAR LINEAR
LINEAR LINEAR LINEAR LINEAR LINEAR LINEAR LINEAR LINEAR LINEAR LINEAR LINEAR LINEAR
LINEAR LINEAR LINEAR LINEAR LINEAR LINEAR LINEAR LINEAR LINEAR LINEAR LINEAR LINEAR
LINEAR LINEAR LINEAR LINEAR LINEAR LINEAR</Name_array>
        <technique_common>
          <accessor source="#mixamorig_LeftHandThumb3-Interpolations-array" count="41">
            <param type="name"/>
          </accessor>
        </technique_common>
      </source>
      <sampler id="mixamorig_LeftHandThumb3-Matrix-animation-transform">
        <input semantic="INPUT" source="#mixamorig_LeftHandThumb3-Matrix-animation-input"/>
        <input semantic="OUTPUT" source="#mixamorig_LeftHandThumb3-Matrix-animation-output-transform"/>
        <input semantic="INTERPOLATION" source="#mixamorig_LeftHandThumb3-Interpolations"/>
      </sampler>
      <channel source="#mixamorig_LeftHandThumb3-Matrix-animation-transform" target="mixamorig_LeftHandThumb3/matrix"/>
    </animation>
    <animation id="mixamorig_LeftHandIndex1-anim" name="mixamorig_LeftHandIndex1">
      <source id="mixamorig_LeftHandIndex1-Matrix-animation-input">
        <float_array id="mixamorig_LeftHandIndex1-Matrix-animation-input-array" count="41">

0.000000 0.033333 0.066667 0.100000 0.133333 0.166667 0.200000 0.233333 0.266667 0.300000 0.333333 0.366667 0.400000 0.433333 0.466667 0.500000
0.533333 0.566667 0.600000 0.633333 0.666667 0.700000 0.733333 0.766667 0.800000 0.833333 0.866667 0.900000 0.933333 0.966667 1.000000 1.033333
1.066667 1.100000 1.133333 1.166667 1.200000 1.233333 1.266667 1.300000 1.333333</float_array>
        <technique_common>
          <accessor source="#mixamorig_LeftHandIndex1-Matrix-animation-input-array" count="41">
            <param name="TIME" type="float"/>
          </accessor>
        </technique_common>
      </source>
      <source id="mixamorig_LeftHandIndex1-Matrix-animation-output-transform">
        <float_array id="mixamorig_LeftHandIndex1-Matrix-animation-output-transform-array" count="656">

0.994700 -0.100618 -0.021177 -2.855500 0.100569 0.994924 -0.003341 14.669400 0.021406 0.001193 0.999770 0.398800 0.000000 0.000000 0.000000 1.000000
0.994622 -0.101773 -0.019202 -2.855500 0.101343 0.994605 -0.022141 14.669400 0.021352 0.020076 0.999570 0.398800 0.000000 0.000000 0.000000 1.000000
0.994491 -0.103604 -0.015916 -2.855500 0.102626 0.993290 -0.053313 14.669400 0.021333 0.051386 0.998451 0.398800 0.000000 0.000000 0.000000 1.000000
0.994311 -0.105898 -0.011456 -2.855500 0.104362 0.990072 -0.094162 14.669400 0.021314 0.092430 0.995491 0.398800 0.000000 0.000000 0.000000 1.000000
0.994086 -0.108425 -0.006016 -2.855500 0.106481 0.984133 -0.141932 14.669400 0.021309 0.140452 0.989858 0.398800 0.000000 0.000000 0.000000 1.000000
0.993833 -0.110888 0.000070 -2.855500 0.108799 0.974983 -0.193832 14.669400 0.021425 0.192644 0.981035 0.398800 0.000000 0.000000 0.000000 1.000000
0.993562 -0.113106 0.006509 -2.855500 0.111200 0.962598 -0.247063 14.669400 0.021679 0.246196 0.968978 0.398800 0.000000 0.000000 0.000000 1.000000
0.993288 -0.114941 0.012979 -2.855500 0.113548 0.947502 -0.298908 14.669400 0.022059 0.298376 0.954194 0.398800 0.000000 0.000000 0.000000 1.000000
0.993021 -0.116378 0.019143 -2.855500 0.115767 0.930767 -0.346802 14.669400 0.022543 0.346597 0.937743 0.398800 0.000000 0.000000 0.000000 1.000000
0.992780 -0.117384 0.024670 -2.855500 0.117709 0.913868 -0.388574 14.669400 0.023067 0.388673 0.921087 0.398800 0.000000 0.000000 0.000000 1.000000
0.992573 -0.118079 0.029271 -2.855500 0.119329 0.898201 -0.423079 14.669400 0.023666 0.423430 0.905620 0.398800 0.000000 0.000000 0.000000 1.000000
0.992417 -0.118487 0.032704 -2.855500 0.120523 0.885751 -0.448241 14.669400 0.024143 0.448784 0.893314 0.398800 0.000000 0.000000 0.000000 1.000000
0.992344 -0.118615 0.034416 -2.855500 0.121075 0.879244 -0.460728 14.669400 0.024389 0.461367 0.886874 0.398800 0.000000 0.000000 0.000000 1.000000
0.992321 -0.118659 0.034921 -2.855500 0.121249 0.877337 -0.464304 14.669400 0.024457 0.464973 0.884987 0.398800 0.000000 0.000000 0.000000 1.000000
0.992322 -0.118670 0.034837 -2.855500 0.121240 0.877722 -0.463579 14.669400 0.024436 0.464243 0.885371 0.398800 0.000000 0.000000 0.000000 1.000000
0.992337 -0.118662 0.034457 -2.855500 0.121136 0.879243 -0.460714 14.669400 0.024373 0.461357 0.886880 0.398800 0.000000 0.000000 0.000000 1.000000
0.992352 -0.118647 0.034075 -2.855500 0.121025 0.880742 -0.457872 14.669400 0.024314 0.458494 0.888365 0.398800 0.000000 0.000000 0.000000 1.000000
0.992344 -0.118670 0.034213 -2.855500 0.121082 0.880227 -0.458846 14.669400 0.024336 0.459476 0.887857 0.398800 0.000000 0.000000 0.000000 1.000000
0.992315 -0.118733 0.034834 -2.855500 0.121302 0.877854 -0.463312 14.669400 0.024431 0.463976 0.885511 0.398800 0.000000 0.000000 0.000000 1.000000
0.992289 -0.118790 0.035390 -2.855500 0.121500 0.875721 -0.467280 14.669400 0.024517 0.467976 0.883401 0.398800 0.000000 0.000000 0.000000 1.000000
0.992291 -0.118786 0.035326 -2.855500 0.121481 0.875982 -0.466795 14.669400 0.024504 0.467488 0.883660 0.398800 0.000000 0.000000 0.000000 1.000000
0.992348 -0.118670 0.034095 -2.855500 0.121055 0.880739 -0.457869 14.669400 0.024307 0.458493 0.888365 0.398800 0.000000 0.000000 0.000000 1.000000
0.992572 -0.118119 0.029137 -2.855500 0.119352 0.898982 -0.421410 14.669400 0.023583 0.421758 0.906402 0.398800 0.000000 0.000000 0.000000 1.000000
0.992891 -0.117010 0.021806 -2.855500 0.116820 0.922899 -0.366892 14.669400 0.022806 0.366831 0.930008 0.398800 0.000000 0.000000 0.000000 1.000000
0.993266 -0.115109 0.013123 -2.855500 0.113732 0.947201 -0.299794 14.669400 0.022079 0.299267 0.953914 0.398800 0.000000 0.000000 0.000000 1.000000
0.993655 -0.112403 0.004022 -2.855500 0.110391 0.967766 -0.226368 14.669400 0.021552 0.225375 0.974034 0.398800 0.000000 0.000000 0.000000 1.000000
0.994018 -0.109117 -0.004615 -2.855500 0.107118 0.982309 -0.153609 14.669400 0.021295 0.152196 0.988121 0.398800 0.000000 0.000000 0.000000 1.000000
0.994325 -0.105711 -0.011986 -2.855500 0.104239 0.990568 -0.088930 14.669400 0.021274 0.087176 0.995966 0.398800 0.000000 0.000000 0.000000 1.000000
0.994548 -0.102818 -0.017399 -2.855500 0.102063 0.993982 -0.039781 14.669400 0.021384 0.037788 0.999057 0.398800 0.000000 0.000000 0.000000 1.000000
0.994661 -0.101201 -0.020178 -2.855500 0.100943 0.994802 -0.013406 14.669400 0.021429 0.011297 0.999707 0.398800 0.000000 0.000000 0.000000 1.000000
0.994701 -0.100620 -0.021114 -2.855500 0.100546 0.994922 -0.004552 14.669400 0.021464 0.002405 0.999767 0.398800 0.000000 0.000000 0.000000 1.000000
0.994706 -0.100547 -0.021235 -2.855500 0.100498 0.994932 -0.003346 14.669400 0.021464 0.001195 0.999769 0.398800 0.000000 0.000000 0.000000 1.000000
0.994705 -0.100554 -0.021230 -2.855500 0.100506 0.994931 -0.003346 14.669400 0.021459 0.001194 0.999769 0.398800 0.000000 0.000000 0.000000 1.000000
0.994704 -0.100563 -0.021223 -2.855500 0.100514 0.994930 -0.003345 14.669400 0.021451 0.001194 0.999769 0.398800 0.000000 0.000000 0.000000 1.000000
0.994704 -0.100570 -0.021216 -2.855500 0.100521 0.994929 -0.003344 14.669400 0.021445 0.001194 0.999769 0.398800 0.000000 0.000000 0.000000 1.000000
0.994703 -0.100578 -0.021210 -2.855500 0.100529 0.994928 -0.003344 14.669400 0.021438 0.001194 0.999769 0.398800 0.000000 0.000000 0.000000 1.000000
0.994702 -0.100587 -0.021204 -2.855500 0.100538 0.994928 -0.003343 14.669400 0.021433 0.001194 0.999770 0.398800 0.000000 0.000000 0.000000 1.000000
0.994702 -0.100594 -0.021196 -2.855500 0.100546 0.994927 -0.003343 14.669400 0.021425 0.001194 0.999770 0.398800 0.000000 0.000000 0.000000 1.000000
0.994701 -0.100602 -0.021190 -2.855500 0.100553 0.994926 -0.003342 14.669400 0.021419 0.001194 0.999770 0.398800 0.000000 0.000000 0.000000 1.000000
0.994700 -0.100610 -0.021184 -2.855500 0.100562 0.994925 -0.003341 14.669400 0.021412 0.001193 0.999770 0.398800 0.000000 0.000000 0.000000 1.000000
0.994700 -0.100617 -0.021177 -2.855500 0.100569 0.994925 -0.003341 14.669400 0.021406 0.001193 0.999770 0.398800 0.000000 0.000000 0.000000 1.000000</float_array>
        <technique_common>
          <accessor source="#mixamorig_LeftHandIndex1-Matrix-animation-output-transform-array" count="41" stride="16">
            <param type="float4x4"/>
          </accessor>
        </technique_common>
      </source>
      <source id="mixamorig_LeftHandIndex1-Interpolations">
        <Name_array id="mixamorig_LeftHandIndex1-Interpolations-array" count="41">
 LINEAR LINEAR LINEAR LINEAR LINEAR LINEAR LINEAR LINEAR LINEAR LINEAR LINEAR
LINEAR LINEAR LINEAR LINEAR LINEAR LINEAR LINEAR LINEAR LINEAR LINEAR LINEAR LINEAR
LINEAR LINEAR LINEAR LINEAR LINEAR LINEAR LINEAR LINEAR LINEAR LINEAR LINEAR LINEAR
LINEAR LINEAR LINEAR LINEAR LINEAR LINEAR</Name_array>
        <technique_common>
          <accessor source="#mixamorig_LeftHandIndex1-Interpolations-array" count="41">
            <param type="name"/>
          </accessor>
        </technique_common>
      </source>
      <sampler id="mixamorig_LeftHandIndex1-Matrix-animation-transform">
        <input semantic="INPUT" source="#mixamorig_LeftHandIndex1-Matrix-animation-input"/>
        <input semantic="OUTPUT" source="#mixamorig_LeftHandIndex1-Matrix-animation-output-transform"/>
        <input semantic="INTERPOLATION" source="#mixamorig_LeftHandIndex1-Interpolations"/>
      </sampler>
      <channel source="#mixamorig_LeftHandIndex1-Matrix-animation-transform" target="mixamorig_LeftHandIndex1/matrix"/>
    </animation>
    <animation id="mixamorig_LeftHandIndex2-anim" name="mixamorig_LeftHandIndex2">
      <source id="mixamorig_LeftHandIndex2-Matrix-animation-input">
        <float_array id="mixamorig_LeftHandIndex2-Matrix-animation-input-array" count="41">

0.000000 0.033333 0.066667 0.100000 0.133333 0.166667 0.200000 0.233333 0.266667 0.300000 0.333333 0.366667 0.400000 0.433333 0.466667 0.500000
0.533333 0.566667 0.600000 0.633333 0.666667 0.700000 0.733333 0.766667 0.800000 0.833333 0.866667 0.900000 0.933333 0.966667 1.000000 1.033333
1.066667 1.100000 1.133333 1.166667 1.200000 1.233333 1.266667 1.300000 1.333333</float_array>
        <technique_common>
          <accessor source="#mixamorig_LeftHandIndex2-Matrix-animation-input-array" count="41">
            <param name="TIME" type="float"/>
          </accessor>
        </technique_common>
      </source>
      <source id="mixamorig_LeftHandIndex2-Matrix-animation-output-transform">
        <float_array id="mixamorig_LeftHandIndex2-Matrix-animation-output-transform-array" count="656">

0.999991 -0.003251 0.002605 0.000000 0.003449 0.996770 -0.080236 3.248600 -0.002336 0.080245 0.996772 0.000000 0.000000 0.000000 0.000000 1.000000
0.999988 -0.004057 0.002676 -0.000000 0.004302 0.995072 -0.099063 3.248600 -0.002261 0.099073 0.995078 0.000000 0.000000 0.000000 0.000000 1.000000
0.999981 -0.005388 0.002827 0.000000 0.005710 0.991469 -0.130215 3.248600 -0.002101 0.130229 0.991482 0.000000 0.000000 0.000000 0.000000 1.000000
0.999970 -0.007128 0.003089 0.000000 0.007551 0.985253 -0.170940 3.248600 -0.001825 0.170958 0.985277 0.000000 0.000000 0.000000 0.000000 1.000000
0.999952 -0.009154 0.003488 0.000000 0.009695 0.975808 -0.218416 3.248600 -0.001404 0.218440 0.975849 0.000000 0.000000 0.000000 0.000000 1.000000
0.999927 -0.011348 0.004046 -0.000000 0.012019 0.962842 -0.269799 3.248600 -0.000834 0.269828 0.962908 0.000000 0.000000 0.000000 0.000000 1.000000
0.999896 -0.013588 0.004758 0.000000 0.014396 0.946534 -0.322282 3.248600 -0.000124 0.322318 0.946632 0.000000 0.000000 0.000000 0.000000 1.000000
0.999860 -0.015758 0.005580 -0.000000 0.016702 0.927609 -0.373179 3.248600 0.000705 0.373220 0.927743 0.000000 0.000000 0.000000 0.000000 1.000000
0.999821 -0.017756 0.006461 0.000000 0.018827 0.907331 -0.419995 3.248600 0.001595 0.420042 0.907503 0.000000 0.000000 0.000000 0.000000 1.000000
0.999783 -0.019489 0.007330 0.000000 0.020675 0.887335 -0.460662 3.248600 0.002474 0.460713 0.887546 0.000000 0.000000 0.000000 0.000000 1.000000
0.999748 -0.020915 0.008126 0.000000 0.022198 0.869110 -0.494121 3.248600 0.003272 0.494177 0.869355 -0.000000 0.000000 0.000000 0.000000 1.000000
0.999721 -0.021949 0.008754 0.000000 0.023307 0.854793 -0.518446 3.248600 0.003896 0.518505 0.855066 -0.000000 0.000000 0.000000 0.000000 1.000000
0.999707 -0.022462 0.009071 0.000000 0.023852 0.847353 -0.530494 3.248600 0.004229 0.530554 0.847640 0.000000 0.000000 0.000000 0.000000 1.000000
0.999702 -0.022608 0.009164 0.000000 0.024008 0.845180 -0.533943 3.248600 0.004326 0.534004 0.845471 -0.000000 0.000000 0.000000 0.000000 1.000000
0.999703 -0.022576 0.009145 0.000000 0.023974 0.845621 -0.533245 3.248600 0.004306 0.533306 0.845912 0.000000 0.000000 0.000000 0.000000 1.000000
0.999707 -0.022457 0.009069 0.000000 0.023847 0.847359 -0.530485 3.248600 0.004229 0.530545 0.847646 0.000000 0.000000 0.000000 0.000000 1.000000
0.999710 -0.022340 0.008995 0.000000 0.023722 0.849071 -0.527747 3.248600 0.004152 0.527807 0.849354 -0.000000 0.000000 0.000000 0.000000 1.000000
0.999709 -0.022379 0.009018 0.000000 0.023763 0.848485 -0.528686 3.248600 0.004180 0.528746 0.848770 0.000000 0.000000 0.000000 0.000000 1.000000
0.999704 -0.022564 0.009129 0.000000 0.023957 0.845781 -0.532992 3.248600 0.004305 0.533052 0.846071 0.000000 0.000000 0.000000 0.000000 1.000000
0.999699 -0.022729 0.009228 0.000000 0.024130 0.843354 -0.536817 3.248600 0.004419 0.536878 0.843648 0.000000 0.000000 0.000000 0.000000 1.000000
0.999700 -0.022709 0.009212 0.000000 0.024106 0.843651 -0.536350 3.248600 0.004408 0.536411 0.843945 0.000000 0.000000 0.000000 0.000000 1.000000
0.999710 -0.022343 0.008976 0.000000 0.023715 0.849071 -0.527746 3.248600 0.004170 0.527806 0.849355 0.000000 0.000000 0.000000 0.000000 1.000000
0.999750 -0.020839 0.008083 -0.000000 0.022117 0.870021 -0.492518 3.248600 0.003231 0.492574 0.870265 -0.000000 0.000000 0.000000 0.000000 1.000000
0.999804 -0.018578 0.006888 0.000000 0.019714 0.897987 -0.439580 3.248600 0.001981 0.439630 0.898177 0.000000 0.000000 0.000000 0.000000 1.000000
0.999860 -0.015779 0.005641 0.000000 0.016744 0.927256 -0.374054 3.248600 0.000672 0.374096 0.927390 -0.000000 0.000000 0.000000 0.000000 1.000000
0.999909 -0.012698 0.004532 0.000000 0.013474 0.953240 -0.301913 3.248600 -0.000487 0.301947 0.953325 -0.000000 0.000000 0.000000 0.000000 1.000000
0.999947 -0.009628 0.003684 0.000000 0.010217 0.973136 -0.230003 3.248600 -0.001370 0.230028 0.973183 0.000000 0.000000 0.000000 0.000000 1.000000
0.999971 -0.006884 0.003129 0.000000 0.007307 0.986142 -0.165739 3.248600 -0.001945 0.165758 0.986165 0.000000 0.000000 0.000000 0.000000 1.000000
0.999985 -0.004791 0.002829 -0.000000 0.005089 0.993154 -0.116698 3.248600 -0.002251 0.116711 0.993163 0.000000 0.000000 0.000000 0.000000 1.000000
0.999990 -0.003666 0.002710 -0.000000 0.003896 0.995906 -0.090313 3.248600 -0.002367 0.090323 0.995910 0.000000 0.000000 0.000000 0.000000 1.000000
0.999991 -0.003288 0.002672 -0.000000 0.003495 0.996672 -0.081443 3.248600 -0.002396 0.081452 0.996674 -0.000000 0.000000 0.000000 0.000000 1.000000
0.999991 -0.003239 0.002661 0.000000 0.003442 0.996770 -0.080235 3.248600 -0.002393 0.080244 0.996772 0.000000 0.000000 0.000000 0.000000 1.000000
0.999991 -0.003240 0.002656 0.000000 0.003443 0.996770 -0.080236 3.248600 -0.002387 0.080244 0.996772 0.000000 0.000000 0.000000 0.000000 1.000000
0.999991 -0.003241 0.002649 0.000000 0.003443 0.996770 -0.080236 3.248600 -0.002381 0.080245 0.996772 0.000000 0.000000 0.000000 0.000000 1.000000
0.999991 -0.003243 0.002643 -0.000000 0.003445 0.996770 -0.080236 3.248600 -0.002374 0.080244 0.996772 0.000000 0.000000 0.000000 0.000000 1.000000
0.999991 -0.003244 0.002637 0.000000 0.003445 0.996770 -0.080236 3.248600 -0.002368 0.080245 0.996772 0.000000 0.000000 0.000000 0.000000 1.000000
0.999991 -0.003245 0.002631 -0.000000 0.003446 0.996770 -0.080236 3.248600 -0.002362 0.080245 0.996772 0.000000 0.000000 0.000000 0.000000 1.000000
0.999991 -0.003247 0.002624 0.000000 0.003447 0.996770 -0.080236 3.248600 -0.002355 0.080245 0.996772 0.000000 0.000000 0.000000 0.000000 1.000000
0.999991 -0.003249 0.002618 0.000000 0.003448 0.996770 -0.080236 3.248600 -0.002349 0.080244 0.996772 0.000000 0.000000 0.000000 0.000000 1.000000
0.999991 -0.003249 0.002611 0.000000 0.003448 0.996770 -0.080236 3.248600 -0.002342 0.080244 0.996772 -0.000000 0.000000 0.000000 0.000000 1.000000
0.999991 -0.003251 0.002605 0.000000 0.003450 0.996770 -0.080236 3.248600 -0.002336 0.080245 0.996772 0.000000 0.000000 0.000000 0.000000 1.000000</float_array>
        <technique_common>
          <accessor source="#mixamorig_LeftHandIndex2-Matrix-animation-output-transform-array" count="41" stride="16">
            <param type="float4x4"/>
          </accessor>
        </technique_common>
      </source>
      <source id="mixamorig_LeftHandIndex2-Interpolations">
        <Name_array id="mixamorig_LeftHandIndex2-Interpolations-array" count="41">
 LINEAR LINEAR LINEAR LINEAR LINEAR LINEAR LINEAR LINEAR LINEAR LINEAR LINEAR
LINEAR LINEAR LINEAR LINEAR LINEAR LINEAR LINEAR LINEAR LINEAR LINEAR LINEAR LINEAR
LINEAR LINEAR LINEAR LINEAR LINEAR LINEAR LINEAR LINEAR LINEAR LINEAR LINEAR LINEAR
LINEAR LINEAR LINEAR LINEAR LINEAR LINEAR</Name_array>
        <technique_common>
          <accessor source="#mixamorig_LeftHandIndex2-Interpolations-array" count="41">
            <param type="name"/>
          </accessor>
        </technique_common>
      </source>
      <sampler id="mixamorig_LeftHandIndex2-Matrix-animation-transform">
        <input semantic="INPUT" source="#mixamorig_LeftHandIndex2-Matrix-animation-input"/>
        <input semantic="OUTPUT" source="#mixamorig_LeftHandIndex2-Matrix-animation-output-transform"/>
        <input semantic="INTERPOLATION" source="#mixamorig_LeftHandIndex2-Interpolations"/>
      </sampler>
      <channel source="#mixamorig_LeftHandIndex2-Matrix-animation-transform" target="mixamorig_LeftHandIndex2/matrix"/>
    </animation>
    <animation id="mixamorig_LeftHandIndex3-anim" name="mixamorig_LeftHandIndex3">
      <source id="mixamorig_LeftHandIndex3-Matrix-animation-input">
        <float_array id="mixamorig_LeftHandIndex3-Matrix-animation-input-array" count="41">

0.000000 0.033333 0.066667 0.100000 0.133333 0.166667 0.200000 0.233333 0.266667 0.300000 0.333333 0.366667 0.400000 0.433333 0.466667 0.500000
0.533333 0.566667 0.600000 0.633333 0.666667 0.700000 0.733333 0.766667 0.800000 0.833333 0.866667 0.900000 0.933333 0.966667 1.000000 1.033333
1.066667 1.100000 1.133333 1.166667 1.200000 1.233333 1.266667 1.300000 1.333333</float_array>
        <technique_common>
          <accessor source="#mixamorig_LeftHandIndex3-Matrix-animation-input-array" count="41">
            <param name="TIME" type="float"/>
          </accessor>
        </technique_common>
      </source>
      <source id="mixamorig_LeftHandIndex3-Matrix-animation-output-transform">
        <float_array id="mixamorig_LeftHandIndex3-Matrix-animation-output-transform-array" count="656">

0.999969 -0.007626 0.001995 0.000000 0.007822 0.991259 -0.131701 2.659600 -0.000973 0.131713 0.991287 0.000000 0.000000 0.000000 0.000000 1.000000
0.999962 -0.008497 0.002120 0.000000 0.008719 0.988585 -0.150412 2.659600 -0.000818 0.150425 0.988621 -0.000000 0.000000 0.000000 0.000000 1.000000
0.999948 -0.009936 0.002363 -0.000000 0.010199 0.983369 -0.181334 2.659600 -0.000522 0.181348 0.983419 0.000000 0.000000 0.000000 0.000000 1.000000
0.999926 -0.011812 0.002750 -0.000000 0.012127 0.975045 -0.221675 2.659600 -0.000063 0.221692 0.975117 -0.000000 0.000000 0.000000 0.000000 1.000000
0.999897 -0.013992 0.003302 0.000000 0.014365 0.963147 -0.268592 2.659600 0.000578 0.268612 0.963248 -0.000000 0.000000 0.000000 0.000000 1.000000
0.999858 -0.016346 0.004027 0.000000 0.016776 0.947529 -0.319228 2.659600 0.001403 0.319251 0.947669 0.000000 0.000000 0.000000 0.000000 1.000000
0.999812 -0.018743 0.004909 0.000000 0.019227 0.928517 -0.370791 2.659600 0.002391 0.370815 0.928704 0.000000 0.000000 0.000000 0.000000 1.000000
0.999761 -0.021060 0.005908 0.000000 0.021591 0.906975 -0.420632 2.659600 0.003501 0.420659 0.907212 -0.000000 0.000000 0.000000 0.000000 1.000000
0.999707 -0.023183 0.006959 0.000000 0.023753 0.884292 -0.466330 2.659600 0.004658 0.466359 0.884583 0.000000 0.000000 0.000000 0.000000 1.000000
0.999655 -0.025023 0.007982 0.000000 0.025622 0.862210 -0.505902 2.659600 0.005777 0.505932 0.862554 -0.000000 0.000000 0.000000 0.000000 1.000000
0.999608 -0.026531 0.008906 0.000000 0.027152 0.842272 -0.538369 2.659600 0.006782 0.538400 0.842662 0.000000 0.000000 0.000000 0.000000 1.000000
0.999572 -0.027625 0.009627 0.000000 0.028259 0.826710 -0.561918 2.659600 0.007565 0.561950 0.827137 0.000000 0.000000 0.000000 0.000000 1.000000
0.999553 -0.028166 0.010000 0.000000 0.028806 0.818655 -0.573563 2.659600 0.007969 0.573595 0.819100 0.000000 0.000000 0.000000 0.000000 1.000000
0.999548 -0.028319 0.010108 0.000000 0.028962 0.816305 -0.576895 2.659600 0.008086 0.576927 0.816756 -0.000000 0.000000 0.000000 0.000000 1.000000
0.999549 -0.028288 0.010085 0.000000 0.028929 0.816782 -0.576221 2.659600 0.008063 0.576252 0.817232 0.000000 0.000000 0.000000 0.000000 1.000000
0.999553 -0.028163 0.009998 0.000000 0.028803 0.818661 -0.573554 2.659600 0.007968 0.573586 0.819106 0.000000 0.000000 0.000000 0.000000 1.000000
0.999558 -0.028040 0.009911 -0.000000 0.028678 0.820513 -0.570908 2.659600 0.007876 0.570940 0.820954 0.000000 0.000000 0.000000 0.000000 1.000000
0.999556 -0.028083 0.009940 -0.000000 0.028721 0.819879 -0.571817 2.659600 0.007908 0.571848 0.820321 0.000000 0.000000 0.000000 0.000000 1.000000
0.999549 -0.028276 0.010076 0.000000 0.028917 0.816955 -0.575975 2.659600 0.008055 0.576007 0.817405 0.000000 0.000000 0.000000 0.000000 1.000000
0.999543 -0.028448 0.010198 0.000000 0.029090 0.814333 -0.579669 2.659600 0.008186 0.579701 0.814788 -0.000000 0.000000 0.000000 0.000000 1.000000
0.999544 -0.028427 0.010183 0.000000 0.029070 0.814654 -0.579219 2.659600 0.008169 0.579251 0.815108 0.000000 0.000000 0.000000 0.000000 1.000000
0.999558 -0.028040 0.009911 0.000000 0.028679 0.820513 -0.570908 2.659600 0.007876 0.570940 0.820954 0.000000 0.000000 0.000000 0.000000 1.000000
0.999611 -0.026456 0.008857 -0.000000 0.027074 0.843265 -0.536816 2.659600 0.006733 0.536847 0.843653 0.000000 0.000000 0.000000 0.000000 1.000000
0.999683 -0.024067 0.007436 0.000000 0.024651 0.873943 -0.485404 2.659600 0.005184 0.485433 0.874258 -0.000000 0.000000 0.000000 0.000000 1.000000
0.999760 -0.021098 0.005924 0.000000 0.021629 0.906576 -0.421489 2.659600 0.003522 0.421516 0.906814 -0.000000 0.000000 0.000000 0.000000 1.000000
0.999831 -0.017813 0.004548 0.000000 0.018276 0.936273 -0.350798 2.659600 0.001991 0.350822 0.936440 0.000000 0.000000 0.000000 0.000000 1.000000
0.999889 -0.014524 0.003454 -0.000000 0.014910 0.959877 -0.280024 2.659600 0.000752 0.280045 0.959987 -0.000000 0.000000 0.000000 0.000000 1.000000
0.999929 -0.011572 0.002696 -0.000000 0.011881 0.976204 -0.216529 2.659600 -0.000126 0.216546 0.976272 0.000000 0.000000 0.000000 0.000000 1.000000
0.999954 -0.009312 0.002252 0.000000 0.009558 0.985754 -0.167923 2.659600 -0.000657 0.167937 0.985797 0.000000 0.000000 0.000000 0.000000 1.000000
0.999965 -0.008092 0.002060 0.000000 0.008302 0.989872 -0.141720 2.659600 -0.000892 0.141732 0.989905 0.000000 0.000000 0.000000 0.000000 1.000000
0.999968 -0.007682 0.002002 -0.000000 0.007880 0.991098 -0.132903 2.659600 -0.000964 0.132914 0.991127 0.000000 0.000000 0.000000 0.000000 1.000000
0.999969 -0.007626 0.001994 -0.000000 0.007822 0.991259 -0.131701 2.659600 -0.000973 0.131713 0.991287 -0.000000 0.000000 0.000000 0.000000 1.000000
0.999969 -0.007626 0.001994 0.000000 0.007822 0.991259 -0.131702 2.659600 -0.000972 0.131713 0.991287 0.000000 0.000000 0.000000 0.000000 1.000000
0.999969 -0.007626 0.001995 -0.000000 0.007822 0.991259 -0.131702 2.659600 -0.000973 0.131713 0.991287 0.000000 0.000000 0.000000 0.000000 1.000000
0.999969 -0.007626 0.001995 0.000000 0.007822 0.991259 -0.131701 2.659600 -0.000973 0.131713 0.991287 0.000000 0.000000 0.000000 0.000000 1.000000
0.999969 -0.007626 0.001994 0.000000 0.007822 0.991259 -0.131702 2.659600 -0.000973 0.131713 0.991287 0.000000 0.000000 0.000000 0.000000 1.000000
0.999969 -0.007626 0.001994 -0.000000 0.007823 0.991259 -0.131701 2.659600 -0.000972 0.131713 0.991287 0.000000 0.000000 0.000000 0.000000 1.000000
0.999969 -0.007627 0.001995 0.000000 0.007823 0.991259 -0.131701 2.659600 -0.000973 0.131713 0.991287 0.000000 0.000000 0.000000 0.000000 1.000000
0.999969 -0.007626 0.001995 0.000000 0.007823 0.991259 -0.131702 2.659600 -0.000974 0.131713 0.991287 0.000000 0.000000 0.000000 0.000000 1.000000
0.999969 -0.007627 0.001995 0.000000 0.007823 0.991259 -0.131701 2.659600 -0.000973 0.131713 0.991287 0.000000 0.000000 0.000000 0.000000 1.000000
0.999969 -0.007626 0.001995 -0.000000 0.007822 0.991259 -0.131701 2.659600 -0.000973 0.131713 0.991287 -0.000000 0.000000 0.000000 0.000000 1.000000</float_array>
        <technique_common>
          <accessor source="#mixamorig_LeftHandIndex3-Matrix-animation-output-transform-array" count="41" stride="16">
            <param type="float4x4"/>
          </accessor>
        </technique_common>
      </source>
      <source id="mixamorig_LeftHandIndex3-Interpolations">
        <Name_array id="mixamorig_LeftHandIndex3-Interpolations-array" count="41">
 LINEAR LINEAR LINEAR LINEAR LINEAR LINEAR LINEAR LINEAR LINEAR LINEAR LINEAR
LINEAR LINEAR LINEAR LINEAR LINEAR LINEAR LINEAR LINEAR LINEAR LINEAR LINEAR LINEAR
LINEAR LINEAR LINEAR LINEAR LINEAR LINEAR LINEAR LINEAR LINEAR LINEAR LINEAR LINEAR
LINEAR LINEAR LINEAR LINEAR LINEAR LINEAR</Name_array>
        <technique_common>
          <accessor source="#mixamorig_LeftHandIndex3-Interpolations-array" count="41">
            <param type="name"/>
          </accessor>
        </technique_common>
      </source>
      <sampler id="mixamorig_LeftHandIndex3-Matrix-animation-transform">
        <input semantic="INPUT" source="#mixamorig_LeftHandIndex3-Matrix-animation-input"/>
        <input semantic="OUTPUT" source="#mixamorig_LeftHandIndex3-Matrix-animation-output-transform"/>
        <input semantic="INTERPOLATION" source="#mixamorig_LeftHandIndex3-Interpolations"/>
      </sampler>
      <channel source="#mixamorig_LeftHandIndex3-Matrix-animation-transform" target="mixamorig_LeftHandIndex3/matrix"/>
    </animation>
    <animation id="mixamorig_LeftHandMiddle1-anim" name="mixamorig_LeftHandMiddle1">
      <source id="mixamorig_LeftHandMiddle1-Matrix-animation-input">
        <float_array id="mixamorig_LeftHandMiddle1-Matrix-animation-input-array" count="41">

0.000000 0.033333 0.066667 0.100000 0.133333 0.166667 0.200000 0.233333 0.266667 0.300000 0.333333 0.366667 0.400000 0.433333 0.466667 0.500000
0.533333 0.566667 0.600000 0.633333 0.666667 0.700000 0.733333 0.766667 0.800000 0.833333 0.866667 0.900000 0.933333 0.966667 1.000000 1.033333
1.066667 1.100000 1.133333 1.166667 1.200000 1.233333 1.266667 1.300000 1.333333</float_array>
        <technique_common>
          <accessor source="#mixamorig_LeftHandMiddle1-Matrix-animation-input-array" count="41">
            <param name="TIME" type="float"/>
          </accessor>
        </technique_common>
      </source>
      <source id="mixamorig_LeftHandMiddle1-Matrix-animation-output-transform">
        <float_array id="mixamorig_LeftHandMiddle1-Matrix-animation-output-transform-array" count="656">

0.996150 0.083632 0.026270 -0.000000 -0.081301 0.993483 -0.079888 14.409800 -0.032780 0.077445 0.996458 0.000000 0.000000 0.000000 0.000000 1.000000
0.996178 0.083491 0.025674 0.000000 -0.080366 0.991209 -0.105098 14.409800 -0.034223 0.102633 0.994130 -0.000000 0.000000 0.000000 0.000000 1.000000
0.996200 0.083524 0.024676 0.000000 -0.079213 0.986703 -0.141921 14.409800 -0.036202 0.139427 0.989570 0.000000 0.000000 0.000000 0.000000 1.000000
0.996225 0.083607 0.023360 0.000000 -0.077753 0.979055 -0.188166 14.409800 -0.038602 0.185640 0.981859 0.000000 0.000000 0.000000 0.000000 1.000000
0.996259 0.083614 0.021821 0.000000 -0.075902 0.967415 -0.241551 14.409800 -0.041307 0.238992 0.970143 0.000000 0.000000 0.000000 0.000000 1.000000
0.996309 0.083435 0.020163 0.000000 -0.073591 0.951184 -0.299722 14.409800 -0.044186 0.297132 0.953813 -0.000000 0.000000 0.000000 0.000000 1.000000
0.996379 0.082994 0.018484 0.000000 -0.070793 0.930143 -0.360308 14.409800 -0.047096 0.357695 0.932650 0.000000 0.000000 0.000000 0.000000 1.000000
0.996471 0.082219 0.016882 0.000000 -0.067502 0.904548 -0.420995 14.409800 -0.049884 0.418370 0.906906 0.000000 0.000000 0.000000 0.000000 1.000000
0.996581 0.081175 0.015393 0.000000 -0.063875 0.875147 -0.479623 14.409800 -0.052404 0.477000 0.877340 -0.000000 0.000000 0.000000 0.000000 1.000000
0.996715 0.079761 0.014078 -0.000000 -0.059874 0.842651 -0.535121 14.409800 -0.054545 0.532520 0.844658 -0.000000 0.000000 0.000000 0.000000 1.000000
0.996884 0.077821 0.012884 0.000000 -0.055306 0.806032 -0.589282 14.409800 -0.056243 0.586733 0.807825 0.000000 0.000000 0.000000 0.000000 1.000000
0.997072 0.075534 0.011913 0.000000 -0.050619 0.768740 -0.637555 14.409800 -0.057315 0.635085 0.770313 -0.000000 0.000000 0.000000 0.000000 1.000000
0.997253 0.073201 0.011274 0.000000 -0.046474 0.736989 -0.674305 14.409800 -0.057669 0.671929 0.738367 0.000000 0.000000 0.000000 0.000000 1.000000
0.997415 0.071017 0.010915 0.000000 -0.043010 0.711810 -0.701054 14.409800 -0.057556 0.698773 0.713024 -0.000000 0.000000 0.000000 0.000000 1.000000
0.997547 0.069171 0.010750 0.000000 -0.040284 0.692846 -0.719959 14.409800 -0.057248 0.717760 0.693933 0.000000 0.000000 0.000000 0.000000 1.000000
0.997633 0.067919 0.010723 0.000000 -0.038534 0.681411 -0.730886 14.409800 -0.056948 0.728743 0.682415 0.000000 0.000000 0.000000 0.000000 1.000000
0.997661 0.067509 0.010773 0.000000 -0.037998 0.678597 -0.733527 14.409800 -0.056830 0.731402 0.679575 -0.000000 0.000000 0.000000 0.000000 1.000000
0.997606 0.068293 0.010874 0.000000 -0.039074 0.686402 -0.726172 14.409800 -0.057056 0.724009 0.687427 0.000000 0.000000 0.000000 0.000000 1.000000
0.997477 0.070117 0.011073 0.000000 -0.041631 0.704178 -0.708802 14.409800 -0.057497 0.706553 0.705320 -0.000000 0.000000 0.000000 0.000000 1.000000
0.997307 0.072446 0.011438 0.000000 -0.045098 0.728712 -0.683333 14.409800 -0.057840 0.680977 0.730017 -0.000000 0.000000 0.000000 0.000000 1.000000
0.997128 0.074787 0.011981 0.000000 -0.048932 0.756823 -0.651786 14.409800 -0.057812 0.649328 0.758308 -0.000000 0.000000 0.000000 0.000000 1.000000
0.996972 0.076719 0.012657 0.000000 -0.052626 0.785586 -0.616511 14.409800 -0.057241 0.613978 0.787245 0.000000 0.000000 0.000000 0.000000 1.000000
0.996811 0.078592 0.013835 -0.000000 -0.057330 0.825881 -0.560923 14.409800 -0.055510 0.558341 0.827753 -0.000000 0.000000 0.000000 0.000000 1.000000
0.996644 0.080385 0.015458 0.000000 -0.062501 0.869227 -0.490448 14.409800 -0.052861 0.487836 0.871334 0.000000 0.000000 0.000000 0.000000 1.000000
0.996491 0.081861 0.017466 -0.000000 -0.067545 0.909668 -0.409807 14.409800 -0.049435 0.407189 0.912005 0.000000 0.000000 0.000000 0.000000 1.000000
0.996366 0.082868 0.019706 -0.000000 -0.071998 0.942958 -0.325032 14.409800 -0.045516 0.322432 0.945498 0.000000 0.000000 0.000000 0.000000 1.000000
0.996276 0.083380 0.021951 0.000000 -0.075574 0.967034 -0.243173 14.409800 -0.041503 0.240609 0.969734 0.000000 0.000000 0.000000 0.000000 1.000000
0.996220 0.083507 0.023936 0.000000 -0.078190 0.982027 -0.171782 14.409800 -0.037851 0.169261 0.984844 0.000000 0.000000 0.000000 0.000000 1.000000
0.996187 0.083464 0.025395 0.000000 -0.079907 0.989747 -0.118391 14.409800 -0.035016 0.115911 0.992642 -0.000000 0.000000 0.000000 0.000000 1.000000
0.996165 0.083509 0.026087 0.000000 -0.080850 0.992634 -0.090228 14.409800 -0.033429 0.087773 0.995579 0.000000 0.000000 0.000000 0.000000 1.000000
0.996152 0.083618 0.026250 0.000000 -0.081249 0.993389 -0.081098 14.409800 -0.032857 0.078653 0.996360 0.000000 0.000000 0.000000 0.000000 1.000000
0.996150 0.083631 0.026270 0.000000 -0.081301 0.993483 -0.079888 14.409800 -0.032780 0.077445 0.996458 0.000000 0.000000 0.000000 0.000000 1.000000
0.996150 0.083633 0.026270 -0.000000 -0.081302 0.993483 -0.079888 14.409800 -0.032780 0.077445 0.996458 -0.000000 0.000000 0.000000 0.000000 1.000000
0.996150 0.083632 0.026270 0.000000 -0.081301 0.993483 -0.079888 14.409800 -0.032780 0.077445 0.996458 0.000000 0.000000 0.000000 0.000000 1.000000
0.996150 0.083633 0.026270 -0.000000 -0.081302 0.993483 -0.079888 14.409800 -0.032780 0.077445 0.996458 0.000000 0.000000 0.000000 0.000000 1.000000
0.996150 0.083631 0.026268 -0.000000 -0.081301 0.993483 -0.079888 14.409800 -0.032778 0.077445 0.996458 0.000000 0.000000 0.000000 0.000000 1.000000
0.996150 0.083632 0.026269 0.000000 -0.081301 0.993483 -0.079888 14.409800 -0.032779 0.077445 0.996458 0.000000 0.000000 0.000000 0.000000 1.000000
0.996150 0.083632 0.026270 -0.000000 -0.081301 0.993483 -0.079888 14.409800 -0.032780 0.077445 0.996458 0.000000 0.000000 0.000000 0.000000 1.000000
0.996150 0.083631 0.026270 0.000000 -0.081301 0.993483 -0.079888 14.409800 -0.032780 0.077445 0.996458 0.000000 0.000000 0.000000 0.000000 1.000000
0.996150 0.083631 0.026269 0.000000 -0.081301 0.993483 -0.079888 14.409800 -0.032779 0.077444 0.996458 0.000000 0.000000 0.000000 0.000000 1.000000
0.996150 0.083632 0.026270 0.000000 -0.081301 0.993483 -0.079888 14.409800 -0.032780 0.077445 0.996458 -0.000000 0.000000 0.000000 0.000000 1.000000</float_array>
        <technique_common>
          <accessor source="#mixamorig_LeftHandMiddle1-Matrix-animation-output-transform-array" count="41" stride="16">
            <param type="float4x4"/>
          </accessor>
        </technique_common>
      </source>
      <source id="mixamorig_LeftHandMiddle1-Interpolations">
        <Name_array id="mixamorig_LeftHandMiddle1-Interpolations-array" count="41">
 LINEAR LINEAR LINEAR LINEAR LINEAR LINEAR LINEAR LINEAR LINEAR LINEAR LINEAR
LINEAR LINEAR LINEAR LINEAR LINEAR LINEAR LINEAR LINEAR LINEAR LINEAR LINEAR LINEAR
LINEAR LINEAR LINEAR LINEAR LINEAR LINEAR LINEAR LINEAR LINEAR LINEAR LINEAR LINEAR
LINEAR LINEAR LINEAR LINEAR LINEAR LINEAR</Name_array>
        <technique_common>
          <accessor source="#mixamorig_LeftHandMiddle1-Interpolations-array" count="41">
            <param type="name"/>
          </accessor>
        </technique_common>
      </source>
      <sampler id="mixamorig_LeftHandMiddle1-Matrix-animation-transform">
        <input semantic="INPUT" source="#mixamorig_LeftHandMiddle1-Matrix-animation-input"/>
        <input semantic="OUTPUT" source="#mixamorig_LeftHandMiddle1-Matrix-animation-output-transform"/>
        <input semantic="INTERPOLATION" source="#mixamorig_LeftHandMiddle1-Interpolations"/>
      </sampler>
      <channel source="#mixamorig_LeftHandMiddle1-Matrix-animation-transform" target="mixamorig_LeftHandMiddle1/matrix"/>
    </animation>
    <animation id="mixamorig_LeftHandMiddle2-anim" name="mixamorig_LeftHandMiddle2">
      <source id="mixamorig_LeftHandMiddle2-Matrix-animation-input">
        <float_array id="mixamorig_LeftHandMiddle2-Matrix-animation-input-array" count="41">

0.000000 0.033333 0.066667 0.100000 0.133333 0.166667 0.200000 0.233333 0.266667 0.300000 0.333333 0.366667 0.400000 0.433333 0.466667 0.500000
0.533333 0.566667 0.600000 0.633333 0.666667 0.700000 0.733333 0.766667 0.800000 0.833333 0.866667 0.900000 0.933333 0.966667 1.000000 1.033333
1.066667 1.100000 1.133333 1.166667 1.200000 1.233333 1.266667 1.300000 1.333333</float_array>
        <technique_common>
          <accessor source="#mixamorig_LeftHandMiddle2-Matrix-animation-input-array" count="41">
            <param name="TIME" type="float"/>
          </accessor>
        </technique_common>
      </source>
      <source id="mixamorig_LeftHandMiddle2-Matrix-animation-output-transform">
        <float_array id="mixamorig_LeftHandMiddle2-Matrix-animation-output-transform-array" count="656">

0.999810 -0.015302 0.012067 0.000000 0.017623 0.974272 -0.224686 3.259100 -0.008318 0.224856 0.974356 0.000000 0.000000 0.000000 0.000000 1.000000
0.999786 -0.016556 0.012392 0.000000 0.019123 0.968262 -0.249203 3.259100 -0.007873 0.249387 0.968372 0.000000 0.000000 0.000000 0.000000 1.000000
0.999748 -0.018375 0.012909 0.000000 0.021291 0.958337 -0.284845 3.259100 -0.007137 0.285048 0.958487 -0.000000 0.000000 0.000000 0.000000 1.000000
0.999694 -0.020643 0.013648 0.000000 0.023987 0.943915 -0.329316 3.259100 -0.006084 0.329542 0.944121 0.000000 0.000000 0.000000 0.000000 1.000000
0.999623 -0.023238 0.014638 0.000000 0.027059 0.924492 -0.380239 3.259100 -0.004697 0.380491 0.924773 0.000000 0.000000 0.000000 0.000000 1.000000
0.999535 -0.026038 0.015895 0.000000 0.030361 0.899818 -0.435207 3.259100 -0.002971 0.435487 0.900190 0.000000 0.000000 0.000000 0.000000 1.000000
0.999430 -0.028923 0.017413 0.000000 0.033748 0.870025 -0.491851 3.259100 -0.000924 0.492159 0.870505 0.000000 0.000000 0.000000 0.000000 1.000000
0.999311 -0.031779 0.019164 0.000000 0.037084 0.835702 -0.547930 3.259100 0.001397 0.548263 0.836305 0.000000 0.000000 0.000000 0.000000 1.000000
0.999182 -0.034504 0.021092 0.000000 0.040249 0.797914 -0.601426 3.259100 0.003922 0.601783 0.798650 0.000000 0.000000 0.000000 0.000000 1.000000
0.999045 -0.037048 0.023158 0.000000 0.043190 0.757511 -0.651392 3.259100 0.006590 0.651770 0.758388 0.000000 0.000000 0.000000 0.000000 1.000000
0.998896 -0.039495 0.025428 0.000000 0.046004 0.713196 -0.699453 3.259100 0.009490 0.699851 0.714226 -0.000000 0.000000 0.000000 0.000000 1.000000
0.998749 -0.041639 0.027682 -0.000000 0.048450 0.669065 -0.741623 3.259100 0.012360 0.742036 0.670246 0.000000 0.000000 0.000000 0.000000 1.000000
0.998627 -0.043246 0.029555 -0.000000 0.050258 0.632101 -0.773254 3.259100 0.014759 0.773678 0.633407 0.000000 0.000000 0.000000 0.000000 1.000000
0.998533 -0.044400 0.031006 -0.000000 0.051534 0.603113 -0.795989 3.259100 0.016642 0.796419 0.604516 0.000000 0.000000 0.000000 0.000000 1.000000
0.998463 -0.045206 0.032073 0.000000 0.052405 0.581448 -0.811894 3.259100 0.018054 0.812326 0.582923 0.000000 0.000000 0.000000 0.000000 1.000000
0.998421 -0.045668 0.032700 0.000000 0.052891 0.568439 -0.821023 3.259100 0.018907 0.821457 0.569957 0.000000 0.000000 0.000000 0.000000 1.000000
0.998412 -0.045778 0.032841 0.000000 0.052995 0.565236 -0.823225 3.259100 0.019123 0.823658 0.566764 0.000000 0.000000 0.000000 0.000000 1.000000
0.998441 -0.045465 0.032389 0.000000 0.052648 0.574090 -0.817098 3.259100 0.018555 0.817529 0.575588 0.000000 0.000000 0.000000 0.000000 1.000000
0.998507 -0.044722 0.031368 0.000000 0.051832 0.594355 -0.802531 3.259100 0.017247 0.802958 0.595785 0.000000 0.000000 0.000000 0.000000 1.000000
0.998599 -0.043625 0.029942 0.000000 0.050612 0.622529 -0.780958 3.259100 0.015429 0.781380 0.623865 0.000000 0.000000 0.000000 0.000000 1.000000
0.998707 -0.042249 0.028281 0.000000 0.049064 0.655132 -0.753919 3.259100 0.013324 0.754332 0.656358 0.000000 0.000000 0.000000 0.000000 1.000000
0.998819 -0.040692 0.026562 0.000000 0.047301 0.688897 -0.723314 3.259100 0.011135 0.723716 0.690008 -0.000000 0.000000 0.000000 0.000000 1.000000
0.998979 -0.038206 0.024126 0.000000 0.044474 0.737039 -0.674386 3.259100 0.007984 0.674770 0.737985 0.000000 0.000000 0.000000 0.000000 1.000000
0.999158 -0.034994 0.021427 0.000000 0.040791 0.790395 -0.611238 3.259100 0.004454 0.611597 0.791157 -0.000000 0.000000 0.000000 0.000000 1.000000
0.999335 -0.031251 0.018797 -0.000000 0.036455 0.842378 -0.537653 3.259100 0.000968 0.537980 0.842957 -0.000000 0.000000 0.000000 0.000000 1.000000
0.999493 -0.027245 0.016489 -0.000000 0.031775 0.887893 -0.458950 3.259100 -0.002136 0.459242 0.888309 -0.000000 0.000000 0.000000 0.000000 1.000000
0.999621 -0.023315 0.014661 -0.000000 0.027147 0.923855 -0.381778 3.259100 -0.004643 0.382031 0.924138 0.000000 0.000000 0.000000 0.000000 1.000000
0.999714 -0.019840 0.013363 0.000000 0.023031 0.949278 -0.313593 3.259100 -0.006464 0.313811 0.949463 0.000000 0.000000 0.000000 0.000000 1.000000
0.999773 -0.017212 0.012562 0.000000 0.019904 0.964838 -0.262090 3.259100 -0.007609 0.262281 0.964962 0.000000 0.000000 0.000000 0.000000 1.000000
0.999801 -0.015817 0.012196 0.000000 0.018239 0.971884 -0.234751 3.259100 -0.008140 0.234926 0.971979 0.000000 0.000000 0.000000 0.000000 1.000000
0.999809 -0.015361 0.012082 -0.000000 0.017694 0.973998 -0.225864 3.259100 -0.008298 0.226035 0.974084 0.000000 0.000000 0.000000 0.000000 1.000000
0.999810 -0.015301 0.012068 0.000000 0.017622 0.974272 -0.224685 3.259100 -0.008320 0.224855 0.974357 0.000000 0.000000 0.000000 0.000000 1.000000
0.999810 -0.015302 0.012067 -0.000000 0.017623 0.974272 -0.224685 3.259100 -0.008319 0.224855 0.974357 0.000000 0.000000 0.000000 0.000000 1.000000
0.999810 -0.015302 0.012068 -0.000000 0.017623 0.974272 -0.224685 3.259100 -0.008319 0.224855 0.974357 0.000000 0.000000 0.000000 0.000000 1.000000
0.999810 -0.015302 0.012067 0.000000 0.017623 0.974272 -0.224685 3.259100 -0.008319 0.224855 0.974357 0.000000 0.000000 0.000000 0.000000 1.000000
0.999810 -0.015301 0.012068 0.000000 0.017623 0.974272 -0.224686 3.259100 -0.008320 0.224856 0.974357 -0.000000 0.000000 0.000000 0.000000 1.000000
0.999810 -0.015301 0.012068 0.000000 0.017622 0.974272 -0.224686 3.259100 -0.008319 0.224856 0.974356 0.000000 0.000000 0.000000 0.000000 1.000000
0.999810 -0.015301 0.012067 0.000000 0.017622 0.974272 -0.224686 3.259100 -0.008318 0.224856 0.974356 0.000000 0.000000 0.000000 0.000000 1.000000
0.999810 -0.015302 0.012067 -0.000000 0.017623 0.974272 -0.224686 3.259100 -0.008319 0.224856 0.974357 0.000000 0.000000 0.000000 0.000000 1.000000
0.999810 -0.015302 0.012068 0.000000 0.017623 0.974272 -0.224686 3.259100 -0.008319 0.224856 0.974357 0.000000 0.000000 0.000000 0.000000 1.000000
0.999810 -0.015302 0.012067 0.000000 0.017623 0.974272 -0.224686 3.259100 -0.008318 0.224856 0.974357 0.000000 0.000000 0.000000 0.000000 1.000000</float_array>
        <technique_common>
          <accessor source="#mixamorig_LeftHandMiddle2-Matrix-animation-output-transform-array" count="41" stride="16">
            <param type="float4x4"/>
          </accessor>
        </technique_common>
      </source>
      <source id="mixamorig_LeftHandMiddle2-Interpolations">
        <Name_array id="mixamorig_LeftHandMiddle2-Interpolations-array" count="41">
 LINEAR LINEAR LINEAR LINEAR LINEAR LINEAR LINEAR LINEAR LINEAR LINEAR LINEAR
LINEAR LINEAR LINEAR LINEAR LINEAR LINEAR LINEAR LINEAR LINEAR LINEAR LINEAR LINEAR
LINEAR LINEAR LINEAR LINEAR LINEAR LINEAR LINEAR LINEAR LINEAR LINEAR LINEAR LINEAR
LINEAR LINEAR LINEAR LINEAR LINEAR LINEAR</Name_array>
        <technique_common>
          <accessor source="#mixamorig_LeftHandMiddle2-Interpolations-array" count="41">
            <param type="name"/>
          </accessor>
        </technique_common>
      </source>
      <sampler id="mixamorig_LeftHandMiddle2-Matrix-animation-transform">
        <input semantic="INPUT" source="#mixamorig_LeftHandMiddle2-Matrix-animation-input"/>
        <input semantic="OUTPUT" source="#mixamorig_LeftHandMiddle2-Matrix-animation-output-transform"/>
        <input semantic="INTERPOLATION" source="#mixamorig_LeftHandMiddle2-Interpolations"/>
      </sampler>
      <channel source="#mixamorig_LeftHandMiddle2-Matrix-animation-transform" target="mixamorig_LeftHandMiddle2/matrix"/>
    </animation>
    <animation id="mixamorig_LeftHandMiddle3-anim" name="mixamorig_LeftHandMiddle3">
      <source id="mixamorig_LeftHandMiddle3-Matrix-animation-input">
        <float_array id="mixamorig_LeftHandMiddle3-Matrix-animation-input-array" count="41">

0.000000 0.033333 0.066667 0.100000 0.133333 0.166667 0.200000 0.233333 0.266667 0.300000 0.333333 0.366667 0.400000 0.433333 0.466667 0.500000
0.533333 0.566667 0.600000 0.633333 0.666667 0.700000 0.733333 0.766667 0.800000 0.833333 0.866667 0.900000 0.933333 0.966667 1.000000 1.033333
1.066667 1.100000 1.133333 1.166667 1.200000 1.233333 1.266667 1.300000 1.333333</float_array>
        <technique_common>
          <accessor source="#mixamorig_LeftHandMiddle3-Matrix-animation-input-array" count="41">
            <param name="TIME" type="float"/>
          </accessor>
        </technique_common>
      </source>
      <source id="mixamorig_LeftHandMiddle3-Matrix-animation-output-transform">
        <float_array id="mixamorig_LeftHandMiddle3-Matrix-animation-output-transform-array" count="656">

0.999664 -0.019400 0.017211 0.000000 0.023501 0.958287 -0.284840 2.639900 -0.010968 0.285149 0.958420 0.000000 0.000000 0.000000 0.000000 1.000000
0.999627 -0.020805 0.017714 0.000000 0.025296 0.949720 -0.312077 2.639900 -0.010331 0.312409 0.949892 0.000000 0.000000 0.000000 0.000000 1.000000
0.999563 -0.022964 0.018632 0.000000 0.028091 0.934232 -0.355558 2.639900 -0.009241 0.355925 0.934469 0.000000 0.000000 0.000000 0.000000 1.000000
0.999471 -0.025622 0.020042 0.000000 0.031602 0.910877 -0.411466 2.639900 -0.007714 0.411882 0.911205 0.000000 0.000000 0.000000 0.000000 1.000000
0.999350 -0.028643 0.021886 0.000000 0.035609 0.878841 -0.475784 2.639900 -0.005606 0.476254 0.879290 -0.000000 0.000000 0.000000 0.000000 1.000000
0.999202 -0.031837 0.024141 0.000000 0.039849 0.837860 -0.544429 2.639900 -0.002894 0.544956 0.838460 -0.000000 0.000000 0.000000 0.000000 1.000000
0.999031 -0.035034 0.026654 -0.000000 0.044018 0.788490 -0.613470 2.639900 0.000475 0.614049 0.789268 0.000000 0.000000 0.000000 0.000000 1.000000
0.998839 -0.038066 0.029515 0.000000 0.047981 0.732240 -0.679354 2.639900 0.004249 0.679982 0.733216 0.000000 0.000000 0.000000 0.000000 1.000000
0.998635 -0.040808 0.032602 -0.000000 0.051573 0.671545 -0.739166 2.639900 0.008270 0.739839 0.672733 0.000000 0.000000 0.000000 0.000000 1.000000
0.998425 -0.043203 0.035796 0.000000 0.054719 0.608820 -0.791419 2.639900 0.012398 0.792131 0.610225 0.000000 0.000000 0.000000 0.000000 1.000000
0.998207 -0.045321 0.039103 -0.000000 0.057492 0.544052 -0.837079 2.639900 0.016663 0.837826 0.545682 0.000000 0.000000 0.000000 0.000000 1.000000
0.998001 -0.047050 0.042183 0.000000 0.059714 0.483789 -0.873145 2.639900 0.020673 0.873919 0.485631 0.000000 0.000000 0.000000 0.000000 1.000000
0.997844 -0.048231 0.044512 0.000000 0.061185 0.438212 -0.896787 2.639900 0.023747 0.897577 0.440218 0.000000 0.000000 0.000000 0.000000 1.000000
0.997733 -0.048999 0.046132 0.000000 0.062104 0.406308 -0.911623 2.639900 0.025925 0.912421 0.408430 -0.000000 0.000000 0.000000 0.000000 1.000000
0.997657 -0.049504 0.047223 0.000000 0.062677 0.384617 -0.920946 2.639900 0.027427 0.921748 0.386819 0.000000 0.000000 0.000000 0.000000 1.000000
0.997616 -0.049773 0.047796 -0.000000 0.062964 0.373115 -0.925646 2.639900 0.028239 0.926449 0.375360 0.000000 0.000000 0.000000 0.000000 1.000000
0.997610 -0.049817 0.047871 0.000000 0.063003 0.371589 -0.926257 2.639900 0.028355 0.927060 0.373840 -0.000000 0.000000 0.000000 0.000000 1.000000
0.997644 -0.049599 0.047395 0.000000 0.062767 0.381074 -0.922412 2.639900 0.027690 0.923213 0.383289 0.000000 0.000000 0.000000 0.000000 1.000000
0.997717 -0.049109 0.046351 0.000000 0.062220 0.401780 -0.913620 2.639900 0.026244 0.914418 0.403919 0.000000 0.000000 0.000000 0.000000 1.000000
0.997823 -0.048373 0.044815 -0.000000 0.061356 0.432056 -0.899757 2.639900 0.024161 0.900549 0.434083 0.000000 0.000000 0.000000 0.000000 1.000000
0.997955 -0.047406 0.042874 -0.000000 0.060162 0.470121 -0.880549 2.639900 0.021588 0.881328 0.472012 0.000000 0.000000 0.000000 0.000000 1.000000
0.998104 -0.046222 0.040639 -0.000000 0.058650 0.514110 -0.855717 2.639900 0.018660 0.856478 0.515846 0.000000 0.000000 0.000000 0.000000 1.000000
0.998342 -0.044072 0.037018 0.000000 0.055846 0.586151 -0.808275 2.639900 0.013924 0.809003 0.587640 0.000000 0.000000 0.000000 0.000000 1.000000
0.998616 -0.041055 0.032873 -0.000000 0.051904 0.668365 -0.742020 2.639900 0.008493 0.742700 0.669571 0.000000 0.000000 0.000000 0.000000 1.000000
0.998892 -0.037272 0.028721 0.000000 0.046956 0.750039 -0.659725 2.639900 0.003047 0.660342 0.750958 -0.000000 0.000000 0.000000 0.000000 1.000000
0.999144 -0.032985 0.024957 0.000000 0.041323 0.822425 -0.567370 2.639900 -0.001810 0.567916 0.823085 -0.000000 0.000000 0.000000 0.000000 1.000000
0.999353 -0.028601 0.021810 -0.000000 0.035524 0.879901 -0.473828 2.639900 -0.005639 0.474296 0.880347 -0.000000 0.000000 0.000000 0.000000 1.000000
0.999508 -0.024615 0.019462 -0.000000 0.030257 0.920407 -0.389789 2.639900 -0.008319 0.390186 0.920699 -0.000000 0.000000 0.000000 0.000000 1.000000
0.999606 -0.021569 0.017960 0.000000 0.026253 0.944834 -0.326495 2.639900 -0.009927 0.326838 0.945028 0.000000 0.000000 0.000000 0.000000 1.000000
0.999650 -0.019931 0.017380 0.000000 0.024171 0.955274 -0.294733 2.639900 -0.010728 0.295050 0.955422 0.000000 0.000000 0.000000 0.000000 1.000000
0.999662 -0.019475 0.017218 0.000000 0.023588 0.957940 -0.285998 2.639900 -0.010924 0.286308 0.958075 0.000000 0.000000 0.000000 0.000000 1.000000
0.999664 -0.019413 0.017198 0.000000 0.023509 0.958287 -0.284839 2.639900 -0.010951 0.285147 0.958421 -0.000000 0.000000 0.000000 0.000000 1.000000
0.999664 -0.019411 0.017199 -0.000000 0.023508 0.958287 -0.284839 2.639900 -0.010953 0.285147 0.958421 -0.000000 0.000000 0.000000 0.000000 1.000000
0.999664 -0.019409 0.017201 0.000000 0.023507 0.958287 -0.284839 2.639900 -0.010955 0.285148 0.958421 0.000000 0.000000 0.000000 0.000000 1.000000
0.999664 -0.019408 0.017202 0.000000 0.023507 0.958287 -0.284839 2.639900 -0.010957 0.285148 0.958421 -0.000000 0.000000 0.000000 0.000000 1.000000
0.999664 -0.019406 0.017203 0.000000 0.023505 0.958287 -0.284839 2.639900 -0.010958 0.285148 0.958421 0.000000 0.000000 0.000000 0.000000 1.000000
0.999664 -0.019405 0.017205 0.000000 0.023504 0.958287 -0.284840 2.639900 -0.010960 0.285148 0.958421 0.000000 0.000000 0.000000 0.000000 1.000000
0.999664 -0.019404 0.017207 0.000000 0.023503 0.958287 -0.284839 2.639900 -0.010962 0.285148 0.958421 0.000000 0.000000 0.000000 0.000000 1.000000
0.999664 -0.019402 0.017208 0.000000 0.023502 0.958287 -0.284840 2.639900 -0.010964 0.285148 0.958421 0.000000 0.000000 0.000000 0.000000 1.000000
0.999664 -0.019400 0.017209 0.000000 0.023501 0.958287 -0.284840 2.639900 -0.010965 0.285149 0.958421 0.000000 0.000000 0.000000 0.000000 1.000000
0.999664 -0.019399 0.017211 0.000000 0.023500 0.958287 -0.284840 2.639900 -0.010968 0.285149 0.958421 0.000000 0.000000 0.000000 0.000000 1.000000</float_array>
        <technique_common>
          <accessor source="#mixamorig_LeftHandMiddle3-Matrix-animation-output-transform-array" count="41" stride="16">
            <param type="float4x4"/>
          </accessor>
        </technique_common>
      </source>
      <source id="mixamorig_LeftHandMiddle3-Interpolations">
        <Name_array id="mixamorig_LeftHandMiddle3-Interpolations-array" count="41">
 LINEAR LINEAR LINEAR LINEAR LINEAR LINEAR LINEAR LINEAR LINEAR LINEAR LINEAR
LINEAR LINEAR LINEAR LINEAR LINEAR LINEAR LINEAR LINEAR LINEAR LINEAR LINEAR LINEAR
LINEAR LINEAR LINEAR LINEAR LINEAR LINEAR LINEAR LINEAR LINEAR LINEAR LINEAR LINEAR
LINEAR LINEAR LINEAR LINEAR LINEAR LINEAR</Name_array>
        <technique_common>
          <accessor source="#mixamorig_LeftHandMiddle3-Interpolations-array" count="41">
            <param type="name"/>
          </accessor>
        </technique_common>
      </source>
      <sampler id="mixamorig_LeftHandMiddle3-Matrix-animation-transform">
        <input semantic="INPUT" source="#mixamorig_LeftHandMiddle3-Matrix-animation-input"/>
        <input semantic="OUTPUT" source="#mixamorig_LeftHandMiddle3-Matrix-animation-output-transform"/>
        <input semantic="INTERPOLATION" source="#mixamorig_LeftHandMiddle3-Interpolations"/>
      </sampler>
      <channel source="#mixamorig_LeftHandMiddle3-Matrix-animation-transform" target="mixamorig_LeftHandMiddle3/matrix"/>
    </animation>
    <animation id="mixamorig_LeftHandRing1-anim" name="mixamorig_LeftHandRing1">
      <source id="mixamorig_LeftHandRing1-Matrix-animation-input">
        <float_array id="mixamorig_LeftHandRing1-Matrix-animation-input-array" count="41">

0.000000 0.033333 0.066667 0.100000 0.133333 0.166667 0.200000 0.233333 0.266667 0.300000 0.333333 0.366667 0.400000 0.433333 0.466667 0.500000
0.533333 0.566667 0.600000 0.633333 0.666667 0.700000 0.733333 0.766667 0.800000 0.833333 0.866667 0.900000 0.933333 0.966667 1.000000 1.033333
1.066667 1.100000 1.133333 1.166667 1.200000 1.233333 1.266667 1.300000 1.333333</float_array>
        <technique_common>
          <accessor source="#mixamorig_LeftHandRing1-Matrix-animation-input-array" count="41">
            <param name="TIME" type="float"/>
          </accessor>
        </technique_common>
      </source>
      <source id="mixamorig_LeftHandRing1-Matrix-animation-output-transform">
        <float_array id="mixamorig_LeftHandRing1-Matrix-animation-output-transform-array" count="656">

0.989036 0.146626 0.017565 3.304900 -0.138118 0.960562 -0.241338 13.191500 -0.052259 0.236266 0.970282 -0.322000 0.000000 0.000000 0.000000 1.000000
0.989083 0.146506 0.015823 3.304900 -0.137963 0.958395 -0.249890 13.191500 -0.051776 0.244979 0.968145 -0.322000 0.000000 0.000000 0.000000 1.000000
0.989212 0.146045 0.011429 3.304900 -0.137504 0.952596 -0.271393 13.191500 -0.050523 0.266894 0.962401 -0.322000 0.000000 0.000000 0.000000 1.000000
0.989445 0.144840 0.004372 3.304900 -0.136538 0.941989 -0.306616 13.191500 -0.048529 0.302782 0.951823 -0.322000 0.000000 0.000000 0.000000 1.000000
0.989802 0.142349 -0.005315 3.304900 -0.134896 0.924685 -0.356034 13.191500 -0.045766 0.353121 0.934458 -0.322000 0.000000 0.000000 0.000000 1.000000
0.990314 0.137685 -0.017920 3.304900 -0.132303 0.896600 -0.422617 13.191500 -0.042121 0.420894 0.906131 -0.322000 0.000000 0.000000 0.000000 1.000000
0.990946 0.130413 -0.031907 3.304900 -0.128940 0.858189 -0.496876 13.191500 -0.037416 0.496491 0.867235 -0.322000 0.000000 0.000000 0.000000 1.000000
0.991613 0.121257 -0.044735 3.304900 -0.125333 0.817631 -0.561936 13.191500 -0.031562 0.562829 0.825970 -0.322000 0.000000 0.000000 0.000000 1.000000
0.992260 0.111205 -0.055263 3.304900 -0.121736 0.783251 -0.609671 13.191500 -0.024514 0.611679 0.790726 -0.322000 0.000000 0.000000 0.000000 1.000000
0.992950 0.099394 -0.064580 3.304900 -0.117487 0.753122 -0.647305 13.191500 -0.015702 0.650329 0.759491 -0.322000 0.000000 0.000000 0.000000 1.000000
0.993788 0.082968 -0.074178 3.304900 -0.111245 0.720902 -0.684050 13.191500 -0.003279 0.688053 0.725653 -0.322000 0.000000 0.000000 0.000000 1.000000
0.994476 0.064099 -0.083120 3.304900 -0.104325 0.690880 -0.715402 13.191500 0.011570 0.720122 0.693751 -0.322000 0.000000 0.000000 0.000000 1.000000
0.994877 0.045877 -0.090089 3.304900 -0.097556 0.669431 -0.736441 13.191500 0.026523 0.741456 0.670477 -0.322000 0.000000 0.000000 0.000000 1.000000
0.995022 0.028741 -0.095423 3.304900 -0.091195 0.648727 -0.755537 13.191500 0.040189 0.760478 0.648119 -0.322000 0.000000 0.000000 0.000000 1.000000
0.995001 0.014648 -0.098789 3.304900 -0.085933 0.629575 -0.772173 13.191500 0.050884 0.776801 0.627686 -0.322000 0.000000 0.000000 0.000000 1.000000
0.994973 0.005807 -0.099971 3.304900 -0.082346 0.615528 -0.783801 13.191500 0.056984 0.788093 0.612912 -0.322000 0.000000 0.000000 0.000000 1.000000
0.995072 0.004233 -0.099065 3.304900 -0.081115 0.609367 -0.788728 13.191500 0.057028 0.792877 0.606707 -0.322000 0.000000 0.000000 0.000000 1.000000
0.995304 0.013674 -0.095824 3.304900 -0.083877 0.615932 -0.783321 13.191500 0.048310 0.787680 0.614187 -0.322000 0.000000 0.000000 0.000000 1.000000
0.995334 0.033126 -0.090628 3.304900 -0.090939 0.636049 -0.766271 13.191500 0.032260 0.770937 0.636094 -0.322000 0.000000 0.000000 0.000000 1.000000
0.994809 0.057067 -0.084246 3.304900 -0.100847 0.663295 -0.741531 13.191500 0.013563 0.746179 0.665608 -0.322000 0.000000 0.000000 0.000000 1.000000
0.993777 0.080132 -0.077367 3.304900 -0.111332 0.692860 -0.712426 13.191500 -0.003483 0.716606 0.697470 -0.322000 0.000000 0.000000 0.000000 1.000000
0.992764 0.097041 -0.070725 3.304900 -0.119109 0.721095 -0.682522 13.191500 -0.015233 0.686007 0.727435 -0.322000 0.000000 0.000000 0.000000 1.000000
0.991993 0.110868 -0.060476 3.304900 -0.123942 0.762752 -0.634703 13.191500 -0.024240 0.637117 0.770386 -0.322000 0.000000 0.000000 0.000000 1.000000
0.991249 0.122919 -0.048121 3.304900 -0.128067 0.807166 -0.576266 13.191500 -0.031992 0.577386 0.815844 -0.322000 0.000000 0.000000 0.000000 1.000000
0.990544 0.132796 -0.034461 3.304900 -0.131654 0.849408 -0.511050 13.191500 -0.038594 0.510755 0.858860 -0.322000 0.000000 0.000000 0.000000 1.000000
0.989911 0.140180 -0.020635 3.304900 -0.134695 0.885809 -0.444072 13.191500 -0.043972 0.442371 0.895753 -0.322000 0.000000 0.000000 0.000000 1.000000
0.989393 0.145050 -0.007833 3.304900 -0.137059 0.914304 -0.381133 13.191500 -0.048122 0.378164 0.924487 -0.322000 0.000000 0.000000 0.000000 1.000000
0.989042 0.147613 0.002716 3.304900 -0.138540 0.934294 -0.328484 13.191500 -0.051026 0.324508 0.944506 -0.322000 0.000000 0.000000 0.000000 1.000000
0.988909 0.148202 0.009781 3.304900 -0.138899 0.946137 -0.292458 13.191500 -0.052597 0.287855 0.956228 -0.322000 0.000000 0.000000 0.000000 1.000000
0.989039 0.147150 0.012186 3.304900 -0.137945 0.950282 -0.279170 13.191500 -0.052660 0.274429 0.960164 -0.322000 0.000000 0.000000 0.000000 1.000000
0.989229 0.145878 0.012105 3.304900 -0.136796 0.950728 -0.278215 13.191500 -0.052094 0.273562 0.960443 -0.322000 0.000000 0.000000 0.000000 1.000000
0.989238 0.145775 0.012535 3.304900 -0.136751 0.951653 -0.275056 13.191500 -0.052026 0.270382 0.961347 -0.322000 0.000000 0.000000 0.000000 1.000000
0.989216 0.145875 0.013083 3.304900 -0.136900 0.952691 -0.271363 13.191500 -0.052050 0.266646 0.962388 -0.322000 0.000000 0.000000 0.000000 1.000000
0.989193 0.145984 0.013662 3.304900 -0.137059 0.953754 -0.267524 13.191500 -0.052084 0.262760 0.963454 -0.322000 0.000000 0.000000 0.000000 1.000000
0.989168 0.146096 0.014257 3.304900 -0.137224 0.954823 -0.263595 13.191500 -0.052123 0.258783 0.964528 -0.322000 0.000000 0.000000 0.000000 1.000000
0.989142 0.146207 0.014858 3.304900 -0.137391 0.955884 -0.259634 13.191500 -0.052163 0.254774 0.965593 -0.322000 0.000000 0.000000 0.000000 1.000000
0.989117 0.146314 0.015454 3.304900 -0.137557 0.956921 -0.255697 13.191500 -0.052200 0.250788 0.966634 -0.322000 0.000000 0.000000 0.000000 1.000000
0.989094 0.146413 0.016035 3.304900 -0.137715 0.957920 -0.251841 13.191500 -0.052233 0.246887 0.967636 -0.322000 0.000000 0.000000 0.000000 1.000000
0.989072 0.146500 0.016588 3.304900 -0.137865 0.958868 -0.248124 13.191500 -0.052255 0.243126 0.968586 -0.322000 0.000000 0.000000 0.000000 1.000000
0.989052 0.146572 0.017102 3.304900 -0.138000 0.959753 -0.244604 13.191500 -0.052266 0.239566 0.969472 -0.322000 0.000000 0.000000 0.000000 1.000000
0.989036 0.146626 0.017566 3.304900 -0.138119 0.960562 -0.241338 13.191500 -0.052260 0.236266 0.970282 -0.322000 0.000000 0.000000 0.000000 1.000000</float_array>
        <technique_common>
          <accessor source="#mixamorig_LeftHandRing1-Matrix-animation-output-transform-array" count="41" stride="16">
            <param type="float4x4"/>
          </accessor>
        </technique_common>
      </source>
      <source id="mixamorig_LeftHandRing1-Interpolations">
        <Name_array id="mixamorig_LeftHandRing1-Interpolations-array" count="41">
 LINEAR LINEAR LINEAR LINEAR LINEAR LINEAR LINEAR LINEAR LINEAR LINEAR LINEAR
LINEAR LINEAR LINEAR LINEAR LINEAR LINEAR LINEAR LINEAR LINEAR LINEAR LINEAR LINEAR
LINEAR LINEAR LINEAR LINEAR LINEAR LINEAR LINEAR LINEAR LINEAR LINEAR LINEAR LINEAR
LINEAR LINEAR LINEAR LINEAR LINEAR LINEAR</Name_array>
        <technique_common>
          <accessor source="#mixamorig_LeftHandRing1-Interpolations-array" count="41">
            <param type="name"/>
          </accessor>
        </technique_common>
      </source>
      <sampler id="mixamorig_LeftHandRing1-Matrix-animation-transform">
        <input semantic="INPUT" source="#mixamorig_LeftHandRing1-Matrix-animation-input"/>
        <input semantic="OUTPUT" source="#mixamorig_LeftHandRing1-Matrix-animation-output-transform"/>
        <input semantic="INTERPOLATION" source="#mixamorig_LeftHandRing1-Interpolations"/>
      </sampler>
      <channel source="#mixamorig_LeftHandRing1-Matrix-animation-transform" target="mixamorig_LeftHandRing1/matrix"/>
    </animation>
    <animation id="mixamorig_LeftHandRing2-anim" name="mixamorig_LeftHandRing2">
      <source id="mixamorig_LeftHandRing2-Matrix-animation-input">
        <float_array id="mixamorig_LeftHandRing2-Matrix-animation-input-array" count="41">

0.000000 0.033333 0.066667 0.100000 0.133333 0.166667 0.200000 0.233333 0.266667 0.300000 0.333333 0.366667 0.400000 0.433333 0.466667 0.500000
0.533333 0.566667 0.600000 0.633333 0.666667 0.700000 0.733333 0.766667 0.800000 0.833333 0.866667 0.900000 0.933333 0.966667 1.000000 1.033333
1.066667 1.100000 1.133333 1.166667 1.200000 1.233333 1.266667 1.300000 1.333333</float_array>
        <technique_common>
          <accessor source="#mixamorig_LeftHandRing2-Matrix-animation-input-array" count="41">
            <param name="TIME" type="float"/>
          </accessor>
        </technique_common>
      </source>
      <source id="mixamorig_LeftHandRing2-Matrix-animation-output-transform">
        <float_array id="mixamorig_LeftHandRing2-Matrix-animation-output-transform-array" count="656">

0.999875 -0.013350 -0.008491 0.000000 0.009882 0.946064 -0.323830 2.717600 0.012356 0.323706 0.946077 0.000000 0.000000 0.000000 0.000000 1.000000
0.999869 -0.013877 -0.008306 0.000000 0.010310 0.942609 -0.333738 2.717600 0.012461 0.333609 0.942629 0.000000 0.000000 0.000000 0.000000 1.000000
0.999853 -0.015257 -0.007790 0.000000 0.011434 0.933000 -0.359694 2.717600 0.012756 0.359552 0.933038 0.000000 0.000000 0.000000 0.000000 1.000000
0.999830 -0.016999 -0.007078 0.000000 0.012857 0.919662 -0.392501 2.717600 0.013182 0.392343 0.919724 0.000000 0.000000 0.000000 0.000000 1.000000
0.999806 -0.018630 -0.006353 0.000000 0.014191 0.905892 -0.423271 2.717600 0.013640 0.423099 0.905981 0.000000 0.000000 0.000000 0.000000 1.000000
0.999794 -0.019372 -0.006009 -0.000000 0.014794 0.899174 -0.437341 2.717600 0.013876 0.437162 0.899276 -0.000000 0.000000 0.000000 0.000000 1.000000
0.999788 -0.019778 -0.005804 0.000000 0.015130 0.895431 -0.444943 2.717600 0.013997 0.444761 0.895540 0.000000 0.000000 0.000000 0.000000 1.000000
0.999760 -0.021340 -0.004986 0.000000 0.016424 0.880224 -0.474273 2.717600 0.014510 0.474078 0.880363 -0.000000 0.000000 0.000000 0.000000 1.000000
0.999690 -0.024699 -0.003025 0.000000 0.019199 0.842946 -0.537656 2.717600 0.015829 0.537431 0.843159 -0.000000 0.000000 0.000000 0.000000 1.000000
0.999586 -0.028784 -0.000160 0.000000 0.022603 0.788349 -0.614813 2.717600 0.017823 0.614555 0.788673 0.000000 0.000000 0.000000 0.000000 1.000000
0.999462 -0.032658 0.003154 0.000000 0.025871 0.725293 -0.687954 2.717600 0.020180 0.687665 0.725747 0.000000 0.000000 0.000000 0.000000 1.000000
0.999329 -0.036010 0.006624 0.000000 0.028746 0.659589 -0.751077 2.717600 0.022677 0.750764 0.660181 0.000000 0.000000 0.000000 0.000000 1.000000
0.999214 -0.038446 0.009611 0.000000 0.030881 0.603410 -0.796833 2.717600 0.024836 0.796504 0.604123 -0.000000 0.000000 0.000000 0.000000 1.000000
0.999161 -0.039454 0.010993 0.000000 0.031780 0.577524 -0.815755 2.717600 0.025836 0.815420 0.578293 -0.000000 0.000000 0.000000 0.000000 1.000000
0.999172 -0.039244 0.010705 0.000000 0.031596 0.582986 -0.811868 2.717600 0.025620 0.811534 0.583743 -0.000000 0.000000 0.000000 0.000000 1.000000
0.999228 -0.038185 0.009286 0.000000 0.030664 0.609840 -0.791931 2.717600 0.024576 0.791604 0.610540 -0.000000 0.000000 0.000000 0.000000 1.000000
0.999304 -0.036585 0.007313 0.000000 0.029271 0.647285 -0.761686 2.717600 0.023132 0.761370 0.647905 0.000000 0.000000 0.000000 0.000000 1.000000
0.999385 -0.034681 0.005190 0.000000 0.027623 0.687386 -0.725767 2.717600 0.021602 0.725464 0.687921 -0.000000 0.000000 0.000000 0.000000 1.000000
0.999454 -0.032863 0.003356 0.000000 0.026056 0.721807 -0.691604 2.717600 0.020306 0.691314 0.722269 -0.000000 0.000000 0.000000 0.000000 1.000000
0.999514 -0.031124 0.001765 0.000000 0.024576 0.751869 -0.658854 2.717600 0.019179 0.658577 0.752268 0.000000 0.000000 0.000000 0.000000 1.000000
0.999564 -0.029518 0.000429 0.000000 0.023229 0.777458 -0.628506 2.717600 0.018219 0.628242 0.777804 -0.000000 0.000000 0.000000 0.000000 1.000000
0.999603 -0.028163 -0.000612 0.000000 0.022101 0.797558 -0.602838 2.717600 0.017466 0.602585 0.797863 0.000000 0.000000 0.000000 0.000000 1.000000
0.999662 -0.025922 -0.002205 0.000000 0.020231 0.827864 -0.560564 2.717600 0.016356 0.560330 0.828108 -0.000000 0.000000 0.000000 0.000000 1.000000
0.999725 -0.023105 -0.003977 -0.000000 0.017891 0.861491 -0.507458 2.717600 0.015151 0.507247 0.861667 -0.000000 0.000000 0.000000 0.000000 1.000000
0.999787 -0.019813 -0.005759 0.000000 0.015174 0.895188 -0.445430 2.717600 0.013981 0.445247 0.895298 0.000000 0.000000 0.000000 0.000000 1.000000
0.999838 -0.016470 -0.007282 -0.000000 0.012433 0.923879 -0.382483 2.717600 0.013027 0.382331 0.923934 0.000000 0.000000 0.000000 0.000000 1.000000
0.999874 -0.013423 -0.008441 -0.000000 0.009950 0.945610 -0.325149 2.717600 0.012347 0.325024 0.945625 0.000000 0.000000 0.000000 0.000000 1.000000
0.999897 -0.011002 -0.009218 0.000000 0.007987 0.960087 -0.279587 2.717600 0.011926 0.279485 0.960076 -0.000000 0.000000 0.000000 0.000000 1.000000
0.999908 -0.009532 -0.009632 -0.000000 0.006798 0.967711 -0.251970 2.717600 0.011723 0.251881 0.967687 0.000000 0.000000 0.000000 0.000000 1.000000
0.999910 -0.009331 -0.009691 0.000000 0.006634 0.968674 -0.248248 2.717600 0.011704 0.248162 0.968648 -0.000000 0.000000 0.000000 0.000000 1.000000
0.999906 -0.009819 -0.009569 -0.000000 0.007025 0.966269 -0.257440 2.717600 0.011774 0.257348 0.966247 0.000000 0.000000 0.000000 0.000000 1.000000
0.999903 -0.010193 -0.009470 0.000000 0.007325 0.964359 -0.264496 2.717600 0.011829 0.264401 0.964340 0.000000 0.000000 0.000000 0.000000 1.000000
0.999900 -0.010545 -0.009373 0.000000 0.007609 0.962507 -0.271150 2.717600 0.011881 0.271051 0.962492 0.000000 0.000000 0.000000 0.000000 1.000000
0.999898 -0.010897 -0.009273 -0.000000 0.007892 0.960616 -0.277766 2.717600 0.011935 0.277664 0.960604 -0.000000 0.000000 0.000000 0.000000 1.000000
0.999895 -0.011247 -0.009172 0.000000 0.008175 0.958685 -0.284353 2.717600 0.011991 0.284248 0.958676 0.000000 0.000000 0.000000 0.000000 1.000000
0.999892 -0.011596 -0.009067 0.000000 0.008457 0.956710 -0.290921 2.717600 0.012048 0.290813 0.956704 0.000000 0.000000 0.000000 0.000000 1.000000
0.999889 -0.011945 -0.008959 -0.000000 0.008740 0.954688 -0.297481 2.717600 0.012106 0.297369 0.954686 0.000000 0.000000 0.000000 0.000000 1.000000
0.999885 -0.012295 -0.008848 0.000000 0.009024 0.952616 -0.304042 2.717600 0.012167 0.303927 0.952618 0.000000 0.000000 0.000000 0.000000 1.000000
0.999882 -0.012645 -0.008733 -0.000000 0.009308 0.950491 -0.310614 2.717600 0.012228 0.310496 0.950496 0.000000 0.000000 0.000000 0.000000 1.000000
0.999878 -0.012997 -0.008614 0.000000 0.009594 0.948308 -0.317207 2.717600 0.012292 0.317086 0.948317 0.000000 0.000000 0.000000 0.000000 1.000000
0.999875 -0.013351 -0.008491 -0.000000 0.009882 0.946063 -0.323831 2.717600 0.012357 0.323706 0.946077 -0.000000 0.000000 0.000000 0.000000 1.000000</float_array>
        <technique_common>
          <accessor source="#mixamorig_LeftHandRing2-Matrix-animation-output-transform-array" count="41" stride="16">
            <param type="float4x4"/>
          </accessor>
        </technique_common>
      </source>
      <source id="mixamorig_LeftHandRing2-Interpolations">
        <Name_array id="mixamorig_LeftHandRing2-Interpolations-array" count="41">
 LINEAR LINEAR LINEAR LINEAR LINEAR LINEAR LINEAR LINEAR LINEAR LINEAR LINEAR
LINEAR LINEAR LINEAR LINEAR LINEAR LINEAR LINEAR LINEAR LINEAR LINEAR LINEAR LINEAR
LINEAR LINEAR LINEAR LINEAR LINEAR LINEAR LINEAR LINEAR LINEAR LINEAR LINEAR LINEAR
LINEAR LINEAR LINEAR LINEAR LINEAR LINEAR</Name_array>
        <technique_common>
          <accessor source="#mixamorig_LeftHandRing2-Interpolations-array" count="41">
            <param type="name"/>
          </accessor>
        </technique_common>
      </source>
      <sampler id="mixamorig_LeftHandRing2-Matrix-animation-transform">
        <input semantic="INPUT" source="#mixamorig_LeftHandRing2-Matrix-animation-input"/>
        <input semantic="OUTPUT" source="#mixamorig_LeftHandRing2-Matrix-animation-output-transform"/>
        <input semantic="INTERPOLATION" source="#mixamorig_LeftHandRing2-Interpolations"/>
      </sampler>
      <channel source="#mixamorig_LeftHandRing2-Matrix-animation-transform" target="mixamorig_LeftHandRing2/matrix"/>
    </animation>
    <animation id="mixamorig_LeftHandRing3-anim" name="mixamorig_LeftHandRing3">
      <source id="mixamorig_LeftHandRing3-Matrix-animation-input">
        <float_array id="mixamorig_LeftHandRing3-Matrix-animation-input-array" count="41">

0.000000 0.033333 0.066667 0.100000 0.133333 0.166667 0.200000 0.233333 0.266667 0.300000 0.333333 0.366667 0.400000 0.433333 0.466667 0.500000
0.533333 0.566667 0.600000 0.633333 0.666667 0.700000 0.733333 0.766667 0.800000 0.833333 0.866667 0.900000 0.933333 0.966667 1.000000 1.033333
1.066667 1.100000 1.133333 1.166667 1.200000 1.233333 1.266667 1.300000 1.333333</float_array>
        <technique_common>
          <accessor source="#mixamorig_LeftHandRing3-Matrix-animation-input-array" count="41">
            <param name="TIME" type="float"/>
          </accessor>
        </technique_common>
      </source>
      <source id="mixamorig_LeftHandRing3-Matrix-animation-output-transform">
        <float_array id="mixamorig_LeftHandRing3-Matrix-animation-output-transform-array" count="656">

0.999844 -0.016163 -0.007128 0.000000 0.012304 0.926731 -0.375523 2.134500 0.012675 0.375377 0.926785 0.000000 0.000000 0.000000 0.000000 1.000000
0.999835 -0.016837 -0.006884 -0.000000 0.012844 0.921474 -0.388227 2.134500 0.012880 0.388074 0.921538 0.000000 0.000000 0.000000 0.000000 1.000000
0.999807 -0.018627 -0.006191 0.000000 0.014277 0.906529 -0.421902 2.134500 0.013471 0.421733 0.906620 -0.000000 0.000000 0.000000 0.000000 1.000000
0.999767 -0.020963 -0.005235 0.000000 0.016136 0.885520 -0.464322 2.134500 0.014369 0.464129 0.885651 0.000000 0.000000 0.000000 0.000000 1.000000
0.999721 -0.023251 -0.004225 0.000000 0.017956 0.863588 -0.503878 2.134500 0.015364 0.503661 0.863765 -0.000000 0.000000 0.000000 0.000000 1.000000
0.999695 -0.024439 -0.003560 0.000000 0.018981 0.852539 -0.522319 2.134500 0.015800 0.522092 0.852743 0.000000 0.000000 0.000000 0.000000 1.000000
0.999678 -0.025186 -0.003038 0.000000 0.019706 0.846377 -0.532220 2.134500 0.015976 0.531989 0.846600 -0.000000 0.000000 0.000000 0.000000 1.000000
0.999626 -0.027290 -0.001658 -0.000000 0.021525 0.822945 -0.567712 2.134500 0.016857 0.567465 0.823225 0.000000 0.000000 0.000000 0.000000 1.000000
0.999503 -0.031496 0.001301 0.000000 0.024978 0.766134 -0.642195 2.134500 0.019230 0.641909 0.766540 0.000000 0.000000 0.000000 0.000000 1.000000
0.999328 -0.036231 0.005507 0.000000 0.028828 0.684412 -0.728526 2.134500 0.022626 0.728195 0.684996 0.000000 0.000000 0.000000 0.000000 1.000000
0.999136 -0.040300 0.010192 0.000000 0.032150 0.593749 -0.804008 2.134500 0.026350 0.803641 0.594531 0.000000 0.000000 0.000000 0.000000 1.000000
0.998941 -0.043525 0.014895 0.000000 0.034801 0.503214 -0.863461 2.134500 0.030087 0.863065 0.504196 0.000000 0.000000 0.000000 0.000000 1.000000
0.998782 -0.045646 0.018734 0.000000 0.036569 0.429926 -0.902123 2.134500 0.033124 0.901709 0.431072 -0.000000 0.000000 0.000000 0.000000 1.000000
0.998719 -0.046378 0.020225 0.000000 0.037203 0.402208 -0.914792 2.134500 0.034291 0.914373 0.403418 -0.000000 0.000000 0.000000 0.000000 1.000000
0.998748 -0.046140 0.019339 0.000000 0.036962 0.420018 -0.906763 2.134500 0.033715 0.906342 0.421197 0.000000 0.000000 0.000000 0.000000 1.000000
0.998834 -0.045196 0.016975 0.000000 0.036130 0.466536 -0.883764 2.134500 0.032024 0.883347 0.467625 0.000000 0.000000 0.000000 0.000000 1.000000
0.998944 -0.043737 0.014057 0.000000 0.034921 0.524101 -0.850940 2.134500 0.029850 0.850532 0.525075 0.000000 0.000000 0.000000 0.000000 1.000000
0.999053 -0.042009 0.011284 -0.000000 0.033541 0.578824 -0.814763 2.134500 0.027697 0.814370 0.579685 0.000000 0.000000 0.000000 0.000000 1.000000
0.999141 -0.040407 0.009203 -0.000000 0.032277 0.619492 -0.784339 2.134500 0.025992 0.783962 0.620264 0.000000 0.000000 0.000000 0.000000 1.000000
0.999216 -0.038869 0.007540 -0.000000 0.031068 0.651664 -0.757871 2.134500 0.024544 0.757511 0.652361 -0.000000 0.000000 0.000000 0.000000 1.000000
0.999282 -0.037377 0.006142 0.000000 0.029886 0.678385 -0.734098 2.134500 0.023272 0.733755 0.679015 0.000000 0.000000 0.000000 0.000000 1.000000
0.999342 -0.035950 0.004914 0.000000 0.028715 0.700803 -0.712776 2.134500 0.022181 0.712448 0.701374 -0.000000 0.000000 0.000000 0.000000 1.000000
0.999444 -0.033238 0.002493 0.000000 0.026383 0.743152 -0.668602 2.134500 0.020370 0.668296 0.743616 0.000000 0.000000 0.000000 0.000000 1.000000
0.999559 -0.029690 -0.000288 0.000000 0.023377 0.792945 -0.608845 2.134500 0.018305 0.608570 0.793289 0.000000 0.000000 0.000000 0.000000 1.000000
0.999674 -0.025366 -0.003037 0.000000 0.019807 0.844661 -0.534934 2.134500 0.016134 0.534700 0.844888 -0.000000 0.000000 0.000000 0.000000 1.000000
0.999769 -0.020851 -0.005303 0.000000 0.016124 0.889340 -0.456962 2.134500 0.014244 0.456770 0.889471 0.000000 0.000000 0.000000 0.000000 1.000000
0.999837 -0.016659 -0.006889 0.000000 0.012739 0.923311 -0.383841 2.134500 0.012755 0.383691 0.923373 0.000000 0.000000 0.000000 0.000000 1.000000
0.999881 -0.013267 -0.007841 0.000000 0.010007 0.945882 -0.324357 2.134500 0.011720 0.324240 0.945902 0.000000 0.000000 0.000000 0.000000 1.000000
0.999902 -0.011219 -0.008347 -0.000000 0.008347 0.957783 -0.287370 2.134500 0.011219 0.287272 0.957783 -0.000000 0.000000 0.000000 0.000000 1.000000
0.999905 -0.010892 -0.008493 0.000000 0.008063 0.959581 -0.281316 2.134500 0.011214 0.281220 0.959578 0.000000 0.000000 0.000000 0.000000 1.000000
0.999899 -0.011485 -0.008364 -0.000000 0.008538 0.956264 -0.292380 2.134500 0.011356 0.292279 0.956266 0.000000 0.000000 0.000000 0.000000 1.000000
0.999894 -0.011972 -0.008255 -0.000000 0.008930 0.953509 -0.301232 2.134500 0.011477 0.301127 0.953515 0.000000 0.000000 0.000000 0.000000 1.000000
0.999889 -0.012442 -0.008149 0.000000 0.009308 0.950819 -0.309608 2.134500 0.011600 0.309498 0.950829 -0.000000 0.000000 0.000000 0.000000 1.000000
0.999884 -0.012911 -0.008039 0.000000 0.009686 0.948079 -0.317886 2.134500 0.011726 0.317771 0.948095 0.000000 0.000000 0.000000 0.000000 1.000000
0.999879 -0.013380 -0.007926 0.000000 0.010064 0.945283 -0.326097 2.134500 0.011856 0.325978 0.945303 0.000000 0.000000 0.000000 0.000000 1.000000
0.999874 -0.013848 -0.007810 0.000000 0.010442 0.942420 -0.334268 2.134500 0.011989 0.334144 0.942446 -0.000000 0.000000 0.000000 0.000000 1.000000
0.999868 -0.014315 -0.007686 0.000000 0.010819 0.939482 -0.342428 2.134500 0.012123 0.342300 0.939513 0.000000 0.000000 0.000000 0.000000 1.000000
0.999862 -0.014780 -0.007559 0.000000 0.011193 0.936456 -0.350606 2.134500 0.012261 0.350473 0.936492 -0.000000 0.000000 0.000000 0.000000 1.000000
0.999856 -0.015244 -0.007424 0.000000 0.011566 0.933331 -0.358830 2.134500 0.012399 0.358692 0.933373 0.000000 0.000000 0.000000 0.000000 1.000000
0.999850 -0.015705 -0.007280 0.000000 0.011936 0.930094 -0.367127 2.134500 0.012537 0.366985 0.930142 0.000000 0.000000 0.000000 0.000000 1.000000
0.999844 -0.016163 -0.007128 0.000000 0.012304 0.926731 -0.375523 2.134500 0.012675 0.375377 0.926786 0.000000 0.000000 0.000000 0.000000 1.000000</float_array>
        <technique_common>
          <accessor source="#mixamorig_LeftHandRing3-Matrix-animation-output-transform-array" count="41" stride="16">
            <param type="float4x4"/>
          </accessor>
        </technique_common>
      </source>
      <source id="mixamorig_LeftHandRing3-Interpolations">
        <Name_array id="mixamorig_LeftHandRing3-Interpolations-array" count="41">
 LINEAR LINEAR LINEAR LINEAR LINEAR LINEAR LINEAR LINEAR LINEAR LINEAR LINEAR
LINEAR LINEAR LINEAR LINEAR LINEAR LINEAR LINEAR LINEAR LINEAR LINEAR LINEAR LINEAR
LINEAR LINEAR LINEAR LINEAR LINEAR LINEAR LINEAR LINEAR LINEAR LINEAR LINEAR LINEAR
LINEAR LINEAR LINEAR LINEAR LINEAR LINEAR</Name_array>
        <technique_common>
          <accessor source="#mixamorig_LeftHandRing3-Interpolations-array" count="41">
            <param type="name"/>
          </accessor>
        </technique_common>
      </source>
      <sampler id="mixamorig_LeftHandRing3-Matrix-animation-transform">
        <input semantic="INPUT" source="#mixamorig_LeftHandRing3-Matrix-animation-input"/>
        <input semantic="OUTPUT" source="#mixamorig_LeftHandRing3-Matrix-animation-output-transform"/>
        <input semantic="INTERPOLATION" source="#mixamorig_LeftHandRing3-Interpolations"/>
      </sampler>
      <channel source="#mixamorig_LeftHandRing3-Matrix-animation-transform" target="mixamorig_LeftHandRing3/matrix"/>
    </animation>
    <animation id="mixamorig_LeftHandPinky1-anim" name="mixamorig_LeftHandPinky1">
      <source id="mixamorig_LeftHandPinky1-Matrix-animation-input">
        <float_array id="mixamorig_LeftHandPinky1-Matrix-animation-input-array" count="41">

0.000000 0.033333 0.066667 0.100000 0.133333 0.166667 0.200000 0.233333 0.266667 0.300000 0.333333 0.366667 0.400000 0.433333 0.466667 0.500000
0.533333 0.566667 0.600000 0.633333 0.666667 0.700000 0.733333 0.766667 0.800000 0.833333 0.866667 0.900000 0.933333 0.966667 1.000000 1.033333
1.066667 1.100000 1.133333 1.166667 1.200000 1.233333 1.266667 1.300000 1.333333</float_array>
        <technique_common>
          <accessor source="#mixamorig_LeftHandPinky1-Matrix-animation-input-array" count="41">
            <param name="TIME" type="float"/>
          </accessor>
        </technique_common>
      </source>
      <source id="mixamorig_LeftHandPinky1-Matrix-animation-output-transform">
        <float_array id="mixamorig_LeftHandPinky1-Matrix-animation-output-transform-array" count="656">

0.955289 0.289406 0.060563 5.614200 -0.263787 0.926723 -0.267584 11.636400 -0.133566 0.239644 0.961629 0.516600 0.000000 0.000000 0.000000 1.000000
0.951799 0.296151 0.079835 5.614200 -0.268388 0.930135 -0.250635 11.636400 -0.148484 0.217127 0.964784 0.516600 0.000000 0.000000 0.000000 1.000000
0.947995 0.302826 0.097991 5.614200 -0.271724 0.930325 -0.246294 11.636400 -0.165748 0.206859 0.964229 0.516600 0.000000 0.000000 0.000000 1.000000
0.943787 0.309879 0.115070 5.614200 -0.274310 0.928457 -0.250444 11.636400 -0.184445 0.204801 0.961268 0.516600 0.000000 0.000000 0.000000 1.000000
0.939081 0.317658 0.131229 5.614200 -0.276853 0.925388 -0.258860 11.636400 -0.203667 0.206759 0.956959 0.516600 0.000000 0.000000 0.000000 1.000000
0.931222 0.331170 0.152160 5.614200 -0.287627 0.924209 -0.251215 11.636400 -0.223823 0.190172 0.955896 0.516600 0.000000 0.000000 0.000000 1.000000
0.923500 0.343582 0.170584 5.614200 -0.297755 0.922423 -0.245923 11.636400 -0.241845 0.176318 0.954161 0.516600 0.000000 0.000000 0.000000 1.000000
0.925712 0.339391 0.166947 5.614200 -0.281291 0.912836 -0.295984 11.636400 -0.252849 0.227035 0.940490 0.516600 0.000000 0.000000 0.000000 1.000000
0.945370 0.302151 0.122394 5.614200 -0.218471 0.865861 -0.450060 11.636400 -0.241963 0.398734 0.884571 0.516600 0.000000 0.000000 0.000000 1.000000
0.970726 0.234270 0.052990 5.614200 -0.147154 0.754437 -0.639665 11.636400 -0.189832 0.613142 0.766825 0.516600 0.000000 0.000000 0.000000 1.000000
0.986914 0.161129 -0.006209 5.614200 -0.108659 0.636095 -0.763922 11.636400 -0.119141 0.754599 0.645279 0.516600 0.000000 0.000000 0.000000 1.000000
0.992740 0.114663 -0.036329 5.614200 -0.099753 0.616097 -0.781329 11.636400 -0.067207 0.779280 0.623062 0.516600 0.000000 0.000000 0.000000 1.000000
0.994353 0.088400 -0.058709 5.614200 -0.101975 0.642868 -0.759158 11.636400 -0.029368 0.760858 0.648253 0.516600 0.000000 0.000000 0.000000 1.000000
0.994122 0.064231 -0.087150 5.614200 -0.108198 0.617276 -0.779271 11.636400 0.003742 0.784120 0.620598 0.516600 0.000000 0.000000 0.000000 1.000000
0.992570 0.047114 -0.112181 5.614200 -0.118212 0.591732 -0.797420 11.636400 0.028811 0.804757 0.592905 0.516600 0.000000 0.000000 0.000000 1.000000
0.990643 0.041699 -0.129950 5.614200 -0.129682 0.584308 -0.801103 11.636400 0.042526 0.810460 0.584249 0.516600 0.000000 0.000000 0.000000 1.000000
0.989228 0.049097 -0.137903 5.614200 -0.139820 0.595828 -0.790847 11.636400 0.043338 0.801610 0.596274 0.516600 0.000000 0.000000 0.000000 1.000000
0.988541 0.069477 -0.134010 5.614200 -0.147758 0.626969 -0.764904 11.636400 0.030877 0.775940 0.630051 0.516600 0.000000 0.000000 0.000000 1.000000
0.987803 0.099471 -0.119796 5.614200 -0.155478 0.672047 -0.724002 11.636400 0.008492 0.733797 0.679316 0.516600 0.000000 0.000000 0.000000 1.000000
0.985710 0.138162 -0.096370 5.614200 -0.167001 0.726579 -0.666479 11.636400 -0.022062 0.673049 0.739269 0.516600 0.000000 0.000000 0.000000 1.000000
0.981540 0.178765 -0.067982 5.614200 -0.183479 0.779820 -0.598512 11.636400 -0.053979 0.599937 0.798224 0.516600 0.000000 0.000000 0.000000 1.000000
0.975929 0.214272 -0.040618 5.614200 -0.202799 0.823126 -0.530412 11.636400 -0.080218 0.525882 0.846766 0.516600 0.000000 0.000000 0.000000 1.000000
0.969735 0.243897 -0.011345 5.614200 -0.223009 0.865853 -0.447846 11.636400 -0.099405 0.436822 0.894039 0.516600 0.000000 0.000000 0.000000 1.000000
0.963847 0.265916 0.016956 5.614200 -0.241816 0.899669 -0.363484 11.636400 -0.111911 0.346243 0.931446 0.516600 0.000000 0.000000 0.000000 1.000000
0.959315 0.279265 0.041532 5.614200 -0.256404 0.923308 -0.285935 11.636400 -0.118199 0.263653 0.957348 0.516600 0.000000 0.000000 0.000000 1.000000
0.955537 0.288003 0.063277 5.614200 -0.268699 0.938822 -0.215437 11.636400 -0.121452 0.188856 0.974465 0.516600 0.000000 0.000000 0.000000 1.000000
0.952440 0.293644 0.081435 5.614200 -0.278798 0.947578 -0.156100 11.636400 -0.123003 0.125972 0.984379 0.516600 0.000000 0.000000 0.000000 1.000000
0.950162 0.296999 0.094789 5.614200 -0.286145 0.951501 -0.112988 11.636400 -0.123749 0.080234 0.989065 0.516600 0.000000 0.000000 0.000000 1.000000
0.948852 0.298739 0.102149 5.614200 -0.290154 0.952656 -0.090865 11.636400 -0.124457 0.056578 0.990611 0.516600 0.000000 0.000000 0.000000 1.000000
0.948682 0.299207 0.102359 5.614200 -0.290185 0.952318 -0.094250 11.636400 -0.125679 0.059710 0.990272 0.516600 0.000000 0.000000 0.000000 1.000000
0.949127 0.299039 0.098664 5.614200 -0.288120 0.951127 -0.111101 11.636400 -0.127065 0.077021 0.988899 0.516600 0.000000 0.000000 0.000000 1.000000
0.949549 0.298799 0.095264 5.614200 -0.286274 0.949853 -0.125801 11.636400 -0.128076 0.092182 0.987471 0.516600 0.000000 0.000000 0.000000 1.000000
0.950166 0.298019 0.091481 5.614200 -0.283847 0.948387 -0.141396 11.636400 -0.128898 0.108383 0.985717 0.516600 0.000000 0.000000 0.000000 1.000000
0.950956 0.296746 0.087314 5.614200 -0.280880 0.946631 -0.158103 11.636400 -0.129571 0.125825 0.983555 0.516600 0.000000 0.000000 0.000000 1.000000
0.951844 0.295157 0.082916 5.614200 -0.277606 0.944536 -0.175462 11.636400 -0.130106 0.143994 0.980988 0.516600 0.000000 0.000000 0.000000 1.000000
0.952756 0.293431 0.078447 5.614200 -0.274254 0.942090 -0.193008 11.636400 -0.130538 0.162375 0.978056 0.516600 0.000000 0.000000 0.000000 1.000000
0.953621 0.291753 0.074067 5.614200 -0.271045 0.939317 -0.210281 11.636400 -0.130923 0.180452 0.974831 0.516600 0.000000 0.000000 0.000000 1.000000
0.954372 0.290315 0.069932 5.614200 -0.268192 0.936282 -0.226824 11.636400 -0.131326 0.197719 0.971422 0.516600 0.000000 0.000000 0.000000 1.000000
0.954943 0.289312 0.066199 5.614200 -0.265900 0.933083 -0.242184 11.636400 -0.131836 0.213670 0.967969 0.516600 0.000000 0.000000 0.000000 1.000000
0.955270 0.288942 0.063025 5.614200 -0.264368 0.929847 -0.255917 11.636400 -0.132549 0.227808 0.964642 0.516600 0.000000 0.000000 0.000000 1.000000
0.955289 0.289406 0.060563 5.614200 -0.263788 0.926723 -0.267584 11.636400 -0.133566 0.239644 0.961629 0.516600 0.000000 0.000000 0.000000 1.000000</float_array>
        <technique_common>
          <accessor source="#mixamorig_LeftHandPinky1-Matrix-animation-output-transform-array" count="41" stride="16">
            <param type="float4x4"/>
          </accessor>
        </technique_common>
      </source>
      <source id="mixamorig_LeftHandPinky1-Interpolations">
        <Name_array id="mixamorig_LeftHandPinky1-Interpolations-array" count="41">
 LINEAR LINEAR LINEAR LINEAR LINEAR LINEAR LINEAR LINEAR LINEAR LINEAR LINEAR
LINEAR LINEAR LINEAR LINEAR LINEAR LINEAR LINEAR LINEAR LINEAR LINEAR LINEAR LINEAR
LINEAR LINEAR LINEAR LINEAR LINEAR LINEAR LINEAR LINEAR LINEAR LINEAR LINEAR LINEAR
LINEAR LINEAR LINEAR LINEAR LINEAR LINEAR</Name_array>
        <technique_common>
          <accessor source="#mixamorig_LeftHandPinky1-Interpolations-array" count="41">
            <param type="name"/>
          </accessor>
        </technique_common>
      </source>
      <sampler id="mixamorig_LeftHandPinky1-Matrix-animation-transform">
        <input semantic="INPUT" source="#mixamorig_LeftHandPinky1-Matrix-animation-input"/>
        <input semantic="OUTPUT" source="#mixamorig_LeftHandPinky1-Matrix-animation-output-transform"/>
        <input semantic="INTERPOLATION" source="#mixamorig_LeftHandPinky1-Interpolations"/>
      </sampler>
      <channel source="#mixamorig_LeftHandPinky1-Matrix-animation-transform" target="mixamorig_LeftHandPinky1/matrix"/>
    </animation>
    <animation id="mixamorig_LeftHandPinky2-anim" name="mixamorig_LeftHandPinky2">
      <source id="mixamorig_LeftHandPinky2-Matrix-animation-input">
        <float_array id="mixamorig_LeftHandPinky2-Matrix-animation-input-array" count="41">

0.000000 0.033333 0.066667 0.100000 0.133333 0.166667 0.200000 0.233333 0.266667 0.300000 0.333333 0.366667 0.400000 0.433333 0.466667 0.500000
0.533333 0.566667 0.600000 0.633333 0.666667 0.700000 0.733333 0.766667 0.800000 0.833333 0.866667 0.900000 0.933333 0.966667 1.000000 1.033333
1.066667 1.100000 1.133333 1.166667 1.200000 1.233333 1.266667 1.300000 1.333333</float_array>
        <technique_common>
          <accessor source="#mixamorig_LeftHandPinky2-Matrix-animation-input-array" count="41">
            <param name="TIME" type="float"/>
          </accessor>
        </technique_common>
      </source>
      <source id="mixamorig_LeftHandPinky2-Matrix-animation-output-transform">
        <float_array id="mixamorig_LeftHandPinky2-Matrix-animation-output-transform-array" count="656">

0.999900 -0.004260 -0.013464 0.000000 0.001132 0.974528 -0.224261 1.559400 0.014076 0.224224 0.974436 0.000000 0.000000 0.000000 0.000000 1.000000
0.999905 -0.003027 -0.013454 0.000000 0.000133 0.977676 -0.210118 1.559400 0.013789 0.210096 0.977584 0.000000 0.000000 0.000000 0.000000 1.000000
0.999909 -0.002527 -0.013256 0.000000 -0.000312 0.977722 -0.209905 1.559400 0.013491 0.209890 0.977632 0.000000 0.000000 0.000000 0.000000 1.000000
0.999913 -0.002225 -0.012994 0.000000 -0.000597 0.976996 -0.213255 1.559400 0.013170 0.213244 0.976910 0.000000 0.000000 0.000000 0.000000 1.000000
0.999917 -0.001581 -0.012790 0.000000 -0.001138 0.977749 -0.209775 1.559400 0.012837 0.209773 0.977666 0.000000 0.000000 0.000000 0.000000 1.000000
0.999918 0.000289 -0.012806 -0.000000 -0.002620 0.983219 -0.182412 1.559400 0.012539 0.182430 0.983139 0.000000 0.000000 0.000000 0.000000 1.000000
0.999915 0.002514 -0.012771 0.000000 -0.004360 0.989182 -0.146629 1.559400 0.012264 0.146672 0.989109 0.000000 0.000000 0.000000 0.000000 1.000000
0.999918 0.003062 -0.012431 0.000000 -0.004789 0.989939 -0.141410 1.559400 0.011873 0.141458 0.989873 0.000000 0.000000 0.000000 0.000000 1.000000
0.999931 0.000866 -0.011721 -0.000000 -0.003062 0.982046 -0.188614 1.559400 0.011347 0.188637 0.981981 0.000000 0.000000 0.000000 0.000000 1.000000
0.999940 -0.002912 -0.010555 0.000000 -0.000005 0.963858 -0.266416 1.559400 0.010950 0.266400 0.963800 0.000000 0.000000 0.000000 0.000000 1.000000
0.999935 -0.006982 -0.008973 0.000000 0.003399 0.936692 -0.350137 1.559400 0.010849 0.350084 0.936656 0.000000 0.000000 0.000000 0.000000 1.000000
0.999920 -0.010347 -0.007308 -0.000000 0.006317 0.907314 -0.420407 1.559400 0.010980 0.420327 0.907306 -0.000000 0.000000 0.000000 0.000000 1.000000
0.999900 -0.012915 -0.005753 0.000000 0.008636 0.880088 -0.474733 1.559400 0.011194 0.474636 0.880111 -0.000000 0.000000 0.000000 0.000000 1.000000
0.999881 -0.014763 -0.004402 0.000000 0.010403 0.857797 -0.513883 1.559400 0.011363 0.513776 0.857849 0.000000 0.000000 0.000000 0.000000 1.000000
0.999870 -0.015734 -0.003514 0.000000 0.011408 0.844545 -0.535363 1.559400 0.011391 0.535253 0.844615 0.000000 0.000000 0.000000 0.000000 1.000000
0.999869 -0.015839 -0.003192 0.000000 0.011612 0.841806 -0.539655 1.559400 0.011235 0.539548 0.841880 -0.000000 0.000000 0.000000 0.000000 1.000000
0.999880 -0.015115 -0.003454 -0.000000 0.011016 0.849310 -0.527779 1.559400 0.010911 0.527678 0.849374 0.000000 0.000000 0.000000 0.000000 1.000000
0.999900 -0.013444 -0.004296 0.000000 0.009517 0.867039 -0.498149 1.559400 0.010422 0.498058 0.867081 0.000000 0.000000 0.000000 0.000000 1.000000
0.999923 -0.011169 -0.005402 0.000000 0.007469 0.889555 -0.456767 1.559400 0.009908 0.456692 0.889570 0.000000 0.000000 0.000000 0.000000 1.000000
0.999941 -0.008735 -0.006509 0.000000 0.005291 0.911727 -0.410763 1.559400 0.009522 0.410704 0.911719 0.000000 0.000000 0.000000 0.000000 1.000000
0.999950 -0.006608 -0.007456 0.000000 0.003396 0.929615 -0.368516 1.559400 0.009367 0.368473 0.929591 0.000000 0.000000 0.000000 0.000000 1.000000
0.999953 -0.005278 -0.008193 0.000000 0.002182 0.940577 -0.339574 1.559400 0.009498 0.339540 0.940544 0.000000 0.000000 0.000000 0.000000 1.000000
0.999950 -0.003715 -0.009266 0.000000 0.000717 0.952514 -0.304493 1.559400 0.009957 0.304471 0.952469 -0.000000 0.000000 0.000000 0.000000 1.000000
0.999944 -0.002395 -0.010351 -0.000000 -0.000497 0.962651 -0.270746 1.559400 0.010613 0.270736 0.962595 0.000000 0.000000 0.000000 0.000000 1.000000
0.999935 -0.001342 -0.011356 0.000000 -0.001415 0.970950 -0.239279 1.559400 0.011347 0.239279 0.970885 0.000000 0.000000 0.000000 0.000000 1.000000
0.999925 -0.000694 -0.012222 0.000000 -0.001933 0.976910 -0.213644 1.559400 0.012088 0.213652 0.976835 -0.000000 0.000000 0.000000 0.000000 1.000000
0.999917 -0.000529 -0.012891 -0.000000 -0.002011 0.980551 -0.196256 1.559400 0.012744 0.196265 0.980468 0.000000 0.000000 0.000000 0.000000 1.000000
0.999912 -0.000908 -0.013261 0.000000 -0.001617 0.981947 -0.189152 1.559400 0.013193 0.189156 0.981858 0.000000 0.000000 0.000000 0.000000 1.000000
0.999907 -0.001834 -0.013478 -0.000000 -0.000820 0.980939 -0.194316 1.559400 0.013577 0.194309 0.980846 -0.000000 0.000000 0.000000 0.000000 1.000000
0.999903 -0.003348 -0.013510 0.000000 0.000384 0.976914 -0.213634 1.559400 0.013914 0.213608 0.976820 0.000000 0.000000 0.000000 0.000000 1.000000
0.999899 -0.004611 -0.013410 0.000000 0.001371 0.972659 -0.232236 1.559400 0.014114 0.232194 0.972567 0.000000 0.000000 0.000000 0.000000 1.000000
0.999899 -0.004742 -0.013398 0.000000 0.001476 0.972254 -0.233925 1.559400 0.014135 0.233881 0.972162 0.000000 0.000000 0.000000 0.000000 1.000000
0.999899 -0.004690 -0.013406 0.000000 0.001439 0.972506 -0.232871 1.559400 0.014129 0.232829 0.972415 0.000000 0.000000 0.000000 0.000000 1.000000
0.999899 -0.004633 -0.013414 0.000000 0.001399 0.972776 -0.231745 1.559400 0.014123 0.231703 0.972684 0.000000 0.000000 0.000000 0.000000 1.000000
0.999899 -0.004573 -0.013424 0.000000 0.001355 0.973054 -0.230574 1.559400 0.014116 0.230532 0.972962 0.000000 0.000000 0.000000 0.000000 1.000000
0.999900 -0.004513 -0.013432 -0.000000 0.001312 0.973334 -0.229387 1.559400 0.014109 0.229347 0.973243 0.000000 0.000000 0.000000 0.000000 1.000000
0.999900 -0.004454 -0.013442 0.000000 0.001269 0.973610 -0.228216 1.559400 0.014104 0.228176 0.973518 -0.000000 0.000000 0.000000 0.000000 1.000000
0.999900 -0.004398 -0.013450 -0.000000 0.001229 0.973874 -0.227088 1.559400 0.014097 0.227048 0.973781 0.000000 0.000000 0.000000 0.000000 1.000000
0.999900 -0.004345 -0.013457 0.000000 0.001191 0.974119 -0.226033 1.559400 0.014090 0.225995 0.974027 0.000000 0.000000 0.000000 0.000000 1.000000
0.999900 -0.004298 -0.013462 0.000000 0.001158 0.974339 -0.225081 1.559400 0.014084 0.225043 0.974247 0.000000 0.000000 0.000000 0.000000 1.000000
0.999900 -0.004260 -0.013463 0.000000 0.001132 0.974529 -0.224261 1.559400 0.014075 0.224223 0.974436 0.000000 0.000000 0.000000 0.000000 1.000000</float_array>
        <technique_common>
          <accessor source="#mixamorig_LeftHandPinky2-Matrix-animation-output-transform-array" count="41" stride="16">
            <param type="float4x4"/>
          </accessor>
        </technique_common>
      </source>
      <source id="mixamorig_LeftHandPinky2-Interpolations">
        <Name_array id="mixamorig_LeftHandPinky2-Interpolations-array" count="41">
 LINEAR LINEAR LINEAR LINEAR LINEAR LINEAR LINEAR LINEAR LINEAR LINEAR LINEAR
LINEAR LINEAR LINEAR LINEAR LINEAR LINEAR LINEAR LINEAR LINEAR LINEAR LINEAR LINEAR
LINEAR LINEAR LINEAR LINEAR LINEAR LINEAR LINEAR LINEAR LINEAR LINEAR LINEAR LINEAR
LINEAR LINEAR LINEAR LINEAR LINEAR LINEAR</Name_array>
        <technique_common>
          <accessor source="#mixamorig_LeftHandPinky2-Interpolations-array" count="41">
            <param type="name"/>
          </accessor>
        </technique_common>
      </source>
      <sampler id="mixamorig_LeftHandPinky2-Matrix-animation-transform">
        <input semantic="INPUT" source="#mixamorig_LeftHandPinky2-Matrix-animation-input"/>
        <input semantic="OUTPUT" source="#mixamorig_LeftHandPinky2-Matrix-animation-output-transform"/>
        <input semantic="INTERPOLATION" source="#mixamorig_LeftHandPinky2-Interpolations"/>
      </sampler>
      <channel source="#mixamorig_LeftHandPinky2-Matrix-animation-transform" target="mixamorig_LeftHandPinky2/matrix"/>
    </animation>
    <animation id="mixamorig_LeftHandPinky3-anim" name="mixamorig_LeftHandPinky3">
      <source id="mixamorig_LeftHandPinky3-Matrix-animation-input">
        <float_array id="mixamorig_LeftHandPinky3-Matrix-animation-input-array" count="41">

0.000000 0.033333 0.066667 0.100000 0.133333 0.166667 0.200000 0.233333 0.266667 0.300000 0.333333 0.366667 0.400000 0.433333 0.466667 0.500000
0.533333 0.566667 0.600000 0.633333 0.666667 0.700000 0.733333 0.766667 0.800000 0.833333 0.866667 0.900000 0.933333 0.966667 1.000000 1.033333
1.066667 1.100000 1.133333 1.166667 1.200000 1.233333 1.266667 1.300000 1.333333</float_array>
        <technique_common>
          <accessor source="#mixamorig_LeftHandPinky3-Matrix-animation-input-array" count="41">
            <param name="TIME" type="float"/>
          </accessor>
        </technique_common>
      </source>
      <source id="mixamorig_LeftHandPinky3-Matrix-animation-output-transform">
        <float_array id="mixamorig_LeftHandPinky3-Matrix-animation-output-transform-array" count="656">

0.999284 -0.014902 -0.034788 -0.000000 -0.002327 0.893271 -0.449513 1.540600 0.037774 0.449272 0.892596 0.000000 0.000000 0.000000 0.000000 1.000000
0.999323 -0.018127 -0.032027 0.000000 0.002048 0.896319 -0.443406 1.540600 0.036744 0.443040 0.895749 0.000000 0.000000 0.000000 0.000000 1.000000
0.999185 -0.028673 -0.028421 -0.000000 0.012510 0.889225 -0.457298 1.540600 0.038384 0.456570 0.888859 0.000000 0.000000 0.000000 0.000000 1.000000
0.998690 -0.044514 -0.025223 0.000000 0.027158 0.879023 -0.476005 1.540600 0.043361 0.474696 0.879081 0.000000 0.000000 0.000000 0.000000 1.000000
0.997662 -0.063768 -0.024598 0.000000 0.043880 0.873521 -0.484804 1.540600 0.052402 0.482591 0.874277 0.000000 0.000000 0.000000 0.000000 1.000000
0.995999 -0.083952 -0.030635 -0.000000 0.060491 0.885658 -0.460381 1.540600 0.065782 0.456685 0.887193 0.000000 0.000000 0.000000 0.000000 1.000000
0.993685 -0.103319 -0.043765 -0.000000 0.075371 0.903555 -0.421792 1.540600 0.083123 0.415830 0.905636 0.000000 0.000000 0.000000 0.000000 1.000000
0.990764 -0.122641 -0.057835 0.000000 0.087245 0.903101 -0.420473 1.540600 0.103798 0.411544 0.905460 0.000000 0.000000 0.000000 0.000000 1.000000
0.987355 -0.144048 -0.066192 -0.000000 0.095137 0.872408 -0.479430 1.540600 0.126807 0.467070 0.875080 0.000000 0.000000 0.000000 0.000000 1.000000
0.983761 -0.166004 -0.068242 0.000000 0.098230 0.816188 -0.569374 1.540600 0.150216 0.553425 0.819241 0.000000 0.000000 0.000000 0.000000 1.000000
0.980453 -0.185636 -0.065208 0.000000 0.095779 0.739801 -0.665974 1.540600 0.171870 0.646710 0.743120 0.000000 0.000000 0.000000 0.000000 1.000000
0.978111 -0.200744 -0.054778 0.000000 0.089048 0.641738 -0.761737 1.540600 0.188068 0.740186 0.645566 0.000000 0.000000 0.000000 0.000000 1.000000
0.977395 -0.207337 -0.041362 0.000000 0.080651 0.546483 -0.833578 1.540600 0.195436 0.811398 0.550852 0.000000 0.000000 0.000000 0.000000 1.000000
0.977679 -0.206560 -0.038433 0.000000 0.072419 0.503011 -0.861241 1.540600 0.197230 0.839234 0.506742 0.000000 0.000000 0.000000 0.000000 1.000000
0.978054 -0.204157 -0.041593 0.000000 0.065808 0.492113 -0.868040 1.540600 0.197685 0.846253 0.494748 0.000000 0.000000 0.000000 0.000000 1.000000
0.978295 -0.201632 -0.047782 0.000000 0.061702 0.503583 -0.861741 1.540600 0.197816 0.840088 0.505094 -0.000000 0.000000 0.000000 0.000000 1.000000
0.978226 -0.200015 -0.055391 0.000000 0.061022 0.532278 -0.844368 1.540600 0.198370 0.822602 0.532893 0.000000 0.000000 0.000000 0.000000 1.000000
0.977661 -0.200533 -0.062973 0.000000 0.065240 0.574321 -0.816026 1.540600 0.199807 0.793689 0.574574 0.000000 0.000000 0.000000 0.000000 1.000000
0.977015 -0.201560 -0.069395 0.000000 0.072824 0.621539 -0.779991 1.540600 0.200346 0.757009 0.621931 0.000000 0.000000 0.000000 0.000000 1.000000
0.976785 -0.200484 -0.075484 -0.000000 0.080910 0.671523 -0.736553 1.540600 0.198356 0.713347 0.672154 -0.000000 0.000000 0.000000 0.000000 1.000000
0.977377 -0.195625 -0.080403 0.000000 0.086929 0.718106 -0.690483 1.540600 0.192813 0.667873 0.718866 0.000000 0.000000 0.000000 0.000000 1.000000
0.979055 -0.185965 -0.082874 -0.000000 0.088520 0.755379 -0.649282 1.540600 0.183345 0.628346 0.756019 0.000000 0.000000 0.000000 0.000000 1.000000
0.983293 -0.163748 -0.079503 0.000000 0.085649 0.801596 -0.591699 1.540600 0.160619 0.575005 0.802229 0.000000 0.000000 0.000000 0.000000 1.000000
0.987886 -0.137691 -0.071568 -0.000000 0.079098 0.843576 -0.531152 1.540600 0.133508 0.519057 0.844248 0.000000 0.000000 0.000000 0.000000 1.000000
0.992053 -0.109733 -0.061559 0.000000 0.067880 0.878727 -0.472473 1.540600 0.105940 0.464540 0.879193 0.000000 0.000000 0.000000 0.000000 1.000000
0.995331 -0.081371 -0.051911 0.000000 0.052203 0.906222 -0.419566 1.540600 0.081183 0.414897 0.906239 0.000000 0.000000 0.000000 0.000000 1.000000
0.997511 -0.054882 -0.044269 0.000000 0.034180 0.925504 -0.377193 1.540600 0.061672 0.374741 0.925076 -0.000000 0.000000 0.000000 0.000000 1.000000
0.998679 -0.033000 -0.039377 0.000000 0.017136 0.936506 -0.350233 1.540600 0.048435 0.349095 0.935835 0.000000 0.000000 0.000000 0.000000 1.000000
0.999139 -0.018619 -0.037066 0.000000 0.004766 0.939205 -0.343325 1.540600 0.041205 0.342853 0.938485 0.000000 0.000000 0.000000 0.000000 1.000000
0.999229 -0.014603 -0.036454 -0.000000 0.000470 0.932676 -0.360714 1.540600 0.039268 0.360419 0.931964 -0.000000 0.000000 0.000000 0.000000 1.000000
0.999213 -0.016018 -0.036286 0.000000 0.000856 0.923328 -0.384012 1.540600 0.039655 0.383679 0.922615 0.000000 0.000000 0.000000 0.000000 1.000000
0.999217 -0.016057 -0.036155 0.000000 0.000592 0.919887 -0.392183 1.540600 0.039555 0.391854 0.919177 0.000000 0.000000 0.000000 0.000000 1.000000
0.999224 -0.015921 -0.036021 0.000000 0.000248 0.917165 -0.398507 1.540600 0.039381 0.398189 0.916458 0.000000 0.000000 0.000000 0.000000 1.000000
0.999231 -0.015820 -0.035876 -0.000000 -0.000078 0.914189 -0.405288 1.540600 0.039209 0.404979 0.913485 0.000000 0.000000 0.000000 0.000000 1.000000
0.999238 -0.015741 -0.035722 0.000000 -0.000389 0.911034 -0.412332 1.540600 0.039034 0.412031 0.910333 -0.000000 0.000000 0.000000 0.000000 1.000000
0.999245 -0.015669 -0.035561 -0.000000 -0.000692 0.907780 -0.419446 1.540600 0.038854 0.419154 0.907084 0.000000 0.000000 0.000000 0.000000 1.000000
0.999252 -0.015589 -0.035397 0.000000 -0.000995 0.904515 -0.426440 1.540600 0.038665 0.426156 0.903823 0.000000 0.000000 0.000000 0.000000 1.000000
0.999259 -0.015486 -0.035233 0.000000 -0.001303 0.901332 -0.433128 1.540600 0.038464 0.432853 0.900644 0.000000 0.000000 0.000000 0.000000 1.000000
0.999267 -0.015348 -0.035075 0.000000 -0.001623 0.898328 -0.439323 1.540600 0.038251 0.439058 0.897644 0.000000 0.000000 0.000000 0.000000 1.000000
0.999275 -0.015158 -0.034924 -0.000000 -0.001961 0.895605 -0.444845 1.540600 0.038021 0.444591 0.894926 -0.000000 0.000000 0.000000 0.000000 1.000000
0.999284 -0.014902 -0.034788 0.000000 -0.002328 0.893271 -0.449513 1.540600 0.037774 0.449272 0.892596 -0.000000 0.000000 0.000000 0.000000 1.000000</float_array>
        <technique_common>
          <accessor source="#mixamorig_LeftHandPinky3-Matrix-animation-output-transform-array" count="41" stride="16">
            <param type="float4x4"/>
          </accessor>
        </technique_common>
      </source>
      <source id="mixamorig_LeftHandPinky3-Interpolations">
        <Name_array id="mixamorig_LeftHandPinky3-Interpolations-array" count="41">
 LINEAR LINEAR LINEAR LINEAR LINEAR LINEAR LINEAR LINEAR LINEAR LINEAR LINEAR
LINEAR LINEAR LINEAR LINEAR LINEAR LINEAR LINEAR LINEAR LINEAR LINEAR LINEAR LINEAR
LINEAR LINEAR LINEAR LINEAR LINEAR LINEAR LINEAR LINEAR LINEAR LINEAR LINEAR LINEAR
LINEAR LINEAR LINEAR LINEAR LINEAR LINEAR</Name_array>
        <technique_common>
          <accessor source="#mixamorig_LeftHandPinky3-Interpolations-array" count="41">
            <param type="name"/>
          </accessor>
        </technique_common>
      </source>
      <sampler id="mixamorig_LeftHandPinky3-Matrix-animation-transform">
        <input semantic="INPUT" source="#mixamorig_LeftHandPinky3-Matrix-animation-input"/>
        <input semantic="OUTPUT" source="#mixamorig_LeftHandPinky3-Matrix-animation-output-transform"/>
        <input semantic="INTERPOLATION" source="#mixamorig_LeftHandPinky3-Interpolations"/>
      </sampler>
      <channel source="#mixamorig_LeftHandPinky3-Matrix-animation-transform" target="mixamorig_LeftHandPinky3/matrix"/>
    </animation>
    <animation id="mixamorig_RightShoulder-anim" name="mixamorig_RightShoulder">
      <source id="mixamorig_RightShoulder-Matrix-animation-input">
        <float_array id="mixamorig_RightShoulder-Matrix-animation-input-array" count="41">

0.000000 0.033333 0.066667 0.100000 0.133333 0.166667 0.200000 0.233333 0.266667 0.300000 0.333333 0.366667 0.400000 0.433333 0.466667 0.500000
0.533333 0.566667 0.600000 0.633333 0.666667 0.700000 0.733333 0.766667 0.800000 0.833333 0.866667 0.900000 0.933333 0.966667 1.000000 1.033333
1.066667 1.100000 1.133333 1.166667 1.200000 1.233333 1.266667 1.300000 1.333333</float_array>
        <technique_common>
          <accessor source="#mixamorig_RightShoulder-Matrix-animation-input-array" count="41">
            <param name="TIME" type="float"/>
          </accessor>
        </technique_common>
      </source>
      <source id="mixamorig_RightShoulder-Matrix-animation-output-transform">
        <float_array id="mixamorig_RightShoulder-Matrix-animation-output-transform-array" count="656">

0.467271 -0.868124 0.167389 -6.728800 0.013629 -0.182234 -0.983161 11.756700 0.884009 0.461684 -0.073321 -2.058500 0.000000 0.000000 0.000000 1.000000
0.467999 -0.868078 0.165581 -6.728800 0.013211 -0.180473 -0.983491 11.756700 0.883630 0.462460 -0.072993 -2.058500 0.000000 0.000000 0.000000 1.000000
0.468157 -0.867937 0.165876 -6.728800 0.012837 -0.181018 -0.983396 11.756700 0.883552 0.462513 -0.073603 -2.058500 0.000000 0.000000 0.000000 1.000000
0.471458 -0.866417 0.164463 -6.728800 0.012117 -0.180108 -0.983572 11.756700 0.881805 0.465706 -0.074415 -2.058500 0.000000 0.000000 0.000000 1.000000
0.477119 -0.865842 0.150581 -6.728800 0.008213 -0.166940 -0.985933 11.756700 0.878800 0.471644 -0.072539 -2.058500 0.000000 0.000000 0.000000 1.000000
0.482422 -0.865584 0.134289 -6.728800 0.004105 -0.151073 -0.988514 11.756700 0.875929 0.477432 -0.069328 -2.058500 0.000000 0.000000 0.000000 1.000000
0.489506 -0.857697 0.157286 -6.728800 0.010844 -0.174372 -0.984620 11.756700 0.871932 0.483683 -0.076055 -2.058500 0.000000 0.000000 0.000000 1.000000
0.490318 -0.855057 0.168717 -6.728800 0.029964 -0.176932 -0.983767 11.756700 0.871028 0.487414 -0.061132 -2.058500 0.000000 0.000000 0.000000 1.000000
0.475370 -0.859224 0.189095 -6.728800 0.041049 -0.193038 -0.980332 11.756700 0.878828 0.473783 -0.056494 -2.058500 0.000000 0.000000 0.000000 1.000000
0.462429 -0.861349 0.210325 -6.728800 0.042654 -0.215326 -0.975610 11.756700 0.885630 0.460122 -0.062833 -2.058500 0.000000 0.000000 0.000000 1.000000
0.438260 -0.874515 0.207728 -6.728800 0.040731 -0.211546 -0.976519 11.756700 0.897925 0.436431 -0.057092 -2.058500 0.000000 0.000000 0.000000 1.000000
0.423592 -0.877567 0.224604 -6.728800 0.039569 -0.229785 -0.972437 11.756700 0.904988 0.420804 -0.062611 -2.058500 0.000000 0.000000 0.000000 1.000000
0.412002 -0.882235 0.227850 -6.728800 0.039191 -0.232670 -0.971766 11.756700 0.910340 0.409299 -0.061285 -2.058500 0.000000 0.000000 0.000000 1.000000
0.400744 -0.886616 0.230904 -6.728800 0.039735 -0.234970 -0.971190 11.756700 0.915328 0.398373 -0.058933 -2.058500 0.000000 0.000000 0.000000 1.000000
0.387735 -0.890884 0.236617 -6.728800 0.040002 -0.240194 -0.969900 11.756700 0.920902 0.385530 -0.057495 -2.058500 0.000000 0.000000 0.000000 1.000000
0.385356 -0.891240 0.239147 -6.728800 0.039894 -0.242830 -0.969248 11.756700 0.921905 0.383047 -0.058021 -2.058500 0.000000 0.000000 0.000000 1.000000
0.387789 -0.889069 0.243262 -6.728800 0.039316 -0.247719 -0.968034 11.756700 0.920909 0.384957 -0.061108 -2.058500 0.000000 0.000000 0.000000 1.000000
0.407218 -0.879332 0.246877 -6.728800 0.040645 -0.252589 -0.966720 11.756700 0.912426 0.403700 -0.067118 -2.058500 0.000000 0.000000 0.000000 1.000000
0.388550 -0.885947 0.253234 -6.728800 0.038250 -0.259082 -0.965098 11.756700 0.920633 0.384675 -0.066779 -2.058500 0.000000 0.000000 0.000000 1.000000
0.379076 -0.891579 0.247766 -6.728800 0.039203 -0.252036 -0.966923 11.756700 0.924535 0.376251 -0.060588 -2.058500 0.000000 0.000000 0.000000 1.000000
0.385692 -0.889982 0.243258 -6.728800 0.037920 -0.248144 -0.967981 11.756700 0.921848 0.382567 -0.061959 -2.058500 0.000000 0.000000 0.000000 1.000000
0.403336 -0.887682 0.222130 -6.728800 0.039058 -0.225829 -0.973384 11.756700 0.914218 0.401276 -0.056414 -2.058500 0.000000 0.000000 0.000000 1.000000
0.416191 -0.883993 0.212936 -6.728800 0.038192 -0.216980 -0.975429 11.756700 0.908475 0.414097 -0.056544 -2.058500 0.000000 0.000000 0.000000 1.000000
0.422640 -0.881394 0.210999 -6.728800 0.035571 -0.216502 -0.975634 11.756700 0.905599 0.419848 -0.060150 -2.058500 0.000000 0.000000 0.000000 1.000000
0.430626 -0.877380 0.211580 -6.728800 0.033637 -0.218665 -0.975220 11.756700 0.901903 0.427072 -0.064650 -2.058500 0.000000 0.000000 0.000000 1.000000
0.440439 -0.872886 0.209961 -6.728800 0.031579 -0.218659 -0.975290 11.756700 0.897227 0.436186 -0.068741 -2.058500 0.000000 0.000000 0.000000 1.000000
0.445819 -0.870255 0.209526 -6.728800 0.029686 -0.219571 -0.975145 11.756700 0.894631 0.440958 -0.072055 -2.058500 0.000000 0.000000 0.000000 1.000000
0.454097 -0.865167 0.212796 -6.728800 0.027571 -0.225082 -0.973950 11.756700 0.890526 0.448134 -0.078355 -2.058500 0.000000 0.000000 0.000000 1.000000
0.459141 -0.863573 0.208403 -6.728800 0.025474 -0.221697 -0.974783 11.756700 0.887998 0.452872 -0.079791 -2.058500 0.000000 0.000000 0.000000 1.000000
0.463248 -0.863112 0.201093 -6.728800 0.024476 -0.214362 -0.976448 11.756700 0.885891 0.457259 -0.078178 -2.058500 0.000000 0.000000 0.000000 1.000000
0.468677 -0.861222 0.196566 -6.728800 0.023977 -0.210035 -0.977400 11.756700 0.883044 0.462798 -0.077789 -2.058500 0.000000 0.000000 0.000000 1.000000
0.471172 -0.860959 0.191695 -6.728800 0.023299 -0.205107 -0.978462 11.756700 0.881733 0.465491 -0.076581 -2.058500 0.000000 0.000000 0.000000 1.000000
0.464296 -0.865202 0.189353 -6.728800 0.023672 -0.201595 -0.979183 11.756700 0.885364 0.459113 -0.073119 -2.058500 0.000000 0.000000 0.000000 1.000000
0.460123 -0.867902 0.187169 -6.728800 0.023408 -0.198878 -0.979745 11.756700 0.887546 0.455185 -0.071192 -2.058500 0.000000 0.000000 0.000000 1.000000
0.462849 -0.867082 0.184224 -6.728800 0.021803 -0.196626 -0.980236 11.756700 0.886169 0.457718 -0.072103 -2.058500 0.000000 0.000000 0.000000 1.000000
0.467955 -0.865282 0.179733 -6.728800 0.019811 -0.193053 -0.980988 11.756700 0.883530 0.462620 -0.073198 -2.058500 0.000000 0.000000 0.000000 1.000000
0.471447 -0.864421 0.174683 -6.728800 0.017840 -0.188688 -0.981875 11.756700 0.881714 0.466018 -0.073535 -2.058500 0.000000 0.000000 0.000000 1.000000
0.470652 -0.865397 0.171973 -6.728800 0.016663 -0.186157 -0.982379 11.756700 0.882162 0.465224 -0.073195 -2.058500 0.000000 0.000000 0.000000 1.000000
0.465726 -0.868375 0.170363 -6.728800 0.015788 -0.184332 -0.982737 11.756700 0.884788 0.460376 -0.072138 -2.058500 0.000000 0.000000 0.000000 1.000000
0.465517 -0.869009 0.167681 -6.728800 0.014435 -0.181982 -0.983196 11.756700 0.884921 0.460115 -0.072172 -2.058500 0.000000 0.000000 0.000000 1.000000
0.467173 -0.868174 0.167404 -6.728800 0.013632 -0.182240 -0.983160 11.756700 0.884061 0.461588 -0.073302 -2.058500 0.000000 0.000000 0.000000 1.000000</float_array>
        <technique_common>
          <accessor source="#mixamorig_RightShoulder-Matrix-animation-output-transform-array" count="41" stride="16">
            <param type="float4x4"/>
          </accessor>
        </technique_common>
      </source>
      <source id="mixamorig_RightShoulder-Interpolations">
        <Name_array id="mixamorig_RightShoulder-Interpolations-array" count="41">
 LINEAR LINEAR LINEAR LINEAR LINEAR LINEAR LINEAR LINEAR LINEAR LINEAR LINEAR
LINEAR LINEAR LINEAR LINEAR LINEAR LINEAR LINEAR LINEAR LINEAR LINEAR LINEAR LINEAR
LINEAR LINEAR LINEAR LINEAR LINEAR LINEAR LINEAR LINEAR LINEAR LINEAR LINEAR LINEAR
LINEAR LINEAR LINEAR LINEAR LINEAR LINEAR</Name_array>
        <technique_common>
          <accessor source="#mixamorig_RightShoulder-Interpolations-array" count="41">
            <param type="name"/>
          </accessor>
        </technique_common>
      </source>
      <sampler id="mixamorig_RightShoulder-Matrix-animation-transform">
        <input semantic="INPUT" source="#mixamorig_RightShoulder-Matrix-animation-input"/>
        <input semantic="OUTPUT" source="#mixamorig_RightShoulder-Matrix-animation-output-transform"/>
        <input semantic="INTERPOLATION" source="#mixamorig_RightShoulder-Interpolations"/>
      </sampler>
      <channel source="#mixamorig_RightShoulder-Matrix-animation-transform" target="mixamorig_RightShoulder/matrix"/>
    </animation>
    <animation id="mixamorig_RightArm-anim" name="mixamorig_RightArm">
      <source id="mixamorig_RightArm-Matrix-animation-input">
        <float_array id="mixamorig_RightArm-Matrix-animation-input-array" count="41">

0.000000 0.033333 0.066667 0.100000 0.133333 0.166667 0.200000 0.233333 0.266667 0.300000 0.333333 0.366667 0.400000 0.433333 0.466667 0.500000
0.533333 0.566667 0.600000 0.633333 0.666667 0.700000 0.733333 0.766667 0.800000 0.833333 0.866667 0.900000 0.933333 0.966667 1.000000 1.033333
1.066667 1.100000 1.133333 1.166667 1.200000 1.233333 1.266667 1.300000 1.333333</float_array>
        <technique_common>
          <accessor source="#mixamorig_RightArm-Matrix-animation-input-array" count="41">
            <param name="TIME" type="float"/>
          </accessor>
        </technique_common>
      </source>
      <source id="mixamorig_RightArm-Matrix-animation-output-transform">
        <float_array id="mixamorig_RightArm-Matrix-animation-output-transform-array" count="656">

0.181351 0.981538 -0.060788 0.000000 -0.939083 0.154493 -0.307011 14.448800 -0.291952 0.112762 0.949763 0.000000 0.000000 0.000000 0.000000 1.000000
0.193724 0.979511 -0.055039 0.000000 -0.937242 0.168202 -0.305426 14.448800 -0.289910 0.110754 0.950624 -0.000000 0.000000 0.000000 0.000000 1.000000
0.209858 0.976809 -0.042463 0.000000 -0.934986 0.187793 -0.300892 14.448800 -0.285939 0.102847 0.952713 0.000000 0.000000 0.000000 0.000000 1.000000
0.227968 0.973282 -0.027444 0.000000 -0.931275 0.209728 -0.297895 14.448800 -0.284180 0.093469 0.954204 0.000000 0.000000 0.000000 0.000000 1.000000
0.237794 0.971289 -0.007160 0.000000 -0.925965 0.224459 -0.303655 14.448800 -0.293330 0.078837 0.952755 0.000000 0.000000 0.000000 0.000000 1.000000
0.240417 0.970647 0.006620 -0.000000 -0.921979 0.230485 -0.311178 14.448800 -0.303570 0.068709 0.950329 0.000000 0.000000 0.000000 0.000000 1.000000
0.251128 0.967812 0.016559 -0.000000 -0.944660 0.248779 -0.213836 14.448800 -0.211072 0.038057 0.976729 0.000000 0.000000 0.000000 0.000000 1.000000
0.234135 0.971598 -0.034318 0.000000 -0.952087 0.222003 -0.210344 14.448800 -0.196751 0.081923 0.977025 -0.000000 0.000000 0.000000 0.000000 1.000000
0.293449 0.951734 -0.089944 0.000000 -0.927147 0.260406 -0.269420 14.448800 -0.232994 0.162452 0.958813 0.000000 0.000000 0.000000 0.000000 1.000000
0.382394 0.919892 -0.087026 0.000000 -0.882739 0.335863 -0.328585 14.448800 -0.273034 0.202470 0.940456 0.000000 0.000000 0.000000 0.000000 1.000000
0.429554 0.901855 -0.046267 -0.000000 -0.865418 0.396483 -0.306355 14.448800 -0.257944 0.171636 0.950792 0.000000 0.000000 0.000000 0.000000 1.000000
0.501730 0.864080 -0.040393 -0.000000 -0.841510 0.476746 -0.254114 14.448800 -0.200317 0.161488 0.966331 -0.000000 0.000000 0.000000 0.000000 1.000000
0.526613 0.849673 -0.027105 -0.000000 -0.840208 0.515367 -0.168662 14.448800 -0.129338 0.111594 0.985301 -0.000000 0.000000 0.000000 0.000000 1.000000
0.526391 0.850226 0.005295 0.000000 -0.845981 0.524365 -0.096738 14.448800 -0.085026 0.046442 0.995296 0.000000 0.000000 0.000000 0.000000 1.000000
0.545159 0.838282 0.009221 0.000000 -0.835842 0.544354 -0.071047 14.448800 -0.064577 0.031024 0.997430 0.000000 0.000000 0.000000 0.000000 1.000000
0.547868 0.836235 0.023481 0.000000 -0.832927 0.547886 -0.077806 14.448800 -0.077929 0.023069 0.996692 -0.000000 0.000000 0.000000 0.000000 1.000000
0.547686 0.835799 0.038465 0.000000 -0.830830 0.548708 -0.092953 14.448800 -0.098796 0.018951 0.994927 -0.000000 0.000000 0.000000 0.000000 1.000000
0.559683 0.826993 0.053271 -0.000000 -0.820423 0.562009 -0.105131 14.448800 -0.116882 0.015135 0.993031 0.000000 0.000000 0.000000 0.000000 1.000000
0.527415 0.848073 0.051034 0.000000 -0.841294 0.529694 -0.107929 14.448800 -0.118564 0.013988 0.992848 0.000000 0.000000 0.000000 0.000000 1.000000
0.526451 0.848999 0.045285 0.000000 -0.841252 0.527877 -0.116795 14.448800 -0.123063 0.023391 0.992123 0.000000 0.000000 0.000000 0.000000 1.000000
0.511964 0.858113 0.039174 -0.000000 -0.845961 0.511582 -0.150445 14.448800 -0.149140 0.043883 0.987842 0.000000 0.000000 0.000000 0.000000 1.000000
0.490400 0.871092 0.026560 0.000000 -0.851086 0.485249 -0.200464 14.448800 -0.187511 0.075703 0.979341 0.000000 0.000000 0.000000 0.000000 1.000000
0.469574 0.882346 0.031077 -0.000000 -0.856756 0.463892 -0.225331 14.448800 -0.213236 0.079184 0.973787 -0.000000 0.000000 0.000000 0.000000 1.000000
0.441237 0.896538 0.039101 0.000000 -0.866374 0.436938 -0.241829 14.448800 -0.233894 0.072828 0.969531 -0.000000 0.000000 0.000000 0.000000 1.000000
0.418032 0.907380 0.043723 0.000000 -0.874280 0.414923 -0.251939 14.448800 -0.246746 0.067092 0.966755 0.000000 0.000000 0.000000 0.000000 1.000000
0.394873 0.917430 0.048961 0.000000 -0.879168 0.392801 -0.269760 14.448800 -0.266718 0.063476 0.961682 -0.000000 0.000000 0.000000 0.000000 1.000000
0.367543 0.928319 0.056006 0.000000 -0.885364 0.367699 -0.284479 14.448800 -0.284681 0.054972 0.957045 0.000000 0.000000 0.000000 0.000000 1.000000
0.341372 0.937409 0.068776 0.000000 -0.890780 0.346006 -0.294603 14.448800 -0.299960 0.039305 0.953142 0.000000 0.000000 0.000000 0.000000 1.000000
0.313701 0.947234 0.065876 0.000000 -0.895196 0.318171 -0.312075 14.448800 -0.316568 0.038926 0.947771 0.000000 0.000000 0.000000 0.000000 1.000000
0.291466 0.954535 0.062534 -0.000000 -0.900733 0.295872 -0.318025 14.448800 -0.322068 0.036367 0.946018 0.000000 0.000000 0.000000 0.000000 1.000000
0.271365 0.961177 0.050000 0.000000 -0.907486 0.272823 -0.319431 14.448800 -0.320671 0.041308 0.946290 0.000000 0.000000 0.000000 0.000000 1.000000
0.261419 0.964713 0.031448 0.000000 -0.911910 0.257527 -0.319532 14.448800 -0.316355 0.054854 0.947054 -0.000000 0.000000 0.000000 0.000000 1.000000
0.247331 0.968906 0.007002 0.000000 -0.917273 0.236467 -0.320457 14.448800 -0.312148 0.072836 0.947237 0.000000 0.000000 0.000000 0.000000 1.000000
0.234418 0.972020 -0.015024 0.000000 -0.921187 0.217168 -0.322883 14.448800 -0.310586 0.089529 0.946320 0.000000 0.000000 0.000000 0.000000 1.000000
0.223542 0.974291 -0.028046 0.000000 -0.924565 0.202848 -0.322542 14.448800 -0.308560 0.098032 0.946140 0.000000 0.000000 0.000000 0.000000 1.000000
0.213655 0.976192 -0.037437 -0.000000 -0.927989 0.190831 -0.320032 14.448800 -0.305268 0.103117 0.946667 0.000000 0.000000 0.000000 0.000000 1.000000
0.205193 0.977626 -0.046305 0.000000 -0.931576 0.180583 -0.315524 14.448800 -0.300103 0.107880 0.947787 0.000000 0.000000 0.000000 0.000000 1.000000
0.195398 0.979363 -0.051645 0.000000 -0.936123 0.170552 -0.307548 14.448800 -0.292393 0.108440 0.950130 0.000000 0.000000 0.000000 0.000000 1.000000
0.184140 0.981215 -0.057529 0.000000 -0.939730 0.158595 -0.302911 14.448800 -0.288097 0.109840 0.951281 0.000000 0.000000 0.000000 0.000000 1.000000
0.180664 0.981709 -0.060071 0.000000 -0.939849 0.154313 -0.304746 14.448800 -0.289902 0.111514 0.950537 0.000000 0.000000 0.000000 0.000000 1.000000
0.181257 0.981552 -0.060843 -0.000000 -0.939104 0.154388 -0.306999 14.448800 -0.291942 0.112783 0.949763 0.000000 0.000000 0.000000 0.000000 1.000000</float_array>
        <technique_common>
          <accessor source="#mixamorig_RightArm-Matrix-animation-output-transform-array" count="41" stride="16">
            <param type="float4x4"/>
          </accessor>
        </technique_common>
      </source>
      <source id="mixamorig_RightArm-Interpolations">
        <Name_array id="mixamorig_RightArm-Interpolations-array" count="41">
 LINEAR LINEAR LINEAR LINEAR LINEAR LINEAR LINEAR LINEAR LINEAR LINEAR LINEAR
LINEAR LINEAR LINEAR LINEAR LINEAR LINEAR LINEAR LINEAR LINEAR LINEAR LINEAR LINEAR
LINEAR LINEAR LINEAR LINEAR LINEAR LINEAR LINEAR LINEAR LINEAR LINEAR LINEAR LINEAR
LINEAR LINEAR LINEAR LINEAR LINEAR LINEAR</Name_array>
        <technique_common>
          <accessor source="#mixamorig_RightArm-Interpolations-array" count="41">
            <param type="name"/>
          </accessor>
        </technique_common>
      </source>
      <sampler id="mixamorig_RightArm-Matrix-animation-transform">
        <input semantic="INPUT" source="#mixamorig_RightArm-Matrix-animation-input"/>
        <input semantic="OUTPUT" source="#mixamorig_RightArm-Matrix-animation-output-transform"/>
        <input semantic="INTERPOLATION" source="#mixamorig_RightArm-Interpolations"/>
      </sampler>
      <channel source="#mixamorig_RightArm-Matrix-animation-transform" target="mixamorig_RightArm/matrix"/>
    </animation>
    <animation id="mixamorig_RightForeArm-anim" name="mixamorig_RightForeArm">
      <source id="mixamorig_RightForeArm-Matrix-animation-input">
        <float_array id="mixamorig_RightForeArm-Matrix-animation-input-array" count="41">

0.000000 0.033333 0.066667 0.100000 0.133333 0.166667 0.200000 0.233333 0.266667 0.300000 0.333333 0.366667 0.400000 0.433333 0.466667 0.500000
0.533333 0.566667 0.600000 0.633333 0.666667 0.700000 0.733333 0.766667 0.800000 0.833333 0.866667 0.900000 0.933333 0.966667 1.000000 1.033333
1.066667 1.100000 1.133333 1.166667 1.200000 1.233333 1.266667 1.300000 1.333333</float_array>
        <technique_common>
          <accessor source="#mixamorig_RightForeArm-Matrix-animation-input-array" count="41">
            <param name="TIME" type="float"/>
          </accessor>
        </technique_common>
      </source>
      <source id="mixamorig_RightForeArm-Matrix-animation-output-transform">
        <float_array id="mixamorig_RightForeArm-Matrix-animation-output-transform-array" count="656">

0.769989 0.634438 0.067862 0.000000 -0.626862 0.772024 -0.104993 23.160299 -0.119003 0.038303 0.992155 0.000000 0.000000 0.000000 0.000000 1.000000
0.748245 0.660647 0.060629 -0.000000 -0.653371 0.749672 -0.105345 23.160299 -0.115048 0.039210 0.992586 0.000000 0.000000 0.000000 0.000000 1.000000
0.712317 0.699935 0.051931 0.000000 -0.692760 0.713031 -0.108029 23.160299 -0.112641 0.040975 0.992790 -0.000000 0.000000 0.000000 0.000000 1.000000
0.670532 0.740662 0.042504 0.000000 -0.733517 0.670462 -0.111502 23.160299 -0.111082 0.043588 0.992855 0.000000 0.000000 0.000000 0.000000 1.000000
0.633596 0.772920 0.033938 0.000000 -0.765395 0.632616 -0.118182 23.160299 -0.112815 0.048904 0.992412 0.000000 0.000000 0.000000 0.000000 1.000000
0.608980 0.793155 0.006937 0.000000 -0.787332 0.605524 -0.115973 23.160299 -0.096185 0.065164 0.993228 0.000000 0.000000 0.000000 0.000000 1.000000
0.617977 0.786176 -0.005552 0.000000 -0.780878 0.612962 -0.120446 23.160299 -0.091288 0.078769 0.992704 -0.000000 0.000000 0.000000 0.000000 1.000000
0.655454 0.754578 0.031506 0.000000 -0.747680 0.654218 -0.113899 23.160299 -0.106558 0.051099 0.992993 0.000000 0.000000 0.000000 0.000000 1.000000
0.613225 0.789458 0.026678 0.000000 -0.784186 0.612493 -0.099517 23.160299 -0.094904 0.040106 0.994678 0.000000 0.000000 0.000000 0.000000 1.000000
0.575169 0.818034 0.001100 0.000000 -0.815073 0.573200 -0.084242 23.160299 -0.069543 0.047557 0.996445 0.000000 0.000000 0.000000 0.000000 1.000000
0.533106 0.846047 0.001450 0.000000 -0.843846 0.531840 -0.071207 23.160299 -0.061016 0.036737 0.997460 0.000000 0.000000 0.000000 0.000000 1.000000
0.471437 0.881519 0.025917 0.000000 -0.878600 0.472010 -0.072585 23.160299 -0.076219 0.011448 0.997025 -0.000000 0.000000 0.000000 0.000000 1.000000
0.438072 0.898256 0.035064 0.000000 -0.895876 0.439464 -0.065400 23.160299 -0.074155 -0.002763 0.997243 -0.000000 0.000000 0.000000 0.000000 1.000000
0.426148 0.903944 0.035812 0.000000 -0.901557 0.427629 -0.065797 23.160299 -0.074791 -0.004248 0.997190 0.000000 0.000000 0.000000 0.000000 1.000000
0.408607 0.911537 0.046266 0.000000 -0.907966 0.411122 -0.081092 23.160299 -0.092939 -0.008873 0.995632 -0.000000 0.000000 0.000000 0.000000 1.000000
0.386348 0.921301 0.044031 0.000000 -0.916713 0.388819 -0.091966 23.160299 -0.101848 -0.004833 0.994788 0.000000 0.000000 0.000000 0.000000 1.000000
0.358090 0.932680 0.043365 -0.000000 -0.926393 0.360703 -0.108118 23.160299 -0.116481 -0.001457 0.993192 0.000000 0.000000 0.000000 0.000000 1.000000
0.315385 0.948042 0.041815 -0.000000 -0.939450 0.318144 -0.127349 23.160299 -0.134036 0.000881 0.990976 -0.000000 0.000000 0.000000 0.000000 1.000000
0.289029 0.956488 0.039910 -0.000000 -0.948008 0.291769 -0.127089 23.160299 -0.133203 -0.001103 0.991088 -0.000000 0.000000 0.000000 0.000000 1.000000
0.262092 0.964216 0.039944 0.000000 -0.954142 0.265113 -0.139024 23.160299 -0.144639 -0.001675 0.989483 0.000000 0.000000 0.000000 0.000000 1.000000
0.249485 0.967790 0.033753 0.000000 -0.957170 0.251735 -0.143018 23.160299 -0.146909 0.003374 0.989144 0.000000 0.000000 0.000000 0.000000 1.000000
0.251504 0.967650 0.019997 0.000000 -0.957873 0.251817 -0.138088 23.160299 -0.138656 0.015575 0.990218 0.000000 0.000000 0.000000 0.000000 1.000000
0.268797 0.963037 0.017532 0.000000 -0.952277 0.268439 -0.145290 23.160299 -0.144626 0.022358 0.989234 0.000000 0.000000 0.000000 0.000000 1.000000
0.302720 0.952956 0.015349 0.000000 -0.942932 0.301802 -0.140691 23.160299 -0.138705 0.028117 0.989935 0.000000 0.000000 0.000000 0.000000 1.000000
0.332222 0.943100 0.013804 0.000000 -0.933759 0.330927 -0.136315 23.160299 -0.133127 0.032398 0.990569 -0.000000 0.000000 0.000000 0.000000 1.000000
0.377185 0.925936 0.019330 0.000000 -0.915353 0.375887 -0.144356 23.160299 -0.140930 0.036756 0.989337 0.000000 0.000000 0.000000 0.000000 1.000000
0.420706 0.906864 0.024581 -0.000000 -0.895536 0.419476 -0.148511 23.160299 -0.144990 0.040466 0.988605 0.000000 0.000000 0.000000 0.000000 1.000000
0.456931 0.888907 0.032545 0.000000 -0.876106 0.456074 -0.156319 23.160299 -0.153796 0.042914 0.987170 0.000000 0.000000 0.000000 0.000000 1.000000
0.495635 0.867863 0.034072 0.000000 -0.855490 0.494589 -0.153359 23.160299 -0.149946 0.046862 0.987583 0.000000 0.000000 0.000000 0.000000 1.000000
0.528203 0.848291 0.037458 -0.000000 -0.835758 0.527181 -0.153586 23.160299 -0.150032 0.049819 0.987425 0.000000 0.000000 0.000000 0.000000 1.000000
0.559513 0.828101 0.034559 -0.000000 -0.817214 0.558151 -0.143627 23.160299 -0.138227 0.052119 0.989028 0.000000 0.000000 0.000000 0.000000 1.000000
0.584950 0.810545 0.029164 0.000000 -0.801917 0.583362 -0.128911 23.160299 -0.121502 0.052019 0.991227 0.000000 0.000000 0.000000 0.000000 1.000000
0.613188 0.789495 0.026438 0.000000 -0.782444 0.611630 -0.117005 23.160299 -0.108545 0.051060 0.992779 -0.000000 0.000000 0.000000 0.000000 1.000000
0.646445 0.762317 0.031334 0.000000 -0.755442 0.645285 -0.113643 23.160299 -0.106852 0.049793 0.993027 -0.000000 0.000000 0.000000 0.000000 1.000000
0.676406 0.735466 0.039548 -0.000000 -0.728183 0.675837 -0.113988 23.160299 -0.110562 0.048304 0.992695 0.000000 0.000000 0.000000 0.000000 1.000000
0.700881 0.711635 0.048378 0.000000 -0.703794 0.700993 -0.115250 23.160299 -0.115929 0.046728 0.992158 -0.000000 0.000000 0.000000 0.000000 1.000000
0.719402 0.692233 0.057226 0.000000 -0.683771 0.720272 -0.116899 23.160299 -0.122140 0.044968 0.991494 -0.000000 0.000000 0.000000 0.000000 1.000000
0.734722 0.675483 0.062498 0.000000 -0.666981 0.736126 -0.115129 23.160299 -0.123774 0.042903 0.991383 0.000000 0.000000 0.000000 0.000000 1.000000
0.749214 0.659057 0.065741 0.000000 -0.650806 0.750979 -0.111723 23.160299 -0.123002 0.040920 0.991562 0.000000 0.000000 0.000000 0.000000 1.000000
0.761484 0.644606 0.068018 0.000000 -0.636615 0.763501 -0.108571 23.160299 -0.121918 0.039374 0.991759 0.000000 0.000000 0.000000 0.000000 1.000000
0.769991 0.634436 0.067864 -0.000000 -0.626859 0.772026 -0.104994 23.160299 -0.119004 0.038303 0.992155 0.000000 0.000000 0.000000 0.000000 1.000000</float_array>
        <technique_common>
          <accessor source="#mixamorig_RightForeArm-Matrix-animation-output-transform-array" count="41" stride="16">
            <param type="float4x4"/>
          </accessor>
        </technique_common>
      </source>
      <source id="mixamorig_RightForeArm-Interpolations">
        <Name_array id="mixamorig_RightForeArm-Interpolations-array" count="41">
 LINEAR LINEAR LINEAR LINEAR LINEAR LINEAR LINEAR LINEAR LINEAR LINEAR LINEAR
LINEAR LINEAR LINEAR LINEAR LINEAR LINEAR LINEAR LINEAR LINEAR LINEAR LINEAR LINEAR
LINEAR LINEAR LINEAR LINEAR LINEAR LINEAR LINEAR LINEAR LINEAR LINEAR LINEAR LINEAR
LINEAR LINEAR LINEAR LINEAR LINEAR LINEAR</Name_array>
        <technique_common>
          <accessor source="#mixamorig_RightForeArm-Interpolations-array" count="41">
            <param type="name"/>
          </accessor>
        </technique_common>
      </source>
      <sampler id="mixamorig_RightForeArm-Matrix-animation-transform">
        <input semantic="INPUT" source="#mixamorig_RightForeArm-Matrix-animation-input"/>
        <input semantic="OUTPUT" source="#mixamorig_RightForeArm-Matrix-animation-output-transform"/>
        <input semantic="INTERPOLATION" source="#mixamorig_RightForeArm-Interpolations"/>
      </sampler>
      <channel source="#mixamorig_RightForeArm-Matrix-animation-transform" target="mixamorig_RightForeArm/matrix"/>
    </animation>
    <animation id="mixamorig_RightHand-anim" name="mixamorig_RightHand">
      <source id="mixamorig_RightHand-Matrix-animation-input">
        <float_array id="mixamorig_RightHand-Matrix-animation-input-array" count="41">

0.000000 0.033333 0.066667 0.100000 0.133333 0.166667 0.200000 0.233333 0.266667 0.300000 0.333333 0.366667 0.400000 0.433333 0.466667 0.500000
0.533333 0.566667 0.600000 0.633333 0.666667 0.700000 0.733333 0.766667 0.800000 0.833333 0.866667 0.900000 0.933333 0.966667 1.000000 1.033333
1.066667 1.100000 1.133333 1.166667 1.200000 1.233333 1.266667 1.300000 1.333333</float_array>
        <technique_common>
          <accessor source="#mixamorig_RightHand-Matrix-animation-input-array" count="41">
            <param name="TIME" type="float"/>
          </accessor>
        </technique_common>
      </source>
      <source id="mixamorig_RightHand-Matrix-animation-output-transform">
        <float_array id="mixamorig_RightHand-Matrix-animation-output-transform-array" count="656">

0.982008 0.188116 0.016505 0.000000 -0.180886 0.911954 0.368266 24.071699 0.054225 -0.364625 0.929574 0.000000 0.000000 0.000000 0.000000 1.000000
0.983591 0.179993 0.012258 0.000000 -0.172118 0.915850 0.362759 24.071699 0.054067 -0.358916 0.931803 -0.000000 0.000000 0.000000 0.000000 1.000000
0.988027 0.154171 0.005774 0.000000 -0.146133 0.923205 0.355439 24.071699 0.049468 -0.352028 0.934681 0.000000 0.000000 0.000000 0.000000 1.000000
0.992637 0.121083 -0.003402 0.000000 -0.112553 0.932361 0.343563 24.071699 0.044771 -0.340650 0.939123 0.000000 0.000000 0.000000 0.000000 1.000000
0.994799 0.101112 -0.012284 0.000000 -0.092620 0.948175 0.303950 24.071699 0.042380 -0.301231 0.952609 0.000000 0.000000 0.000000 0.000000 1.000000
0.985420 0.169936 0.008339 0.000000 -0.167900 0.963349 0.209209 24.071699 0.027519 -0.207558 0.977835 0.000000 0.000000 0.000000 0.000000 1.000000
0.959430 0.274232 0.065503 -0.000000 -0.281932 0.935494 0.212992 24.071699 -0.002869 -0.222818 0.974856 -0.000000 0.000000 0.000000 0.000000 1.000000
0.953921 0.299748 0.013608 0.000000 -0.296672 0.935397 0.192402 24.071699 0.044943 -0.187573 0.981222 0.000000 0.000000 0.000000 0.000000 1.000000
0.977520 0.195246 -0.079590 0.000000 -0.184466 0.974772 0.125662 24.071699 0.102117 -0.108156 0.988875 0.000000 0.000000 0.000000 0.000000 1.000000
0.984146 0.091608 -0.151870 0.000000 -0.083996 0.994902 0.055818 24.071699 0.156209 -0.042177 0.986823 0.000000 0.000000 0.000000 0.000000 1.000000
0.985218 0.045756 -0.165082 0.000000 -0.045876 0.998942 0.003085 24.071699 0.165048 0.004534 0.986275 -0.000000 0.000000 0.000000 0.000000 1.000000
0.976791 0.069670 -0.202549 -0.000000 -0.075899 0.996847 -0.023139 24.071699 0.200299 0.037975 0.978999 0.000000 0.000000 0.000000 0.000000 1.000000
0.980566 0.101265 -0.168035 -0.000000 -0.106112 0.994151 -0.020098 24.071699 0.165017 0.037538 0.985576 0.000000 0.000000 0.000000 0.000000 1.000000
0.984902 0.107283 -0.135865 -0.000000 -0.113116 0.992932 -0.035939 24.071699 0.131049 0.050765 0.990075 0.000000 0.000000 0.000000 0.000000 1.000000
0.983558 0.099621 -0.150628 0.000000 -0.108964 0.992519 -0.055079 24.071699 0.144014 0.070586 0.987055 -0.000000 0.000000 0.000000 0.000000 1.000000
0.984640 0.075265 -0.157543 -0.000000 -0.085584 0.994537 -0.059769 24.071699 0.152184 0.072334 0.985702 0.000000 0.000000 0.000000 0.000000 1.000000
0.987155 0.044594 -0.153415 0.000000 -0.055038 0.996398 -0.064514 24.071699 0.149985 0.072129 0.986054 0.000000 0.000000 0.000000 0.000000 1.000000
0.989453 0.014837 -0.144094 -0.000000 -0.023563 0.997977 -0.059041 24.071699 0.142926 0.061814 0.987801 0.000000 0.000000 0.000000 0.000000 1.000000
0.992818 -0.043229 -0.111551 0.000000 0.039395 0.998562 -0.036352 24.071699 0.112962 0.031696 0.993094 0.000000 0.000000 0.000000 0.000000 1.000000
0.989761 -0.100154 -0.101698 0.000000 0.099547 0.994972 -0.011042 24.071699 0.102293 0.000805 0.994754 0.000000 0.000000 0.000000 0.000000 1.000000
0.984479 -0.139258 -0.106806 0.000000 0.142688 0.989449 0.025133 24.071699 0.102179 -0.039982 0.993962 -0.000000 0.000000 0.000000 0.000000 1.000000
0.979664 -0.158888 -0.122527 -0.000000 0.167591 0.983759 0.064278 24.071699 0.110325 -0.083505 0.990381 0.000000 0.000000 0.000000 0.000000 1.000000
0.977964 -0.164589 -0.128443 -0.000000 0.177337 0.979552 0.095024 24.071699 0.110177 -0.115708 0.987154 0.000000 0.000000 0.000000 0.000000 1.000000
0.981439 -0.152570 -0.116191 0.000000 0.166452 0.978599 0.120987 24.071699 0.095245 -0.138082 0.985831 0.000000 0.000000 0.000000 0.000000 1.000000
0.984855 -0.137920 -0.105066 -0.000000 0.152264 0.977844 0.143658 24.071699 0.082925 -0.157480 0.984034 0.000000 0.000000 0.000000 0.000000 1.000000
0.987879 -0.106977 -0.112479 -0.000000 0.123543 0.980556 0.152466 24.071699 0.093981 -0.164514 0.981887 0.000000 0.000000 0.000000 0.000000 1.000000
0.989994 -0.083922 -0.113437 0.000000 0.101297 0.982342 0.157300 24.071699 0.098233 -0.167217 0.981014 0.000000 0.000000 0.000000 0.000000 1.000000
0.990293 -0.075684 -0.116581 -0.000000 0.093977 0.982568 0.160403 24.071699 0.102409 -0.169802 0.980143 -0.000000 0.000000 0.000000 0.000000 1.000000
0.991769 -0.059697 -0.113271 0.000000 0.079123 0.981272 0.175626 24.071699 0.100665 -0.183143 0.977919 0.000000 0.000000 0.000000 0.000000 1.000000
0.993826 -0.043574 -0.102039 0.000000 0.063429 0.977683 0.200279 24.071699 0.091034 -0.205515 0.974411 0.000000 0.000000 0.000000 0.000000 1.000000
0.996243 -0.027196 -0.082224 -0.000000 0.045804 0.971220 0.233737 24.071699 0.073501 -0.236626 0.968817 0.000000 0.000000 0.000000 0.000000 1.000000
0.998231 -0.010974 -0.058431 0.000000 0.026252 0.963173 0.267597 24.071699 0.053343 -0.268657 0.961758 -0.000000 0.000000 0.000000 0.000000 1.000000
0.999153 0.014803 -0.038383 -0.000000 -0.002674 0.954412 0.298480 24.071699 0.041051 -0.298125 0.953644 0.000000 0.000000 0.000000 0.000000 1.000000
0.998290 0.051421 -0.027790 0.000000 -0.039685 0.945348 0.323638 24.071699 0.042913 -0.321982 0.945773 0.000000 0.000000 0.000000 0.000000 1.000000
0.996279 0.084169 -0.018523 -0.000000 -0.072715 0.936306 0.343575 24.071699 0.046261 -0.340950 0.938943 -0.000000 0.000000 0.000000 0.000000 1.000000
0.993716 0.111480 -0.010028 -0.000000 -0.100398 0.927352 0.360470 24.071699 0.049484 -0.357198 0.932717 0.000000 0.000000 0.000000 0.000000 1.000000
0.990977 0.133995 -0.003196 0.000000 -0.123146 0.919639 0.372959 24.071699 0.052914 -0.369200 0.927842 0.000000 0.000000 0.000000 0.000000 1.000000
0.988780 0.149239 0.006430 0.000000 -0.140808 0.916823 0.373642 24.071699 0.049866 -0.370355 0.927551 0.000000 0.000000 0.000000 0.000000 1.000000
0.986495 0.163269 0.013066 -0.000000 -0.156206 0.913818 0.374881 24.071699 0.049266 -0.371859 0.926981 0.000000 0.000000 0.000000 0.000000 1.000000
0.984068 0.177153 0.015059 -0.000000 -0.169911 0.912132 0.373022 24.071699 0.052346 -0.369638 0.927700 0.000000 0.000000 0.000000 0.000000 1.000000
0.982008 0.188119 0.016506 0.000000 -0.180889 0.911954 0.368265 24.071699 0.054225 -0.364625 0.929574 -0.000000 0.000000 0.000000 0.000000 1.000000</float_array>
        <technique_common>
          <accessor source="#mixamorig_RightHand-Matrix-animation-output-transform-array" count="41" stride="16">
            <param type="float4x4"/>
          </accessor>
        </technique_common>
      </source>
      <source id="mixamorig_RightHand-Interpolations">
        <Name_array id="mixamorig_RightHand-Interpolations-array" count="41">
 LINEAR LINEAR LINEAR LINEAR LINEAR LINEAR LINEAR LINEAR LINEAR LINEAR LINEAR
LINEAR LINEAR LINEAR LINEAR LINEAR LINEAR LINEAR LINEAR LINEAR LINEAR LINEAR LINEAR
LINEAR LINEAR LINEAR LINEAR LINEAR LINEAR LINEAR LINEAR LINEAR LINEAR LINEAR LINEAR
LINEAR LINEAR LINEAR LINEAR LINEAR LINEAR</Name_array>
        <technique_common>
          <accessor source="#mixamorig_RightHand-Interpolations-array" count="41">
            <param type="name"/>
          </accessor>
        </technique_common>
      </source>
      <sampler id="mixamorig_RightHand-Matrix-animation-transform">
        <input semantic="INPUT" source="#mixamorig_RightHand-Matrix-animation-input"/>
        <input semantic="OUTPUT" source="#mixamorig_RightHand-Matrix-animation-output-transform"/>
        <input semantic="INTERPOLATION" source="#mixamorig_RightHand-Interpolations"/>
      </sampler>
      <channel source="#mixamorig_RightHand-Matrix-animation-transform" target="mixamorig_RightHand/matrix"/>
    </animation>
    <animation id="mixamorig_RightHandThumb1-anim" name="mixamorig_RightHandThumb1">
      <source id="mixamorig_RightHandThumb1-Matrix-animation-input">
        <float_array id="mixamorig_RightHandThumb1-Matrix-animation-input-array" count="41">

0.000000 0.033333 0.066667 0.100000 0.133333 0.166667 0.200000 0.233333 0.266667 0.300000 0.333333 0.366667 0.400000 0.433333 0.466667 0.500000
0.533333 0.566667 0.600000 0.633333 0.666667 0.700000 0.733333 0.766667 0.800000 0.833333 0.866667 0.900000 0.933333 0.966667 1.000000 1.033333
1.066667 1.100000 1.133333 1.166667 1.200000 1.233333 1.266667 1.300000 1.333333</float_array>
        <technique_common>
          <accessor source="#mixamorig_RightHandThumb1-Matrix-animation-input-array" count="41">
            <param name="TIME" type="float"/>
          </accessor>
        </technique_common>
      </source>
      <source id="mixamorig_RightHandThumb1-Matrix-animation-output-transform">
        <float_array id="mixamorig_RightHandThumb1-Matrix-animation-output-transform-array" count="656">

0.168316 0.403239 -0.899482 1.509000 -0.684488 0.704442 0.187717 4.173400 0.709328 0.584089 0.394582 1.927000 0.000000 0.000000 0.000000 1.000000
0.168316 0.403239 -0.899482 1.509000 -0.684488 0.704441 0.187717 4.173400 0.709327 0.584089 0.394581 1.927000 0.000000 0.000000 0.000000 1.000000
0.168316 0.403240 -0.899482 1.509000 -0.684488 0.704442 0.187718 4.173400 0.709328 0.584089 0.394581 1.927000 0.000000 0.000000 0.000000 1.000000
0.168316 0.403240 -0.899482 1.509000 -0.684488 0.704442 0.187718 4.173400 0.709328 0.584089 0.394581 1.927000 0.000000 0.000000 0.000000 1.000000
0.168316 0.403239 -0.899482 1.509000 -0.684488 0.704442 0.187717 4.173400 0.709328 0.584089 0.394581 1.927000 0.000000 0.000000 0.000000 1.000000
0.147386 0.389883 -0.908993 1.509000 -0.677585 0.709296 0.194364 4.173400 0.720525 0.587274 0.368719 1.927000 0.000000 0.000000 0.000000 1.000000
0.029665 0.318257 -0.947540 1.509000 -0.643489 0.731474 0.225540 4.173400 0.764880 0.603041 0.226494 1.927000 0.000000 0.000000 0.000000 1.000000
-0.061642 0.266139 -0.961962 1.509000 -0.627872 0.738866 0.244650 4.173400 0.775871 0.619070 0.121556 1.927000 0.000000 0.000000 0.000000 1.000000
-0.082214 0.255548 -0.963294 1.509000 -0.639443 0.727856 0.247664 4.173400 0.764430 0.636334 0.103568 1.927000 0.000000 0.000000 0.000000 1.000000
-0.100962 0.245576 -0.964105 1.509000 -0.653554 0.714267 0.250378 4.173400 0.750115 0.655374 0.088383 1.927000 0.000000 0.000000 0.000000 1.000000
-0.117758 0.236391 -0.964496 1.509000 -0.668975 0.698911 0.252975 4.173400 0.733898 0.675013 0.075837 1.927000 0.000000 0.000000 0.000000 1.000000
-0.132500 0.228213 -0.964553 1.509000 -0.684556 0.682693 0.255562 4.173400 0.716817 0.694153 0.065768 1.927000 0.000000 0.000000 0.000000 1.000000
-0.145109 0.221318 -0.964345 1.509000 -0.699256 0.666611 0.258208 4.173400 0.699989 0.711792 0.058027 1.927000 0.000000 0.000000 0.000000 1.000000
-0.155516 0.216039 -0.963920 1.509000 -0.712139 0.651733 0.260965 4.173400 0.684597 0.727029 0.052495 1.927000 0.000000 0.000000 0.000000 1.000000
-0.163651 0.212757 -0.963303 1.509000 -0.722363 0.639182 0.263890 4.173400 0.671870 0.739041 0.049085 1.927000 0.000000 0.000000 0.000000 1.000000
-0.169425 0.211886 -0.962496 1.509000 -0.729149 0.630095 0.267060 4.173400 0.663051 0.747051 0.047743 1.927000 0.000000 0.000000 0.000000 1.000000
-0.172717 0.213853 -0.961476 1.509000 -0.731725 0.625587 0.270590 4.173400 0.659354 0.750271 0.048432 1.927000 0.000000 0.000000 0.000000 1.000000
-0.166305 0.221218 -0.960940 1.509000 -0.730966 0.626421 0.270713 4.173400 0.661839 0.747435 0.057526 1.927000 0.000000 0.000000 0.000000 1.000000
-0.145981 0.234853 -0.961007 1.509000 -0.728606 0.631581 0.265025 4.173400 0.669195 0.738884 0.078917 1.927000 0.000000 0.000000 0.000000 1.000000
-0.116117 0.252616 -0.960574 1.509000 -0.725015 0.639464 0.255811 4.173400 0.678874 0.726134 0.108898 1.927000 0.000000 0.000000 0.000000 1.000000
-0.081190 0.272342 -0.958769 1.509000 -0.720600 0.648531 0.245239 4.173400 0.688581 0.710800 0.143595 1.927000 0.000000 0.000000 0.000000 1.000000
-0.045798 0.291857 -0.955365 1.509000 -0.715918 0.657394 0.235149 4.173400 0.696681 0.694732 0.178839 1.927000 0.000000 0.000000 0.000000 1.000000
-0.014589 0.309006 -0.950948 1.509000 -0.711671 0.664843 0.226955 4.173400 0.702361 0.680073 0.210211 1.927000 0.000000 0.000000 0.000000 1.000000
0.016941 0.326006 -0.945216 1.509000 -0.707255 0.672136 0.219144 4.173400 0.706756 0.664796 0.241956 1.927000 0.000000 0.000000 0.000000 1.000000
0.053525 0.345104 -0.937037 1.509000 -0.701938 0.680421 0.210499 4.173400 0.710224 0.646475 0.278661 1.927000 0.000000 0.000000 0.000000 1.000000
0.090872 0.364238 -0.926862 1.509000 -0.696358 0.688585 0.202327 4.173400 0.711918 0.627042 0.316213 1.927000 0.000000 0.000000 0.000000 1.000000
0.124777 0.381406 -0.915948 1.509000 -0.691197 0.695709 0.195538 4.173400 0.711813 0.608702 0.350435 1.927000 0.000000 0.000000 0.000000 1.000000
0.151197 0.394684 -0.906291 1.509000 -0.687135 0.701063 0.190673 4.173400 0.710623 0.593915 0.377200 1.927000 0.000000 0.000000 0.000000 1.000000
0.166252 0.402210 -0.900326 1.509000 -0.684808 0.704037 0.188066 4.173400 0.709505 0.585285 0.392484 1.927000 0.000000 0.000000 0.000000 1.000000
0.168316 0.403240 -0.899482 1.509000 -0.684488 0.704442 0.187718 4.173400 0.709328 0.584089 0.394582 1.927000 0.000000 0.000000 0.000000 1.000000
0.168316 0.403239 -0.899482 1.509000 -0.684489 0.704441 0.187717 4.173400 0.709327 0.584089 0.394581 1.927000 0.000000 0.000000 0.000000 1.000000
0.168316 0.403240 -0.899482 1.509000 -0.684489 0.704441 0.187717 4.173400 0.709327 0.584089 0.394582 1.927000 0.000000 0.000000 0.000000 1.000000
0.168316 0.403239 -0.899482 1.509000 -0.684489 0.704442 0.187717 4.173400 0.709327 0.584089 0.394582 1.927000 0.000000 0.000000 0.000000 1.000000
0.168317 0.403239 -0.899482 1.509000 -0.684488 0.704442 0.187717 4.173400 0.709327 0.584089 0.394582 1.927000 0.000000 0.000000 0.000000 1.000000
0.168317 0.403240 -0.899482 1.509000 -0.684488 0.704442 0.187717 4.173400 0.709327 0.584089 0.394582 1.927000 0.000000 0.000000 0.000000 1.000000
0.168316 0.403240 -0.899482 1.509000 -0.684488 0.704442 0.187717 4.173400 0.709327 0.584089 0.394582 1.927000 0.000000 0.000000 0.000000 1.000000
0.168316 0.403239 -0.899482 1.509000 -0.684489 0.704441 0.187717 4.173400 0.709327 0.584090 0.394581 1.927000 0.000000 0.000000 0.000000 1.000000
0.168316 0.403239 -0.899482 1.509000 -0.684489 0.704441 0.187717 4.173400 0.709327 0.584090 0.394581 1.927000 0.000000 0.000000 0.000000 1.000000
0.168316 0.403239 -0.899482 1.509000 -0.684489 0.704441 0.187717 4.173400 0.709327 0.584090 0.394581 1.927000 0.000000 0.000000 0.000000 1.000000
0.168316 0.403239 -0.899482 1.509000 -0.684489 0.704441 0.187717 4.173400 0.709327 0.584089 0.394582 1.927000 0.000000 0.000000 0.000000 1.000000
0.168316 0.403240 -0.899482 1.509000 -0.684489 0.704441 0.187718 4.173400 0.709327 0.584089 0.394582 1.927000 0.000000 0.000000 0.000000 1.000000</float_array>
        <technique_common>
          <accessor source="#mixamorig_RightHandThumb1-Matrix-animation-output-transform-array" count="41" stride="16">
            <param type="float4x4"/>
          </accessor>
        </technique_common>
      </source>
      <source id="mixamorig_RightHandThumb1-Interpolations">
        <Name_array id="mixamorig_RightHandThumb1-Interpolations-array" count="41">
 LINEAR LINEAR LINEAR LINEAR LINEAR LINEAR LINEAR LINEAR LINEAR LINEAR LINEAR
LINEAR LINEAR LINEAR LINEAR LINEAR LINEAR LINEAR LINEAR LINEAR LINEAR LINEAR LINEAR
LINEAR LINEAR LINEAR LINEAR LINEAR LINEAR LINEAR LINEAR LINEAR LINEAR LINEAR LINEAR
LINEAR LINEAR LINEAR LINEAR LINEAR LINEAR</Name_array>
        <technique_common>
          <accessor source="#mixamorig_RightHandThumb1-Interpolations-array" count="41">
            <param type="name"/>
          </accessor>
        </technique_common>
      </source>
      <sampler id="mixamorig_RightHandThumb1-Matrix-animation-transform">
        <input semantic="INPUT" source="#mixamorig_RightHandThumb1-Matrix-animation-input"/>
        <input semantic="OUTPUT" source="#mixamorig_RightHandThumb1-Matrix-animation-output-transform"/>
        <input semantic="INTERPOLATION" source="#mixamorig_RightHandThumb1-Interpolations"/>
      </sampler>
      <channel source="#mixamorig_RightHandThumb1-Matrix-animation-transform" target="mixamorig_RightHandThumb1/matrix"/>
    </animation>
    <animation id="mixamorig_RightHandThumb2-anim" name="mixamorig_RightHandThumb2">
      <source id="mixamorig_RightHandThumb2-Matrix-animation-input">
        <float_array id="mixamorig_RightHandThumb2-Matrix-animation-input-array" count="41">

0.000000 0.033333 0.066667 0.100000 0.133333 0.166667 0.200000 0.233333 0.266667 0.300000 0.333333 0.366667 0.400000 0.433333 0.466667 0.500000
0.533333 0.566667 0.600000 0.633333 0.666667 0.700000 0.733333 0.766667 0.800000 0.833333 0.866667 0.900000 0.933333 0.966667 1.000000 1.033333
1.066667 1.100000 1.133333 1.166667 1.200000 1.233333 1.266667 1.300000 1.333333</float_array>
        <technique_common>
          <accessor source="#mixamorig_RightHandThumb2-Matrix-animation-input-array" count="41">
            <param name="TIME" type="float"/>
          </accessor>
        </technique_common>
      </source>
      <source id="mixamorig_RightHandThumb2-Matrix-animation-output-transform">
        <float_array id="mixamorig_RightHandThumb2-Matrix-animation-output-transform-array" count="656">

0.966645 -0.168865 0.192566 0.000000 0.187882 0.978501 -0.085065 3.870400 -0.174062 0.118407 0.977590 -0.000000 0.000000 0.000000 0.000000 1.000000
0.966644 -0.168864 0.192571 0.000000 0.187882 0.978501 -0.085068 3.870400 -0.174066 0.118412 0.977589 -0.000000 0.000000 0.000000 0.000000 1.000000
0.966644 -0.168862 0.192576 -0.000000 0.187881 0.978501 -0.085071 3.870400 -0.174070 0.118415 0.977588 0.000000 0.000000 0.000000 0.000000 1.000000
0.966643 -0.168860 0.192581 0.000000 0.187881 0.978500 -0.085075 3.870400 -0.174075 0.118420 0.977586 0.000000 0.000000 0.000000 0.000000 1.000000
0.966643 -0.168858 0.192585 0.000000 0.187880 0.978500 -0.085079 3.870400 -0.174079 0.118424 0.977585 0.000000 0.000000 0.000000 0.000000 1.000000
0.964324 -0.181451 0.192757 -0.000000 0.201178 0.975586 -0.088085 3.870400 -0.172068 0.123721 0.977285 0.000000 0.000000 0.000000 0.000000 1.000000
0.949414 -0.246729 0.194264 0.000000 0.269992 0.957260 -0.103723 3.870400 -0.160370 0.150925 0.975450 0.000000 0.000000 0.000000 0.000000 1.000000
0.937302 -0.288318 0.195800 -0.000000 0.313732 0.942675 -0.113741 3.870400 -0.151782 0.168039 0.974025 0.000000 0.000000 0.000000 0.000000 1.000000
0.937322 -0.288372 0.195624 -0.000000 0.313743 0.942680 -0.113665 3.870400 -0.151633 0.167917 0.974070 -0.000000 0.000000 0.000000 0.000000 1.000000
0.937336 -0.288402 0.195513 0.000000 0.313748 0.942683 -0.113630 3.870400 -0.151536 0.167851 0.974096 -0.000000 0.000000 0.000000 0.000000 1.000000
0.937345 -0.288410 0.195460 0.000000 0.313747 0.942683 -0.113627 3.870400 -0.151485 0.167832 0.974107 0.000000 0.000000 0.000000 0.000000 1.000000
0.937348 -0.288402 0.195453 0.000000 0.313741 0.942683 -0.113648 3.870400 -0.151474 0.167850 0.974106 0.000000 0.000000 0.000000 0.000000 1.000000
0.937347 -0.288382 0.195488 0.000000 0.313733 0.942681 -0.113686 3.870400 -0.151498 0.167894 0.974094 0.000000 0.000000 0.000000 0.000000 1.000000
0.937343 -0.288354 0.195553 -0.000000 0.313723 0.942678 -0.113734 3.870400 -0.151547 0.167957 0.974076 0.000000 0.000000 0.000000 0.000000 1.000000
0.937334 -0.288324 0.195640 0.000000 0.313716 0.942675 -0.113784 3.870400 -0.151618 0.168029 0.974052 -0.000000 0.000000 0.000000 0.000000 1.000000
0.937322 -0.288294 0.195741 0.000000 0.313710 0.942671 -0.113827 3.870400 -0.151704 0.168099 0.974027 0.000000 0.000000 0.000000 0.000000 1.000000
0.937307 -0.288270 0.195847 -0.000000 0.313709 0.942668 -0.113856 3.870400 -0.151797 0.168157 0.974002 -0.000000 0.000000 0.000000 0.000000 1.000000
0.938173 -0.285481 0.195785 0.000000 0.310788 0.943716 -0.113184 3.870400 -0.152453 0.167033 0.974093 0.000000 0.000000 0.000000 0.000000 1.000000
0.940446 -0.278133 0.195455 0.000000 0.303054 0.946442 -0.111380 3.870400 -0.154008 0.163980 0.974367 0.000000 0.000000 0.000000 0.000000 1.000000
0.943556 -0.267692 0.195047 -0.000000 0.292066 0.950189 -0.108806 3.870400 -0.156205 0.159631 0.974740 0.000000 0.000000 0.000000 0.000000 1.000000
0.946987 -0.255610 0.194625 0.000000 0.279357 0.954329 -0.105902 3.870400 -0.158667 0.154658 0.975144 -0.000000 0.000000 0.000000 0.000000 1.000000
0.950274 -0.243414 0.194239 0.000000 0.266522 0.958312 -0.102976 3.870400 -0.161075 0.149624 0.975534 0.000000 0.000000 0.000000 0.000000 1.000000
0.953033 -0.232637 0.193930 0.000000 0.255173 0.961669 -0.100392 3.870400 -0.163141 0.145162 0.975865 -0.000000 0.000000 0.000000 0.000000 1.000000
0.955683 -0.221743 0.193648 -0.000000 0.243698 0.964909 -0.097786 3.870400 -0.165169 0.140644 0.976186 0.000000 0.000000 0.000000 0.000000 1.000000
0.958586 -0.209108 0.193357 -0.000000 0.230380 0.968476 -0.094762 3.870400 -0.167446 0.135383 0.976541 -0.000000 0.000000 0.000000 0.000000 1.000000
0.961375 -0.196141 0.193100 0.000000 0.216705 0.971924 -0.091664 3.870400 -0.169700 0.129969 0.976888 -0.000000 0.000000 0.000000 0.000000 1.000000
0.963762 -0.184257 0.192905 0.000000 0.204170 0.974895 -0.088851 3.870400 -0.171691 0.125016 0.977186 0.000000 0.000000 0.000000 0.000000 1.000000
0.965536 -0.174960 0.192689 0.000000 0.194326 0.977113 -0.086530 3.870400 -0.173139 0.120992 0.977437 0.000000 0.000000 0.000000 0.000000 1.000000
0.966520 -0.169620 0.192530 -0.000000 0.188667 0.978338 -0.085208 3.870400 -0.173906 0.118680 0.977585 -0.000000 0.000000 0.000000 0.000000 1.000000
0.966653 -0.168884 0.192513 -0.000000 0.187888 0.978503 -0.085030 3.870400 -0.174014 0.118365 0.977604 0.000000 0.000000 0.000000 0.000000 1.000000
0.966652 -0.168882 0.192517 0.000000 0.187887 0.978503 -0.085033 3.870400 -0.174018 0.118369 0.977602 0.000000 0.000000 0.000000 0.000000 1.000000
0.966651 -0.168881 0.192522 -0.000000 0.187887 0.978503 -0.085036 3.870400 -0.174023 0.118373 0.977601 0.000000 0.000000 0.000000 0.000000 1.000000
0.966651 -0.168879 0.192527 0.000000 0.187886 0.978502 -0.085039 3.870400 -0.174027 0.118377 0.977600 0.000000 0.000000 0.000000 0.000000 1.000000
0.966650 -0.168876 0.192532 0.000000 0.187885 0.978502 -0.085042 3.870400 -0.174031 0.118380 0.977599 0.000000 0.000000 0.000000 0.000000 1.000000
0.966649 -0.168875 0.192537 0.000000 0.187885 0.978502 -0.085045 3.870400 -0.174036 0.118384 0.977597 0.000000 0.000000 0.000000 0.000000 1.000000
0.966649 -0.168873 0.192542 0.000000 0.187884 0.978502 -0.085049 3.870400 -0.174040 0.118388 0.977596 0.000000 0.000000 0.000000 0.000000 1.000000
0.966648 -0.168873 0.192546 0.000000 0.187885 0.978502 -0.085052 3.870400 -0.174044 0.118392 0.977595 0.000000 0.000000 0.000000 0.000000 1.000000
0.966647 -0.168871 0.192551 0.000000 0.187884 0.978501 -0.085056 3.870400 -0.174048 0.118396 0.977594 0.000000 0.000000 0.000000 0.000000 1.000000
0.966646 -0.168869 0.192556 0.000000 0.187884 0.978501 -0.085059 3.870400 -0.174052 0.118400 0.977593 0.000000 0.000000 0.000000 0.000000 1.000000
0.966646 -0.168867 0.192561 -0.000000 0.187883 0.978501 -0.085063 3.870400 -0.174057 0.118404 0.977591 0.000000 0.000000 0.000000 0.000000 1.000000
0.966645 -0.168865 0.192566 0.000000 0.187882 0.978501 -0.085065 3.870400 -0.174061 0.118407 0.977590 -0.000000 0.000000 0.000000 0.000000 1.000000</float_array>
        <technique_common>
          <accessor source="#mixamorig_RightHandThumb2-Matrix-animation-output-transform-array" count="41" stride="16">
            <param type="float4x4"/>
          </accessor>
        </technique_common>
      </source>
      <source id="mixamorig_RightHandThumb2-Interpolations">
        <Name_array id="mixamorig_RightHandThumb2-Interpolations-array" count="41">
 LINEAR LINEAR LINEAR LINEAR LINEAR LINEAR LINEAR LINEAR LINEAR LINEAR LINEAR
LINEAR LINEAR LINEAR LINEAR LINEAR LINEAR LINEAR LINEAR LINEAR LINEAR LINEAR LINEAR
LINEAR LINEAR LINEAR LINEAR LINEAR LINEAR LINEAR LINEAR LINEAR LINEAR LINEAR LINEAR
LINEAR LINEAR LINEAR LINEAR LINEAR LINEAR</Name_array>
        <technique_common>
          <accessor source="#mixamorig_RightHandThumb2-Interpolations-array" count="41">
            <param type="name"/>
          </accessor>
        </technique_common>
      </source>
      <sampler id="mixamorig_RightHandThumb2-Matrix-animation-transform">
        <input semantic="INPUT" source="#mixamorig_RightHandThumb2-Matrix-animation-input"/>
        <input semantic="OUTPUT" source="#mixamorig_RightHandThumb2-Matrix-animation-output-transform"/>
        <input semantic="INTERPOLATION" source="#mixamorig_RightHandThumb2-Interpolations"/>
      </sampler>
      <channel source="#mixamorig_RightHandThumb2-Matrix-animation-transform" target="mixamorig_RightHandThumb2/matrix"/>
    </animation>
    <animation id="mixamorig_RightHandThumb3-anim" name="mixamorig_RightHandThumb3">
      <source id="mixamorig_RightHandThumb3-Matrix-animation-input">
        <float_array id="mixamorig_RightHandThumb3-Matrix-animation-input-array" count="41">

0.000000 0.033333 0.066667 0.100000 0.133333 0.166667 0.200000 0.233333 0.266667 0.300000 0.333333 0.366667 0.400000 0.433333 0.466667 0.500000
0.533333 0.566667 0.600000 0.633333 0.666667 0.700000 0.733333 0.766667 0.800000 0.833333 0.866667 0.900000 0.933333 0.966667 1.000000 1.033333
1.066667 1.100000 1.133333 1.166667 1.200000 1.233333 1.266667 1.300000 1.333333</float_array>
        <technique_common>
          <accessor source="#mixamorig_RightHandThumb3-Matrix-animation-input-array" count="41">
            <param name="TIME" type="float"/>
          </accessor>
        </technique_common>
      </source>
      <source id="mixamorig_RightHandThumb3-Matrix-animation-output-transform">
        <float_array id="mixamorig_RightHandThumb3-Matrix-animation-output-transform-array" count="656">

0.834256 -0.546507 0.073117 0.000000 0.548570 0.809318 -0.209941 4.710300 0.055559 0.215254 0.974976 0.000000 0.000000 0.000000 0.000000 1.000000
0.834257 -0.546507 0.073117 -0.000000 0.548570 0.809318 -0.209941 4.710300 0.055559 0.215254 0.974976 0.000000 0.000000 0.000000 0.000000 1.000000
0.834256 -0.546507 0.073117 0.000000 0.548571 0.809318 -0.209941 4.710300 0.055559 0.215254 0.974976 -0.000000 0.000000 0.000000 0.000000 1.000000
0.834256 -0.546508 0.073117 0.000000 0.548571 0.809318 -0.209941 4.710300 0.055559 0.215254 0.974976 0.000000 0.000000 0.000000 0.000000 1.000000
0.834256 -0.546507 0.073118 0.000000 0.548570 0.809318 -0.209941 4.710300 0.055559 0.215255 0.974976 -0.000000 0.000000 0.000000 0.000000 1.000000
0.828951 -0.554721 0.071590 0.000000 0.557221 0.807964 -0.191569 4.710300 0.048425 0.198692 0.978865 -0.000000 0.000000 0.000000 0.000000 1.000000
0.799238 -0.598084 0.059275 0.000000 0.600931 0.793591 -0.095366 4.710300 0.009997 0.111841 0.993676 -0.000000 0.000000 0.000000 0.000000 1.000000
0.774598 -0.630641 0.047844 0.000000 0.632267 0.773988 -0.034361 4.710300 -0.015361 0.056866 0.998264 -0.000000 0.000000 0.000000 0.000000 1.000000
0.765232 -0.641838 0.049639 0.000000 0.643589 0.764506 -0.036390 4.710300 -0.014592 0.059794 0.998104 0.000000 0.000000 0.000000 0.000000 1.000000
0.755279 -0.653361 0.051709 -0.000000 0.655256 0.754430 -0.038406 4.710300 -0.013918 0.062890 0.997923 -0.000000 0.000000 0.000000 0.000000 1.000000
0.745140 -0.664724 0.053932 0.000000 0.666775 0.744167 -0.040329 4.710300 -0.013327 0.066011 0.997730 0.000000 0.000000 0.000000 0.000000 1.000000
0.735246 -0.675468 0.056178 0.000000 0.677679 0.734152 -0.042091 4.710300 -0.012812 0.069017 0.997533 -0.000000 0.000000 0.000000 0.000000 1.000000
0.726057 -0.685158 0.058315 0.000000 0.687523 0.724850 -0.043636 4.710300 -0.012372 0.071775 0.997344 0.000000 0.000000 0.000000 0.000000 1.000000
0.718051 -0.693381 0.060215 0.000000 0.695887 0.716745 -0.044921 4.710300 -0.012012 0.074158 0.997174 0.000000 0.000000 0.000000 0.000000 1.000000
0.711726 -0.699739 0.061743 -0.000000 0.702359 0.710340 -0.045909 4.710300 -0.011734 0.076040 0.997036 -0.000000 0.000000 0.000000 0.000000 1.000000
0.707581 -0.703839 0.062775 0.000000 0.706538 0.706140 -0.046585 4.710300 -0.011539 0.077316 0.996940 0.000000 0.000000 0.000000 0.000000 1.000000
0.706101 -0.705289 0.063164 0.000000 0.708019 0.704637 -0.046866 4.710300 -0.011453 0.077814 0.996902 0.000000 0.000000 0.000000 0.000000 1.000000
0.709439 -0.701838 0.064189 0.000000 0.704699 0.707691 -0.050732 4.710300 -0.009820 0.081225 0.996647 0.000000 0.000000 0.000000 0.000000 1.000000
0.718175 -0.692663 0.066661 0.000000 0.695840 0.715618 -0.060808 4.710300 -0.005584 0.090056 0.995921 0.000000 0.000000 0.000000 0.000000 1.000000
0.730406 -0.679447 0.069712 0.000000 0.683013 0.726532 -0.075127 4.710300 0.000397 0.102488 0.994734 0.000000 0.000000 0.000000 0.000000 1.000000
0.744252 -0.663943 0.072579 0.000000 0.667859 0.738620 -0.091683 4.710300 0.007264 0.116708 0.993140 0.000000 0.000000 0.000000 0.000000 1.000000
0.757921 -0.648047 0.074769 0.000000 0.652193 0.750261 -0.108410 4.710300 0.014159 0.130930 0.991290 0.000000 0.000000 0.000000 0.000000 1.000000
0.769740 -0.633803 0.076122 0.000000 0.638038 0.760086 -0.123199 4.710300 0.020224 0.143400 0.989458 0.000000 0.000000 0.000000 0.000000 1.000000
0.781423 -0.619240 0.076937 0.000000 0.623446 0.769569 -0.138126 4.710300 0.026325 0.155901 0.987422 0.000000 0.000000 0.000000 0.000000 1.000000
0.794639 -0.602154 0.077189 -0.000000 0.606164 0.780011 -0.155395 4.710300 0.033363 0.170272 0.984832 -0.000000 0.000000 0.000000 0.000000 1.000000
0.807819 -0.584421 0.076683 0.000000 0.588034 0.790107 -0.173054 4.710300 0.040549 0.184889 0.981923 0.000000 0.000000 0.000000 0.000000 1.000000
0.819537 -0.568025 0.075547 0.000000 0.571088 0.798800 -0.189148 4.710300 0.047094 0.198158 0.979038 0.000000 0.000000 0.000000 0.000000 1.000000
0.828512 -0.555033 0.074205 0.000000 0.557531 0.805269 -0.201747 4.710300 0.052221 0.208522 0.976623 0.000000 0.000000 0.000000 0.000000 1.000000
0.833567 -0.547540 0.073257 0.000000 0.549659 0.808835 -0.208951 4.710300 0.055156 0.214441 0.975178 -0.000000 0.000000 0.000000 0.000000 1.000000
0.834256 -0.546508 0.073117 0.000000 0.548571 0.809318 -0.209941 4.710300 0.055559 0.215254 0.974976 -0.000000 0.000000 0.000000 0.000000 1.000000
0.834256 -0.546507 0.073117 0.000000 0.548570 0.809318 -0.209941 4.710300 0.055559 0.215255 0.974976 0.000000 0.000000 0.000000 0.000000 1.000000
0.834257 -0.546507 0.073117 0.000000 0.548570 0.809318 -0.209941 4.710300 0.055559 0.215254 0.974976 0.000000 0.000000 0.000000 0.000000 1.000000
0.834257 -0.546507 0.073117 -0.000000 0.548570 0.809318 -0.209940 4.710300 0.055559 0.215253 0.974977 0.000000 0.000000 0.000000 0.000000 1.000000
0.834256 -0.546508 0.073117 -0.000000 0.548571 0.809318 -0.209940 4.710300 0.055559 0.215254 0.974976 0.000000 0.000000 0.000000 0.000000 1.000000
0.834256 -0.546507 0.073117 0.000000 0.548570 0.809318 -0.209941 4.710300 0.055559 0.215254 0.974976 -0.000000 0.000000 0.000000 0.000000 1.000000
0.834256 -0.546508 0.073117 0.000000 0.548571 0.809318 -0.209941 4.710300 0.055559 0.215254 0.974976 0.000000 0.000000 0.000000 0.000000 1.000000
0.834256 -0.546507 0.073117 0.000000 0.548570 0.809318 -0.209940 4.710300 0.055559 0.215254 0.974976 0.000000 0.000000 0.000000 0.000000 1.000000
0.834256 -0.546507 0.073117 0.000000 0.548571 0.809318 -0.209940 4.710300 0.055559 0.215254 0.974976 -0.000000 0.000000 0.000000 0.000000 1.000000
0.834256 -0.546508 0.073117 0.000000 0.548571 0.809318 -0.209940 4.710300 0.055559 0.215254 0.974976 -0.000000 0.000000 0.000000 0.000000 1.000000
0.834256 -0.546508 0.073117 0.000000 0.548571 0.809317 -0.209940 4.710300 0.055559 0.215254 0.974976 0.000000 0.000000 0.000000 0.000000 1.000000
0.834256 -0.546507 0.073117 0.000000 0.548570 0.809318 -0.209941 4.710300 0.055559 0.215255 0.974976 0.000000 0.000000 0.000000 0.000000 1.000000</float_array>
        <technique_common>
          <accessor source="#mixamorig_RightHandThumb3-Matrix-animation-output-transform-array" count="41" stride="16">
            <param type="float4x4"/>
          </accessor>
        </technique_common>
      </source>
      <source id="mixamorig_RightHandThumb3-Interpolations">
        <Name_array id="mixamorig_RightHandThumb3-Interpolations-array" count="41">
 LINEAR LINEAR LINEAR LINEAR LINEAR LINEAR LINEAR LINEAR LINEAR LINEAR LINEAR
LINEAR LINEAR LINEAR LINEAR LINEAR LINEAR LINEAR LINEAR LINEAR LINEAR LINEAR LINEAR
LINEAR LINEAR LINEAR LINEAR LINEAR LINEAR LINEAR LINEAR LINEAR LINEAR LINEAR LINEAR
LINEAR LINEAR LINEAR LINEAR LINEAR LINEAR</Name_array>
        <technique_common>
          <accessor source="#mixamorig_RightHandThumb3-Interpolations-array" count="41">
            <param type="name"/>
          </accessor>
        </technique_common>
      </source>
      <sampler id="mixamorig_RightHandThumb3-Matrix-animation-transform">
        <input semantic="INPUT" source="#mixamorig_RightHandThumb3-Matrix-animation-input"/>
        <input semantic="OUTPUT" source="#mixamorig_RightHandThumb3-Matrix-animation-output-transform"/>
        <input semantic="INTERPOLATION" source="#mixamorig_RightHandThumb3-Interpolations"/>
      </sampler>
      <channel source="#mixamorig_RightHandThumb3-Matrix-animation-transform" target="mixamorig_RightHandThumb3/matrix"/>
    </animation>
    <animation id="mixamorig_RightHandIndex1-anim" name="mixamorig_RightHandIndex1">
      <source id="mixamorig_RightHandIndex1-Matrix-animation-input">
        <float_array id="mixamorig_RightHandIndex1-Matrix-animation-input-array" count="41">

0.000000 0.033333 0.066667 0.100000 0.133333 0.166667 0.200000 0.233333 0.266667 0.300000 0.333333 0.366667 0.400000 0.433333 0.466667 0.500000
0.533333 0.566667 0.600000 0.633333 0.666667 0.700000 0.733333 0.766667 0.800000 0.833333 0.866667 0.900000 0.933333 0.966667 1.000000 1.033333
1.066667 1.100000 1.133333 1.166667 1.200000 1.233333 1.266667 1.300000 1.333333</float_array>
        <technique_common>
          <accessor source="#mixamorig_RightHandIndex1-Matrix-animation-input-array" count="41">
            <param name="TIME" type="float"/>
          </accessor>
        </technique_common>
      </source>
      <source id="mixamorig_RightHandIndex1-Matrix-animation-output-transform">
        <float_array id="mixamorig_RightHandIndex1-Matrix-animation-output-transform-array" count="656">

0.986237 0.047425 -0.158393 2.855500 -0.133552 0.793268 -0.594046 14.669400 0.097475 0.607023 0.788683 0.399000 0.000000 0.000000 0.000000 1.000000
0.986237 0.047424 -0.158388 2.855500 -0.133548 0.793267 -0.594047 14.669400 0.097472 0.607024 0.788683 0.399000 0.000000 0.000000 0.000000 1.000000
0.986238 0.047422 -0.158384 2.855500 -0.133544 0.793267 -0.594049 14.669400 0.097469 0.607025 0.788683 0.399000 0.000000 0.000000 0.000000 1.000000
0.986239 0.047421 -0.158378 2.855500 -0.133539 0.793267 -0.594049 14.669400 0.097466 0.607024 0.788684 0.399000 0.000000 0.000000 0.000000 1.000000
0.986240 0.047419 -0.158373 2.855500 -0.133535 0.793267 -0.594050 14.669400 0.097463 0.607025 0.788684 0.399000 0.000000 0.000000 0.000000 1.000000
0.985541 0.046936 -0.162808 2.855500 -0.139397 0.770834 -0.621597 14.669400 0.096322 0.635304 0.766231 0.399000 0.000000 0.000000 0.000000 1.000000
0.981731 0.041887 -0.185606 2.855500 -0.169253 0.637924 -0.751270 14.669400 0.086934 0.768959 0.633360 0.399000 0.000000 0.000000 0.000000 1.000000
0.979176 0.036413 -0.199722 2.855500 -0.187482 0.539587 -0.820790 14.669400 0.077880 0.841142 0.535177 0.399000 0.000000 0.000000 0.000000 1.000000
0.979177 0.036414 -0.199714 2.855500 -0.187476 0.539587 -0.820792 14.669400 0.077875 0.841142 0.535178 0.399000 0.000000 0.000000 0.000000 1.000000
0.979179 0.036419 -0.199703 2.855500 -0.187469 0.539587 -0.820793 14.669400 0.077865 0.841142 0.535179 0.399000 0.000000 0.000000 0.000000 1.000000
0.979181 0.036424 -0.199693 2.855500 -0.187464 0.539585 -0.820795 14.669400 0.077855 0.841143 0.535180 0.399000 0.000000 0.000000 0.000000 1.000000
0.979183 0.036429 -0.199682 2.855500 -0.187458 0.539585 -0.820797 14.669400 0.077844 0.841143 0.535181 0.399000 0.000000 0.000000 0.000000 1.000000
0.979186 0.036437 -0.199669 2.855500 -0.187450 0.539584 -0.820800 14.669400 0.077831 0.841143 0.535183 0.399000 0.000000 0.000000 0.000000 1.000000
0.979188 0.036444 -0.199655 2.855500 -0.187443 0.539582 -0.820802 14.669400 0.077817 0.841144 0.535184 0.399000 0.000000 0.000000 0.000000 1.000000
0.979191 0.036452 -0.199640 2.855500 -0.187435 0.539581 -0.820805 14.669400 0.077802 0.841144 0.535185 0.399000 0.000000 0.000000 0.000000 1.000000
0.979194 0.036459 -0.199625 2.855500 -0.187426 0.539580 -0.820808 14.669400 0.077787 0.841145 0.535187 0.399000 0.000000 0.000000 0.000000 1.000000
0.979197 0.036467 -0.199607 2.855500 -0.187415 0.539579 -0.820811 14.669400 0.077771 0.841145 0.535188 0.399000 0.000000 0.000000 0.000000 1.000000
0.979522 0.037271 -0.197858 2.855500 -0.185153 0.552790 -0.812491 14.669400 0.079092 0.832487 0.548370 0.399000 0.000000 0.000000 0.000000 1.000000
0.980361 0.039149 -0.193285 2.855500 -0.179188 0.586149 -0.790140 14.669400 0.082360 0.809257 0.581653 0.399000 0.000000 0.000000 0.000000 1.000000
0.981496 0.041387 -0.186957 2.855500 -0.170863 0.630044 -0.757530 14.669400 0.086439 0.775456 0.625457 0.399000 0.000000 0.000000 0.000000 1.000000
0.982715 0.043433 -0.179959 2.855500 -0.161610 0.675425 -0.719502 14.669400 0.090298 0.736149 0.670769 0.399000 0.000000 0.000000 0.000000 1.000000
0.983813 0.044960 -0.173466 2.855500 -0.153018 0.714554 -0.682640 14.669400 0.093259 0.698134 0.709867 0.399000 0.000000 0.000000 0.000000 1.000000
0.984590 0.045849 -0.168761 2.855500 -0.146791 0.741193 -0.655047 14.669400 0.095051 0.669725 0.736501 0.399000 0.000000 0.000000 0.000000 1.000000
0.985093 0.046352 -0.165661 2.855500 -0.142734 0.757751 -0.636742 14.669400 0.096016 0.650896 0.753071 0.399000 0.000000 0.000000 0.000000 1.000000
0.985497 0.046721 -0.163132 2.855500 -0.139475 0.770581 -0.621893 14.669400 0.096651 0.635627 0.765923 0.399000 0.000000 0.000000 0.000000 1.000000
0.985810 0.046992 -0.161155 2.855500 -0.136976 0.780153 -0.610408 14.669400 0.097041 0.623821 0.775520 0.399000 0.000000 0.000000 0.000000 1.000000
0.986025 0.047250 -0.159757 2.855500 -0.135263 0.786863 -0.602122 14.669400 0.097257 0.615316 0.782258 0.399000 0.000000 0.000000 0.000000 1.000000
0.986164 0.047419 -0.158848 2.855500 -0.134176 0.791055 -0.596849 14.669400 0.097355 0.609904 0.786473 0.399000 0.000000 0.000000 0.000000 1.000000
0.986223 0.047458 -0.158465 2.855500 -0.133658 0.793032 -0.594336 14.669400 0.097462 0.607329 0.788450 0.399000 0.000000 0.000000 0.000000 1.000000
0.986226 0.047443 -0.158450 2.855500 -0.133600 0.793268 -0.594034 14.669400 0.097511 0.607021 0.788680 0.399000 0.000000 0.000000 0.000000 1.000000
0.986227 0.047441 -0.158446 2.855500 -0.133596 0.793268 -0.594036 14.669400 0.097508 0.607022 0.788680 0.399000 0.000000 0.000000 0.000000 1.000000
0.986228 0.047440 -0.158440 2.855500 -0.133591 0.793268 -0.594037 14.669400 0.097504 0.607022 0.788681 0.399000 0.000000 0.000000 0.000000 1.000000
0.986229 0.047438 -0.158435 2.855500 -0.133587 0.793267 -0.594038 14.669400 0.097501 0.607023 0.788680 0.399000 0.000000 0.000000 0.000000 1.000000
0.986230 0.047437 -0.158430 2.855500 -0.133583 0.793268 -0.594039 14.669400 0.097498 0.607022 0.788681 0.399000 0.000000 0.000000 0.000000 1.000000
0.986231 0.047435 -0.158424 2.855500 -0.133578 0.793267 -0.594040 14.669400 0.097494 0.607023 0.788681 0.399000 0.000000 0.000000 0.000000 1.000000
0.986232 0.047434 -0.158419 2.855500 -0.133574 0.793267 -0.594041 14.669400 0.097491 0.607023 0.788682 0.399000 0.000000 0.000000 0.000000 1.000000
0.986233 0.047432 -0.158414 2.855500 -0.133570 0.793267 -0.594042 14.669400 0.097488 0.607023 0.788682 0.399000 0.000000 0.000000 0.000000 1.000000
0.986234 0.047430 -0.158409 2.855500 -0.133565 0.793267 -0.594044 14.669400 0.097485 0.607024 0.788681 0.399000 0.000000 0.000000 0.000000 1.000000
0.986235 0.047428 -0.158404 2.855500 -0.133561 0.793267 -0.594045 14.669400 0.097482 0.607024 0.788682 0.399000 0.000000 0.000000 0.000000 1.000000
0.986236 0.047427 -0.158398 2.855500 -0.133556 0.793267 -0.594045 14.669400 0.097478 0.607024 0.788683 0.399000 0.000000 0.000000 0.000000 1.000000
0.986236 0.047426 -0.158393 2.855500 -0.133552 0.793267 -0.594046 14.669400 0.097475 0.607024 0.788683 0.399000 0.000000 0.000000 0.000000 1.000000</float_array>
        <technique_common>
          <accessor source="#mixamorig_RightHandIndex1-Matrix-animation-output-transform-array" count="41" stride="16">
            <param type="float4x4"/>
          </accessor>
        </technique_common>
      </source>
      <source id="mixamorig_RightHandIndex1-Interpolations">
        <Name_array id="mixamorig_RightHandIndex1-Interpolations-array" count="41">
 LINEAR LINEAR LINEAR LINEAR LINEAR LINEAR LINEAR LINEAR LINEAR LINEAR LINEAR
LINEAR LINEAR LINEAR LINEAR LINEAR LINEAR LINEAR LINEAR LINEAR LINEAR LINEAR LINEAR
LINEAR LINEAR LINEAR LINEAR LINEAR LINEAR LINEAR LINEAR LINEAR LINEAR LINEAR LINEAR
LINEAR LINEAR LINEAR LINEAR LINEAR LINEAR</Name_array>
        <technique_common>
          <accessor source="#mixamorig_RightHandIndex1-Interpolations-array" count="41">
            <param type="name"/>
          </accessor>
        </technique_common>
      </source>
      <sampler id="mixamorig_RightHandIndex1-Matrix-animation-transform">
        <input semantic="INPUT" source="#mixamorig_RightHandIndex1-Matrix-animation-input"/>
        <input semantic="OUTPUT" source="#mixamorig_RightHandIndex1-Matrix-animation-output-transform"/>
        <input semantic="INTERPOLATION" source="#mixamorig_RightHandIndex1-Interpolations"/>
      </sampler>
      <channel source="#mixamorig_RightHandIndex1-Matrix-animation-transform" target="mixamorig_RightHandIndex1/matrix"/>
    </animation>
    <animation id="mixamorig_RightHandIndex2-anim" name="mixamorig_RightHandIndex2">
      <source id="mixamorig_RightHandIndex2-Matrix-animation-input">
        <float_array id="mixamorig_RightHandIndex2-Matrix-animation-input-array" count="41">

0.000000 0.033333 0.066667 0.100000 0.133333 0.166667 0.200000 0.233333 0.266667 0.300000 0.333333 0.366667 0.400000 0.433333 0.466667 0.500000
0.533333 0.566667 0.600000 0.633333 0.666667 0.700000 0.733333 0.766667 0.800000 0.833333 0.866667 0.900000 0.933333 0.966667 1.000000 1.033333
1.066667 1.100000 1.133333 1.166667 1.200000 1.233333 1.266667 1.300000 1.333333</float_array>
        <technique_common>
          <accessor source="#mixamorig_RightHandIndex2-Matrix-animation-input-array" count="41">
            <param name="TIME" type="float"/>
          </accessor>
        </technique_common>
      </source>
      <source id="mixamorig_RightHandIndex2-Matrix-animation-output-transform">
        <float_array id="mixamorig_RightHandIndex2-Matrix-animation-output-transform-array" count="656">

0.997469 0.009346 -0.070490 0.000000 -0.069137 0.359190 -0.930700 3.248600 0.016621 0.933218 0.358927 -0.000000 0.000000 0.000000 0.000000 1.000000
0.997468 0.009349 -0.070494 -0.000000 -0.069141 0.359191 -0.930699 3.248600 0.016620 0.933217 0.358928 0.000000 0.000000 0.000000 0.000000 1.000000
0.997468 0.009350 -0.070496 0.000000 -0.069144 0.359191 -0.930699 3.248600 0.016619 0.933217 0.358928 0.000000 0.000000 0.000000 0.000000 1.000000
0.997468 0.009352 -0.070500 0.000000 -0.069148 0.359191 -0.930699 3.248600 0.016619 0.933217 0.358928 -0.000000 0.000000 0.000000 0.000000 1.000000
0.997468 0.009354 -0.070503 -0.000000 -0.069152 0.359191 -0.930699 3.248600 0.016618 0.933217 0.358928 0.000000 0.000000 0.000000 0.000000 1.000000
0.997366 0.009858 -0.071865 -0.000000 -0.071101 0.329096 -0.941616 3.248600 0.014368 0.944245 0.328930 -0.000000 0.000000 0.000000 0.000000 1.000000
0.996764 0.011813 -0.079509 0.000000 -0.080374 0.159825 -0.983868 3.248600 0.001085 0.987075 0.160257 0.000000 0.000000 0.000000 0.000000 1.000000
0.996243 0.012322 -0.085715 0.000000 -0.085944 0.019420 -0.996111 3.248600 -0.010609 0.999735 0.020406 0.000000 0.000000 0.000000 0.000000 1.000000
0.996335 0.008771 -0.085088 0.000000 -0.084792 -0.029938 -0.995949 3.248600 -0.011282 0.999513 -0.029085 0.000000 0.000000 0.000000 0.000000 1.000000
0.996783 -0.000452 -0.080150 -0.000000 -0.079961 -0.074491 -0.994011 3.248600 -0.005521 0.997222 -0.074287 -0.000000 0.000000 0.000000 0.000000 1.000000
0.997307 -0.013708 -0.072050 0.000000 -0.073146 -0.114035 -0.990780 3.248600 0.005366 0.993382 -0.114730 0.000000 0.000000 0.000000 0.000000 1.000000
0.997648 -0.029359 -0.061945 0.000000 -0.065636 -0.148389 -0.986749 3.248600 0.019778 0.988493 -0.149967 0.000000 0.000000 0.000000 0.000000 1.000000
0.997649 -0.045765 -0.051003 0.000000 -0.058359 -0.177327 -0.982420 3.248600 0.035917 0.983087 -0.179581 -0.000000 0.000000 0.000000 0.000000 1.000000
0.997302 -0.061296 -0.040404 0.000000 -0.051961 -0.200552 -0.978304 3.248600 0.051863 0.977764 -0.203196 0.000000 0.000000 0.000000 0.000000 1.000000
0.996740 -0.074344 -0.031345 0.000000 -0.046895 -0.217693 -0.974890 3.248600 0.065654 0.973182 -0.220470 0.000000 0.000000 0.000000 0.000000 1.000000
0.996208 -0.083322 -0.025027 0.000000 -0.043531 -0.228316 -0.972613 3.248600 0.075326 0.970015 -0.231077 0.000000 0.000000 0.000000 0.000000 1.000000
0.995980 -0.086662 -0.022657 -0.000000 -0.042291 -0.231959 -0.971806 3.248600 0.078963 0.968857 -0.234691 0.000000 0.000000 0.000000 0.000000 1.000000
0.996144 -0.084419 -0.023873 0.000000 -0.041260 -0.210665 -0.976687 3.248600 0.077422 0.973906 -0.213336 0.000000 0.000000 0.000000 0.000000 1.000000
0.996542 -0.078563 -0.027046 -0.000000 -0.039010 -0.154996 -0.987145 3.248600 0.073361 0.984786 -0.157525 -0.000000 0.000000 0.000000 0.000000 1.000000
0.997020 -0.070432 -0.031482 0.000000 -0.036930 -0.077442 -0.996313 3.248600 0.067735 0.994506 -0.079812 0.000000 0.000000 0.000000 0.000000 1.000000
0.997453 -0.061271 -0.036522 0.000000 -0.036056 0.008683 -0.999312 3.248600 0.061546 0.998083 0.006452 -0.000000 0.000000 0.000000 0.000000 1.000000
0.997775 -0.052146 -0.041541 -0.000000 -0.036764 0.089444 -0.995313 3.248600 0.055617 0.994626 0.087328 0.000000 0.000000 0.000000 0.000000 1.000000
0.997979 -0.043938 -0.045903 0.000000 -0.038780 0.151096 -0.987758 3.248600 0.050336 0.987542 0.149086 0.000000 0.000000 0.000000 0.000000 1.000000
0.998120 -0.035171 -0.050198 -0.000000 -0.042242 0.198704 -0.979149 3.248600 0.044413 0.979428 0.196845 0.000000 0.000000 0.000000 0.000000 1.000000
0.998175 -0.024711 -0.055099 0.000000 -0.047415 0.244311 -0.968537 3.248600 0.037395 0.969382 0.242694 0.000000 0.000000 0.000000 0.000000 1.000000
0.998098 -0.013833 -0.060078 0.000000 -0.053646 0.285304 -0.956934 3.248600 0.030378 0.958337 0.284020 0.000000 0.000000 0.000000 0.000000 1.000000
0.997904 -0.003803 -0.064604 0.000000 -0.060011 0.319278 -0.945759 3.248600 0.024223 0.947654 0.318380 0.000000 0.000000 0.000000 0.000000 1.000000
0.997667 0.004124 -0.068146 0.000000 -0.065403 0.344014 -0.936684 3.248600 0.019580 0.938956 0.343481 -0.000000 0.000000 0.000000 0.000000 1.000000
0.997497 0.008693 -0.070172 -0.000000 -0.068638 0.357410 -0.931422 3.248600 0.016984 0.933907 0.357112 0.000000 0.000000 0.000000 0.000000 1.000000
0.997472 0.009325 -0.070452 -0.000000 -0.069095 0.359188 -0.930704 3.248600 0.016627 0.933219 0.358924 -0.000000 0.000000 0.000000 0.000000 1.000000
0.997471 0.009328 -0.070456 0.000000 -0.069099 0.359189 -0.930703 3.248600 0.016626 0.933218 0.358925 -0.000000 0.000000 0.000000 0.000000 1.000000
0.997471 0.009329 -0.070459 0.000000 -0.069102 0.359189 -0.930703 3.248600 0.016625 0.933218 0.358926 -0.000000 0.000000 0.000000 0.000000 1.000000
0.997471 0.009331 -0.070463 0.000000 -0.069107 0.359189 -0.930703 3.248600 0.016625 0.933218 0.358926 0.000000 0.000000 0.000000 0.000000 1.000000
0.997471 0.009333 -0.070466 -0.000000 -0.069110 0.359189 -0.930702 3.248600 0.016625 0.933218 0.358926 0.000000 0.000000 0.000000 0.000000 1.000000
0.997470 0.009335 -0.070469 0.000000 -0.069114 0.359191 -0.930702 3.248600 0.016624 0.933218 0.358927 -0.000000 0.000000 0.000000 0.000000 1.000000
0.997470 0.009337 -0.070473 0.000000 -0.069118 0.359190 -0.930701 3.248600 0.016623 0.933218 0.358927 0.000000 0.000000 0.000000 0.000000 1.000000
0.997470 0.009339 -0.070476 0.000000 -0.069122 0.359190 -0.930701 3.248600 0.016623 0.933218 0.358927 -0.000000 0.000000 0.000000 0.000000 1.000000
0.997469 0.009341 -0.070480 0.000000 -0.069125 0.359191 -0.930701 3.248600 0.016622 0.933217 0.358927 0.000000 0.000000 0.000000 0.000000 1.000000
0.997469 0.009342 -0.070483 0.000000 -0.069129 0.359191 -0.930700 3.248600 0.016622 0.933217 0.358928 -0.000000 0.000000 0.000000 0.000000 1.000000
0.997469 0.009345 -0.070486 0.000000 -0.069133 0.359190 -0.930700 3.248600 0.016621 0.933218 0.358927 0.000000 0.000000 0.000000 0.000000 1.000000
0.997469 0.009347 -0.070489 0.000000 -0.069137 0.359190 -0.930700 3.248600 0.016620 0.933217 0.358927 0.000000 0.000000 0.000000 0.000000 1.000000</float_array>
        <technique_common>
          <accessor source="#mixamorig_RightHandIndex2-Matrix-animation-output-transform-array" count="41" stride="16">
            <param type="float4x4"/>
          </accessor>
        </technique_common>
      </source>
      <source id="mixamorig_RightHandIndex2-Interpolations">
        <Name_array id="mixamorig_RightHandIndex2-Interpolations-array" count="41">
 LINEAR LINEAR LINEAR LINEAR LINEAR LINEAR LINEAR LINEAR LINEAR LINEAR LINEAR
LINEAR LINEAR LINEAR LINEAR LINEAR LINEAR LINEAR LINEAR LINEAR LINEAR LINEAR LINEAR
LINEAR LINEAR LINEAR LINEAR LINEAR LINEAR LINEAR LINEAR LINEAR LINEAR LINEAR LINEAR
LINEAR LINEAR LINEAR LINEAR LINEAR LINEAR</Name_array>
        <technique_common>
          <accessor source="#mixamorig_RightHandIndex2-Interpolations-array" count="41">
            <param type="name"/>
          </accessor>
        </technique_common>
      </source>
      <sampler id="mixamorig_RightHandIndex2-Matrix-animation-transform">
        <input semantic="INPUT" source="#mixamorig_RightHandIndex2-Matrix-animation-input"/>
        <input semantic="OUTPUT" source="#mixamorig_RightHandIndex2-Matrix-animation-output-transform"/>
        <input semantic="INTERPOLATION" source="#mixamorig_RightHandIndex2-Interpolations"/>
      </sampler>
      <channel source="#mixamorig_RightHandIndex2-Matrix-animation-transform" target="mixamorig_RightHandIndex2/matrix"/>
    </animation>
    <animation id="mixamorig_RightHandIndex3-anim" name="mixamorig_RightHandIndex3">
      <source id="mixamorig_RightHandIndex3-Matrix-animation-input">
        <float_array id="mixamorig_RightHandIndex3-Matrix-animation-input-array" count="41">

0.000000 0.033333 0.066667 0.100000 0.133333 0.166667 0.200000 0.233333 0.266667 0.300000 0.333333 0.366667 0.400000 0.433333 0.466667 0.500000
0.533333 0.566667 0.600000 0.633333 0.666667 0.700000 0.733333 0.766667 0.800000 0.833333 0.866667 0.900000 0.933333 0.966667 1.000000 1.033333
1.066667 1.100000 1.133333 1.166667 1.200000 1.233333 1.266667 1.300000 1.333333</float_array>
        <technique_common>
          <accessor source="#mixamorig_RightHandIndex3-Matrix-animation-input-array" count="41">
            <param name="TIME" type="float"/>
          </accessor>
        </technique_common>
      </source>
      <source id="mixamorig_RightHandIndex3-Matrix-animation-output-transform">
        <float_array id="mixamorig_RightHandIndex3-Matrix-animation-output-transform-array" count="656">

0.998454 0.019226 -0.052154 0.000000 -0.055101 0.465790 -0.883178 2.659600 0.007313 0.884686 0.466130 0.000000 0.000000 0.000000 0.000000 1.000000
0.998454 0.019226 -0.052154 0.000000 -0.055101 0.465791 -0.883178 2.659600 0.007313 0.884686 0.466130 -0.000000 0.000000 0.000000 0.000000 1.000000
0.998454 0.019226 -0.052154 -0.000000 -0.055102 0.465791 -0.883177 2.659600 0.007313 0.884686 0.466131 0.000000 0.000000 0.000000 0.000000 1.000000
0.998454 0.019226 -0.052154 -0.000000 -0.055102 0.465791 -0.883178 2.659600 0.007313 0.884686 0.466130 0.000000 0.000000 0.000000 0.000000 1.000000
0.998454 0.019226 -0.052154 0.000000 -0.055102 0.465791 -0.883178 2.659600 0.007313 0.884686 0.466130 0.000000 0.000000 0.000000 0.000000 1.000000
0.998354 0.020024 -0.053737 0.000000 -0.057103 0.433462 -0.899361 2.659600 0.005284 0.900949 0.433892 0.000000 0.000000 0.000000 0.000000 1.000000
0.997779 0.023237 -0.062419 0.000000 -0.066294 0.256102 -0.964374 2.659600 -0.006423 0.966371 0.257073 -0.000000 0.000000 0.000000 0.000000 1.000000
0.997366 0.024418 -0.068295 0.000000 -0.070995 0.136045 -0.988156 2.659600 -0.014837 0.990402 0.137420 0.000000 0.000000 0.000000 0.000000 1.000000
0.997366 0.024417 -0.068296 0.000000 -0.070995 0.136046 -0.988155 2.659600 -0.014837 0.990402 0.137421 0.000000 0.000000 0.000000 0.000000 1.000000
0.997366 0.024417 -0.068295 -0.000000 -0.070995 0.136047 -0.988155 2.659600 -0.014837 0.990401 0.137422 -0.000000 0.000000 0.000000 0.000000 1.000000
0.997366 0.024418 -0.068295 0.000000 -0.070995 0.136046 -0.988155 2.659600 -0.014837 0.990402 0.137421 0.000000 0.000000 0.000000 0.000000 1.000000
0.997366 0.024417 -0.068294 0.000000 -0.070994 0.136047 -0.988155 2.659600 -0.014837 0.990401 0.137422 -0.000000 0.000000 0.000000 0.000000 1.000000
0.997366 0.024418 -0.068295 0.000000 -0.070995 0.136046 -0.988155 2.659600 -0.014837 0.990402 0.137421 -0.000000 0.000000 0.000000 0.000000 1.000000
0.997366 0.024417 -0.068295 0.000000 -0.070995 0.136047 -0.988155 2.659600 -0.014836 0.990401 0.137422 0.000000 0.000000 0.000000 0.000000 1.000000
0.997366 0.024418 -0.068295 -0.000000 -0.070995 0.136046 -0.988155 2.659600 -0.014837 0.990402 0.137421 0.000000 0.000000 0.000000 0.000000 1.000000
0.997366 0.024417 -0.068295 0.000000 -0.070995 0.136045 -0.988156 2.659600 -0.014837 0.990402 0.137421 0.000000 0.000000 0.000000 0.000000 1.000000
0.997366 0.024417 -0.068295 0.000000 -0.070995 0.136046 -0.988156 2.659600 -0.014837 0.990402 0.137421 0.000000 0.000000 0.000000 0.000000 1.000000
0.997421 0.024306 -0.067527 0.000000 -0.070445 0.151737 -0.985907 2.659600 -0.013717 0.988122 0.153058 -0.000000 0.000000 0.000000 0.000000 1.000000
0.997561 0.023961 -0.065561 0.000000 -0.068950 0.191928 -0.978984 2.659600 -0.010875 0.981116 0.193112 0.000000 0.000000 0.000000 0.000000 1.000000
0.997746 0.023364 -0.062906 0.000000 -0.066728 0.246165 -0.966928 2.659600 -0.007106 0.968946 0.247169 -0.000000 0.000000 0.000000 0.000000 1.000000
0.997939 0.022549 -0.060072 0.000000 -0.064087 0.304065 -0.950493 2.659600 -0.003167 0.952384 0.304884 0.000000 0.000000 0.000000 0.000000 1.000000
0.998108 0.021664 -0.057543 0.000000 -0.061486 0.355716 -0.932569 2.659600 0.000266 0.934343 0.356375 -0.000000 0.000000 0.000000 0.000000 1.000000
0.998224 0.020948 -0.055770 0.000000 -0.059516 0.391940 -0.918063 2.659600 0.002627 0.919752 0.392491 0.000000 0.000000 0.000000 0.000000 1.000000
0.998296 0.020450 -0.054644 -0.000000 -0.058200 0.414950 -0.907981 2.659600 0.004106 0.909614 0.415433 0.000000 0.000000 0.000000 0.000000 1.000000
0.998353 0.020034 -0.053756 0.000000 -0.057127 0.433069 -0.899549 2.659600 0.005259 0.901138 0.433500 0.000000 0.000000 0.000000 0.000000 1.000000
0.998396 0.019704 -0.053086 -0.000000 -0.056293 0.446763 -0.892880 2.659600 0.006124 0.894435 0.447155 0.000000 0.000000 0.000000 0.000000 1.000000
0.998425 0.019464 -0.052611 0.000000 -0.055691 0.456461 -0.887999 2.659600 0.006731 0.889531 0.456826 0.000000 0.000000 0.000000 0.000000 1.000000
0.998444 0.019309 -0.052312 0.000000 -0.055306 0.462564 -0.884859 2.659600 0.007112 0.886376 0.462912 0.000000 0.000000 0.000000 0.000000 1.000000
0.998453 0.019235 -0.052171 0.000000 -0.055123 0.465446 -0.883358 2.659600 0.007291 0.884867 0.465786 0.000000 0.000000 0.000000 0.000000 1.000000
0.998454 0.019226 -0.052154 -0.000000 -0.055102 0.465791 -0.883178 2.659600 0.007313 0.884686 0.466130 0.000000 0.000000 0.000000 0.000000 1.000000
0.998454 0.019226 -0.052154 0.000000 -0.055101 0.465790 -0.883178 2.659600 0.007313 0.884686 0.466129 0.000000 0.000000 0.000000 0.000000 1.000000
0.998454 0.019226 -0.052154 0.000000 -0.055102 0.465790 -0.883178 2.659600 0.007313 0.884686 0.466129 -0.000000 0.000000 0.000000 0.000000 1.000000
0.998454 0.019226 -0.052154 -0.000000 -0.055102 0.465791 -0.883178 2.659600 0.007313 0.884686 0.466130 0.000000 0.000000 0.000000 0.000000 1.000000
0.998454 0.019225 -0.052154 0.000000 -0.055102 0.465790 -0.883178 2.659600 0.007313 0.884686 0.466129 0.000000 0.000000 0.000000 0.000000 1.000000
0.998454 0.019226 -0.052154 0.000000 -0.055101 0.465790 -0.883178 2.659600 0.007313 0.884686 0.466129 0.000000 0.000000 0.000000 0.000000 1.000000
0.998454 0.019226 -0.052154 0.000000 -0.055101 0.465791 -0.883178 2.659600 0.007313 0.884686 0.466130 0.000000 0.000000 0.000000 0.000000 1.000000
0.998454 0.019226 -0.052154 -0.000000 -0.055101 0.465791 -0.883178 2.659600 0.007313 0.884686 0.466130 0.000000 0.000000 0.000000 0.000000 1.000000
0.998454 0.019226 -0.052154 0.000000 -0.055102 0.465791 -0.883178 2.659600 0.007313 0.884686 0.466130 0.000000 0.000000 0.000000 0.000000 1.000000
0.998454 0.019226 -0.052154 -0.000000 -0.055102 0.465790 -0.883178 2.659600 0.007313 0.884686 0.466129 0.000000 0.000000 0.000000 0.000000 1.000000
0.998454 0.019226 -0.052154 -0.000000 -0.055102 0.465790 -0.883178 2.659600 0.007313 0.884686 0.466129 -0.000000 0.000000 0.000000 0.000000 1.000000
0.998454 0.019225 -0.052154 -0.000000 -0.055102 0.465791 -0.883178 2.659600 0.007314 0.884686 0.466130 0.000000 0.000000 0.000000 0.000000 1.000000</float_array>
        <technique_common>
          <accessor source="#mixamorig_RightHandIndex3-Matrix-animation-output-transform-array" count="41" stride="16">
            <param type="float4x4"/>
          </accessor>
        </technique_common>
      </source>
      <source id="mixamorig_RightHandIndex3-Interpolations">
        <Name_array id="mixamorig_RightHandIndex3-Interpolations-array" count="41">
 LINEAR LINEAR LINEAR LINEAR LINEAR LINEAR LINEAR LINEAR LINEAR LINEAR LINEAR
LINEAR LINEAR LINEAR LINEAR LINEAR LINEAR LINEAR LINEAR LINEAR LINEAR LINEAR LINEAR
LINEAR LINEAR LINEAR LINEAR LINEAR LINEAR LINEAR LINEAR LINEAR LINEAR LINEAR LINEAR
LINEAR LINEAR LINEAR LINEAR LINEAR LINEAR</Name_array>
        <technique_common>
          <accessor source="#mixamorig_RightHandIndex3-Interpolations-array" count="41">
            <param type="name"/>
          </accessor>
        </technique_common>
      </source>
      <sampler id="mixamorig_RightHandIndex3-Matrix-animation-transform">
        <input semantic="INPUT" source="#mixamorig_RightHandIndex3-Matrix-animation-input"/>
        <input semantic="OUTPUT" source="#mixamorig_RightHandIndex3-Matrix-animation-output-transform"/>
        <input semantic="INTERPOLATION" source="#mixamorig_RightHandIndex3-Interpolations"/>
      </sampler>
      <channel source="#mixamorig_RightHandIndex3-Matrix-animation-transform" target="mixamorig_RightHandIndex3/matrix"/>
    </animation>
    <animation id="mixamorig_RightHandMiddle1-anim" name="mixamorig_RightHandMiddle1">
      <source id="mixamorig_RightHandMiddle1-Matrix-animation-input">
        <float_array id="mixamorig_RightHandMiddle1-Matrix-animation-input-array" count="41">

0.000000 0.033333 0.066667 0.100000 0.133333 0.166667 0.200000 0.233333 0.266667 0.300000 0.333333 0.366667 0.400000 0.433333 0.466667 0.500000
0.533333 0.566667 0.600000 0.633333 0.666667 0.700000 0.733333 0.766667 0.800000 0.833333 0.866667 0.900000 0.933333 0.966667 1.000000 1.033333
1.066667 1.100000 1.133333 1.166667 1.200000 1.233333 1.266667 1.300000 1.333333</float_array>
        <technique_common>
          <accessor source="#mixamorig_RightHandMiddle1-Matrix-animation-input-array" count="41">
            <param name="TIME" type="float"/>
          </accessor>
        </technique_common>
      </source>
      <source id="mixamorig_RightHandMiddle1-Matrix-animation-output-transform">
        <float_array id="mixamorig_RightHandMiddle1-Matrix-animation-output-transform-array" count="656">

0.999391 0.026674 -0.022487 0.000000 -0.034762 0.706715 -0.706644 14.409800 -0.002957 0.706995 0.707212 0.000000 0.000000 0.000000 0.000000 1.000000
0.999391 0.026673 -0.022489 -0.000000 -0.034763 0.706714 -0.706645 14.409800 -0.002955 0.706996 0.707211 0.000000 0.000000 0.000000 0.000000 1.000000
0.999391 0.026671 -0.022491 0.000000 -0.034763 0.706714 -0.706645 14.409800 -0.002953 0.706996 0.707211 0.000000 0.000000 0.000000 0.000000 1.000000
0.999391 0.026670 -0.022492 0.000000 -0.034763 0.706714 -0.706645 14.409800 -0.002951 0.706996 0.707211 0.000000 0.000000 0.000000 0.000000 1.000000
0.999391 0.026669 -0.022494 -0.000000 -0.034763 0.706714 -0.706645 14.409800 -0.002949 0.706996 0.707211 0.000000 0.000000 0.000000 0.000000 1.000000
0.999408 0.027042 -0.021288 0.000000 -0.034013 0.681772 -0.730773 14.409800 -0.005248 0.731064 0.682288 0.000000 0.000000 0.000000 0.000000 1.000000
0.999416 0.029954 -0.016443 0.000000 -0.029892 0.533278 -0.845412 14.409800 -0.016555 0.845410 0.533862 -0.000000 0.000000 0.000000 0.000000 1.000000
0.999339 0.033177 -0.014870 0.000000 -0.027029 0.404424 -0.914172 14.409800 -0.024316 0.913970 0.405053 0.000000 0.000000 0.000000 0.000000 1.000000
0.999291 0.034509 -0.015020 -0.000000 -0.026636 0.366490 -0.930041 14.409800 -0.026590 0.929782 0.367150 0.000000 0.000000 0.000000 0.000000 1.000000
0.999245 0.035709 -0.015324 0.000000 -0.026430 0.335469 -0.941681 14.409800 -0.028485 0.941374 0.336159 0.000000 0.000000 0.000000 0.000000 1.000000
0.999204 0.036704 -0.015653 0.000000 -0.026303 0.310876 -0.950086 14.409800 -0.030006 0.949742 0.311594 0.000000 0.000000 0.000000 0.000000 1.000000
0.999172 0.037442 -0.015908 -0.000000 -0.026167 0.292107 -0.956028 14.409800 -0.031148 0.955652 0.292845 0.000000 0.000000 0.000000 0.000000 1.000000
0.999149 0.037970 -0.016092 0.000000 -0.026046 0.278478 -0.960089 14.409800 -0.031973 0.959692 0.279230 0.000000 0.000000 0.000000 0.000000 1.000000
0.999134 0.038329 -0.016214 0.000000 -0.025952 0.269248 -0.962721 14.409800 -0.032535 0.962308 0.270010 0.000000 0.000000 0.000000 0.000000 1.000000
0.999124 0.038551 -0.016286 0.000000 -0.025891 0.263645 -0.964272 14.409800 -0.032880 0.963849 0.264412 0.000000 0.000000 0.000000 0.000000 1.000000
0.999118 0.038684 -0.016323 0.000000 -0.025866 0.260873 -0.965027 14.409800 -0.033073 0.964598 0.261643 -0.000000 0.000000 0.000000 0.000000 1.000000
0.999117 0.038707 -0.016337 0.000000 -0.025860 0.260129 -0.965227 14.409800 -0.033111 0.964798 0.260900 -0.000000 0.000000 0.000000 0.000000 1.000000
0.999148 0.037919 -0.016308 0.000000 -0.026190 0.276991 -0.960516 14.409800 -0.031905 0.960124 0.277748 -0.000000 0.000000 0.000000 0.000000 1.000000
0.999219 0.035948 -0.016374 -0.000000 -0.027044 0.320412 -0.946892 14.409800 -0.028793 0.946596 0.321134 0.000000 0.000000 0.000000 0.000000 1.000000
0.999305 0.033310 -0.016733 -0.000000 -0.028132 0.379395 -0.924807 14.409800 -0.024457 0.924635 0.380068 0.000000 0.000000 0.000000 0.000000 1.000000
0.999380 0.030547 -0.017479 0.000000 -0.029215 0.443116 -0.895988 14.409800 -0.019625 0.895944 0.443734 0.000000 0.000000 0.000000 0.000000 1.000000
0.999432 0.028182 -0.018487 -0.000000 -0.030136 0.501588 -0.864582 14.409800 -0.015093 0.864648 0.502152 0.000000 0.000000 0.000000 0.000000 1.000000
0.999456 0.026673 -0.019396 0.000000 -0.030820 0.546111 -0.837146 14.409800 -0.011737 0.837288 0.546636 0.000000 0.000000 0.000000 0.000000 1.000000
0.999461 0.025976 -0.020060 -0.000000 -0.031432 0.581688 -0.812804 14.409800 -0.009445 0.812997 0.582191 -0.000000 0.000000 0.000000 0.000000 1.000000
0.999455 0.025711 -0.020690 0.000000 -0.032147 0.616665 -0.786569 14.409800 -0.007465 0.786806 0.617156 -0.000000 0.000000 0.000000 0.000000 1.000000
0.999441 0.025774 -0.021291 0.000000 -0.032925 0.648548 -0.760461 14.409800 -0.005792 0.760737 0.649034 -0.000000 0.000000 0.000000 0.000000 1.000000
0.999422 0.026040 -0.021834 -0.000000 -0.033690 0.675175 -0.736888 14.409800 -0.004447 0.737198 0.675663 0.000000 0.000000 0.000000 0.000000 1.000000
0.999405 0.026366 -0.022259 -0.000000 -0.034329 0.694670 -0.718509 14.409800 -0.003482 0.718845 0.695161 0.000000 0.000000 0.000000 0.000000 1.000000
0.999393 0.026650 -0.022442 -0.000000 -0.034707 0.705296 -0.708063 14.409800 -0.003041 0.708412 0.705792 0.000000 0.000000 0.000000 0.000000 1.000000
0.999391 0.026688 -0.022470 -0.000000 -0.034760 0.706716 -0.706643 14.409800 -0.002979 0.706993 0.707214 -0.000000 0.000000 0.000000 0.000000 1.000000
0.999391 0.026687 -0.022472 0.000000 -0.034761 0.706716 -0.706643 14.409800 -0.002977 0.706994 0.707213 0.000000 0.000000 0.000000 0.000000 1.000000
0.999391 0.026685 -0.022473 -0.000000 -0.034761 0.706715 -0.706644 14.409800 -0.002975 0.706995 0.707213 0.000000 0.000000 0.000000 0.000000 1.000000
0.999391 0.026684 -0.022475 0.000000 -0.034761 0.706715 -0.706643 14.409800 -0.002973 0.706995 0.707213 0.000000 0.000000 0.000000 0.000000 1.000000
0.999391 0.026683 -0.022476 0.000000 -0.034761 0.706715 -0.706643 14.409800 -0.002971 0.706995 0.707213 0.000000 0.000000 0.000000 0.000000 1.000000
0.999391 0.026682 -0.022477 0.000000 -0.034761 0.706715 -0.706643 14.409800 -0.002969 0.706995 0.707213 0.000000 0.000000 0.000000 0.000000 1.000000
0.999391 0.026680 -0.022479 0.000000 -0.034761 0.706716 -0.706643 14.409800 -0.002967 0.706994 0.707213 0.000000 0.000000 0.000000 0.000000 1.000000
0.999391 0.026679 -0.022481 0.000000 -0.034762 0.706715 -0.706644 14.409800 -0.002965 0.706995 0.707212 0.000000 0.000000 0.000000 0.000000 1.000000
0.999391 0.026677 -0.022483 0.000000 -0.034762 0.706714 -0.706645 14.409800 -0.002962 0.706996 0.707211 0.000000 0.000000 0.000000 0.000000 1.000000
0.999391 0.026676 -0.022484 0.000000 -0.034762 0.706715 -0.706644 14.409800 -0.002960 0.706996 0.707212 0.000000 0.000000 0.000000 0.000000 1.000000
0.999391 0.026675 -0.022485 0.000000 -0.034761 0.706714 -0.706644 14.409800 -0.002959 0.706996 0.707211 -0.000000 0.000000 0.000000 0.000000 1.000000
0.999391 0.026674 -0.022487 0.000000 -0.034763 0.706715 -0.706644 14.409800 -0.002957 0.706996 0.707212 0.000000 0.000000 0.000000 0.000000 1.000000</float_array>
        <technique_common>
          <accessor source="#mixamorig_RightHandMiddle1-Matrix-animation-output-transform-array" count="41" stride="16">
            <param type="float4x4"/>
          </accessor>
        </technique_common>
      </source>
      <source id="mixamorig_RightHandMiddle1-Interpolations">
        <Name_array id="mixamorig_RightHandMiddle1-Interpolations-array" count="41">
 LINEAR LINEAR LINEAR LINEAR LINEAR LINEAR LINEAR LINEAR LINEAR LINEAR LINEAR
LINEAR LINEAR LINEAR LINEAR LINEAR LINEAR LINEAR LINEAR LINEAR LINEAR LINEAR LINEAR
LINEAR LINEAR LINEAR LINEAR LINEAR LINEAR LINEAR LINEAR LINEAR LINEAR LINEAR LINEAR
LINEAR LINEAR LINEAR LINEAR LINEAR LINEAR</Name_array>
        <technique_common>
          <accessor source="#mixamorig_RightHandMiddle1-Interpolations-array" count="41">
            <param type="name"/>
          </accessor>
        </technique_common>
      </source>
      <sampler id="mixamorig_RightHandMiddle1-Matrix-animation-transform">
        <input semantic="INPUT" source="#mixamorig_RightHandMiddle1-Matrix-animation-input"/>
        <input semantic="OUTPUT" source="#mixamorig_RightHandMiddle1-Matrix-animation-output-transform"/>
        <input semantic="INTERPOLATION" source="#mixamorig_RightHandMiddle1-Interpolations"/>
      </sampler>
      <channel source="#mixamorig_RightHandMiddle1-Matrix-animation-transform" target="mixamorig_RightHandMiddle1/matrix"/>
    </animation>
    <animation id="mixamorig_RightHandMiddle2-anim" name="mixamorig_RightHandMiddle2">
      <source id="mixamorig_RightHandMiddle2-Matrix-animation-input">
        <float_array id="mixamorig_RightHandMiddle2-Matrix-animation-input-array" count="41">

0.000000 0.033333 0.066667 0.100000 0.133333 0.166667 0.200000 0.233333 0.266667 0.300000 0.333333 0.366667 0.400000 0.433333 0.466667 0.500000
0.533333 0.566667 0.600000 0.633333 0.666667 0.700000 0.733333 0.766667 0.800000 0.833333 0.866667 0.900000 0.933333 0.966667 1.000000 1.033333
1.066667 1.100000 1.133333 1.166667 1.200000 1.233333 1.266667 1.300000 1.333333</float_array>
        <technique_common>
          <accessor source="#mixamorig_RightHandMiddle2-Matrix-animation-input-array" count="41">
            <param name="TIME" type="float"/>
          </accessor>
        </technique_common>
      </source>
      <source id="mixamorig_RightHandMiddle2-Matrix-animation-output-transform">
        <float_array id="mixamorig_RightHandMiddle2-Matrix-animation-output-transform-array" count="656">

0.998054 0.041962 -0.046114 0.000000 -0.058332 0.367262 -0.928287 3.259100 -0.022017 0.929171 0.368995 0.000000 0.000000 0.000000 0.000000 1.000000
0.998054 0.041961 -0.046114 0.000000 -0.058332 0.367263 -0.928286 3.259100 -0.022016 0.929170 0.368996 -0.000000 0.000000 0.000000 0.000000 1.000000
0.998054 0.041960 -0.046115 -0.000000 -0.058332 0.367263 -0.928286 3.259100 -0.022015 0.929170 0.368996 -0.000000 0.000000 0.000000 0.000000 1.000000
0.998054 0.041959 -0.046115 0.000000 -0.058332 0.367262 -0.928287 3.259100 -0.022014 0.929171 0.368995 -0.000000 0.000000 0.000000 0.000000 1.000000
0.998055 0.041959 -0.046116 0.000000 -0.058332 0.367262 -0.928287 3.259100 -0.022013 0.929171 0.368995 0.000000 0.000000 0.000000 0.000000 1.000000
0.997945 0.042608 -0.047849 0.000000 -0.059386 0.334805 -0.940414 3.259100 -0.024049 0.941324 0.336647 0.000000 0.000000 0.000000 0.000000 1.000000
0.997326 0.045056 -0.057541 -0.000000 -0.063816 0.153190 -0.986134 3.259100 -0.035616 0.987169 0.155655 0.000000 0.000000 0.000000 0.000000 1.000000
0.996820 0.045679 -0.065295 0.000000 -0.065721 0.007882 -0.997807 3.259100 -0.045065 0.998925 0.010859 0.000000 0.000000 0.000000 0.000000 1.000000
0.996675 0.045649 -0.067486 -0.000000 -0.066007 -0.033162 -0.997268 3.259100 -0.047763 0.998407 -0.030038 0.000000 0.000000 0.000000 0.000000 1.000000
0.996559 0.045560 -0.069248 -0.000000 -0.066155 -0.066199 -0.995611 3.259100 -0.049944 0.996766 -0.062957 0.000000 0.000000 0.000000 0.000000 1.000000
0.996467 0.045448 -0.070629 0.000000 -0.066223 -0.092061 -0.993549 3.259100 -0.051657 0.994716 -0.088726 -0.000000 0.000000 0.000000 0.000000 1.000000
0.996397 0.045340 -0.071672 0.000000 -0.066244 -0.111611 -0.991542 3.259100 -0.052956 0.992717 -0.108206 0.000000 0.000000 0.000000 0.000000 1.000000
0.996347 0.045248 -0.072424 0.000000 -0.066243 -0.125709 -0.989853 3.259100 -0.053893 0.991035 -0.122252 0.000000 0.000000 0.000000 0.000000 1.000000
0.996313 0.045180 -0.072932 0.000000 -0.066236 -0.135208 -0.988601 3.259100 -0.054526 0.989787 -0.131717 0.000000 0.000000 0.000000 0.000000 1.000000
0.996293 0.045136 -0.073238 0.000000 -0.066228 -0.140959 -0.987798 3.259100 -0.054908 0.988986 -0.137447 0.000000 0.000000 0.000000 0.000000 1.000000
0.996282 0.045113 -0.073390 -0.000000 -0.066223 -0.143797 -0.987389 3.259100 -0.055097 0.988578 -0.140275 0.000000 0.000000 0.000000 0.000000 1.000000
0.996280 0.045106 -0.073432 0.000000 -0.066223 -0.144560 -0.987278 3.259100 -0.055147 0.988467 -0.141035 0.000000 0.000000 0.000000 0.000000 1.000000
0.996342 0.045233 -0.072507 -0.000000 -0.066245 -0.127219 -0.989660 3.259100 -0.053989 0.990843 -0.123757 0.000000 0.000000 0.000000 0.000000 1.000000
0.996503 0.045487 -0.070093 0.000000 -0.066206 -0.081976 -0.994433 3.259100 -0.050980 0.995596 -0.078678 -0.000000 0.000000 0.000000 0.000000 1.000000
0.996714 0.045662 -0.066906 -0.000000 -0.066092 -0.019100 -0.997631 3.259100 -0.046832 0.998774 -0.016019 0.000000 0.000000 0.000000 0.000000 1.000000
0.996953 0.045610 -0.063284 -0.000000 -0.065582 0.050793 -0.996554 3.259100 -0.042238 0.997667 0.053629 -0.000000 0.000000 0.000000 0.000000 1.000000
0.997181 0.045318 -0.059802 0.000000 -0.064745 0.116888 -0.991032 3.259100 -0.037922 0.992111 0.119493 0.000000 0.000000 0.000000 0.000000 1.000000
0.997360 0.044925 -0.057058 0.000000 -0.063865 0.168592 -0.983615 3.259100 -0.034569 0.984662 0.171016 0.000000 0.000000 0.000000 0.000000 1.000000
0.997506 0.044495 -0.054788 0.000000 -0.062983 0.210826 -0.975492 3.259100 -0.031853 0.976510 0.213103 0.000000 0.000000 0.000000 0.000000 1.000000
0.997654 0.043960 -0.052483 0.000000 -0.061946 0.253235 -0.965419 3.259100 -0.029149 0.966405 0.255364 0.000000 0.000000 0.000000 0.000000 1.000000
0.997792 0.043366 -0.050306 0.000000 -0.060834 0.292746 -0.954253 3.259100 -0.026655 0.955206 0.294738 -0.000000 0.000000 0.000000 0.000000 1.000000
0.997913 0.042782 -0.048361 0.000000 -0.059711 0.326441 -0.943330 3.259100 -0.024571 0.944249 0.328315 -0.000000 0.000000 0.000000 0.000000 1.000000
0.998001 0.042298 -0.046950 -0.000000 -0.058853 0.351551 -0.934317 3.259100 -0.023015 0.935213 0.353338 0.000000 0.000000 0.000000 0.000000 1.000000
0.998048 0.042013 -0.046210 0.000000 -0.058396 0.365400 -0.929017 3.259100 -0.022146 0.929902 0.367141 0.000000 0.000000 0.000000 0.000000 1.000000
0.998054 0.041973 -0.046111 0.000000 -0.058333 0.367261 -0.928287 3.259100 -0.022028 0.929170 0.368995 0.000000 0.000000 0.000000 0.000000 1.000000
0.998054 0.041972 -0.046111 0.000000 -0.058333 0.367262 -0.928287 3.259100 -0.022027 0.929170 0.368995 -0.000000 0.000000 0.000000 0.000000 1.000000
0.998054 0.041971 -0.046112 0.000000 -0.058333 0.367262 -0.928287 3.259100 -0.022026 0.929170 0.368996 0.000000 0.000000 0.000000 0.000000 1.000000
0.998054 0.041971 -0.046113 0.000000 -0.058334 0.367261 -0.928287 3.259100 -0.022025 0.929170 0.368995 0.000000 0.000000 0.000000 0.000000 1.000000
0.998054 0.041969 -0.046113 0.000000 -0.058334 0.367262 -0.928286 3.259100 -0.022024 0.929170 0.368996 0.000000 0.000000 0.000000 0.000000 1.000000
0.998054 0.041969 -0.046113 -0.000000 -0.058333 0.367262 -0.928287 3.259100 -0.022023 0.929170 0.368995 -0.000000 0.000000 0.000000 0.000000 1.000000
0.998054 0.041967 -0.046113 0.000000 -0.058333 0.367262 -0.928286 3.259100 -0.022022 0.929170 0.368996 0.000000 0.000000 0.000000 0.000000 1.000000
0.998054 0.041966 -0.046114 0.000000 -0.058333 0.367262 -0.928286 3.259100 -0.022020 0.929170 0.368996 0.000000 0.000000 0.000000 0.000000 1.000000
0.998054 0.041966 -0.046114 0.000000 -0.058333 0.367262 -0.928286 3.259100 -0.022020 0.929170 0.368996 0.000000 0.000000 0.000000 0.000000 1.000000
0.998054 0.041965 -0.046114 0.000000 -0.058333 0.367262 -0.928286 3.259100 -0.022020 0.929170 0.368996 0.000000 0.000000 0.000000 0.000000 1.000000
0.998054 0.041963 -0.046115 -0.000000 -0.058333 0.367262 -0.928287 3.259100 -0.022017 0.929171 0.368995 0.000000 0.000000 0.000000 0.000000 1.000000
0.998054 0.041963 -0.046115 -0.000000 -0.058332 0.367262 -0.928287 3.259100 -0.022017 0.929171 0.368995 0.000000 0.000000 0.000000 0.000000 1.000000</float_array>
        <technique_common>
          <accessor source="#mixamorig_RightHandMiddle2-Matrix-animation-output-transform-array" count="41" stride="16">
            <param type="float4x4"/>
          </accessor>
        </technique_common>
      </source>
      <source id="mixamorig_RightHandMiddle2-Interpolations">
        <Name_array id="mixamorig_RightHandMiddle2-Interpolations-array" count="41">
 LINEAR LINEAR LINEAR LINEAR LINEAR LINEAR LINEAR LINEAR LINEAR LINEAR LINEAR
LINEAR LINEAR LINEAR LINEAR LINEAR LINEAR LINEAR LINEAR LINEAR LINEAR LINEAR LINEAR
LINEAR LINEAR LINEAR LINEAR LINEAR LINEAR LINEAR LINEAR LINEAR LINEAR LINEAR LINEAR
LINEAR LINEAR LINEAR LINEAR LINEAR LINEAR</Name_array>
        <technique_common>
          <accessor source="#mixamorig_RightHandMiddle2-Interpolations-array" count="41">
            <param type="name"/>
          </accessor>
        </technique_common>
      </source>
      <sampler id="mixamorig_RightHandMiddle2-Matrix-animation-transform">
        <input semantic="INPUT" source="#mixamorig_RightHandMiddle2-Matrix-animation-input"/>
        <input semantic="OUTPUT" source="#mixamorig_RightHandMiddle2-Matrix-animation-output-transform"/>
        <input semantic="INTERPOLATION" source="#mixamorig_RightHandMiddle2-Interpolations"/>
      </sampler>
      <channel source="#mixamorig_RightHandMiddle2-Matrix-animation-transform" target="mixamorig_RightHandMiddle2/matrix"/>
    </animation>
    <animation id="mixamorig_RightHandMiddle3-anim" name="mixamorig_RightHandMiddle3">
      <source id="mixamorig_RightHandMiddle3-Matrix-animation-input">
        <float_array id="mixamorig_RightHandMiddle3-Matrix-animation-input-array" count="41">

0.000000 0.033333 0.066667 0.100000 0.133333 0.166667 0.200000 0.233333 0.266667 0.300000 0.333333 0.366667 0.400000 0.433333 0.466667 0.500000
0.533333 0.566667 0.600000 0.633333 0.666667 0.700000 0.733333 0.766667 0.800000 0.833333 0.866667 0.900000 0.933333 0.966667 1.000000 1.033333
1.066667 1.100000 1.133333 1.166667 1.200000 1.233333 1.266667 1.300000 1.333333</float_array>
        <technique_common>
          <accessor source="#mixamorig_RightHandMiddle3-Matrix-animation-input-array" count="41">
            <param name="TIME" type="float"/>
          </accessor>
        </technique_common>
      </source>
      <source id="mixamorig_RightHandMiddle3-Matrix-animation-output-transform">
        <float_array id="mixamorig_RightHandMiddle3-Matrix-animation-output-transform-array" count="656">

0.999299 0.036308 -0.009134 0.000000 -0.033368 0.753099 -0.657060 2.639800 -0.016978 0.656904 0.753783 -0.000000 0.000000 0.000000 0.000000 1.000000
0.999299 0.036313 -0.009139 0.000000 -0.033375 0.753099 -0.657060 2.639800 -0.016977 0.656904 0.753783 0.000000 0.000000 0.000000 0.000000 1.000000
0.999298 0.036318 -0.009143 -0.000000 -0.033383 0.753099 -0.657060 2.639800 -0.016977 0.656904 0.753783 0.000000 0.000000 0.000000 0.000000 1.000000
0.999298 0.036323 -0.009149 -0.000000 -0.033390 0.753099 -0.657059 2.639800 -0.016977 0.656903 0.753784 -0.000000 0.000000 0.000000 0.000000 1.000000
0.999298 0.036329 -0.009153 -0.000000 -0.033397 0.753099 -0.657059 2.639800 -0.016977 0.656903 0.753784 0.000000 0.000000 0.000000 0.000000 1.000000
0.999215 0.038058 -0.011031 -0.000000 -0.035023 0.718048 -0.695112 2.639800 -0.018534 0.694952 0.718817 0.000000 0.000000 0.000000 0.000000 1.000000
0.998701 0.045671 -0.022577 0.000000 -0.042407 0.499618 -0.865207 2.639800 -0.028235 0.865041 0.500906 0.000000 0.000000 0.000000 0.000000 1.000000
0.998263 0.049442 -0.032049 0.000000 -0.045863 0.310566 -0.949445 2.639800 -0.036989 0.949265 0.312294 0.000000 0.000000 0.000000 0.000000 1.000000
0.998153 0.050130 -0.034304 0.000000 -0.046490 0.266982 -0.962580 2.639800 -0.039096 0.962397 0.268819 0.000000 0.000000 0.000000 0.000000 1.000000
0.998067 0.050590 -0.036109 0.000000 -0.046938 0.232650 -0.971427 2.639800 -0.040743 0.971244 0.234575 0.000000 0.000000 0.000000 0.000000 1.000000
0.998001 0.050885 -0.037483 0.000000 -0.047241 0.206656 -0.977273 2.639800 -0.041983 0.977090 0.208646 0.000000 0.000000 0.000000 0.000000 1.000000
0.997953 0.051071 -0.038482 0.000000 -0.047447 0.187938 -0.981034 2.639800 -0.042870 0.980852 0.189976 -0.000000 0.000000 0.000000 0.000000 1.000000
0.997921 0.051185 -0.039166 0.000000 -0.047589 0.175352 -0.983355 2.639800 -0.043465 0.983174 0.177423 0.000000 0.000000 0.000000 0.000000 1.000000
0.997900 0.051255 -0.039600 0.000000 -0.047689 0.167704 -0.984683 2.639800 -0.043829 0.984504 0.169796 -0.000000 0.000000 0.000000 0.000000 1.000000
0.997888 0.051303 -0.039848 0.000000 -0.047767 0.163773 -0.985341 2.639800 -0.044025 0.985163 0.165877 0.000000 0.000000 0.000000 0.000000 1.000000
0.997880 0.051347 -0.039976 0.000000 -0.047835 0.162324 -0.985577 2.639800 -0.044117 0.985401 0.164436 -0.000000 0.000000 0.000000 0.000000 1.000000
0.997875 0.051403 -0.040048 -0.000000 -0.047907 0.162117 -0.985608 2.639800 -0.044170 0.985432 0.164235 -0.000000 0.000000 0.000000 0.000000 1.000000
0.997920 0.051316 -0.039016 0.000000 -0.047815 0.183297 -0.981894 2.639800 -0.043235 0.981717 0.185370 -0.000000 0.000000 0.000000 0.000000 1.000000
0.998040 0.050922 -0.036379 0.000000 -0.047508 0.238092 -0.970080 2.639800 -0.040737 0.969907 0.240044 -0.000000 0.000000 0.000000 0.000000 1.000000
0.998207 0.050167 -0.032659 -0.000000 -0.046766 0.312989 -0.948605 2.639800 -0.037366 0.948431 0.314774 -0.000000 0.000000 0.000000 0.000000 1.000000
0.998391 0.048996 -0.028533 -0.000000 -0.045588 0.394457 -0.917783 2.639800 -0.033712 0.917607 0.396056 0.000000 0.000000 0.000000 0.000000 1.000000
0.998565 0.047501 -0.024711 0.000000 -0.044168 0.469862 -0.881634 2.639800 -0.030268 0.881461 0.471286 -0.000000 0.000000 0.000000 0.000000 1.000000
0.998707 0.046003 -0.021645 0.000000 -0.042714 0.528331 -0.847963 2.639800 -0.027573 0.847791 0.529613 0.000000 0.000000 0.000000 0.000000 1.000000
0.998828 0.044494 -0.019037 -0.000000 -0.041249 0.576977 -0.815718 2.639800 -0.025310 0.815548 0.578136 0.000000 0.000000 0.000000 0.000000 1.000000
0.998959 0.042583 -0.016360 0.000000 -0.039439 0.625987 -0.778836 2.639800 -0.022924 0.778670 0.627015 -0.000000 0.000000 0.000000 0.000000 1.000000
0.999080 0.040611 -0.013785 -0.000000 -0.037494 0.671074 -0.740442 2.639800 -0.020820 0.740278 0.671979 0.000000 0.000000 0.000000 0.000000 1.000000
0.999181 0.038778 -0.011595 -0.000000 -0.035682 0.708732 -0.704575 2.639800 -0.019104 0.704411 0.709535 -0.000000 0.000000 0.000000 0.000000 1.000000
0.999256 0.037249 -0.009973 0.000000 -0.034188 0.736191 -0.675909 2.639800 -0.017835 0.675748 0.736917 0.000000 0.000000 0.000000 0.000000 1.000000
0.999296 0.036366 -0.009181 0.000000 -0.033391 0.751104 -0.659339 2.639800 -0.017081 0.659182 0.751790 0.000000 0.000000 0.000000 0.000000 1.000000
0.999301 0.036251 -0.009080 -0.000000 -0.033289 0.753099 -0.657064 2.639800 -0.016981 0.656907 0.753780 0.000000 0.000000 0.000000 0.000000 1.000000
0.999301 0.036255 -0.009084 -0.000000 -0.033296 0.753100 -0.657064 2.639800 -0.016981 0.656907 0.753780 0.000000 0.000000 0.000000 0.000000 1.000000
0.999301 0.036261 -0.009090 -0.000000 -0.033303 0.753099 -0.657064 2.639800 -0.016980 0.656907 0.753780 0.000000 0.000000 0.000000 0.000000 1.000000
0.999301 0.036265 -0.009095 -0.000000 -0.033311 0.753099 -0.657063 2.639800 -0.016980 0.656907 0.753781 0.000000 0.000000 0.000000 0.000000 1.000000
0.999301 0.036271 -0.009099 -0.000000 -0.033317 0.753100 -0.657062 2.639800 -0.016980 0.656906 0.753781 0.000000 0.000000 0.000000 0.000000 1.000000
0.999300 0.036276 -0.009104 0.000000 -0.033325 0.753099 -0.657062 2.639800 -0.016979 0.656906 0.753781 0.000000 0.000000 0.000000 0.000000 1.000000
0.999300 0.036281 -0.009109 0.000000 -0.033332 0.753099 -0.657062 2.639800 -0.016979 0.656906 0.753781 0.000000 0.000000 0.000000 0.000000 1.000000
0.999300 0.036287 -0.009114 -0.000000 -0.033339 0.753099 -0.657062 2.639800 -0.016979 0.656906 0.753782 0.000000 0.000000 0.000000 0.000000 1.000000
0.999300 0.036292 -0.009119 0.000000 -0.033346 0.753099 -0.657061 2.639800 -0.016979 0.656905 0.753782 0.000000 0.000000 0.000000 0.000000 1.000000
0.999299 0.036297 -0.009124 0.000000 -0.033354 0.753099 -0.657061 2.639800 -0.016978 0.656905 0.753782 0.000000 0.000000 0.000000 0.000000 1.000000
0.999299 0.036303 -0.009129 0.000000 -0.033362 0.753099 -0.657061 2.639800 -0.016978 0.656905 0.753783 0.000000 0.000000 0.000000 0.000000 1.000000
0.999299 0.036308 -0.009134 0.000000 -0.033369 0.753099 -0.657060 2.639800 -0.016978 0.656905 0.753783 0.000000 0.000000 0.000000 0.000000 1.000000</float_array>
        <technique_common>
          <accessor source="#mixamorig_RightHandMiddle3-Matrix-animation-output-transform-array" count="41" stride="16">
            <param type="float4x4"/>
          </accessor>
        </technique_common>
      </source>
      <source id="mixamorig_RightHandMiddle3-Interpolations">
        <Name_array id="mixamorig_RightHandMiddle3-Interpolations-array" count="41">
 LINEAR LINEAR LINEAR LINEAR LINEAR LINEAR LINEAR LINEAR LINEAR LINEAR LINEAR
LINEAR LINEAR LINEAR LINEAR LINEAR LINEAR LINEAR LINEAR LINEAR LINEAR LINEAR LINEAR
LINEAR LINEAR LINEAR LINEAR LINEAR LINEAR LINEAR LINEAR LINEAR LINEAR LINEAR LINEAR
LINEAR LINEAR LINEAR LINEAR LINEAR LINEAR</Name_array>
        <technique_common>
          <accessor source="#mixamorig_RightHandMiddle3-Interpolations-array" count="41">
            <param type="name"/>
          </accessor>
        </technique_common>
      </source>
      <sampler id="mixamorig_RightHandMiddle3-Matrix-animation-transform">
        <input semantic="INPUT" source="#mixamorig_RightHandMiddle3-Matrix-animation-input"/>
        <input semantic="OUTPUT" source="#mixamorig_RightHandMiddle3-Matrix-animation-output-transform"/>
        <input semantic="INTERPOLATION" source="#mixamorig_RightHandMiddle3-Interpolations"/>
      </sampler>
      <channel source="#mixamorig_RightHandMiddle3-Matrix-animation-transform" target="mixamorig_RightHandMiddle3/matrix"/>
    </animation>
    <animation id="mixamorig_RightHandRing1-anim" name="mixamorig_RightHandRing1">
      <source id="mixamorig_RightHandRing1-Matrix-animation-input">
        <float_array id="mixamorig_RightHandRing1-Matrix-animation-input-array" count="41">

0.000000 0.033333 0.066667 0.100000 0.133333 0.166667 0.200000 0.233333 0.266667 0.300000 0.333333 0.366667 0.400000 0.433333 0.466667 0.500000
0.533333 0.566667 0.600000 0.633333 0.666667 0.700000 0.733333 0.766667 0.800000 0.833333 0.866667 0.900000 0.933333 0.966667 1.000000 1.033333
1.066667 1.100000 1.133333 1.166667 1.200000 1.233333 1.266667 1.300000 1.333333</float_array>
        <technique_common>
          <accessor source="#mixamorig_RightHandRing1-Matrix-animation-input-array" count="41">
            <param name="TIME" type="float"/>
          </accessor>
        </technique_common>
      </source>
      <source id="mixamorig_RightHandRing1-Matrix-animation-output-transform">
        <float_array id="mixamorig_RightHandRing1-Matrix-animation-output-transform-array" count="656">

0.995315 0.092207 0.029093 -3.304900 -0.023465 0.522249 -0.852470 13.191500 -0.093797 0.847793 0.521966 -0.322000 0.000000 0.000000 0.000000 1.000000
0.995315 0.092208 0.029093 -3.304900 -0.023465 0.522250 -0.852470 13.191500 -0.093798 0.847793 0.521967 -0.322000 0.000000 0.000000 0.000000 1.000000
0.995315 0.092207 0.029093 -3.304900 -0.023464 0.522249 -0.852470 13.191500 -0.093798 0.847794 0.521965 -0.322000 0.000000 0.000000 0.000000 1.000000
0.995315 0.092207 0.029093 -3.304900 -0.023464 0.522250 -0.852470 13.191500 -0.093797 0.847793 0.521966 -0.322000 0.000000 0.000000 0.000000 1.000000
0.995315 0.092207 0.029093 -3.304900 -0.023464 0.522250 -0.852470 13.191500 -0.093797 0.847793 0.521966 -0.322000 0.000000 0.000000 0.000000 1.000000
0.994337 0.100967 0.033165 -3.304900 -0.019808 0.482675 -0.875576 13.191500 -0.104412 0.869960 0.481941 -0.322000 0.000000 0.000000 0.000000 1.000000
0.987456 0.149781 0.049967 -3.304900 0.009927 0.256936 -0.966377 13.191500 -0.157584 0.954751 0.252226 -0.322000 0.000000 0.000000 0.000000 1.000000
0.980823 0.186463 0.056718 -3.304900 0.041884 0.082556 -0.995706 13.191500 -0.190345 0.978987 0.073163 -0.322000 0.000000 0.000000 0.000000 1.000000
0.979503 0.193013 0.057622 -3.304900 0.049053 0.048891 -0.997599 13.191500 -0.195367 0.979977 0.038421 -0.322000 0.000000 0.000000 0.000000 1.000000
0.978450 0.198113 0.058200 -3.304900 0.054787 0.022669 -0.998241 13.191500 -0.199084 0.979917 0.011326 -0.322000 0.000000 0.000000 0.000000 1.000000
0.977645 0.201943 0.058561 -3.304900 0.059181 0.002974 -0.998243 13.191500 -0.201763 0.979393 -0.009044 -0.322000 0.000000 0.000000 0.000000 1.000000
0.977061 0.204685 0.058780 -3.304900 0.062370 -0.011129 -0.997991 13.191500 -0.203620 0.978765 -0.023640 -0.322000 0.000000 0.000000 0.000000 1.000000
0.976667 0.206522 0.058909 -3.304900 0.064529 -0.020576 -0.997704 13.191500 -0.204836 0.978226 -0.033422 -0.322000 0.000000 0.000000 0.000000 1.000000
0.976427 0.207636 0.058981 -3.304900 0.065846 -0.026301 -0.997483 13.191500 -0.205562 0.977853 -0.039353 -0.322000 0.000000 0.000000 0.000000 1.000000
0.976303 0.208207 0.059016 -3.304900 0.066525 -0.029241 -0.997356 13.191500 -0.205931 0.977648 -0.042399 -0.322000 0.000000 0.000000 0.000000 1.000000
0.976258 0.208415 0.059019 -3.304900 0.066766 -0.030327 -0.997308 13.191500 -0.206064 0.977570 -0.043522 -0.322000 0.000000 0.000000 0.000000 1.000000
0.976250 0.208448 0.059030 -3.304900 0.066810 -0.030479 -0.997300 13.191500 -0.206086 0.977558 -0.043682 -0.322000 0.000000 0.000000 0.000000 1.000000
0.976854 0.205629 0.058924 -3.304900 0.063745 -0.016893 -0.997823 13.191500 -0.204186 0.978484 -0.029610 -0.322000 0.000000 0.000000 0.000000 1.000000
0.978420 0.198174 0.058500 -3.304900 0.055830 0.019036 -0.998259 13.191500 -0.198942 0.979982 0.007561 -0.322000 0.000000 0.000000 0.000000 1.000000
0.980560 0.187593 0.057540 -3.304900 0.045082 0.070018 -0.996527 13.191500 -0.190970 0.979748 0.060200 -0.322000 0.000000 0.000000 0.000000 1.000000
0.982903 0.175426 0.055919 -3.304900 0.033439 0.128580 -0.991135 13.191500 -0.181061 0.976060 0.120516 -0.322000 0.000000 0.000000 0.000000 1.000000
0.985124 0.163230 0.053732 -3.304900 0.022555 0.187158 -0.982071 13.191500 -0.170360 0.968673 0.180692 -0.322000 0.000000 0.000000 0.000000 1.000000
0.986962 0.152544 0.051350 -3.304900 0.013689 0.238327 -0.971089 13.191500 -0.160372 0.959130 0.233131 -0.322000 0.000000 0.000000 0.000000 1.000000
0.988697 0.141859 0.048521 -3.304900 0.005466 0.289312 -0.957219 13.191500 -0.149828 0.946665 0.285266 -0.322000 0.000000 0.000000 0.000000 1.000000
0.990553 0.129632 0.044723 -3.304900 -0.003119 0.347355 -0.937729 13.191500 -0.137095 0.928730 0.344478 -0.322000 0.000000 0.000000 0.000000 1.000000
0.992280 0.117304 0.040263 -3.304900 -0.010848 0.405495 -0.914033 13.191500 -0.123546 0.906539 0.403637 -0.322000 0.000000 0.000000 0.000000 1.000000
0.993700 0.106238 0.035696 -3.304900 -0.016947 0.457275 -0.889164 13.191500 -0.110786 0.882957 0.456194 -0.322000 0.000000 0.000000 0.000000 1.000000
0.994708 0.097698 0.031789 -3.304900 -0.021081 0.496919 -0.867541 13.191500 -0.100553 0.862280 0.496349 -0.322000 0.000000 0.000000 0.000000 1.000000
0.995244 0.092867 0.029425 -3.304900 -0.023189 0.519211 -0.854332 13.191500 -0.094617 0.849586 0.518895 -0.322000 0.000000 0.000000 0.000000 1.000000
0.995315 0.092206 0.029092 -3.304900 -0.023465 0.522250 -0.852470 13.191500 -0.093796 0.847793 0.521967 -0.322000 0.000000 0.000000 0.000000 1.000000
0.995315 0.092207 0.029093 -3.304900 -0.023464 0.522249 -0.852470 13.191500 -0.093797 0.847793 0.521966 -0.322000 0.000000 0.000000 0.000000 1.000000
0.995315 0.092207 0.029093 -3.304900 -0.023464 0.522249 -0.852470 13.191500 -0.093798 0.847793 0.521966 -0.322000 0.000000 0.000000 0.000000 1.000000
0.995315 0.092207 0.029093 -3.304900 -0.023464 0.522249 -0.852470 13.191500 -0.093797 0.847794 0.521965 -0.322000 0.000000 0.000000 0.000000 1.000000
0.995315 0.092207 0.029093 -3.304900 -0.023464 0.522249 -0.852470 13.191500 -0.093797 0.847793 0.521966 -0.322000 0.000000 0.000000 0.000000 1.000000
0.995315 0.092208 0.029093 -3.304900 -0.023465 0.522250 -0.852470 13.191500 -0.093798 0.847793 0.521966 -0.322000 0.000000 0.000000 0.000000 1.000000
0.995315 0.092207 0.029093 -3.304900 -0.023465 0.522249 -0.852470 13.191500 -0.093797 0.847793 0.521966 -0.322000 0.000000 0.000000 0.000000 1.000000
0.995315 0.092207 0.029092 -3.304900 -0.023464 0.522249 -0.852470 13.191500 -0.093797 0.847793 0.521966 -0.322000 0.000000 0.000000 0.000000 1.000000
0.995315 0.092206 0.029093 -3.304900 -0.023464 0.522249 -0.852470 13.191500 -0.093797 0.847794 0.521966 -0.322000 0.000000 0.000000 0.000000 1.000000
0.995315 0.092207 0.029092 -3.304900 -0.023464 0.522249 -0.852470 13.191500 -0.093797 0.847793 0.521966 -0.322000 0.000000 0.000000 0.000000 1.000000
0.995315 0.092207 0.029093 -3.304900 -0.023464 0.522249 -0.852470 13.191500 -0.093797 0.847794 0.521966 -0.322000 0.000000 0.000000 0.000000 1.000000
0.995315 0.092207 0.029093 -3.304900 -0.023464 0.522249 -0.852470 13.191500 -0.093798 0.847793 0.521966 -0.322000 0.000000 0.000000 0.000000 1.000000</float_array>
        <technique_common>
          <accessor source="#mixamorig_RightHandRing1-Matrix-animation-output-transform-array" count="41" stride="16">
            <param type="float4x4"/>
          </accessor>
        </technique_common>
      </source>
      <source id="mixamorig_RightHandRing1-Interpolations">
        <Name_array id="mixamorig_RightHandRing1-Interpolations-array" count="41">
 LINEAR LINEAR LINEAR LINEAR LINEAR LINEAR LINEAR LINEAR LINEAR LINEAR LINEAR
LINEAR LINEAR LINEAR LINEAR LINEAR LINEAR LINEAR LINEAR LINEAR LINEAR LINEAR LINEAR
LINEAR LINEAR LINEAR LINEAR LINEAR LINEAR LINEAR LINEAR LINEAR LINEAR LINEAR LINEAR
LINEAR LINEAR LINEAR LINEAR LINEAR LINEAR</Name_array>
        <technique_common>
          <accessor source="#mixamorig_RightHandRing1-Interpolations-array" count="41">
            <param type="name"/>
          </accessor>
        </technique_common>
      </source>
      <sampler id="mixamorig_RightHandRing1-Matrix-animation-transform">
        <input semantic="INPUT" source="#mixamorig_RightHandRing1-Matrix-animation-input"/>
        <input semantic="OUTPUT" source="#mixamorig_RightHandRing1-Matrix-animation-output-transform"/>
        <input semantic="INTERPOLATION" source="#mixamorig_RightHandRing1-Interpolations"/>
      </sampler>
      <channel source="#mixamorig_RightHandRing1-Matrix-animation-transform" target="mixamorig_RightHandRing1/matrix"/>
    </animation>
    <animation id="mixamorig_RightHandRing2-anim" name="mixamorig_RightHandRing2">
      <source id="mixamorig_RightHandRing2-Matrix-animation-input">
        <float_array id="mixamorig_RightHandRing2-Matrix-animation-input-array" count="41">

0.000000 0.033333 0.066667 0.100000 0.133333 0.166667 0.200000 0.233333 0.266667 0.300000 0.333333 0.366667 0.400000 0.433333 0.466667 0.500000
0.533333 0.566667 0.600000 0.633333 0.666667 0.700000 0.733333 0.766667 0.800000 0.833333 0.866667 0.900000 0.933333 0.966667 1.000000 1.033333
1.066667 1.100000 1.133333 1.166667 1.200000 1.233333 1.266667 1.300000 1.333333</float_array>
        <technique_common>
          <accessor source="#mixamorig_RightHandRing2-Matrix-animation-input-array" count="41">
            <param name="TIME" type="float"/>
          </accessor>
        </technique_common>
      </source>
      <source id="mixamorig_RightHandRing2-Matrix-animation-output-transform">
        <float_array id="mixamorig_RightHandRing2-Matrix-animation-output-transform-array" count="656">

0.999422 0.031078 -0.013791 0.000000 -0.031045 0.668701 -0.742883 2.717600 -0.013865 0.742882 0.669279 0.000000 0.000000 0.000000 0.000000 1.000000
0.999422 0.031077 -0.013793 0.000000 -0.031046 0.668701 -0.742883 2.717600 -0.013863 0.742882 0.669279 0.000000 0.000000 0.000000 0.000000 1.000000
0.999422 0.031077 -0.013797 0.000000 -0.031049 0.668701 -0.742883 2.717600 -0.013860 0.742882 0.669279 0.000000 0.000000 0.000000 0.000000 1.000000
0.999422 0.031077 -0.013799 0.000000 -0.031050 0.668701 -0.742883 2.717600 -0.013859 0.742881 0.669279 0.000000 0.000000 0.000000 0.000000 1.000000
0.999422 0.031077 -0.013802 -0.000000 -0.031053 0.668701 -0.742883 2.717600 -0.013857 0.742882 0.669279 0.000000 0.000000 0.000000 0.000000 1.000000
0.999338 0.032777 -0.015784 0.000000 -0.032980 0.633097 -0.773369 2.717600 -0.015356 0.773378 0.633759 0.000000 0.000000 0.000000 0.000000 1.000000
0.998812 0.040175 -0.027571 -0.000000 -0.041950 0.421155 -0.906018 2.717600 -0.024788 0.906098 0.422340 -0.000000 0.000000 0.000000 0.000000 1.000000
0.998357 0.043605 -0.037169 0.000000 -0.046875 0.248540 -0.967487 2.717600 -0.032949 0.967640 0.250176 0.000000 0.000000 0.000000 0.000000 1.000000
0.998265 0.044057 -0.039055 0.000000 -0.047631 0.214435 -0.975576 2.717600 -0.034606 0.975744 0.216162 0.000000 0.000000 0.000000 0.000000 1.000000
0.998193 0.044362 -0.040532 0.000000 -0.048177 0.187691 -0.981046 2.717600 -0.035914 0.981226 0.189489 -0.000000 0.000000 0.000000 0.000000 1.000000
0.998139 0.044565 -0.041629 0.000000 -0.048546 0.167499 -0.984676 2.717600 -0.036909 0.984864 0.169351 0.000000 0.000000 0.000000 0.000000 1.000000
0.998101 0.044696 -0.042388 0.000000 -0.048768 0.152988 -0.987024 2.717600 -0.037631 0.987217 0.154877 0.000000 0.000000 0.000000 0.000000 1.000000
0.998076 0.044776 -0.042898 0.000000 -0.048912 0.143242 -0.988478 2.717600 -0.038116 0.988674 0.145156 -0.000000 0.000000 0.000000 0.000000 1.000000
0.998060 0.044824 -0.043201 -0.000000 -0.048990 0.137322 -0.989314 2.717600 -0.038413 0.989512 0.139252 0.000000 0.000000 0.000000 0.000000 1.000000
0.998053 0.044847 -0.043349 -0.000000 -0.049021 0.134281 -0.989730 2.717600 -0.038565 0.989928 0.136218 -0.000000 0.000000 0.000000 0.000000 1.000000
0.998051 0.044855 -0.043393 0.000000 -0.049022 0.133161 -0.989881 2.717600 -0.038623 0.990079 0.135100 -0.000000 0.000000 0.000000 0.000000 1.000000
0.998051 0.044856 -0.043388 0.000000 -0.049011 0.133001 -0.989903 2.717600 -0.038633 0.990100 0.134940 0.000000 0.000000 0.000000 0.000000 1.000000
0.998090 0.044745 -0.042594 -0.000000 -0.048753 0.147061 -0.987925 2.717600 -0.037941 0.988115 0.148962 0.000000 0.000000 0.000000 0.000000 1.000000
0.998191 0.044400 -0.040526 -0.000000 -0.048045 0.184040 -0.981744 2.717600 -0.036131 0.981915 0.185840 0.000000 0.000000 0.000000 0.000000 1.000000
0.998332 0.043779 -0.037628 0.000000 -0.046932 0.235988 -0.970622 2.717600 -0.033613 0.970769 0.237649 0.000000 0.000000 0.000000 0.000000 1.000000
0.998490 0.042877 -0.034343 0.000000 -0.045492 0.294913 -0.954441 2.717600 -0.030795 0.954562 0.296418 0.000000 0.000000 0.000000 0.000000 1.000000
0.998643 0.041766 -0.031105 0.000000 -0.043875 0.353049 -0.934576 2.717600 -0.028052 0.934672 0.354402 -0.000000 0.000000 0.000000 0.000000 1.000000
0.998773 0.040627 -0.028318 0.000000 -0.042318 0.403157 -0.914152 2.717600 -0.025723 0.914228 0.404382 0.000000 0.000000 0.000000 0.000000 1.000000
0.998899 0.039329 -0.025577 0.000000 -0.040625 0.452450 -0.890864 2.717600 -0.023464 0.890922 0.453549 0.000000 0.000000 0.000000 0.000000 1.000000
0.999038 0.037642 -0.022505 0.000000 -0.038519 0.507761 -0.860637 2.717600 -0.020969 0.860675 0.508722 0.000000 0.000000 0.000000 0.000000 1.000000
0.999171 0.035720 -0.019509 0.000000 -0.036232 0.562262 -0.826165 2.717600 -0.018541 0.826188 0.563090 0.000000 0.000000 0.000000 0.000000 1.000000
0.999285 0.033797 -0.016937 0.000000 -0.034048 0.609989 -0.791678 2.717600 -0.016425 0.791689 0.610704 -0.000000 0.000000 0.000000 0.000000 1.000000
0.999369 0.032181 -0.015022 0.000000 -0.032265 0.645977 -0.762675 2.717600 -0.014840 0.762679 0.646608 -0.000000 0.000000 0.000000 0.000000 1.000000
0.999416 0.031213 -0.013912 0.000000 -0.031175 0.665986 -0.745313 2.717600 -0.013998 0.745311 0.666570 -0.000000 0.000000 0.000000 0.000000 1.000000
0.999422 0.031078 -0.013763 -0.000000 -0.031024 0.668700 -0.742884 2.717600 -0.013884 0.742882 0.669278 0.000000 0.000000 0.000000 0.000000 1.000000
0.999422 0.031077 -0.013766 -0.000000 -0.031026 0.668701 -0.742884 2.717600 -0.013882 0.742882 0.669279 -0.000000 0.000000 0.000000 0.000000 1.000000
0.999422 0.031078 -0.013768 0.000000 -0.031028 0.668701 -0.742884 2.717600 -0.013880 0.742882 0.669279 0.000000 0.000000 0.000000 0.000000 1.000000
0.999422 0.031078 -0.013771 0.000000 -0.031030 0.668701 -0.742884 2.717600 -0.013879 0.742882 0.669279 0.000000 0.000000 0.000000 0.000000 1.000000
0.999422 0.031078 -0.013773 0.000000 -0.031031 0.668701 -0.742884 2.717600 -0.013877 0.742882 0.669279 0.000000 0.000000 0.000000 0.000000 1.000000
0.999422 0.031077 -0.013776 0.000000 -0.031033 0.668701 -0.742884 2.717600 -0.013875 0.742882 0.669279 0.000000 0.000000 0.000000 0.000000 1.000000
0.999422 0.031078 -0.013778 -0.000000 -0.031035 0.668701 -0.742883 2.717600 -0.013874 0.742881 0.669279 0.000000 0.000000 0.000000 0.000000 1.000000
0.999422 0.031078 -0.013781 -0.000000 -0.031037 0.668701 -0.742884 2.717600 -0.013872 0.742882 0.669279 0.000000 0.000000 0.000000 0.000000 1.000000
0.999422 0.031077 -0.013785 0.000000 -0.031040 0.668701 -0.742883 2.717600 -0.013869 0.742882 0.669279 0.000000 0.000000 0.000000 0.000000 1.000000
0.999422 0.031078 -0.013787 0.000000 -0.031042 0.668701 -0.742883 2.717600 -0.013868 0.742882 0.669279 -0.000000 0.000000 0.000000 0.000000 1.000000
0.999422 0.031078 -0.013789 0.000000 -0.031043 0.668701 -0.742883 2.717600 -0.013866 0.742881 0.669279 -0.000000 0.000000 0.000000 0.000000 1.000000
0.999422 0.031077 -0.013791 -0.000000 -0.031045 0.668701 -0.742883 2.717600 -0.013864 0.742882 0.669279 0.000000 0.000000 0.000000 0.000000 1.000000</float_array>
        <technique_common>
          <accessor source="#mixamorig_RightHandRing2-Matrix-animation-output-transform-array" count="41" stride="16">
            <param type="float4x4"/>
          </accessor>
        </technique_common>
      </source>
      <source id="mixamorig_RightHandRing2-Interpolations">
        <Name_array id="mixamorig_RightHandRing2-Interpolations-array" count="41">
 LINEAR LINEAR LINEAR LINEAR LINEAR LINEAR LINEAR LINEAR LINEAR LINEAR LINEAR
LINEAR LINEAR LINEAR LINEAR LINEAR LINEAR LINEAR LINEAR LINEAR LINEAR LINEAR LINEAR
LINEAR LINEAR LINEAR LINEAR LINEAR LINEAR LINEAR LINEAR LINEAR LINEAR LINEAR LINEAR
LINEAR LINEAR LINEAR LINEAR LINEAR LINEAR</Name_array>
        <technique_common>
          <accessor source="#mixamorig_RightHandRing2-Interpolations-array" count="41">
            <param type="name"/>
          </accessor>
        </technique_common>
      </source>
      <sampler id="mixamorig_RightHandRing2-Matrix-animation-transform">
        <input semantic="INPUT" source="#mixamorig_RightHandRing2-Matrix-animation-input"/>
        <input semantic="OUTPUT" source="#mixamorig_RightHandRing2-Matrix-animation-output-transform"/>
        <input semantic="INTERPOLATION" source="#mixamorig_RightHandRing2-Interpolations"/>
      </sampler>
      <channel source="#mixamorig_RightHandRing2-Matrix-animation-transform" target="mixamorig_RightHandRing2/matrix"/>
    </animation>
    <animation id="mixamorig_RightHandRing3-anim" name="mixamorig_RightHandRing3">
      <source id="mixamorig_RightHandRing3-Matrix-animation-input">
        <float_array id="mixamorig_RightHandRing3-Matrix-animation-input-array" count="41">

0.000000 0.033333 0.066667 0.100000 0.133333 0.166667 0.200000 0.233333 0.266667 0.300000 0.333333 0.366667 0.400000 0.433333 0.466667 0.500000
0.533333 0.566667 0.600000 0.633333 0.666667 0.700000 0.733333 0.766667 0.800000 0.833333 0.866667 0.900000 0.933333 0.966667 1.000000 1.033333
1.066667 1.100000 1.133333 1.166667 1.200000 1.233333 1.266667 1.300000 1.333333</float_array>
        <technique_common>
          <accessor source="#mixamorig_RightHandRing3-Matrix-animation-input-array" count="41">
            <param name="TIME" type="float"/>
          </accessor>
        </technique_common>
      </source>
      <source id="mixamorig_RightHandRing3-Matrix-animation-output-transform">
        <float_array id="mixamorig_RightHandRing3-Matrix-animation-output-transform-array" count="656">

0.999297 0.032616 -0.018494 0.000000 -0.034227 0.592177 -0.805080 2.134500 -0.015307 0.805147 0.592877 0.000000 0.000000 0.000000 0.000000 1.000000
0.999297 0.032611 -0.018488 0.000000 -0.034220 0.592177 -0.805081 2.134500 -0.015307 0.805148 0.592877 0.000000 0.000000 0.000000 0.000000 1.000000
0.999297 0.032607 -0.018484 0.000000 -0.034214 0.592178 -0.805081 2.134500 -0.015305 0.805148 0.592877 0.000000 0.000000 0.000000 0.000000 1.000000
0.999298 0.032603 -0.018479 0.000000 -0.034208 0.592177 -0.805082 2.134500 -0.015305 0.805148 0.592876 0.000000 0.000000 0.000000 0.000000 1.000000
0.999298 0.032598 -0.018475 0.000000 -0.034201 0.592177 -0.805082 2.134500 -0.015304 0.805148 0.592876 -0.000000 0.000000 0.000000 0.000000 1.000000
0.999164 0.034867 -0.021331 0.000000 -0.036809 0.540680 -0.840422 2.134500 -0.017769 0.840505 0.541512 -0.000000 0.000000 0.000000 0.000000 1.000000
0.998320 0.043363 -0.038429 -0.000000 -0.047631 0.236554 -0.970450 2.134500 -0.032991 0.970650 0.238222 -0.000000 0.000000 0.000000 0.000000 1.000000
0.997615 0.045212 -0.052155 -0.000000 -0.052320 0.002471 -0.998627 2.134500 -0.045021 0.998974 0.004830 0.000000 0.000000 0.000000 0.000000 1.000000
0.997502 0.045164 -0.054320 0.000000 -0.052876 -0.032583 -0.998069 2.134500 -0.046847 0.998448 -0.030113 0.000000 0.000000 0.000000 0.000000 1.000000
0.997414 0.045088 -0.055965 0.000000 -0.053224 -0.059856 -0.996787 2.134500 -0.048292 0.997188 -0.057301 0.000000 0.000000 0.000000 0.000000 1.000000
0.997350 0.045008 -0.057157 0.000000 -0.053416 -0.080323 -0.995337 2.134500 -0.049389 0.995752 -0.077706 0.000000 0.000000 0.000000 0.000000 1.000000
0.997306 0.044943 -0.057965 -0.000000 -0.053495 -0.094968 -0.994042 2.134500 -0.050181 0.994465 -0.092308 0.000000 0.000000 0.000000 0.000000 1.000000
0.997280 0.044899 -0.058455 0.000000 -0.053491 -0.104774 -0.993056 2.134500 -0.050712 0.993482 -0.102087 -0.000000 0.000000 0.000000 0.000000 1.000000
0.997267 0.044873 -0.058696 -0.000000 -0.053429 -0.110717 -0.992415 2.134500 -0.051032 0.992838 -0.108017 0.000000 0.000000 0.000000 0.000000 1.000000
0.997264 0.044860 -0.058754 0.000000 -0.053330 -0.113767 -0.992075 2.134500 -0.051189 0.992494 -0.111064 0.000000 0.000000 0.000000 0.000000 1.000000
0.997268 0.044856 -0.058696 0.000000 -0.053215 -0.114891 -0.991952 2.134500 -0.051239 0.992365 -0.112190 0.000000 0.000000 0.000000 0.000000 1.000000
0.997274 0.044850 -0.058588 -0.000000 -0.053101 -0.115052 -0.991939 2.134500 -0.051229 0.992346 -0.112357 -0.000000 0.000000 0.000000 0.000000 1.000000
0.997333 0.044940 -0.057508 -0.000000 -0.052918 -0.097396 -0.993838 2.134500 -0.050264 0.994231 -0.094758 0.000000 0.000000 0.000000 0.000000 1.000000
0.997481 0.045105 -0.054744 0.000000 -0.052446 -0.050642 -0.997339 2.134500 -0.047757 0.997698 -0.048149 0.000000 0.000000 0.000000 0.000000 1.000000
0.997687 0.045128 -0.050836 0.000000 -0.051594 0.015784 -0.998543 2.134500 -0.044260 0.998857 0.018075 0.000000 0.000000 0.000000 0.000000 1.000000
0.997918 0.044838 -0.046361 0.000000 -0.050339 0.092090 -0.994477 2.134500 -0.040321 0.994741 0.094155 0.000000 0.000000 0.000000 0.000000 1.000000
0.998139 0.044200 -0.042003 -0.000000 -0.048881 0.168267 -0.984529 2.134500 -0.036449 0.984750 0.170114 -0.000000 0.000000 0.000000 0.000000 1.000000
0.998331 0.043275 -0.038237 0.000000 -0.047356 0.234561 -0.970947 2.134500 -0.033049 0.971138 0.236219 0.000000 0.000000 0.000000 0.000000 1.000000
0.998517 0.042076 -0.034540 0.000000 -0.045610 0.300265 -0.952765 2.134500 -0.029717 0.952927 0.301739 -0.000000 0.000000 0.000000 0.000000 1.000000
0.998723 0.040362 -0.030395 -0.000000 -0.043322 0.374480 -0.926222 2.134500 -0.026002 0.926356 0.375751 0.000000 0.000000 0.000000 0.000000 1.000000
0.998924 0.038192 -0.026319 -0.000000 -0.040659 0.448003 -0.893107 2.134500 -0.022318 0.893216 0.449073 0.000000 0.000000 0.000000 0.000000 1.000000
0.999096 0.035895 -0.022776 0.000000 -0.037971 0.512602 -0.857786 2.134500 -0.019115 0.857876 0.513502 0.000000 0.000000 0.000000 0.000000 1.000000
0.999222 0.033883 -0.020203 0.000000 -0.035752 0.561376 -0.826788 2.134500 -0.016672 0.826867 0.562150 0.000000 0.000000 0.000000 0.000000 1.000000
0.999285 0.032819 -0.018756 0.000000 -0.034489 0.588499 -0.807762 2.134500 -0.015472 0.807832 0.589210 0.000000 0.000000 0.000000 0.000000 1.000000
0.999294 0.032665 -0.018546 0.000000 -0.034298 0.592178 -0.805077 2.134500 -0.015316 0.805145 0.592880 0.000000 0.000000 0.000000 0.000000 1.000000
0.999295 0.032661 -0.018541 0.000000 -0.034292 0.592178 -0.805077 2.134500 -0.015314 0.805145 0.592880 0.000000 0.000000 0.000000 0.000000 1.000000
0.999295 0.032656 -0.018537 0.000000 -0.034286 0.592178 -0.805077 2.134500 -0.015314 0.805145 0.592880 0.000000 0.000000 0.000000 0.000000 1.000000
0.999295 0.032651 -0.018532 0.000000 -0.034279 0.592178 -0.805078 2.134500 -0.015313 0.805145 0.592880 0.000000 0.000000 0.000000 0.000000 1.000000
0.999295 0.032647 -0.018526 0.000000 -0.034272 0.592177 -0.805079 2.134500 -0.015312 0.805146 0.592879 0.000000 0.000000 0.000000 0.000000 1.000000
0.999295 0.032643 -0.018523 0.000000 -0.034267 0.592178 -0.805078 2.134500 -0.015312 0.805146 0.592879 -0.000000 0.000000 0.000000 0.000000 1.000000
0.999296 0.032638 -0.018517 0.000000 -0.034259 0.592178 -0.805079 2.134500 -0.015311 0.805146 0.592879 0.000000 0.000000 0.000000 0.000000 1.000000
0.999296 0.032634 -0.018513 -0.000000 -0.034253 0.592178 -0.805079 2.134500 -0.015310 0.805146 0.592878 0.000000 0.000000 0.000000 0.000000 1.000000
0.999296 0.032629 -0.018507 0.000000 -0.034246 0.592177 -0.805080 2.134500 -0.015310 0.805147 0.592878 0.000000 0.000000 0.000000 0.000000 1.000000
0.999296 0.032625 -0.018503 0.000000 -0.034240 0.592178 -0.805080 2.134500 -0.015308 0.805147 0.592878 0.000000 0.000000 0.000000 0.000000 1.000000
0.999297 0.032620 -0.018498 -0.000000 -0.034234 0.592178 -0.805080 2.134500 -0.015308 0.805147 0.592878 0.000000 0.000000 0.000000 0.000000 1.000000
0.999297 0.032615 -0.018494 0.000000 -0.034228 0.592177 -0.805081 2.134500 -0.015306 0.805148 0.592877 -0.000000 0.000000 0.000000 0.000000 1.000000</float_array>
        <technique_common>
          <accessor source="#mixamorig_RightHandRing3-Matrix-animation-output-transform-array" count="41" stride="16">
            <param type="float4x4"/>
          </accessor>
        </technique_common>
      </source>
      <source id="mixamorig_RightHandRing3-Interpolations">
        <Name_array id="mixamorig_RightHandRing3-Interpolations-array" count="41">
 LINEAR LINEAR LINEAR LINEAR LINEAR LINEAR LINEAR LINEAR LINEAR LINEAR LINEAR
LINEAR LINEAR LINEAR LINEAR LINEAR LINEAR LINEAR LINEAR LINEAR LINEAR LINEAR LINEAR
LINEAR LINEAR LINEAR LINEAR LINEAR LINEAR LINEAR LINEAR LINEAR LINEAR LINEAR LINEAR
LINEAR LINEAR LINEAR LINEAR LINEAR LINEAR</Name_array>
        <technique_common>
          <accessor source="#mixamorig_RightHandRing3-Interpolations-array" count="41">
            <param type="name"/>
          </accessor>
        </technique_common>
      </source>
      <sampler id="mixamorig_RightHandRing3-Matrix-animation-transform">
        <input semantic="INPUT" source="#mixamorig_RightHandRing3-Matrix-animation-input"/>
        <input semantic="OUTPUT" source="#mixamorig_RightHandRing3-Matrix-animation-output-transform"/>
        <input semantic="INTERPOLATION" source="#mixamorig_RightHandRing3-Interpolations"/>
      </sampler>
      <channel source="#mixamorig_RightHandRing3-Matrix-animation-transform" target="mixamorig_RightHandRing3/matrix"/>
    </animation>
    <animation id="mixamorig_RightHandPinky1-anim" name="mixamorig_RightHandPinky1">
      <source id="mixamorig_RightHandPinky1-Matrix-animation-input">
        <float_array id="mixamorig_RightHandPinky1-Matrix-animation-input-array" count="41">

0.000000 0.033333 0.066667 0.100000 0.133333 0.166667 0.200000 0.233333 0.266667 0.300000 0.333333 0.366667 0.400000 0.433333 0.466667 0.500000
0.533333 0.566667 0.600000 0.633333 0.666667 0.700000 0.733333 0.766667 0.800000 0.833333 0.866667 0.900000 0.933333 0.966667 1.000000 1.033333
1.066667 1.100000 1.133333 1.166667 1.200000 1.233333 1.266667 1.300000 1.333333</float_array>
        <technique_common>
          <accessor source="#mixamorig_RightHandPinky1-Matrix-animation-input-array" count="41">
            <param name="TIME" type="float"/>
          </accessor>
        </technique_common>
      </source>
      <source id="mixamorig_RightHandPinky1-Matrix-animation-output-transform">
        <float_array id="mixamorig_RightHandPinky1-Matrix-animation-output-transform-array" count="656">

0.977810 -0.008474 0.209320 -5.922000 0.161024 0.669555 -0.725098 11.636400 -0.134007 0.742714 0.656063 0.517000 0.000000 0.000000 0.000000 1.000000
0.977811 -0.008474 0.209320 -5.922000 0.161024 0.669555 -0.725099 11.636400 -0.134006 0.742715 0.656062 0.517000 0.000000 0.000000 0.000000 1.000000
0.977811 -0.008474 0.209320 -5.922000 0.161024 0.669555 -0.725098 11.636400 -0.134006 0.742714 0.656062 0.517000 0.000000 0.000000 0.000000 1.000000
0.977811 -0.008474 0.209319 -5.922000 0.161024 0.669555 -0.725098 11.636400 -0.134006 0.742714 0.656063 0.517000 0.000000 0.000000 0.000000 1.000000
0.977811 -0.008474 0.209319 -5.922000 0.161024 0.669555 -0.725098 11.636400 -0.134006 0.742714 0.656062 0.517000 0.000000 0.000000 0.000000 1.000000
0.976219 0.000538 0.216786 -5.922000 0.167169 0.634816 -0.754363 11.636400 -0.138025 0.772663 0.619630 0.517000 0.000000 0.000000 0.000000 1.000000
0.966269 0.051744 0.252284 -5.922000 0.206679 0.428644 -0.879516 11.636400 -0.153650 0.901990 0.403491 0.517000 0.000000 0.000000 0.000000 1.000000
0.957287 0.094015 0.273428 -5.922000 0.241070 0.262619 -0.934300 11.636400 -0.159645 0.960308 0.228738 0.517000 0.000000 0.000000 0.000000 1.000000
0.954713 0.108231 0.277145 -5.922000 0.246820 0.232050 -0.940868 11.636400 -0.166142 0.966664 0.194827 0.517000 0.000000 0.000000 0.000000 1.000000
0.952424 0.121762 0.279395 -5.922000 0.250706 0.208274 -0.945393 11.636400 -0.173304 0.970462 0.167839 0.517000 0.000000 0.000000 0.000000 1.000000
0.950410 0.134338 0.280491 -5.922000 0.253009 0.190492 -0.948525 11.636400 -0.180854 0.972454 0.147057 0.517000 0.000000 0.000000 0.000000 1.000000
0.948668 0.145694 0.280719 -5.922000 0.254007 0.177858 -0.950708 11.636400 -0.188441 0.973211 0.131721 0.517000 0.000000 0.000000 0.000000 1.000000
0.947209 0.155568 0.280347 -5.922000 0.253997 0.169497 -0.952237 11.636400 -0.195655 0.973175 0.121035 0.517000 0.000000 0.000000 0.000000 1.000000
0.946048 0.163700 0.279635 -5.922000 0.253307 0.164528 -0.953292 11.636400 -0.202061 0.972694 0.114185 0.517000 0.000000 0.000000 0.000000 1.000000
0.945205 0.169829 0.278829 -5.922000 0.252298 0.162070 -0.953981 11.636400 -0.207204 0.972055 0.110342 0.517000 0.000000 0.000000 0.000000 1.000000
0.944696 0.173699 0.278171 -5.922000 0.251372 0.161240 -0.954366 11.636400 -0.210624 0.971509 0.108659 0.517000 0.000000 0.000000 0.000000 1.000000
0.944527 0.175046 0.277899 -5.922000 0.250963 0.161159 -0.954487 11.636400 -0.211865 0.971281 0.108289 0.517000 0.000000 0.000000 0.000000 1.000000
0.945641 0.170630 0.276855 -5.922000 0.247556 0.174397 -0.953049 11.636400 -0.210901 0.969779 0.122677 0.517000 0.000000 0.000000 0.000000 1.000000
0.948516 0.158959 0.273953 -5.922000 0.238809 0.209253 -0.948253 11.636400 -0.208059 0.964855 0.160519 0.517000 0.000000 0.000000 0.000000 1.000000
0.952417 0.142405 0.269487 -5.922000 0.227066 0.258318 -0.938996 11.636400 -0.203331 0.955506 0.213691 0.517000 0.000000 0.000000 0.000000 1.000000
0.956643 0.123373 0.263843 -5.922000 0.214562 0.314091 -0.924830 11.636400 -0.196970 0.941343 0.274002 0.517000 0.000000 0.000000 0.000000 1.000000
0.960600 0.104277 0.257631 -5.922000 0.203140 0.369224 -0.906867 11.636400 -0.189689 0.923472 0.333494 0.517000 0.000000 0.000000 0.000000 1.000000
0.963835 0.087515 0.251721 -5.922000 0.194076 0.416818 -0.888030 11.636400 -0.182638 0.904767 0.384759 0.517000 0.000000 0.000000 0.000000 1.000000
0.966850 0.070708 0.245361 -5.922000 0.185925 0.463690 -0.866270 11.636400 -0.175024 0.883172 0.435172 0.517000 0.000000 0.000000 0.000000 1.000000
0.970024 0.051403 0.237508 -5.922000 0.177758 0.516329 -0.837739 11.636400 -0.165695 0.854846 0.491715 0.517000 0.000000 0.000000 0.000000 1.000000
0.972919 0.031830 0.228942 -5.922000 0.170826 0.568225 -0.804947 11.636400 -0.155712 0.822258 0.547399 0.517000 0.000000 0.000000 0.000000 1.000000
0.975247 0.014146 0.220667 -5.922000 0.165769 0.613673 -0.771963 11.636400 -0.146337 0.789434 0.596137 0.517000 0.000000 0.000000 0.000000 1.000000
0.976860 0.000408 0.213879 -5.922000 0.162653 0.647931 -0.744130 11.636400 -0.138882 0.761699 0.632872 0.517000 0.000000 0.000000 0.000000 1.000000
0.977700 -0.007404 0.209876 -5.922000 0.161204 0.666972 -0.727435 11.636400 -0.134596 0.745046 0.653292 0.517000 0.000000 0.000000 0.000000 1.000000
0.977811 -0.008474 0.209320 -5.922000 0.161024 0.669555 -0.725098 11.636400 -0.134007 0.742714 0.656063 0.517000 0.000000 0.000000 0.000000 1.000000
0.977811 -0.008475 0.209319 -5.922000 0.161024 0.669555 -0.725098 11.636400 -0.134006 0.742714 0.656063 0.517000 0.000000 0.000000 0.000000 1.000000
0.977810 -0.008474 0.209320 -5.922000 0.161024 0.669555 -0.725098 11.636400 -0.134007 0.742714 0.656062 0.517000 0.000000 0.000000 0.000000 1.000000
0.977811 -0.008474 0.209319 -5.922000 0.161024 0.669554 -0.725099 11.636400 -0.134006 0.742715 0.656062 0.517000 0.000000 0.000000 0.000000 1.000000
0.977811 -0.008474 0.209320 -5.922000 0.161024 0.669555 -0.725098 11.636400 -0.134007 0.742714 0.656062 0.517000 0.000000 0.000000 0.000000 1.000000
0.977811 -0.008474 0.209320 -5.922000 0.161024 0.669555 -0.725098 11.636400 -0.134006 0.742714 0.656062 0.517000 0.000000 0.000000 0.000000 1.000000
0.977811 -0.008474 0.209319 -5.922000 0.161024 0.669555 -0.725098 11.636400 -0.134006 0.742714 0.656062 0.517000 0.000000 0.000000 0.000000 1.000000
0.977811 -0.008474 0.209319 -5.922000 0.161024 0.669555 -0.725098 11.636400 -0.134006 0.742714 0.656062 0.517000 0.000000 0.000000 0.000000 1.000000
0.977811 -0.008474 0.209319 -5.922000 0.161024 0.669555 -0.725098 11.636400 -0.134006 0.742714 0.656062 0.517000 0.000000 0.000000 0.000000 1.000000
0.977811 -0.008475 0.209319 -5.922000 0.161024 0.669555 -0.725098 11.636400 -0.134006 0.742714 0.656062 0.517000 0.000000 0.000000 0.000000 1.000000
0.977811 -0.008474 0.209320 -5.922000 0.161024 0.669555 -0.725098 11.636400 -0.134006 0.742714 0.656062 0.517000 0.000000 0.000000 0.000000 1.000000
0.977811 -0.008474 0.209319 -5.922000 0.161024 0.669555 -0.725098 11.636400 -0.134006 0.742714 0.656063 0.517000 0.000000 0.000000 0.000000 1.000000</float_array>
        <technique_common>
          <accessor source="#mixamorig_RightHandPinky1-Matrix-animation-output-transform-array" count="41" stride="16">
            <param type="float4x4"/>
          </accessor>
        </technique_common>
      </source>
      <source id="mixamorig_RightHandPinky1-Interpolations">
        <Name_array id="mixamorig_RightHandPinky1-Interpolations-array" count="41">
 LINEAR LINEAR LINEAR LINEAR LINEAR LINEAR LINEAR LINEAR LINEAR LINEAR LINEAR
LINEAR LINEAR LINEAR LINEAR LINEAR LINEAR LINEAR LINEAR LINEAR LINEAR LINEAR LINEAR
LINEAR LINEAR LINEAR LINEAR LINEAR LINEAR LINEAR LINEAR LINEAR LINEAR LINEAR LINEAR
LINEAR LINEAR LINEAR LINEAR LINEAR LINEAR</Name_array>
        <technique_common>
          <accessor source="#mixamorig_RightHandPinky1-Interpolations-array" count="41">
            <param type="name"/>
          </accessor>
        </technique_common>
      </source>
      <sampler id="mixamorig_RightHandPinky1-Matrix-animation-transform">
        <input semantic="INPUT" source="#mixamorig_RightHandPinky1-Matrix-animation-input"/>
        <input semantic="OUTPUT" source="#mixamorig_RightHandPinky1-Matrix-animation-output-transform"/>
        <input semantic="INTERPOLATION" source="#mixamorig_RightHandPinky1-Interpolations"/>
      </sampler>
      <channel source="#mixamorig_RightHandPinky1-Matrix-animation-transform" target="mixamorig_RightHandPinky1/matrix"/>
    </animation>
    <animation id="mixamorig_RightHandPinky2-anim" name="mixamorig_RightHandPinky2">
      <source id="mixamorig_RightHandPinky2-Matrix-animation-input">
        <float_array id="mixamorig_RightHandPinky2-Matrix-animation-input-array" count="41">

0.000000 0.033333 0.066667 0.100000 0.133333 0.166667 0.200000 0.233333 0.266667 0.300000 0.333333 0.366667 0.400000 0.433333 0.466667 0.500000
0.533333 0.566667 0.600000 0.633333 0.666667 0.700000 0.733333 0.766667 0.800000 0.833333 0.866667 0.900000 0.933333 0.966667 1.000000 1.033333
1.066667 1.100000 1.133333 1.166667 1.200000 1.233333 1.266667 1.300000 1.333333</float_array>
        <technique_common>
          <accessor source="#mixamorig_RightHandPinky2-Matrix-animation-input-array" count="41">
            <param name="TIME" type="float"/>
          </accessor>
        </technique_common>
      </source>
      <source id="mixamorig_RightHandPinky2-Matrix-animation-output-transform">
        <float_array id="mixamorig_RightHandPinky2-Matrix-animation-output-transform-array" count="656">

0.999536 0.027251 -0.013582 0.000000 -0.028772 0.699403 -0.714148 1.559300 -0.009962 0.714208 0.699863 0.000000 0.000000 0.000000 0.000000 1.000000
0.999536 0.027250 -0.013580 0.000000 -0.028770 0.699404 -0.714148 1.559300 -0.009963 0.714207 0.699863 0.000000 0.000000 0.000000 0.000000 1.000000
0.999536 0.027250 -0.013579 0.000000 -0.028769 0.699404 -0.714148 1.559300 -0.009963 0.714207 0.699863 -0.000000 0.000000 0.000000 0.000000 1.000000
0.999536 0.027249 -0.013577 0.000000 -0.028767 0.699403 -0.714148 1.559300 -0.009964 0.714208 0.699863 -0.000000 0.000000 0.000000 0.000000 1.000000
0.999537 0.027249 -0.013575 -0.000000 -0.028766 0.699404 -0.714148 1.559300 -0.009965 0.714207 0.699863 0.000000 0.000000 0.000000 0.000000 1.000000
0.999462 0.029015 -0.015318 -0.000000 -0.030744 0.665108 -0.746114 1.559300 -0.011460 0.746184 0.665642 0.000000 0.000000 0.000000 0.000000 1.000000
0.998971 0.036832 -0.026457 -0.000000 -0.040427 0.458977 -0.887528 1.559300 -0.020546 0.887684 0.459994 0.000000 0.000000 0.000000 0.000000 1.000000
0.998519 0.040619 -0.036205 -0.000000 -0.046441 0.289475 -0.956058 1.559300 -0.028353 0.956323 0.290932 0.000000 0.000000 0.000000 0.000000 1.000000
0.998424 0.041137 -0.038176 0.000000 -0.047475 0.256319 -0.965426 1.559300 -0.029929 0.965717 0.257868 0.000000 0.000000 0.000000 0.000000 1.000000
0.998350 0.041496 -0.039701 -0.000000 -0.048222 0.230284 -0.971928 1.559300 -0.031189 0.972238 0.231905 -0.000000 0.000000 0.000000 0.000000 1.000000
0.998294 0.041740 -0.040830 0.000000 -0.048739 0.210609 -0.976355 1.559300 -0.032154 0.976679 0.212284 0.000000 0.000000 0.000000 0.000000 1.000000
0.998255 0.041900 -0.041616 0.000000 -0.049071 0.196458 -0.979284 1.559300 -0.032856 0.979617 0.198171 0.000000 0.000000 0.000000 0.000000 1.000000
0.998230 0.042002 -0.042114 0.000000 -0.049259 0.186950 -0.981134 1.559300 -0.033336 0.981471 0.188688 -0.000000 0.000000 0.000000 0.000000 1.000000
0.998216 0.042061 -0.042383 0.000000 -0.049338 0.181174 -0.982213 1.559300 -0.033635 0.982551 0.182926 0.000000 0.000000 0.000000 0.000000 1.000000
0.998210 0.042092 -0.042480 -0.000000 -0.049337 0.178205 -0.982756 1.559300 -0.033795 0.983093 0.179963 -0.000000 0.000000 0.000000 0.000000 1.000000
0.998211 0.042101 -0.042465 0.000000 -0.049286 0.177110 -0.982956 1.559300 -0.033862 0.983290 0.178869 0.000000 0.000000 0.000000 0.000000 1.000000
0.998213 0.042102 -0.042395 0.000000 -0.049212 0.176955 -0.982988 1.559300 -0.033884 0.983318 0.178710 0.000000 0.000000 0.000000 0.000000 1.000000
0.998256 0.041958 -0.041518 -0.000000 -0.048797 0.190856 -0.980404 1.559300 -0.033212 0.980721 0.192571 0.000000 0.000000 0.000000 0.000000 1.000000
0.998361 0.041584 -0.039311 -0.000000 -0.047769 0.227376 -0.972635 1.559300 -0.031508 0.972919 0.228990 0.000000 0.000000 0.000000 0.000000 1.000000
0.998502 0.040960 -0.036280 0.000000 -0.046283 0.278577 -0.959298 1.559300 -0.029186 0.959540 0.280055 0.000000 0.000000 0.000000 0.000000 1.000000
0.998658 0.039976 -0.032915 0.000000 -0.044472 0.336499 -0.940633 1.559300 -0.026527 0.940835 0.337825 -0.000000 0.000000 0.000000 0.000000 1.000000
0.998806 0.038773 -0.029714 0.000000 -0.042595 0.393479 -0.918346 1.559300 -0.023916 0.918516 0.394661 0.000000 0.000000 0.000000 0.000000 1.000000
0.998930 0.037543 -0.026991 -0.000000 -0.040835 0.442456 -0.895860 1.559300 -0.021691 0.896004 0.443516 -0.000000 0.000000 0.000000 0.000000 1.000000
0.999050 0.036138 -0.024355 -0.000000 -0.038965 0.490501 -0.870569 1.559300 -0.019514 0.870691 0.491443 0.000000 0.000000 0.000000 0.000000 1.000000
0.999181 0.034321 -0.021438 0.000000 -0.036676 0.544242 -0.838126 1.559300 -0.017098 0.838226 0.545055 -0.000000 0.000000 0.000000 0.000000 1.000000
0.999306 0.032255 -0.018643 0.000000 -0.034223 0.597005 -0.801507 1.559300 -0.014723 0.801589 0.597695 0.000000 0.000000 0.000000 0.000000 1.000000
0.999412 0.030153 -0.016333 -0.000000 -0.031906 0.643035 -0.765172 1.559300 -0.012570 0.765243 0.643619 0.000000 0.000000 0.000000 0.000000 1.000000
0.999489 0.028399 -0.014646 0.000000 -0.030021 0.677622 -0.734797 1.559300 -0.010944 0.734862 0.678129 0.000000 0.000000 0.000000 0.000000 1.000000
0.999530 0.027396 -0.013742 0.000000 -0.028952 0.696803 -0.716678 1.559300 -0.010059 0.716739 0.697269 -0.000000 0.000000 0.000000 0.000000 1.000000
0.999536 0.027255 -0.013597 -0.000000 -0.028786 0.699403 -0.714147 1.559300 -0.009955 0.714207 0.699863 -0.000000 0.000000 0.000000 0.000000 1.000000
0.999536 0.027256 -0.013596 0.000000 -0.028786 0.699403 -0.714148 1.559300 -0.009956 0.714208 0.699863 0.000000 0.000000 0.000000 0.000000 1.000000
0.999536 0.027254 -0.013594 -0.000000 -0.028783 0.699403 -0.714147 1.559300 -0.009956 0.714207 0.699863 0.000000 0.000000 0.000000 0.000000 1.000000
0.999536 0.027255 -0.013593 0.000000 -0.028783 0.699404 -0.714147 1.559300 -0.009958 0.714207 0.699864 -0.000000 0.000000 0.000000 0.000000 1.000000
0.999536 0.027255 -0.013591 0.000000 -0.028782 0.699403 -0.714148 1.559300 -0.009958 0.714208 0.699863 0.000000 0.000000 0.000000 0.000000 1.000000
0.999536 0.027254 -0.013590 0.000000 -0.028780 0.699404 -0.714147 1.559300 -0.009958 0.714207 0.699864 0.000000 0.000000 0.000000 0.000000 1.000000
0.999536 0.027253 -0.013588 0.000000 -0.028778 0.699404 -0.714147 1.559300 -0.009960 0.714207 0.699864 0.000000 0.000000 0.000000 0.000000 1.000000
0.999536 0.027253 -0.013587 0.000000 -0.028777 0.699403 -0.714148 1.559300 -0.009960 0.714208 0.699863 0.000000 0.000000 0.000000 0.000000 1.000000
0.999536 0.027252 -0.013585 0.000000 -0.028775 0.699403 -0.714148 1.559300 -0.009961 0.714208 0.699863 0.000000 0.000000 0.000000 0.000000 1.000000
0.999536 0.027252 -0.013584 0.000000 -0.028774 0.699403 -0.714148 1.559300 -0.009961 0.714207 0.699863 0.000000 0.000000 0.000000 0.000000 1.000000
0.999536 0.027251 -0.013583 0.000000 -0.028773 0.699404 -0.714147 1.559300 -0.009962 0.714207 0.699863 0.000000 0.000000 0.000000 0.000000 1.000000
0.999536 0.027251 -0.013581 0.000000 -0.028772 0.699403 -0.714148 1.559300 -0.009963 0.714208 0.699863 0.000000 0.000000 0.000000 0.000000 1.000000</float_array>
        <technique_common>
          <accessor source="#mixamorig_RightHandPinky2-Matrix-animation-output-transform-array" count="41" stride="16">
            <param type="float4x4"/>
          </accessor>
        </technique_common>
      </source>
      <source id="mixamorig_RightHandPinky2-Interpolations">
        <Name_array id="mixamorig_RightHandPinky2-Interpolations-array" count="41">
 LINEAR LINEAR LINEAR LINEAR LINEAR LINEAR LINEAR LINEAR LINEAR LINEAR LINEAR
LINEAR LINEAR LINEAR LINEAR LINEAR LINEAR LINEAR LINEAR LINEAR LINEAR LINEAR LINEAR
LINEAR LINEAR LINEAR LINEAR LINEAR LINEAR LINEAR LINEAR LINEAR LINEAR LINEAR LINEAR
LINEAR LINEAR LINEAR LINEAR LINEAR LINEAR</Name_array>
        <technique_common>
          <accessor source="#mixamorig_RightHandPinky2-Interpolations-array" count="41">
            <param type="name"/>
          </accessor>
        </technique_common>
      </source>
      <sampler id="mixamorig_RightHandPinky2-Matrix-animation-transform">
        <input semantic="INPUT" source="#mixamorig_RightHandPinky2-Matrix-animation-input"/>
        <input semantic="OUTPUT" source="#mixamorig_RightHandPinky2-Matrix-animation-output-transform"/>
        <input semantic="INTERPOLATION" source="#mixamorig_RightHandPinky2-Interpolations"/>
      </sampler>
      <channel source="#mixamorig_RightHandPinky2-Matrix-animation-transform" target="mixamorig_RightHandPinky2/matrix"/>
    </animation>
    <animation id="mixamorig_RightHandPinky3-anim" name="mixamorig_RightHandPinky3">
      <source id="mixamorig_RightHandPinky3-Matrix-animation-input">
        <float_array id="mixamorig_RightHandPinky3-Matrix-animation-input-array" count="41">

0.000000 0.033333 0.066667 0.100000 0.133333 0.166667 0.200000 0.233333 0.266667 0.300000 0.333333 0.366667 0.400000 0.433333 0.466667 0.500000
0.533333 0.566667 0.600000 0.633333 0.666667 0.700000 0.733333 0.766667 0.800000 0.833333 0.866667 0.900000 0.933333 0.966667 1.000000 1.033333
1.066667 1.100000 1.133333 1.166667 1.200000 1.233333 1.266667 1.300000 1.333333</float_array>
        <technique_common>
          <accessor source="#mixamorig_RightHandPinky3-Matrix-animation-input-array" count="41">
            <param name="TIME" type="float"/>
          </accessor>
        </technique_common>
      </source>
      <source id="mixamorig_RightHandPinky3-Matrix-animation-output-transform">
        <float_array id="mixamorig_RightHandPinky3-Matrix-animation-output-transform-array" count="656">

0.999844 0.017560 0.001872 0.000000 -0.015127 0.906318 -0.422327 1.540600 -0.009113 0.422232 0.906442 -0.000000 0.000000 0.000000 0.000000 1.000000
0.999844 0.017561 0.001872 0.000000 -0.015128 0.906317 -0.422327 1.540600 -0.009113 0.422233 0.906442 0.000000 0.000000 0.000000 0.000000 1.000000
0.999844 0.017561 0.001872 -0.000000 -0.015127 0.906318 -0.422326 1.540600 -0.009113 0.422232 0.906442 0.000000 0.000000 0.000000 0.000000 1.000000
0.999844 0.017561 0.001871 0.000000 -0.015128 0.906317 -0.422327 1.540600 -0.009112 0.422232 0.906442 0.000000 0.000000 0.000000 0.000000 1.000000
0.999844 0.017561 0.001871 0.000000 -0.015128 0.906317 -0.422327 1.540600 -0.009112 0.422233 0.906442 0.000000 0.000000 0.000000 0.000000 1.000000
0.999206 0.039831 0.001057 0.000000 -0.034412 0.876044 -0.481002 1.540600 -0.020085 0.480584 0.876719 0.000000 0.000000 0.000000 0.000000 1.000000
0.987953 0.154502 -0.008839 0.000000 -0.108495 0.650770 -0.751484 1.540600 -0.110354 0.743390 0.659692 0.000000 0.000000 0.000000 0.000000 1.000000
0.973812 0.226390 -0.020917 0.000000 -0.121672 0.441222 -0.889111 1.540600 -0.192057 0.868372 0.457213 0.000000 0.000000 0.000000 0.000000 1.000000
0.973290 0.228423 -0.023004 0.000000 -0.117739 0.410617 -0.904174 1.540600 -0.197089 0.882732 0.426544 0.000000 0.000000 0.000000 0.000000 1.000000
0.972896 0.229922 -0.024667 0.000000 -0.114532 0.386449 -0.915172 1.540600 -0.200885 0.893193 0.402308 0.000000 0.000000 0.000000 0.000000 1.000000
0.972622 0.230941 -0.025922 0.000000 -0.112004 0.368107 -0.923013 1.540600 -0.203620 0.900646 0.383895 0.000000 0.000000 0.000000 0.000000 1.000000
0.972462 0.231519 -0.026779 -0.000000 -0.110053 0.354875 -0.928414 1.540600 -0.205442 0.905794 0.370582 -0.000000 0.000000 0.000000 0.000000 1.000000
0.972404 0.231700 -0.027304 0.000000 -0.108603 0.345965 -0.931941 1.540600 -0.206484 0.909188 0.361581 0.000000 0.000000 0.000000 0.000000 1.000000
0.972440 0.231516 -0.027572 -0.000000 -0.107560 0.340547 -0.934055 1.540600 -0.206859 0.911278 0.356063 0.000000 0.000000 0.000000 0.000000 1.000000
0.972570 0.230969 -0.027565 0.000000 -0.106718 0.337763 -0.935162 1.540600 -0.206683 0.912453 0.353146 0.000000 0.000000 0.000000 0.000000 1.000000
0.972785 0.230087 -0.027364 -0.000000 -0.105966 0.336742 -0.935615 1.540600 -0.206058 0.913053 0.351959 0.000000 0.000000 0.000000 0.000000 1.000000
0.973078 0.228887 -0.027022 0.000000 -0.105162 0.336603 -0.935756 1.540600 -0.205087 0.913405 0.351611 -0.000000 0.000000 0.000000 0.000000 1.000000
0.974437 0.223200 -0.025565 -0.000000 -0.105475 0.354041 -0.929263 1.540600 -0.198360 0.908205 0.368533 0.000000 0.000000 0.000000 0.000000 1.000000
0.977381 0.210293 -0.022453 0.000000 -0.106884 0.399557 -0.910456 1.540600 -0.182491 0.892262 0.412996 -0.000000 0.000000 0.000000 0.000000 1.000000
0.981163 0.192297 -0.018438 -0.000000 -0.107195 0.462557 -0.880085 1.540600 -0.160710 0.865484 0.474457 0.000000 0.000000 0.000000 0.000000 1.000000
0.985090 0.171450 -0.014243 0.000000 -0.104810 0.532425 -0.839963 1.540600 -0.136428 0.828932 0.542456 0.000000 0.000000 0.000000 0.000000 1.000000
0.988602 0.150192 -0.010465 0.000000 -0.099465 0.599359 -0.794276 1.540600 -0.113021 0.786264 0.607466 0.000000 0.000000 0.000000 0.000000 1.000000
0.991331 0.131172 -0.007484 0.000000 -0.092350 0.655159 -0.749825 1.540600 -0.093453 0.744016 0.661594 0.000000 0.000000 0.000000 0.000000 1.000000
0.993712 0.111861 -0.004872 0.000000 -0.083141 0.708030 -0.701271 1.540600 -0.074995 0.697266 0.712878 0.000000 0.000000 0.000000 0.000000 1.000000
0.995989 0.089441 -0.002377 -0.000000 -0.070187 0.764562 -0.640717 1.540600 -0.055489 0.638315 0.767773 -0.000000 0.000000 0.000000 0.000000 1.000000
0.997796 0.066352 -0.000391 0.000000 -0.054544 0.816839 -0.574282 1.540600 -0.037785 0.573037 0.818658 0.000000 0.000000 0.000000 0.000000 1.000000
0.998980 0.045152 0.000915 -0.000000 -0.038371 0.859288 -0.510051 1.540600 -0.023816 0.509495 0.860144 -0.000000 0.000000 0.000000 0.000000 1.000000
0.999594 0.028458 0.001594 0.000000 -0.024576 0.888869 -0.457502 1.540600 -0.014437 0.457277 0.889207 0.000000 0.000000 0.000000 0.000000 1.000000
0.999820 0.018878 0.001845 0.000000 -0.016287 0.904287 -0.426615 1.540600 -0.009722 0.426508 0.904432 0.000000 0.000000 0.000000 0.000000 1.000000
0.999844 0.017561 0.001872 -0.000000 -0.015128 0.906318 -0.422326 1.540600 -0.009114 0.422232 0.906442 -0.000000 0.000000 0.000000 0.000000 1.000000
0.999844 0.017560 0.001872 0.000000 -0.015127 0.906317 -0.422327 1.540600 -0.009113 0.422233 0.906442 0.000000 0.000000 0.000000 0.000000 1.000000
0.999844 0.017561 0.001871 0.000000 -0.015128 0.906318 -0.422326 1.540600 -0.009112 0.422232 0.906442 0.000000 0.000000 0.000000 0.000000 1.000000
0.999844 0.017560 0.001871 0.000000 -0.015127 0.906318 -0.422327 1.540600 -0.009112 0.422232 0.906442 0.000000 0.000000 0.000000 0.000000 1.000000
0.999844 0.017560 0.001872 0.000000 -0.015127 0.906317 -0.422327 1.540600 -0.009113 0.422233 0.906442 0.000000 0.000000 0.000000 0.000000 1.000000
0.999844 0.017561 0.001871 0.000000 -0.015128 0.906317 -0.422327 1.540600 -0.009112 0.422233 0.906442 0.000000 0.000000 0.000000 0.000000 1.000000
0.999844 0.017561 0.001871 0.000000 -0.015128 0.906317 -0.422327 1.540600 -0.009113 0.422233 0.906442 0.000000 0.000000 0.000000 0.000000 1.000000
0.999844 0.017560 0.001872 0.000000 -0.015127 0.906317 -0.422327 1.540600 -0.009112 0.422232 0.906442 0.000000 0.000000 0.000000 0.000000 1.000000
0.999844 0.017561 0.001871 0.000000 -0.015128 0.906317 -0.422327 1.540600 -0.009112 0.422232 0.906442 0.000000 0.000000 0.000000 0.000000 1.000000
0.999844 0.017560 0.001872 0.000000 -0.015127 0.906317 -0.422327 1.540600 -0.009113 0.422233 0.906442 -0.000000 0.000000 0.000000 0.000000 1.000000
0.999844 0.017561 0.001872 0.000000 -0.015127 0.906317 -0.422327 1.540600 -0.009113 0.422233 0.906442 0.000000 0.000000 0.000000 0.000000 1.000000
0.999844 0.017561 0.001871 0.000000 -0.015128 0.906318 -0.422327 1.540600 -0.009113 0.422232 0.906442 0.000000 0.000000 0.000000 0.000000 1.000000</float_array>
        <technique_common>
          <accessor source="#mixamorig_RightHandPinky3-Matrix-animation-output-transform-array" count="41" stride="16">
            <param type="float4x4"/>
          </accessor>
        </technique_common>
      </source>
      <source id="mixamorig_RightHandPinky3-Interpolations">
        <Name_array id="mixamorig_RightHandPinky3-Interpolations-array" count="41">
 LINEAR LINEAR LINEAR LINEAR LINEAR LINEAR LINEAR LINEAR LINEAR LINEAR LINEAR
LINEAR LINEAR LINEAR LINEAR LINEAR LINEAR LINEAR LINEAR LINEAR LINEAR LINEAR LINEAR
LINEAR LINEAR LINEAR LINEAR LINEAR LINEAR LINEAR LINEAR LINEAR LINEAR LINEAR LINEAR
LINEAR LINEAR LINEAR LINEAR LINEAR LINEAR</Name_array>
        <technique_common>
          <accessor source="#mixamorig_RightHandPinky3-Interpolations-array" count="41">
            <param type="name"/>
          </accessor>
        </technique_common>
      </source>
      <sampler id="mixamorig_RightHandPinky3-Matrix-animation-transform">
        <input semantic="INPUT" source="#mixamorig_RightHandPinky3-Matrix-animation-input"/>
        <input semantic="OUTPUT" source="#mixamorig_RightHandPinky3-Matrix-animation-output-transform"/>
        <input semantic="INTERPOLATION" source="#mixamorig_RightHandPinky3-Interpolations"/>
      </sampler>
      <channel source="#mixamorig_RightHandPinky3-Matrix-animation-transform" target="mixamorig_RightHandPinky3/matrix"/>
    </animation>
    <animation id="mixamorig_RightUpLeg-anim" name="mixamorig_RightUpLeg">
      <source id="mixamorig_RightUpLeg-Matrix-animation-input">
        <float_array id="mixamorig_RightUpLeg-Matrix-animation-input-array" count="41">

0.000000 0.033333 0.066667 0.100000 0.133333 0.166667 0.200000 0.233333 0.266667 0.300000 0.333333 0.366667 0.400000 0.433333 0.466667 0.500000
0.533333 0.566667 0.600000 0.633333 0.666667 0.700000 0.733333 0.766667 0.800000 0.833333 0.866667 0.900000 0.933333 0.966667 1.000000 1.033333
1.066667 1.100000 1.133333 1.166667 1.200000 1.233333 1.266667 1.300000 1.333333</float_array>
        <technique_common>
          <accessor source="#mixamorig_RightUpLeg-Matrix-animation-input-array" count="41">
            <param name="TIME" type="float"/>
          </accessor>
        </technique_common>
      </source>
      <source id="mixamorig_RightUpLeg-Matrix-animation-output-transform">
        <float_array id="mixamorig_RightUpLeg-Matrix-animation-output-transform-array" count="656">

-0.897256 -0.412369 0.157747 -9.941000 0.385013 -0.555918 0.736695 -5.272400 -0.216095 0.721739 0.657568 -1.010900 0.000000 0.000000 0.000000 1.000000
-0.896831 -0.413600 0.156937 -9.941000 0.385970 -0.558246 0.734431 -5.272400 -0.216151 0.719233 0.660289 -1.010900 0.000000 0.000000 0.000000 1.000000
-0.895944 -0.415314 0.157475 -9.941000 0.388013 -0.559279 0.732566 -5.272400 -0.216173 0.717441 0.662230 -1.010900 0.000000 0.000000 0.000000 1.000000
-0.895901 -0.414663 0.159425 -9.941000 0.388245 -0.556373 0.734653 -5.272400 -0.215934 0.720072 0.659446 -1.010900 0.000000 0.000000 0.000000 1.000000
-0.897976 -0.407971 0.164920 -9.941000 0.384015 -0.543520 0.746403 -5.272400 -0.214873 0.733584 0.644735 -1.010900 0.000000 0.000000 0.000000 1.000000
-0.898833 -0.396432 0.186926 -9.941000 0.382953 -0.502901 0.774879 -5.272400 -0.213182 0.768071 0.603839 -1.010900 0.000000 0.000000 0.000000 1.000000
-0.901745 -0.376289 0.212748 -9.941000 0.378221 -0.448528 0.809798 -5.272400 -0.209295 0.810697 0.546778 -1.010900 0.000000 0.000000 0.000000 1.000000
-0.907794 -0.349787 0.231428 -9.941000 0.366818 -0.394605 0.842456 -5.272400 -0.203357 0.849668 0.486528 -1.010900 0.000000 0.000000 0.000000 1.000000
-0.928869 -0.301796 0.214759 -9.941000 0.318034 -0.352576 0.880082 -5.272400 -0.189886 0.885782 0.423478 -1.010900 0.000000 0.000000 0.000000 1.000000
-0.943458 -0.262712 0.202164 -9.941000 0.280368 -0.306999 0.909475 -5.272400 -0.176866 0.914732 0.363297 -1.010900 0.000000 0.000000 0.000000 1.000000
-0.945029 -0.246606 0.214721 -9.941000 0.278217 -0.261406 0.924263 -5.272400 -0.171799 0.933195 0.315646 -1.010900 0.000000 0.000000 0.000000 1.000000
-0.943575 -0.236650 0.231651 -9.941000 0.284609 -0.221891 0.932610 -5.272400 -0.169301 0.945918 0.276724 -1.010900 0.000000 0.000000 0.000000 1.000000
-0.951222 -0.211947 0.224175 -9.941000 0.264663 -0.187247 0.945987 -5.272400 -0.158523 0.959175 0.234208 -1.010900 0.000000 0.000000 0.000000 1.000000
-0.959773 -0.188359 0.208221 -9.941000 0.239543 -0.162450 0.957199 -5.272400 -0.146472 0.968572 0.201035 -1.010900 0.000000 0.000000 0.000000 1.000000
-0.961160 -0.187653 0.202379 -9.941000 0.234514 -0.168692 0.957364 -5.272400 -0.145513 0.967641 0.206147 -1.010900 0.000000 0.000000 0.000000 1.000000
-0.962431 -0.187047 0.196826 -9.941000 0.229843 -0.175267 0.957316 -5.272400 -0.144566 0.966589 0.211674 -1.010900 0.000000 0.000000 0.000000 1.000000
-0.964712 -0.183947 0.188400 -9.941000 0.221631 -0.180959 0.958193 -5.272400 -0.142164 0.966135 0.215342 -1.010900 0.000000 0.000000 0.000000 1.000000
-0.963566 -0.191006 0.187234 -9.941000 0.224607 -0.197738 0.954176 -5.272400 -0.145230 0.961466 0.233435 -1.010900 0.000000 0.000000 0.000000 1.000000
-0.960013 -0.205323 0.190311 -9.941000 0.235025 -0.221719 0.946364 -5.272400 -0.152115 0.953249 0.261109 -1.010900 0.000000 0.000000 0.000000 1.000000
-0.955418 -0.221816 0.194867 -9.941000 0.248269 -0.246334 0.936847 -5.272400 -0.159806 0.943460 0.290423 -1.010900 0.000000 0.000000 0.000000 1.000000
-0.950041 -0.239955 0.199611 -9.941000 0.263178 -0.272000 0.925610 -5.272400 -0.167811 0.931900 0.321562 -1.010900 0.000000 0.000000 0.000000 1.000000
-0.942914 -0.262072 0.205502 -9.941000 0.282155 -0.300830 0.910983 -5.272400 -0.176921 0.916962 0.357602 -1.010900 0.000000 0.000000 0.000000 1.000000
-0.934082 -0.287640 0.211550 -9.941000 0.304575 -0.332665 0.892507 -5.272400 -0.186345 0.898108 0.398344 -1.010900 0.000000 0.000000 0.000000 1.000000
-0.924379 -0.314784 0.215486 -9.941000 0.327873 -0.366852 0.870586 -5.272400 -0.194995 0.875403 0.442319 -1.010900 0.000000 0.000000 0.000000 1.000000
-0.915240 -0.339398 0.217126 -9.941000 0.348832 -0.397822 0.848560 -5.272400 -0.201622 0.852377 0.482496 -1.010900 0.000000 0.000000 0.000000 1.000000
-0.909010 -0.357543 0.214159 -9.941000 0.362453 -0.424522 0.829704 -5.272400 -0.205740 0.831832 0.515487 -1.010900 0.000000 0.000000 0.000000 1.000000
-0.905215 -0.370026 0.208965 -9.941000 0.370451 -0.446185 0.814669 -5.272400 -0.208212 0.814862 0.540970 -1.010900 0.000000 0.000000 0.000000 1.000000
-0.902312 -0.379428 0.204613 -9.941000 0.376511 -0.462505 0.802701 -5.272400 -0.209933 0.801326 0.560183 -1.010900 0.000000 0.000000 0.000000 1.000000
-0.900470 -0.385649 0.201071 -9.941000 0.380252 -0.473698 0.794367 -5.272400 -0.211100 0.791761 0.573195 -1.010900 0.000000 0.000000 0.000000 1.000000
-0.900499 -0.388887 0.194599 -9.941000 0.379794 -0.485374 0.787508 -5.272400 -0.211798 0.783057 0.584776 -1.010900 0.000000 0.000000 0.000000 1.000000
-0.900321 -0.393432 0.186102 -9.941000 0.379752 -0.501227 0.777534 -5.272400 -0.212627 0.770703 0.600672 -1.010900 0.000000 0.000000 0.000000 1.000000
-0.902738 -0.394105 0.172470 -9.941000 0.374029 -0.520984 0.767254 -5.272400 -0.212524 0.757138 0.617718 -1.010900 0.000000 0.000000 0.000000 1.000000
-0.901229 -0.400483 0.165532 -9.941000 0.376962 -0.536107 0.755307 -5.272400 -0.213745 0.743103 0.634122 -1.010900 0.000000 0.000000 0.000000 1.000000
-0.900332 -0.404738 0.159968 -9.941000 0.378654 -0.547313 0.746371 -5.272400 -0.214533 0.732554 0.646019 -1.010900 0.000000 0.000000 0.000000 1.000000
-0.899803 -0.406671 0.158028 -9.941000 0.379668 -0.551396 0.742842 -5.272400 -0.214957 0.728409 0.650548 -1.010900 0.000000 0.000000 0.000000 1.000000
-0.899534 -0.407400 0.157685 -9.941000 0.380175 -0.552249 0.741949 -5.272400 -0.215189 0.727356 0.651649 -1.010900 0.000000 0.000000 0.000000 1.000000
-0.899189 -0.408286 0.157357 -9.941000 0.380873 -0.553305 0.740803 -5.272400 -0.215393 0.726056 0.653031 -1.010900 0.000000 0.000000 0.000000 1.000000
-0.898649 -0.409562 0.157128 -9.941000 0.382024 -0.554621 0.739225 -5.272400 -0.215612 0.724330 0.654872 -1.010900 0.000000 0.000000 0.000000 1.000000
-0.898065 -0.410765 0.157324 -9.941000 0.383289 -0.555323 0.738042 -5.272400 -0.215797 0.723111 0.656158 -1.010900 0.000000 0.000000 0.000000 1.000000
-0.897839 -0.411151 0.157607 -9.941000 0.383743 -0.555101 0.737973 -5.272400 -0.215930 0.723062 0.656168 -1.010900 0.000000 0.000000 0.000000 1.000000
-0.897256 -0.412368 0.157747 -9.941000 0.385013 -0.555918 0.736695 -5.272400 -0.216095 0.721739 0.657568 -1.010900 0.000000 0.000000 0.000000 1.000000</float_array>
        <technique_common>
          <accessor source="#mixamorig_RightUpLeg-Matrix-animation-output-transform-array" count="41" stride="16">
            <param type="float4x4"/>
          </accessor>
        </technique_common>
      </source>
      <source id="mixamorig_RightUpLeg-Interpolations">
        <Name_array id="mixamorig_RightUpLeg-Interpolations-array" count="41">
 LINEAR LINEAR LINEAR LINEAR LINEAR LINEAR LINEAR LINEAR LINEAR LINEAR LINEAR
LINEAR LINEAR LINEAR LINEAR LINEAR LINEAR LINEAR LINEAR LINEAR LINEAR LINEAR LINEAR
LINEAR LINEAR LINEAR LINEAR LINEAR LINEAR LINEAR LINEAR LINEAR LINEAR LINEAR LINEAR
LINEAR LINEAR LINEAR LINEAR LINEAR LINEAR</Name_array>
        <technique_common>
          <accessor source="#mixamorig_RightUpLeg-Interpolations-array" count="41">
            <param type="name"/>
          </accessor>
        </technique_common>
      </source>
      <sampler id="mixamorig_RightUpLeg-Matrix-animation-transform">
        <input semantic="INPUT" source="#mixamorig_RightUpLeg-Matrix-animation-input"/>
        <input semantic="OUTPUT" source="#mixamorig_RightUpLeg-Matrix-animation-output-transform"/>
        <input semantic="INTERPOLATION" source="#mixamorig_RightUpLeg-Interpolations"/>
      </sampler>
      <channel source="#mixamorig_RightUpLeg-Matrix-animation-transform" target="mixamorig_RightUpLeg/matrix"/>
    </animation>
    <animation id="mixamorig_RightLeg-anim" name="mixamorig_RightLeg">
      <source id="mixamorig_RightLeg-Matrix-animation-input">
        <float_array id="mixamorig_RightLeg-Matrix-animation-input-array" count="41">

0.000000 0.033333 0.066667 0.100000 0.133333 0.166667 0.200000 0.233333 0.266667 0.300000 0.333333 0.366667 0.400000 0.433333 0.466667 0.500000
0.533333 0.566667 0.600000 0.633333 0.666667 0.700000 0.733333 0.766667 0.800000 0.833333 0.866667 0.900000 0.933333 0.966667 1.000000 1.033333
1.066667 1.100000 1.133333 1.166667 1.200000 1.233333 1.266667 1.300000 1.333333</float_array>
        <technique_common>
          <accessor source="#mixamorig_RightLeg-Matrix-animation-input-array" count="41">
            <param name="TIME" type="float"/>
          </accessor>
        </technique_common>
      </source>
      <source id="mixamorig_RightLeg-Matrix-animation-output-transform">
        <float_array id="mixamorig_RightLeg-Matrix-animation-output-transform-array" count="656">

0.989146 0.141621 -0.039149 0.000000 0.034166 0.037451 0.998714 43.364799 0.142905 -0.989212 0.032206 0.000000 0.000000 0.000000 0.000000 1.000000
0.988798 0.143323 -0.041675 0.000000 0.036717 0.037070 0.998638 43.364799 0.144673 -0.988981 0.031392 0.000000 0.000000 0.000000 0.000000 1.000000
0.988140 0.146462 -0.046130 0.000000 0.041188 0.036598 0.998481 43.364799 0.147927 -0.988539 0.030131 -0.000000 0.000000 0.000000 0.000000 1.000000
0.986903 0.152009 -0.053990 0.000000 0.048771 0.037859 0.998092 43.364799 0.153763 -0.987654 0.029950 0.000000 0.000000 0.000000 0.000000 1.000000
0.984189 0.162946 -0.069424 0.000000 0.063109 0.043626 0.997053 43.364799 0.165495 -0.985670 0.032653 -0.000000 0.000000 0.000000 0.000000 1.000000
0.985251 0.159019 -0.063199 0.000000 0.055287 0.053699 0.997025 43.364799 0.161939 -0.985814 0.044115 -0.000000 0.000000 0.000000 0.000000 1.000000
0.982108 0.171482 -0.077835 0.000000 0.068411 0.060205 0.995839 43.364799 0.175454 -0.983346 0.047397 0.000000 0.000000 0.000000 0.000000 1.000000
0.978961 0.183526 -0.089184 0.000000 0.080135 0.056163 0.995201 43.364799 0.187654 -0.981409 0.040275 0.000000 0.000000 0.000000 0.000000 1.000000
0.976839 0.191677 -0.095111 0.000000 0.086192 0.054359 0.994794 43.364799 0.195850 -0.979951 0.036579 0.000000 0.000000 0.000000 0.000000 1.000000
0.976049 0.194608 -0.097241 0.000000 0.089217 0.049602 0.994776 43.364799 0.198415 -0.979626 0.031051 0.000000 0.000000 0.000000 0.000000 1.000000
0.975524 0.196553 -0.098591 0.000000 0.093004 0.037478 0.994960 43.364799 0.199257 -0.979777 0.018281 0.000000 0.000000 0.000000 0.000000 1.000000
0.974458 0.200802 -0.100549 0.000000 0.099050 0.017528 0.994928 43.364799 0.201546 -0.979475 -0.002809 0.000000 0.000000 0.000000 0.000000 1.000000
0.972763 0.207432 -0.103457 -0.000000 0.105665 0.000440 0.994402 43.364799 0.206317 -0.978249 -0.021490 -0.000000 0.000000 0.000000 0.000000 1.000000
0.971437 0.212578 -0.105450 -0.000000 0.110044 -0.009864 0.993878 43.364799 0.210237 -0.977094 -0.032975 0.000000 0.000000 0.000000 0.000000 1.000000
0.970891 0.215295 -0.104973 0.000000 0.112058 -0.020932 0.993481 43.364799 0.211694 -0.976325 -0.044448 0.000000 0.000000 0.000000 0.000000 1.000000
0.970841 0.216082 -0.103806 -0.000000 0.111285 -0.022703 0.993529 43.364799 0.212327 -0.976111 -0.046087 -0.000000 0.000000 0.000000 0.000000 1.000000
0.971191 0.215151 -0.102461 0.000000 0.108057 -0.014380 0.994041 43.364799 0.212395 -0.976475 -0.037215 0.000000 0.000000 0.000000 0.000000 1.000000
0.971960 0.212788 -0.100078 0.000000 0.103562 -0.005260 0.994609 43.364799 0.211115 -0.977084 -0.027149 0.000000 0.000000 0.000000 0.000000 1.000000
0.973172 0.208954 -0.096305 0.000000 0.098098 0.001789 0.995175 43.364799 0.208118 -0.977924 -0.018757 0.000000 0.000000 0.000000 0.000000 1.000000
0.974448 0.204734 -0.092388 -0.000000 0.092794 0.007638 0.995656 43.364799 0.204551 -0.978788 -0.011556 -0.000000 0.000000 0.000000 0.000000 1.000000
0.975783 0.200105 -0.088354 -0.000000 0.087535 0.012956 0.996077 43.364799 0.200465 -0.979689 -0.004874 0.000000 0.000000 0.000000 0.000000 1.000000
0.977243 0.194786 -0.083993 0.000000 0.082323 0.016671 0.996466 43.364799 0.195498 -0.980704 0.000256 0.000000 0.000000 0.000000 0.000000 1.000000
0.978707 0.189156 -0.079704 0.000000 0.077412 0.019485 0.996809 43.364799 0.190105 -0.981754 0.004428 0.000000 0.000000 0.000000 0.000000 1.000000
0.980187 0.183123 -0.075490 0.000000 0.072462 0.023176 0.997102 43.364799 0.184342 -0.982817 0.009447 0.000000 0.000000 0.000000 0.000000 1.000000
0.981649 0.176790 -0.071483 0.000000 0.067138 0.030446 0.997279 43.364799 0.178485 -0.983778 0.018018 0.000000 0.000000 0.000000 0.000000 1.000000
0.982941 0.170976 -0.067782 0.000000 0.061799 0.040085 0.997283 43.364799 0.173229 -0.984459 0.028835 0.000000 0.000000 0.000000 0.000000 1.000000
0.984078 0.165709 -0.064280 0.000000 0.056570 0.050840 0.997103 43.364799 0.168497 -0.984863 0.040656 0.000000 0.000000 0.000000 0.000000 1.000000
0.985089 0.160916 -0.060881 0.000000 0.051741 0.060399 0.996832 43.364799 0.164084 -0.985118 0.051172 0.000000 0.000000 0.000000 0.000000 1.000000
0.985975 0.156673 -0.057509 0.000000 0.047504 0.066874 0.996630 43.364799 0.159991 -0.985384 0.058494 0.000000 0.000000 0.000000 0.000000 1.000000
0.986799 0.152726 -0.053876 0.000000 0.043424 0.070969 0.996533 43.364799 0.156020 -0.985717 0.063400 0.000000 0.000000 0.000000 0.000000 1.000000
0.987550 0.149077 -0.050207 0.000000 0.039733 0.072430 0.996582 43.364799 0.152204 -0.986169 0.065605 0.000000 0.000000 0.000000 0.000000 1.000000
0.985674 0.156887 -0.061916 0.000000 0.051303 0.070818 0.996169 43.364799 0.160670 -0.985074 0.061755 -0.000000 0.000000 0.000000 0.000000 1.000000
0.987081 0.150863 -0.053965 0.000000 0.044243 0.067075 0.996767 43.364799 0.153995 -0.986276 0.059534 -0.000000 0.000000 0.000000 0.000000 1.000000
0.987914 0.147118 -0.048812 0.000000 0.039978 0.062422 0.997249 43.364799 0.149760 -0.987147 0.055787 0.000000 0.000000 0.000000 0.000000 1.000000
0.988263 0.145543 -0.046409 -0.000000 0.038403 0.057344 0.997616 43.364799 0.147857 -0.987689 0.051082 -0.000000 0.000000 0.000000 0.000000 1.000000
0.988314 0.145384 -0.045804 0.000000 0.038503 0.052648 0.997871 43.364799 0.147486 -0.987974 0.046435 0.000000 0.000000 0.000000 0.000000 1.000000
0.988399 0.145027 -0.045118 0.000000 0.038324 0.049304 0.998048 43.364799 0.146968 -0.988199 0.043174 -0.000000 0.000000 0.000000 0.000000 1.000000
0.988591 0.144112 -0.043810 0.000000 0.037411 0.046819 0.998203 43.364799 0.145904 -0.988453 0.040893 0.000000 0.000000 0.000000 0.000000 1.000000
0.988745 0.143412 -0.042619 -0.000000 0.036628 0.044163 0.998353 43.364799 0.145058 -0.988677 0.038413 -0.000000 0.000000 0.000000 0.000000 1.000000
0.988881 0.142858 -0.041303 0.000000 0.035872 0.040386 0.998540 43.364799 0.144317 -0.988919 0.034813 0.000000 0.000000 0.000000 0.000000 1.000000
0.989146 0.141621 -0.039148 0.000000 0.034165 0.037450 0.998714 43.364799 0.142905 -0.989212 0.032205 -0.000000 0.000000 0.000000 0.000000 1.000000</float_array>
        <technique_common>
          <accessor source="#mixamorig_RightLeg-Matrix-animation-output-transform-array" count="41" stride="16">
            <param type="float4x4"/>
          </accessor>
        </technique_common>
      </source>
      <source id="mixamorig_RightLeg-Interpolations">
        <Name_array id="mixamorig_RightLeg-Interpolations-array" count="41">
 LINEAR LINEAR LINEAR LINEAR LINEAR LINEAR LINEAR LINEAR LINEAR LINEAR LINEAR
LINEAR LINEAR LINEAR LINEAR LINEAR LINEAR LINEAR LINEAR LINEAR LINEAR LINEAR LINEAR
LINEAR LINEAR LINEAR LINEAR LINEAR LINEAR LINEAR LINEAR LINEAR LINEAR LINEAR LINEAR
LINEAR LINEAR LINEAR LINEAR LINEAR LINEAR</Name_array>
        <technique_common>
          <accessor source="#mixamorig_RightLeg-Interpolations-array" count="41">
            <param type="name"/>
          </accessor>
        </technique_common>
      </source>
      <sampler id="mixamorig_RightLeg-Matrix-animation-transform">
        <input semantic="INPUT" source="#mixamorig_RightLeg-Matrix-animation-input"/>
        <input semantic="OUTPUT" source="#mixamorig_RightLeg-Matrix-animation-output-transform"/>
        <input semantic="INTERPOLATION" source="#mixamorig_RightLeg-Interpolations"/>
      </sampler>
      <channel source="#mixamorig_RightLeg-Matrix-animation-transform" target="mixamorig_RightLeg/matrix"/>
    </animation>
    <animation id="mixamorig_RightFoot-anim" name="mixamorig_RightFoot">
      <source id="mixamorig_RightFoot-Matrix-animation-input">
        <float_array id="mixamorig_RightFoot-Matrix-animation-input-array" count="41">

0.000000 0.033333 0.066667 0.100000 0.133333 0.166667 0.200000 0.233333 0.266667 0.300000 0.333333 0.366667 0.400000 0.433333 0.466667 0.500000
0.533333 0.566667 0.600000 0.633333 0.666667 0.700000 0.733333 0.766667 0.800000 0.833333 0.866667 0.900000 0.933333 0.966667 1.000000 1.033333
1.066667 1.100000 1.133333 1.166667 1.200000 1.233333 1.266667 1.300000 1.333333</float_array>
        <technique_common>
          <accessor source="#mixamorig_RightFoot-Matrix-animation-input-array" count="41">
            <param name="TIME" type="float"/>
          </accessor>
        </technique_common>
      </source>
      <source id="mixamorig_RightFoot-Matrix-animation-output-transform">
        <float_array id="mixamorig_RightFoot-Matrix-animation-output-transform-array" count="656">

0.900147 -0.088833 0.426432 -0.000000 0.422066 -0.064145 -0.904293 44.493000 0.107684 0.993979 -0.020247 -0.000000 0.000000 0.000000 0.000000 1.000000
0.900025 -0.088695 0.426719 -0.000000 0.422238 -0.065242 -0.904134 44.493000 0.108032 0.993920 -0.021269 0.000000 0.000000 0.000000 0.000000 1.000000
0.900121 -0.088717 0.426512 0.000000 0.422028 -0.065252 -0.904231 44.493000 0.108051 0.993917 -0.021293 -0.000000 0.000000 0.000000 0.000000 1.000000
0.900715 -0.089462 0.425099 0.000000 0.421053 -0.061013 -0.904982 44.493000 0.106898 0.994120 -0.017287 -0.000000 0.000000 0.000000 0.000000 1.000000
0.902569 -0.091718 0.420664 0.000000 0.418036 -0.047131 -0.907207 44.493000 0.103034 0.994669 -0.004197 -0.000000 0.000000 0.000000 0.000000 1.000000
0.907771 -0.146858 0.392918 -0.000000 0.394872 -0.016844 -0.918582 44.493000 0.141519 0.989014 0.042699 0.000000 0.000000 0.000000 0.000000 1.000000
0.913513 -0.186009 0.361794 0.000000 0.371884 0.021309 -0.928034 44.493000 0.164913 0.982317 0.088640 -0.000000 0.000000 0.000000 0.000000 1.000000
0.919063 -0.220082 0.326937 0.000000 0.347684 0.062145 -0.935550 44.493000 0.185581 0.973500 0.133634 0.000000 0.000000 0.000000 0.000000 1.000000
0.924463 -0.242657 0.294086 -0.000000 0.325688 0.101556 -0.940007 44.493000 0.198233 0.964782 0.172915 0.000000 0.000000 0.000000 0.000000 1.000000
0.925495 -0.251695 0.283034 0.000000 0.321586 0.127388 -0.938272 44.493000 0.200103 0.959386 0.198839 0.000000 0.000000 0.000000 0.000000 1.000000
0.924432 -0.256695 0.282017 0.000000 0.324974 0.143311 -0.934801 44.493000 0.199543 0.955808 0.215901 -0.000000 0.000000 0.000000 0.000000 1.000000
0.924405 -0.263927 0.275350 0.000000 0.322110 0.153602 -0.934158 44.493000 0.204255 0.952234 0.227004 0.000000 0.000000 0.000000 0.000000 1.000000
0.926846 -0.275401 0.255167 0.000000 0.307098 0.165140 -0.937240 44.493000 0.215978 0.947039 0.237635 0.000000 0.000000 0.000000 0.000000 1.000000
0.929178 -0.284392 0.236113 0.000000 0.292855 0.176656 -0.939696 44.493000 0.225531 0.942292 0.247430 -0.000000 0.000000 0.000000 0.000000 1.000000
0.931174 -0.286635 0.225288 0.000000 0.282801 0.177908 -0.942535 44.493000 0.230083 0.941376 0.246724 -0.000000 0.000000 0.000000 0.000000 1.000000
0.933192 -0.286488 0.216974 0.000000 0.275168 0.181254 -0.944156 44.493000 0.231162 0.940782 0.247977 -0.000000 0.000000 0.000000 0.000000 1.000000
0.935081 -0.284733 0.211072 0.000000 0.270018 0.186513 -0.944618 44.493000 0.229596 0.940287 0.251288 0.000000 0.000000 0.000000 0.000000 1.000000
0.936658 -0.279713 0.210790 0.000000 0.268240 0.185910 -0.945243 44.493000 0.225209 0.941912 0.249164 -0.000000 0.000000 0.000000 0.000000 1.000000
0.937772 -0.270799 0.217373 0.000000 0.270769 0.178316 -0.945985 44.493000 0.217411 0.945976 0.240543 0.000000 0.000000 0.000000 0.000000 1.000000
0.938219 -0.260913 0.227311 0.000000 0.275856 0.167330 -0.946522 44.493000 0.208924 0.950750 0.228967 0.000000 0.000000 0.000000 0.000000 1.000000
0.937986 -0.250076 0.240092 0.000000 0.283336 0.153945 -0.946584 44.493000 0.199757 0.955909 0.215254 0.000000 0.000000 0.000000 0.000000 1.000000
0.936665 -0.237424 0.257465 0.000000 0.294702 0.137105 -0.945702 44.493000 0.189233 0.961682 0.198391 -0.000000 0.000000 0.000000 0.000000 1.000000
0.934240 -0.223843 0.277650 0.000000 0.308775 0.118073 -0.943778 44.493000 0.178475 0.967447 0.179425 0.000000 0.000000 0.000000 0.000000 1.000000
0.930739 -0.209341 0.299836 -0.000000 0.325009 0.097730 -0.940648 44.493000 0.167613 0.972947 0.158999 0.000000 0.000000 0.000000 0.000000 1.000000
0.926510 -0.194980 0.321810 0.000000 0.342014 0.079853 -0.936296 44.493000 0.156861 0.977551 0.140670 -0.000000 0.000000 0.000000 0.000000 1.000000
0.922703 -0.182319 0.339673 -0.000000 0.356195 0.066172 -0.932066 44.493000 0.147457 0.981010 0.125998 0.000000 0.000000 0.000000 0.000000 1.000000
0.919465 -0.171177 0.353952 0.000000 0.367691 0.055555 -0.928287 44.493000 0.139237 0.983673 0.114021 0.000000 0.000000 0.000000 0.000000 1.000000
0.916464 -0.160866 0.366356 0.000000 0.377774 0.046192 -0.924745 44.493000 0.131837 0.985895 0.103104 -0.000000 0.000000 0.000000 0.000000 1.000000
0.913692 -0.151058 0.377291 0.000000 0.386673 0.037350 -0.921460 44.493000 0.125102 0.987819 0.092537 -0.000000 0.000000 0.000000 0.000000 1.000000
0.911260 -0.141052 0.386923 0.000000 0.394351 0.028037 -0.918532 44.493000 0.118713 0.989605 0.081172 -0.000000 0.000000 0.000000 0.000000 1.000000
0.908798 -0.130696 0.396237 0.000000 0.401642 0.016837 -0.915642 44.493000 0.113000 0.991279 0.067794 -0.000000 0.000000 0.000000 0.000000 1.000000
0.906126 -0.100093 0.410994 -0.000000 0.413353 0.003127 -0.910565 44.493000 0.089856 0.994973 0.044207 0.000000 0.000000 0.000000 0.000000 1.000000
0.904112 -0.098405 0.415811 0.000000 0.416920 -0.009996 -0.908888 44.493000 0.093595 0.995096 0.031989 -0.000000 0.000000 0.000000 0.000000 1.000000
0.902698 -0.096605 0.419290 0.000000 0.419226 -0.021952 -0.907616 44.493000 0.096884 0.995081 0.020684 0.000000 0.000000 0.000000 0.000000 1.000000
0.901825 -0.094978 0.421535 0.000000 0.420491 -0.031732 -0.906742 44.493000 0.099497 0.994973 0.011321 -0.000000 0.000000 0.000000 0.000000 1.000000
0.901434 -0.093504 0.422699 0.000000 0.420853 -0.039627 -0.906263 44.493000 0.101490 0.994830 0.003630 0.000000 0.000000 0.000000 0.000000 1.000000
0.901012 -0.092359 0.423848 0.000000 0.421353 -0.045991 -0.905730 44.493000 0.103145 0.994663 -0.002523 -0.000000 0.000000 0.000000 0.000000 1.000000
0.900474 -0.091444 0.425188 0.000000 0.422134 -0.051457 -0.905072 44.493000 0.104643 0.994480 -0.007734 0.000000 0.000000 0.000000 0.000000 1.000000
0.900190 -0.090516 0.425987 -0.000000 0.422426 -0.056372 -0.904643 44.493000 0.105898 0.994298 -0.012509 -0.000000 0.000000 0.000000 0.000000 1.000000
0.900205 -0.089547 0.426159 0.000000 0.422140 -0.060794 -0.904490 44.493000 0.106903 0.994125 -0.016926 0.000000 0.000000 0.000000 0.000000 1.000000
0.900147 -0.088833 0.426432 0.000000 0.422066 -0.064145 -0.904293 44.493000 0.107684 0.993979 -0.020247 0.000000 0.000000 0.000000 0.000000 1.000000</float_array>
        <technique_common>
          <accessor source="#mixamorig_RightFoot-Matrix-animation-output-transform-array" count="41" stride="16">
            <param type="float4x4"/>
          </accessor>
        </technique_common>
      </source>
      <source id="mixamorig_RightFoot-Interpolations">
        <Name_array id="mixamorig_RightFoot-Interpolations-array" count="41">
 LINEAR LINEAR LINEAR LINEAR LINEAR LINEAR LINEAR LINEAR LINEAR LINEAR LINEAR
LINEAR LINEAR LINEAR LINEAR LINEAR LINEAR LINEAR LINEAR LINEAR LINEAR LINEAR LINEAR
LINEAR LINEAR LINEAR LINEAR LINEAR LINEAR LINEAR LINEAR LINEAR LINEAR LINEAR LINEAR
LINEAR LINEAR LINEAR LINEAR LINEAR LINEAR</Name_array>
        <technique_common>
          <accessor source="#mixamorig_RightFoot-Interpolations-array" count="41">
            <param type="name"/>
          </accessor>
        </technique_common>
      </source>
      <sampler id="mixamorig_RightFoot-Matrix-animation-transform">
        <input semantic="INPUT" source="#mixamorig_RightFoot-Matrix-animation-input"/>
        <input semantic="OUTPUT" source="#mixamorig_RightFoot-Matrix-animation-output-transform"/>
        <input semantic="INTERPOLATION" source="#mixamorig_RightFoot-Interpolations"/>
      </sampler>
      <channel source="#mixamorig_RightFoot-Matrix-animation-transform" target="mixamorig_RightFoot/matrix"/>
    </animation>
    <animation id="mixamorig_RightToeBase-anim" name="mixamorig_RightToeBase">
      <source id="mixamorig_RightToeBase-Matrix-animation-input">
        <float_array id="mixamorig_RightToeBase-Matrix-animation-input-array" count="41">

0.000000 0.033333 0.066667 0.100000 0.133333 0.166667 0.200000 0.233333 0.266667 0.300000 0.333333 0.366667 0.400000 0.433333 0.466667 0.500000
0.533333 0.566667 0.600000 0.633333 0.666667 0.700000 0.733333 0.766667 0.800000 0.833333 0.866667 0.900000 0.933333 0.966667 1.000000 1.033333
1.066667 1.100000 1.133333 1.166667 1.200000 1.233333 1.266667 1.300000 1.333333</float_array>
        <technique_common>
          <accessor source="#mixamorig_RightToeBase-Matrix-animation-input-array" count="41">
            <param name="TIME" type="float"/>
          </accessor>
        </technique_common>
      </source>
      <source id="mixamorig_RightToeBase-Matrix-animation-output-transform">
        <float_array id="mixamorig_RightToeBase-Matrix-animation-output-transform-array" count="656">

0.995216 -0.036586 0.090585 0.000000 0.087002 0.753689 -0.651447 20.000000 -0.044439 0.656212 0.753267 -0.000000 0.000000 0.000000 0.000000 1.000000
0.995217 -0.036585 0.090585 0.000000 0.087001 0.753689 -0.651447 20.000000 -0.044440 0.656212 0.753267 0.000000 0.000000 0.000000 0.000000 1.000000
0.995217 -0.036585 0.090585 0.000000 0.087001 0.753689 -0.651447 20.000000 -0.044440 0.656212 0.753267 -0.000000 0.000000 0.000000 0.000000 1.000000
0.995216 -0.036586 0.090585 0.000000 0.087002 0.753689 -0.651447 20.000000 -0.044439 0.656212 0.753267 -0.000000 0.000000 0.000000 0.000000 1.000000
0.995216 -0.036587 0.090585 0.000000 0.087003 0.753689 -0.651447 20.000000 -0.044439 0.656212 0.753267 0.000000 0.000000 0.000000 0.000000 1.000000
0.995216 -0.036586 0.090585 0.000000 0.087002 0.753689 -0.651447 20.000000 -0.044439 0.656212 0.753267 0.000000 0.000000 0.000000 0.000000 1.000000
0.995217 -0.036585 0.090585 0.000000 0.087001 0.753690 -0.651447 20.000000 -0.044440 0.656212 0.753267 -0.000000 0.000000 0.000000 0.000000 1.000000
0.995216 -0.036585 0.090585 0.000000 0.087001 0.753689 -0.651447 20.000000 -0.044440 0.656212 0.753267 0.000000 0.000000 0.000000 0.000000 1.000000
0.995216 -0.036588 0.090585 -0.000000 0.087004 0.753689 -0.651447 20.000000 -0.044438 0.656212 0.753267 0.000000 0.000000 0.000000 0.000000 1.000000
0.995216 -0.036587 0.090585 0.000000 0.087003 0.753689 -0.651447 20.000000 -0.044438 0.656212 0.753267 -0.000000 0.000000 0.000000 0.000000 1.000000
0.995217 -0.036584 0.090585 0.000000 0.087001 0.753689 -0.651447 20.000000 -0.044440 0.656212 0.753267 -0.000000 0.000000 0.000000 0.000000 1.000000
0.995216 -0.036587 0.090585 -0.000000 0.087003 0.753689 -0.651447 20.000000 -0.044439 0.656212 0.753267 0.000000 0.000000 0.000000 0.000000 1.000000
0.995216 -0.036586 0.090585 0.000000 0.087002 0.753689 -0.651447 20.000000 -0.044439 0.656212 0.753267 0.000000 0.000000 0.000000 0.000000 1.000000
0.995216 -0.036587 0.090586 0.000000 0.087003 0.753689 -0.651447 20.000000 -0.044439 0.656212 0.753267 0.000000 0.000000 0.000000 0.000000 1.000000
0.995216 -0.036585 0.090585 0.000000 0.087002 0.753690 -0.651447 20.000000 -0.044440 0.656211 0.753267 0.000000 0.000000 0.000000 0.000000 1.000000
0.995216 -0.036586 0.090585 0.000000 0.087002 0.753689 -0.651447 20.000000 -0.044439 0.656212 0.753267 -0.000000 0.000000 0.000000 0.000000 1.000000
0.995216 -0.036586 0.090585 0.000000 0.087002 0.753689 -0.651447 20.000000 -0.044439 0.656212 0.753267 0.000000 0.000000 0.000000 0.000000 1.000000
0.995216 -0.036586 0.090585 0.000000 0.087002 0.753689 -0.651447 20.000000 -0.044439 0.656212 0.753267 -0.000000 0.000000 0.000000 0.000000 1.000000
0.995216 -0.036585 0.090585 0.000000 0.087002 0.753689 -0.651447 20.000000 -0.044440 0.656212 0.753267 -0.000000 0.000000 0.000000 0.000000 1.000000
0.995216 -0.036585 0.090585 0.000000 0.087002 0.753689 -0.651447 20.000000 -0.044440 0.656212 0.753267 0.000000 0.000000 0.000000 0.000000 1.000000
0.995216 -0.036587 0.090585 0.000000 0.087003 0.753689 -0.651447 20.000000 -0.044439 0.656212 0.753267 0.000000 0.000000 0.000000 0.000000 1.000000
0.995216 -0.036586 0.090585 0.000000 0.087002 0.753689 -0.651447 20.000000 -0.044439 0.656212 0.753267 0.000000 0.000000 0.000000 0.000000 1.000000
0.995216 -0.036586 0.090586 0.000000 0.087002 0.753689 -0.651448 20.000000 -0.044440 0.656212 0.753266 -0.000000 0.000000 0.000000 0.000000 1.000000
0.995216 -0.036586 0.090585 0.000000 0.087002 0.753689 -0.651447 20.000000 -0.044439 0.656212 0.753267 0.000000 0.000000 0.000000 0.000000 1.000000
0.995216 -0.036587 0.090586 0.000000 0.087003 0.753689 -0.651448 20.000000 -0.044439 0.656213 0.753266 0.000000 0.000000 0.000000 0.000000 1.000000
0.995216 -0.036587 0.090585 0.000000 0.087003 0.753689 -0.651447 20.000000 -0.044439 0.656212 0.753267 0.000000 0.000000 0.000000 0.000000 1.000000
0.995216 -0.036586 0.090585 0.000000 0.087002 0.753689 -0.651447 20.000000 -0.044439 0.656212 0.753267 -0.000000 0.000000 0.000000 0.000000 1.000000
0.995216 -0.036586 0.090585 0.000000 0.087002 0.753689 -0.651447 20.000000 -0.044439 0.656212 0.753267 -0.000000 0.000000 0.000000 0.000000 1.000000
0.995216 -0.036588 0.090586 0.000000 0.087004 0.753689 -0.651447 20.000000 -0.044439 0.656212 0.753267 -0.000000 0.000000 0.000000 0.000000 1.000000
0.995216 -0.036587 0.090586 0.000000 0.087003 0.753689 -0.651447 20.000000 -0.044439 0.656212 0.753267 -0.000000 0.000000 0.000000 0.000000 1.000000
0.995216 -0.036587 0.090585 -0.000000 0.087003 0.753689 -0.651447 20.000000 -0.044439 0.656212 0.753267 0.000000 0.000000 0.000000 0.000000 1.000000
0.995216 -0.036584 0.090586 0.000000 0.087001 0.753689 -0.651447 20.000000 -0.044441 0.656212 0.753267 0.000000 0.000000 0.000000 0.000000 1.000000
0.995216 -0.036587 0.090585 0.000000 0.087003 0.753689 -0.651447 20.000000 -0.044439 0.656212 0.753267 0.000000 0.000000 0.000000 0.000000 1.000000
0.995216 -0.036587 0.090586 0.000000 0.087003 0.753689 -0.651447 20.000000 -0.044439 0.656212 0.753267 0.000000 0.000000 0.000000 0.000000 1.000000
0.995216 -0.036585 0.090586 0.000000 0.087002 0.753690 -0.651447 20.000000 -0.044440 0.656212 0.753267 0.000000 0.000000 0.000000 0.000000 1.000000
0.995216 -0.036586 0.090585 0.000000 0.087002 0.753689 -0.651447 20.000000 -0.044439 0.656212 0.753267 -0.000000 0.000000 0.000000 0.000000 1.000000
0.995216 -0.036585 0.090585 -0.000000 0.087002 0.753689 -0.651447 20.000000 -0.044440 0.656212 0.753267 0.000000 0.000000 0.000000 0.000000 1.000000
0.995216 -0.036586 0.090585 -0.000000 0.087002 0.753689 -0.651447 20.000000 -0.044440 0.656212 0.753267 0.000000 0.000000 0.000000 0.000000 1.000000
0.995216 -0.036587 0.090586 0.000000 0.087003 0.753689 -0.651448 20.000000 -0.044439 0.656212 0.753266 0.000000 0.000000 0.000000 0.000000 1.000000
0.995216 -0.036586 0.090585 0.000000 0.087002 0.753689 -0.651447 20.000000 -0.044439 0.656212 0.753267 -0.000000 0.000000 0.000000 0.000000 1.000000
0.995216 -0.036586 0.090585 -0.000000 0.087002 0.753689 -0.651447 20.000000 -0.044439 0.656212 0.753267 0.000000 0.000000 0.000000 0.000000 1.000000</float_array>
        <technique_common>
          <accessor source="#mixamorig_RightToeBase-Matrix-animation-output-transform-array" count="41" stride="16">
            <param type="float4x4"/>
          </accessor>
        </technique_common>
      </source>
      <source id="mixamorig_RightToeBase-Interpolations">
        <Name_array id="mixamorig_RightToeBase-Interpolations-array" count="41">
 LINEAR LINEAR LINEAR LINEAR LINEAR LINEAR LINEAR LINEAR LINEAR LINEAR LINEAR
LINEAR LINEAR LINEAR LINEAR LINEAR LINEAR LINEAR LINEAR LINEAR LINEAR LINEAR LINEAR
LINEAR LINEAR LINEAR LINEAR LINEAR LINEAR LINEAR LINEAR LINEAR LINEAR LINEAR LINEAR
LINEAR LINEAR LINEAR LINEAR LINEAR LINEAR</Name_array>
        <technique_common>
          <accessor source="#mixamorig_RightToeBase-Interpolations-array" count="41">
            <param type="name"/>
          </accessor>
        </technique_common>
      </source>
      <sampler id="mixamorig_RightToeBase-Matrix-animation-transform">
        <input semantic="INPUT" source="#mixamorig_RightToeBase-Matrix-animation-input"/>
        <input semantic="OUTPUT" source="#mixamorig_RightToeBase-Matrix-animation-output-transform"/>
        <input semantic="INTERPOLATION" source="#mixamorig_RightToeBase-Interpolations"/>
      </sampler>
      <channel source="#mixamorig_RightToeBase-Matrix-animation-transform" target="mixamorig_RightToeBase/matrix"/>
    </animation>
    <animation id="mixamorig_LeftUpLeg-anim" name="mixamorig_LeftUpLeg">
      <source id="mixamorig_LeftUpLeg-Matrix-animation-input">
        <float_array id="mixamorig_LeftUpLeg-Matrix-animation-input-array" count="41">

0.000000 0.033333 0.066667 0.100000 0.133333 0.166667 0.200000 0.233333 0.266667 0.300000 0.333333 0.366667 0.400000 0.433333 0.466667 0.500000
0.533333 0.566667 0.600000 0.633333 0.666667 0.700000 0.733333 0.766667 0.800000 0.833333 0.866667 0.900000 0.933333 0.966667 1.000000 1.033333
1.066667 1.100000 1.133333 1.166667 1.200000 1.233333 1.266667 1.300000 1.333333</float_array>
        <technique_common>
          <accessor source="#mixamorig_LeftUpLeg-Matrix-animation-input-array" count="41">
            <param name="TIME" type="float"/>
          </accessor>
        </technique_common>
      </source>
      <source id="mixamorig_LeftUpLeg-Matrix-animation-output-transform">
        <float_array id="mixamorig_LeftUpLeg-Matrix-animation-output-transform-array" count="656">

-0.676349 0.702233 0.222306 9.618300 0.041506 -0.264995 0.963356 -5.272300 0.735411 0.660792 0.150082 -1.010900 0.000000 0.000000 0.000000 1.000000
-0.677062 0.702071 0.220645 9.618300 0.037694 -0.266342 0.963141 -5.272300 0.734960 0.660423 0.153866 -1.010900 0.000000 0.000000 0.000000 1.000000
-0.678401 0.701292 0.219002 9.618300 0.031938 -0.269655 0.962427 -5.272300 0.733998 0.659906 0.160536 -1.010900 0.000000 0.000000 0.000000 1.000000
-0.679861 0.701164 0.214845 9.618300 0.023793 -0.271723 0.962081 -5.272300 0.732955 0.659193 0.168051 -1.010900 0.000000 0.000000 0.000000 1.000000
-0.678919 0.704323 0.207360 9.618300 0.012388 -0.271395 0.962388 -5.272300 0.734109 0.655952 0.175530 -1.010900 0.000000 0.000000 0.000000 1.000000
-0.664629 0.721771 0.193171 9.618300 -0.008309 -0.265659 0.964031 -5.272300 0.747128 0.639118 0.182562 -1.010900 0.000000 0.000000 0.000000 1.000000
-0.646896 0.739790 0.185029 9.618300 -0.034648 -0.270898 0.961984 -5.272300 0.761790 0.615893 0.200875 -1.010900 0.000000 0.000000 0.000000 1.000000
-0.627438 0.758250 0.177141 9.618300 -0.058305 -0.272603 0.960358 -5.272300 0.776481 0.592237 0.215251 -1.010900 0.000000 0.000000 0.000000 1.000000
-0.588212 0.795845 0.143655 9.618300 -0.072502 -0.228816 0.970766 -5.272300 0.805450 0.560601 0.192293 -1.010900 0.000000 0.000000 0.000000 1.000000
-0.560272 0.821756 0.103980 9.618300 -0.062760 -0.167288 0.983909 -5.272300 0.825927 0.544731 0.145300 -1.010900 0.000000 0.000000 0.000000 1.000000
-0.549516 0.830538 0.090770 9.618300 -0.043758 -0.137104 0.989590 -5.272300 0.834336 0.539824 0.111684 -1.010900 0.000000 0.000000 0.000000 1.000000
-0.531344 0.842165 0.091827 9.618300 -0.030999 -0.127650 0.991335 -5.272300 0.846589 0.523893 0.093933 -1.010900 0.000000 0.000000 0.000000 1.000000
-0.486251 0.870196 0.079493 9.618300 -0.029423 -0.107225 0.993799 -5.272300 0.873323 0.480897 0.077742 -1.010900 0.000000 0.000000 0.000000 1.000000
-0.447627 0.892016 0.062746 9.618300 -0.031066 -0.085639 0.995842 -5.272300 0.893681 0.443816 0.066046 -1.010900 0.000000 0.000000 0.000000 1.000000
-0.442899 0.894395 0.062443 9.618300 -0.046196 -0.092318 0.994657 -5.272300 0.895381 0.437648 0.082205 -1.010900 0.000000 0.000000 0.000000 1.000000
-0.446588 0.892373 0.065036 9.618300 -0.058532 -0.101669 0.993095 -5.272300 0.892823 0.439698 0.097637 -1.010900 0.000000 0.000000 0.000000 1.000000
-0.451377 0.889804 0.067136 9.618300 -0.065321 -0.107983 0.992004 -5.272300 0.889939 0.443383 0.106864 -1.010900 0.000000 0.000000 0.000000 1.000000
-0.466432 0.880947 0.079829 9.618300 -0.070704 -0.127090 0.989368 -5.272300 0.881727 0.455829 0.121566 -1.010900 0.000000 0.000000 0.000000 1.000000
-0.486699 0.868227 0.096462 9.618300 -0.070919 -0.149328 0.986241 -5.272300 0.870686 0.473162 0.134252 -1.010900 0.000000 0.000000 0.000000 1.000000
-0.504653 0.855762 0.114006 9.618300 -0.066503 -0.170196 0.983164 -5.272300 0.860757 0.488575 0.142801 -1.010900 0.000000 0.000000 0.000000 1.000000
-0.522078 0.842780 0.130983 9.618300 -0.059794 -0.189364 0.980085 -5.272300 0.850799 0.503849 0.149256 -1.010900 0.000000 0.000000 0.000000 1.000000
-0.543910 0.826159 0.147048 9.618300 -0.051650 -0.207863 0.976793 -5.272300 0.837553 0.523693 0.155730 -1.010900 0.000000 0.000000 0.000000 1.000000
-0.569236 0.805893 0.162810 9.618300 -0.043699 -0.227400 0.972820 -5.272300 0.821012 0.546650 0.164661 -1.010900 0.000000 0.000000 0.000000 1.000000
-0.596601 0.782686 0.177399 9.618300 -0.035223 -0.246371 0.968535 -5.272300 0.801765 0.571580 0.174553 -1.010900 0.000000 0.000000 0.000000 1.000000
-0.621568 0.759702 0.191066 9.618300 -0.024447 -0.262599 0.964595 -5.272300 0.782979 0.594890 0.181795 -1.010900 0.000000 0.000000 0.000000 1.000000
-0.638269 0.742686 0.202559 9.618300 -0.013396 -0.273803 0.961692 -5.272300 0.769697 0.611105 0.184710 -1.010900 0.000000 0.000000 0.000000 1.000000
-0.648682 0.730842 0.212323 9.618300 -0.002303 -0.280867 0.959744 -5.272300 0.761056 0.622080 0.183877 -1.010900 0.000000 0.000000 0.000000 1.000000
-0.656239 0.721429 0.221112 9.618300 0.009245 -0.285328 0.958385 -5.272300 0.754496 0.630974 0.180574 -1.010900 0.000000 0.000000 0.000000 1.000000
-0.661833 0.714429 0.227087 9.618300 0.020695 -0.285396 0.958186 -5.272300 0.749365 0.638859 0.174100 -1.010900 0.000000 0.000000 0.000000 1.000000
-0.666001 0.709942 0.228968 9.618300 0.030076 -0.281141 0.959195 -5.272300 0.745345 0.645711 0.165888 -1.010900 0.000000 0.000000 0.000000 1.000000
-0.670938 0.704856 0.230262 9.618300 0.036446 -0.278808 0.959655 -5.272300 0.740617 0.652261 0.161374 -1.010900 0.000000 0.000000 0.000000 1.000000
-0.675946 0.699687 0.231375 9.618300 0.040638 -0.278096 0.959693 -5.272300 0.735829 0.658104 0.159544 -1.010900 0.000000 0.000000 0.000000 1.000000
-0.679815 0.696140 0.230739 9.618300 0.041969 -0.277179 0.959901 -5.272300 0.732181 0.662240 0.159214 -1.010900 0.000000 0.000000 0.000000 1.000000
-0.682104 0.694573 0.228698 9.618300 0.041403 -0.275563 0.960391 -5.272300 0.730082 0.664555 0.159205 -1.010900 0.000000 0.000000 0.000000 1.000000
-0.682626 0.694992 0.225849 9.618300 0.040838 -0.272294 0.961347 -5.272300 0.729626 0.665464 0.157493 -1.010900 0.000000 0.000000 0.000000 1.000000
-0.681757 0.696712 0.223159 9.618300 0.039819 -0.269248 0.962247 -5.272300 0.730494 0.664905 0.155819 -1.010900 0.000000 0.000000 0.000000 1.000000
-0.681722 0.697420 0.221046 9.618300 0.038963 -0.267098 0.962881 -5.272300 0.730573 0.665030 0.154913 -1.010900 0.000000 0.000000 0.000000 1.000000
-0.682101 0.697422 0.219867 9.618300 0.038851 -0.265683 0.963277 -5.272300 0.730226 0.665594 0.154127 -1.010900 0.000000 0.000000 0.000000 1.000000
-0.681518 0.698029 0.219744 9.618300 0.038843 -0.265351 0.963369 -5.272300 0.730769 0.665089 0.153728 -1.010900 0.000000 0.000000 0.000000 1.000000
-0.678367 0.700971 0.220132 9.618300 0.039553 -0.264337 0.963619 -5.272300 0.733658 0.662394 0.151592 -1.010900 0.000000 0.000000 0.000000 1.000000
-0.676349 0.702233 0.222307 9.618300 0.041505 -0.264996 0.963356 -5.272300 0.735411 0.660792 0.150084 -1.010900 0.000000 0.000000 0.000000 1.000000</float_array>
        <technique_common>
          <accessor source="#mixamorig_LeftUpLeg-Matrix-animation-output-transform-array" count="41" stride="16">
            <param type="float4x4"/>
          </accessor>
        </technique_common>
      </source>
      <source id="mixamorig_LeftUpLeg-Interpolations">
        <Name_array id="mixamorig_LeftUpLeg-Interpolations-array" count="41">
 LINEAR LINEAR LINEAR LINEAR LINEAR LINEAR LINEAR LINEAR LINEAR LINEAR LINEAR
LINEAR LINEAR LINEAR LINEAR LINEAR LINEAR LINEAR LINEAR LINEAR LINEAR LINEAR LINEAR
LINEAR LINEAR LINEAR LINEAR LINEAR LINEAR LINEAR LINEAR LINEAR LINEAR LINEAR LINEAR
LINEAR LINEAR LINEAR LINEAR LINEAR LINEAR</Name_array>
        <technique_common>
          <accessor source="#mixamorig_LeftUpLeg-Interpolations-array" count="41">
            <param type="name"/>
          </accessor>
        </technique_common>
      </source>
      <sampler id="mixamorig_LeftUpLeg-Matrix-animation-transform">
        <input semantic="INPUT" source="#mixamorig_LeftUpLeg-Matrix-animation-input"/>
        <input semantic="OUTPUT" source="#mixamorig_LeftUpLeg-Matrix-animation-output-transform"/>
        <input semantic="INTERPOLATION" source="#mixamorig_LeftUpLeg-Interpolations"/>
      </sampler>
      <channel source="#mixamorig_LeftUpLeg-Matrix-animation-transform" target="mixamorig_LeftUpLeg/matrix"/>
    </animation>
    <animation id="mixamorig_LeftLeg-anim" name="mixamorig_LeftLeg">
      <source id="mixamorig_LeftLeg-Matrix-animation-input">
        <float_array id="mixamorig_LeftLeg-Matrix-animation-input-array" count="41">

0.000000 0.033333 0.066667 0.100000 0.133333 0.166667 0.200000 0.233333 0.266667 0.300000 0.333333 0.366667 0.400000 0.433333 0.466667 0.500000
0.533333 0.566667 0.600000 0.633333 0.666667 0.700000 0.733333 0.766667 0.800000 0.833333 0.866667 0.900000 0.933333 0.966667 1.000000 1.033333
1.066667 1.100000 1.133333 1.166667 1.200000 1.233333 1.266667 1.300000 1.333333</float_array>
        <technique_common>
          <accessor source="#mixamorig_LeftLeg-Matrix-animation-input-array" count="41">
            <param name="TIME" type="float"/>
          </accessor>
        </technique_common>
      </source>
      <source id="mixamorig_LeftLeg-Matrix-animation-output-transform">
        <float_array id="mixamorig_LeftLeg-Matrix-animation-output-transform-array" count="656">

0.946865 -0.106978 0.303318 -0.000000 -0.284168 0.163464 0.944737 43.365002 -0.150647 -0.980732 0.124379 0.000000 0.000000 0.000000 0.000000 1.000000
0.947040 -0.107968 0.302421 0.000000 -0.283881 0.158689 0.945637 43.365002 -0.150090 -0.981407 0.119635 0.000000 0.000000 0.000000 0.000000 1.000000
0.947949 -0.108180 0.299484 0.000000 -0.281817 0.152801 0.947223 43.365002 -0.148232 -0.982318 0.114360 0.000000 0.000000 0.000000 0.000000 1.000000
0.949829 -0.107134 0.293851 -0.000000 -0.277458 0.145053 0.949725 43.365002 -0.144371 -0.983607 0.108051 0.000000 0.000000 0.000000 0.000000 1.000000
0.953493 -0.102414 0.283483 0.000000 -0.269078 0.134594 0.953667 43.365002 -0.135824 -0.985594 0.100777 -0.000000 0.000000 0.000000 0.000000 1.000000
0.959428 -0.088891 0.267574 0.000000 -0.256522 0.118674 0.959225 43.365002 -0.117020 -0.988946 0.091057 0.000000 0.000000 0.000000 0.000000 1.000000
0.966755 -0.067219 0.246710 0.000000 -0.239382 0.101267 0.965630 43.365002 -0.089892 -0.992586 0.081810 0.000000 0.000000 0.000000 0.000000 1.000000
0.971903 -0.048474 0.230334 0.000000 -0.225511 0.088627 0.970201 43.365002 -0.067444 -0.994885 0.075205 -0.000000 0.000000 0.000000 0.000000 1.000000
0.973006 -0.041614 0.226999 -0.000000 -0.223605 0.073387 0.971913 43.365002 -0.057104 -0.996435 0.062101 0.000000 0.000000 0.000000 0.000000 1.000000
0.973103 -0.037051 0.227370 0.000000 -0.225360 0.051591 0.972909 43.365002 -0.047778 -0.997981 0.041854 0.000000 0.000000 0.000000 0.000000 1.000000
0.973637 -0.027460 0.226443 0.000000 -0.225453 0.034987 0.973626 43.365002 -0.034659 -0.999010 0.027874 0.000000 0.000000 0.000000 0.000000 1.000000
0.973553 -0.015598 0.227929 0.000000 -0.227609 0.019939 0.973549 43.365002 -0.019730 -0.999680 0.015861 0.000000 0.000000 0.000000 0.000000 1.000000
0.971943 -0.005286 0.235159 0.000000 -0.235153 0.001719 0.971957 43.365002 -0.005542 -0.999985 0.000428 -0.000000 0.000000 0.000000 0.000000 1.000000
0.970627 -0.000175 0.240588 -0.000000 -0.240573 -0.011630 0.970561 43.365002 0.002628 -0.999932 -0.011331 0.000000 0.000000 0.000000 0.000000 1.000000
0.970626 -0.003012 0.240575 0.000000 -0.240594 -0.011968 0.970552 43.365002 -0.000044 -0.999924 -0.012341 0.000000 0.000000 0.000000 0.000000 1.000000
0.971552 -0.004076 0.236790 -0.000000 -0.236802 -0.002753 0.971554 43.365002 -0.003309 -0.999988 -0.003640 0.000000 0.000000 0.000000 0.000000 1.000000
0.972836 -0.003241 0.231471 0.000000 -0.231413 0.012868 0.972771 43.365002 -0.006131 -0.999912 0.011769 -0.000000 0.000000 0.000000 0.000000 1.000000
0.973904 -0.004138 0.226924 0.000000 -0.226646 0.034986 0.973349 43.365002 -0.011967 -0.999379 0.033135 -0.000000 0.000000 0.000000 0.000000 1.000000
0.974181 -0.007569 0.225640 -0.000000 -0.224819 0.058949 0.972616 43.365002 -0.020664 -0.998232 0.055726 0.000000 0.000000 0.000000 0.000000 1.000000
0.973724 -0.011318 0.227448 0.000000 -0.225844 0.080271 0.970851 43.365002 -0.029245 -0.996709 0.075606 0.000000 0.000000 0.000000 0.000000 1.000000
0.973115 -0.015364 0.229807 -0.000000 -0.227206 0.099472 0.968753 43.365002 -0.037743 -0.994922 0.093307 -0.000000 0.000000 0.000000 0.000000 1.000000
0.972384 -0.021693 0.232377 -0.000000 -0.228432 0.115613 0.966671 43.365002 -0.047836 -0.993057 0.107465 0.000000 0.000000 0.000000 0.000000 1.000000
0.971526 -0.030192 0.235003 0.000000 -0.229383 0.128564 0.964808 43.365002 -0.059342 -0.991242 0.117977 -0.000000 0.000000 0.000000 0.000000 1.000000
0.970196 -0.041349 0.238769 0.000000 -0.231087 0.138690 0.962997 43.365002 -0.072934 -0.989472 0.125001 -0.000000 0.000000 0.000000 0.000000 1.000000
0.968834 -0.051451 0.242309 0.000000 -0.232525 0.148332 0.961213 43.365002 -0.085397 -0.987598 0.131746 0.000000 0.000000 0.000000 0.000000 1.000000
0.967151 -0.059801 0.247070 0.000000 -0.235229 0.157929 0.959023 43.365002 -0.096370 -0.985638 0.138674 0.000000 0.000000 0.000000 0.000000 1.000000
0.965329 -0.066189 0.252505 0.000000 -0.238728 0.167415 0.956546 43.365002 -0.105586 -0.983662 0.145809 -0.000000 0.000000 0.000000 0.000000 1.000000
0.963475 -0.071029 0.258206 0.000000 -0.242683 0.176079 0.953992 43.365002 -0.113226 -0.981810 0.152410 -0.000000 0.000000 0.000000 0.000000 1.000000
0.961778 -0.074638 0.263461 0.000000 -0.246568 0.182451 0.951796 43.365002 -0.119109 -0.980378 0.157074 0.000000 0.000000 0.000000 0.000000 1.000000
0.959823 -0.079325 0.269160 0.000000 -0.250916 0.186794 0.949815 43.365002 -0.125621 -0.979191 0.159385 -0.000000 0.000000 0.000000 0.000000 1.000000
0.957593 -0.085750 0.275070 0.000000 -0.255399 0.189297 0.948124 43.365002 -0.133371 -0.978169 0.159369 0.000000 0.000000 0.000000 0.000000 1.000000
0.955177 -0.092829 0.281105 0.000000 -0.260215 0.189503 0.946772 43.365002 -0.141158 -0.977482 0.156854 0.000000 0.000000 0.000000 0.000000 1.000000
0.952767 -0.099923 0.286792 0.000000 -0.265141 0.186831 0.945936 43.365002 -0.148102 -0.977297 0.151513 -0.000000 0.000000 0.000000 0.000000 1.000000
0.950884 -0.105426 0.291041 0.000000 -0.269250 0.182180 0.945682 43.365002 -0.152721 -0.977597 0.144846 0.000000 0.000000 0.000000 0.000000 1.000000
0.949628 -0.108166 0.294121 -0.000000 -0.272837 0.176346 0.945760 43.365002 -0.154166 -0.978367 0.137952 0.000000 0.000000 0.000000 0.000000 1.000000
0.948854 -0.109092 0.296267 0.000000 -0.275741 0.170668 0.945959 43.365002 -0.153760 -0.979271 0.131858 0.000000 0.000000 0.000000 0.000000 1.000000
0.948256 -0.110140 0.297792 0.000000 -0.277802 0.166348 0.946126 43.365002 -0.153743 -0.979897 0.127144 -0.000000 0.000000 0.000000 0.000000 1.000000
0.947807 -0.110832 0.298962 0.000000 -0.279312 0.163604 0.946160 43.365002 -0.153776 -0.980281 0.124108 0.000000 0.000000 0.000000 0.000000 1.000000
0.947661 -0.110333 0.299608 0.000000 -0.280220 0.162322 0.946112 43.365002 -0.153020 -0.980550 0.122908 0.000000 0.000000 0.000000 0.000000 1.000000
0.947669 -0.107848 0.300486 0.000000 -0.281465 0.161954 0.945806 43.365002 -0.150668 -0.980887 0.123123 0.000000 0.000000 0.000000 0.000000 1.000000
0.946865 -0.106978 0.303318 0.000000 -0.284168 0.163465 0.944737 43.365002 -0.150648 -0.980732 0.124380 0.000000 0.000000 0.000000 0.000000 1.000000</float_array>
        <technique_common>
          <accessor source="#mixamorig_LeftLeg-Matrix-animation-output-transform-array" count="41" stride="16">
            <param type="float4x4"/>
          </accessor>
        </technique_common>
      </source>
      <source id="mixamorig_LeftLeg-Interpolations">
        <Name_array id="mixamorig_LeftLeg-Interpolations-array" count="41">
 LINEAR LINEAR LINEAR LINEAR LINEAR LINEAR LINEAR LINEAR LINEAR LINEAR LINEAR
LINEAR LINEAR LINEAR LINEAR LINEAR LINEAR LINEAR LINEAR LINEAR LINEAR LINEAR LINEAR
LINEAR LINEAR LINEAR LINEAR LINEAR LINEAR LINEAR LINEAR LINEAR LINEAR LINEAR LINEAR
LINEAR LINEAR LINEAR LINEAR LINEAR LINEAR</Name_array>
        <technique_common>
          <accessor source="#mixamorig_LeftLeg-Interpolations-array" count="41">
            <param type="name"/>
          </accessor>
        </technique_common>
      </source>
      <sampler id="mixamorig_LeftLeg-Matrix-animation-transform">
        <input semantic="INPUT" source="#mixamorig_LeftLeg-Matrix-animation-input"/>
        <input semantic="OUTPUT" source="#mixamorig_LeftLeg-Matrix-animation-output-transform"/>
        <input semantic="INTERPOLATION" source="#mixamorig_LeftLeg-Interpolations"/>
      </sampler>
      <channel source="#mixamorig_LeftLeg-Matrix-animation-transform" target="mixamorig_LeftLeg/matrix"/>
    </animation>
    <animation id="mixamorig_LeftFoot-anim" name="mixamorig_LeftFoot">
      <source id="mixamorig_LeftFoot-Matrix-animation-input">
        <float_array id="mixamorig_LeftFoot-Matrix-animation-input-array" count="41">

0.000000 0.033333 0.066667 0.100000 0.133333 0.166667 0.200000 0.233333 0.266667 0.300000 0.333333 0.366667 0.400000 0.433333 0.466667 0.500000
0.533333 0.566667 0.600000 0.633333 0.666667 0.700000 0.733333 0.766667 0.800000 0.833333 0.866667 0.900000 0.933333 0.966667 1.000000 1.033333
1.066667 1.100000 1.133333 1.166667 1.200000 1.233333 1.266667 1.300000 1.333333</float_array>
        <technique_common>
          <accessor source="#mixamorig_LeftFoot-Matrix-animation-input-array" count="41">
            <param name="TIME" type="float"/>
          </accessor>
        </technique_common>
      </source>
      <source id="mixamorig_LeftFoot-Matrix-animation-output-transform">
        <float_array id="mixamorig_LeftFoot-Matrix-animation-output-transform-array" count="656">

0.988068 -0.061388 -0.141253 0.000000 -0.091645 0.502753 -0.859558 44.493000 0.123781 0.862248 0.491129 -0.000000 0.000000 0.000000 0.000000 1.000000
0.987817 -0.062368 -0.142578 0.000000 -0.092813 0.499301 -0.861443 44.493000 0.124916 0.864181 0.487430 0.000000 0.000000 0.000000 0.000000 1.000000
0.987236 -0.064154 -0.145770 0.000000 -0.095366 0.494924 -0.863687 44.493000 0.127555 0.866565 0.482489 0.000000 0.000000 0.000000 0.000000 1.000000
0.985977 -0.068037 -0.152384 0.000000 -0.100195 0.488886 -0.866575 44.493000 0.133457 0.869691 0.475213 0.000000 0.000000 0.000000 0.000000 1.000000
0.983397 -0.075900 -0.164831 0.000000 -0.108843 0.480093 -0.870439 44.493000 0.145201 0.873928 0.463861 0.000000 0.000000 0.000000 0.000000 1.000000
0.978081 -0.087359 -0.189011 0.000000 -0.127646 0.465616 -0.875733 44.493000 0.164510 0.880665 0.444259 -0.000000 0.000000 0.000000 0.000000 1.000000
0.970229 -0.099926 -0.220612 -0.000000 -0.153379 0.451432 -0.879025 44.493000 0.187429 0.886693 0.422666 0.000000 0.000000 0.000000 0.000000 1.000000
0.963479 -0.107778 -0.245137 0.000000 -0.172450 0.450610 -0.875906 44.493000 0.204864 0.886191 0.415567 0.000000 0.000000 0.000000 0.000000 1.000000
0.961308 -0.109691 -0.252697 0.000000 -0.176779 0.457882 -0.871260 44.493000 0.211275 0.882220 0.420774 0.000000 0.000000 0.000000 0.000000 1.000000
0.961933 -0.113031 -0.248814 0.000000 -0.170103 0.464945 -0.868845 44.493000 0.213891 0.878095 0.428019 0.000000 0.000000 0.000000 0.000000 1.000000
0.963571 -0.117608 -0.240207 0.000000 -0.158516 0.472251 -0.867094 44.493000 0.215415 0.873583 0.436405 0.000000 0.000000 0.000000 0.000000 1.000000
0.966584 -0.117662 -0.227750 0.000000 -0.145817 0.478345 -0.865981 44.493000 0.210836 0.870254 0.445204 0.000000 0.000000 0.000000 0.000000 1.000000
0.969468 -0.113882 -0.217169 0.000000 -0.137659 0.480153 -0.866316 44.493000 0.202933 0.869761 0.449816 0.000000 0.000000 0.000000 0.000000 1.000000
0.970663 -0.111109 -0.213233 0.000000 -0.135186 0.481204 -0.866122 44.493000 0.198843 0.869539 0.452066 -0.000000 0.000000 0.000000 0.000000 1.000000
0.969858 -0.109023 -0.217920 0.000000 -0.139759 0.483716 -0.863994 44.493000 0.199607 0.868408 0.453899 0.000000 0.000000 0.000000 0.000000 1.000000
0.967927 -0.107611 -0.227018 0.000000 -0.147325 0.488822 -0.859854 44.493000 0.203502 0.865721 0.457290 0.000000 0.000000 0.000000 0.000000 1.000000
0.966036 -0.105779 -0.235764 0.000000 -0.154541 0.494734 -0.855193 44.493000 0.207102 0.862583 0.461584 0.000000 0.000000 0.000000 0.000000 1.000000
0.964753 -0.103845 -0.241800 0.000000 -0.159239 0.501163 -0.850575 44.493000 0.209510 0.859099 0.466963 0.000000 0.000000 0.000000 0.000000 1.000000
0.964927 -0.101476 -0.242111 0.000000 -0.159025 0.507845 -0.846643 44.493000 0.208869 0.855451 0.473896 -0.000000 0.000000 0.000000 0.000000 1.000000
0.966285 -0.099346 -0.237537 0.000000 -0.154805 0.513024 -0.844300 44.493000 0.205740 0.852606 0.480348 0.000000 0.000000 0.000000 0.000000 1.000000
0.968668 -0.095710 -0.229176 0.000000 -0.148152 0.517926 -0.842498 44.493000 0.199331 0.850054 0.487519 -0.000000 0.000000 0.000000 0.000000 1.000000
0.971248 -0.092180 -0.219498 0.000000 -0.140522 0.522272 -0.841122 44.493000 0.192172 0.847782 0.494302 -0.000000 0.000000 0.000000 0.000000 1.000000
0.973606 -0.089187 -0.210090 0.000000 -0.133365 0.524684 -0.840786 44.493000 0.185218 0.846612 0.498941 0.000000 0.000000 0.000000 0.000000 1.000000
0.975181 -0.088437 -0.202982 0.000000 -0.127705 0.524244 -0.841938 44.493000 0.180871 0.846964 0.499938 0.000000 0.000000 0.000000 0.000000 1.000000
0.976610 -0.088405 -0.196005 0.000000 -0.122000 0.522801 -0.843679 44.493000 0.177058 0.847858 0.499787 -0.000000 0.000000 0.000000 0.000000 1.000000
0.978318 -0.087806 -0.187575 0.000000 -0.115180 0.522040 -0.845108 44.493000 0.172127 0.848390 0.500607 0.000000 0.000000 0.000000 0.000000 1.000000
0.979967 -0.086863 -0.179218 0.000000 -0.108552 0.521496 -0.846320 44.493000 0.166975 0.848821 0.501620 0.000000 0.000000 0.000000 0.000000 1.000000
0.981403 -0.085586 -0.171821 0.000000 -0.102920 0.520958 -0.847355 44.493000 0.162033 0.849281 0.502461 0.000000 0.000000 0.000000 0.000000 1.000000
0.982593 -0.084245 -0.165571 0.000000 -0.098236 0.520824 -0.847993 44.493000 0.157672 0.849497 0.503482 0.000000 0.000000 0.000000 0.000000 1.000000
0.983711 -0.082284 -0.159820 0.000000 -0.094244 0.521017 -0.848328 44.493000 0.153072 0.849571 0.504775 0.000000 0.000000 0.000000 0.000000 1.000000
0.984873 -0.079766 -0.153826 0.000000 -0.090383 0.520924 -0.848804 44.493000 0.147837 0.849868 0.505835 0.000000 0.000000 0.000000 0.000000 1.000000
0.985992 -0.076832 -0.148040 0.000000 -0.087007 0.520313 -0.849532 44.493000 0.142298 0.850512 0.506340 0.000000 0.000000 0.000000 0.000000 1.000000
0.986821 -0.073905 -0.143950 0.000000 -0.085312 0.518291 -0.850938 44.493000 0.137497 0.852005 0.505156 0.000000 0.000000 0.000000 0.000000 1.000000
0.987225 -0.071614 -0.142328 0.000000 -0.085592 0.515079 -0.852859 44.493000 0.134387 0.854146 0.502369 -0.000000 0.000000 0.000000 0.000000 1.000000
0.987146 -0.070390 -0.143484 0.000000 -0.087917 0.510567 -0.855331 44.493000 0.133465 0.856952 0.497816 0.000000 0.000000 0.000000 0.000000 1.000000
0.986878 -0.069731 -0.145636 0.000000 -0.090833 0.505956 -0.857764 44.493000 0.133498 0.859736 0.492983 0.000000 0.000000 0.000000 0.000000 1.000000
0.986609 -0.069140 -0.147722 0.000000 -0.093535 0.502128 -0.859720 44.493000 0.133617 0.862025 0.488937 0.000000 0.000000 0.000000 0.000000 1.000000
0.986545 -0.068136 -0.148618 -0.000000 -0.095177 0.499761 -0.860919 44.493000 0.132933 0.863480 0.486551 0.000000 0.000000 0.000000 0.000000 1.000000
0.986760 -0.066047 -0.148132 0.000000 -0.095873 0.499154 -0.861193 44.493000 0.130820 0.863993 0.486213 0.000000 0.000000 0.000000 0.000000 1.000000
0.987593 -0.062624 -0.144010 0.000000 -0.093684 0.501031 -0.860344 44.493000 0.126032 0.863161 0.488947 0.000000 0.000000 0.000000 0.000000 1.000000
0.988068 -0.061387 -0.141253 0.000000 -0.091646 0.502755 -0.859557 44.493000 0.123782 0.862247 0.491130 0.000000 0.000000 0.000000 0.000000 1.000000</float_array>
        <technique_common>
          <accessor source="#mixamorig_LeftFoot-Matrix-animation-output-transform-array" count="41" stride="16">
            <param type="float4x4"/>
          </accessor>
        </technique_common>
      </source>
      <source id="mixamorig_LeftFoot-Interpolations">
        <Name_array id="mixamorig_LeftFoot-Interpolations-array" count="41">
 LINEAR LINEAR LINEAR LINEAR LINEAR LINEAR LINEAR LINEAR LINEAR LINEAR LINEAR
LINEAR LINEAR LINEAR LINEAR LINEAR LINEAR LINEAR LINEAR LINEAR LINEAR LINEAR LINEAR
LINEAR LINEAR LINEAR LINEAR LINEAR LINEAR LINEAR LINEAR LINEAR LINEAR LINEAR LINEAR
LINEAR LINEAR LINEAR LINEAR LINEAR LINEAR</Name_array>
        <technique_common>
          <accessor source="#mixamorig_LeftFoot-Interpolations-array" count="41">
            <param type="name"/>
          </accessor>
        </technique_common>
      </source>
      <sampler id="mixamorig_LeftFoot-Matrix-animation-transform">
        <input semantic="INPUT" source="#mixamorig_LeftFoot-Matrix-animation-input"/>
        <input semantic="OUTPUT" source="#mixamorig_LeftFoot-Matrix-animation-output-transform"/>
        <input semantic="INTERPOLATION" source="#mixamorig_LeftFoot-Interpolations"/>
      </sampler>
      <channel source="#mixamorig_LeftFoot-Matrix-animation-transform" target="mixamorig_LeftFoot/matrix"/>
    </animation>
    <animation id="mixamorig_LeftToeBase-anim" name="mixamorig_LeftToeBase">
      <source id="mixamorig_LeftToeBase-Matrix-animation-input">
        <float_array id="mixamorig_LeftToeBase-Matrix-animation-input-array" count="41">

0.000000 0.033333 0.066667 0.100000 0.133333 0.166667 0.200000 0.233333 0.266667 0.300000 0.333333 0.366667 0.400000 0.433333 0.466667 0.500000
0.533333 0.566667 0.600000 0.633333 0.666667 0.700000 0.733333 0.766667 0.800000 0.833333 0.866667 0.900000 0.933333 0.966667 1.000000 1.033333
1.066667 1.100000 1.133333 1.166667 1.200000 1.233333 1.266667 1.300000 1.333333</float_array>
        <technique_common>
          <accessor source="#mixamorig_LeftToeBase-Matrix-animation-input-array" count="41">
            <param name="TIME" type="float"/>
          </accessor>
        </technique_common>
      </source>
      <source id="mixamorig_LeftToeBase-Matrix-animation-output-transform">
        <float_array id="mixamorig_LeftToeBase-Matrix-animation-output-transform-array" count="656">

0.994513 0.089207 -0.054650 0.000000 -0.102570 0.728612 -0.677203 20.000000 -0.020592 0.679092 0.733764 -0.000000 0.000000 0.000000 0.000000 1.000000
0.994530 0.088981 -0.054710 0.000000 -0.102458 0.729090 -0.676705 20.000000 -0.020326 0.678609 0.734218 0.000000 0.000000 0.000000 0.000000 1.000000
0.994519 0.089102 -0.054707 0.000000 -0.102554 0.729382 -0.676376 20.000000 -0.020364 0.678279 0.734522 0.000000 0.000000 0.000000 0.000000 1.000000
0.994520 0.089147 -0.054612 -0.000000 -0.102557 0.730506 -0.675161 20.000000 -0.020294 0.677062 0.735646 0.000000 0.000000 0.000000 0.000000 1.000000
0.994558 0.088997 -0.054159 0.000000 -0.102184 0.732024 -0.673572 20.000000 -0.020300 0.675440 0.737135 0.000000 0.000000 0.000000 0.000000 1.000000
0.994648 0.088273 -0.053700 0.000000 -0.101375 0.733251 -0.672359 20.000000 -0.019976 0.674204 0.738275 0.000000 0.000000 0.000000 0.000000 1.000000
0.994751 0.087310 -0.053351 -0.000000 -0.100441 0.733768 -0.671935 20.000000 -0.019519 0.673767 0.738686 0.000000 0.000000 0.000000 0.000000 1.000000
0.995013 0.084984 -0.052227 0.000000 -0.097972 0.734234 -0.671790 20.000000 -0.018745 0.673556 0.738898 0.000000 0.000000 0.000000 0.000000 1.000000
0.995238 0.082889 -0.051290 0.000000 -0.095787 0.734219 -0.672122 20.000000 -0.018053 0.673834 0.738662 0.000000 0.000000 0.000000 0.000000 1.000000
0.995362 0.081452 -0.051184 -0.000000 -0.094662 0.734604 -0.671860 20.000000 -0.017125 0.673589 0.738907 0.000000 0.000000 0.000000 0.000000 1.000000
0.995421 0.080884 -0.050940 0.000000 -0.094081 0.734745 -0.671787 20.000000 -0.016909 0.673503 0.738991 0.000000 0.000000 0.000000 0.000000 1.000000
0.995396 0.081375 -0.050645 -0.000000 -0.094173 0.732005 -0.674759 20.000000 -0.017836 0.676422 0.736298 0.000000 0.000000 0.000000 0.000000 1.000000
0.995293 0.082137 -0.051430 0.000000 -0.095219 0.730158 -0.676611 20.000000 -0.018022 0.678324 0.734542 0.000000 0.000000 0.000000 0.000000 1.000000
0.995321 0.082327 -0.050581 0.000000 -0.094797 0.730709 -0.676075 20.000000 -0.018699 0.677707 0.735095 0.000000 0.000000 0.000000 0.000000 1.000000
0.995355 0.082658 -0.049360 0.000000 -0.094283 0.733159 -0.673490 20.000000 -0.019480 0.675015 0.737547 0.000000 0.000000 0.000000 0.000000 1.000000
0.995063 0.083011 -0.054390 0.000000 -0.097982 0.734648 -0.671336 20.000000 -0.015770 0.673351 0.739155 0.000000 0.000000 0.000000 0.000000 1.000000
0.994981 0.082685 -0.056364 0.000000 -0.099089 0.735447 -0.670298 20.000000 -0.013971 0.672518 0.739949 0.000000 0.000000 0.000000 0.000000 1.000000
0.994942 0.082363 -0.057511 0.000000 -0.099641 0.736431 -0.669134 20.000000 -0.012759 0.671480 0.740913 0.000000 0.000000 0.000000 0.000000 1.000000
0.994951 0.081506 -0.058564 0.000000 -0.099731 0.737447 -0.668001 20.000000 -0.011259 0.670469 0.741853 -0.000000 0.000000 0.000000 0.000000 1.000000
0.994950 0.081232 -0.058951 -0.000000 -0.099789 0.737608 -0.667815 20.000000 -0.010765 0.670325 0.741989 0.000000 0.000000 0.000000 0.000000 1.000000
0.995279 0.081084 -0.053338 -0.000000 -0.095891 0.736702 -0.669384 20.000000 -0.014982 0.671338 0.741000 0.000000 0.000000 0.000000 0.000000 1.000000
0.995217 0.081206 -0.054300 0.000000 -0.096565 0.733764 -0.672507 20.000000 -0.014768 0.674534 0.738096 0.000000 0.000000 0.000000 0.000000 1.000000
0.995182 0.081053 -0.055162 0.000000 -0.096978 0.731089 -0.675355 20.000000 -0.014411 0.677451 0.735427 0.000000 0.000000 0.000000 0.000000 1.000000
0.995160 0.080859 -0.055844 0.000000 -0.097313 0.731851 -0.674481 20.000000 -0.013668 0.676651 0.736177 0.000000 0.000000 0.000000 0.000000 1.000000
0.995184 0.080643 -0.055723 0.000000 -0.097092 0.732827 -0.673452 20.000000 -0.013474 0.675619 0.737128 0.000000 0.000000 0.000000 0.000000 1.000000
0.995159 0.080836 -0.055899 0.000000 -0.097363 0.733285 -0.672914 20.000000 -0.013406 0.675099 0.737605 0.000000 0.000000 0.000000 0.000000 1.000000
0.995131 0.081026 -0.056111 0.000000 -0.097652 0.733577 -0.672554 20.000000 -0.013333 0.674759 0.737918 0.000000 0.000000 0.000000 0.000000 1.000000
0.995130 0.080920 -0.056287 0.000000 -0.097696 0.733773 -0.672334 20.000000 -0.013104 0.674559 0.738105 0.000000 0.000000 0.000000 0.000000 1.000000
0.995052 0.081582 -0.056714 0.000000 -0.098471 0.733611 -0.672397 20.000000 -0.013249 0.674655 0.738014 0.000000 0.000000 0.000000 0.000000 1.000000
0.994970 0.082233 -0.057203 -0.000000 -0.099284 0.733707 -0.672173 20.000000 -0.013305 0.674471 0.738181 0.000000 0.000000 0.000000 0.000000 1.000000
0.994922 0.082839 -0.057161 0.000000 -0.099712 0.734073 -0.671711 20.000000 -0.013683 0.673999 0.738605 0.000000 0.000000 0.000000 0.000000 1.000000
0.994906 0.083100 -0.057060 0.000000 -0.099846 0.734512 -0.671210 20.000000 -0.013866 0.673488 0.739068 0.000000 0.000000 0.000000 0.000000 1.000000
0.994913 0.083261 -0.056702 0.000000 -0.099735 0.735058 -0.670628 20.000000 -0.014158 0.672872 0.739623 0.000000 0.000000 0.000000 0.000000 1.000000
0.994869 0.083915 -0.056522 0.000000 -0.100110 0.735613 -0.669963 20.000000 -0.014641 0.672184 0.740239 -0.000000 0.000000 0.000000 0.000000 1.000000
0.994886 0.084071 -0.055988 0.000000 -0.099884 0.736410 -0.669121 20.000000 -0.015023 0.671291 0.741041 -0.000000 0.000000 0.000000 0.000000 1.000000
0.994898 0.084306 -0.055406 -0.000000 -0.099679 0.736900 -0.668612 20.000000 -0.015540 0.670724 0.741544 0.000000 0.000000 0.000000 0.000000 1.000000
0.994902 0.084554 -0.054964 -0.000000 -0.099575 0.737295 -0.668192 20.000000 -0.015974 0.670258 0.741956 0.000000 0.000000 0.000000 0.000000 1.000000
0.994891 0.084859 -0.054692 0.000000 -0.099603 0.736603 -0.668951 20.000000 -0.016480 0.670981 0.741292 -0.000000 0.000000 0.000000 0.000000 1.000000
0.994771 0.086158 -0.054846 -0.000000 -0.100602 0.733927 -0.671737 20.000000 -0.017622 0.673742 0.738756 -0.000000 0.000000 0.000000 0.000000 1.000000
0.994601 0.088257 -0.054584 -0.000000 -0.101824 0.728552 -0.677380 20.000000 -0.020017 0.679281 0.733605 0.000000 0.000000 0.000000 0.000000 1.000000
0.994512 0.089207 -0.054659 0.000000 -0.102576 0.728610 -0.677204 20.000000 -0.020586 0.679094 0.733762 0.000000 0.000000 0.000000 0.000000 1.000000</float_array>
        <technique_common>
          <accessor source="#mixamorig_LeftToeBase-Matrix-animation-output-transform-array" count="41" stride="16">
            <param type="float4x4"/>
          </accessor>
        </technique_common>
      </source>
      <source id="mixamorig_LeftToeBase-Interpolations">
        <Name_array id="mixamorig_LeftToeBase-Interpolations-array" count="41">
 LINEAR LINEAR LINEAR LINEAR LINEAR LINEAR LINEAR LINEAR LINEAR LINEAR LINEAR
LINEAR LINEAR LINEAR LINEAR LINEAR LINEAR LINEAR LINEAR LINEAR LINEAR LINEAR LINEAR
LINEAR LINEAR LINEAR LINEAR LINEAR LINEAR LINEAR LINEAR LINEAR LINEAR LINEAR LINEAR
LINEAR LINEAR LINEAR LINEAR LINEAR LINEAR</Name_array>
        <technique_common>
          <accessor source="#mixamorig_LeftToeBase-Interpolations-array" count="41">
            <param type="name"/>
          </accessor>
        </technique_common>
      </source>
      <sampler id="mixamorig_LeftToeBase-Matrix-animation-transform">
        <input semantic="INPUT" source="#mixamorig_LeftToeBase-Matrix-animation-input"/>
        <input semantic="OUTPUT" source="#mixamorig_LeftToeBase-Matrix-animation-output-transform"/>
        <input semantic="INTERPOLATION" source="#mixamorig_LeftToeBase-Interpolations"/>
      </sampler>
      <channel source="#mixamorig_LeftToeBase-Matrix-animation-transform" target="mixamorig_LeftToeBase/matrix"/>
    </animation>
  </library_animations>
  <library_visual_scenes>
    <visual_scene id="RootNode" name="RootNode">
      <node id="mixamorig_Hips" name="mixamorig_Hips" sid="mixamorig_Hips" type="JOINT">
        <matrix sid="matrix">0.635525 -0.127961 -0.761402 1.211081 0.041567 0.990411 -0.131753 74.900391 0.770960 0.052084 0.634750 0.049923 0.000000 0.000000 0.000000 1.000000</matrix>
        <node id="mixamorig_Spine" name="mixamorig_Spine" sid="mixamorig_Spine" type="JOINT">
          <matrix sid="matrix">0.998467 -0.005364 0.055092 -0.038100 0.008448 0.998401 -0.055899 9.490500 -0.054704 0.056278 0.996915 -1.392100 0.000000 0.000000 0.000000 1.000000</matrix>
          <node id="mixamorig_Spine1" name="mixamorig_Spine1" sid="mixamorig_Spine1" type="JOINT">
            <matrix sid="matrix">0.994306 -0.001637 0.106548 0.000000 0.014939 0.992149 -0.124168 11.190800 -0.105508 0.125052 0.986524 -0.000000 0.000000 0.000000 0.000000 1.000000</matrix>
            <node id="mixamorig_Spine2" name="mixamorig_Spine2" sid="mixamorig_Spine2" type="JOINT">
              <matrix sid="matrix">0.994298 -0.004267 0.106552 -0.000000 0.011067 0.997933 -0.063308 12.789500 -0.106062 0.064126 0.992290 -0.000000 0.000000 0.000000 0.000000 1.000000</matrix>
              <node id="mixamorig_Neck" name="mixamorig_Neck" sid="mixamorig_Neck" type="JOINT">
                <matrix sid="matrix">0.923043 -0.035202 0.383083 -0.056900 0.038170 0.999271 -0.000145 14.235800 -0.382799 0.014756 0.923714 -2.088100 0.000000 0.000000 0.000000 1.000000</matrix>
                <node id="mixamorig_Head" name="mixamorig_Head" sid="mixamorig_Head" type="JOINT">
                  <matrix sid="matrix">0.963943 0.180622 0.195422 0.000000 -0.183036 0.983089 -0.005787 3.280200 -0.193162 -0.030191 0.980702 0.313300 0.000000 0.000000 0.000000 1.000000</matrix>
                  <node id="mixamorig_HeadTop_End" name="mixamorig_HeadTop_End" sid="mixamorig_HeadTop_End" type="JOINT">
                    <matrix sid="matrix">1.000000 0.000000 -0.000000 0.000000 -0.000000 1.000000 0.000000 25.653500 -0.000000 -0.000000 1.000000 2.450500 0.000000 0.000000 0.000000 1.000000</matrix>
                  </node>
                </node>
              </node>
              <node id="mixamorig_LeftShoulder" name="mixamorig_LeftShoulder" sid="mixamorig_LeftShoulder" type="JOINT">
                <matrix sid="matrix">-0.021680 0.981380 -0.190849 6.728800 -0.022411 -0.191323 -0.981271 11.756600 -0.999514 -0.016996 0.026142 -2.058500 0.000000 0.000000 0.000000 1.000000</matrix>
                <node id="mixamorig_LeftArm" name="mixamorig_LeftArm" sid="mixamorig_LeftArm" type="JOINT">
                  <matrix sid="matrix">0.266119 -0.080168 -0.960601 0.000000 0.117341 0.991819 -0.050266 14.448800 0.956772 -0.099341 0.273348 -0.000000 0.000000 0.000000 0.000000 1.000000</matrix>
                  <node id="mixamorig_LeftForeArm" name="mixamorig_LeftForeArm" sid="mixamorig_LeftForeArm" type="JOINT">
                    <matrix sid="matrix">-0.300013 -0.953406 0.031759 0.000000 0.720722 -0.204731 0.662302 23.160299 -0.624941 0.221588 0.748563 0.000000 0.000000 0.000000 0.000000 1.000000</matrix>
                    <node id="mixamorig_LeftHand" name="mixamorig_LeftHand" sid="mixamorig_LeftHand" type="JOINT">
                      <matrix sid="matrix">0.834664 -0.417252 0.359496 -0.000000 0.176190 0.820713 0.543495 24.071800 -0.521817 -0.390296 0.758536 0.000000 0.000000 0.000000 0.000000 1.000000</matrix>
                      <node id="mixamorig_LeftHandThumb1" name="mixamorig_LeftHandThumb1" sid="mixamorig_LeftHandThumb1" type="JOINT">
                        <matrix sid="matrix">0.666886 -0.433273 0.606249 -1.509000 0.653845 0.730484 -0.197181 4.173400 -0.357422 0.527890 0.770443 1.926500 0.000000 0.000000 0.000000 1.000000</matrix>
                        <node id="mixamorig_LeftHandThumb2" name="mixamorig_LeftHandThumb2" sid="mixamorig_LeftHandThumb2" type="JOINT">
                          <matrix sid="matrix">0.976163 0.113207 -0.185176 0.000000 -0.133678 0.985757 -0.102048 3.870400 0.170986 0.124369 0.977392 0.000000 0.000000 0.000000 0.000000 1.000000</matrix>
                          <node id="mixamorig_LeftHandThumb3" name="mixamorig_LeftHandThumb3" sid="mixamorig_LeftHandThumb3" type="JOINT">
                            <matrix sid="matrix">0.985903 0.167312 0.001592 -0.000000 -0.166919 0.984156 -0.059795 4.710600 -0.011572 0.058686 0.998209 0.000000 0.000000 0.000000 0.000000 1.000000</matrix>
                            <node id="mixamorig_LeftHandThumb4" name="mixamorig_LeftHandThumb4" sid="mixamorig_LeftHandThumb4" type="JOINT">
                              <matrix sid="matrix">1.000000 -0.000000 -0.000000 -0.000000 0.000000 1.000000 -0.000000 3.830400 0.000000 -0.000000 1.000000 0.000000 0.000000 0.000000 0.000000 1.000000</matrix>
                            </node>
                          </node>
                        </node>
                      </node>
                      <node id="mixamorig_LeftHandIndex1" name="mixamorig_LeftHandIndex1" sid="mixamorig_LeftHandIndex1" type="JOINT">
                        <matrix sid="matrix">0.994700 -0.100618 -0.021177 -2.855500 0.100569 0.994924 -0.003341 14.669400 0.021406 0.001193 0.999770 0.398800 0.000000 0.000000 0.000000 1.000000</matrix>
                        <node id="mixamorig_LeftHandIndex2" name="mixamorig_LeftHandIndex2" sid="mixamorig_LeftHandIndex2" type="JOINT">
                          <matrix sid="matrix">0.999991 -0.003251 0.002605 0.000000 0.003449 0.996770 -0.080236 3.248600 -0.002336 0.080245 0.996772 0.000000 0.000000 0.000000 0.000000 1.000000</matrix>
                          <node id="mixamorig_LeftHandIndex3" name="mixamorig_LeftHandIndex3" sid="mixamorig_LeftHandIndex3" type="JOINT">
                            <matrix sid="matrix">0.999969 -0.007626 0.001995 0.000000 0.007822 0.991259 -0.131701 2.659600 -0.000973 0.131713 0.991287 0.000000 0.000000 0.000000 0.000000 1.000000</matrix>
                            <node id="mixamorig_LeftHandIndex4" name="mixamorig_LeftHandIndex4" sid="mixamorig_LeftHandIndex4" type="JOINT">
                              <matrix sid="matrix">1.000000 0.000000 0.000000 -0.000000 0.000000 1.000000 0.000000 3.633200 -0.000000 -0.000000 1.000000 0.000000 0.000000 0.000000 0.000000 1.000000</matrix>
                            </node>
                          </node>
                        </node>
                      </node>
                      <node id="mixamorig_LeftHandMiddle1" name="mixamorig_LeftHandMiddle1" sid="mixamorig_LeftHandMiddle1" type="JOINT">
                        <matrix sid="matrix">0.996150 0.083632 0.026270 -0.000000 -0.081301 0.993483 -0.079888 14.409800 -0.032780 0.077445 0.996458 0.000000 0.000000 0.000000 0.000000 1.000000</matrix>
                        <node id="mixamorig_LeftHandMiddle2" name="mixamorig_LeftHandMiddle2" sid="mixamorig_LeftHandMiddle2" type="JOINT">
                          <matrix sid="matrix">0.999810 -0.015302 0.012067 0.000000 0.017623 0.974272 -0.224686 3.259100 -0.008318 0.224856 0.974356 0.000000 0.000000 0.000000 0.000000 1.000000</matrix>
                          <node id="mixamorig_LeftHandMiddle3" name="mixamorig_LeftHandMiddle3" sid="mixamorig_LeftHandMiddle3" type="JOINT">
                            <matrix sid="matrix">0.999664 -0.019400 0.017211 0.000000 0.023501 0.958287 -0.284840 2.639900 -0.010968 0.285149 0.958420 0.000000 0.000000 0.000000 0.000000 1.000000</matrix>
                            <node id="mixamorig_LeftHandMiddle4" name="mixamorig_LeftHandMiddle4" sid="mixamorig_LeftHandMiddle4" type="JOINT">
                              <matrix sid="matrix">1.000000 -0.000000 0.000000 0.000000 -0.000000 1.000000 -0.000000 3.673900 -0.000000 -0.000000 1.000000 0.000000 0.000000 0.000000 0.000000 1.000000</matrix>
                            </node>
                          </node>
                        </node>
                      </node>
                      <node id="mixamorig_LeftHandRing1" name="mixamorig_LeftHandRing1" sid="mixamorig_LeftHandRing1" type="JOINT">
                        <matrix sid="matrix">0.989036 0.146626 0.017565 3.304900 -0.138118 0.960562 -0.241338 13.191500 -0.052259 0.236266 0.970282 -0.322000 0.000000 0.000000 0.000000 1.000000</matrix>
                        <node id="mixamorig_LeftHandRing2" name="mixamorig_LeftHandRing2" sid="mixamorig_LeftHandRing2" type="JOINT">
                          <matrix sid="matrix">0.999875 -0.013350 -0.008491 0.000000 0.009882 0.946064 -0.323830 2.717600 0.012356 0.323706 0.946077 0.000000 0.000000 0.000000 0.000000 1.000000</matrix>
                          <node id="mixamorig_LeftHandRing3" name="mixamorig_LeftHandRing3" sid="mixamorig_LeftHandRing3" type="JOINT">
                            <matrix sid="matrix">0.999844 -0.016163 -0.007128 0.000000 0.012304 0.926731 -0.375523 2.134500 0.012675 0.375377 0.926785 0.000000 0.000000 0.000000 0.000000 1.000000</matrix>
                            <node id="mixamorig_LeftHandRing4" name="mixamorig_LeftHandRing4" sid="mixamorig_LeftHandRing4" type="JOINT">
                              <matrix sid="matrix">1.000000 -0.000000 0.000000 -0.000000 0.000000 1.000000 0.000000 2.786900 -0.000000 -0.000000 1.000000 -0.000000 0.000000 0.000000 0.000000 1.000000</matrix>
                            </node>
                          </node>
                        </node>
                      </node>
                      <node id="mixamorig_LeftHandPinky1" name="mixamorig_LeftHandPinky1" sid="mixamorig_LeftHandPinky1" type="JOINT">
                        <matrix sid="matrix">0.955289 0.289406 0.060563 5.614200 -0.263787 0.926723 -0.267584 11.636400 -0.133566 0.239644 0.961629 0.516600 0.000000 0.000000 0.000000 1.000000</matrix>
                        <node id="mixamorig_LeftHandPinky2" name="mixamorig_LeftHandPinky2" sid="mixamorig_LeftHandPinky2" type="JOINT">
                          <matrix sid="matrix">0.999900 -0.004260 -0.013464 0.000000 0.001132 0.974528 -0.224261 1.559400 0.014076 0.224224 0.974436 0.000000 0.000000 0.000000 0.000000 1.000000</matrix>
                          <node id="mixamorig_LeftHandPinky3" name="mixamorig_LeftHandPinky3" sid="mixamorig_LeftHandPinky3" type="JOINT">
                            <matrix sid="matrix">0.999284 -0.014902 -0.034788 -0.000000 -0.002327 0.893271 -0.449513 1.540600 0.037774 0.449272 0.892596 0.000000 0.000000 0.000000 0.000000 1.000000</matrix>
                            <node id="mixamorig_LeftHandPinky4" name="mixamorig_LeftHandPinky4" sid="mixamorig_LeftHandPinky4" type="JOINT">
                              <matrix sid="matrix">1.000000 0.000000 0.000000 0.000000 0.000000 1.000000 0.000000 1.668700 0.000000 0.000000 1.000000 -0.000000 0.000000 0.000000 0.000000 1.000000</matrix>
                            </node>
                          </node>
                        </node>
                      </node>
                    </node>
                  </node>
                </node>
              </node>
              <node id="mixamorig_RightShoulder" name="mixamorig_RightShoulder" sid="mixamorig_RightShoulder" type="JOINT">
                <matrix sid="matrix">0.467271 -0.868124 0.167389 -6.728800 0.013629 -0.182234 -0.983161 11.756700 0.884009 0.461684 -0.073321 -2.058500 0.000000 0.000000 0.000000 1.000000</matrix>
                <node id="mixamorig_RightArm" name="mixamorig_RightArm" sid="mixamorig_RightArm" type="JOINT">
                  <matrix sid="matrix">0.181351 0.981538 -0.060788 0.000000 -0.939083 0.154493 -0.307011 14.448800 -0.291952 0.112762 0.949763 0.000000 0.000000 0.000000 0.000000 1.000000</matrix>
                  <node id="mixamorig_RightForeArm" name="mixamorig_RightForeArm" sid="mixamorig_RightForeArm" type="JOINT">
                    <matrix sid="matrix">0.769989 0.634438 0.067862 0.000000 -0.626862 0.772024 -0.104993 23.160299 -0.119003 0.038303 0.992155 0.000000 0.000000 0.000000 0.000000 1.000000</matrix>
                    <node id="mixamorig_RightHand" name="mixamorig_RightHand" sid="mixamorig_RightHand" type="JOINT">
                      <matrix sid="matrix">0.982008 0.188116 0.016505 0.000000 -0.180886 0.911954 0.368266 24.071699 0.054225 -0.364625 0.929574 0.000000 0.000000 0.000000 0.000000 1.000000</matrix>
                      <node id="mixamorig_RightHandThumb1" name="mixamorig_RightHandThumb1" sid="mixamorig_RightHandThumb1" type="JOINT">
                        <matrix sid="matrix">0.168316 0.403239 -0.899482 1.509000 -0.684488 0.704442 0.187717 4.173400 0.709328 0.584089 0.394582 1.927000 0.000000 0.000000 0.000000 1.000000</matrix>
                        <node id="mixamorig_RightHandThumb2" name="mixamorig_RightHandThumb2" sid="mixamorig_RightHandThumb2" type="JOINT">
                          <matrix sid="matrix">0.966645 -0.168865 0.192566 0.000000 0.187882 0.978501 -0.085065 3.870400 -0.174062 0.118407 0.977590 -0.000000 0.000000 0.000000 0.000000 1.000000</matrix>
                          <node id="mixamorig_RightHandThumb3" name="mixamorig_RightHandThumb3" sid="mixamorig_RightHandThumb3" type="JOINT">
                            <matrix sid="matrix">0.834256 -0.546507 0.073117 0.000000 0.548570 0.809318 -0.209941 4.710300 0.055559 0.215254 0.974976 0.000000 0.000000 0.000000 0.000000 1.000000</matrix>
                            <node id="mixamorig_RightHandThumb4" name="mixamorig_RightHandThumb4" sid="mixamorig_RightHandThumb4" type="JOINT">
                              <matrix sid="matrix">1.000000 0.000000 -0.000000 0.000000 0.000000 1.000000 -0.000000 3.830400 0.000000 -0.000000 1.000000 -0.000000 0.000000 0.000000 0.000000 1.000000</matrix>
                            </node>
                          </node>
                        </node>
                      </node>
                      <node id="mixamorig_RightHandIndex1" name="mixamorig_RightHandIndex1" sid="mixamorig_RightHandIndex1" type="JOINT">
                        <matrix sid="matrix">0.986237 0.047425 -0.158393 2.855500 -0.133552 0.793268 -0.594046 14.669400 0.097475 0.607023 0.788683 0.399000 0.000000 0.000000 0.000000 1.000000</matrix>
                        <node id="mixamorig_RightHandIndex2" name="mixamorig_RightHandIndex2" sid="mixamorig_RightHandIndex2" type="JOINT">
                          <matrix sid="matrix">0.997469 0.009346 -0.070490 0.000000 -0.069137 0.359190 -0.930700 3.248600 0.016621 0.933218 0.358927 -0.000000 0.000000 0.000000 0.000000 1.000000</matrix>
                          <node id="mixamorig_RightHandIndex3" name="mixamorig_RightHandIndex3" sid="mixamorig_RightHandIndex3" type="JOINT">
                            <matrix sid="matrix">0.998454 0.019226 -0.052154 0.000000 -0.055101 0.465790 -0.883178 2.659600 0.007313 0.884686 0.466130 0.000000 0.000000 0.000000 0.000000 1.000000</matrix>
                            <node id="mixamorig_RightHandIndex4" name="mixamorig_RightHandIndex4" sid="mixamorig_RightHandIndex4" type="JOINT">
                              <matrix sid="matrix">1.000000 -0.000000 0.000000 0.000000 0.000000 1.000000 0.000000 3.633100 -0.000000 -0.000000 1.000000 0.000000 0.000000 0.000000 0.000000 1.000000</matrix>
                            </node>
                          </node>
                        </node>
                      </node>
                      <node id="mixamorig_RightHandMiddle1" name="mixamorig_RightHandMiddle1" sid="mixamorig_RightHandMiddle1" type="JOINT">
                        <matrix sid="matrix">0.999391 0.026674 -0.022487 0.000000 -0.034762 0.706715 -0.706644 14.409800 -0.002957 0.706995 0.707212 0.000000 0.000000 0.000000 0.000000 1.000000</matrix>
                        <node id="mixamorig_RightHandMiddle2" name="mixamorig_RightHandMiddle2" sid="mixamorig_RightHandMiddle2" type="JOINT">
                          <matrix sid="matrix">0.998054 0.041962 -0.046114 0.000000 -0.058332 0.367262 -0.928287 3.259100 -0.022017 0.929171 0.368995 0.000000 0.000000 0.000000 0.000000 1.000000</matrix>
                          <node id="mixamorig_RightHandMiddle3" name="mixamorig_RightHandMiddle3" sid="mixamorig_RightHandMiddle3" type="JOINT">
                            <matrix sid="matrix">0.999299 0.036308 -0.009134 0.000000 -0.033368 0.753099 -0.657060 2.639800 -0.016978 0.656904 0.753783 -0.000000 0.000000 0.000000 0.000000 1.000000</matrix>
                            <node id="mixamorig_RightHandMiddle4" name="mixamorig_RightHandMiddle4" sid="mixamorig_RightHandMiddle4" type="JOINT">
                              <matrix sid="matrix">1.000000 0.000000 0.000000 -0.000000 0.000000 1.000000 0.000000 3.673900 0.000000 0.000000 1.000000 0.000000 0.000000 0.000000 0.000000 1.000000</matrix>
                            </node>
                          </node>
                        </node>
                      </node>
                      <node id="mixamorig_RightHandRing1" name="mixamorig_RightHandRing1" sid="mixamorig_RightHandRing1" type="JOINT">
                        <matrix sid="matrix">0.995315 0.092207 0.029093 -3.304900 -0.023465 0.522249 -0.852470 13.191500 -0.093797 0.847793 0.521966 -0.322000 0.000000 0.000000 0.000000 1.000000</matrix>
                        <node id="mixamorig_RightHandRing2" name="mixamorig_RightHandRing2" sid="mixamorig_RightHandRing2" type="JOINT">
                          <matrix sid="matrix">0.999422 0.031078 -0.013791 0.000000 -0.031045 0.668701 -0.742883 2.717600 -0.013865 0.742882 0.669279 0.000000 0.000000 0.000000 0.000000 1.000000</matrix>
                          <node id="mixamorig_RightHandRing3" name="mixamorig_RightHandRing3" sid="mixamorig_RightHandRing3" type="JOINT">
                            <matrix sid="matrix">0.999297 0.032616 -0.018494 0.000000 -0.034227 0.592177 -0.805080 2.134500 -0.015307 0.805147 0.592877 0.000000 0.000000 0.000000 0.000000 1.000000</matrix>
                            <node id="mixamorig_RightHandRing4" name="mixamorig_RightHandRing4" sid="mixamorig_RightHandRing4" type="JOINT">
                              <matrix sid="matrix">1.000000 -0.000000 0.000000 0.000000 0.000000 1.000000 0.000000 2.786800 -0.000000 -0.000000 1.000000 0.000000 0.000000 0.000000 0.000000 1.000000</matrix>
                            </node>
                          </node>
                        </node>
                      </node>
                      <node id="mixamorig_RightHandPinky1" name="mixamorig_RightHandPinky1" sid="mixamorig_RightHandPinky1" type="JOINT">
                        <matrix sid="matrix">0.977810 -0.008474 0.209320 -5.922000 0.161024 0.669555 -0.725098 11.636400 -0.134007 0.742714 0.656063 0.517000 0.000000 0.000000 0.000000 1.000000</matrix>
                        <node id="mixamorig_RightHandPinky2" name="mixamorig_RightHandPinky2" sid="mixamorig_RightHandPinky2" type="JOINT">
                          <matrix sid="matrix">0.999536 0.027251 -0.013582 0.000000 -0.028772 0.699403 -0.714148 1.559300 -0.009962 0.714208 0.699863 0.000000 0.000000 0.000000 0.000000 1.000000</matrix>
                          <node id="mixamorig_RightHandPinky3" name="mixamorig_RightHandPinky3" sid="mixamorig_RightHandPinky3" type="JOINT">
                            <matrix sid="matrix">0.999844 0.017560 0.001872 0.000000 -0.015127 0.906318 -0.422327 1.540600 -0.009113 0.422232 0.906442 -0.000000 0.000000 0.000000 0.000000 1.000000</matrix>
                            <node id="mixamorig_RightHandPinky4" name="mixamorig_RightHandPinky4" sid="mixamorig_RightHandPinky4" type="JOINT">
                              <matrix sid="matrix">1.000000 0.000000 0.000000 0.000000 -0.000000 1.000000 0.000000 1.668700 0.000000 0.000000 1.000000 0.000000 0.000000 0.000000 0.000000 1.000000</matrix>
                            </node>
                          </node>
                        </node>
                      </node>
                    </node>
                  </node>
                </node>
              </node>
            </node>
          </node>
        </node>
        <node id="mixamorig_RightUpLeg" name="mixamorig_RightUpLeg" sid="mixamorig_RightUpLeg" type="JOINT">
          <matrix sid="matrix">-0.897256 -0.412369 0.157747 -9.941000 0.385013 -0.555918 0.736695 -5.272400 -0.216095 0.721739 0.657568 -1.010900 0.000000 0.000000 0.000000 1.000000</matrix>
          <node id="mixamorig_RightLeg" name="mixamorig_RightLeg" sid="mixamorig_RightLeg" type="JOINT">
            <matrix sid="matrix">0.989146 0.141621 -0.039149 0.000000 0.034166 0.037451 0.998714 43.364799 0.142905 -0.989212 0.032206 0.000000 0.000000 0.000000 0.000000 1.000000</matrix>
            <node id="mixamorig_RightFoot" name="mixamorig_RightFoot" sid="mixamorig_RightFoot" type="JOINT">
              <matrix sid="matrix">0.900147 -0.088833 0.426432 -0.000000 0.422066 -0.064145 -0.904293 44.493000 0.107684 0.993979 -0.020247 -0.000000 0.000000 0.000000 0.000000 1.000000</matrix>
              <node id="mixamorig_RightToeBase" name="mixamorig_RightToeBase" sid="mixamorig_RightToeBase" type="JOINT">
                <matrix sid="matrix">0.995216 -0.036586 0.090585 0.000000 0.087002 0.753689 -0.651447 20.000000 -0.044439 0.656212 0.753267 -0.000000 0.000000 0.000000 0.000000 1.000000</matrix>
                <node id="mixamorig_RightToe_End" name="mixamorig_RightToe_End" sid="mixamorig_RightToe_End" type="JOINT">
                  <matrix sid="matrix">1.000000 0.000000 -0.000000 0.000000 0.000000 1.000000 0.000000 10.000000 0.000000 0.000000 1.000000 0.000000 0.000000 0.000000 0.000000 1.000000</matrix>
                </node>
              </node>
            </node>
          </node>
        </node>
        <node id="mixamorig_LeftUpLeg" name="mixamorig_LeftUpLeg" sid="mixamorig_LeftUpLeg" type="JOINT">
          <matrix sid="matrix">-0.676349 0.702233 0.222306 9.618300 0.041506 -0.264995 0.963356 -5.272300 0.735411 0.660792 0.150082 -1.010900 0.000000 0.000000 0.000000 1.000000</matrix>
          <node id="mixamorig_LeftLeg" name="mixamorig_LeftLeg" sid="mixamorig_LeftLeg" type="JOINT">
            <matrix sid="matrix">0.946865 -0.106978 0.303318 -0.000000 -0.284168 0.163464 0.944737 43.365002 -0.150647 -0.980732 0.124379 0.000000 0.000000 0.000000 0.000000 1.000000</matrix>
            <node id="mixamorig_LeftFoot" name="mixamorig_LeftFoot" sid="mixamorig_LeftFoot" type="JOINT">
              <matrix sid="matrix">0.988068 -0.061388 -0.141253 0.000000 -0.091645 0.502753 -0.859558 44.493000 0.123781 0.862248 0.491129 -0.000000 0.000000 0.000000 0.000000 1.000000</matrix>
              <node id="mixamorig_LeftToeBase" name="mixamorig_LeftToeBase" sid="mixamorig_LeftToeBase" type="JOINT">
                <matrix sid="matrix">0.994513 0.089207 -0.054650 0.000000 -0.102570 0.728612 -0.677203 20.000000 -0.020592 0.679092 0.733764 -0.000000 0.000000 0.000000 0.000000 1.000000</matrix>
                <node id="mixamorig_LeftToe_End" name="mixamorig_LeftToe_End" sid="mixamorig_LeftToe_End" type="JOINT">
                  <matrix sid="matrix">1.000000 0.000000 0.000000 0.000000 -0.000000 1.000000 0.000000 10.000000 0.000000 -0.000000 1.000000 -0.000000 0.000000 0.000000 0.000000 1.000000</matrix>
                </node>
              </node>
            </node>
          </node>
        </node>
      </node>
    </visual_scene>
  </library_visual_scenes>
  <scene>
    <instance_visual_scene url="#RootNode"/>
  </scene>
</COLLADA>
