<?xml version="1.0" encoding="utf-8"?>
<COLLADA xmlns="http://www.collada.org/2005/11/COLLADASchema" version="1.4.1">
  <asset>
    <contributor>
      <author>Mixamo</author>
      <authoring_tool>COLLADA Mixamo exporter</authoring_tool>
      <comments/>
    </contributor>
    <created>2025-06-24T14:13:12Z</created>
    <modified>2025-06-24T14:13:12Z</modified>
    <revision/>
    <title/>
    <unit meter="0.010000"/>
    <up_axis>Y_UP</up_axis>
  </asset>
  <library_animations>
    <animation id="mixamorig_Hips-anim" name="mixamorig_Hips">
      <source id="mixamorig_Hips-Matrix-animation-input">
        <float_array id="mixamorig_Hips-Matrix-animation-input-array" count="50">

0.000000 0.033333 0.066667 0.100000 0.133333 0.166667 0.200000 0.233333 0.266667 0.300000 0.333333 0.366667 0.400000 0.433333 0.466667 0.500000
0.533333 0.566667 0.600000 0.633333 0.666667 0.700000 0.733333 0.766667 0.800000 0.833333 0.866667 0.900000 0.933333 0.966667 1.000000 1.033333
1.066667 1.100000 1.133333 1.166667 1.200000 1.233333 1.266667 1.300000 1.333333 1.366667 1.400000 1.433333 1.466667 1.500000 1.533333 1.566667
1.600000 1.633333</float_array>
        <technique_common>
          <accessor source="#mixamorig_Hips-Matrix-animation-input-array" count="50">
            <param name="TIME" type="float"/>
          </accessor>
        </technique_common>
      </source>
      <source id="mixamorig_Hips-Matrix-animation-output-transform">
        <float_array id="mixamorig_Hips-Matrix-animation-output-transform-array" count="800">

0.636210 0.128210 0.760789 0.761625 -0.042081 0.990394 -0.131714 89.285011 -0.770368 0.051783 0.635494 0.505865 0.000000 0.000000 0.000000 1.000000
0.619185 0.119367 0.776120 -0.767813 -0.036171 0.991665 -0.123661 89.587128 -0.784412 0.048496 0.618342 2.586360 0.000000 0.000000 0.000000 1.000000
0.592977 0.111420 0.797473 -2.740798 -0.029533 0.992723 -0.116740 90.026657 -0.804677 0.045672 0.591953 4.844226 0.000000 0.000000 0.000000 1.000000
0.561808 0.106881 0.820335 -5.001241 -0.022983 0.993253 -0.113670 90.517616 -0.826949 0.045007 0.560473 6.832283 0.000000 0.000000 0.000000 1.000000
0.524784 0.104859 0.844752 -7.386119 -0.015989 0.993423 -0.113381 90.963203 -0.851085 0.045994 0.523009 8.549911 0.000000 0.000000 0.000000 1.000000
0.485602 0.102934 0.868099 -9.741968 -0.010198 0.993643 -0.112116 91.415558 -0.874121 0.045591 0.483564 10.036642 0.000000 0.000000 0.000000 1.000000
0.451400 0.097892 0.886936 -11.896935 -0.004205 0.994187 -0.107589 91.902695 -0.892312 0.044836 0.449187 11.380795 0.000000 0.000000 0.000000 1.000000
0.436469 0.088877 0.895319 -13.447829 0.000764 0.995072 -0.099152 92.350471 -0.899719 0.043961 0.434250 12.531055 0.000000 0.000000 0.000000 1.000000
0.412284 0.080144 0.907523 -14.965666 0.006261 0.995851 -0.090789 92.850365 -0.911034 0.043113 0.410071 13.779332 0.000000 0.000000 0.000000 1.000000
0.388035 0.073384 0.918718 -16.193064 0.009967 0.996433 -0.083802 93.361664 -0.921591 0.041675 0.385919 14.933461 0.000000 0.000000 0.000000 1.000000
0.361101 0.067908 0.930051 -17.261024 0.012314 0.996911 -0.077571 93.946327 -0.932445 0.039464 0.359149 15.911536 0.000000 0.000000 0.000000 1.000000
0.331073 0.063805 0.941445 -18.277636 0.014728 0.997240 -0.072766 94.619293 -0.943490 0.037957 0.329219 16.685863 0.000000 0.000000 0.000000 1.000000
0.297610 0.062229 0.952657 -19.273407 0.014881 0.997450 -0.069803 95.353294 -0.954572 0.034951 0.295925 17.250404 0.000000 0.000000 0.000000 1.000000
0.257554 0.063065 0.964204 -20.228960 0.013023 0.997551 -0.068724 96.099648 -0.966176 0.030257 0.256102 17.612995 0.000000 0.000000 0.000000 1.000000
0.212327 0.065771 0.974983 -21.100346 0.010340 0.997525 -0.069544 96.802849 -0.977144 0.024847 0.211121 17.789610 0.000000 0.000000 0.000000 1.000000
0.161524 0.070240 0.984366 -21.843739 0.006082 0.997374 -0.072166 97.403664 -0.986850 0.017644 0.160672 17.793018 0.000000 0.000000 0.000000 1.000000
0.105816 0.076863 0.991411 -22.437237 -0.000164 0.997009 -0.077280 97.834595 -0.994386 0.008015 0.105512 17.599333 0.000000 0.000000 0.000000 1.000000
0.042269 0.086027 0.995396 -22.878824 -0.011938 0.996258 -0.085595 98.023758 -0.999035 -0.008265 0.043138 17.087263 0.000000 0.000000 0.000000 1.000000
-0.025538 0.096029 0.995051 -23.214283 -0.027887 0.994920 -0.096732 97.986244 -0.999285 -0.030220 -0.022731 16.212181 0.000000 0.000000 0.000000 1.000000
-0.093334 0.105176 0.990064 -23.507278 -0.044369 0.992978 -0.109668 97.787453 -0.994646 -0.054164 -0.088012 14.970080 0.000000 0.000000 0.000000 1.000000
-0.159494 0.114104 0.980582 -23.837147 -0.057565 0.990533 -0.124625 97.528564 -0.985519 -0.076324 -0.151415 13.398083 0.000000 0.000000 0.000000 1.000000
-0.222765 0.123432 0.967027 -24.220398 -0.066211 0.987746 -0.141329 97.328270 -0.972621 -0.095511 -0.211863 11.496118 0.000000 0.000000 0.000000 1.000000
-0.282637 0.133287 0.949921 -24.651470 -0.070051 0.984787 -0.159022 97.222809 -0.956666 -0.111488 -0.269001 9.346037 0.000000 0.000000 0.000000 1.000000
-0.337458 0.141409 0.930659 -25.041195 -0.068717 0.982314 -0.174174 97.183830 -0.938829 -0.122728 -0.321772 7.422244 0.000000 0.000000 0.000000 1.000000
-0.388015 0.147333 0.909801 -25.359602 -0.064738 0.980345 -0.186366 97.153465 -0.919377 -0.131211 -0.370851 5.811255 0.000000 0.000000 0.000000 1.000000
-0.433923 0.150502 0.888290 -25.567436 -0.061269 0.978737 -0.195755 97.068344 -0.898864 -0.139367 -0.415476 4.404676 0.000000 0.000000 0.000000 1.000000
-0.475513 0.150861 0.866676 -25.661495 -0.060525 0.977241 -0.203314 96.937576 -0.877624 -0.149134 -0.455560 2.993237 0.000000 0.000000 0.000000 1.000000
-0.512230 0.148446 0.845922 -25.566376 -0.062096 0.975970 -0.208868 96.806450 -0.856601 -0.159517 -0.490703 1.682902 0.000000 0.000000 0.000000 1.000000
-0.544200 0.145129 0.826308 -25.262680 -0.063685 0.974936 -0.213176 96.712036 -0.836535 -0.168634 -0.521317 0.549414 0.000000 0.000000 0.000000 1.000000
-0.570961 0.142087 0.808588 -24.533878 -0.064086 0.974190 -0.216440 96.615608 -0.818472 -0.175398 -0.547119 -0.475914 0.000000 0.000000 0.000000 1.000000
-0.592305 0.138204 0.793772 -23.406094 -0.064356 0.973916 -0.217591 96.500870 -0.803139 -0.179964 -0.567961 -1.398852 0.000000 0.000000 0.000000 1.000000
-0.611247 0.132916 0.780199 -21.950539 -0.064030 0.974261 -0.216140 96.328880 -0.788846 -0.182071 -0.587003 -2.131666 0.000000 0.000000 0.000000 1.000000
-0.629278 0.126382 0.766836 -20.236809 -0.064523 0.974787 -0.213604 96.109520 -0.774497 -0.183895 -0.605257 -2.692188 0.000000 0.000000 0.000000 1.000000
-0.646381 0.118820 0.753706 -18.333717 -0.065606 0.975487 -0.210048 95.821312 -0.760189 -0.185219 -0.622742 -3.081253 0.000000 0.000000 0.000000 1.000000
-0.661161 0.111604 0.741896 -16.304390 -0.066900 0.976164 -0.206465 95.451927 -0.747255 -0.186139 -0.637936 -3.179293 0.000000 0.000000 0.000000 1.000000
-0.675655 0.105549 0.729623 -14.227467 -0.067407 0.976707 -0.203713 94.983406 -0.734130 -0.186822 -0.652802 -3.154737 0.000000 0.000000 0.000000 1.000000
-0.689594 0.099979 0.717262 -12.181526 -0.067597 0.977214 -0.201203 94.411163 -0.721035 -0.187233 -0.667123 -3.079134 0.000000 0.000000 0.000000 1.000000
-0.702979 0.094576 0.704894 -10.101580 -0.067528 0.977765 -0.198532 93.815277 -0.707997 -0.187165 -0.680962 -2.964663 0.000000 0.000000 0.000000 1.000000
-0.716230 0.090378 0.691987 -7.963999 -0.065885 0.978393 -0.195977 93.129379 -0.694747 -0.185956 -0.694800 -2.820673 0.000000 0.000000 0.000000 1.000000
-0.729201 0.087924 0.678628 -5.887599 -0.061909 0.979168 -0.193384 92.348427 -0.681494 -0.183029 -0.708567 -2.662188 0.000000 0.000000 0.000000 1.000000
-0.741470 0.087093 0.665309 -3.960988 -0.055768 0.980111 -0.190454 91.514824 -0.668664 -0.178319 -0.721866 -2.476296 0.000000 0.000000 0.000000 1.000000
-0.752312 0.087335 0.652992 -2.239846 -0.048475 0.981149 -0.187072 90.711212 -0.657021 -0.172390 -0.733897 -2.251341 0.000000 0.000000 0.000000 1.000000
-0.761115 0.087731 0.642656 -0.845653 -0.041339 0.982235 -0.183047 90.032257 -0.647298 -0.165887 -0.743967 -2.007062 0.000000 0.000000 0.000000 1.000000
-0.767738 0.087620 0.634745 0.131995 -0.035099 0.983369 -0.178196 89.525887 -0.639802 -0.159087 -0.751894 -1.755685 0.000000 0.000000 0.000000 1.000000
-0.771757 0.082692 0.630518 0.675267 -0.031501 0.985321 -0.167781 89.213318 -0.635137 -0.149348 -0.757824 -1.494237 0.000000 0.000000 0.000000 1.000000
-0.773482 0.075099 0.629353 0.887538 -0.030731 0.987344 -0.155587 89.070877 -0.633073 -0.139684 -0.761385 -1.248195 0.000000 0.000000 0.000000 1.000000
-0.773558 0.066210 0.630257 0.871154 -0.032313 0.989113 -0.143568 89.057449 -0.632901 -0.131424 -0.762997 -1.034795 0.000000 0.000000 0.000000 1.000000
-0.772719 0.058239 0.632071 0.732805 -0.035186 0.990321 -0.134264 89.102371 -0.633772 -0.125988 -0.763190 -0.871844 0.000000 0.000000 0.000000 1.000000
-0.771501 0.053265 0.633994 0.578364 -0.039059 0.990644 -0.130760 89.183273 -0.635028 -0.125644 -0.762203 -0.781427 0.000000 0.000000 0.000000 1.000000
-0.770336 0.051707 0.635539 0.506005 -0.042084 0.990411 -0.131590 89.285072 -0.636248 -0.128114 -0.760773 -0.761967 0.000000 0.000000 0.000000 1.000000</float_array>
        <technique_common>
          <accessor source="#mixamorig_Hips-Matrix-animation-output-transform-array" count="50" stride="16">
            <param type="float4x4"/>
          </accessor>
        </technique_common>
      </source>
      <source id="mixamorig_Hips-Interpolations">
        <Name_array id="mixamorig_Hips-Interpolations-array" count="50">
 LINEAR LINEAR LINEAR LINEAR LINEAR LINEAR LINEAR LINEAR LINEAR LINEAR LINEAR
LINEAR LINEAR LINEAR LINEAR LINEAR LINEAR LINEAR LINEAR LINEAR LINEAR LINEAR LINEAR
LINEAR LINEAR LINEAR LINEAR LINEAR LINEAR LINEAR LINEAR LINEAR LINEAR LINEAR LINEAR
LINEAR LINEAR LINEAR LINEAR LINEAR LINEAR LINEAR LINEAR LINEAR LINEAR LINEAR LINEAR
LINEAR LINEAR LINEAR</Name_array>
        <technique_common>
          <accessor source="#mixamorig_Hips-Interpolations-array" count="50">
            <param type="name"/>
          </accessor>
        </technique_common>
      </source>
      <sampler id="mixamorig_Hips-Matrix-animation-transform">
        <input semantic="INPUT" source="#mixamorig_Hips-Matrix-animation-input"/>
        <input semantic="OUTPUT" source="#mixamorig_Hips-Matrix-animation-output-transform"/>
        <input semantic="INTERPOLATION" source="#mixamorig_Hips-Interpolations"/>
      </sampler>
      <channel source="#mixamorig_Hips-Matrix-animation-transform" target="mixamorig_Hips/matrix"/>
    </animation>
    <animation id="mixamorig_Spine-anim" name="mixamorig_Spine">
      <source id="mixamorig_Spine-Matrix-animation-input">
        <float_array id="mixamorig_Spine-Matrix-animation-input-array" count="50">

0.000000 0.033333 0.066667 0.100000 0.133333 0.166667 0.200000 0.233333 0.266667 0.300000 0.333333 0.366667 0.400000 0.433333 0.466667 0.500000
0.533333 0.566667 0.600000 0.633333 0.666667 0.700000 0.733333 0.766667 0.800000 0.833333 0.866667 0.900000 0.933333 0.966667 1.000000 1.033333
1.066667 1.100000 1.133333 1.166667 1.200000 1.233333 1.266667 1.300000 1.333333 1.366667 1.400000 1.433333 1.466667 1.500000 1.533333 1.566667
1.600000 1.633333</float_array>
        <technique_common>
          <accessor source="#mixamorig_Spine-Matrix-animation-input-array" count="50">
            <param name="TIME" type="float"/>
          </accessor>
        </technique_common>
      </source>
      <source id="mixamorig_Spine-Matrix-animation-output-transform">
        <float_array id="mixamorig_Spine-Matrix-animation-output-transform-array" count="800">

0.997918 -0.033776 -0.054935 -0.038100 0.031275 0.998462 -0.045768 9.490500 0.056397 0.043955 0.997440 -1.392100 0.000000 0.000000 0.000000 1.000000
0.998065 -0.030092 -0.054408 -0.038100 0.027750 0.998676 -0.043310 9.490500 0.055640 0.041716 0.997579 -1.392100 0.000000 0.000000 0.000000 1.000000
0.998257 -0.025253 -0.053336 -0.038100 0.023303 0.999048 -0.036873 9.490500 0.054216 0.035566 0.997896 -1.392100 0.000000 0.000000 0.000000 1.000000
0.998476 -0.019008 -0.051807 -0.038100 0.017657 0.999495 -0.026403 9.490500 0.052283 0.025448 0.998308 -1.392100 0.000000 0.000000 0.000000 1.000000
0.998680 -0.011966 -0.049944 -0.038100 0.011334 0.999852 -0.012925 9.490500 0.050092 0.012342 0.998668 -1.392100 0.000000 0.000000 0.000000 1.000000
0.998868 -0.005449 -0.047251 -0.038100 0.005532 0.999983 0.001619 9.490500 0.047241 -0.001879 0.998882 -1.392100 0.000000 0.000000 0.000000 1.000000
0.999116 0.001200 -0.042024 -0.038100 -0.000509 0.999865 0.016435 9.490500 0.042038 -0.016399 0.998981 -1.392100 0.000000 0.000000 0.000000 1.000000
0.999405 0.007988 -0.033547 -0.038100 -0.007028 0.999565 0.028635 9.490500 0.033761 -0.028383 0.999027 -1.392100 0.000000 0.000000 0.000000 1.000000
0.999605 0.014421 -0.024108 -0.038100 -0.013433 0.999083 0.040666 9.490500 0.024672 -0.040326 0.998882 -1.392100 0.000000 0.000000 0.000000 1.000000
0.999696 0.019788 -0.014687 -0.038100 -0.019000 0.998469 0.051956 9.490500 0.015693 -0.051661 0.998541 -1.392100 0.000000 0.000000 0.000000 1.000000
0.999687 0.024548 -0.004813 -0.038100 -0.024223 0.997973 0.058842 9.490500 0.006248 -0.058707 0.998256 -1.392100 0.000000 0.000000 0.000000 1.000000
0.999573 0.028764 0.005108 -0.038100 -0.029028 0.997606 0.062762 9.490500 -0.003291 -0.062883 0.998015 -1.392100 0.000000 0.000000 0.000000 1.000000
0.999385 0.031995 0.014363 -0.038100 -0.032836 0.997487 0.062785 9.490500 -0.012318 -0.063218 0.997924 -1.392100 0.000000 0.000000 0.000000 1.000000
0.999145 0.034368 0.022960 -0.038100 -0.035686 0.997578 0.059697 9.490500 -0.020853 -0.060465 0.997952 -1.392100 0.000000 0.000000 0.000000 1.000000
0.998869 0.036034 0.031020 -0.038100 -0.037675 0.997826 0.054072 9.490500 -0.029004 -0.055179 0.998055 -1.392100 0.000000 0.000000 0.000000 1.000000
0.998569 0.037104 0.038505 -0.038100 -0.038891 0.998150 0.046743 9.490500 -0.036699 -0.048173 0.998165 -1.392100 0.000000 0.000000 0.000000 1.000000
0.998338 0.037004 0.044179 -0.038100 -0.038720 0.998502 0.038648 9.490500 -0.042682 -0.040294 0.998276 -1.392100 0.000000 0.000000 0.000000 1.000000
0.998212 0.035640 0.047983 -0.038100 -0.037102 0.998864 0.029919 9.490500 -0.046862 -0.031645 0.998400 -1.392100 0.000000 0.000000 0.000000 1.000000
0.998165 0.033467 0.050464 -0.038100 -0.034548 0.999189 0.020704 9.490500 -0.049730 -0.022410 0.998511 -1.392100 0.000000 0.000000 0.000000 1.000000
0.998170 0.031148 0.051840 -0.038100 -0.031763 0.999434 0.011085 9.490500 -0.051466 -0.012711 0.998594 -1.392100 0.000000 0.000000 0.000000 1.000000
0.998176 0.028817 0.053040 -0.038100 -0.028922 0.999581 0.001200 9.490500 -0.052983 -0.002732 0.998592 -1.392100 0.000000 0.000000 0.000000 1.000000
0.998219 0.025995 0.053688 -0.038100 -0.025563 0.999635 -0.008728 9.490500 -0.053895 0.007340 0.998520 -1.392100 0.000000 0.000000 0.000000 1.000000
0.998238 0.023834 0.054347 -0.038100 -0.022897 0.999579 -0.017803 9.490500 -0.054749 0.016527 0.998363 -1.392100 0.000000 0.000000 0.000000 1.000000
0.998208 0.022503 0.055451 -0.038100 -0.021096 0.999444 -0.025825 9.490500 -0.056001 0.024609 0.998127 -1.392100 0.000000 0.000000 0.000000 1.000000
0.998173 0.021560 0.056436 -0.038100 -0.019752 0.999280 -0.032390 9.490500 -0.057094 0.031216 0.997881 -1.392100 0.000000 0.000000 0.000000 1.000000
0.998214 0.020563 0.056094 -0.038100 -0.018513 0.999150 -0.036832 9.490500 -0.056804 0.035728 0.997746 -1.392100 0.000000 0.000000 0.000000 1.000000
0.998313 0.018796 0.054927 -0.038100 -0.016706 0.999128 -0.038272 9.490500 -0.055599 0.037290 0.997757 -1.392100 0.000000 0.000000 0.000000 1.000000
0.998367 0.016803 0.054603 -0.038100 -0.014691 0.999136 -0.038865 9.490500 -0.055209 0.038000 0.997751 -1.392100 0.000000 0.000000 0.000000 1.000000
0.998392 0.014502 0.054804 -0.038100 -0.012344 0.999143 -0.039511 9.490500 -0.055330 0.038771 0.997715 -1.392100 0.000000 0.000000 0.000000 1.000000
0.998443 0.012418 0.054378 -0.038100 -0.010257 0.999153 -0.039845 9.490500 -0.054827 0.039226 0.997725 -1.392100 0.000000 0.000000 0.000000 1.000000
0.998591 0.010415 0.052029 -0.038100 -0.008344 0.999170 -0.039881 9.490500 -0.052401 0.039390 0.997849 -1.392100 0.000000 0.000000 0.000000 1.000000
0.998883 0.008026 0.046570 -0.038100 -0.006162 0.999179 -0.040042 9.490500 -0.046854 0.039711 0.998112 -1.392100 0.000000 0.000000 0.000000 1.000000
0.999223 0.005399 0.039046 -0.038100 -0.003811 0.999167 -0.040634 9.490500 -0.039233 0.040453 0.998411 -1.392100 0.000000 0.000000 0.000000 1.000000
0.999547 0.001905 0.030036 -0.038100 -0.000647 0.999124 -0.041844 9.490500 -0.030090 0.041805 0.998673 -1.392100 0.000000 0.000000 0.000000 1.000000
0.999760 -0.005135 0.021290 -0.038100 0.006128 0.998884 -0.046837 9.490500 -0.021025 0.046956 0.998676 -1.392100 0.000000 0.000000 0.000000 1.000000
0.999806 -0.015876 0.011665 -0.038100 0.016492 0.998363 -0.054762 9.490500 -0.010776 0.054944 0.998431 -1.392100 0.000000 0.000000 0.000000 1.000000
0.999639 -0.026753 0.002303 -0.038100 0.026844 0.997714 -0.062019 9.490500 -0.000639 0.062059 0.998072 -1.392100 0.000000 0.000000 0.000000 1.000000
0.999289 -0.037057 -0.006997 -0.038100 0.036495 0.997007 -0.068154 9.490500 0.009502 0.067851 0.997650 -1.392100 0.000000 0.000000 0.000000 1.000000
0.998824 -0.045716 -0.016156 -0.038100 0.044434 0.996390 -0.072339 9.490500 0.019404 0.071536 0.997249 -1.392100 0.000000 0.000000 0.000000 1.000000
0.998378 -0.051070 -0.025177 -0.038100 0.049096 0.996078 -0.073607 9.490500 0.028838 0.072252 0.996969 -1.392100 0.000000 0.000000 0.000000 1.000000
0.998054 -0.052423 -0.033759 -0.038100 0.049905 0.996187 -0.071567 9.490500 0.037382 0.069743 0.996864 -1.392100 0.000000 0.000000 0.000000 1.000000
0.997886 -0.050152 -0.041329 -0.038100 0.047338 0.996665 -0.066464 9.490500 0.044524 0.064367 0.996933 -1.392100 0.000000 0.000000 0.000000 1.000000
0.997850 -0.045390 -0.047283 -0.038100 0.042565 0.997343 -0.059121 9.490500 0.049840 0.056982 0.997130 -1.392100 0.000000 0.000000 0.000000 1.000000
0.997892 -0.039325 -0.051617 -0.038100 0.036696 0.998029 -0.050913 9.490500 0.053517 0.048912 0.997368 -1.392100 0.000000 0.000000 0.000000 1.000000
0.997962 -0.033400 -0.054379 -0.038100 0.031052 0.998572 -0.043465 9.490500 0.055753 0.041688 0.997574 -1.392100 0.000000 0.000000 0.000000 1.000000
0.998024 -0.028964 -0.055751 -0.038100 0.026853 0.998907 -0.038246 9.490500 0.056798 0.036673 0.997712 -1.392100 0.000000 0.000000 0.000000 1.000000
0.998063 -0.026953 -0.056077 -0.038100 0.024945 0.999033 -0.036206 9.490500 0.056999 0.034737 0.997770 -1.392100 0.000000 0.000000 0.000000 1.000000
0.998072 -0.026768 -0.056005 -0.038100 0.024751 0.999030 -0.036412 9.490500 0.056926 0.034955 0.997766 -1.392100 0.000000 0.000000 0.000000 1.000000
0.998024 -0.029046 -0.055715 -0.038100 0.026863 0.998857 -0.039541 9.490500 0.056799 0.037966 0.997663 -1.392100 0.000000 0.000000 0.000000 1.000000
0.997909 -0.033785 -0.055096 -0.038100 0.031277 0.998462 -0.045778 9.490500 0.056558 0.043959 0.997431 -1.392100 0.000000 0.000000 0.000000 1.000000</float_array>
        <technique_common>
          <accessor source="#mixamorig_Spine-Matrix-animation-output-transform-array" count="50" stride="16">
            <param type="float4x4"/>
          </accessor>
        </technique_common>
      </source>
      <source id="mixamorig_Spine-Interpolations">
        <Name_array id="mixamorig_Spine-Interpolations-array" count="50">
 LINEAR LINEAR LINEAR LINEAR LINEAR LINEAR LINEAR LINEAR LINEAR LINEAR LINEAR
LINEAR LINEAR LINEAR LINEAR LINEAR LINEAR LINEAR LINEAR LINEAR LINEAR LINEAR LINEAR
LINEAR LINEAR LINEAR LINEAR LINEAR LINEAR LINEAR LINEAR LINEAR LINEAR LINEAR LINEAR
LINEAR LINEAR LINEAR LINEAR LINEAR LINEAR LINEAR LINEAR LINEAR LINEAR LINEAR LINEAR
LINEAR LINEAR LINEAR</Name_array>
        <technique_common>
          <accessor source="#mixamorig_Spine-Interpolations-array" count="50">
            <param type="name"/>
          </accessor>
        </technique_common>
      </source>
      <sampler id="mixamorig_Spine-Matrix-animation-transform">
        <input semantic="INPUT" source="#mixamorig_Spine-Matrix-animation-input"/>
        <input semantic="OUTPUT" source="#mixamorig_Spine-Matrix-animation-output-transform"/>
        <input semantic="INTERPOLATION" source="#mixamorig_Spine-Interpolations"/>
      </sampler>
      <channel source="#mixamorig_Spine-Matrix-animation-transform" target="mixamorig_Spine/matrix"/>
    </animation>
    <animation id="mixamorig_Spine1-anim" name="mixamorig_Spine1">
      <source id="mixamorig_Spine1-Matrix-animation-input">
        <float_array id="mixamorig_Spine1-Matrix-animation-input-array" count="50">

0.000000 0.033333 0.066667 0.100000 0.133333 0.166667 0.200000 0.233333 0.266667 0.300000 0.333333 0.366667 0.400000 0.433333 0.466667 0.500000
0.533333 0.566667 0.600000 0.633333 0.666667 0.700000 0.733333 0.766667 0.800000 0.833333 0.866667 0.900000 0.933333 0.966667 1.000000 1.033333
1.066667 1.100000 1.133333 1.166667 1.200000 1.233333 1.266667 1.300000 1.333333 1.366667 1.400000 1.433333 1.466667 1.500000 1.533333 1.566667
1.600000 1.633333</float_array>
        <technique_common>
          <accessor source="#mixamorig_Spine1-Matrix-animation-input-array" count="50">
            <param name="TIME" type="float"/>
          </accessor>
        </technique_common>
      </source>
      <source id="mixamorig_Spine1-Matrix-animation-output-transform">
        <float_array id="mixamorig_Spine1-Matrix-animation-output-transform-array" count="800">

0.992458 -0.059485 -0.107182 0.000000 0.048216 0.993321 -0.104823 11.190800 0.112702 0.098865 0.988698 0.000000 0.000000 0.000000 0.000000 1.000000
0.992769 -0.056172 -0.106086 -0.000000 0.044797 0.993279 -0.106725 11.190800 0.111368 0.101201 0.988613 -0.000000 0.000000 0.000000 0.000000 1.000000
0.993372 -0.052547 -0.102231 0.000000 0.041146 0.993013 -0.110601 11.190800 0.107329 0.105662 0.988593 -0.000000 0.000000 0.000000 0.000000 1.000000
0.994068 -0.048799 -0.097199 0.000000 0.037418 0.992586 -0.115645 11.190800 0.102122 0.111322 0.988523 -0.000000 0.000000 0.000000 0.000000 1.000000
0.994769 -0.045710 -0.091347 0.000000 0.034411 0.991977 -0.121649 11.190800 0.096175 0.117869 0.988361 0.000000 0.000000 0.000000 0.000000 1.000000
0.995527 -0.044067 -0.083570 0.000000 0.033015 0.991056 -0.129301 11.190800 0.088521 0.125963 0.988078 0.000000 0.000000 0.000000 0.000000 1.000000
0.996487 -0.042411 -0.072220 0.000000 0.032069 0.989805 -0.138775 11.190800 0.077369 0.135971 0.987687 0.000000 0.000000 0.000000 0.000000 1.000000
0.997627 -0.039076 -0.056681 0.000000 0.030126 0.988083 -0.150946 11.190800 0.061904 0.148880 0.986916 0.000000 0.000000 0.000000 0.000000 1.000000
0.998582 -0.035758 -0.039449 0.000000 0.028943 0.986447 -0.161509 11.190800 0.044690 0.160139 0.986082 0.000000 0.000000 0.000000 0.000000 1.000000
0.999188 -0.033374 -0.022583 0.000000 0.029074 0.985105 -0.169476 11.190800 0.027903 0.168682 0.985276 0.000000 0.000000 0.000000 0.000000 1.000000
0.999496 -0.031097 -0.006323 0.000000 0.029494 0.983859 -0.176498 11.190800 0.011710 0.176223 0.984281 0.000000 0.000000 0.000000 0.000000 1.000000
0.999539 -0.028972 0.009084 0.000000 0.030137 0.983089 -0.180633 11.190800 -0.003698 0.180823 0.983509 -0.000000 0.000000 0.000000 0.000000 1.000000
0.999362 -0.027554 0.022703 0.000000 0.031220 0.982923 -0.181347 11.190800 -0.017318 0.181940 0.983157 0.000000 0.000000 0.000000 0.000000 1.000000
0.999060 -0.026987 0.033920 0.000000 0.032664 0.983149 -0.179862 11.190800 -0.028494 0.180801 0.983107 0.000000 0.000000 0.000000 0.000000 1.000000
0.998715 -0.026983 0.042887 0.000000 0.034173 0.983631 -0.176926 11.190800 -0.037411 0.178165 0.983289 0.000000 0.000000 0.000000 0.000000 1.000000
0.998425 -0.027527 0.048881 0.000000 0.035571 0.984419 -0.172204 11.190800 -0.043380 0.173671 0.983848 0.000000 0.000000 0.000000 0.000000 1.000000
0.998258 -0.029389 0.051153 0.000000 0.037484 0.985533 -0.165289 11.190800 -0.045555 0.166919 0.984918 0.000000 0.000000 0.000000 0.000000 1.000000
0.998184 -0.032208 0.050908 -0.000000 0.039831 0.986852 -0.156644 11.190800 -0.045194 0.158387 0.986342 -0.000000 0.000000 0.000000 0.000000 1.000000
0.998164 -0.035642 0.048979 0.000000 0.042499 0.988227 -0.146971 11.190800 -0.043164 0.148783 0.987927 0.000000 0.000000 0.000000 0.000000 1.000000
0.998150 -0.039551 0.046179 0.000000 0.045552 0.989508 -0.137111 11.190800 -0.040272 0.138961 0.989479 0.000000 0.000000 0.000000 0.000000 1.000000
0.998112 -0.044246 0.042609 0.000000 0.049361 0.990593 -0.127628 11.190800 -0.036561 0.129490 0.990906 0.000000 0.000000 0.000000 0.000000 1.000000
0.998021 -0.049718 0.038499 0.000000 0.053980 0.991424 -0.119015 11.190800 -0.032251 0.120858 0.992146 0.000000 0.000000 0.000000 0.000000 1.000000
0.997918 -0.054667 0.034236 0.000000 0.058155 0.992124 -0.110940 11.190800 -0.027902 0.112700 0.993237 0.000000 0.000000 0.000000 0.000000 1.000000
0.997786 -0.058943 0.030805 0.000000 0.061845 0.992679 -0.103743 11.190800 -0.024464 0.105419 0.994127 0.000000 0.000000 0.000000 0.000000 1.000000
0.997624 -0.063260 0.027282 -0.000000 0.065643 0.993044 -0.097752 11.190800 -0.020909 0.099311 0.994837 0.000000 0.000000 0.000000 0.000000 1.000000
0.997409 -0.068341 0.022476 -0.000000 0.070143 0.993221 -0.092695 11.190800 -0.015989 0.094032 0.995441 0.000000 0.000000 0.000000 0.000000 1.000000
0.997059 -0.074742 0.016964 -0.000000 0.075961 0.993139 -0.088914 11.190800 -0.010202 0.089941 0.995895 0.000000 0.000000 0.000000 0.000000 1.000000
0.996561 -0.081908 0.012512 -0.000000 0.082695 0.992651 -0.088350 11.190800 -0.005183 0.089081 0.996011 0.000000 0.000000 0.000000 0.000000 1.000000
0.995919 -0.089746 0.009587 0.000000 0.090244 0.991880 -0.089606 11.190800 -0.001468 0.090105 0.995931 -0.000000 0.000000 0.000000 0.000000 1.000000
0.995197 -0.097689 0.006283 0.000000 0.097856 0.991066 -0.090621 11.190800 0.002626 0.090801 0.995866 0.000000 0.000000 0.000000 0.000000 1.000000
0.994505 -0.104687 0.000806 0.000000 0.104323 0.990347 -0.091267 11.190800 0.008756 0.090850 0.995826 0.000000 0.000000 0.000000 0.000000 1.000000
0.993967 -0.109398 -0.007863 0.000000 0.108212 0.989829 -0.092356 11.190800 0.017887 0.090948 0.995695 0.000000 0.000000 0.000000 0.000000 1.000000
0.993564 -0.111706 -0.018776 0.000000 0.109475 0.989527 -0.094080 11.190800 0.029089 0.091419 0.995388 0.000000 0.000000 0.000000 0.000000 1.000000
0.993325 -0.111155 -0.030806 0.000000 0.107798 0.989632 -0.094912 11.190800 0.041037 0.090957 0.995009 0.000000 0.000000 0.000000 0.000000 1.000000
0.993491 -0.105480 -0.043000 0.000000 0.101281 0.990751 -0.090305 11.190800 0.052127 0.085362 0.994985 0.000000 0.000000 0.000000 0.000000 1.000000
0.993847 -0.096075 -0.055111 0.000000 0.091347 0.992379 -0.082706 11.190800 0.062637 0.077163 0.995049 0.000000 0.000000 0.000000 0.000000 1.000000
0.994076 -0.086466 -0.065850 0.000000 0.081396 0.993769 -0.076140 11.190800 0.072024 0.070329 0.994920 0.000000 0.000000 0.000000 0.000000 1.000000
0.994192 -0.077026 -0.075157 0.000000 0.071750 0.994926 -0.070534 11.190800 0.080209 0.064732 0.994674 0.000000 0.000000 0.000000 0.000000 1.000000
0.994229 -0.068284 -0.082735 -0.000000 0.062814 0.995773 -0.067006 11.190800 0.086961 0.061423 0.994316 0.000000 0.000000 0.000000 0.000000 1.000000
0.994208 -0.061037 -0.088457 0.000000 0.055244 0.996254 -0.066531 11.190800 0.092186 0.061259 0.993856 0.000000 0.000000 0.000000 0.000000 1.000000
0.994050 -0.056059 -0.093388 0.000000 0.049658 0.996344 -0.069515 11.190800 0.096943 0.064464 0.993200 0.000000 0.000000 0.000000 0.000000 1.000000
0.993779 -0.053695 -0.097573 0.000000 0.046388 0.996053 -0.075671 11.190800 0.101251 0.070674 0.992347 0.000000 0.000000 0.000000 0.000000 1.000000
0.993434 -0.053983 -0.100867 0.000000 0.045530 0.995400 -0.084301 11.190800 0.104954 0.079155 0.991322 0.000000 0.000000 0.000000 0.000000 1.000000
0.993071 -0.056140 -0.103240 -0.000000 0.046459 0.994497 -0.093900 11.190800 0.107944 0.088453 0.990214 -0.000000 0.000000 0.000000 0.000000 1.000000
0.992743 -0.058964 -0.104809 0.000000 0.048395 0.993742 -0.100671 11.190800 0.110089 0.094868 0.989384 0.000000 0.000000 0.000000 0.000000 1.000000
0.992494 -0.061386 -0.105774 -0.000000 0.050508 0.993438 -0.102615 11.190800 0.111380 0.096502 0.989081 0.000000 0.000000 0.000000 0.000000 1.000000
0.992349 -0.062693 -0.106362 -0.000000 0.051916 0.993508 -0.101226 11.190800 0.112018 0.094930 0.989161 0.000000 0.000000 0.000000 0.000000 1.000000
0.992285 -0.063071 -0.106734 -0.000000 0.052434 0.993637 -0.099684 11.190800 0.112342 0.093318 0.989278 0.000000 0.000000 0.000000 0.000000 1.000000
0.992287 -0.062824 -0.106864 0.000000 0.051604 0.993165 -0.104695 11.190800 0.112711 0.098373 0.988746 -0.000000 0.000000 0.000000 0.000000 1.000000
0.992457 -0.059487 -0.107189 0.000000 0.048217 0.993321 -0.104824 11.190800 0.112709 0.098865 0.988697 0.000000 0.000000 0.000000 0.000000 1.000000</float_array>
        <technique_common>
          <accessor source="#mixamorig_Spine1-Matrix-animation-output-transform-array" count="50" stride="16">
            <param type="float4x4"/>
          </accessor>
        </technique_common>
      </source>
      <source id="mixamorig_Spine1-Interpolations">
        <Name_array id="mixamorig_Spine1-Interpolations-array" count="50">
 LINEAR LINEAR LINEAR LINEAR LINEAR LINEAR LINEAR LINEAR LINEAR LINEAR LINEAR
LINEAR LINEAR LINEAR LINEAR LINEAR LINEAR LINEAR LINEAR LINEAR LINEAR LINEAR LINEAR
LINEAR LINEAR LINEAR LINEAR LINEAR LINEAR LINEAR LINEAR LINEAR LINEAR LINEAR LINEAR
LINEAR LINEAR LINEAR LINEAR LINEAR LINEAR LINEAR LINEAR LINEAR LINEAR LINEAR LINEAR
LINEAR LINEAR LINEAR</Name_array>
        <technique_common>
          <accessor source="#mixamorig_Spine1-Interpolations-array" count="50">
            <param type="name"/>
          </accessor>
        </technique_common>
      </source>
      <sampler id="mixamorig_Spine1-Matrix-animation-transform">
        <input semantic="INPUT" source="#mixamorig_Spine1-Matrix-animation-input"/>
        <input semantic="OUTPUT" source="#mixamorig_Spine1-Matrix-animation-output-transform"/>
        <input semantic="INTERPOLATION" source="#mixamorig_Spine1-Interpolations"/>
      </sampler>
      <channel source="#mixamorig_Spine1-Matrix-animation-transform" target="mixamorig_Spine1/matrix"/>
    </animation>
    <animation id="mixamorig_Spine2-anim" name="mixamorig_Spine2">
      <source id="mixamorig_Spine2-Matrix-animation-input">
        <float_array id="mixamorig_Spine2-Matrix-animation-input-array" count="50">

0.000000 0.033333 0.066667 0.100000 0.133333 0.166667 0.200000 0.233333 0.266667 0.300000 0.333333 0.366667 0.400000 0.433333 0.466667 0.500000
0.533333 0.566667 0.600000 0.633333 0.666667 0.700000 0.733333 0.766667 0.800000 0.833333 0.866667 0.900000 0.933333 0.966667 1.000000 1.033333
1.066667 1.100000 1.133333 1.166667 1.200000 1.233333 1.266667 1.300000 1.333333 1.366667 1.400000 1.433333 1.466667 1.500000 1.533333 1.566667
1.600000 1.633333</float_array>
        <technique_common>
          <accessor source="#mixamorig_Spine2-Matrix-animation-input-array" count="50">
            <param name="TIME" type="float"/>
          </accessor>
        </technique_common>
      </source>
      <source id="mixamorig_Spine2-Matrix-animation-output-transform">
        <float_array id="mixamorig_Spine2-Matrix-animation-output-transform-array" count="800">

0.992693 -0.048869 -0.110329 -0.000000 0.044252 0.998055 -0.043918 12.789500 0.112261 0.038714 0.992924 0.000000 0.000000 0.000000 0.000000 1.000000
0.993322 -0.045451 -0.106045 0.000000 0.040695 0.998085 -0.046597 12.789500 0.107960 0.041970 0.993269 0.000000 0.000000 0.000000 0.000000 1.000000
0.994729 -0.041603 -0.093724 0.000000 0.036793 0.997944 -0.052484 12.789500 0.095715 0.048759 0.994214 0.000000 0.000000 0.000000 0.000000 1.000000
0.996418 -0.037509 -0.075795 0.000000 0.032921 0.997601 -0.060896 12.789500 0.077897 0.058183 0.995262 0.000000 0.000000 0.000000 0.000000 1.000000
0.997986 -0.034024 -0.053547 0.000000 0.030147 0.996976 -0.071625 12.789500 0.055822 0.069867 0.995993 -0.000000 0.000000 0.000000 0.000000 1.000000
0.999124 -0.032021 -0.026940 -0.000000 0.029623 0.995929 -0.085138 12.789500 0.029557 0.084265 0.996005 0.000000 0.000000 0.000000 0.000000 1.000000
0.999526 -0.030376 0.004972 -0.000000 0.030724 0.994358 -0.101527 12.789500 -0.001860 0.101632 0.994820 0.000000 0.000000 0.000000 0.000000 1.000000
0.998731 -0.027745 0.042030 0.000000 0.032684 0.992015 -0.121809 12.789500 -0.038315 0.123028 0.991663 0.000000 0.000000 0.000000 0.000000 1.000000
0.996441 -0.025086 0.080471 -0.000000 0.036299 0.989335 -0.141059 12.789500 -0.076074 0.143478 0.986725 0.000000 0.000000 0.000000 0.000000 1.000000
0.992835 -0.023157 0.117226 0.000000 0.041658 0.986571 -0.157933 12.789500 -0.111994 0.161685 0.980467 -0.000000 0.000000 0.000000 0.000000 1.000000
0.988248 -0.021492 0.151338 -0.000000 0.048051 0.983555 -0.174098 12.789500 -0.145108 0.179324 0.973030 0.000000 0.000000 0.000000 0.000000 1.000000
0.983175 -0.019715 0.181601 0.000000 0.054251 0.980816 -0.187233 12.789500 -0.174426 0.193935 0.965383 -0.000000 0.000000 0.000000 0.000000 1.000000
0.978348 -0.018159 0.206166 0.000000 0.059607 0.978658 -0.196661 12.789500 -0.198195 0.204692 0.958551 0.000000 0.000000 0.000000 0.000000 1.000000
0.974490 -0.017214 0.223772 0.000000 0.063962 0.977007 -0.203386 12.789500 -0.215125 0.212511 0.953184 0.000000 0.000000 0.000000 0.000000 1.000000
0.972138 -0.016649 0.233818 0.000000 0.066727 0.975863 -0.207940 12.789500 -0.224712 0.217748 0.949784 0.000000 0.000000 0.000000 0.000000 1.000000
0.971885 -0.016669 0.234866 0.000000 0.067406 0.975440 -0.209699 12.789500 -0.225602 0.219634 0.949139 -0.000000 0.000000 0.000000 0.000000 1.000000
0.973948 -0.017893 0.226063 0.000000 0.066177 0.975916 -0.207866 12.789500 -0.216900 0.217411 0.951676 0.000000 0.000000 0.000000 0.000000 1.000000
0.976722 -0.020265 0.213548 0.000000 0.064481 0.977221 -0.202189 12.789500 -0.204586 0.211253 0.955781 -0.000000 0.000000 0.000000 0.000000 1.000000
0.979585 -0.023502 0.199653 0.000000 0.062823 0.979191 -0.192972 12.789500 -0.190963 0.201575 0.960677 0.000000 0.000000 0.000000 0.000000 1.000000
0.982424 -0.027259 0.184663 -0.000000 0.061175 0.981661 -0.180553 12.789500 -0.176355 0.188677 0.966075 -0.000000 0.000000 0.000000 0.000000 1.000000
0.985220 -0.030927 0.168480 0.000000 0.059310 0.984317 -0.166141 12.789500 -0.160699 0.173678 0.971603 0.000000 0.000000 0.000000 0.000000 1.000000
0.987886 -0.034451 0.151308 -0.000000 0.057464 0.986944 -0.150465 12.789500 -0.144148 0.157337 0.976968 0.000000 0.000000 0.000000 0.000000 1.000000
0.990336 -0.036737 0.133738 -0.000000 0.054749 0.989521 -0.133604 12.789500 -0.127428 0.139634 0.981970 0.000000 0.000000 0.000000 0.000000 1.000000
0.992428 -0.037862 0.116847 -0.000000 0.051504 0.991909 -0.116032 12.789500 -0.111508 0.121171 0.986349 0.000000 0.000000 0.000000 0.000000 1.000000
0.994244 -0.038729 0.099896 -0.000000 0.048590 0.993974 -0.098254 12.789500 -0.095489 0.102542 0.990135 0.000000 0.000000 0.000000 0.000000 1.000000
0.995839 -0.040036 0.081866 0.000000 0.046633 0.995677 -0.080327 12.789500 -0.078296 0.083810 0.993401 0.000000 0.000000 0.000000 0.000000 1.000000
0.997089 -0.042413 0.063359 -0.000000 0.046399 0.996945 -0.062831 12.789500 -0.060501 0.065588 0.996011 0.000000 0.000000 0.000000 0.000000 1.000000
0.997875 -0.045646 0.046492 0.000000 0.047875 0.997699 -0.048010 12.789500 -0.044194 0.050134 0.997764 -0.000000 0.000000 0.000000 0.000000 1.000000
0.998284 -0.049294 0.031616 -0.000000 0.050390 0.998122 -0.034833 12.789500 -0.029840 0.036366 0.998893 0.000000 0.000000 0.000000 0.000000 1.000000
0.998459 -0.052825 0.017008 0.000000 0.053185 0.998353 -0.021501 12.789500 -0.015844 0.022372 0.999624 -0.000000 0.000000 0.000000 0.000000 1.000000
0.998458 -0.055493 0.001202 0.000000 0.055501 0.998424 -0.008363 12.789500 -0.000736 0.008416 0.999964 0.000000 0.000000 0.000000 0.000000 1.000000
0.998188 -0.057873 -0.016499 -0.000000 0.057920 0.998318 0.002409 12.789500 0.016332 -0.003360 0.999861 0.000000 0.000000 0.000000 0.000000 1.000000
0.997600 -0.059795 -0.034924 -0.000000 0.060188 0.998134 0.010314 12.789500 0.034242 -0.012391 0.999337 -0.000000 0.000000 0.000000 0.000000 1.000000
0.996785 -0.060387 -0.052668 -0.000000 0.061344 0.997976 0.016740 12.789500 0.051550 -0.019917 0.998472 -0.000000 0.000000 0.000000 0.000000 1.000000
0.995873 -0.057064 -0.070568 0.000000 0.058962 0.997944 0.025115 12.789500 0.068990 -0.029172 0.997191 0.000000 0.000000 0.000000 0.000000 1.000000
0.995001 -0.051670 -0.085454 0.000000 0.054744 0.997921 0.034019 12.789500 0.083519 -0.038527 0.995761 0.000000 0.000000 0.000000 0.000000 1.000000
0.994212 -0.046626 -0.096795 0.000000 0.050674 0.997922 0.039789 12.789500 0.094738 -0.044464 0.994509 0.000000 0.000000 0.000000 0.000000 1.000000
0.993766 -0.041629 -0.103418 0.000000 0.046337 0.997977 0.043540 12.789500 0.101396 -0.048061 0.993685 0.000000 0.000000 0.000000 0.000000 1.000000
0.993715 -0.037224 -0.105568 0.000000 0.041953 0.998197 0.042938 12.789500 0.103780 -0.047097 0.993485 -0.000000 0.000000 0.000000 0.000000 1.000000
0.994011 -0.034161 -0.103800 0.000000 0.038167 0.998592 0.036849 12.789500 0.102395 -0.040590 0.993915 0.000000 0.000000 0.000000 0.000000 1.000000
0.994140 -0.033222 -0.102872 -0.000000 0.036000 0.999032 0.025264 12.789500 0.101933 -0.028819 0.994374 0.000000 0.000000 0.000000 0.000000 1.000000
0.994061 -0.034459 -0.103221 0.000000 0.035648 0.999317 0.009695 12.789500 0.102817 -0.013317 0.994611 -0.000000 0.000000 0.000000 0.000000 1.000000
0.993836 -0.037501 -0.104327 0.000000 0.036912 0.999290 -0.007571 12.789500 0.104537 0.003674 0.994514 0.000000 0.000000 0.000000 0.000000 1.000000
0.993524 -0.041824 -0.105645 0.000000 0.039462 0.998924 -0.024349 12.789500 0.106550 0.020023 0.994106 0.000000 0.000000 0.000000 0.000000 1.000000
0.993193 -0.046841 -0.106648 0.000000 0.042415 0.998157 -0.043395 12.789500 0.108484 0.038576 0.993349 -0.000000 0.000000 0.000000 0.000000 1.000000
0.992912 -0.051520 -0.107102 -0.000000 0.044827 0.996943 -0.063990 12.789500 0.110071 0.058736 0.992187 -0.000000 0.000000 0.000000 0.000000 1.000000
0.992727 -0.054502 -0.107346 -0.000000 0.046077 0.995772 -0.079462 12.789500 0.111223 0.073938 0.991041 0.000000 0.000000 0.000000 0.000000 1.000000
0.992625 -0.055538 -0.107756 0.000000 0.046436 0.995280 -0.085211 12.789500 0.111980 0.079579 0.990519 -0.000000 0.000000 0.000000 0.000000 1.000000
0.992593 -0.053531 -0.109060 -0.000000 0.046373 0.996665 -0.067142 12.789500 0.112291 0.061588 0.991765 0.000000 0.000000 0.000000 0.000000 1.000000
0.992695 -0.048869 -0.110308 0.000000 0.044253 0.998055 -0.043917 12.789500 0.112240 0.038715 0.992927 0.000000 0.000000 0.000000 0.000000 1.000000</float_array>
        <technique_common>
          <accessor source="#mixamorig_Spine2-Matrix-animation-output-transform-array" count="50" stride="16">
            <param type="float4x4"/>
          </accessor>
        </technique_common>
      </source>
      <source id="mixamorig_Spine2-Interpolations">
        <Name_array id="mixamorig_Spine2-Interpolations-array" count="50">
 LINEAR LINEAR LINEAR LINEAR LINEAR LINEAR LINEAR LINEAR LINEAR LINEAR LINEAR
LINEAR LINEAR LINEAR LINEAR LINEAR LINEAR LINEAR LINEAR LINEAR LINEAR LINEAR LINEAR
LINEAR LINEAR LINEAR LINEAR LINEAR LINEAR LINEAR LINEAR LINEAR LINEAR LINEAR LINEAR
LINEAR LINEAR LINEAR LINEAR LINEAR LINEAR LINEAR LINEAR LINEAR LINEAR LINEAR LINEAR
LINEAR LINEAR LINEAR</Name_array>
        <technique_common>
          <accessor source="#mixamorig_Spine2-Interpolations-array" count="50">
            <param type="name"/>
          </accessor>
        </technique_common>
      </source>
      <sampler id="mixamorig_Spine2-Matrix-animation-transform">
        <input semantic="INPUT" source="#mixamorig_Spine2-Matrix-animation-input"/>
        <input semantic="OUTPUT" source="#mixamorig_Spine2-Matrix-animation-output-transform"/>
        <input semantic="INTERPOLATION" source="#mixamorig_Spine2-Interpolations"/>
      </sampler>
      <channel source="#mixamorig_Spine2-Matrix-animation-transform" target="mixamorig_Spine2/matrix"/>
    </animation>
    <animation id="mixamorig_Neck-anim" name="mixamorig_Neck">
      <source id="mixamorig_Neck-Matrix-animation-input">
        <float_array id="mixamorig_Neck-Matrix-animation-input-array" count="50">

0.000000 0.033333 0.066667 0.100000 0.133333 0.166667 0.200000 0.233333 0.266667 0.300000 0.333333 0.366667 0.400000 0.433333 0.466667 0.500000
0.533333 0.566667 0.600000 0.633333 0.666667 0.700000 0.733333 0.766667 0.800000 0.833333 0.866667 0.900000 0.933333 0.966667 1.000000 1.033333
1.066667 1.100000 1.133333 1.166667 1.200000 1.233333 1.266667 1.300000 1.333333 1.366667 1.400000 1.433333 1.466667 1.500000 1.533333 1.566667
1.600000 1.633333</float_array>
        <technique_common>
          <accessor source="#mixamorig_Neck-Matrix-animation-input-array" count="50">
            <param name="TIME" type="float"/>
          </accessor>
        </technique_common>
      </source>
      <source id="mixamorig_Neck-Matrix-animation-output-transform">
        <float_array id="mixamorig_Neck-Matrix-animation-output-transform-array" count="800">

0.986666 -0.004572 -0.162694 -0.056900 -0.001954 0.999201 -0.039925 14.235800 0.162747 0.039711 0.985868 -2.088100 0.000000 0.000000 0.000000 1.000000
0.987552 0.016605 -0.156415 -0.056900 -0.023636 0.998787 -0.043198 14.235800 0.155508 0.046357 0.986746 -2.088100 0.000000 0.000000 0.000000 1.000000
0.988892 0.043909 -0.142005 -0.056900 -0.050672 0.997729 -0.044368 14.235800 0.139734 0.051071 0.988871 -2.088100 0.000000 0.000000 0.000000 1.000000
0.989894 0.072389 -0.121939 -0.056900 -0.078408 0.995891 -0.045305 14.235800 0.118158 0.054408 0.991503 -2.088100 0.000000 0.000000 0.000000 1.000000
0.989963 0.102402 -0.097399 -0.056900 -0.107263 0.993164 -0.046039 14.235800 0.092018 0.056024 0.994180 -2.088100 0.000000 0.000000 0.000000 1.000000
0.988529 0.133690 -0.070273 -0.056900 -0.137176 0.989415 -0.047345 14.235800 0.063199 0.056442 0.996404 -2.088100 0.000000 0.000000 0.000000 1.000000
0.985677 0.163175 -0.042599 -0.056900 -0.165301 0.984854 -0.052332 14.235800 0.033415 0.058624 0.997721 -2.088100 0.000000 0.000000 0.000000 1.000000
0.982034 0.187946 -0.016925 -0.056900 -0.188609 0.980452 -0.056048 14.235800 0.006060 0.058233 0.998285 -2.088100 0.000000 0.000000 0.000000 1.000000
0.978139 0.207889 0.005142 -0.056900 -0.207119 0.976132 -0.065331 14.235800 -0.018601 0.062838 0.997850 -2.088100 0.000000 0.000000 0.000000 1.000000
0.974432 0.223622 0.021800 -0.056900 -0.221379 0.972153 -0.076874 14.235800 -0.038384 0.070083 0.996802 -2.088100 0.000000 0.000000 0.000000 1.000000
0.971538 0.234853 0.030949 -0.056900 -0.231728 0.969357 -0.081540 14.235800 -0.049151 0.072048 0.996189 -2.088100 0.000000 0.000000 0.000000 1.000000
0.969173 0.245275 0.023300 -0.056900 -0.242014 0.965458 -0.096541 14.235800 -0.046174 0.087926 0.995056 -2.088100 0.000000 0.000000 0.000000 1.000000
0.970594 0.240207 0.015722 -0.056900 -0.237441 0.966069 -0.101650 14.235800 -0.039605 0.094928 0.994696 -2.088100 0.000000 0.000000 0.000000 1.000000
0.974155 0.225879 -0.000150 -0.056900 -0.224680 0.968916 -0.103541 14.235800 -0.023242 0.100899 0.994625 -2.088100 0.000000 0.000000 0.000000 1.000000
0.977359 0.210700 -0.019354 -0.056900 -0.211567 0.971925 -0.102960 14.235800 -0.002883 0.104723 0.994497 -2.088100 0.000000 0.000000 0.000000 1.000000
0.982083 0.183279 -0.043836 -0.056900 -0.186902 0.977042 -0.102254 14.235800 0.024088 0.108615 0.993792 -2.088100 0.000000 0.000000 0.000000 1.000000
0.983457 0.170125 -0.062216 -0.056900 -0.176105 0.978384 -0.108402 14.235800 0.042429 0.117565 0.992158 -2.088100 0.000000 0.000000 0.000000 1.000000
0.986346 0.141442 -0.084358 -0.056900 -0.150067 0.982912 -0.106598 14.235800 0.067839 0.117802 0.990717 -2.088100 0.000000 0.000000 0.000000 1.000000
0.988358 0.109061 -0.106088 -0.056900 -0.120065 0.987351 -0.103553 14.235800 0.093453 0.115085 0.988950 -2.088100 0.000000 0.000000 0.000000 1.000000
0.988902 0.077363 -0.126835 -0.056900 -0.090652 0.990585 -0.102588 14.235800 0.117704 0.112948 0.986605 -2.088100 0.000000 0.000000 0.000000 1.000000
0.987700 0.053478 -0.146928 -0.056900 -0.069003 0.992318 -0.102679 14.235800 0.140308 0.111554 0.983803 -2.088100 0.000000 0.000000 0.000000 1.000000
0.985282 0.039543 -0.166300 -0.056900 -0.056796 0.993335 -0.100302 14.235800 0.161225 0.108271 0.980961 -2.088100 0.000000 0.000000 0.000000 1.000000
0.981418 0.006855 -0.191758 -0.056900 -0.025424 0.995196 -0.094544 14.235800 0.190189 0.097663 0.976878 -2.088100 0.000000 0.000000 0.000000 1.000000
0.977931 -0.004523 -0.208877 -0.056900 -0.016480 0.994981 -0.098700 14.235800 0.208275 0.099964 0.972948 -2.088100 0.000000 0.000000 0.000000 1.000000
0.974268 -0.014010 -0.224956 -0.056900 -0.009058 0.994826 -0.101185 14.235800 0.225210 0.100619 0.969101 -2.088100 0.000000 0.000000 0.000000 1.000000
0.970776 -0.022089 -0.238969 -0.056900 -0.002717 0.994680 -0.102980 14.235800 0.239972 0.100620 0.965551 -2.088100 0.000000 0.000000 0.000000 1.000000
0.966847 -0.032916 -0.253227 -0.056900 0.005295 0.994028 -0.108995 14.235800 0.255302 0.104041 0.961247 -2.088100 0.000000 0.000000 0.000000 1.000000
0.962089 -0.047232 -0.268615 -0.056900 0.019419 0.994254 -0.105273 14.235800 0.272043 0.096066 0.957478 -2.088100 0.000000 0.000000 0.000000 1.000000
0.957169 -0.061774 -0.282863 -0.056900 0.033090 0.993912 -0.105086 14.235800 0.287633 0.091225 0.953386 -2.088100 0.000000 0.000000 0.000000 1.000000
0.952923 -0.074358 -0.293954 -0.056900 0.044968 0.993401 -0.105512 14.235800 0.299860 0.087327 0.949978 -2.088100 0.000000 0.000000 0.000000 1.000000
0.949013 -0.093556 -0.301033 -0.056900 0.062192 0.991742 -0.112157 14.235800 0.309041 0.087717 0.946995 -2.088100 0.000000 0.000000 0.000000 1.000000
0.948175 -0.108315 -0.298716 -0.056900 0.072346 0.989005 -0.128980 14.235800 0.309402 0.100685 0.945586 -2.088100 0.000000 0.000000 0.000000 1.000000
0.945832 -0.130520 -0.297263 -0.056900 0.094380 0.986625 -0.132903 14.235800 0.310634 0.097648 0.945500 -2.088100 0.000000 0.000000 0.000000 1.000000
0.945580 -0.146896 -0.290344 -0.056900 0.111107 0.984429 -0.136214 14.235800 0.305832 0.096542 0.947178 -2.088100 0.000000 0.000000 0.000000 1.000000
0.947367 -0.157692 -0.278620 -0.056900 0.122095 0.982466 -0.140904 14.235800 0.295954 0.099470 0.950009 -2.088100 0.000000 0.000000 0.000000 1.000000
0.950528 -0.163743 -0.263979 -0.056900 0.128437 0.980915 -0.145978 14.235800 0.282844 0.104852 0.953418 -2.088100 0.000000 0.000000 0.000000 1.000000
0.953665 -0.168622 -0.249179 -0.056900 0.133767 0.979464 -0.150856 14.235800 0.269499 0.110534 0.956636 -2.088100 0.000000 0.000000 0.000000 1.000000
0.956680 -0.171511 -0.235262 -0.056900 0.137412 0.978392 -0.154490 14.235800 0.256675 0.115469 0.959575 -2.088100 0.000000 0.000000 0.000000 1.000000
0.958984 -0.174384 -0.223472 -0.056900 0.141389 0.977570 -0.156095 14.235800 0.245680 0.118096 0.962130 -2.088100 0.000000 0.000000 0.000000 1.000000
0.960640 -0.176912 -0.214180 -0.056900 0.145479 0.977198 -0.154659 14.235800 0.236657 0.117413 0.964473 -2.088100 0.000000 0.000000 0.000000 1.000000
0.964038 -0.170894 -0.203533 -0.056900 0.142078 0.978619 -0.148726 14.235800 0.224598 0.114460 0.967706 -2.088100 0.000000 0.000000 0.000000 1.000000
0.968756 -0.154993 -0.193622 -0.056900 0.129484 0.981909 -0.138160 14.235800 0.211533 0.108772 0.971299 -2.088100 0.000000 0.000000 0.000000 1.000000
0.973703 -0.131640 -0.185940 -0.056900 0.109955 0.986357 -0.122517 14.235800 0.199532 0.098850 0.974893 -2.088100 0.000000 0.000000 0.000000 1.000000
0.978178 -0.102940 -0.180474 -0.056900 0.085386 0.991063 -0.102491 14.235800 0.189411 0.084844 0.978225 -2.088100 0.000000 0.000000 0.000000 1.000000
0.981297 -0.076023 -0.176852 -0.056900 0.061889 0.994533 -0.084110 14.235800 0.182279 0.071592 0.980637 -2.088100 0.000000 0.000000 0.000000 1.000000
0.983145 -0.054000 -0.174669 -0.056900 0.042335 0.996660 -0.069837 14.235800 0.177857 0.061265 0.982147 -2.088100 0.000000 0.000000 0.000000 1.000000
0.984331 -0.035507 -0.172721 -0.056900 0.025659 0.997933 -0.058918 14.235800 0.174456 0.053562 0.983207 -2.088100 0.000000 0.000000 0.000000 1.000000
0.985319 -0.019479 -0.169608 -0.056900 0.011152 0.998691 -0.049914 14.235800 0.170358 0.047290 0.984247 -2.088100 0.000000 0.000000 0.000000 1.000000
0.986247 -0.008446 -0.165061 -0.056900 0.001410 0.999087 -0.042697 14.235800 0.165271 0.041877 0.985359 -2.088100 0.000000 0.000000 0.000000 1.000000
0.986676 -0.004639 -0.162628 -0.056900 -0.001884 0.999201 -0.039930 14.235800 0.162684 0.039705 0.985879 -2.088100 0.000000 0.000000 0.000000 1.000000</float_array>
        <technique_common>
          <accessor source="#mixamorig_Neck-Matrix-animation-output-transform-array" count="50" stride="16">
            <param type="float4x4"/>
          </accessor>
        </technique_common>
      </source>
      <source id="mixamorig_Neck-Interpolations">
        <Name_array id="mixamorig_Neck-Interpolations-array" count="50">
 LINEAR LINEAR LINEAR LINEAR LINEAR LINEAR LINEAR LINEAR LINEAR LINEAR LINEAR
LINEAR LINEAR LINEAR LINEAR LINEAR LINEAR LINEAR LINEAR LINEAR LINEAR LINEAR LINEAR
LINEAR LINEAR LINEAR LINEAR LINEAR LINEAR LINEAR LINEAR LINEAR LINEAR LINEAR LINEAR
LINEAR LINEAR LINEAR LINEAR LINEAR LINEAR LINEAR LINEAR LINEAR LINEAR LINEAR LINEAR
LINEAR LINEAR LINEAR</Name_array>
        <technique_common>
          <accessor source="#mixamorig_Neck-Interpolations-array" count="50">
            <param type="name"/>
          </accessor>
        </technique_common>
      </source>
      <sampler id="mixamorig_Neck-Matrix-animation-transform">
        <input semantic="INPUT" source="#mixamorig_Neck-Matrix-animation-input"/>
        <input semantic="OUTPUT" source="#mixamorig_Neck-Matrix-animation-output-transform"/>
        <input semantic="INTERPOLATION" source="#mixamorig_Neck-Interpolations"/>
      </sampler>
      <channel source="#mixamorig_Neck-Matrix-animation-transform" target="mixamorig_Neck/matrix"/>
    </animation>
    <animation id="mixamorig_Head-anim" name="mixamorig_Head">
      <source id="mixamorig_Head-Matrix-animation-input">
        <float_array id="mixamorig_Head-Matrix-animation-input-array" count="50">

0.000000 0.033333 0.066667 0.100000 0.133333 0.166667 0.200000 0.233333 0.266667 0.300000 0.333333 0.366667 0.400000 0.433333 0.466667 0.500000
0.533333 0.566667 0.600000 0.633333 0.666667 0.700000 0.733333 0.766667 0.800000 0.833333 0.866667 0.900000 0.933333 0.966667 1.000000 1.033333
1.066667 1.100000 1.133333 1.166667 1.200000 1.233333 1.266667 1.300000 1.333333 1.366667 1.400000 1.433333 1.466667 1.500000 1.533333 1.566667
1.600000 1.633333</float_array>
        <technique_common>
          <accessor source="#mixamorig_Head-Matrix-animation-input-array" count="50">
            <param name="TIME" type="float"/>
          </accessor>
        </technique_common>
      </source>
      <source id="mixamorig_Head-Matrix-animation-output-transform">
        <float_array id="mixamorig_Head-Matrix-animation-output-transform-array" count="800">

0.917659 -0.056501 -0.393331 0.000000 0.089684 0.993749 0.066488 3.280200 0.387115 -0.096289 0.916990 0.313300 0.000000 0.000000 0.000000 1.000000
0.913519 -0.076975 -0.399447 0.000000 0.111158 0.991798 0.063092 3.280200 0.391314 -0.102038 0.914583 0.313300 0.000000 0.000000 0.000000 1.000000
0.913850 -0.094682 -0.394859 0.000000 0.130231 0.989406 0.064155 3.280200 0.384602 -0.110051 0.916499 0.313300 0.000000 0.000000 0.000000 1.000000
0.918702 -0.107205 -0.380123 0.000000 0.144635 0.986918 0.071226 3.280200 0.367515 -0.120415 0.922189 0.313300 0.000000 0.000000 0.000000 1.000000
0.926975 -0.115410 -0.356928 0.000000 0.154674 0.984440 0.083392 3.280200 0.341749 -0.132510 0.930402 0.313300 0.000000 0.000000 0.000000 1.000000
0.937300 -0.120598 -0.326993 0.000000 0.161195 0.981850 0.099936 3.280200 0.309006 -0.146379 0.939728 0.313300 0.000000 0.000000 0.000000 1.000000
0.948003 -0.122601 -0.293698 0.000000 0.164033 0.979033 0.120780 3.280200 0.272732 -0.162676 0.948237 0.313300 0.000000 0.000000 0.000000 1.000000
0.958218 -0.121886 -0.258772 0.000000 0.162470 0.976490 0.141675 3.280200 0.235420 -0.177798 0.955492 0.313300 0.000000 0.000000 0.000000 1.000000
0.967148 -0.119030 -0.224628 0.000000 0.157848 0.973816 0.163603 3.280200 0.199273 -0.193685 0.960613 0.313300 0.000000 0.000000 0.000000 1.000000
0.974235 -0.115379 -0.193787 0.000000 0.151528 0.971272 0.183496 3.280200 0.167048 -0.208133 0.963730 0.313300 0.000000 0.000000 0.000000 1.000000
0.979370 -0.112041 -0.168170 0.000000 0.144739 0.969686 0.196874 3.280200 0.141015 -0.217153 0.965898 0.313300 0.000000 0.000000 0.000000 1.000000
0.978907 -0.117869 -0.166877 0.000000 0.152746 0.964675 0.214643 3.280200 0.135683 -0.235605 0.962331 0.313300 0.000000 0.000000 0.000000 1.000000
0.981755 -0.112233 -0.153498 0.000000 0.145255 0.963590 0.224488 3.280200 0.122714 -0.242688 0.962312 0.313300 0.000000 0.000000 0.000000 1.000000
0.983551 -0.105960 -0.146285 0.000000 0.137989 0.963365 0.229970 3.280200 0.116558 -0.246373 0.962141 0.313300 0.000000 0.000000 0.000000 1.000000
0.983644 -0.104524 -0.146695 -0.000000 0.136692 0.963537 0.230024 3.280200 0.117303 -0.246314 0.962065 0.313300 0.000000 0.000000 0.000000 1.000000
0.983965 -0.098721 -0.148548 0.000000 0.131191 0.964832 0.227789 3.280200 0.120837 -0.243624 0.962313 0.313300 0.000000 0.000000 0.000000 1.000000
0.981234 -0.107352 -0.160172 0.000000 0.142233 0.963841 0.225344 3.280200 0.130189 -0.243897 0.961023 0.313300 0.000000 0.000000 0.000000 1.000000
0.980427 -0.105058 -0.166513 -0.000000 0.140555 0.965708 0.218293 3.280200 0.137869 -0.237425 0.961572 0.313300 0.000000 0.000000 0.000000 1.000000
0.980029 -0.099567 -0.172133 0.000000 0.135588 0.967782 0.212164 3.280200 0.145463 -0.231266 0.961955 0.313300 0.000000 0.000000 0.000000 1.000000
0.979441 -0.093647 -0.178676 0.000000 0.130823 0.969078 0.209220 3.280200 0.153558 -0.228293 0.961406 0.313300 0.000000 0.000000 0.000000 1.000000
0.977390 -0.092807 -0.189990 0.000000 0.132369 0.969236 0.207508 3.280200 0.164887 -0.227964 0.959606 0.313300 0.000000 0.000000 0.000000 1.000000
0.973814 -0.097183 -0.205530 0.000000 0.139769 0.968923 0.204089 3.280200 0.179309 -0.227471 0.957134 0.313300 0.000000 0.000000 0.000000 1.000000
0.973793 -0.082831 -0.211814 0.000000 0.126893 0.970763 0.203759 3.280200 0.188744 -0.225297 0.955833 0.313300 0.000000 0.000000 0.000000 1.000000
0.969495 -0.085914 -0.229559 -0.000000 0.134946 0.968928 0.207289 3.280200 0.204617 -0.231944 0.950965 0.313300 0.000000 0.000000 0.000000 1.000000
0.965465 -0.087218 -0.245502 -0.000000 0.140449 0.967891 0.208475 3.280200 0.219436 -0.235755 0.946714 0.313300 0.000000 0.000000 0.000000 1.000000
0.962354 -0.085922 -0.257862 0.000000 0.141736 0.968154 0.206370 3.280200 0.231919 -0.235150 0.943885 0.313300 0.000000 0.000000 0.000000 1.000000
0.960911 -0.079155 -0.265302 0.000000 0.137196 0.968466 0.207968 3.280200 0.240474 -0.236237 0.941469 0.313300 0.000000 0.000000 0.000000 1.000000
0.960970 -0.065579 -0.268767 0.000000 0.123301 0.971199 0.203886 3.280200 0.247655 -0.229067 0.941379 0.313300 0.000000 0.000000 0.000000 1.000000
0.960991 -0.051963 -0.271654 0.000000 0.109810 0.973145 0.202313 3.280200 0.253847 -0.224251 0.940890 0.313300 0.000000 0.000000 0.000000 1.000000
0.961243 -0.040178 -0.272760 0.000000 0.096324 0.975921 0.195704 3.280200 0.258329 -0.214393 0.941967 0.313300 0.000000 0.000000 0.000000 1.000000
0.963104 -0.025559 -0.267913 0.000000 0.079510 0.978067 0.192518 3.280200 0.257116 -0.206717 0.944012 0.313300 0.000000 0.000000 0.000000 1.000000
0.963707 -0.019626 -0.266240 0.000000 0.074562 0.977394 0.197842 3.280200 0.256338 -0.210513 0.943385 0.313300 0.000000 0.000000 0.000000 1.000000
0.966153 0.000363 -0.257969 -0.000000 0.053199 0.978224 0.200619 3.280200 0.252424 -0.207552 0.945095 0.313300 0.000000 0.000000 0.000000 1.000000
0.967537 0.017576 -0.252118 0.000000 0.035434 0.978291 0.204185 3.280200 0.250233 -0.206490 0.945910 0.313300 0.000000 0.000000 0.000000 1.000000
0.968149 0.029488 -0.248631 0.000000 0.024091 0.977461 0.209737 3.280200 0.249212 -0.209047 0.945618 0.313300 0.000000 0.000000 0.000000 1.000000
0.967193 0.036197 -0.251450 -0.000000 0.019300 0.976467 0.214802 3.280200 0.253308 -0.212608 0.943733 0.313300 0.000000 0.000000 0.000000 1.000000
0.965554 0.040439 -0.257042 -0.000000 0.017550 0.975479 0.219392 3.280200 0.259611 -0.216346 0.941168 0.313300 0.000000 0.000000 0.000000 1.000000
0.963158 0.043097 -0.265460 0.000000 0.017710 0.974770 0.222509 3.280200 0.268351 -0.219013 0.938094 0.313300 0.000000 0.000000 0.000000 1.000000
0.959867 0.045082 -0.276807 0.000000 0.018768 0.974458 0.223784 3.280200 0.279825 -0.219998 0.934504 0.313300 0.000000 0.000000 0.000000 1.000000
0.955783 0.046364 -0.290394 0.000000 0.020305 0.974731 0.222456 3.280200 0.293370 -0.218516 0.930690 0.313300 0.000000 0.000000 0.000000 1.000000
0.951049 0.041073 -0.306299 0.000000 0.027123 0.976211 0.215121 3.280200 0.307848 -0.212898 0.927310 0.313300 0.000000 0.000000 0.000000 1.000000
0.945065 0.028942 -0.325599 0.000000 0.039195 0.978854 0.200772 3.280200 0.324525 -0.202505 0.923946 0.313300 0.000000 0.000000 0.000000 1.000000
0.938302 0.012716 -0.345584 0.000000 0.052841 0.982317 0.179613 3.280200 0.341757 -0.186792 0.921038 0.313300 0.000000 0.000000 0.000000 1.000000
0.931233 -0.005528 -0.364383 -0.000000 0.065746 0.986027 0.153065 3.280200 0.358445 -0.166496 0.918584 0.313300 0.000000 0.000000 0.000000 1.000000
0.925315 -0.021217 -0.378604 0.000000 0.075046 0.988932 0.127994 3.280200 0.371698 -0.146848 0.916666 0.313300 0.000000 0.000000 0.000000 1.000000
0.921318 -0.032471 -0.387452 0.000000 0.080203 0.990947 0.107666 3.280200 0.380448 -0.130270 0.915581 0.313300 0.000000 0.000000 0.000000 1.000000
0.918879 -0.040918 -0.392412 0.000000 0.083314 0.992303 0.091619 3.280200 0.385643 -0.116880 0.915215 0.313300 0.000000 0.000000 0.000000 1.000000
0.917463 -0.048512 -0.394853 0.000000 0.086318 0.993167 0.078544 3.280200 0.388345 -0.106144 0.915381 0.313300 0.000000 0.000000 0.000000 1.000000
0.917424 -0.054099 -0.394216 -0.000000 0.088527 0.993635 0.069663 3.280200 0.387938 -0.098810 0.916373 0.313300 0.000000 0.000000 0.000000 1.000000
0.917655 -0.056614 -0.393324 0.000000 0.089788 0.993742 0.066445 3.280200 0.387101 -0.096290 0.916996 0.313300 0.000000 0.000000 0.000000 1.000000</float_array>
        <technique_common>
          <accessor source="#mixamorig_Head-Matrix-animation-output-transform-array" count="50" stride="16">
            <param type="float4x4"/>
          </accessor>
        </technique_common>
      </source>
      <source id="mixamorig_Head-Interpolations">
        <Name_array id="mixamorig_Head-Interpolations-array" count="50">
 LINEAR LINEAR LINEAR LINEAR LINEAR LINEAR LINEAR LINEAR LINEAR LINEAR LINEAR
LINEAR LINEAR LINEAR LINEAR LINEAR LINEAR LINEAR LINEAR LINEAR LINEAR LINEAR LINEAR
LINEAR LINEAR LINEAR LINEAR LINEAR LINEAR LINEAR LINEAR LINEAR LINEAR LINEAR LINEAR
LINEAR LINEAR LINEAR LINEAR LINEAR LINEAR LINEAR LINEAR LINEAR LINEAR LINEAR LINEAR
LINEAR LINEAR LINEAR</Name_array>
        <technique_common>
          <accessor source="#mixamorig_Head-Interpolations-array" count="50">
            <param type="name"/>
          </accessor>
        </technique_common>
      </source>
      <sampler id="mixamorig_Head-Matrix-animation-transform">
        <input semantic="INPUT" source="#mixamorig_Head-Matrix-animation-input"/>
        <input semantic="OUTPUT" source="#mixamorig_Head-Matrix-animation-output-transform"/>
        <input semantic="INTERPOLATION" source="#mixamorig_Head-Interpolations"/>
      </sampler>
      <channel source="#mixamorig_Head-Matrix-animation-transform" target="mixamorig_Head/matrix"/>
    </animation>
    <animation id="mixamorig_LeftShoulder-anim" name="mixamorig_LeftShoulder">
      <source id="mixamorig_LeftShoulder-Matrix-animation-input">
        <float_array id="mixamorig_LeftShoulder-Matrix-animation-input-array" count="50">

0.000000 0.033333 0.066667 0.100000 0.133333 0.166667 0.200000 0.233333 0.266667 0.300000 0.333333 0.366667 0.400000 0.433333 0.466667 0.500000
0.533333 0.566667 0.600000 0.633333 0.666667 0.700000 0.733333 0.766667 0.800000 0.833333 0.866667 0.900000 0.933333 0.966667 1.000000 1.033333
1.066667 1.100000 1.133333 1.166667 1.200000 1.233333 1.266667 1.300000 1.333333 1.366667 1.400000 1.433333 1.466667 1.500000 1.533333 1.566667
1.600000 1.633333</float_array>
        <technique_common>
          <accessor source="#mixamorig_LeftShoulder-Matrix-animation-input-array" count="50">
            <param name="TIME" type="float"/>
          </accessor>
        </technique_common>
      </source>
      <source id="mixamorig_LeftShoulder-Matrix-animation-output-transform">
        <float_array id="mixamorig_LeftShoulder-Matrix-animation-output-transform-array" count="800">

0.415830 0.881548 -0.223514 6.728800 -0.081445 -0.208685 -0.974586 11.756600 -0.905788 0.423466 -0.014980 -2.058500 0.000000 0.000000 0.000000 1.000000
0.412228 0.882147 -0.227783 6.728800 -0.082994 -0.212616 -0.973605 11.756600 -0.907292 0.420252 -0.014433 -2.058500 0.000000 0.000000 0.000000 1.000000
0.406362 0.883416 -0.233337 6.728800 -0.084594 -0.217901 -0.972298 11.756600 -0.909788 0.414843 -0.013815 -2.058500 0.000000 0.000000 0.000000 1.000000
0.402038 0.884145 -0.238018 6.728800 -0.086255 -0.222225 -0.971173 11.756600 -0.911551 0.410978 -0.013080 -2.058500 0.000000 0.000000 0.000000 1.000000
0.401391 0.883943 -0.239855 6.728800 -0.086938 -0.223925 -0.970721 11.756600 -0.911771 0.410491 -0.013033 -2.058500 0.000000 0.000000 0.000000 1.000000
0.401737 0.882971 -0.242837 6.728800 -0.087258 -0.227061 -0.969964 11.756600 -0.911588 0.410860 -0.014172 -2.058500 0.000000 0.000000 0.000000 1.000000
0.403749 0.880927 -0.246890 6.728800 -0.088648 -0.230924 -0.968925 11.756600 -0.910565 0.413089 -0.015143 -2.058500 0.000000 0.000000 0.000000 1.000000
0.408471 0.880165 -0.241787 6.728800 -0.087213 -0.226047 -0.970204 11.756600 -0.908595 0.417388 -0.015572 -2.058500 0.000000 0.000000 0.000000 1.000000
0.412270 0.878900 -0.239933 6.728800 -0.087579 -0.223904 -0.970668 11.756600 -0.906843 0.421191 -0.015335 -2.058500 0.000000 0.000000 0.000000 1.000000
0.414080 0.878204 -0.239366 6.728800 -0.087910 -0.223157 -0.970810 11.756600 -0.905986 0.423036 -0.015202 -2.058500 0.000000 0.000000 0.000000 1.000000
0.413082 0.878139 -0.241318 6.728800 -0.088549 -0.224998 -0.970327 11.756600 -0.906379 0.422193 -0.015184 -2.058500 0.000000 0.000000 0.000000 1.000000
0.410898 0.879037 -0.241777 6.728800 -0.088601 -0.225441 -0.970220 11.756600 -0.907366 0.420083 -0.014750 -2.058500 0.000000 0.000000 0.000000 1.000000
0.409887 0.879433 -0.242054 6.728800 -0.088456 -0.225795 -0.970151 11.756600 -0.907837 0.419064 -0.014760 -2.058500 0.000000 0.000000 0.000000 1.000000
0.409857 0.879398 -0.242231 6.728800 -0.088324 -0.226051 -0.970103 11.756600 -0.907863 0.418999 -0.014977 -2.058500 0.000000 0.000000 0.000000 1.000000
0.410417 0.879097 -0.242379 6.728800 -0.088400 -0.226189 -0.970064 11.756600 -0.907603 0.419557 -0.015120 -2.058500 0.000000 0.000000 0.000000 1.000000
0.411294 0.878748 -0.242155 6.728800 -0.088449 -0.225936 -0.970118 11.756600 -0.907201 0.420423 -0.015202 -2.058500 0.000000 0.000000 0.000000 1.000000
0.411062 0.879220 -0.240834 6.728800 -0.088260 -0.224560 -0.970455 11.756600 -0.907325 0.420173 -0.014708 -2.058500 0.000000 0.000000 0.000000 1.000000
0.411774 0.879515 -0.238527 6.728800 -0.087839 -0.222222 -0.971031 11.756600 -0.907043 0.420798 -0.014250 -2.058500 0.000000 0.000000 0.000000 1.000000
0.412102 0.880107 -0.235762 6.728800 -0.087488 -0.219337 -0.971719 11.756600 -0.906928 0.421074 -0.013390 -2.058500 0.000000 0.000000 0.000000 1.000000
0.411854 0.880802 -0.233588 6.728800 -0.087441 -0.216956 -0.972257 11.756600 -0.907045 0.420854 -0.012335 -2.058500 0.000000 0.000000 0.000000 1.000000
0.412284 0.880728 -0.233109 6.728800 -0.087653 -0.216334 -0.972377 11.756600 -0.906829 0.421328 -0.011993 -2.058500 0.000000 0.000000 0.000000 1.000000
0.418671 0.877668 -0.233268 6.728800 -0.088086 -0.216405 -0.972322 11.756600 -0.903856 0.427631 -0.013292 -2.058500 0.000000 0.000000 0.000000 1.000000
0.418461 0.877865 -0.232901 6.728800 -0.087999 -0.216037 -0.972412 11.756600 -0.903962 0.427411 -0.013152 -2.058500 0.000000 0.000000 0.000000 1.000000
0.414685 0.879900 -0.231973 6.728800 -0.087694 -0.215096 -0.972648 11.756600 -0.905729 0.423685 -0.012035 -2.058500 0.000000 0.000000 0.000000 1.000000
0.419122 0.877889 -0.231617 6.728800 -0.088085 -0.214585 -0.972725 11.756600 -0.903647 0.428093 -0.012608 -2.058500 0.000000 0.000000 0.000000 1.000000
0.413420 0.880346 -0.232539 6.728800 -0.088598 -0.215281 -0.972525 11.756600 -0.906220 0.422663 -0.011005 -2.058500 0.000000 0.000000 0.000000 1.000000
0.410650 0.880937 -0.235194 6.728800 -0.089549 -0.217734 -0.971891 11.756600 -0.907385 0.420169 -0.010525 -2.058500 0.000000 0.000000 0.000000 1.000000
0.409107 0.881891 -0.234308 6.728800 -0.089462 -0.216778 -0.972113 11.756600 -0.908090 0.418660 -0.009790 -2.058500 0.000000 0.000000 0.000000 1.000000
0.412931 0.880618 -0.232379 6.728800 -0.089352 -0.214746 -0.972574 11.756600 -0.906369 0.422370 -0.009991 -2.058500 0.000000 0.000000 0.000000 1.000000
0.411633 0.881583 -0.231019 6.728800 -0.089333 -0.213239 -0.972907 11.756600 -0.906961 0.421118 -0.009022 -2.058500 0.000000 0.000000 0.000000 1.000000
0.409042 0.883666 -0.227638 6.728800 -0.088171 -0.210021 -0.973713 11.756600 -0.908246 0.418361 -0.007993 -2.058500 0.000000 0.000000 0.000000 1.000000
0.405117 0.886930 -0.221891 6.728800 -0.085598 -0.204837 -0.975046 11.756600 -0.910249 0.414001 -0.007064 -2.058500 0.000000 0.000000 0.000000 1.000000
0.400525 0.889654 -0.219305 6.728800 -0.083898 -0.202729 -0.975634 11.756600 -0.912437 0.409165 -0.006557 -2.058500 0.000000 0.000000 0.000000 1.000000
0.399782 0.890165 -0.218590 6.728800 -0.082725 -0.202463 -0.975789 11.756600 -0.912870 0.408186 -0.007302 -2.058500 0.000000 0.000000 0.000000 1.000000
0.401104 0.889814 -0.217593 6.728800 -0.081455 -0.201951 -0.976002 11.756600 -0.912404 0.409202 -0.008523 -2.058500 0.000000 0.000000 0.000000 1.000000
0.400854 0.890645 -0.214631 6.728800 -0.079709 -0.199483 -0.976654 11.756600 -0.912668 0.408604 -0.008972 -2.058500 0.000000 0.000000 0.000000 1.000000
0.401961 0.890199 -0.214413 6.728800 -0.079119 -0.199521 -0.976694 11.756600 -0.912232 0.409557 -0.009768 -2.058500 0.000000 0.000000 0.000000 1.000000
0.403069 0.888808 -0.218073 6.728800 -0.080570 -0.202898 -0.975880 11.756600 -0.911616 0.410917 -0.010171 -2.058500 0.000000 0.000000 0.000000 1.000000
0.402321 0.887781 -0.223568 6.728800 -0.082858 -0.207891 -0.974636 11.756600 -0.911741 0.410641 -0.010079 -2.058500 0.000000 0.000000 0.000000 1.000000
0.403172 0.885998 -0.229040 6.728800 -0.085392 -0.212767 -0.973364 11.756600 -0.911131 0.411992 -0.010125 -2.058500 0.000000 0.000000 0.000000 1.000000
0.405325 0.884836 -0.229731 6.728800 -0.085623 -0.213449 -0.973195 11.756600 -0.910154 0.414131 -0.010754 -2.058500 0.000000 0.000000 0.000000 1.000000
0.411452 0.881731 -0.230777 6.728800 -0.086034 -0.214499 -0.972928 11.756600 -0.907362 0.420168 -0.012398 -2.058500 0.000000 0.000000 0.000000 1.000000
0.414651 0.879901 -0.232032 6.728800 -0.086090 -0.215910 -0.972611 11.756600 -0.905899 0.423270 -0.013776 -2.058500 0.000000 0.000000 0.000000 1.000000
0.416733 0.878760 -0.232624 6.728800 -0.085917 -0.216683 -0.972454 11.756600 -0.904960 0.425240 -0.014799 -2.058500 0.000000 0.000000 0.000000 1.000000
0.412800 0.880665 -0.232435 6.728800 -0.085390 -0.216650 -0.972508 11.756600 -0.906810 0.421299 -0.014233 -2.058500 0.000000 0.000000 0.000000 1.000000
0.413111 0.880585 -0.232183 6.728800 -0.085339 -0.216401 -0.972568 11.756600 -0.906673 0.421593 -0.014249 -2.058500 0.000000 0.000000 0.000000 1.000000
0.416531 0.879532 -0.230056 6.728800 -0.084637 -0.214438 -0.973064 11.756600 -0.905173 0.424783 -0.014879 -2.058500 0.000000 0.000000 0.000000 1.000000
0.415851 0.880915 -0.225957 6.728800 -0.082667 -0.210815 -0.974024 11.756600 -0.905668 0.423729 -0.014845 -2.058500 0.000000 0.000000 0.000000 1.000000
0.415803 0.881281 -0.224615 6.728800 -0.081939 -0.209671 -0.974333 11.756600 -0.905756 0.423535 -0.014971 -2.058500 0.000000 0.000000 0.000000 1.000000
0.415803 0.881561 -0.223513 6.728800 -0.081444 -0.208684 -0.974586 11.756600 -0.905801 0.423439 -0.014974 -2.058500 0.000000 0.000000 0.000000 1.000000</float_array>
        <technique_common>
          <accessor source="#mixamorig_LeftShoulder-Matrix-animation-output-transform-array" count="50" stride="16">
            <param type="float4x4"/>
          </accessor>
        </technique_common>
      </source>
      <source id="mixamorig_LeftShoulder-Interpolations">
        <Name_array id="mixamorig_LeftShoulder-Interpolations-array" count="50">
 LINEAR LINEAR LINEAR LINEAR LINEAR LINEAR LINEAR LINEAR LINEAR LINEAR LINEAR
LINEAR LINEAR LINEAR LINEAR LINEAR LINEAR LINEAR LINEAR LINEAR LINEAR LINEAR LINEAR
LINEAR LINEAR LINEAR LINEAR LINEAR LINEAR LINEAR LINEAR LINEAR LINEAR LINEAR LINEAR
LINEAR LINEAR LINEAR LINEAR LINEAR LINEAR LINEAR LINEAR LINEAR LINEAR LINEAR LINEAR
LINEAR LINEAR LINEAR</Name_array>
        <technique_common>
          <accessor source="#mixamorig_LeftShoulder-Interpolations-array" count="50">
            <param type="name"/>
          </accessor>
        </technique_common>
      </source>
      <sampler id="mixamorig_LeftShoulder-Matrix-animation-transform">
        <input semantic="INPUT" source="#mixamorig_LeftShoulder-Matrix-animation-input"/>
        <input semantic="OUTPUT" source="#mixamorig_LeftShoulder-Matrix-animation-output-transform"/>
        <input semantic="INTERPOLATION" source="#mixamorig_LeftShoulder-Interpolations"/>
      </sampler>
      <channel source="#mixamorig_LeftShoulder-Matrix-animation-transform" target="mixamorig_LeftShoulder/matrix"/>
    </animation>
    <animation id="mixamorig_LeftArm-anim" name="mixamorig_LeftArm">
      <source id="mixamorig_LeftArm-Matrix-animation-input">
        <float_array id="mixamorig_LeftArm-Matrix-animation-input-array" count="50">

0.000000 0.033333 0.066667 0.100000 0.133333 0.166667 0.200000 0.233333 0.266667 0.300000 0.333333 0.366667 0.400000 0.433333 0.466667 0.500000
0.533333 0.566667 0.600000 0.633333 0.666667 0.700000 0.733333 0.766667 0.800000 0.833333 0.866667 0.900000 0.933333 0.966667 1.000000 1.033333
1.066667 1.100000 1.133333 1.166667 1.200000 1.233333 1.266667 1.300000 1.333333 1.366667 1.400000 1.433333 1.466667 1.500000 1.533333 1.566667
1.600000 1.633333</float_array>
        <technique_common>
          <accessor source="#mixamorig_LeftArm-Matrix-animation-input-array" count="50">
            <param name="TIME" type="float"/>
          </accessor>
        </technique_common>
      </source>
      <source id="mixamorig_LeftArm-Matrix-animation-output-transform">
        <float_array id="mixamorig_LeftArm-Matrix-animation-output-transform-array" count="800">

0.813920 0.403317 -0.418174 -0.000000 -0.580056 0.604660 -0.545823 14.448800 0.032714 0.686820 0.726091 0.000000 0.000000 0.000000 0.000000 1.000000
0.812827 0.415545 -0.408209 0.000000 -0.581978 0.609126 -0.538765 14.448800 0.024770 0.675491 0.736952 0.000000 0.000000 0.000000 0.000000 1.000000
0.818655 0.408192 -0.403958 -0.000000 -0.573314 0.621784 -0.533568 14.448800 0.033377 0.668404 0.743049 0.000000 0.000000 0.000000 0.000000 1.000000
0.824651 0.398044 -0.401885 0.000000 -0.564113 0.630941 -0.532626 14.448800 0.041557 0.665939 0.744848 0.000000 0.000000 0.000000 0.000000 1.000000
0.829434 0.386723 -0.403094 0.000000 -0.556554 0.633877 -0.537073 14.448800 0.047814 0.669810 0.740992 0.000000 0.000000 0.000000 0.000000 1.000000
0.834511 0.368379 -0.409742 0.000000 -0.547727 0.635446 -0.544246 14.448800 0.059880 0.678606 0.732058 0.000000 0.000000 0.000000 0.000000 1.000000
0.843049 0.342836 -0.414406 0.000000 -0.532744 0.638082 -0.555909 14.448800 0.073840 0.689431 0.720578 0.000000 0.000000 0.000000 0.000000 1.000000
0.857515 0.303908 -0.415100 0.000000 -0.506656 0.638877 -0.578909 14.448800 0.089263 0.706736 0.701823 -0.000000 0.000000 0.000000 0.000000 1.000000
0.869681 0.274817 -0.410037 0.000000 -0.483999 0.637913 -0.599010 14.448800 0.096950 0.719405 0.687792 0.000000 0.000000 0.000000 0.000000 1.000000
0.880852 0.246307 -0.404267 0.000000 -0.461603 0.636285 -0.618113 14.448800 0.104983 0.731077 0.674170 0.000000 0.000000 0.000000 0.000000 1.000000
0.892305 0.208507 -0.400396 0.000000 -0.434326 0.638371 -0.635487 14.448800 0.123098 0.740950 0.660182 -0.000000 0.000000 0.000000 0.000000 1.000000
0.901201 0.158568 -0.403352 -0.000000 -0.405166 0.638659 -0.654182 14.448800 0.153872 0.752974 0.639807 0.000000 0.000000 0.000000 0.000000 1.000000
0.906111 0.108981 -0.408761 0.000000 -0.379627 0.635840 -0.672005 14.448800 0.186670 0.764088 0.617514 0.000000 0.000000 0.000000 0.000000 1.000000
0.908366 0.062468 -0.413485 -0.000000 -0.356972 0.630856 -0.688906 14.448800 0.217814 0.773381 0.595347 0.000000 0.000000 0.000000 0.000000 1.000000
0.908797 0.021382 -0.416690 0.000000 -0.337046 0.626303 -0.702955 14.448800 0.245944 0.779287 0.576389 -0.000000 0.000000 0.000000 0.000000 1.000000
0.907619 -0.008605 -0.419706 0.000000 -0.323193 0.623727 -0.711696 14.448800 0.267907 0.781595 0.563326 0.000000 0.000000 0.000000 0.000000 1.000000
0.905745 -0.022209 -0.423240 0.000000 -0.318620 0.622831 -0.714537 14.448800 0.279476 0.782041 0.557050 0.000000 0.000000 0.000000 0.000000 1.000000
0.903435 -0.019671 -0.428274 0.000000 -0.323871 0.623229 -0.711824 14.448800 0.280915 0.781792 0.556676 0.000000 0.000000 0.000000 0.000000 1.000000
0.901844 -0.006718 -0.432010 -0.000000 -0.333296 0.625448 -0.705499 14.448800 0.274939 0.780237 0.561817 0.000000 0.000000 0.000000 0.000000 1.000000
0.901262 0.002889 -0.433266 0.000000 -0.337926 0.630537 -0.698734 14.448800 0.271171 0.776154 0.569255 0.000000 0.000000 0.000000 0.000000 1.000000
0.900829 0.004892 -0.434146 -0.000000 -0.336941 0.638508 -0.691938 14.448800 0.273821 0.769600 0.576835 0.000000 0.000000 0.000000 0.000000 1.000000
0.898848 0.000923 -0.438259 -0.000000 -0.334218 0.648310 -0.684100 14.448800 0.283496 0.761376 0.583041 0.000000 0.000000 0.000000 0.000000 1.000000
0.900560 -0.007652 -0.434664 -0.000000 -0.322811 0.657913 -0.680400 14.448800 0.291178 0.753055 0.590020 0.000000 0.000000 0.000000 0.000000 1.000000
0.904953 -0.016856 -0.425177 0.000000 -0.306757 0.666637 -0.679335 14.448800 0.294890 0.745192 0.598104 0.000000 0.000000 0.000000 0.000000 1.000000
0.906821 -0.016390 -0.421196 0.000000 -0.300863 0.674688 -0.674001 14.448800 0.295223 0.737921 0.606890 0.000000 0.000000 0.000000 0.000000 1.000000
0.911822 -0.014591 -0.410326 0.000000 -0.291488 0.680820 -0.671951 14.448800 0.289163 0.732305 0.616534 -0.000000 0.000000 0.000000 0.000000 1.000000
0.913468 -0.000710 -0.406911 -0.000000 -0.295684 0.685844 -0.664973 14.448800 0.279549 0.727748 0.626286 0.000000 0.000000 0.000000 0.000000 1.000000
0.913341 0.016075 -0.406879 -0.000000 -0.304982 0.689083 -0.657382 14.448800 0.269806 0.724505 0.634270 0.000000 0.000000 0.000000 0.000000 1.000000
0.909495 0.041777 -0.413610 0.000000 -0.324974 0.691916 -0.644705 14.448800 0.259249 0.720769 0.642870 0.000000 0.000000 0.000000 0.000000 1.000000
0.907079 0.069387 -0.415203 0.000000 -0.342418 0.695339 -0.631865 14.448800 0.244863 0.715324 0.654487 0.000000 0.000000 0.000000 0.000000 1.000000
0.906435 0.098018 -0.410813 0.000000 -0.356734 0.698389 -0.620479 14.448800 0.226089 0.708975 0.668011 0.000000 0.000000 0.000000 0.000000 1.000000
0.905144 0.121163 -0.407473 0.000000 -0.369211 0.699162 -0.612254 14.448800 0.210707 0.704622 0.677577 0.000000 0.000000 0.000000 0.000000 1.000000
0.902762 0.148105 -0.403839 0.000000 -0.384620 0.698289 -0.603705 14.448800 0.192584 0.700327 0.687353 0.000000 0.000000 0.000000 0.000000 1.000000
0.895675 0.184779 -0.404503 0.000000 -0.410901 0.691733 -0.593857 14.448800 0.170076 0.698114 0.695494 -0.000000 0.000000 0.000000 0.000000 1.000000
0.882810 0.233732 -0.407450 0.000000 -0.448563 0.676933 -0.583568 14.448800 0.139418 0.697947 0.702447 0.000000 0.000000 0.000000 0.000000 1.000000
0.868361 0.282167 -0.407836 0.000000 -0.484702 0.656890 -0.577546 14.448800 0.104940 0.699198 0.707185 0.000000 0.000000 0.000000 0.000000 1.000000
0.851142 0.327745 -0.410049 0.000000 -0.519661 0.636526 -0.569901 14.448800 0.074224 0.698153 0.712090 0.000000 0.000000 0.000000 0.000000 1.000000
0.834615 0.364907 -0.412627 0.000000 -0.548581 0.618318 -0.562797 14.448800 0.049766 0.696078 0.716239 0.000000 0.000000 0.000000 0.000000 1.000000
0.821603 0.392075 -0.413819 0.000000 -0.569186 0.604400 -0.557430 14.448800 0.031557 0.693526 0.719740 -0.000000 0.000000 0.000000 0.000000 1.000000
0.812245 0.409709 -0.415206 0.000000 -0.582986 0.594128 -0.554202 14.448800 0.019624 0.692207 0.721432 0.000000 0.000000 0.000000 0.000000 1.000000
0.805952 0.419068 -0.418118 0.000000 -0.591877 0.583628 -0.555931 14.448800 0.011053 0.695529 0.718413 0.000000 0.000000 0.000000 0.000000 1.000000
0.799685 0.426124 -0.422992 0.000000 -0.600386 0.574948 -0.555852 14.448800 0.006337 0.698465 0.715616 0.000000 0.000000 0.000000 0.000000 1.000000
0.798341 0.426359 -0.425288 0.000000 -0.602178 0.571978 -0.556977 14.448800 0.005783 0.700756 0.713377 0.000000 0.000000 0.000000 0.000000 1.000000
0.801041 0.421144 -0.425406 0.000000 -0.598541 0.574220 -0.558587 14.448800 0.009031 0.702075 0.712046 0.000000 0.000000 0.000000 0.000000 1.000000
0.808717 0.411628 -0.420165 0.000000 -0.588055 0.581560 -0.562121 14.448800 0.012966 0.701677 0.712378 0.000000 0.000000 0.000000 0.000000 1.000000
0.813304 0.404140 -0.418579 0.000000 -0.581479 0.589890 -0.560279 14.448800 0.020485 0.699072 0.714758 0.000000 0.000000 0.000000 0.000000 1.000000
0.814695 0.399903 -0.419940 0.000000 -0.579202 0.596398 -0.555729 14.448800 0.028214 0.695980 0.717507 0.000000 0.000000 0.000000 0.000000 1.000000
0.816826 0.396063 -0.419439 0.000000 -0.575939 0.601492 -0.553626 14.448800 0.033019 0.693787 0.719423 0.000000 0.000000 0.000000 0.000000 1.000000
0.815879 0.398614 -0.418866 0.000000 -0.577190 0.604719 -0.548786 14.448800 0.034542 0.689508 0.723453 0.000000 0.000000 0.000000 0.000000 1.000000
0.813920 0.403317 -0.418175 0.000000 -0.580056 0.604659 -0.545824 14.448800 0.032713 0.686821 0.726090 0.000000 0.000000 0.000000 0.000000 1.000000</float_array>
        <technique_common>
          <accessor source="#mixamorig_LeftArm-Matrix-animation-output-transform-array" count="50" stride="16">
            <param type="float4x4"/>
          </accessor>
        </technique_common>
      </source>
      <source id="mixamorig_LeftArm-Interpolations">
        <Name_array id="mixamorig_LeftArm-Interpolations-array" count="50">
 LINEAR LINEAR LINEAR LINEAR LINEAR LINEAR LINEAR LINEAR LINEAR LINEAR LINEAR
LINEAR LINEAR LINEAR LINEAR LINEAR LINEAR LINEAR LINEAR LINEAR LINEAR LINEAR LINEAR
LINEAR LINEAR LINEAR LINEAR LINEAR LINEAR LINEAR LINEAR LINEAR LINEAR LINEAR LINEAR
LINEAR LINEAR LINEAR LINEAR LINEAR LINEAR LINEAR LINEAR LINEAR LINEAR LINEAR LINEAR
LINEAR LINEAR LINEAR</Name_array>
        <technique_common>
          <accessor source="#mixamorig_LeftArm-Interpolations-array" count="50">
            <param type="name"/>
          </accessor>
        </technique_common>
      </source>
      <sampler id="mixamorig_LeftArm-Matrix-animation-transform">
        <input semantic="INPUT" source="#mixamorig_LeftArm-Matrix-animation-input"/>
        <input semantic="OUTPUT" source="#mixamorig_LeftArm-Matrix-animation-output-transform"/>
        <input semantic="INTERPOLATION" source="#mixamorig_LeftArm-Interpolations"/>
      </sampler>
      <channel source="#mixamorig_LeftArm-Matrix-animation-transform" target="mixamorig_LeftArm/matrix"/>
    </animation>
    <animation id="mixamorig_LeftForeArm-anim" name="mixamorig_LeftForeArm">
      <source id="mixamorig_LeftForeArm-Matrix-animation-input">
        <float_array id="mixamorig_LeftForeArm-Matrix-animation-input-array" count="50">

0.000000 0.033333 0.066667 0.100000 0.133333 0.166667 0.200000 0.233333 0.266667 0.300000 0.333333 0.366667 0.400000 0.433333 0.466667 0.500000
0.533333 0.566667 0.600000 0.633333 0.666667 0.700000 0.733333 0.766667 0.800000 0.833333 0.866667 0.900000 0.933333 0.966667 1.000000 1.033333
1.066667 1.100000 1.133333 1.166667 1.200000 1.233333 1.266667 1.300000 1.333333 1.366667 1.400000 1.433333 1.466667 1.500000 1.533333 1.566667
1.600000 1.633333</float_array>
        <technique_common>
          <accessor source="#mixamorig_LeftForeArm-Matrix-animation-input-array" count="50">
            <param name="TIME" type="float"/>
          </accessor>
        </technique_common>
      </source>
      <source id="mixamorig_LeftForeArm-Matrix-animation-output-transform">
        <float_array id="mixamorig_LeftForeArm-Matrix-animation-output-transform-array" count="800">

0.661911 -0.741067 -0.112664 -0.000000 0.705053 0.666550 -0.242099 23.160299 0.254508 0.080814 0.963688 0.000000 0.000000 0.000000 0.000000 1.000000
0.684089 -0.714762 -0.145386 0.000000 0.672627 0.695283 -0.253290 23.160299 0.282127 0.075482 0.956403 0.000000 0.000000 0.000000 0.000000 1.000000
0.706394 -0.685962 -0.174538 -0.000000 0.639445 0.724187 -0.258192 23.160299 0.303508 0.070778 0.950196 0.000000 0.000000 0.000000 0.000000 1.000000
0.713664 -0.673211 -0.193576 -0.000000 0.622865 0.736309 -0.264366 23.160299 0.320505 0.068096 0.944796 0.000000 0.000000 0.000000 0.000000 1.000000
0.710011 -0.674288 -0.203026 0.000000 0.620643 0.735414 -0.271971 23.160299 0.332695 0.067096 0.940645 0.000000 0.000000 0.000000 0.000000 1.000000
0.704079 -0.679592 -0.205979 0.000000 0.623812 0.730510 -0.277873 23.160299 0.339310 0.067153 0.938274 0.000000 0.000000 0.000000 0.000000 1.000000
0.702974 -0.678911 -0.211914 0.000000 0.621834 0.731322 -0.280161 23.160299 0.345182 0.065171 0.936270 0.000000 0.000000 0.000000 0.000000 1.000000
0.715186 -0.661544 -0.225541 -0.000000 0.605290 0.747581 -0.273400 23.160299 0.349476 0.059014 0.935085 0.000000 0.000000 0.000000 0.000000 1.000000
0.719043 -0.654888 -0.232590 0.000000 0.600047 0.753875 -0.267612 23.160299 0.350600 0.052859 0.935032 0.000000 0.000000 0.000000 0.000000 1.000000
0.720254 -0.653539 -0.232640 -0.000000 0.601370 0.755399 -0.260244 23.160299 0.345815 0.047539 0.937098 0.000000 0.000000 0.000000 0.000000 1.000000
0.724419 -0.649299 -0.231575 0.000000 0.600260 0.759316 -0.251251 23.160299 0.338976 0.043006 0.939812 -0.000000 0.000000 0.000000 0.000000 1.000000
0.739685 -0.633125 -0.228077 0.000000 0.589293 0.773054 -0.234782 23.160299 0.324962 0.039260 0.944912 -0.000000 0.000000 0.000000 0.000000 1.000000
0.757458 -0.614539 -0.220454 0.000000 0.576650 0.788060 -0.215489 23.160299 0.306157 0.036100 0.951296 0.000000 0.000000 0.000000 0.000000 1.000000
0.776058 -0.595401 -0.207922 0.000000 0.563911 0.802740 -0.193939 23.160299 0.282379 0.033258 0.958726 -0.000000 0.000000 0.000000 0.000000 1.000000
0.795016 -0.576241 -0.189463 0.000000 0.551300 0.816686 -0.170564 23.160299 0.253018 0.031150 0.966960 0.000000 0.000000 0.000000 0.000000 1.000000
0.811060 -0.561635 -0.163547 -0.000000 0.542665 0.826790 -0.148098 23.160299 0.218396 0.031365 0.975356 0.000000 0.000000 0.000000 0.000000 1.000000
0.820838 -0.556109 -0.130264 0.000000 0.542296 0.830401 -0.127863 23.160299 0.179277 0.034314 0.983200 0.000000 0.000000 0.000000 0.000000 1.000000
0.820049 -0.565327 -0.089019 0.000000 0.556164 0.823906 -0.108902 23.160299 0.134909 0.039796 0.990059 0.000000 0.000000 0.000000 0.000000 1.000000
0.810397 -0.584144 -0.045077 0.000000 0.579149 0.810341 -0.089074 23.160299 0.088560 0.046079 0.995004 -0.000000 0.000000 0.000000 0.000000 1.000000
0.801490 -0.598004 -0.002135 0.000000 0.596611 0.799857 -0.065459 23.160299 0.040852 0.051191 0.997853 0.000000 0.000000 0.000000 0.000000 1.000000
0.796757 -0.603104 0.037998 0.000000 0.604271 0.795755 -0.040371 23.160299 -0.005889 0.055127 0.998462 -0.000000 0.000000 0.000000 0.000000 1.000000
0.798479 -0.596869 0.078604 0.000000 0.599554 0.800209 -0.014146 23.160299 -0.054456 0.058423 0.996806 0.000000 0.000000 0.000000 0.000000 1.000000
0.799372 -0.589153 0.117910 0.000000 0.592238 0.805692 0.010665 23.160299 -0.101283 0.061305 0.992967 0.000000 0.000000 0.000000 0.000000 1.000000
0.799718 -0.580432 0.153460 -0.000000 0.582935 0.811854 0.032863 23.160299 -0.143662 0.063177 0.987608 0.000000 0.000000 0.000000 0.000000 1.000000
0.800010 -0.571186 0.183662 0.000000 0.572392 0.818345 0.051767 23.160299 -0.179867 0.063713 0.981625 0.000000 0.000000 0.000000 0.000000 1.000000
0.799328 -0.563882 0.207633 0.000000 0.563418 0.823431 0.067244 23.160299 -0.208889 0.063234 0.975893 -0.000000 0.000000 0.000000 0.000000 1.000000
0.794641 -0.563358 0.226217 0.000000 0.561212 0.823785 0.080118 23.160299 -0.231489 0.063291 0.970776 0.000000 0.000000 0.000000 0.000000 1.000000
0.790392 -0.563493 0.240327 0.000000 0.559996 0.823649 0.089478 23.160299 -0.248365 0.063860 0.966559 0.000000 0.000000 0.000000 0.000000 1.000000
0.785047 -0.567531 0.248211 0.000000 0.563157 0.820803 0.095589 23.160299 -0.257982 0.064740 0.963978 0.000000 0.000000 0.000000 0.000000 1.000000
0.785928 -0.566432 0.247938 -0.000000 0.561769 0.821658 0.096407 23.160299 -0.258328 0.063515 0.963967 0.000000 0.000000 0.000000 0.000000 1.000000
0.799832 -0.551582 0.236700 0.000000 0.547225 0.832133 0.089993 23.160299 -0.246605 0.057549 0.967406 0.000000 0.000000 0.000000 0.000000 1.000000
0.823052 -0.522911 0.221698 0.000000 0.518951 0.850995 0.080610 23.160299 -0.230815 0.048704 0.971778 0.000000 0.000000 0.000000 0.000000 1.000000
0.843253 -0.501099 0.194485 -0.000000 0.497520 0.864585 0.070478 23.160299 -0.203465 0.037330 0.978370 0.000000 0.000000 0.000000 0.000000 1.000000
0.852058 -0.499473 0.156599 0.000000 0.496218 0.865974 0.062096 23.160299 -0.166626 0.024798 0.985708 -0.000000 0.000000 0.000000 0.000000 1.000000
0.845852 -0.521360 0.112777 0.000000 0.518616 0.853251 0.054778 23.160299 -0.124786 0.012154 0.992109 0.000000 0.000000 0.000000 0.000000 1.000000
0.831104 -0.552208 0.065814 0.000000 0.550475 0.833706 0.043720 23.160299 -0.079012 -0.000107 0.996874 -0.000000 0.000000 0.000000 0.000000 1.000000
0.808822 -0.587618 0.022634 -0.000000 0.587004 0.809078 0.028617 23.160299 -0.035128 -0.009860 0.999334 0.000000 0.000000 0.000000 0.000000 1.000000
0.776524 -0.629701 -0.022062 0.000000 0.629944 0.776618 0.005862 23.160299 0.013443 -0.018450 0.999739 0.000000 0.000000 0.000000 0.000000 1.000000
0.738871 -0.670831 -0.063672 0.000000 0.670776 0.741224 -0.025426 23.160299 0.064251 -0.023923 0.997647 0.000000 0.000000 0.000000 0.000000 1.000000
0.698520 -0.708796 -0.098374 0.000000 0.706507 0.704940 -0.062510 23.160299 0.113654 -0.025838 0.993184 0.000000 0.000000 0.000000 0.000000 1.000000
0.662056 -0.738632 -0.126904 0.000000 0.731616 0.673689 -0.104311 23.160299 0.162542 -0.023785 0.986415 0.000000 0.000000 0.000000 0.000000 1.000000
0.629627 -0.762745 -0.147615 0.000000 0.748690 0.646448 -0.146863 23.160299 0.207444 -0.018049 0.978080 -0.000000 0.000000 0.000000 0.000000 1.000000
0.606566 -0.778908 -0.159310 0.000000 0.756744 0.627080 -0.184686 23.160299 0.243753 -0.008533 0.969800 0.000000 0.000000 0.000000 0.000000 1.000000
0.597179 -0.784390 -0.167659 0.000000 0.753866 0.620260 -0.216711 23.160299 0.273978 0.003023 0.961731 0.000000 0.000000 0.000000 0.000000 1.000000
0.598427 -0.782607 -0.171500 -0.000000 0.744777 0.622299 -0.240937 23.160299 0.295283 0.016454 0.955268 -0.000000 0.000000 0.000000 0.000000 1.000000
0.609691 -0.775291 -0.164926 0.000000 0.733814 0.630751 -0.252328 23.160299 0.299655 0.032817 0.953483 0.000000 0.000000 0.000000 0.000000 1.000000
0.626694 -0.764416 -0.151402 -0.000000 0.722679 0.642796 -0.254061 23.160299 0.291530 0.049803 0.955264 -0.000000 0.000000 0.000000 0.000000 1.000000
0.644054 -0.752862 -0.135619 0.000000 0.712794 0.654970 -0.250876 23.160299 0.277702 0.064910 0.958472 0.000000 0.000000 0.000000 0.000000 1.000000
0.655942 -0.745099 -0.120698 -0.000000 0.707395 0.662608 -0.246055 23.160299 0.263311 0.076017 0.961711 0.000000 0.000000 0.000000 0.000000 1.000000
0.661911 -0.741067 -0.112665 0.000000 0.705053 0.666550 -0.242099 23.160299 0.254508 0.080814 0.963688 0.000000 0.000000 0.000000 0.000000 1.000000</float_array>
        <technique_common>
          <accessor source="#mixamorig_LeftForeArm-Matrix-animation-output-transform-array" count="50" stride="16">
            <param type="float4x4"/>
          </accessor>
        </technique_common>
      </source>
      <source id="mixamorig_LeftForeArm-Interpolations">
        <Name_array id="mixamorig_LeftForeArm-Interpolations-array" count="50">
 LINEAR LINEAR LINEAR LINEAR LINEAR LINEAR LINEAR LINEAR LINEAR LINEAR LINEAR
LINEAR LINEAR LINEAR LINEAR LINEAR LINEAR LINEAR LINEAR LINEAR LINEAR LINEAR LINEAR
LINEAR LINEAR LINEAR LINEAR LINEAR LINEAR LINEAR LINEAR LINEAR LINEAR LINEAR LINEAR
LINEAR LINEAR LINEAR LINEAR LINEAR LINEAR LINEAR LINEAR LINEAR LINEAR LINEAR LINEAR
LINEAR LINEAR LINEAR</Name_array>
        <technique_common>
          <accessor source="#mixamorig_LeftForeArm-Interpolations-array" count="50">
            <param type="name"/>
          </accessor>
        </technique_common>
      </source>
      <sampler id="mixamorig_LeftForeArm-Matrix-animation-transform">
        <input semantic="INPUT" source="#mixamorig_LeftForeArm-Matrix-animation-input"/>
        <input semantic="OUTPUT" source="#mixamorig_LeftForeArm-Matrix-animation-output-transform"/>
        <input semantic="INTERPOLATION" source="#mixamorig_LeftForeArm-Interpolations"/>
      </sampler>
      <channel source="#mixamorig_LeftForeArm-Matrix-animation-transform" target="mixamorig_LeftForeArm/matrix"/>
    </animation>
    <animation id="mixamorig_LeftHand-anim" name="mixamorig_LeftHand">
      <source id="mixamorig_LeftHand-Matrix-animation-input">
        <float_array id="mixamorig_LeftHand-Matrix-animation-input-array" count="50">

0.000000 0.033333 0.066667 0.100000 0.133333 0.166667 0.200000 0.233333 0.266667 0.300000 0.333333 0.366667 0.400000 0.433333 0.466667 0.500000
0.533333 0.566667 0.600000 0.633333 0.666667 0.700000 0.733333 0.766667 0.800000 0.833333 0.866667 0.900000 0.933333 0.966667 1.000000 1.033333
1.066667 1.100000 1.133333 1.166667 1.200000 1.233333 1.266667 1.300000 1.333333 1.366667 1.400000 1.433333 1.466667 1.500000 1.533333 1.566667
1.600000 1.633333</float_array>
        <technique_common>
          <accessor source="#mixamorig_LeftHand-Matrix-animation-input-array" count="50">
            <param name="TIME" type="float"/>
          </accessor>
        </technique_common>
      </source>
      <source id="mixamorig_LeftHand-Matrix-animation-output-transform">
        <float_array id="mixamorig_LeftHand-Matrix-animation-output-transform-array" count="800">

0.813014 -0.577493 0.074227 0.000000 0.582243 0.806107 -0.105759 24.071800 0.001240 0.129201 0.991618 0.000000 0.000000 0.000000 0.000000 1.000000
0.798120 -0.596182 0.087016 0.000000 0.602495 0.789264 -0.118583 24.071800 0.002019 0.147070 0.989124 0.000000 0.000000 0.000000 0.000000 1.000000
0.791720 -0.601575 0.106240 -0.000000 0.610877 0.780513 -0.132774 24.071800 -0.003048 0.170019 0.985436 -0.000000 0.000000 0.000000 0.000000 1.000000
0.798187 -0.589574 0.123696 0.000000 0.602196 0.786374 -0.137750 24.071800 -0.016058 0.184440 0.982713 -0.000000 0.000000 0.000000 0.000000 1.000000
0.812960 -0.565150 0.140359 -0.000000 0.581234 0.802230 -0.136361 24.071800 -0.035536 0.192437 0.980666 0.000000 0.000000 0.000000 0.000000 1.000000
0.830901 -0.532359 0.161858 0.000000 0.552981 0.822349 -0.133991 24.071800 -0.061772 0.200838 0.977675 0.000000 0.000000 0.000000 0.000000 1.000000
0.845200 -0.499957 0.188892 0.000000 0.526541 0.839529 -0.133964 24.071800 -0.091604 0.212686 0.972817 -0.000000 0.000000 0.000000 0.000000 1.000000
0.849876 -0.480512 0.216377 0.000000 0.513764 0.846881 -0.137257 24.071800 -0.117292 0.227818 0.966613 0.000000 0.000000 0.000000 0.000000 1.000000
0.854965 -0.457840 0.243755 0.000000 0.498649 0.854876 -0.143302 24.071800 -0.142771 0.244066 0.959191 0.000000 0.000000 0.000000 0.000000 1.000000
0.859544 -0.431425 0.273964 0.000000 0.481528 0.863267 -0.151331 24.071800 -0.171216 0.261997 0.949759 0.000000 0.000000 0.000000 0.000000 1.000000
0.861114 -0.402370 0.310775 0.000000 0.465017 0.870445 -0.161505 24.071800 -0.205528 0.283590 0.936662 0.000000 0.000000 0.000000 0.000000 1.000000
0.856468 -0.376483 0.353162 0.000000 0.455104 0.873587 -0.172416 24.071800 -0.243606 0.308394 0.919538 0.000000 0.000000 0.000000 0.000000 1.000000
0.848731 -0.353130 0.393643 0.000000 0.447964 0.875684 -0.180292 24.071800 -0.281041 0.329357 0.901410 -0.000000 0.000000 0.000000 0.000000 1.000000
0.840519 -0.333481 0.426987 0.000000 0.441921 0.877929 -0.184244 24.071800 -0.313422 0.343555 0.885289 0.000000 0.000000 0.000000 0.000000 1.000000
0.832738 -0.321515 0.450750 0.000000 0.439498 0.878991 -0.184975 24.071800 -0.336733 0.352139 0.873275 0.000000 0.000000 0.000000 0.000000 1.000000
0.827677 -0.316007 0.463777 0.000000 0.438758 0.879636 -0.183664 24.071800 -0.349916 0.355501 0.866705 -0.000000 0.000000 0.000000 0.000000 1.000000
0.826319 -0.315998 0.466200 0.000000 0.438953 0.879975 -0.181563 24.071800 -0.352870 0.354668 0.865848 0.000000 0.000000 0.000000 0.000000 1.000000
0.832017 -0.312574 0.458307 0.000000 0.432537 0.882822 -0.183134 24.071800 -0.347360 0.350605 0.869722 0.000000 0.000000 0.000000 0.000000 1.000000
0.843200 -0.305556 0.442322 -0.000000 0.420774 0.887208 -0.189240 24.071800 -0.334608 0.345685 0.876664 0.000000 0.000000 0.000000 0.000000 1.000000
0.855583 -0.299277 0.422387 0.000000 0.408827 0.891164 -0.196693 24.071800 -0.317550 0.340971 0.884817 0.000000 0.000000 0.000000 0.000000 1.000000
0.866393 -0.294518 0.403266 -0.000000 0.398688 0.894230 -0.203473 24.071800 -0.300686 0.337064 0.892175 -0.000000 0.000000 0.000000 0.000000 1.000000
0.875239 -0.295340 0.383056 -0.000000 0.392859 0.896050 -0.206775 24.071800 -0.282168 0.331465 0.900285 0.000000 0.000000 0.000000 0.000000 1.000000
0.883392 -0.296990 0.362512 -0.000000 0.387503 0.897947 -0.208643 24.071800 -0.263552 0.324789 0.908324 0.000000 0.000000 0.000000 0.000000 1.000000
0.890055 -0.300837 0.342491 0.000000 0.384167 0.899461 -0.208294 24.071800 -0.245395 0.316967 0.916140 0.000000 0.000000 0.000000 0.000000 1.000000
0.894557 -0.307769 0.324107 0.000000 0.384228 0.899992 -0.205873 24.071800 -0.228333 0.308697 0.923347 0.000000 0.000000 0.000000 0.000000 1.000000
0.897058 -0.316052 0.308866 -0.000000 0.386971 0.899320 -0.203659 24.071800 -0.213402 0.302216 0.929045 -0.000000 0.000000 0.000000 0.000000 1.000000
0.898230 -0.323734 0.297285 0.000000 0.390910 0.897621 -0.203631 24.071800 -0.200928 0.299119 0.932822 0.000000 0.000000 0.000000 0.000000 1.000000
0.897660 -0.335595 0.285625 0.000000 0.398806 0.894401 -0.202486 24.071800 -0.187509 0.295673 0.936706 0.000000 0.000000 0.000000 0.000000 1.000000
0.896202 -0.347654 0.275605 0.000000 0.407690 0.890364 -0.202586 24.071800 -0.174959 0.293919 0.939681 0.000000 0.000000 0.000000 0.000000 1.000000
0.891463 -0.365901 0.267227 0.000000 0.422948 0.883547 -0.201145 24.071800 -0.162509 0.292336 0.942407 0.000000 0.000000 0.000000 0.000000 1.000000
0.880488 -0.398111 0.257390 -0.000000 0.450682 0.871359 -0.193958 24.071800 -0.147062 0.286779 0.946642 -0.000000 0.000000 0.000000 0.000000 1.000000
0.862967 -0.443335 0.242367 0.000000 0.489366 0.852749 -0.182592 24.071800 -0.125728 0.276177 0.952848 0.000000 0.000000 0.000000 0.000000 1.000000
0.844138 -0.486043 0.226259 -0.000000 0.526091 0.832227 -0.175002 24.071800 -0.103240 0.266759 0.958218 0.000000 0.000000 0.000000 0.000000 1.000000
0.829713 -0.516244 0.212294 0.000000 0.551965 0.815449 -0.174294 24.071800 -0.083137 0.261792 0.961537 -0.000000 0.000000 0.000000 0.000000 1.000000
0.823238 -0.530894 0.201075 0.000000 0.563833 0.805884 -0.180677 24.071800 -0.066123 0.262113 0.962769 -0.000000 0.000000 0.000000 0.000000 1.000000
0.820377 -0.539170 0.190465 0.000000 0.569576 0.799991 -0.188674 24.071800 -0.050643 0.263268 0.963393 0.000000 0.000000 0.000000 0.000000 1.000000
0.819695 -0.543563 0.180664 0.000000 0.571631 0.796409 -0.197409 24.071800 -0.036578 0.265089 0.963530 0.000000 0.000000 0.000000 0.000000 1.000000
0.823932 -0.539398 0.173738 0.000000 0.566009 0.798321 -0.205713 24.071800 -0.027737 0.267831 0.963067 -0.000000 0.000000 0.000000 0.000000 1.000000
0.827686 -0.536018 0.166195 -0.000000 0.560841 0.800526 -0.211222 24.071800 -0.019825 0.268034 0.963205 0.000000 0.000000 0.000000 0.000000 1.000000
0.829560 -0.536541 0.154770 -0.000000 0.558312 0.802304 -0.211177 24.071800 -0.010868 0.261594 0.965117 0.000000 0.000000 0.000000 0.000000 1.000000
0.825232 -0.547086 0.140315 0.000000 0.564793 0.799773 -0.203401 24.071800 -0.000942 0.247102 0.968989 0.000000 0.000000 0.000000 0.000000 1.000000
0.816839 -0.563683 0.122618 -0.000000 0.576771 0.794179 -0.191352 24.071800 0.010481 0.227026 0.973832 -0.000000 0.000000 0.000000 0.000000 1.000000
0.805793 -0.583193 0.102877 -0.000000 0.591764 0.786312 -0.177566 24.071800 0.022662 0.203960 0.978717 0.000000 0.000000 0.000000 0.000000 1.000000
0.795173 -0.599296 0.092428 0.000000 0.605787 0.778363 -0.164842 24.071800 0.026847 0.187070 0.981980 0.000000 0.000000 0.000000 0.000000 1.000000
0.788759 -0.608090 0.089927 0.000000 0.614268 0.774220 -0.152505 24.071800 0.023114 0.175529 0.984203 0.000000 0.000000 0.000000 0.000000 1.000000
0.788621 -0.608832 0.086027 0.000000 0.614620 0.776469 -0.139057 24.071800 0.017865 0.162538 0.986541 -0.000000 0.000000 0.000000 0.000000 1.000000
0.793508 -0.603084 0.081451 0.000000 0.608442 0.783592 -0.125625 24.071800 0.011938 0.149243 0.988728 -0.000000 0.000000 0.000000 0.000000 1.000000
0.800433 -0.594400 0.077431 0.000000 0.599386 0.792247 -0.114376 24.071800 0.006640 0.137962 0.990415 0.000000 0.000000 0.000000 0.000000 1.000000
0.808691 -0.583455 0.074824 0.000000 0.588227 0.801537 -0.107367 24.071800 0.002670 0.130841 0.991400 0.000000 0.000000 0.000000 0.000000 1.000000
0.813014 -0.577494 0.074228 0.000000 0.582243 0.806106 -0.105759 24.071800 0.001240 0.129202 0.991617 0.000000 0.000000 0.000000 0.000000 1.000000</float_array>
        <technique_common>
          <accessor source="#mixamorig_LeftHand-Matrix-animation-output-transform-array" count="50" stride="16">
            <param type="float4x4"/>
          </accessor>
        </technique_common>
      </source>
      <source id="mixamorig_LeftHand-Interpolations">
        <Name_array id="mixamorig_LeftHand-Interpolations-array" count="50">
 LINEAR LINEAR LINEAR LINEAR LINEAR LINEAR LINEAR LINEAR LINEAR LINEAR LINEAR
LINEAR LINEAR LINEAR LINEAR LINEAR LINEAR LINEAR LINEAR LINEAR LINEAR LINEAR LINEAR
LINEAR LINEAR LINEAR LINEAR LINEAR LINEAR LINEAR LINEAR LINEAR LINEAR LINEAR LINEAR
LINEAR LINEAR LINEAR LINEAR LINEAR LINEAR LINEAR LINEAR LINEAR LINEAR LINEAR LINEAR
LINEAR LINEAR LINEAR</Name_array>
        <technique_common>
          <accessor source="#mixamorig_LeftHand-Interpolations-array" count="50">
            <param type="name"/>
          </accessor>
        </technique_common>
      </source>
      <sampler id="mixamorig_LeftHand-Matrix-animation-transform">
        <input semantic="INPUT" source="#mixamorig_LeftHand-Matrix-animation-input"/>
        <input semantic="OUTPUT" source="#mixamorig_LeftHand-Matrix-animation-output-transform"/>
        <input semantic="INTERPOLATION" source="#mixamorig_LeftHand-Interpolations"/>
      </sampler>
      <channel source="#mixamorig_LeftHand-Matrix-animation-transform" target="mixamorig_LeftHand/matrix"/>
    </animation>
    <animation id="mixamorig_LeftHandThumb1-anim" name="mixamorig_LeftHandThumb1">
      <source id="mixamorig_LeftHandThumb1-Matrix-animation-input">
        <float_array id="mixamorig_LeftHandThumb1-Matrix-animation-input-array" count="50">

0.000000 0.033333 0.066667 0.100000 0.133333 0.166667 0.200000 0.233333 0.266667 0.300000 0.333333 0.366667 0.400000 0.433333 0.466667 0.500000
0.533333 0.566667 0.600000 0.633333 0.666667 0.700000 0.733333 0.766667 0.800000 0.833333 0.866667 0.900000 0.933333 0.966667 1.000000 1.033333
1.066667 1.100000 1.133333 1.166667 1.200000 1.233333 1.266667 1.300000 1.333333 1.366667 1.400000 1.433333 1.466667 1.500000 1.533333 1.566667
1.600000 1.633333</float_array>
        <technique_common>
          <accessor source="#mixamorig_LeftHandThumb1-Matrix-animation-input-array" count="50">
            <param name="TIME" type="float"/>
          </accessor>
        </technique_common>
      </source>
      <source id="mixamorig_LeftHandThumb1-Matrix-animation-output-transform">
        <float_array id="mixamorig_LeftHandThumb1-Matrix-animation-output-transform-array" count="800">

0.162847 -0.401708 0.901172 -1.509000 0.683730 0.704441 0.190460 4.173400 -0.711332 0.585143 0.389376 1.926500 0.000000 0.000000 0.000000 1.000000
0.162847 -0.401708 0.901172 -1.509000 0.683731 0.704442 0.190459 4.173400 -0.711332 0.585144 0.389376 1.926500 0.000000 0.000000 0.000000 1.000000
0.162847 -0.401709 0.901172 -1.509000 0.683730 0.704442 0.190459 4.173400 -0.711332 0.585143 0.389377 1.926500 0.000000 0.000000 0.000000 1.000000
0.162847 -0.401708 0.901172 -1.509000 0.683731 0.704441 0.190459 4.173400 -0.711332 0.585143 0.389376 1.926500 0.000000 0.000000 0.000000 1.000000
0.162847 -0.401708 0.901172 -1.509000 0.683731 0.704441 0.190459 4.173400 -0.711332 0.585143 0.389376 1.926500 0.000000 0.000000 0.000000 1.000000
0.162847 -0.401708 0.901172 -1.509000 0.683730 0.704442 0.190459 4.173400 -0.711332 0.585143 0.389376 1.926500 0.000000 0.000000 0.000000 1.000000
0.162847 -0.401708 0.901172 -1.509000 0.683730 0.704442 0.190459 4.173400 -0.711332 0.585143 0.389376 1.926500 0.000000 0.000000 0.000000 1.000000
0.162847 -0.401708 0.901172 -1.509000 0.683730 0.704442 0.190459 4.173400 -0.711332 0.585143 0.389376 1.926500 0.000000 0.000000 0.000000 1.000000
0.162847 -0.401708 0.901172 -1.509000 0.683731 0.704441 0.190459 4.173400 -0.711332 0.585143 0.389376 1.926500 0.000000 0.000000 0.000000 1.000000
0.162847 -0.401708 0.901172 -1.509000 0.683730 0.704442 0.190459 4.173400 -0.711332 0.585143 0.389376 1.926500 0.000000 0.000000 0.000000 1.000000
0.162847 -0.401708 0.901172 -1.509000 0.683731 0.704441 0.190459 4.173400 -0.711332 0.585143 0.389376 1.926500 0.000000 0.000000 0.000000 1.000000
0.162847 -0.401708 0.901172 -1.509000 0.683731 0.704441 0.190459 4.173400 -0.711332 0.585143 0.389376 1.926500 0.000000 0.000000 0.000000 1.000000
0.162847 -0.401708 0.901172 -1.509000 0.683731 0.704441 0.190459 4.173400 -0.711332 0.585143 0.389376 1.926500 0.000000 0.000000 0.000000 1.000000
0.162847 -0.401708 0.901172 -1.509000 0.683731 0.704441 0.190459 4.173400 -0.711332 0.585144 0.389376 1.926500 0.000000 0.000000 0.000000 1.000000
0.162847 -0.401708 0.901172 -1.509000 0.683731 0.704441 0.190459 4.173400 -0.711332 0.585143 0.389376 1.926500 0.000000 0.000000 0.000000 1.000000
0.162846 -0.401708 0.901172 -1.509000 0.683731 0.704441 0.190460 4.173400 -0.711332 0.585144 0.389376 1.926500 0.000000 0.000000 0.000000 1.000000
0.162847 -0.401708 0.901172 -1.509000 0.683731 0.704442 0.190459 4.173400 -0.711332 0.585143 0.389376 1.926500 0.000000 0.000000 0.000000 1.000000
0.162847 -0.401708 0.901172 -1.509000 0.683730 0.704442 0.190459 4.173400 -0.711332 0.585143 0.389377 1.926500 0.000000 0.000000 0.000000 1.000000
0.162847 -0.401708 0.901172 -1.509000 0.683730 0.704442 0.190459 4.173400 -0.711332 0.585143 0.389376 1.926500 0.000000 0.000000 0.000000 1.000000
0.162847 -0.401708 0.901172 -1.509000 0.683731 0.704441 0.190459 4.173400 -0.711332 0.585143 0.389376 1.926500 0.000000 0.000000 0.000000 1.000000
0.162847 -0.401708 0.901172 -1.509000 0.683730 0.704441 0.190459 4.173400 -0.711332 0.585143 0.389376 1.926500 0.000000 0.000000 0.000000 1.000000
0.162847 -0.401708 0.901172 -1.509000 0.683730 0.704442 0.190459 4.173400 -0.711332 0.585143 0.389376 1.926500 0.000000 0.000000 0.000000 1.000000
0.162847 -0.401708 0.901172 -1.509000 0.683731 0.704441 0.190459 4.173400 -0.711332 0.585143 0.389376 1.926500 0.000000 0.000000 0.000000 1.000000
0.162846 -0.401708 0.901172 -1.509000 0.683731 0.704441 0.190459 4.173400 -0.711332 0.585144 0.389376 1.926500 0.000000 0.000000 0.000000 1.000000
0.162846 -0.401709 0.901172 -1.509000 0.683731 0.704441 0.190460 4.173400 -0.711332 0.585143 0.389376 1.926500 0.000000 0.000000 0.000000 1.000000
0.162847 -0.401709 0.901172 -1.509000 0.683731 0.704441 0.190459 4.173400 -0.711332 0.585143 0.389377 1.926500 0.000000 0.000000 0.000000 1.000000
0.162847 -0.401708 0.901173 -1.509000 0.683730 0.704442 0.190459 4.173400 -0.711333 0.585143 0.389376 1.926500 0.000000 0.000000 0.000000 1.000000
0.162847 -0.401708 0.901172 -1.509000 0.683730 0.704442 0.190459 4.173400 -0.711332 0.585143 0.389376 1.926500 0.000000 0.000000 0.000000 1.000000
0.162847 -0.401708 0.901172 -1.509000 0.683730 0.704442 0.190459 4.173400 -0.711332 0.585143 0.389376 1.926500 0.000000 0.000000 0.000000 1.000000
0.162847 -0.401708 0.901172 -1.509000 0.683730 0.704442 0.190459 4.173400 -0.711332 0.585143 0.389376 1.926500 0.000000 0.000000 0.000000 1.000000
0.162847 -0.401709 0.901172 -1.509000 0.683731 0.704441 0.190459 4.173400 -0.711332 0.585143 0.389377 1.926500 0.000000 0.000000 0.000000 1.000000
0.162847 -0.401708 0.901172 -1.509000 0.683731 0.704441 0.190459 4.173400 -0.711332 0.585144 0.389376 1.926500 0.000000 0.000000 0.000000 1.000000
0.162847 -0.401708 0.901172 -1.509000 0.683731 0.704442 0.190459 4.173400 -0.711332 0.585143 0.389376 1.926500 0.000000 0.000000 0.000000 1.000000
0.162847 -0.401709 0.901172 -1.509000 0.683730 0.704441 0.190460 4.173400 -0.711332 0.585143 0.389376 1.926500 0.000000 0.000000 0.000000 1.000000
0.162847 -0.401708 0.901172 -1.509000 0.683731 0.704442 0.190459 4.173400 -0.711332 0.585143 0.389376 1.926500 0.000000 0.000000 0.000000 1.000000
0.162847 -0.401708 0.901172 -1.509000 0.683730 0.704442 0.190459 4.173400 -0.711332 0.585143 0.389376 1.926500 0.000000 0.000000 0.000000 1.000000
0.162846 -0.401708 0.901172 -1.509000 0.683731 0.704441 0.190460 4.173400 -0.711332 0.585143 0.389376 1.926500 0.000000 0.000000 0.000000 1.000000
0.162846 -0.401708 0.901172 -1.509000 0.683730 0.704442 0.190459 4.173400 -0.711332 0.585143 0.389376 1.926500 0.000000 0.000000 0.000000 1.000000
0.162847 -0.401708 0.901172 -1.509000 0.683731 0.704441 0.190459 4.173400 -0.711332 0.585143 0.389376 1.926500 0.000000 0.000000 0.000000 1.000000
0.162847 -0.401708 0.901172 -1.509000 0.683730 0.704442 0.190459 4.173400 -0.711333 0.585143 0.389376 1.926500 0.000000 0.000000 0.000000 1.000000
0.162847 -0.401708 0.901172 -1.509000 0.683731 0.704442 0.190459 4.173400 -0.711332 0.585143 0.389376 1.926500 0.000000 0.000000 0.000000 1.000000
0.162847 -0.401708 0.901172 -1.509000 0.683731 0.704442 0.190459 4.173400 -0.711332 0.585144 0.389376 1.926500 0.000000 0.000000 0.000000 1.000000
0.162847 -0.401709 0.901172 -1.509000 0.683731 0.704441 0.190459 4.173400 -0.711332 0.585143 0.389377 1.926500 0.000000 0.000000 0.000000 1.000000
0.162847 -0.401708 0.901173 -1.509000 0.683730 0.704442 0.190459 4.173400 -0.711332 0.585143 0.389376 1.926500 0.000000 0.000000 0.000000 1.000000
0.162846 -0.401708 0.901172 -1.509000 0.683731 0.704441 0.190459 4.173400 -0.711332 0.585144 0.389376 1.926500 0.000000 0.000000 0.000000 1.000000
0.162847 -0.401707 0.901172 -1.509000 0.683730 0.704442 0.190458 4.173400 -0.711332 0.585143 0.389376 1.926500 0.000000 0.000000 0.000000 1.000000
0.162847 -0.401708 0.901172 -1.509000 0.683730 0.704442 0.190459 4.173400 -0.711332 0.585143 0.389376 1.926500 0.000000 0.000000 0.000000 1.000000
0.162847 -0.401709 0.901172 -1.509000 0.683731 0.704441 0.190459 4.173400 -0.711332 0.585143 0.389377 1.926500 0.000000 0.000000 0.000000 1.000000
0.162847 -0.401708 0.901172 -1.509000 0.683730 0.704442 0.190459 4.173400 -0.711333 0.585143 0.389376 1.926500 0.000000 0.000000 0.000000 1.000000
0.162847 -0.401708 0.901172 -1.509000 0.683730 0.704442 0.190459 4.173400 -0.711332 0.585143 0.389376 1.926500 0.000000 0.000000 0.000000 1.000000</float_array>
        <technique_common>
          <accessor source="#mixamorig_LeftHandThumb1-Matrix-animation-output-transform-array" count="50" stride="16">
            <param type="float4x4"/>
          </accessor>
        </technique_common>
      </source>
      <source id="mixamorig_LeftHandThumb1-Interpolations">
        <Name_array id="mixamorig_LeftHandThumb1-Interpolations-array" count="50">
 LINEAR LINEAR LINEAR LINEAR LINEAR LINEAR LINEAR LINEAR LINEAR LINEAR LINEAR
LINEAR LINEAR LINEAR LINEAR LINEAR LINEAR LINEAR LINEAR LINEAR LINEAR LINEAR LINEAR
LINEAR LINEAR LINEAR LINEAR LINEAR LINEAR LINEAR LINEAR LINEAR LINEAR LINEAR LINEAR
LINEAR LINEAR LINEAR LINEAR LINEAR LINEAR LINEAR LINEAR LINEAR LINEAR LINEAR LINEAR
LINEAR LINEAR LINEAR</Name_array>
        <technique_common>
          <accessor source="#mixamorig_LeftHandThumb1-Interpolations-array" count="50">
            <param type="name"/>
          </accessor>
        </technique_common>
      </source>
      <sampler id="mixamorig_LeftHandThumb1-Matrix-animation-transform">
        <input semantic="INPUT" source="#mixamorig_LeftHandThumb1-Matrix-animation-input"/>
        <input semantic="OUTPUT" source="#mixamorig_LeftHandThumb1-Matrix-animation-output-transform"/>
        <input semantic="INTERPOLATION" source="#mixamorig_LeftHandThumb1-Interpolations"/>
      </sampler>
      <channel source="#mixamorig_LeftHandThumb1-Matrix-animation-transform" target="mixamorig_LeftHandThumb1/matrix"/>
    </animation>
    <animation id="mixamorig_LeftHandThumb2-anim" name="mixamorig_LeftHandThumb2">
      <source id="mixamorig_LeftHandThumb2-Matrix-animation-input">
        <float_array id="mixamorig_LeftHandThumb2-Matrix-animation-input-array" count="50">

0.000000 0.033333 0.066667 0.100000 0.133333 0.166667 0.200000 0.233333 0.266667 0.300000 0.333333 0.366667 0.400000 0.433333 0.466667 0.500000
0.533333 0.566667 0.600000 0.633333 0.666667 0.700000 0.733333 0.766667 0.800000 0.833333 0.866667 0.900000 0.933333 0.966667 1.000000 1.033333
1.066667 1.100000 1.133333 1.166667 1.200000 1.233333 1.266667 1.300000 1.333333 1.366667 1.400000 1.433333 1.466667 1.500000 1.533333 1.566667
1.600000 1.633333</float_array>
        <technique_common>
          <accessor source="#mixamorig_LeftHandThumb2-Matrix-animation-input-array" count="50">
            <param name="TIME" type="float"/>
          </accessor>
        </technique_common>
      </source>
      <source id="mixamorig_LeftHandThumb2-Matrix-animation-output-transform">
        <float_array id="mixamorig_LeftHandThumb2-Matrix-animation-output-transform-array" count="800">

0.966720 0.168390 -0.192609 0.000000 -0.187540 0.978501 -0.085818 3.870400 0.174017 0.119083 0.977516 0.000000 0.000000 0.000000 0.000000 1.000000
0.966720 0.168389 -0.192609 0.000000 -0.187540 0.978501 -0.085817 3.870400 0.174018 0.119083 0.977516 -0.000000 0.000000 0.000000 0.000000 1.000000
0.966720 0.168389 -0.192609 0.000000 -0.187540 0.978501 -0.085817 3.870400 0.174018 0.119083 0.977516 0.000000 0.000000 0.000000 0.000000 1.000000
0.966719 0.168390 -0.192610 0.000000 -0.187541 0.978501 -0.085817 3.870400 0.174018 0.119083 0.977516 0.000000 0.000000 0.000000 0.000000 1.000000
0.966720 0.168390 -0.192609 0.000000 -0.187540 0.978501 -0.085817 3.870400 0.174018 0.119083 0.977516 0.000000 0.000000 0.000000 0.000000 1.000000
0.966719 0.168390 -0.192610 0.000000 -0.187541 0.978501 -0.085817 3.870400 0.174018 0.119084 0.977516 0.000000 0.000000 0.000000 0.000000 1.000000
0.966720 0.168389 -0.192608 0.000000 -0.187540 0.978501 -0.085818 3.870400 0.174017 0.119083 0.977516 -0.000000 0.000000 0.000000 0.000000 1.000000
0.966720 0.168390 -0.192609 0.000000 -0.187540 0.978501 -0.085818 3.870400 0.174017 0.119083 0.977516 -0.000000 0.000000 0.000000 0.000000 1.000000
0.966720 0.168390 -0.192609 0.000000 -0.187541 0.978501 -0.085818 3.870400 0.174017 0.119084 0.977516 -0.000000 0.000000 0.000000 0.000000 1.000000
0.966720 0.168390 -0.192609 0.000000 -0.187540 0.978501 -0.085817 3.870400 0.174017 0.119083 0.977516 0.000000 0.000000 0.000000 0.000000 1.000000
0.966719 0.168390 -0.192609 -0.000000 -0.187540 0.978501 -0.085818 3.870400 0.174018 0.119084 0.977516 0.000000 0.000000 0.000000 0.000000 1.000000
0.966720 0.168390 -0.192609 -0.000000 -0.187540 0.978501 -0.085818 3.870400 0.174017 0.119084 0.977516 0.000000 0.000000 0.000000 0.000000 1.000000
0.966720 0.168390 -0.192609 0.000000 -0.187540 0.978501 -0.085817 3.870400 0.174017 0.119083 0.977516 0.000000 0.000000 0.000000 0.000000 1.000000
0.966720 0.168390 -0.192609 0.000000 -0.187540 0.978501 -0.085817 3.870400 0.174017 0.119083 0.977516 0.000000 0.000000 0.000000 0.000000 1.000000
0.966719 0.168390 -0.192610 0.000000 -0.187540 0.978501 -0.085818 3.870400 0.174018 0.119084 0.977516 -0.000000 0.000000 0.000000 0.000000 1.000000
0.966719 0.168390 -0.192609 0.000000 -0.187540 0.978501 -0.085817 3.870400 0.174018 0.119083 0.977516 0.000000 0.000000 0.000000 0.000000 1.000000
0.966720 0.168389 -0.192609 0.000000 -0.187540 0.978501 -0.085818 3.870400 0.174017 0.119083 0.977516 0.000000 0.000000 0.000000 0.000000 1.000000
0.966720 0.168389 -0.192609 0.000000 -0.187540 0.978501 -0.085818 3.870400 0.174017 0.119083 0.977516 -0.000000 0.000000 0.000000 0.000000 1.000000
0.966720 0.168390 -0.192609 -0.000000 -0.187540 0.978501 -0.085818 3.870400 0.174017 0.119084 0.977516 0.000000 0.000000 0.000000 0.000000 1.000000
0.966720 0.168389 -0.192609 0.000000 -0.187540 0.978501 -0.085817 3.870400 0.174017 0.119083 0.977516 0.000000 0.000000 0.000000 0.000000 1.000000
0.966719 0.168390 -0.192609 0.000000 -0.187540 0.978501 -0.085817 3.870400 0.174018 0.119083 0.977516 0.000000 0.000000 0.000000 0.000000 1.000000
0.966720 0.168390 -0.192608 0.000000 -0.187540 0.978501 -0.085817 3.870400 0.174017 0.119083 0.977516 0.000000 0.000000 0.000000 0.000000 1.000000
0.966720 0.168390 -0.192609 0.000000 -0.187540 0.978501 -0.085817 3.870400 0.174017 0.119083 0.977516 0.000000 0.000000 0.000000 0.000000 1.000000
0.966719 0.168390 -0.192609 0.000000 -0.187540 0.978501 -0.085817 3.870400 0.174017 0.119083 0.977516 0.000000 0.000000 0.000000 0.000000 1.000000
0.966719 0.168390 -0.192609 -0.000000 -0.187540 0.978501 -0.085818 3.870400 0.174017 0.119084 0.977516 -0.000000 0.000000 0.000000 0.000000 1.000000
0.966720 0.168390 -0.192609 0.000000 -0.187540 0.978501 -0.085817 3.870400 0.174017 0.119083 0.977516 0.000000 0.000000 0.000000 0.000000 1.000000
0.966719 0.168390 -0.192609 0.000000 -0.187540 0.978501 -0.085817 3.870400 0.174017 0.119083 0.977516 -0.000000 0.000000 0.000000 0.000000 1.000000
0.966720 0.168390 -0.192609 0.000000 -0.187540 0.978501 -0.085817 3.870400 0.174017 0.119083 0.977516 0.000000 0.000000 0.000000 0.000000 1.000000
0.966720 0.168390 -0.192609 0.000000 -0.187540 0.978501 -0.085817 3.870400 0.174018 0.119083 0.977516 0.000000 0.000000 0.000000 0.000000 1.000000
0.966720 0.168389 -0.192609 0.000000 -0.187540 0.978501 -0.085818 3.870400 0.174017 0.119084 0.977516 0.000000 0.000000 0.000000 0.000000 1.000000
0.966719 0.168390 -0.192609 0.000000 -0.187540 0.978501 -0.085818 3.870400 0.174017 0.119084 0.977516 0.000000 0.000000 0.000000 0.000000 1.000000
0.966720 0.168390 -0.192609 0.000000 -0.187540 0.978501 -0.085817 3.870400 0.174017 0.119083 0.977516 0.000000 0.000000 0.000000 0.000000 1.000000
0.966720 0.168390 -0.192608 -0.000000 -0.187540 0.978501 -0.085817 3.870400 0.174017 0.119083 0.977516 0.000000 0.000000 0.000000 0.000000 1.000000
0.966720 0.168390 -0.192609 -0.000000 -0.187540 0.978501 -0.085818 3.870400 0.174017 0.119084 0.977516 -0.000000 0.000000 0.000000 0.000000 1.000000
0.966720 0.168390 -0.192609 0.000000 -0.187540 0.978501 -0.085818 3.870400 0.174017 0.119083 0.977516 0.000000 0.000000 0.000000 0.000000 1.000000
0.966720 0.168390 -0.192609 -0.000000 -0.187540 0.978501 -0.085817 3.870400 0.174017 0.119083 0.977516 0.000000 0.000000 0.000000 0.000000 1.000000
0.966720 0.168390 -0.192609 0.000000 -0.187540 0.978501 -0.085817 3.870400 0.174017 0.119083 0.977516 -0.000000 0.000000 0.000000 0.000000 1.000000
0.966720 0.168390 -0.192609 0.000000 -0.187540 0.978501 -0.085817 3.870400 0.174017 0.119083 0.977516 0.000000 0.000000 0.000000 0.000000 1.000000
0.966719 0.168390 -0.192609 0.000000 -0.187540 0.978501 -0.085817 3.870400 0.174018 0.119083 0.977516 0.000000 0.000000 0.000000 0.000000 1.000000
0.966720 0.168389 -0.192609 0.000000 -0.187540 0.978501 -0.085818 3.870400 0.174018 0.119084 0.977516 0.000000 0.000000 0.000000 0.000000 1.000000
0.966720 0.168389 -0.192609 0.000000 -0.187540 0.978501 -0.085817 3.870400 0.174017 0.119083 0.977516 0.000000 0.000000 0.000000 0.000000 1.000000
0.966720 0.168390 -0.192609 0.000000 -0.187540 0.978501 -0.085818 3.870400 0.174017 0.119083 0.977516 0.000000 0.000000 0.000000 0.000000 1.000000
0.966719 0.168390 -0.192609 0.000000 -0.187541 0.978501 -0.085817 3.870400 0.174018 0.119083 0.977516 0.000000 0.000000 0.000000 0.000000 1.000000
0.966719 0.168390 -0.192609 0.000000 -0.187541 0.978501 -0.085817 3.870400 0.174017 0.119083 0.977516 0.000000 0.000000 0.000000 0.000000 1.000000
0.966719 0.168390 -0.192609 0.000000 -0.187540 0.978501 -0.085817 3.870400 0.174017 0.119083 0.977516 0.000000 0.000000 0.000000 0.000000 1.000000
0.966720 0.168389 -0.192609 0.000000 -0.187539 0.978501 -0.085817 3.870400 0.174017 0.119083 0.977516 0.000000 0.000000 0.000000 0.000000 1.000000
0.966720 0.168389 -0.192609 -0.000000 -0.187540 0.978501 -0.085818 3.870400 0.174017 0.119083 0.977516 -0.000000 0.000000 0.000000 0.000000 1.000000
0.966719 0.168390 -0.192609 0.000000 -0.187541 0.978501 -0.085818 3.870400 0.174017 0.119084 0.977516 -0.000000 0.000000 0.000000 0.000000 1.000000
0.966719 0.168390 -0.192609 0.000000 -0.187540 0.978501 -0.085817 3.870400 0.174017 0.119083 0.977516 0.000000 0.000000 0.000000 0.000000 1.000000
0.966719 0.168390 -0.192609 0.000000 -0.187541 0.978501 -0.085817 3.870400 0.174018 0.119084 0.977516 -0.000000 0.000000 0.000000 0.000000 1.000000</float_array>
        <technique_common>
          <accessor source="#mixamorig_LeftHandThumb2-Matrix-animation-output-transform-array" count="50" stride="16">
            <param type="float4x4"/>
          </accessor>
        </technique_common>
      </source>
      <source id="mixamorig_LeftHandThumb2-Interpolations">
        <Name_array id="mixamorig_LeftHandThumb2-Interpolations-array" count="50">
 LINEAR LINEAR LINEAR LINEAR LINEAR LINEAR LINEAR LINEAR LINEAR LINEAR LINEAR
LINEAR LINEAR LINEAR LINEAR LINEAR LINEAR LINEAR LINEAR LINEAR LINEAR LINEAR LINEAR
LINEAR LINEAR LINEAR LINEAR LINEAR LINEAR LINEAR LINEAR LINEAR LINEAR LINEAR LINEAR
LINEAR LINEAR LINEAR LINEAR LINEAR LINEAR LINEAR LINEAR LINEAR LINEAR LINEAR LINEAR
LINEAR LINEAR LINEAR</Name_array>
        <technique_common>
          <accessor source="#mixamorig_LeftHandThumb2-Interpolations-array" count="50">
            <param type="name"/>
          </accessor>
        </technique_common>
      </source>
      <sampler id="mixamorig_LeftHandThumb2-Matrix-animation-transform">
        <input semantic="INPUT" source="#mixamorig_LeftHandThumb2-Matrix-animation-input"/>
        <input semantic="OUTPUT" source="#mixamorig_LeftHandThumb2-Matrix-animation-output-transform"/>
        <input semantic="INTERPOLATION" source="#mixamorig_LeftHandThumb2-Interpolations"/>
      </sampler>
      <channel source="#mixamorig_LeftHandThumb2-Matrix-animation-transform" target="mixamorig_LeftHandThumb2/matrix"/>
    </animation>
    <animation id="mixamorig_LeftHandThumb3-anim" name="mixamorig_LeftHandThumb3">
      <source id="mixamorig_LeftHandThumb3-Matrix-animation-input">
        <float_array id="mixamorig_LeftHandThumb3-Matrix-animation-input-array" count="50">

0.000000 0.033333 0.066667 0.100000 0.133333 0.166667 0.200000 0.233333 0.266667 0.300000 0.333333 0.366667 0.400000 0.433333 0.466667 0.500000
0.533333 0.566667 0.600000 0.633333 0.666667 0.700000 0.733333 0.766667 0.800000 0.833333 0.866667 0.900000 0.933333 0.966667 1.000000 1.033333
1.066667 1.100000 1.133333 1.166667 1.200000 1.233333 1.266667 1.300000 1.333333 1.366667 1.400000 1.433333 1.466667 1.500000 1.533333 1.566667
1.600000 1.633333</float_array>
        <technique_common>
          <accessor source="#mixamorig_LeftHandThumb3-Matrix-animation-input-array" count="50">
            <param name="TIME" type="float"/>
          </accessor>
        </technique_common>
      </source>
      <source id="mixamorig_LeftHandThumb3-Matrix-animation-output-transform">
        <float_array id="mixamorig_LeftHandThumb3-Matrix-animation-output-transform-array" count="800">

0.834774 0.545640 -0.073679 -0.000000 -0.547725 0.809318 -0.212137 4.710600 -0.056121 0.217442 0.974459 -0.000000 0.000000 0.000000 0.000000 1.000000
0.834774 0.545640 -0.073679 -0.000000 -0.547725 0.809318 -0.212137 4.710600 -0.056121 0.217442 0.974458 -0.000000 0.000000 0.000000 0.000000 1.000000
0.834774 0.545640 -0.073679 0.000000 -0.547725 0.809318 -0.212137 4.710600 -0.056121 0.217442 0.974458 0.000000 0.000000 0.000000 0.000000 1.000000
0.834774 0.545640 -0.073678 0.000000 -0.547724 0.809318 -0.212137 4.710600 -0.056122 0.217442 0.974458 0.000000 0.000000 0.000000 0.000000 1.000000
0.834774 0.545640 -0.073678 -0.000000 -0.547724 0.809318 -0.212137 4.710600 -0.056121 0.217442 0.974458 -0.000000 0.000000 0.000000 0.000000 1.000000
0.834774 0.545640 -0.073678 0.000000 -0.547724 0.809318 -0.212137 4.710600 -0.056121 0.217442 0.974459 0.000000 0.000000 0.000000 0.000000 1.000000
0.834774 0.545640 -0.073679 -0.000000 -0.547724 0.809318 -0.212137 4.710600 -0.056121 0.217442 0.974458 -0.000000 0.000000 0.000000 0.000000 1.000000
0.834774 0.545640 -0.073679 -0.000000 -0.547725 0.809318 -0.212137 4.710600 -0.056121 0.217442 0.974458 0.000000 0.000000 0.000000 0.000000 1.000000
0.834775 0.545640 -0.073678 -0.000000 -0.547724 0.809318 -0.212137 4.710600 -0.056121 0.217442 0.974459 0.000000 0.000000 0.000000 0.000000 1.000000
0.834774 0.545640 -0.073678 0.000000 -0.547724 0.809318 -0.212138 4.710600 -0.056122 0.217443 0.974458 0.000000 0.000000 0.000000 0.000000 1.000000
0.834774 0.545640 -0.073679 0.000000 -0.547725 0.809318 -0.212136 4.710600 -0.056121 0.217442 0.974459 0.000000 0.000000 0.000000 0.000000 1.000000
0.834774 0.545640 -0.073679 0.000000 -0.547725 0.809318 -0.212137 4.710600 -0.056121 0.217442 0.974458 0.000000 0.000000 0.000000 0.000000 1.000000
0.834774 0.545641 -0.073679 0.000000 -0.547725 0.809318 -0.212137 4.710600 -0.056121 0.217442 0.974458 0.000000 0.000000 0.000000 0.000000 1.000000
0.834774 0.545640 -0.073679 -0.000000 -0.547724 0.809318 -0.212137 4.710600 -0.056121 0.217442 0.974459 0.000000 0.000000 0.000000 0.000000 1.000000
0.834774 0.545640 -0.073679 0.000000 -0.547725 0.809318 -0.212137 4.710600 -0.056121 0.217442 0.974458 0.000000 0.000000 0.000000 0.000000 1.000000
0.834775 0.545640 -0.073678 0.000000 -0.547724 0.809318 -0.212137 4.710600 -0.056121 0.217442 0.974459 -0.000000 0.000000 0.000000 0.000000 1.000000
0.834774 0.545640 -0.073679 -0.000000 -0.547724 0.809318 -0.212137 4.710600 -0.056121 0.217442 0.974459 -0.000000 0.000000 0.000000 0.000000 1.000000
0.834774 0.545640 -0.073678 0.000000 -0.547725 0.809318 -0.212137 4.710600 -0.056121 0.217442 0.974459 0.000000 0.000000 0.000000 0.000000 1.000000
0.834775 0.545640 -0.073679 -0.000000 -0.547724 0.809318 -0.212137 4.710600 -0.056121 0.217442 0.974459 -0.000000 0.000000 0.000000 0.000000 1.000000
0.834775 0.545640 -0.073678 0.000000 -0.547724 0.809318 -0.212138 4.710600 -0.056122 0.217442 0.974458 0.000000 0.000000 0.000000 0.000000 1.000000
0.834774 0.545640 -0.073678 0.000000 -0.547724 0.809318 -0.212137 4.710600 -0.056122 0.217442 0.974458 0.000000 0.000000 0.000000 0.000000 1.000000
0.834774 0.545640 -0.073679 -0.000000 -0.547725 0.809318 -0.212137 4.710600 -0.056120 0.217442 0.974458 -0.000000 0.000000 0.000000 0.000000 1.000000
0.834774 0.545640 -0.073679 0.000000 -0.547725 0.809318 -0.212137 4.710600 -0.056121 0.217443 0.974458 0.000000 0.000000 0.000000 0.000000 1.000000
0.834774 0.545640 -0.073679 0.000000 -0.547724 0.809318 -0.212137 4.710600 -0.056121 0.217442 0.974458 0.000000 0.000000 0.000000 0.000000 1.000000
0.834774 0.545640 -0.073679 0.000000 -0.547725 0.809318 -0.212137 4.710600 -0.056121 0.217442 0.974459 0.000000 0.000000 0.000000 0.000000 1.000000
0.834775 0.545640 -0.073678 0.000000 -0.547724 0.809318 -0.212137 4.710600 -0.056121 0.217442 0.974458 0.000000 0.000000 0.000000 0.000000 1.000000
0.834775 0.545640 -0.073678 -0.000000 -0.547724 0.809318 -0.212137 4.710600 -0.056122 0.217442 0.974458 0.000000 0.000000 0.000000 0.000000 1.000000
0.834774 0.545640 -0.073678 -0.000000 -0.547725 0.809318 -0.212137 4.710600 -0.056121 0.217442 0.974459 0.000000 0.000000 0.000000 0.000000 1.000000
0.834775 0.545640 -0.073679 -0.000000 -0.547724 0.809318 -0.212137 4.710600 -0.056121 0.217442 0.974458 0.000000 0.000000 0.000000 0.000000 1.000000
0.834774 0.545640 -0.073679 -0.000000 -0.547724 0.809318 -0.212137 4.710600 -0.056121 0.217442 0.974459 0.000000 0.000000 0.000000 0.000000 1.000000
0.834775 0.545640 -0.073678 0.000000 -0.547724 0.809318 -0.212137 4.710600 -0.056121 0.217442 0.974458 0.000000 0.000000 0.000000 0.000000 1.000000
0.834775 0.545640 -0.073678 0.000000 -0.547724 0.809318 -0.212137 4.710600 -0.056121 0.217442 0.974459 0.000000 0.000000 0.000000 0.000000 1.000000
0.834774 0.545640 -0.073679 0.000000 -0.547725 0.809318 -0.212137 4.710600 -0.056121 0.217443 0.974458 0.000000 0.000000 0.000000 0.000000 1.000000
0.834774 0.545640 -0.073678 -0.000000 -0.547724 0.809318 -0.212137 4.710600 -0.056121 0.217442 0.974459 0.000000 0.000000 0.000000 0.000000 1.000000
0.834775 0.545640 -0.073679 0.000000 -0.547724 0.809318 -0.212137 4.710600 -0.056121 0.217442 0.974458 0.000000 0.000000 0.000000 0.000000 1.000000
0.834774 0.545641 -0.073679 0.000000 -0.547725 0.809318 -0.212137 4.710600 -0.056121 0.217442 0.974458 0.000000 0.000000 0.000000 0.000000 1.000000
0.834774 0.545640 -0.073678 -0.000000 -0.547724 0.809318 -0.212137 4.710600 -0.056121 0.217442 0.974458 0.000000 0.000000 0.000000 0.000000 1.000000
0.834775 0.545640 -0.073678 0.000000 -0.547724 0.809318 -0.212137 4.710600 -0.056121 0.217442 0.974458 -0.000000 0.000000 0.000000 0.000000 1.000000
0.834774 0.545640 -0.073678 0.000000 -0.547725 0.809318 -0.212137 4.710600 -0.056121 0.217442 0.974459 0.000000 0.000000 0.000000 0.000000 1.000000
0.834774 0.545640 -0.073678 0.000000 -0.547725 0.809318 -0.212137 4.710600 -0.056121 0.217442 0.974459 0.000000 0.000000 0.000000 0.000000 1.000000
0.834774 0.545640 -0.073679 -0.000000 -0.547725 0.809318 -0.212137 4.710600 -0.056121 0.217442 0.974458 0.000000 0.000000 0.000000 0.000000 1.000000
0.834774 0.545640 -0.073679 0.000000 -0.547725 0.809318 -0.212137 4.710600 -0.056121 0.217442 0.974458 0.000000 0.000000 0.000000 0.000000 1.000000
0.834774 0.545640 -0.073678 0.000000 -0.547724 0.809318 -0.212137 4.710600 -0.056121 0.217442 0.974459 -0.000000 0.000000 0.000000 0.000000 1.000000
0.834775 0.545640 -0.073678 0.000000 -0.547724 0.809318 -0.212137 4.710600 -0.056121 0.217442 0.974458 0.000000 0.000000 0.000000 0.000000 1.000000
0.834774 0.545640 -0.073679 -0.000000 -0.547725 0.809318 -0.212137 4.710600 -0.056121 0.217442 0.974458 0.000000 0.000000 0.000000 0.000000 1.000000
0.834774 0.545641 -0.073678 0.000000 -0.547725 0.809318 -0.212137 4.710600 -0.056121 0.217442 0.974458 -0.000000 0.000000 0.000000 0.000000 1.000000
0.834774 0.545640 -0.073679 0.000000 -0.547724 0.809318 -0.212137 4.710600 -0.056121 0.217442 0.974458 -0.000000 0.000000 0.000000 0.000000 1.000000
0.834774 0.545640 -0.073678 0.000000 -0.547725 0.809318 -0.212137 4.710600 -0.056121 0.217442 0.974459 0.000000 0.000000 0.000000 0.000000 1.000000
0.834775 0.545640 -0.073678 -0.000000 -0.547724 0.809318 -0.212137 4.710600 -0.056121 0.217442 0.974458 0.000000 0.000000 0.000000 0.000000 1.000000
0.834774 0.545640 -0.073678 0.000000 -0.547725 0.809318 -0.212137 4.710600 -0.056121 0.217442 0.974458 0.000000 0.000000 0.000000 0.000000 1.000000</float_array>
        <technique_common>
          <accessor source="#mixamorig_LeftHandThumb3-Matrix-animation-output-transform-array" count="50" stride="16">
            <param type="float4x4"/>
          </accessor>
        </technique_common>
      </source>
      <source id="mixamorig_LeftHandThumb3-Interpolations">
        <Name_array id="mixamorig_LeftHandThumb3-Interpolations-array" count="50">
 LINEAR LINEAR LINEAR LINEAR LINEAR LINEAR LINEAR LINEAR LINEAR LINEAR LINEAR
LINEAR LINEAR LINEAR LINEAR LINEAR LINEAR LINEAR LINEAR LINEAR LINEAR LINEAR LINEAR
LINEAR LINEAR LINEAR LINEAR LINEAR LINEAR LINEAR LINEAR LINEAR LINEAR LINEAR LINEAR
LINEAR LINEAR LINEAR LINEAR LINEAR LINEAR LINEAR LINEAR LINEAR LINEAR LINEAR LINEAR
LINEAR LINEAR LINEAR</Name_array>
        <technique_common>
          <accessor source="#mixamorig_LeftHandThumb3-Interpolations-array" count="50">
            <param type="name"/>
          </accessor>
        </technique_common>
      </source>
      <sampler id="mixamorig_LeftHandThumb3-Matrix-animation-transform">
        <input semantic="INPUT" source="#mixamorig_LeftHandThumb3-Matrix-animation-input"/>
        <input semantic="OUTPUT" source="#mixamorig_LeftHandThumb3-Matrix-animation-output-transform"/>
        <input semantic="INTERPOLATION" source="#mixamorig_LeftHandThumb3-Interpolations"/>
      </sampler>
      <channel source="#mixamorig_LeftHandThumb3-Matrix-animation-transform" target="mixamorig_LeftHandThumb3/matrix"/>
    </animation>
    <animation id="mixamorig_LeftHandIndex1-anim" name="mixamorig_LeftHandIndex1">
      <source id="mixamorig_LeftHandIndex1-Matrix-animation-input">
        <float_array id="mixamorig_LeftHandIndex1-Matrix-animation-input-array" count="50">

0.000000 0.033333 0.066667 0.100000 0.133333 0.166667 0.200000 0.233333 0.266667 0.300000 0.333333 0.366667 0.400000 0.433333 0.466667 0.500000
0.533333 0.566667 0.600000 0.633333 0.666667 0.700000 0.733333 0.766667 0.800000 0.833333 0.866667 0.900000 0.933333 0.966667 1.000000 1.033333
1.066667 1.100000 1.133333 1.166667 1.200000 1.233333 1.266667 1.300000 1.333333 1.366667 1.400000 1.433333 1.466667 1.500000 1.533333 1.566667
1.600000 1.633333</float_array>
        <technique_common>
          <accessor source="#mixamorig_LeftHandIndex1-Matrix-animation-input-array" count="50">
            <param name="TIME" type="float"/>
          </accessor>
        </technique_common>
      </source>
      <source id="mixamorig_LeftHandIndex1-Matrix-animation-output-transform">
        <float_array id="mixamorig_LeftHandIndex1-Matrix-animation-output-transform-array" count="800">

0.986395 -0.045835 0.157875 -2.855500 0.131995 0.793267 -0.594394 14.669400 -0.097993 0.607146 0.788525 0.398800 0.000000 0.000000 0.000000 1.000000
0.986395 -0.045835 0.157875 -2.855500 0.131995 0.793267 -0.594394 14.669400 -0.097994 0.607146 0.788524 0.398800 0.000000 0.000000 0.000000 1.000000
0.986395 -0.045835 0.157875 -2.855500 0.131996 0.793267 -0.594394 14.669400 -0.097993 0.607146 0.788525 0.398800 0.000000 0.000000 0.000000 1.000000
0.986395 -0.045836 0.157876 -2.855500 0.131996 0.793267 -0.594394 14.669400 -0.097993 0.607146 0.788525 0.398800 0.000000 0.000000 0.000000 1.000000
0.986395 -0.045835 0.157875 -2.855500 0.131995 0.793267 -0.594394 14.669400 -0.097993 0.607146 0.788525 0.398800 0.000000 0.000000 0.000000 1.000000
0.986395 -0.045835 0.157876 -2.855500 0.131996 0.793267 -0.594394 14.669400 -0.097994 0.607146 0.788525 0.398800 0.000000 0.000000 0.000000 1.000000
0.986395 -0.045835 0.157876 -2.855500 0.131996 0.793267 -0.594394 14.669400 -0.097993 0.607146 0.788524 0.398800 0.000000 0.000000 0.000000 1.000000
0.986395 -0.045835 0.157876 -2.855500 0.131996 0.793267 -0.594394 14.669400 -0.097993 0.607146 0.788524 0.398800 0.000000 0.000000 0.000000 1.000000
0.986395 -0.045835 0.157875 -2.855500 0.131996 0.793267 -0.594394 14.669400 -0.097993 0.607146 0.788524 0.398800 0.000000 0.000000 0.000000 1.000000
0.986395 -0.045835 0.157875 -2.855500 0.131996 0.793267 -0.594395 14.669400 -0.097993 0.607146 0.788524 0.398800 0.000000 0.000000 0.000000 1.000000
0.986395 -0.045835 0.157876 -2.855500 0.131996 0.793267 -0.594394 14.669400 -0.097994 0.607146 0.788524 0.398800 0.000000 0.000000 0.000000 1.000000
0.986395 -0.045835 0.157875 -2.855500 0.131996 0.793267 -0.594394 14.669400 -0.097993 0.607146 0.788525 0.398800 0.000000 0.000000 0.000000 1.000000
0.986395 -0.045835 0.157875 -2.855500 0.131995 0.793267 -0.594394 14.669400 -0.097993 0.607146 0.788525 0.398800 0.000000 0.000000 0.000000 1.000000
0.986395 -0.045835 0.157875 -2.855500 0.131995 0.793267 -0.594394 14.669400 -0.097993 0.607146 0.788525 0.398800 0.000000 0.000000 0.000000 1.000000
0.986395 -0.045835 0.157875 -2.855500 0.131995 0.793267 -0.594394 14.669400 -0.097993 0.607146 0.788525 0.398800 0.000000 0.000000 0.000000 1.000000
0.986395 -0.045835 0.157876 -2.855500 0.131996 0.793267 -0.594394 14.669400 -0.097993 0.607146 0.788525 0.398800 0.000000 0.000000 0.000000 1.000000
0.986395 -0.045835 0.157875 -2.855500 0.131995 0.793267 -0.594394 14.669400 -0.097993 0.607146 0.788524 0.398800 0.000000 0.000000 0.000000 1.000000
0.986395 -0.045835 0.157875 -2.855500 0.131995 0.793267 -0.594394 14.669400 -0.097993 0.607146 0.788525 0.398800 0.000000 0.000000 0.000000 1.000000
0.986395 -0.045835 0.157876 -2.855500 0.131995 0.793267 -0.594394 14.669400 -0.097994 0.607146 0.788525 0.398800 0.000000 0.000000 0.000000 1.000000
0.986395 -0.045836 0.157876 -2.855500 0.131996 0.793267 -0.594394 14.669400 -0.097993 0.607146 0.788525 0.398800 0.000000 0.000000 0.000000 1.000000
0.986395 -0.045835 0.157875 -2.855500 0.131995 0.793267 -0.594394 14.669400 -0.097993 0.607146 0.788524 0.398800 0.000000 0.000000 0.000000 1.000000
0.986395 -0.045835 0.157875 -2.855500 0.131995 0.793267 -0.594394 14.669400 -0.097993 0.607146 0.788525 0.398800 0.000000 0.000000 0.000000 1.000000
0.986395 -0.045835 0.157875 -2.855500 0.131995 0.793267 -0.594395 14.669400 -0.097993 0.607146 0.788524 0.398800 0.000000 0.000000 0.000000 1.000000
0.986395 -0.045835 0.157875 -2.855500 0.131995 0.793267 -0.594395 14.669400 -0.097993 0.607146 0.788524 0.398800 0.000000 0.000000 0.000000 1.000000
0.986395 -0.045835 0.157876 -2.855500 0.131996 0.793267 -0.594394 14.669400 -0.097993 0.607146 0.788524 0.398800 0.000000 0.000000 0.000000 1.000000
0.986395 -0.045835 0.157875 -2.855500 0.131996 0.793267 -0.594394 14.669400 -0.097993 0.607146 0.788525 0.398800 0.000000 0.000000 0.000000 1.000000
0.986395 -0.045835 0.157876 -2.855500 0.131995 0.793267 -0.594394 14.669400 -0.097994 0.607146 0.788525 0.398800 0.000000 0.000000 0.000000 1.000000
0.986395 -0.045835 0.157876 -2.855500 0.131996 0.793267 -0.594394 14.669400 -0.097993 0.607146 0.788525 0.398800 0.000000 0.000000 0.000000 1.000000
0.986395 -0.045835 0.157876 -2.855500 0.131996 0.793267 -0.594394 14.669400 -0.097993 0.607146 0.788524 0.398800 0.000000 0.000000 0.000000 1.000000
0.986395 -0.045835 0.157875 -2.855500 0.131995 0.793267 -0.594394 14.669400 -0.097993 0.607146 0.788524 0.398800 0.000000 0.000000 0.000000 1.000000
0.986395 -0.045835 0.157876 -2.855500 0.131996 0.793267 -0.594394 14.669400 -0.097994 0.607146 0.788524 0.398800 0.000000 0.000000 0.000000 1.000000
0.986395 -0.045836 0.157876 -2.855500 0.131996 0.793267 -0.594394 14.669400 -0.097993 0.607146 0.788525 0.398800 0.000000 0.000000 0.000000 1.000000
0.986395 -0.045835 0.157875 -2.855500 0.131995 0.793267 -0.594394 14.669400 -0.097993 0.607146 0.788524 0.398800 0.000000 0.000000 0.000000 1.000000
0.986395 -0.045835 0.157876 -2.855500 0.131996 0.793267 -0.594394 14.669400 -0.097993 0.607146 0.788525 0.398800 0.000000 0.000000 0.000000 1.000000
0.986395 -0.045835 0.157875 -2.855500 0.131996 0.793267 -0.594394 14.669400 -0.097993 0.607146 0.788525 0.398800 0.000000 0.000000 0.000000 1.000000
0.986395 -0.045836 0.157875 -2.855500 0.131996 0.793267 -0.594394 14.669400 -0.097993 0.607146 0.788525 0.398800 0.000000 0.000000 0.000000 1.000000
0.986395 -0.045835 0.157876 -2.855500 0.131996 0.793267 -0.594394 14.669400 -0.097994 0.607146 0.788525 0.398800 0.000000 0.000000 0.000000 1.000000
0.986395 -0.045835 0.157876 -2.855500 0.131996 0.793267 -0.594394 14.669400 -0.097994 0.607146 0.788525 0.398800 0.000000 0.000000 0.000000 1.000000
0.986395 -0.045835 0.157875 -2.855500 0.131995 0.793267 -0.594394 14.669400 -0.097993 0.607146 0.788525 0.398800 0.000000 0.000000 0.000000 1.000000
0.986395 -0.045835 0.157875 -2.855500 0.131995 0.793267 -0.594394 14.669400 -0.097993 0.607146 0.788525 0.398800 0.000000 0.000000 0.000000 1.000000
0.986395 -0.045835 0.157875 -2.855500 0.131996 0.793267 -0.594394 14.669400 -0.097993 0.607146 0.788524 0.398800 0.000000 0.000000 0.000000 1.000000
0.986395 -0.045835 0.157876 -2.855500 0.131996 0.793267 -0.594394 14.669400 -0.097993 0.607146 0.788524 0.398800 0.000000 0.000000 0.000000 1.000000
0.986395 -0.045835 0.157875 -2.855500 0.131995 0.793267 -0.594394 14.669400 -0.097993 0.607146 0.788525 0.398800 0.000000 0.000000 0.000000 1.000000
0.986395 -0.045835 0.157875 -2.855500 0.131995 0.793267 -0.594394 14.669400 -0.097993 0.607146 0.788525 0.398800 0.000000 0.000000 0.000000 1.000000
0.986395 -0.045835 0.157875 -2.855500 0.131995 0.793267 -0.594395 14.669400 -0.097993 0.607146 0.788524 0.398800 0.000000 0.000000 0.000000 1.000000
0.986395 -0.045835 0.157875 -2.855500 0.131995 0.793267 -0.594394 14.669400 -0.097993 0.607146 0.788524 0.398800 0.000000 0.000000 0.000000 1.000000
0.986395 -0.045835 0.157875 -2.855500 0.131995 0.793267 -0.594394 14.669400 -0.097993 0.607146 0.788525 0.398800 0.000000 0.000000 0.000000 1.000000
0.986395 -0.045836 0.157875 -2.855500 0.131996 0.793267 -0.594394 14.669400 -0.097993 0.607146 0.788525 0.398800 0.000000 0.000000 0.000000 1.000000
0.986395 -0.045835 0.157875 -2.855500 0.131996 0.793267 -0.594394 14.669400 -0.097993 0.607146 0.788525 0.398800 0.000000 0.000000 0.000000 1.000000
0.986395 -0.045835 0.157875 -2.855500 0.131996 0.793267 -0.594394 14.669400 -0.097993 0.607146 0.788525 0.398800 0.000000 0.000000 0.000000 1.000000</float_array>
        <technique_common>
          <accessor source="#mixamorig_LeftHandIndex1-Matrix-animation-output-transform-array" count="50" stride="16">
            <param type="float4x4"/>
          </accessor>
        </technique_common>
      </source>
      <source id="mixamorig_LeftHandIndex1-Interpolations">
        <Name_array id="mixamorig_LeftHandIndex1-Interpolations-array" count="50">
 LINEAR LINEAR LINEAR LINEAR LINEAR LINEAR LINEAR LINEAR LINEAR LINEAR LINEAR
LINEAR LINEAR LINEAR LINEAR LINEAR LINEAR LINEAR LINEAR LINEAR LINEAR LINEAR LINEAR
LINEAR LINEAR LINEAR LINEAR LINEAR LINEAR LINEAR LINEAR LINEAR LINEAR LINEAR LINEAR
LINEAR LINEAR LINEAR LINEAR LINEAR LINEAR LINEAR LINEAR LINEAR LINEAR LINEAR LINEAR
LINEAR LINEAR LINEAR</Name_array>
        <technique_common>
          <accessor source="#mixamorig_LeftHandIndex1-Interpolations-array" count="50">
            <param type="name"/>
          </accessor>
        </technique_common>
      </source>
      <sampler id="mixamorig_LeftHandIndex1-Matrix-animation-transform">
        <input semantic="INPUT" source="#mixamorig_LeftHandIndex1-Matrix-animation-input"/>
        <input semantic="OUTPUT" source="#mixamorig_LeftHandIndex1-Matrix-animation-output-transform"/>
        <input semantic="INTERPOLATION" source="#mixamorig_LeftHandIndex1-Interpolations"/>
      </sampler>
      <channel source="#mixamorig_LeftHandIndex1-Matrix-animation-transform" target="mixamorig_LeftHandIndex1/matrix"/>
    </animation>
    <animation id="mixamorig_LeftHandIndex2-anim" name="mixamorig_LeftHandIndex2">
      <source id="mixamorig_LeftHandIndex2-Matrix-animation-input">
        <float_array id="mixamorig_LeftHandIndex2-Matrix-animation-input-array" count="50">

0.000000 0.033333 0.066667 0.100000 0.133333 0.166667 0.200000 0.233333 0.266667 0.300000 0.333333 0.366667 0.400000 0.433333 0.466667 0.500000
0.533333 0.566667 0.600000 0.633333 0.666667 0.700000 0.733333 0.766667 0.800000 0.833333 0.866667 0.900000 0.933333 0.966667 1.000000 1.033333
1.066667 1.100000 1.133333 1.166667 1.200000 1.233333 1.266667 1.300000 1.333333 1.366667 1.400000 1.433333 1.466667 1.500000 1.533333 1.566667
1.600000 1.633333</float_array>
        <technique_common>
          <accessor source="#mixamorig_LeftHandIndex2-Matrix-animation-input-array" count="50">
            <param name="TIME" type="float"/>
          </accessor>
        </technique_common>
      </source>
      <source id="mixamorig_LeftHandIndex2-Matrix-animation-output-transform">
        <float_array id="mixamorig_LeftHandIndex2-Matrix-animation-output-transform-array" count="800">

0.997605 -0.006902 0.068816 0.000000 0.066699 0.359191 -0.930878 3.248600 -0.018293 0.933239 0.358791 0.000000 0.000000 0.000000 0.000000 1.000000
0.997605 -0.006902 0.068816 -0.000000 0.066698 0.359191 -0.930878 3.248600 -0.018293 0.933239 0.358791 0.000000 0.000000 0.000000 0.000000 1.000000
0.997605 -0.006901 0.068816 -0.000000 0.066698 0.359191 -0.930878 3.248600 -0.018294 0.933238 0.358791 -0.000000 0.000000 0.000000 0.000000 1.000000
0.997606 -0.006901 0.068816 0.000000 0.066698 0.359191 -0.930878 3.248600 -0.018294 0.933239 0.358791 0.000000 0.000000 0.000000 0.000000 1.000000
0.997605 -0.006902 0.068817 0.000000 0.066699 0.359191 -0.930877 3.248600 -0.018294 0.933238 0.358792 -0.000000 0.000000 0.000000 0.000000 1.000000
0.997605 -0.006902 0.068816 -0.000000 0.066698 0.359192 -0.930877 3.248600 -0.018293 0.933238 0.358792 0.000000 0.000000 0.000000 0.000000 1.000000
0.997605 -0.006902 0.068816 0.000000 0.066698 0.359191 -0.930877 3.248600 -0.018293 0.933238 0.358792 -0.000000 0.000000 0.000000 0.000000 1.000000
0.997605 -0.006902 0.068816 0.000000 0.066698 0.359191 -0.930877 3.248600 -0.018293 0.933238 0.358792 0.000000 0.000000 0.000000 0.000000 1.000000
0.997605 -0.006901 0.068816 0.000000 0.066698 0.359191 -0.930877 3.248600 -0.018294 0.933238 0.358792 0.000000 0.000000 0.000000 0.000000 1.000000
0.997606 -0.006902 0.068816 0.000000 0.066698 0.359192 -0.930877 3.248600 -0.018293 0.933238 0.358792 0.000000 0.000000 0.000000 0.000000 1.000000
0.997605 -0.006902 0.068816 0.000000 0.066698 0.359192 -0.930877 3.248600 -0.018293 0.933238 0.358792 0.000000 0.000000 0.000000 0.000000 1.000000
0.997605 -0.006902 0.068816 0.000000 0.066698 0.359192 -0.930877 3.248600 -0.018294 0.933238 0.358792 0.000000 0.000000 0.000000 0.000000 1.000000
0.997605 -0.006902 0.068817 0.000000 0.066699 0.359191 -0.930877 3.248600 -0.018294 0.933238 0.358792 0.000000 0.000000 0.000000 0.000000 1.000000
0.997605 -0.006902 0.068816 0.000000 0.066698 0.359191 -0.930878 3.248600 -0.018293 0.933239 0.358791 0.000000 0.000000 0.000000 0.000000 1.000000
0.997605 -0.006902 0.068816 0.000000 0.066698 0.359190 -0.930878 3.248600 -0.018294 0.933239 0.358791 0.000000 0.000000 0.000000 0.000000 1.000000
0.997606 -0.006902 0.068815 -0.000000 0.066698 0.359191 -0.930878 3.248600 -0.018293 0.933238 0.358791 -0.000000 0.000000 0.000000 0.000000 1.000000
0.997606 -0.006902 0.068816 0.000000 0.066698 0.359191 -0.930878 3.248600 -0.018293 0.933239 0.358791 0.000000 0.000000 0.000000 0.000000 1.000000
0.997605 -0.006902 0.068817 0.000000 0.066699 0.359191 -0.930877 3.248600 -0.018294 0.933238 0.358792 0.000000 0.000000 0.000000 0.000000 1.000000
0.997605 -0.006902 0.068817 -0.000000 0.066699 0.359192 -0.930877 3.248600 -0.018293 0.933238 0.358792 0.000000 0.000000 0.000000 0.000000 1.000000
0.997605 -0.006902 0.068817 0.000000 0.066699 0.359191 -0.930878 3.248600 -0.018293 0.933238 0.358791 0.000000 0.000000 0.000000 0.000000 1.000000
0.997605 -0.006902 0.068816 -0.000000 0.066698 0.359191 -0.930878 3.248600 -0.018293 0.933239 0.358791 0.000000 0.000000 0.000000 0.000000 1.000000
0.997605 -0.006902 0.068817 0.000000 0.066698 0.359191 -0.930878 3.248600 -0.018294 0.933239 0.358791 0.000000 0.000000 0.000000 0.000000 1.000000
0.997605 -0.006902 0.068817 -0.000000 0.066699 0.359191 -0.930877 3.248600 -0.018294 0.933238 0.358792 0.000000 0.000000 0.000000 0.000000 1.000000
0.997605 -0.006902 0.068816 0.000000 0.066698 0.359191 -0.930878 3.248600 -0.018294 0.933238 0.358791 0.000000 0.000000 0.000000 0.000000 1.000000
0.997605 -0.006902 0.068816 0.000000 0.066698 0.359191 -0.930878 3.248600 -0.018293 0.933238 0.358791 0.000000 0.000000 0.000000 0.000000 1.000000
0.997605 -0.006902 0.068816 0.000000 0.066698 0.359191 -0.930878 3.248600 -0.018293 0.933239 0.358791 -0.000000 0.000000 0.000000 0.000000 1.000000
0.997606 -0.006902 0.068816 0.000000 0.066698 0.359192 -0.930877 3.248600 -0.018293 0.933238 0.358792 0.000000 0.000000 0.000000 0.000000 1.000000
0.997605 -0.006902 0.068817 -0.000000 0.066699 0.359192 -0.930877 3.248600 -0.018294 0.933238 0.358792 0.000000 0.000000 0.000000 0.000000 1.000000
0.997605 -0.006902 0.068816 0.000000 0.066698 0.359191 -0.930878 3.248600 -0.018294 0.933239 0.358791 -0.000000 0.000000 0.000000 0.000000 1.000000
0.997605 -0.006901 0.068816 0.000000 0.066698 0.359192 -0.930877 3.248600 -0.018294 0.933238 0.358792 0.000000 0.000000 0.000000 0.000000 1.000000
0.997605 -0.006901 0.068816 0.000000 0.066698 0.359191 -0.930878 3.248600 -0.018294 0.933239 0.358791 0.000000 0.000000 0.000000 0.000000 1.000000
0.997605 -0.006902 0.068816 0.000000 0.066698 0.359191 -0.930878 3.248600 -0.018293 0.933239 0.358791 0.000000 0.000000 0.000000 0.000000 1.000000
0.997605 -0.006902 0.068816 0.000000 0.066698 0.359191 -0.930878 3.248600 -0.018293 0.933238 0.358791 0.000000 0.000000 0.000000 0.000000 1.000000
0.997605 -0.006902 0.068816 0.000000 0.066699 0.359191 -0.930878 3.248600 -0.018293 0.933238 0.358791 0.000000 0.000000 0.000000 0.000000 1.000000
0.997605 -0.006902 0.068816 0.000000 0.066698 0.359192 -0.930877 3.248600 -0.018293 0.933238 0.358792 0.000000 0.000000 0.000000 0.000000 1.000000
0.997606 -0.006902 0.068816 0.000000 0.066698 0.359191 -0.930878 3.248600 -0.018293 0.933238 0.358792 0.000000 0.000000 0.000000 0.000000 1.000000
0.997605 -0.006903 0.068816 0.000000 0.066698 0.359190 -0.930878 3.248600 -0.018293 0.933239 0.358791 -0.000000 0.000000 0.000000 0.000000 1.000000
0.997606 -0.006902 0.068815 0.000000 0.066698 0.359190 -0.930878 3.248600 -0.018293 0.933239 0.358790 -0.000000 0.000000 0.000000 0.000000 1.000000
0.997605 -0.006902 0.068817 0.000000 0.066698 0.359192 -0.930877 3.248600 -0.018294 0.933238 0.358792 0.000000 0.000000 0.000000 0.000000 1.000000
0.997605 -0.006902 0.068816 0.000000 0.066698 0.359191 -0.930878 3.248600 -0.018294 0.933239 0.358791 0.000000 0.000000 0.000000 0.000000 1.000000
0.997605 -0.006901 0.068816 -0.000000 0.066698 0.359191 -0.930878 3.248600 -0.018294 0.933239 0.358791 -0.000000 0.000000 0.000000 0.000000 1.000000
0.997606 -0.006903 0.068816 0.000000 0.066698 0.359191 -0.930878 3.248600 -0.018292 0.933239 0.358791 0.000000 0.000000 0.000000 0.000000 1.000000
0.997605 -0.006902 0.068816 0.000000 0.066698 0.359191 -0.930878 3.248600 -0.018293 0.933239 0.358791 0.000000 0.000000 0.000000 0.000000 1.000000
0.997605 -0.006902 0.068816 0.000000 0.066698 0.359191 -0.930878 3.248600 -0.018293 0.933238 0.358791 0.000000 0.000000 0.000000 0.000000 1.000000
0.997605 -0.006902 0.068816 0.000000 0.066698 0.359191 -0.930878 3.248600 -0.018293 0.933239 0.358791 0.000000 0.000000 0.000000 0.000000 1.000000
0.997605 -0.006902 0.068816 0.000000 0.066698 0.359191 -0.930878 3.248600 -0.018293 0.933238 0.358791 0.000000 0.000000 0.000000 0.000000 1.000000
0.997605 -0.006902 0.068817 -0.000000 0.066699 0.359191 -0.930877 3.248600 -0.018293 0.933238 0.358792 0.000000 0.000000 0.000000 0.000000 1.000000
0.997605 -0.006901 0.068816 0.000000 0.066698 0.359191 -0.930878 3.248600 -0.018294 0.933238 0.358791 -0.000000 0.000000 0.000000 0.000000 1.000000
0.997606 -0.006902 0.068815 0.000000 0.066697 0.359191 -0.930878 3.248600 -0.018293 0.933239 0.358791 0.000000 0.000000 0.000000 0.000000 1.000000
0.997605 -0.006902 0.068816 -0.000000 0.066698 0.359192 -0.930877 3.248600 -0.018294 0.933238 0.358792 0.000000 0.000000 0.000000 0.000000 1.000000</float_array>
        <technique_common>
          <accessor source="#mixamorig_LeftHandIndex2-Matrix-animation-output-transform-array" count="50" stride="16">
            <param type="float4x4"/>
          </accessor>
        </technique_common>
      </source>
      <source id="mixamorig_LeftHandIndex2-Interpolations">
        <Name_array id="mixamorig_LeftHandIndex2-Interpolations-array" count="50">
 LINEAR LINEAR LINEAR LINEAR LINEAR LINEAR LINEAR LINEAR LINEAR LINEAR LINEAR
LINEAR LINEAR LINEAR LINEAR LINEAR LINEAR LINEAR LINEAR LINEAR LINEAR LINEAR LINEAR
LINEAR LINEAR LINEAR LINEAR LINEAR LINEAR LINEAR LINEAR LINEAR LINEAR LINEAR LINEAR
LINEAR LINEAR LINEAR LINEAR LINEAR LINEAR LINEAR LINEAR LINEAR LINEAR LINEAR LINEAR
LINEAR LINEAR LINEAR</Name_array>
        <technique_common>
          <accessor source="#mixamorig_LeftHandIndex2-Interpolations-array" count="50">
            <param type="name"/>
          </accessor>
        </technique_common>
      </source>
      <sampler id="mixamorig_LeftHandIndex2-Matrix-animation-transform">
        <input semantic="INPUT" source="#mixamorig_LeftHandIndex2-Matrix-animation-input"/>
        <input semantic="OUTPUT" source="#mixamorig_LeftHandIndex2-Matrix-animation-output-transform"/>
        <input semantic="INTERPOLATION" source="#mixamorig_LeftHandIndex2-Interpolations"/>
      </sampler>
      <channel source="#mixamorig_LeftHandIndex2-Matrix-animation-transform" target="mixamorig_LeftHandIndex2/matrix"/>
    </animation>
    <animation id="mixamorig_LeftHandIndex3-anim" name="mixamorig_LeftHandIndex3">
      <source id="mixamorig_LeftHandIndex3-Matrix-animation-input">
        <float_array id="mixamorig_LeftHandIndex3-Matrix-animation-input-array" count="50">

0.000000 0.033333 0.066667 0.100000 0.133333 0.166667 0.200000 0.233333 0.266667 0.300000 0.333333 0.366667 0.400000 0.433333 0.466667 0.500000
0.533333 0.566667 0.600000 0.633333 0.666667 0.700000 0.733333 0.766667 0.800000 0.833333 0.866667 0.900000 0.933333 0.966667 1.000000 1.033333
1.066667 1.100000 1.133333 1.166667 1.200000 1.233333 1.266667 1.300000 1.333333 1.366667 1.400000 1.433333 1.466667 1.500000 1.533333 1.566667
1.600000 1.633333</float_array>
        <technique_common>
          <accessor source="#mixamorig_LeftHandIndex3-Matrix-animation-input-array" count="50">
            <param name="TIME" type="float"/>
          </accessor>
        </technique_common>
      </source>
      <source id="mixamorig_LeftHandIndex3-Matrix-animation-output-transform">
        <float_array id="mixamorig_LeftHandIndex3-Matrix-animation-output-transform-array" count="800">

0.998568 -0.016908 0.050759 -0.000000 0.052787 0.465791 -0.883319 2.659600 -0.008708 0.884733 0.466016 0.000000 0.000000 0.000000 0.000000 1.000000
0.998568 -0.016908 0.050759 0.000000 0.052787 0.465790 -0.883319 2.659600 -0.008708 0.884734 0.466016 -0.000000 0.000000 0.000000 0.000000 1.000000
0.998568 -0.016908 0.050759 0.000000 0.052788 0.465791 -0.883319 2.659600 -0.008708 0.884733 0.466016 -0.000000 0.000000 0.000000 0.000000 1.000000
0.998568 -0.016908 0.050760 0.000000 0.052788 0.465791 -0.883319 2.659600 -0.008708 0.884733 0.466017 -0.000000 0.000000 0.000000 0.000000 1.000000
0.998568 -0.016907 0.050759 0.000000 0.052787 0.465791 -0.883319 2.659600 -0.008708 0.884733 0.466016 0.000000 0.000000 0.000000 0.000000 1.000000
0.998568 -0.016908 0.050759 0.000000 0.052787 0.465791 -0.883319 2.659600 -0.008708 0.884733 0.466016 -0.000000 0.000000 0.000000 0.000000 1.000000
0.998568 -0.016908 0.050759 0.000000 0.052788 0.465791 -0.883319 2.659600 -0.008708 0.884733 0.466016 0.000000 0.000000 0.000000 0.000000 1.000000
0.998568 -0.016908 0.050759 0.000000 0.052788 0.465791 -0.883319 2.659600 -0.008708 0.884733 0.466016 0.000000 0.000000 0.000000 0.000000 1.000000
0.998568 -0.016908 0.050760 0.000000 0.052788 0.465791 -0.883319 2.659600 -0.008708 0.884733 0.466017 -0.000000 0.000000 0.000000 0.000000 1.000000
0.998568 -0.016908 0.050759 -0.000000 0.052788 0.465790 -0.883319 2.659600 -0.008708 0.884734 0.466016 0.000000 0.000000 0.000000 0.000000 1.000000
0.998568 -0.016908 0.050759 0.000000 0.052788 0.465791 -0.883319 2.659600 -0.008708 0.884733 0.466016 -0.000000 0.000000 0.000000 0.000000 1.000000
0.998568 -0.016908 0.050759 0.000000 0.052788 0.465791 -0.883319 2.659600 -0.008708 0.884733 0.466016 0.000000 0.000000 0.000000 0.000000 1.000000
0.998568 -0.016908 0.050759 0.000000 0.052787 0.465791 -0.883319 2.659600 -0.008708 0.884733 0.466016 0.000000 0.000000 0.000000 0.000000 1.000000
0.998568 -0.016908 0.050760 0.000000 0.052788 0.465791 -0.883319 2.659600 -0.008708 0.884733 0.466016 0.000000 0.000000 0.000000 0.000000 1.000000
0.998568 -0.016908 0.050759 0.000000 0.052788 0.465791 -0.883319 2.659600 -0.008708 0.884733 0.466016 0.000000 0.000000 0.000000 0.000000 1.000000
0.998568 -0.016907 0.050759 -0.000000 0.052787 0.465791 -0.883319 2.659600 -0.008708 0.884733 0.466017 0.000000 0.000000 0.000000 0.000000 1.000000
0.998568 -0.016907 0.050759 0.000000 0.052788 0.465791 -0.883319 2.659600 -0.008709 0.884733 0.466016 0.000000 0.000000 0.000000 0.000000 1.000000
0.998568 -0.016908 0.050759 0.000000 0.052788 0.465791 -0.883319 2.659600 -0.008708 0.884733 0.466016 -0.000000 0.000000 0.000000 0.000000 1.000000
0.998568 -0.016908 0.050759 0.000000 0.052788 0.465791 -0.883319 2.659600 -0.008708 0.884733 0.466016 0.000000 0.000000 0.000000 0.000000 1.000000
0.998568 -0.016908 0.050759 0.000000 0.052788 0.465791 -0.883319 2.659600 -0.008708 0.884733 0.466016 0.000000 0.000000 0.000000 0.000000 1.000000
0.998568 -0.016908 0.050759 0.000000 0.052788 0.465791 -0.883319 2.659600 -0.008708 0.884733 0.466017 0.000000 0.000000 0.000000 0.000000 1.000000
0.998568 -0.016908 0.050759 0.000000 0.052787 0.465791 -0.883319 2.659600 -0.008708 0.884733 0.466016 0.000000 0.000000 0.000000 0.000000 1.000000
0.998568 -0.016908 0.050759 0.000000 0.052788 0.465791 -0.883319 2.659600 -0.008708 0.884733 0.466016 0.000000 0.000000 0.000000 0.000000 1.000000
0.998568 -0.016908 0.050759 -0.000000 0.052788 0.465791 -0.883319 2.659600 -0.008708 0.884733 0.466016 0.000000 0.000000 0.000000 0.000000 1.000000
0.998568 -0.016908 0.050759 0.000000 0.052788 0.465791 -0.883319 2.659600 -0.008708 0.884733 0.466016 0.000000 0.000000 0.000000 0.000000 1.000000
0.998568 -0.016908 0.050759 0.000000 0.052787 0.465791 -0.883319 2.659600 -0.008708 0.884733 0.466017 0.000000 0.000000 0.000000 0.000000 1.000000
0.998568 -0.016908 0.050759 0.000000 0.052788 0.465791 -0.883319 2.659600 -0.008708 0.884733 0.466016 0.000000 0.000000 0.000000 0.000000 1.000000
0.998568 -0.016908 0.050759 0.000000 0.052788 0.465791 -0.883319 2.659600 -0.008708 0.884733 0.466016 0.000000 0.000000 0.000000 0.000000 1.000000
0.998568 -0.016907 0.050759 0.000000 0.052787 0.465791 -0.883319 2.659600 -0.008708 0.884733 0.466017 0.000000 0.000000 0.000000 0.000000 1.000000
0.998568 -0.016908 0.050759 0.000000 0.052788 0.465791 -0.883319 2.659600 -0.008708 0.884733 0.466017 0.000000 0.000000 0.000000 0.000000 1.000000
0.998568 -0.016908 0.050759 0.000000 0.052787 0.465791 -0.883319 2.659600 -0.008708 0.884733 0.466016 -0.000000 0.000000 0.000000 0.000000 1.000000
0.998568 -0.016908 0.050759 0.000000 0.052787 0.465791 -0.883319 2.659600 -0.008708 0.884733 0.466016 0.000000 0.000000 0.000000 0.000000 1.000000
0.998568 -0.016907 0.050759 0.000000 0.052787 0.465791 -0.883319 2.659600 -0.008709 0.884733 0.466016 0.000000 0.000000 0.000000 0.000000 1.000000
0.998568 -0.016908 0.050759 0.000000 0.052787 0.465791 -0.883319 2.659600 -0.008708 0.884733 0.466016 0.000000 0.000000 0.000000 0.000000 1.000000
0.998568 -0.016908 0.050759 0.000000 0.052788 0.465791 -0.883319 2.659600 -0.008708 0.884733 0.466016 0.000000 0.000000 0.000000 0.000000 1.000000
0.998568 -0.016907 0.050759 -0.000000 0.052787 0.465790 -0.883319 2.659600 -0.008708 0.884734 0.466016 -0.000000 0.000000 0.000000 0.000000 1.000000
0.998568 -0.016908 0.050759 0.000000 0.052787 0.465791 -0.883319 2.659600 -0.008708 0.884733 0.466017 -0.000000 0.000000 0.000000 0.000000 1.000000
0.998568 -0.016908 0.050759 0.000000 0.052788 0.465791 -0.883319 2.659600 -0.008708 0.884733 0.466017 0.000000 0.000000 0.000000 0.000000 1.000000
0.998568 -0.016908 0.050759 0.000000 0.052788 0.465791 -0.883319 2.659600 -0.008708 0.884733 0.466016 -0.000000 0.000000 0.000000 0.000000 1.000000
0.998568 -0.016908 0.050759 0.000000 0.052788 0.465791 -0.883319 2.659600 -0.008708 0.884733 0.466016 0.000000 0.000000 0.000000 0.000000 1.000000
0.998568 -0.016909 0.050759 0.000000 0.052788 0.465791 -0.883319 2.659600 -0.008707 0.884733 0.466016 -0.000000 0.000000 0.000000 0.000000 1.000000
0.998568 -0.016908 0.050759 0.000000 0.052788 0.465791 -0.883319 2.659600 -0.008709 0.884733 0.466016 -0.000000 0.000000 0.000000 0.000000 1.000000
0.998568 -0.016908 0.050759 -0.000000 0.052787 0.465791 -0.883319 2.659600 -0.008708 0.884733 0.466016 -0.000000 0.000000 0.000000 0.000000 1.000000
0.998568 -0.016908 0.050759 0.000000 0.052787 0.465791 -0.883319 2.659600 -0.008708 0.884733 0.466016 0.000000 0.000000 0.000000 0.000000 1.000000
0.998568 -0.016908 0.050759 -0.000000 0.052788 0.465791 -0.883319 2.659600 -0.008708 0.884733 0.466016 0.000000 0.000000 0.000000 0.000000 1.000000
0.998568 -0.016908 0.050759 0.000000 0.052787 0.465791 -0.883319 2.659600 -0.008708 0.884733 0.466016 0.000000 0.000000 0.000000 0.000000 1.000000
0.998568 -0.016908 0.050759 0.000000 0.052787 0.465791 -0.883319 2.659600 -0.008708 0.884733 0.466016 0.000000 0.000000 0.000000 0.000000 1.000000
0.998568 -0.016908 0.050759 -0.000000 0.052788 0.465792 -0.883319 2.659600 -0.008708 0.884733 0.466017 0.000000 0.000000 0.000000 0.000000 1.000000
0.998568 -0.016908 0.050759 0.000000 0.052788 0.465791 -0.883319 2.659600 -0.008708 0.884733 0.466016 0.000000 0.000000 0.000000 0.000000 1.000000
0.998568 -0.016907 0.050759 0.000000 0.052787 0.465791 -0.883319 2.659600 -0.008708 0.884733 0.466016 -0.000000 0.000000 0.000000 0.000000 1.000000</float_array>
        <technique_common>
          <accessor source="#mixamorig_LeftHandIndex3-Matrix-animation-output-transform-array" count="50" stride="16">
            <param type="float4x4"/>
          </accessor>
        </technique_common>
      </source>
      <source id="mixamorig_LeftHandIndex3-Interpolations">
        <Name_array id="mixamorig_LeftHandIndex3-Interpolations-array" count="50">
 LINEAR LINEAR LINEAR LINEAR LINEAR LINEAR LINEAR LINEAR LINEAR LINEAR LINEAR
LINEAR LINEAR LINEAR LINEAR LINEAR LINEAR LINEAR LINEAR LINEAR LINEAR LINEAR LINEAR
LINEAR LINEAR LINEAR LINEAR LINEAR LINEAR LINEAR LINEAR LINEAR LINEAR LINEAR LINEAR
LINEAR LINEAR LINEAR LINEAR LINEAR LINEAR LINEAR LINEAR LINEAR LINEAR LINEAR LINEAR
LINEAR LINEAR LINEAR</Name_array>
        <technique_common>
          <accessor source="#mixamorig_LeftHandIndex3-Interpolations-array" count="50">
            <param type="name"/>
          </accessor>
        </technique_common>
      </source>
      <sampler id="mixamorig_LeftHandIndex3-Matrix-animation-transform">
        <input semantic="INPUT" source="#mixamorig_LeftHandIndex3-Matrix-animation-input"/>
        <input semantic="OUTPUT" source="#mixamorig_LeftHandIndex3-Matrix-animation-output-transform"/>
        <input semantic="INTERPOLATION" source="#mixamorig_LeftHandIndex3-Interpolations"/>
      </sampler>
      <channel source="#mixamorig_LeftHandIndex3-Matrix-animation-transform" target="mixamorig_LeftHandIndex3/matrix"/>
    </animation>
    <animation id="mixamorig_LeftHandMiddle1-anim" name="mixamorig_LeftHandMiddle1">
      <source id="mixamorig_LeftHandMiddle1-Matrix-animation-input">
        <float_array id="mixamorig_LeftHandMiddle1-Matrix-animation-input-array" count="50">

0.000000 0.033333 0.066667 0.100000 0.133333 0.166667 0.200000 0.233333 0.266667 0.300000 0.333333 0.366667 0.400000 0.433333 0.466667 0.500000
0.533333 0.566667 0.600000 0.633333 0.666667 0.700000 0.733333 0.766667 0.800000 0.833333 0.866667 0.900000 0.933333 0.966667 1.000000 1.033333
1.066667 1.100000 1.133333 1.166667 1.200000 1.233333 1.266667 1.300000 1.333333 1.366667 1.400000 1.433333 1.466667 1.500000 1.533333 1.566667
1.600000 1.633333</float_array>
        <technique_common>
          <accessor source="#mixamorig_LeftHandMiddle1-Matrix-animation-input-array" count="50">
            <param name="TIME" type="float"/>
          </accessor>
        </technique_common>
      </source>
      <source id="mixamorig_LeftHandMiddle1-Matrix-animation-output-transform">
        <float_array id="mixamorig_LeftHandMiddle1-Matrix-animation-output-transform-array" count="800">

0.999456 -0.024822 0.021721 0.000000 0.032911 0.706714 -0.706733 14.409800 0.002192 0.707064 0.707147 -0.000000 0.000000 0.000000 0.000000 1.000000
0.999456 -0.024821 0.021721 0.000000 0.032911 0.706714 -0.706734 14.409800 0.002191 0.707064 0.707146 -0.000000 0.000000 0.000000 0.000000 1.000000
0.999456 -0.024822 0.021721 0.000000 0.032910 0.706714 -0.706733 14.409800 0.002192 0.707064 0.707147 0.000000 0.000000 0.000000 0.000000 1.000000
0.999456 -0.024822 0.021721 -0.000000 0.032911 0.706714 -0.706733 14.409800 0.002192 0.707064 0.707147 0.000000 0.000000 0.000000 0.000000 1.000000
0.999456 -0.024822 0.021721 0.000000 0.032910 0.706714 -0.706733 14.409800 0.002192 0.707064 0.707146 0.000000 0.000000 0.000000 0.000000 1.000000
0.999456 -0.024822 0.021721 -0.000000 0.032911 0.706714 -0.706733 14.409800 0.002192 0.707063 0.707147 0.000000 0.000000 0.000000 0.000000 1.000000
0.999456 -0.024822 0.021721 0.000000 0.032911 0.706715 -0.706733 14.409800 0.002192 0.707063 0.707147 0.000000 0.000000 0.000000 0.000000 1.000000
0.999456 -0.024822 0.021721 0.000000 0.032910 0.706714 -0.706733 14.409800 0.002192 0.707064 0.707146 -0.000000 0.000000 0.000000 0.000000 1.000000
0.999456 -0.024822 0.021720 -0.000000 0.032910 0.706714 -0.706734 14.409800 0.002192 0.707064 0.707146 -0.000000 0.000000 0.000000 0.000000 1.000000
0.999456 -0.024821 0.021720 0.000000 0.032910 0.706714 -0.706733 14.409800 0.002192 0.707064 0.707147 0.000000 0.000000 0.000000 0.000000 1.000000
0.999456 -0.024822 0.021721 0.000000 0.032911 0.706714 -0.706733 14.409800 0.002192 0.707063 0.707147 0.000000 0.000000 0.000000 0.000000 1.000000
0.999456 -0.024822 0.021721 -0.000000 0.032911 0.706714 -0.706733 14.409800 0.002192 0.707064 0.707146 0.000000 0.000000 0.000000 0.000000 1.000000
0.999456 -0.024821 0.021721 0.000000 0.032910 0.706714 -0.706733 14.409800 0.002191 0.707064 0.707146 0.000000 0.000000 0.000000 0.000000 1.000000
0.999456 -0.024822 0.021721 0.000000 0.032911 0.706714 -0.706733 14.409800 0.002192 0.707064 0.707146 0.000000 0.000000 0.000000 0.000000 1.000000
0.999456 -0.024822 0.021721 0.000000 0.032910 0.706714 -0.706734 14.409800 0.002192 0.707064 0.707146 -0.000000 0.000000 0.000000 0.000000 1.000000
0.999456 -0.024822 0.021721 0.000000 0.032911 0.706714 -0.706733 14.409800 0.002192 0.707064 0.707147 0.000000 0.000000 0.000000 0.000000 1.000000
0.999456 -0.024822 0.021721 0.000000 0.032911 0.706714 -0.706734 14.409800 0.002192 0.707064 0.707146 0.000000 0.000000 0.000000 0.000000 1.000000
0.999456 -0.024822 0.021721 0.000000 0.032911 0.706714 -0.706733 14.409800 0.002192 0.707064 0.707147 0.000000 0.000000 0.000000 0.000000 1.000000
0.999456 -0.024822 0.021721 0.000000 0.032911 0.706714 -0.706733 14.409800 0.002192 0.707064 0.707146 0.000000 0.000000 0.000000 0.000000 1.000000
0.999456 -0.024822 0.021721 -0.000000 0.032911 0.706714 -0.706733 14.409800 0.002192 0.707064 0.707146 0.000000 0.000000 0.000000 0.000000 1.000000
0.999456 -0.024821 0.021721 0.000000 0.032911 0.706714 -0.706733 14.409800 0.002191 0.707064 0.707146 0.000000 0.000000 0.000000 0.000000 1.000000
0.999456 -0.024822 0.021721 0.000000 0.032911 0.706714 -0.706733 14.409800 0.002192 0.707063 0.707147 0.000000 0.000000 0.000000 0.000000 1.000000
0.999456 -0.024822 0.021721 0.000000 0.032910 0.706714 -0.706734 14.409800 0.002192 0.707064 0.707146 -0.000000 0.000000 0.000000 0.000000 1.000000
0.999456 -0.024822 0.021721 0.000000 0.032911 0.706714 -0.706733 14.409800 0.002192 0.707064 0.707146 0.000000 0.000000 0.000000 0.000000 1.000000
0.999456 -0.024822 0.021721 0.000000 0.032911 0.706714 -0.706733 14.409800 0.002192 0.707064 0.707147 0.000000 0.000000 0.000000 0.000000 1.000000
0.999456 -0.024822 0.021721 0.000000 0.032910 0.706714 -0.706733 14.409800 0.002192 0.707064 0.707146 0.000000 0.000000 0.000000 0.000000 1.000000
0.999456 -0.024821 0.021721 0.000000 0.032911 0.706714 -0.706733 14.409800 0.002191 0.707063 0.707147 0.000000 0.000000 0.000000 0.000000 1.000000
0.999456 -0.024822 0.021721 0.000000 0.032911 0.706714 -0.706733 14.409800 0.002192 0.707064 0.707147 0.000000 0.000000 0.000000 0.000000 1.000000
0.999456 -0.024822 0.021721 -0.000000 0.032911 0.706714 -0.706733 14.409800 0.002192 0.707064 0.707146 0.000000 0.000000 0.000000 0.000000 1.000000
0.999456 -0.024821 0.021721 -0.000000 0.032911 0.706714 -0.706733 14.409800 0.002192 0.707063 0.707147 -0.000000 0.000000 0.000000 0.000000 1.000000
0.999456 -0.024822 0.021721 -0.000000 0.032911 0.706714 -0.706733 14.409800 0.002192 0.707063 0.707147 0.000000 0.000000 0.000000 0.000000 1.000000
0.999456 -0.024822 0.021721 0.000000 0.032911 0.706714 -0.706733 14.409800 0.002192 0.707064 0.707146 0.000000 0.000000 0.000000 0.000000 1.000000
0.999456 -0.024822 0.021721 0.000000 0.032911 0.706714 -0.706733 14.409800 0.002192 0.707064 0.707146 0.000000 0.000000 0.000000 0.000000 1.000000
0.999456 -0.024822 0.021721 0.000000 0.032911 0.706714 -0.706734 14.409800 0.002192 0.707064 0.707146 0.000000 0.000000 0.000000 0.000000 1.000000
0.999456 -0.024822 0.021721 -0.000000 0.032910 0.706714 -0.706733 14.409800 0.002192 0.707064 0.707146 -0.000000 0.000000 0.000000 0.000000 1.000000
0.999456 -0.024822 0.021721 0.000000 0.032911 0.706714 -0.706733 14.409800 0.002192 0.707063 0.707147 -0.000000 0.000000 0.000000 0.000000 1.000000
0.999456 -0.024822 0.021721 0.000000 0.032911 0.706714 -0.706733 14.409800 0.002192 0.707063 0.707147 0.000000 0.000000 0.000000 0.000000 1.000000
0.999456 -0.024822 0.021721 0.000000 0.032911 0.706714 -0.706733 14.409800 0.002192 0.707064 0.707146 0.000000 0.000000 0.000000 0.000000 1.000000
0.999456 -0.024822 0.021721 0.000000 0.032911 0.706714 -0.706733 14.409800 0.002192 0.707064 0.707147 0.000000 0.000000 0.000000 0.000000 1.000000
0.999456 -0.024821 0.021721 0.000000 0.032910 0.706714 -0.706733 14.409800 0.002192 0.707064 0.707147 0.000000 0.000000 0.000000 0.000000 1.000000
0.999456 -0.024822 0.021721 0.000000 0.032911 0.706714 -0.706733 14.409800 0.002192 0.707064 0.707146 0.000000 0.000000 0.000000 0.000000 1.000000
0.999456 -0.024822 0.021721 0.000000 0.032911 0.706714 -0.706733 14.409800 0.002192 0.707063 0.707147 -0.000000 0.000000 0.000000 0.000000 1.000000
0.999456 -0.024822 0.021721 -0.000000 0.032911 0.706714 -0.706733 14.409800 0.002192 0.707064 0.707147 0.000000 0.000000 0.000000 0.000000 1.000000
0.999456 -0.024821 0.021721 0.000000 0.032910 0.706714 -0.706733 14.409800 0.002192 0.707064 0.707147 0.000000 0.000000 0.000000 0.000000 1.000000
0.999456 -0.024821 0.021721 0.000000 0.032910 0.706714 -0.706734 14.409800 0.002192 0.707064 0.707146 0.000000 0.000000 0.000000 0.000000 1.000000
0.999456 -0.024822 0.021721 -0.000000 0.032911 0.706714 -0.706733 14.409800 0.002192 0.707064 0.707146 0.000000 0.000000 0.000000 0.000000 1.000000
0.999456 -0.024822 0.021721 0.000000 0.032911 0.706714 -0.706733 14.409800 0.002192 0.707064 0.707147 0.000000 0.000000 0.000000 0.000000 1.000000
0.999456 -0.024822 0.021721 -0.000000 0.032911 0.706714 -0.706733 14.409800 0.002192 0.707064 0.707147 0.000000 0.000000 0.000000 0.000000 1.000000
0.999456 -0.024822 0.021721 0.000000 0.032911 0.706714 -0.706733 14.409800 0.002192 0.707063 0.707147 0.000000 0.000000 0.000000 0.000000 1.000000
0.999456 -0.024822 0.021721 0.000000 0.032911 0.706714 -0.706733 14.409800 0.002191 0.707064 0.707147 0.000000 0.000000 0.000000 0.000000 1.000000</float_array>
        <technique_common>
          <accessor source="#mixamorig_LeftHandMiddle1-Matrix-animation-output-transform-array" count="50" stride="16">
            <param type="float4x4"/>
          </accessor>
        </technique_common>
      </source>
      <source id="mixamorig_LeftHandMiddle1-Interpolations">
        <Name_array id="mixamorig_LeftHandMiddle1-Interpolations-array" count="50">
 LINEAR LINEAR LINEAR LINEAR LINEAR LINEAR LINEAR LINEAR LINEAR LINEAR LINEAR
LINEAR LINEAR LINEAR LINEAR LINEAR LINEAR LINEAR LINEAR LINEAR LINEAR LINEAR LINEAR
LINEAR LINEAR LINEAR LINEAR LINEAR LINEAR LINEAR LINEAR LINEAR LINEAR LINEAR LINEAR
LINEAR LINEAR LINEAR LINEAR LINEAR LINEAR LINEAR LINEAR LINEAR LINEAR LINEAR LINEAR
LINEAR LINEAR LINEAR</Name_array>
        <technique_common>
          <accessor source="#mixamorig_LeftHandMiddle1-Interpolations-array" count="50">
            <param type="name"/>
          </accessor>
        </technique_common>
      </source>
      <sampler id="mixamorig_LeftHandMiddle1-Matrix-animation-transform">
        <input semantic="INPUT" source="#mixamorig_LeftHandMiddle1-Matrix-animation-input"/>
        <input semantic="OUTPUT" source="#mixamorig_LeftHandMiddle1-Matrix-animation-output-transform"/>
        <input semantic="INTERPOLATION" source="#mixamorig_LeftHandMiddle1-Interpolations"/>
      </sampler>
      <channel source="#mixamorig_LeftHandMiddle1-Matrix-animation-transform" target="mixamorig_LeftHandMiddle1/matrix"/>
    </animation>
    <animation id="mixamorig_LeftHandMiddle2-anim" name="mixamorig_LeftHandMiddle2">
      <source id="mixamorig_LeftHandMiddle2-Matrix-animation-input">
        <float_array id="mixamorig_LeftHandMiddle2-Matrix-animation-input-array" count="50">

0.000000 0.033333 0.066667 0.100000 0.133333 0.166667 0.200000 0.233333 0.266667 0.300000 0.333333 0.366667 0.400000 0.433333 0.466667 0.500000
0.533333 0.566667 0.600000 0.633333 0.666667 0.700000 0.733333 0.766667 0.800000 0.833333 0.866667 0.900000 0.933333 0.966667 1.000000 1.033333
1.066667 1.100000 1.133333 1.166667 1.200000 1.233333 1.266667 1.300000 1.333333 1.366667 1.400000 1.433333 1.466667 1.500000 1.533333 1.566667
1.600000 1.633333</float_array>
        <technique_common>
          <accessor source="#mixamorig_LeftHandMiddle2-Matrix-animation-input-array" count="50">
            <param name="TIME" type="float"/>
          </accessor>
        </technique_common>
      </source>
      <source id="mixamorig_LeftHandMiddle2-Matrix-animation-output-transform">
        <float_array id="mixamorig_LeftHandMiddle2-Matrix-animation-output-transform-array" count="800">

0.998229 -0.039528 0.044466 -0.000000 0.055900 0.367263 -0.928436 3.259100 0.020368 0.929277 0.368822 0.000000 0.000000 0.000000 0.000000 1.000000
0.998229 -0.039528 0.044466 0.000000 0.055900 0.367263 -0.928436 3.259100 0.020368 0.929277 0.368822 0.000000 0.000000 0.000000 0.000000 1.000000
0.998229 -0.039528 0.044467 0.000000 0.055901 0.367262 -0.928436 3.259100 0.020368 0.929277 0.368821 0.000000 0.000000 0.000000 0.000000 1.000000
0.998229 -0.039528 0.044467 -0.000000 0.055901 0.367262 -0.928436 3.259100 0.020368 0.929277 0.368821 0.000000 0.000000 0.000000 0.000000 1.000000
0.998229 -0.039528 0.044467 0.000000 0.055901 0.367262 -0.928436 3.259100 0.020368 0.929277 0.368821 0.000000 0.000000 0.000000 0.000000 1.000000
0.998229 -0.039528 0.044466 0.000000 0.055901 0.367263 -0.928436 3.259100 0.020369 0.929277 0.368822 0.000000 0.000000 0.000000 0.000000 1.000000
0.998229 -0.039528 0.044467 -0.000000 0.055901 0.367262 -0.928436 3.259100 0.020369 0.929277 0.368821 0.000000 0.000000 0.000000 0.000000 1.000000
0.998229 -0.039528 0.044467 0.000000 0.055901 0.367263 -0.928436 3.259100 0.020368 0.929277 0.368822 0.000000 0.000000 0.000000 0.000000 1.000000
0.998229 -0.039528 0.044466 0.000000 0.055900 0.367262 -0.928436 3.259100 0.020368 0.929277 0.368821 0.000000 0.000000 0.000000 0.000000 1.000000
0.998229 -0.039527 0.044466 0.000000 0.055900 0.367262 -0.928436 3.259100 0.020368 0.929277 0.368821 -0.000000 0.000000 0.000000 0.000000 1.000000
0.998229 -0.039528 0.044466 -0.000000 0.055900 0.367263 -0.928436 3.259100 0.020368 0.929277 0.368822 0.000000 0.000000 0.000000 0.000000 1.000000
0.998229 -0.039528 0.044467 0.000000 0.055901 0.367262 -0.928436 3.259100 0.020368 0.929277 0.368821 -0.000000 0.000000 0.000000 0.000000 1.000000
0.998229 -0.039528 0.044467 0.000000 0.055901 0.367262 -0.928436 3.259100 0.020369 0.929277 0.368821 0.000000 0.000000 0.000000 0.000000 1.000000
0.998229 -0.039528 0.044466 0.000000 0.055900 0.367262 -0.928436 3.259100 0.020369 0.929277 0.368821 -0.000000 0.000000 0.000000 0.000000 1.000000
0.998229 -0.039528 0.044466 0.000000 0.055900 0.367262 -0.928436 3.259100 0.020368 0.929277 0.368821 -0.000000 0.000000 0.000000 0.000000 1.000000
0.998229 -0.039528 0.044466 0.000000 0.055900 0.367263 -0.928436 3.259100 0.020368 0.929277 0.368822 -0.000000 0.000000 0.000000 0.000000 1.000000
0.998229 -0.039528 0.044466 0.000000 0.055900 0.367262 -0.928436 3.259100 0.020369 0.929277 0.368821 0.000000 0.000000 0.000000 0.000000 1.000000
0.998229 -0.039528 0.044467 -0.000000 0.055901 0.367262 -0.928436 3.259100 0.020368 0.929277 0.368821 -0.000000 0.000000 0.000000 0.000000 1.000000
0.998229 -0.039528 0.044467 0.000000 0.055901 0.367263 -0.928436 3.259100 0.020368 0.929277 0.368822 0.000000 0.000000 0.000000 0.000000 1.000000
0.998229 -0.039528 0.044466 0.000000 0.055900 0.367262 -0.928436 3.259100 0.020369 0.929277 0.368822 0.000000 0.000000 0.000000 0.000000 1.000000
0.998229 -0.039528 0.044466 0.000000 0.055900 0.367262 -0.928436 3.259100 0.020368 0.929277 0.368821 0.000000 0.000000 0.000000 0.000000 1.000000
0.998229 -0.039528 0.044466 0.000000 0.055900 0.367262 -0.928436 3.259100 0.020368 0.929277 0.368821 -0.000000 0.000000 0.000000 0.000000 1.000000
0.998229 -0.039528 0.044467 -0.000000 0.055901 0.367262 -0.928436 3.259100 0.020368 0.929277 0.368822 -0.000000 0.000000 0.000000 0.000000 1.000000
0.998229 -0.039528 0.044467 0.000000 0.055900 0.367263 -0.928436 3.259100 0.020368 0.929277 0.368822 -0.000000 0.000000 0.000000 0.000000 1.000000
0.998229 -0.039529 0.044467 0.000000 0.055901 0.367262 -0.928436 3.259100 0.020369 0.929277 0.368822 -0.000000 0.000000 0.000000 0.000000 1.000000
0.998229 -0.039528 0.044466 -0.000000 0.055901 0.367262 -0.928436 3.259100 0.020369 0.929277 0.368822 0.000000 0.000000 0.000000 0.000000 1.000000
0.998229 -0.039528 0.044466 0.000000 0.055901 0.367262 -0.928436 3.259100 0.020369 0.929277 0.368822 0.000000 0.000000 0.000000 0.000000 1.000000
0.998229 -0.039528 0.044466 0.000000 0.055900 0.367263 -0.928436 3.259100 0.020369 0.929277 0.368822 0.000000 0.000000 0.000000 0.000000 1.000000
0.998229 -0.039528 0.044467 -0.000000 0.055901 0.367262 -0.928436 3.259100 0.020368 0.929277 0.368821 0.000000 0.000000 0.000000 0.000000 1.000000
0.998229 -0.039528 0.044466 -0.000000 0.055900 0.367262 -0.928436 3.259100 0.020368 0.929277 0.368822 0.000000 0.000000 0.000000 0.000000 1.000000
0.998229 -0.039528 0.044467 0.000000 0.055901 0.367262 -0.928436 3.259100 0.020368 0.929277 0.368822 0.000000 0.000000 0.000000 0.000000 1.000000
0.998229 -0.039528 0.044466 0.000000 0.055900 0.367262 -0.928436 3.259100 0.020369 0.929277 0.368821 -0.000000 0.000000 0.000000 0.000000 1.000000
0.998229 -0.039528 0.044466 0.000000 0.055900 0.367262 -0.928436 3.259100 0.020368 0.929277 0.368821 0.000000 0.000000 0.000000 0.000000 1.000000
0.998229 -0.039528 0.044467 0.000000 0.055901 0.367262 -0.928436 3.259100 0.020368 0.929277 0.368821 0.000000 0.000000 0.000000 0.000000 1.000000
0.998229 -0.039529 0.044467 0.000000 0.055901 0.367262 -0.928436 3.259100 0.020369 0.929277 0.368821 0.000000 0.000000 0.000000 0.000000 1.000000
0.998229 -0.039529 0.044467 0.000000 0.055901 0.367263 -0.928436 3.259100 0.020369 0.929277 0.368822 0.000000 0.000000 0.000000 0.000000 1.000000
0.998229 -0.039528 0.044467 0.000000 0.055901 0.367263 -0.928436 3.259100 0.020369 0.929277 0.368822 0.000000 0.000000 0.000000 0.000000 1.000000
0.998229 -0.039529 0.044466 0.000000 0.055901 0.367262 -0.928436 3.259100 0.020369 0.929277 0.368822 0.000000 0.000000 0.000000 0.000000 1.000000
0.998229 -0.039528 0.044466 0.000000 0.055900 0.367263 -0.928436 3.259100 0.020369 0.929277 0.368822 0.000000 0.000000 0.000000 0.000000 1.000000
0.998229 -0.039528 0.044466 0.000000 0.055901 0.367263 -0.928436 3.259100 0.020369 0.929277 0.368822 0.000000 0.000000 0.000000 0.000000 1.000000
0.998229 -0.039529 0.044466 -0.000000 0.055901 0.367263 -0.928436 3.259100 0.020369 0.929277 0.368822 0.000000 0.000000 0.000000 0.000000 1.000000
0.998229 -0.039528 0.044466 0.000000 0.055900 0.367262 -0.928436 3.259100 0.020369 0.929277 0.368821 0.000000 0.000000 0.000000 0.000000 1.000000
0.998229 -0.039528 0.044466 0.000000 0.055900 0.367262 -0.928436 3.259100 0.020368 0.929277 0.368821 0.000000 0.000000 0.000000 0.000000 1.000000
0.998229 -0.039528 0.044467 -0.000000 0.055901 0.367262 -0.928436 3.259100 0.020369 0.929277 0.368822 0.000000 0.000000 0.000000 0.000000 1.000000
0.998229 -0.039528 0.044467 0.000000 0.055901 0.367262 -0.928436 3.259100 0.020369 0.929277 0.368822 0.000000 0.000000 0.000000 0.000000 1.000000
0.998229 -0.039528 0.044466 -0.000000 0.055900 0.367262 -0.928436 3.259100 0.020369 0.929277 0.368822 0.000000 0.000000 0.000000 0.000000 1.000000
0.998229 -0.039528 0.044465 0.000000 0.055899 0.367262 -0.928436 3.259100 0.020369 0.929277 0.368821 -0.000000 0.000000 0.000000 0.000000 1.000000
0.998229 -0.039529 0.044466 0.000000 0.055901 0.367262 -0.928436 3.259100 0.020369 0.929277 0.368822 -0.000000 0.000000 0.000000 0.000000 1.000000
0.998229 -0.039528 0.044467 0.000000 0.055901 0.367263 -0.928436 3.259100 0.020368 0.929277 0.368822 0.000000 0.000000 0.000000 0.000000 1.000000
0.998229 -0.039529 0.044466 0.000000 0.055901 0.367262 -0.928436 3.259100 0.020369 0.929277 0.368821 0.000000 0.000000 0.000000 0.000000 1.000000</float_array>
        <technique_common>
          <accessor source="#mixamorig_LeftHandMiddle2-Matrix-animation-output-transform-array" count="50" stride="16">
            <param type="float4x4"/>
          </accessor>
        </technique_common>
      </source>
      <source id="mixamorig_LeftHandMiddle2-Interpolations">
        <Name_array id="mixamorig_LeftHandMiddle2-Interpolations-array" count="50">
 LINEAR LINEAR LINEAR LINEAR LINEAR LINEAR LINEAR LINEAR LINEAR LINEAR LINEAR
LINEAR LINEAR LINEAR LINEAR LINEAR LINEAR LINEAR LINEAR LINEAR LINEAR LINEAR LINEAR
LINEAR LINEAR LINEAR LINEAR LINEAR LINEAR LINEAR LINEAR LINEAR LINEAR LINEAR LINEAR
LINEAR LINEAR LINEAR LINEAR LINEAR LINEAR LINEAR LINEAR LINEAR LINEAR LINEAR LINEAR
LINEAR LINEAR LINEAR</Name_array>
        <technique_common>
          <accessor source="#mixamorig_LeftHandMiddle2-Interpolations-array" count="50">
            <param type="name"/>
          </accessor>
        </technique_common>
      </source>
      <sampler id="mixamorig_LeftHandMiddle2-Matrix-animation-transform">
        <input semantic="INPUT" source="#mixamorig_LeftHandMiddle2-Matrix-animation-input"/>
        <input semantic="OUTPUT" source="#mixamorig_LeftHandMiddle2-Matrix-animation-output-transform"/>
        <input semantic="INTERPOLATION" source="#mixamorig_LeftHandMiddle2-Interpolations"/>
      </sampler>
      <channel source="#mixamorig_LeftHandMiddle2-Matrix-animation-transform" target="mixamorig_LeftHandMiddle2/matrix"/>
    </animation>
    <animation id="mixamorig_LeftHandMiddle3-anim" name="mixamorig_LeftHandMiddle3">
      <source id="mixamorig_LeftHandMiddle3-Matrix-animation-input">
        <float_array id="mixamorig_LeftHandMiddle3-Matrix-animation-input-array" count="50">

0.000000 0.033333 0.066667 0.100000 0.133333 0.166667 0.200000 0.233333 0.266667 0.300000 0.333333 0.366667 0.400000 0.433333 0.466667 0.500000
0.533333 0.566667 0.600000 0.633333 0.666667 0.700000 0.733333 0.766667 0.800000 0.833333 0.866667 0.900000 0.933333 0.966667 1.000000 1.033333
1.066667 1.100000 1.133333 1.166667 1.200000 1.233333 1.266667 1.300000 1.333333 1.366667 1.400000 1.433333 1.466667 1.500000 1.533333 1.566667
1.600000 1.633333</float_array>
        <technique_common>
          <accessor source="#mixamorig_LeftHandMiddle3-Matrix-animation-input-array" count="50">
            <param name="TIME" type="float"/>
          </accessor>
        </technique_common>
      </source>
      <source id="mixamorig_LeftHandMiddle3-Matrix-animation-output-transform">
        <float_array id="mixamorig_LeftHandMiddle3-Matrix-animation-output-transform-array" count="800">

0.999366 -0.034587 0.008491 0.000000 0.031647 0.753099 -0.657145 2.639900 0.016334 0.656997 0.753716 0.000000 0.000000 0.000000 0.000000 1.000000
0.999366 -0.034586 0.008491 -0.000000 0.031647 0.753099 -0.657145 2.639900 0.016334 0.656997 0.753716 0.000000 0.000000 0.000000 0.000000 1.000000
0.999366 -0.034587 0.008491 0.000000 0.031647 0.753099 -0.657145 2.639900 0.016334 0.656997 0.753716 0.000000 0.000000 0.000000 0.000000 1.000000
0.999366 -0.034587 0.008490 0.000000 0.031647 0.753099 -0.657145 2.639900 0.016335 0.656997 0.753716 0.000000 0.000000 0.000000 0.000000 1.000000
0.999366 -0.034587 0.008491 0.000000 0.031648 0.753099 -0.657146 2.639900 0.016334 0.656998 0.753716 0.000000 0.000000 0.000000 0.000000 1.000000
0.999366 -0.034586 0.008490 0.000000 0.031646 0.753099 -0.657145 2.639900 0.016334 0.656997 0.753716 0.000000 0.000000 0.000000 0.000000 1.000000
0.999366 -0.034587 0.008490 -0.000000 0.031647 0.753099 -0.657145 2.639900 0.016335 0.656997 0.753716 0.000000 0.000000 0.000000 0.000000 1.000000
0.999366 -0.034587 0.008491 0.000000 0.031647 0.753099 -0.657145 2.639900 0.016334 0.656997 0.753716 0.000000 0.000000 0.000000 0.000000 1.000000
0.999366 -0.034586 0.008491 0.000000 0.031647 0.753099 -0.657145 2.639900 0.016334 0.656997 0.753716 0.000000 0.000000 0.000000 0.000000 1.000000
0.999366 -0.034587 0.008491 0.000000 0.031647 0.753099 -0.657145 2.639900 0.016334 0.656997 0.753716 0.000000 0.000000 0.000000 0.000000 1.000000
0.999366 -0.034586 0.008491 0.000000 0.031647 0.753099 -0.657145 2.639900 0.016334 0.656997 0.753716 0.000000 0.000000 0.000000 0.000000 1.000000
0.999366 -0.034587 0.008491 -0.000000 0.031647 0.753100 -0.657145 2.639900 0.016334 0.656997 0.753716 0.000000 0.000000 0.000000 0.000000 1.000000
0.999366 -0.034587 0.008491 0.000000 0.031647 0.753099 -0.657145 2.639900 0.016334 0.656997 0.753716 0.000000 0.000000 0.000000 0.000000 1.000000
0.999366 -0.034586 0.008491 0.000000 0.031647 0.753099 -0.657145 2.639900 0.016333 0.656997 0.753716 0.000000 0.000000 0.000000 0.000000 1.000000
0.999366 -0.034587 0.008491 0.000000 0.031647 0.753100 -0.657145 2.639900 0.016334 0.656997 0.753717 0.000000 0.000000 0.000000 0.000000 1.000000
0.999366 -0.034586 0.008491 0.000000 0.031647 0.753099 -0.657145 2.639900 0.016333 0.656997 0.753716 0.000000 0.000000 0.000000 0.000000 1.000000
0.999366 -0.034586 0.008491 0.000000 0.031647 0.753099 -0.657145 2.639900 0.016333 0.656997 0.753716 -0.000000 0.000000 0.000000 0.000000 1.000000
0.999366 -0.034587 0.008491 0.000000 0.031647 0.753099 -0.657145 2.639900 0.016334 0.656997 0.753716 0.000000 0.000000 0.000000 0.000000 1.000000
0.999366 -0.034586 0.008490 0.000000 0.031647 0.753100 -0.657145 2.639900 0.016334 0.656997 0.753716 0.000000 0.000000 0.000000 0.000000 1.000000
0.999366 -0.034587 0.008491 0.000000 0.031647 0.753099 -0.657145 2.639900 0.016334 0.656997 0.753716 0.000000 0.000000 0.000000 0.000000 1.000000
0.999366 -0.034587 0.008491 0.000000 0.031647 0.753099 -0.657145 2.639900 0.016335 0.656997 0.753716 0.000000 0.000000 0.000000 0.000000 1.000000
0.999366 -0.034587 0.008491 0.000000 0.031647 0.753099 -0.657145 2.639900 0.016334 0.656997 0.753716 0.000000 0.000000 0.000000 0.000000 1.000000
0.999366 -0.034586 0.008490 0.000000 0.031646 0.753099 -0.657145 2.639900 0.016334 0.656997 0.753716 0.000000 0.000000 0.000000 0.000000 1.000000
0.999366 -0.034587 0.008491 -0.000000 0.031648 0.753100 -0.657145 2.639900 0.016334 0.656997 0.753716 0.000000 0.000000 0.000000 0.000000 1.000000
0.999366 -0.034587 0.008491 0.000000 0.031647 0.753099 -0.657145 2.639900 0.016334 0.656997 0.753716 0.000000 0.000000 0.000000 0.000000 1.000000
0.999366 -0.034586 0.008491 -0.000000 0.031646 0.753099 -0.657145 2.639900 0.016333 0.656997 0.753716 -0.000000 0.000000 0.000000 0.000000 1.000000
0.999366 -0.034587 0.008491 0.000000 0.031647 0.753099 -0.657145 2.639900 0.016334 0.656997 0.753716 -0.000000 0.000000 0.000000 0.000000 1.000000
0.999366 -0.034586 0.008491 -0.000000 0.031647 0.753099 -0.657145 2.639900 0.016334 0.656997 0.753716 0.000000 0.000000 0.000000 0.000000 1.000000
0.999366 -0.034587 0.008491 0.000000 0.031647 0.753099 -0.657145 2.639900 0.016334 0.656997 0.753716 0.000000 0.000000 0.000000 0.000000 1.000000
0.999366 -0.034586 0.008491 -0.000000 0.031647 0.753100 -0.657145 2.639900 0.016334 0.656997 0.753717 0.000000 0.000000 0.000000 0.000000 1.000000
0.999366 -0.034587 0.008491 0.000000 0.031647 0.753099 -0.657145 2.639900 0.016334 0.656997 0.753716 0.000000 0.000000 0.000000 0.000000 1.000000
0.999366 -0.034587 0.008491 -0.000000 0.031647 0.753100 -0.657145 2.639900 0.016334 0.656997 0.753716 -0.000000 0.000000 0.000000 0.000000 1.000000
0.999366 -0.034587 0.008491 -0.000000 0.031647 0.753099 -0.657145 2.639900 0.016334 0.656997 0.753716 0.000000 0.000000 0.000000 0.000000 1.000000
0.999366 -0.034587 0.008491 0.000000 0.031647 0.753099 -0.657145 2.639900 0.016334 0.656997 0.753716 0.000000 0.000000 0.000000 0.000000 1.000000
0.999366 -0.034586 0.008491 0.000000 0.031647 0.753100 -0.657145 2.639900 0.016334 0.656997 0.753716 0.000000 0.000000 0.000000 0.000000 1.000000
0.999366 -0.034587 0.008491 0.000000 0.031647 0.753100 -0.657145 2.639900 0.016334 0.656997 0.753716 0.000000 0.000000 0.000000 0.000000 1.000000
0.999366 -0.034586 0.008490 0.000000 0.031646 0.753099 -0.657146 2.639900 0.016334 0.656997 0.753716 0.000000 0.000000 0.000000 0.000000 1.000000
0.999366 -0.034586 0.008491 0.000000 0.031646 0.753100 -0.657145 2.639900 0.016334 0.656997 0.753717 -0.000000 0.000000 0.000000 0.000000 1.000000
0.999366 -0.034586 0.008491 -0.000000 0.031646 0.753100 -0.657145 2.639900 0.016334 0.656997 0.753716 0.000000 0.000000 0.000000 0.000000 1.000000
0.999366 -0.034587 0.008491 -0.000000 0.031647 0.753099 -0.657145 2.639900 0.016334 0.656997 0.753716 0.000000 0.000000 0.000000 0.000000 1.000000
0.999366 -0.034587 0.008490 0.000000 0.031647 0.753099 -0.657145 2.639900 0.016334 0.656997 0.753716 0.000000 0.000000 0.000000 0.000000 1.000000
0.999366 -0.034586 0.008491 0.000000 0.031647 0.753099 -0.657145 2.639900 0.016334 0.656997 0.753716 0.000000 0.000000 0.000000 0.000000 1.000000
0.999366 -0.034586 0.008491 0.000000 0.031646 0.753099 -0.657145 2.639900 0.016334 0.656997 0.753716 -0.000000 0.000000 0.000000 0.000000 1.000000
0.999366 -0.034586 0.008491 0.000000 0.031647 0.753100 -0.657145 2.639900 0.016334 0.656997 0.753716 0.000000 0.000000 0.000000 0.000000 1.000000
0.999366 -0.034587 0.008491 0.000000 0.031647 0.753099 -0.657145 2.639900 0.016334 0.656997 0.753716 -0.000000 0.000000 0.000000 0.000000 1.000000
0.999366 -0.034586 0.008491 0.000000 0.031646 0.753100 -0.657145 2.639900 0.016333 0.656997 0.753716 -0.000000 0.000000 0.000000 0.000000 1.000000
0.999366 -0.034586 0.008491 0.000000 0.031647 0.753099 -0.657145 2.639900 0.016334 0.656997 0.753716 0.000000 0.000000 0.000000 0.000000 1.000000
0.999366 -0.034586 0.008491 0.000000 0.031646 0.753099 -0.657145 2.639900 0.016334 0.656997 0.753716 -0.000000 0.000000 0.000000 0.000000 1.000000
0.999366 -0.034587 0.008491 0.000000 0.031647 0.753099 -0.657146 2.639900 0.016334 0.656997 0.753716 -0.000000 0.000000 0.000000 0.000000 1.000000
0.999366 -0.034587 0.008491 0.000000 0.031647 0.753099 -0.657145 2.639900 0.016334 0.656997 0.753716 0.000000 0.000000 0.000000 0.000000 1.000000</float_array>
        <technique_common>
          <accessor source="#mixamorig_LeftHandMiddle3-Matrix-animation-output-transform-array" count="50" stride="16">
            <param type="float4x4"/>
          </accessor>
        </technique_common>
      </source>
      <source id="mixamorig_LeftHandMiddle3-Interpolations">
        <Name_array id="mixamorig_LeftHandMiddle3-Interpolations-array" count="50">
 LINEAR LINEAR LINEAR LINEAR LINEAR LINEAR LINEAR LINEAR LINEAR LINEAR LINEAR
LINEAR LINEAR LINEAR LINEAR LINEAR LINEAR LINEAR LINEAR LINEAR LINEAR LINEAR LINEAR
LINEAR LINEAR LINEAR LINEAR LINEAR LINEAR LINEAR LINEAR LINEAR LINEAR LINEAR LINEAR
LINEAR LINEAR LINEAR LINEAR LINEAR LINEAR LINEAR LINEAR LINEAR LINEAR LINEAR LINEAR
LINEAR LINEAR LINEAR</Name_array>
        <technique_common>
          <accessor source="#mixamorig_LeftHandMiddle3-Interpolations-array" count="50">
            <param type="name"/>
          </accessor>
        </technique_common>
      </source>
      <sampler id="mixamorig_LeftHandMiddle3-Matrix-animation-transform">
        <input semantic="INPUT" source="#mixamorig_LeftHandMiddle3-Matrix-animation-input"/>
        <input semantic="OUTPUT" source="#mixamorig_LeftHandMiddle3-Matrix-animation-output-transform"/>
        <input semantic="INTERPOLATION" source="#mixamorig_LeftHandMiddle3-Interpolations"/>
      </sampler>
      <channel source="#mixamorig_LeftHandMiddle3-Matrix-animation-transform" target="mixamorig_LeftHandMiddle3/matrix"/>
    </animation>
    <animation id="mixamorig_LeftHandRing1-anim" name="mixamorig_LeftHandRing1">
      <source id="mixamorig_LeftHandRing1-Matrix-animation-input">
        <float_array id="mixamorig_LeftHandRing1-Matrix-animation-input-array" count="50">

0.000000 0.033333 0.066667 0.100000 0.133333 0.166667 0.200000 0.233333 0.266667 0.300000 0.333333 0.366667 0.400000 0.433333 0.466667 0.500000
0.533333 0.566667 0.600000 0.633333 0.666667 0.700000 0.733333 0.766667 0.800000 0.833333 0.866667 0.900000 0.933333 0.966667 1.000000 1.033333
1.066667 1.100000 1.133333 1.166667 1.200000 1.233333 1.266667 1.300000 1.333333 1.366667 1.400000 1.433333 1.466667 1.500000 1.533333 1.566667
1.600000 1.633333</float_array>
        <technique_common>
          <accessor source="#mixamorig_LeftHandRing1-Matrix-animation-input-array" count="50">
            <param name="TIME" type="float"/>
          </accessor>
        </technique_common>
      </source>
      <source id="mixamorig_LeftHandRing1-Matrix-animation-output-transform">
        <float_array id="mixamorig_LeftHandRing1-Matrix-animation-output-transform-array" count="800">

0.995481 -0.089986 -0.030333 3.304900 0.021231 0.522250 -0.852528 13.191500 0.092557 0.848032 0.521800 -0.322000 0.000000 0.000000 0.000000 1.000000
0.995481 -0.089985 -0.030334 3.304900 0.021230 0.522249 -0.852529 13.191500 0.092557 0.848032 0.521799 -0.322000 0.000000 0.000000 0.000000 1.000000
0.995481 -0.089986 -0.030333 3.304900 0.021231 0.522250 -0.852528 13.191500 0.092557 0.848032 0.521800 -0.322000 0.000000 0.000000 0.000000 1.000000
0.995481 -0.089985 -0.030334 3.304900 0.021231 0.522250 -0.852528 13.191500 0.092557 0.848031 0.521801 -0.322000 0.000000 0.000000 0.000000 1.000000
0.995481 -0.089986 -0.030334 3.304900 0.021230 0.522250 -0.852528 13.191500 0.092558 0.848032 0.521800 -0.322000 0.000000 0.000000 0.000000 1.000000
0.995481 -0.089986 -0.030333 3.304900 0.021231 0.522250 -0.852528 13.191500 0.092557 0.848032 0.521800 -0.322000 0.000000 0.000000 0.000000 1.000000
0.995481 -0.089986 -0.030334 3.304900 0.021231 0.522250 -0.852528 13.191500 0.092557 0.848032 0.521800 -0.322000 0.000000 0.000000 0.000000 1.000000
0.995481 -0.089985 -0.030334 3.304900 0.021230 0.522250 -0.852528 13.191500 0.092557 0.848032 0.521800 -0.322000 0.000000 0.000000 0.000000 1.000000
0.995481 -0.089985 -0.030333 3.304900 0.021231 0.522250 -0.852528 13.191500 0.092556 0.848032 0.521800 -0.322000 0.000000 0.000000 0.000000 1.000000
0.995481 -0.089986 -0.030334 3.304900 0.021231 0.522250 -0.852528 13.191500 0.092557 0.848032 0.521800 -0.322000 0.000000 0.000000 0.000000 1.000000
0.995481 -0.089985 -0.030334 3.304900 0.021230 0.522250 -0.852528 13.191500 0.092557 0.848032 0.521800 -0.322000 0.000000 0.000000 0.000000 1.000000
0.995481 -0.089986 -0.030334 3.304900 0.021230 0.522249 -0.852528 13.191500 0.092557 0.848032 0.521800 -0.322000 0.000000 0.000000 0.000000 1.000000
0.995481 -0.089985 -0.030334 3.304900 0.021231 0.522250 -0.852528 13.191500 0.092557 0.848032 0.521800 -0.322000 0.000000 0.000000 0.000000 1.000000
0.995481 -0.089986 -0.030334 3.304900 0.021230 0.522249 -0.852528 13.191500 0.092557 0.848032 0.521800 -0.322000 0.000000 0.000000 0.000000 1.000000
0.995481 -0.089986 -0.030334 3.304900 0.021231 0.522250 -0.852528 13.191500 0.092557 0.848032 0.521800 -0.322000 0.000000 0.000000 0.000000 1.000000
0.995481 -0.089986 -0.030333 3.304900 0.021231 0.522249 -0.852529 13.191500 0.092557 0.848032 0.521800 -0.322000 0.000000 0.000000 0.000000 1.000000
0.995481 -0.089985 -0.030334 3.304900 0.021230 0.522250 -0.852528 13.191500 0.092557 0.848032 0.521800 -0.322000 0.000000 0.000000 0.000000 1.000000
0.995481 -0.089986 -0.030334 3.304900 0.021231 0.522250 -0.852528 13.191500 0.092558 0.848031 0.521801 -0.322000 0.000000 0.000000 0.000000 1.000000
0.995481 -0.089986 -0.030334 3.304900 0.021230 0.522249 -0.852528 13.191500 0.092557 0.848032 0.521800 -0.322000 0.000000 0.000000 0.000000 1.000000
0.995481 -0.089986 -0.030334 3.304900 0.021231 0.522250 -0.852528 13.191500 0.092557 0.848031 0.521801 -0.322000 0.000000 0.000000 0.000000 1.000000
0.995481 -0.089985 -0.030334 3.304900 0.021230 0.522250 -0.852528 13.191500 0.092557 0.848032 0.521800 -0.322000 0.000000 0.000000 0.000000 1.000000
0.995481 -0.089986 -0.030334 3.304900 0.021230 0.522250 -0.852528 13.191500 0.092557 0.848032 0.521800 -0.322000 0.000000 0.000000 0.000000 1.000000
0.995481 -0.089986 -0.030334 3.304900 0.021231 0.522250 -0.852528 13.191500 0.092557 0.848032 0.521800 -0.322000 0.000000 0.000000 0.000000 1.000000
0.995481 -0.089986 -0.030333 3.304900 0.021231 0.522250 -0.852528 13.191500 0.092557 0.848032 0.521800 -0.322000 0.000000 0.000000 0.000000 1.000000
0.995481 -0.089985 -0.030334 3.304900 0.021230 0.522250 -0.852528 13.191500 0.092557 0.848032 0.521800 -0.322000 0.000000 0.000000 0.000000 1.000000
0.995481 -0.089985 -0.030334 3.304900 0.021230 0.522250 -0.852528 13.191500 0.092557 0.848032 0.521800 -0.322000 0.000000 0.000000 0.000000 1.000000
0.995481 -0.089985 -0.030334 3.304900 0.021231 0.522250 -0.852528 13.191500 0.092557 0.848032 0.521800 -0.322000 0.000000 0.000000 0.000000 1.000000
0.995481 -0.089986 -0.030333 3.304900 0.021231 0.522250 -0.852528 13.191500 0.092557 0.848032 0.521800 -0.322000 0.000000 0.000000 0.000000 1.000000
0.995481 -0.089986 -0.030334 3.304900 0.021231 0.522250 -0.852528 13.191500 0.092557 0.848032 0.521800 -0.322000 0.000000 0.000000 0.000000 1.000000
0.995481 -0.089985 -0.030334 3.304900 0.021230 0.522250 -0.852528 13.191500 0.092557 0.848032 0.521800 -0.322000 0.000000 0.000000 0.000000 1.000000
0.995481 -0.089986 -0.030334 3.304900 0.021230 0.522249 -0.852529 13.191500 0.092557 0.848032 0.521800 -0.322000 0.000000 0.000000 0.000000 1.000000
0.995481 -0.089986 -0.030334 3.304900 0.021230 0.522249 -0.852528 13.191500 0.092558 0.848032 0.521800 -0.322000 0.000000 0.000000 0.000000 1.000000
0.995481 -0.089986 -0.030334 3.304900 0.021230 0.522250 -0.852528 13.191500 0.092557 0.848032 0.521800 -0.322000 0.000000 0.000000 0.000000 1.000000
0.995481 -0.089986 -0.030334 3.304900 0.021231 0.522250 -0.852528 13.191500 0.092557 0.848032 0.521800 -0.322000 0.000000 0.000000 0.000000 1.000000
0.995481 -0.089986 -0.030334 3.304900 0.021231 0.522250 -0.852528 13.191500 0.092557 0.848032 0.521800 -0.322000 0.000000 0.000000 0.000000 1.000000
0.995481 -0.089986 -0.030334 3.304900 0.021230 0.522250 -0.852528 13.191500 0.092557 0.848032 0.521800 -0.322000 0.000000 0.000000 0.000000 1.000000
0.995481 -0.089986 -0.030334 3.304900 0.021231 0.522250 -0.852528 13.191500 0.092558 0.848032 0.521800 -0.322000 0.000000 0.000000 0.000000 1.000000
0.995481 -0.089986 -0.030334 3.304900 0.021231 0.522249 -0.852528 13.191500 0.092557 0.848032 0.521800 -0.322000 0.000000 0.000000 0.000000 1.000000
0.995481 -0.089986 -0.030334 3.304900 0.021231 0.522250 -0.852528 13.191500 0.092557 0.848032 0.521800 -0.322000 0.000000 0.000000 0.000000 1.000000
0.995481 -0.089986 -0.030334 3.304900 0.021230 0.522250 -0.852528 13.191500 0.092558 0.848032 0.521800 -0.322000 0.000000 0.000000 0.000000 1.000000
0.995481 -0.089986 -0.030334 3.304900 0.021231 0.522250 -0.852528 13.191500 0.092557 0.848032 0.521800 -0.322000 0.000000 0.000000 0.000000 1.000000
0.995481 -0.089986 -0.030334 3.304900 0.021231 0.522250 -0.852528 13.191500 0.092557 0.848032 0.521800 -0.322000 0.000000 0.000000 0.000000 1.000000
0.995481 -0.089985 -0.030334 3.304900 0.021230 0.522250 -0.852528 13.191500 0.092557 0.848032 0.521800 -0.322000 0.000000 0.000000 0.000000 1.000000
0.995481 -0.089986 -0.030334 3.304900 0.021230 0.522249 -0.852528 13.191500 0.092557 0.848032 0.521800 -0.322000 0.000000 0.000000 0.000000 1.000000
0.995481 -0.089986 -0.030334 3.304900 0.021230 0.522250 -0.852528 13.191500 0.092557 0.848032 0.521800 -0.322000 0.000000 0.000000 0.000000 1.000000
0.995481 -0.089986 -0.030334 3.304900 0.021230 0.522250 -0.852528 13.191500 0.092557 0.848032 0.521800 -0.322000 0.000000 0.000000 0.000000 1.000000
0.995481 -0.089986 -0.030334 3.304900 0.021230 0.522250 -0.852528 13.191500 0.092558 0.848032 0.521800 -0.322000 0.000000 0.000000 0.000000 1.000000
0.995481 -0.089986 -0.030334 3.304900 0.021230 0.522250 -0.852528 13.191500 0.092557 0.848032 0.521800 -0.322000 0.000000 0.000000 0.000000 1.000000
0.995481 -0.089986 -0.030334 3.304900 0.021230 0.522250 -0.852528 13.191500 0.092557 0.848032 0.521800 -0.322000 0.000000 0.000000 0.000000 1.000000
0.995481 -0.089985 -0.030333 3.304900 0.021231 0.522250 -0.852528 13.191500 0.092557 0.848032 0.521800 -0.322000 0.000000 0.000000 0.000000 1.000000</float_array>
        <technique_common>
          <accessor source="#mixamorig_LeftHandRing1-Matrix-animation-output-transform-array" count="50" stride="16">
            <param type="float4x4"/>
          </accessor>
        </technique_common>
      </source>
      <source id="mixamorig_LeftHandRing1-Interpolations">
        <Name_array id="mixamorig_LeftHandRing1-Interpolations-array" count="50">
 LINEAR LINEAR LINEAR LINEAR LINEAR LINEAR LINEAR LINEAR LINEAR LINEAR LINEAR
LINEAR LINEAR LINEAR LINEAR LINEAR LINEAR LINEAR LINEAR LINEAR LINEAR LINEAR LINEAR
LINEAR LINEAR LINEAR LINEAR LINEAR LINEAR LINEAR LINEAR LINEAR LINEAR LINEAR LINEAR
LINEAR LINEAR LINEAR LINEAR LINEAR LINEAR LINEAR LINEAR LINEAR LINEAR LINEAR LINEAR
LINEAR LINEAR LINEAR</Name_array>
        <technique_common>
          <accessor source="#mixamorig_LeftHandRing1-Interpolations-array" count="50">
            <param type="name"/>
          </accessor>
        </technique_common>
      </source>
      <sampler id="mixamorig_LeftHandRing1-Matrix-animation-transform">
        <input semantic="INPUT" source="#mixamorig_LeftHandRing1-Matrix-animation-input"/>
        <input semantic="OUTPUT" source="#mixamorig_LeftHandRing1-Matrix-animation-output-transform"/>
        <input semantic="INTERPOLATION" source="#mixamorig_LeftHandRing1-Interpolations"/>
      </sampler>
      <channel source="#mixamorig_LeftHandRing1-Matrix-animation-transform" target="mixamorig_LeftHandRing1/matrix"/>
    </animation>
    <animation id="mixamorig_LeftHandRing2-anim" name="mixamorig_LeftHandRing2">
      <source id="mixamorig_LeftHandRing2-Matrix-animation-input">
        <float_array id="mixamorig_LeftHandRing2-Matrix-animation-input-array" count="50">

0.000000 0.033333 0.066667 0.100000 0.133333 0.166667 0.200000 0.233333 0.266667 0.300000 0.333333 0.366667 0.400000 0.433333 0.466667 0.500000
0.533333 0.566667 0.600000 0.633333 0.666667 0.700000 0.733333 0.766667 0.800000 0.833333 0.866667 0.900000 0.933333 0.966667 1.000000 1.033333
1.066667 1.100000 1.133333 1.166667 1.200000 1.233333 1.266667 1.300000 1.333333 1.366667 1.400000 1.433333 1.466667 1.500000 1.533333 1.566667
1.600000 1.633333</float_array>
        <technique_common>
          <accessor source="#mixamorig_LeftHandRing2-Matrix-animation-input-array" count="50">
            <param name="TIME" type="float"/>
          </accessor>
        </technique_common>
      </source>
      <source id="mixamorig_LeftHandRing2-Matrix-animation-output-transform">
        <float_array id="mixamorig_LeftHandRing2-Matrix-animation-output-transform-array" count="800">

0.999492 -0.029131 0.012926 0.000000 0.029098 0.668701 -0.742962 2.717600 0.013000 0.742960 0.669209 0.000000 0.000000 0.000000 0.000000 1.000000
0.999492 -0.029131 0.012927 0.000000 0.029099 0.668701 -0.742962 2.717600 0.012999 0.742960 0.669209 0.000000 0.000000 0.000000 0.000000 1.000000
0.999492 -0.029132 0.012925 0.000000 0.029098 0.668700 -0.742963 2.717600 0.013001 0.742961 0.669208 -0.000000 0.000000 0.000000 0.000000 1.000000
0.999492 -0.029132 0.012927 0.000000 0.029099 0.668700 -0.742962 2.717600 0.013000 0.742961 0.669208 0.000000 0.000000 0.000000 0.000000 1.000000
0.999492 -0.029131 0.012926 0.000000 0.029098 0.668701 -0.742962 2.717600 0.012999 0.742960 0.669209 0.000000 0.000000 0.000000 0.000000 1.000000
0.999492 -0.029132 0.012926 -0.000000 0.029099 0.668700 -0.742962 2.717600 0.013001 0.742961 0.669208 0.000000 0.000000 0.000000 0.000000 1.000000
0.999492 -0.029132 0.012927 0.000000 0.029099 0.668700 -0.742962 2.717600 0.013000 0.742961 0.669208 0.000000 0.000000 0.000000 0.000000 1.000000
0.999492 -0.029131 0.012926 0.000000 0.029099 0.668701 -0.742962 2.717600 0.013000 0.742961 0.669209 0.000000 0.000000 0.000000 0.000000 1.000000
0.999492 -0.029132 0.012926 0.000000 0.029099 0.668701 -0.742962 2.717600 0.013000 0.742961 0.669209 0.000000 0.000000 0.000000 0.000000 1.000000
0.999492 -0.029132 0.012927 0.000000 0.029099 0.668701 -0.742962 2.717600 0.013000 0.742961 0.669209 -0.000000 0.000000 0.000000 0.000000 1.000000
0.999492 -0.029132 0.012926 -0.000000 0.029099 0.668700 -0.742963 2.717600 0.013000 0.742961 0.669208 -0.000000 0.000000 0.000000 0.000000 1.000000
0.999492 -0.029132 0.012927 -0.000000 0.029100 0.668701 -0.742962 2.717600 0.012999 0.742961 0.669209 0.000000 0.000000 0.000000 0.000000 1.000000
0.999492 -0.029132 0.012927 0.000000 0.029099 0.668701 -0.742962 2.717600 0.013000 0.742961 0.669209 0.000000 0.000000 0.000000 0.000000 1.000000
0.999492 -0.029132 0.012926 0.000000 0.029099 0.668701 -0.742962 2.717600 0.013000 0.742960 0.669209 -0.000000 0.000000 0.000000 0.000000 1.000000
0.999492 -0.029132 0.012926 0.000000 0.029099 0.668701 -0.742962 2.717600 0.013000 0.742961 0.669209 -0.000000 0.000000 0.000000 0.000000 1.000000
0.999492 -0.029132 0.012927 0.000000 0.029099 0.668701 -0.742962 2.717600 0.013000 0.742961 0.669209 -0.000000 0.000000 0.000000 0.000000 1.000000
0.999492 -0.029131 0.012927 -0.000000 0.029100 0.668700 -0.742962 2.717600 0.012999 0.742961 0.669208 0.000000 0.000000 0.000000 0.000000 1.000000
0.999492 -0.029132 0.012926 0.000000 0.029099 0.668701 -0.742962 2.717600 0.013000 0.742961 0.669209 -0.000000 0.000000 0.000000 0.000000 1.000000
0.999492 -0.029131 0.012926 0.000000 0.029099 0.668701 -0.742962 2.717600 0.013000 0.742961 0.669209 0.000000 0.000000 0.000000 0.000000 1.000000
0.999492 -0.029131 0.012927 0.000000 0.029099 0.668701 -0.742962 2.717600 0.012999 0.742961 0.669209 0.000000 0.000000 0.000000 0.000000 1.000000
0.999492 -0.029132 0.012926 0.000000 0.029099 0.668701 -0.742962 2.717600 0.013000 0.742961 0.669209 0.000000 0.000000 0.000000 0.000000 1.000000
0.999492 -0.029131 0.012926 -0.000000 0.029099 0.668700 -0.742962 2.717600 0.013000 0.742961 0.669208 -0.000000 0.000000 0.000000 0.000000 1.000000
0.999492 -0.029132 0.012926 0.000000 0.029099 0.668701 -0.742962 2.717600 0.013000 0.742961 0.669209 0.000000 0.000000 0.000000 0.000000 1.000000
0.999492 -0.029132 0.012926 -0.000000 0.029099 0.668701 -0.742962 2.717600 0.013000 0.742961 0.669209 0.000000 0.000000 0.000000 0.000000 1.000000
0.999492 -0.029132 0.012926 -0.000000 0.029099 0.668701 -0.742962 2.717600 0.013000 0.742961 0.669209 0.000000 0.000000 0.000000 0.000000 1.000000
0.999492 -0.029132 0.012926 0.000000 0.029099 0.668700 -0.742962 2.717600 0.013000 0.742961 0.669208 0.000000 0.000000 0.000000 0.000000 1.000000
0.999492 -0.029132 0.012926 0.000000 0.029099 0.668700 -0.742962 2.717600 0.013000 0.742961 0.669208 0.000000 0.000000 0.000000 0.000000 1.000000
0.999492 -0.029131 0.012926 -0.000000 0.029099 0.668701 -0.742962 2.717600 0.013000 0.742961 0.669209 0.000000 0.000000 0.000000 0.000000 1.000000
0.999492 -0.029131 0.012926 0.000000 0.029099 0.668701 -0.742962 2.717600 0.013000 0.742961 0.669209 0.000000 0.000000 0.000000 0.000000 1.000000
0.999492 -0.029132 0.012926 -0.000000 0.029099 0.668701 -0.742962 2.717600 0.013000 0.742961 0.669209 0.000000 0.000000 0.000000 0.000000 1.000000
0.999492 -0.029132 0.012927 -0.000000 0.029099 0.668700 -0.742962 2.717600 0.013000 0.742961 0.669208 0.000000 0.000000 0.000000 0.000000 1.000000
0.999492 -0.029131 0.012926 0.000000 0.029099 0.668700 -0.742962 2.717600 0.012999 0.742961 0.669208 0.000000 0.000000 0.000000 0.000000 1.000000
0.999492 -0.029131 0.012926 -0.000000 0.029099 0.668700 -0.742962 2.717600 0.013000 0.742961 0.669208 0.000000 0.000000 0.000000 0.000000 1.000000
0.999492 -0.029131 0.012926 0.000000 0.029098 0.668700 -0.742962 2.717600 0.012999 0.742961 0.669208 0.000000 0.000000 0.000000 0.000000 1.000000
0.999492 -0.029131 0.012926 -0.000000 0.029098 0.668701 -0.742962 2.717600 0.012999 0.742961 0.669209 -0.000000 0.000000 0.000000 0.000000 1.000000
0.999492 -0.029132 0.012927 -0.000000 0.029099 0.668701 -0.742962 2.717600 0.013000 0.742961 0.669209 0.000000 0.000000 0.000000 0.000000 1.000000
0.999492 -0.029132 0.012927 -0.000000 0.029099 0.668701 -0.742962 2.717600 0.012999 0.742961 0.669209 0.000000 0.000000 0.000000 0.000000 1.000000
0.999492 -0.029132 0.012926 0.000000 0.029099 0.668701 -0.742962 2.717600 0.013000 0.742961 0.669209 -0.000000 0.000000 0.000000 0.000000 1.000000
0.999492 -0.029131 0.012927 -0.000000 0.029099 0.668701 -0.742962 2.717600 0.012999 0.742960 0.669209 -0.000000 0.000000 0.000000 0.000000 1.000000
0.999492 -0.029131 0.012926 -0.000000 0.029098 0.668701 -0.742962 2.717600 0.013000 0.742961 0.669209 -0.000000 0.000000 0.000000 0.000000 1.000000
0.999492 -0.029131 0.012926 -0.000000 0.029098 0.668701 -0.742962 2.717600 0.013000 0.742961 0.669209 -0.000000 0.000000 0.000000 0.000000 1.000000
0.999492 -0.029131 0.012926 0.000000 0.029098 0.668700 -0.742962 2.717600 0.013000 0.742961 0.669208 0.000000 0.000000 0.000000 0.000000 1.000000
0.999492 -0.029132 0.012926 0.000000 0.029099 0.668701 -0.742962 2.717600 0.013000 0.742961 0.669209 0.000000 0.000000 0.000000 0.000000 1.000000
0.999492 -0.029132 0.012927 0.000000 0.029099 0.668701 -0.742962 2.717600 0.013000 0.742960 0.669209 0.000000 0.000000 0.000000 0.000000 1.000000
0.999492 -0.029131 0.012926 0.000000 0.029099 0.668701 -0.742962 2.717600 0.013000 0.742961 0.669209 0.000000 0.000000 0.000000 0.000000 1.000000
0.999492 -0.029131 0.012926 0.000000 0.029098 0.668700 -0.742962 2.717600 0.013000 0.742961 0.669208 0.000000 0.000000 0.000000 0.000000 1.000000
0.999492 -0.029132 0.012926 0.000000 0.029099 0.668700 -0.742962 2.717600 0.013000 0.742961 0.669208 0.000000 0.000000 0.000000 0.000000 1.000000
0.999492 -0.029132 0.012926 0.000000 0.029099 0.668701 -0.742962 2.717600 0.013000 0.742961 0.669209 0.000000 0.000000 0.000000 0.000000 1.000000
0.999492 -0.029132 0.012926 0.000000 0.029099 0.668701 -0.742962 2.717600 0.013000 0.742961 0.669209 0.000000 0.000000 0.000000 0.000000 1.000000
0.999492 -0.029131 0.012926 0.000000 0.029098 0.668700 -0.742962 2.717600 0.012999 0.742961 0.669208 0.000000 0.000000 0.000000 0.000000 1.000000</float_array>
        <technique_common>
          <accessor source="#mixamorig_LeftHandRing2-Matrix-animation-output-transform-array" count="50" stride="16">
            <param type="float4x4"/>
          </accessor>
        </technique_common>
      </source>
      <source id="mixamorig_LeftHandRing2-Interpolations">
        <Name_array id="mixamorig_LeftHandRing2-Interpolations-array" count="50">
 LINEAR LINEAR LINEAR LINEAR LINEAR LINEAR LINEAR LINEAR LINEAR LINEAR LINEAR
LINEAR LINEAR LINEAR LINEAR LINEAR LINEAR LINEAR LINEAR LINEAR LINEAR LINEAR LINEAR
LINEAR LINEAR LINEAR LINEAR LINEAR LINEAR LINEAR LINEAR LINEAR LINEAR LINEAR LINEAR
LINEAR LINEAR LINEAR LINEAR LINEAR LINEAR LINEAR LINEAR LINEAR LINEAR LINEAR LINEAR
LINEAR LINEAR LINEAR</Name_array>
        <technique_common>
          <accessor source="#mixamorig_LeftHandRing2-Interpolations-array" count="50">
            <param type="name"/>
          </accessor>
        </technique_common>
      </source>
      <sampler id="mixamorig_LeftHandRing2-Matrix-animation-transform">
        <input semantic="INPUT" source="#mixamorig_LeftHandRing2-Matrix-animation-input"/>
        <input semantic="OUTPUT" source="#mixamorig_LeftHandRing2-Matrix-animation-output-transform"/>
        <input semantic="INTERPOLATION" source="#mixamorig_LeftHandRing2-Interpolations"/>
      </sampler>
      <channel source="#mixamorig_LeftHandRing2-Matrix-animation-transform" target="mixamorig_LeftHandRing2/matrix"/>
    </animation>
    <animation id="mixamorig_LeftHandRing3-anim" name="mixamorig_LeftHandRing3">
      <source id="mixamorig_LeftHandRing3-Matrix-animation-input">
        <float_array id="mixamorig_LeftHandRing3-Matrix-animation-input-array" count="50">

0.000000 0.033333 0.066667 0.100000 0.133333 0.166667 0.200000 0.233333 0.266667 0.300000 0.333333 0.366667 0.400000 0.433333 0.466667 0.500000
0.533333 0.566667 0.600000 0.633333 0.666667 0.700000 0.733333 0.766667 0.800000 0.833333 0.866667 0.900000 0.933333 0.966667 1.000000 1.033333
1.066667 1.100000 1.133333 1.166667 1.200000 1.233333 1.266667 1.300000 1.333333 1.366667 1.400000 1.433333 1.466667 1.500000 1.533333 1.566667
1.600000 1.633333</float_array>
        <technique_common>
          <accessor source="#mixamorig_LeftHandRing3-Matrix-animation-input-array" count="50">
            <param name="TIME" type="float"/>
          </accessor>
        </technique_common>
      </source>
      <source id="mixamorig_LeftHandRing3-Matrix-animation-output-transform">
        <float_array id="mixamorig_LeftHandRing3-Matrix-animation-output-transform-array" count="800">

0.999383 -0.030506 0.017428 0.000000 0.032117 0.592178 -0.805167 2.134500 0.014242 0.805230 0.592792 -0.000000 0.000000 0.000000 0.000000 1.000000
0.999383 -0.030506 0.017428 0.000000 0.032117 0.592178 -0.805167 2.134500 0.014242 0.805229 0.592792 0.000000 0.000000 0.000000 0.000000 1.000000
0.999383 -0.030506 0.017428 0.000000 0.032117 0.592178 -0.805167 2.134500 0.014241 0.805229 0.592793 0.000000 0.000000 0.000000 0.000000 1.000000
0.999383 -0.030506 0.017428 0.000000 0.032117 0.592178 -0.805167 2.134500 0.014242 0.805230 0.592792 -0.000000 0.000000 0.000000 0.000000 1.000000
0.999383 -0.030506 0.017428 0.000000 0.032117 0.592178 -0.805167 2.134500 0.014242 0.805230 0.592792 0.000000 0.000000 0.000000 0.000000 1.000000
0.999383 -0.030505 0.017429 -0.000000 0.032117 0.592178 -0.805167 2.134500 0.014241 0.805230 0.592792 -0.000000 0.000000 0.000000 0.000000 1.000000
0.999383 -0.030506 0.017428 -0.000000 0.032117 0.592178 -0.805167 2.134500 0.014242 0.805230 0.592792 0.000000 0.000000 0.000000 0.000000 1.000000
0.999383 -0.030506 0.017429 -0.000000 0.032117 0.592178 -0.805167 2.134500 0.014241 0.805229 0.592792 -0.000000 0.000000 0.000000 0.000000 1.000000
0.999383 -0.030506 0.017428 0.000000 0.032117 0.592178 -0.805167 2.134500 0.014241 0.805230 0.592792 0.000000 0.000000 0.000000 0.000000 1.000000
0.999383 -0.030506 0.017428 -0.000000 0.032118 0.592178 -0.805167 2.134500 0.014242 0.805229 0.592792 0.000000 0.000000 0.000000 0.000000 1.000000
0.999383 -0.030506 0.017428 0.000000 0.032117 0.592178 -0.805167 2.134500 0.014241 0.805229 0.592792 0.000000 0.000000 0.000000 0.000000 1.000000
0.999383 -0.030506 0.017428 0.000000 0.032117 0.592178 -0.805167 2.134500 0.014242 0.805229 0.592792 0.000000 0.000000 0.000000 0.000000 1.000000
0.999383 -0.030506 0.017428 0.000000 0.032117 0.592178 -0.805167 2.134500 0.014242 0.805230 0.592792 0.000000 0.000000 0.000000 0.000000 1.000000
0.999383 -0.030506 0.017429 -0.000000 0.032118 0.592178 -0.805167 2.134500 0.014242 0.805230 0.592792 0.000000 0.000000 0.000000 0.000000 1.000000
0.999383 -0.030506 0.017429 0.000000 0.032118 0.592178 -0.805167 2.134500 0.014241 0.805230 0.592792 0.000000 0.000000 0.000000 0.000000 1.000000
0.999383 -0.030506 0.017429 -0.000000 0.032118 0.592178 -0.805167 2.134500 0.014241 0.805230 0.592792 0.000000 0.000000 0.000000 0.000000 1.000000
0.999383 -0.030506 0.017428 0.000000 0.032117 0.592178 -0.805167 2.134500 0.014242 0.805229 0.592793 0.000000 0.000000 0.000000 0.000000 1.000000
0.999383 -0.030506 0.017428 0.000000 0.032117 0.592178 -0.805167 2.134500 0.014242 0.805230 0.592792 0.000000 0.000000 0.000000 0.000000 1.000000
0.999383 -0.030506 0.017428 0.000000 0.032118 0.592178 -0.805167 2.134500 0.014242 0.805229 0.592792 -0.000000 0.000000 0.000000 0.000000 1.000000
0.999383 -0.030506 0.017429 0.000000 0.032118 0.592178 -0.805167 2.134500 0.014242 0.805229 0.592792 -0.000000 0.000000 0.000000 0.000000 1.000000
0.999383 -0.030506 0.017428 -0.000000 0.032117 0.592178 -0.805167 2.134500 0.014241 0.805230 0.592792 0.000000 0.000000 0.000000 0.000000 1.000000
0.999383 -0.030505 0.017428 -0.000000 0.032117 0.592178 -0.805167 2.134500 0.014241 0.805230 0.592792 0.000000 0.000000 0.000000 0.000000 1.000000
0.999383 -0.030506 0.017428 -0.000000 0.032117 0.592178 -0.805167 2.134500 0.014242 0.805230 0.592792 -0.000000 0.000000 0.000000 0.000000 1.000000
0.999383 -0.030506 0.017429 0.000000 0.032118 0.592178 -0.805167 2.134500 0.014241 0.805229 0.592792 0.000000 0.000000 0.000000 0.000000 1.000000
0.999383 -0.030506 0.017429 -0.000000 0.032118 0.592178 -0.805167 2.134500 0.014241 0.805230 0.592792 0.000000 0.000000 0.000000 0.000000 1.000000
0.999383 -0.030506 0.017428 -0.000000 0.032118 0.592178 -0.805167 2.134500 0.014242 0.805230 0.592792 0.000000 0.000000 0.000000 0.000000 1.000000
0.999383 -0.030506 0.017428 0.000000 0.032117 0.592178 -0.805167 2.134500 0.014242 0.805229 0.592792 0.000000 0.000000 0.000000 0.000000 1.000000
0.999383 -0.030506 0.017429 -0.000000 0.032118 0.592178 -0.805167 2.134500 0.014242 0.805229 0.592792 -0.000000 0.000000 0.000000 0.000000 1.000000
0.999383 -0.030506 0.017429 -0.000000 0.032118 0.592178 -0.805167 2.134500 0.014242 0.805229 0.592792 -0.000000 0.000000 0.000000 0.000000 1.000000
0.999383 -0.030507 0.017428 0.000000 0.032118 0.592178 -0.805167 2.134500 0.014242 0.805230 0.592792 0.000000 0.000000 0.000000 0.000000 1.000000
0.999383 -0.030506 0.017428 0.000000 0.032117 0.592178 -0.805167 2.134500 0.014242 0.805229 0.592793 0.000000 0.000000 0.000000 0.000000 1.000000
0.999383 -0.030506 0.017428 0.000000 0.032117 0.592178 -0.805167 2.134500 0.014242 0.805229 0.592792 0.000000 0.000000 0.000000 0.000000 1.000000
0.999383 -0.030505 0.017428 -0.000000 0.032117 0.592178 -0.805167 2.134500 0.014241 0.805229 0.592792 0.000000 0.000000 0.000000 0.000000 1.000000
0.999383 -0.030506 0.017428 0.000000 0.032117 0.592178 -0.805167 2.134500 0.014242 0.805229 0.592792 0.000000 0.000000 0.000000 0.000000 1.000000
0.999383 -0.030507 0.017429 -0.000000 0.032118 0.592178 -0.805167 2.134500 0.014242 0.805230 0.592792 0.000000 0.000000 0.000000 0.000000 1.000000
0.999383 -0.030506 0.017428 0.000000 0.032118 0.592178 -0.805167 2.134500 0.014242 0.805230 0.592792 -0.000000 0.000000 0.000000 0.000000 1.000000
0.999383 -0.030506 0.017428 0.000000 0.032117 0.592178 -0.805167 2.134500 0.014242 0.805230 0.592792 -0.000000 0.000000 0.000000 0.000000 1.000000
0.999383 -0.030506 0.017428 0.000000 0.032117 0.592178 -0.805167 2.134500 0.014242 0.805229 0.592792 0.000000 0.000000 0.000000 0.000000 1.000000
0.999383 -0.030506 0.017428 0.000000 0.032117 0.592178 -0.805167 2.134500 0.014242 0.805229 0.592792 0.000000 0.000000 0.000000 0.000000 1.000000
0.999383 -0.030506 0.017429 0.000000 0.032118 0.592178 -0.805167 2.134500 0.014241 0.805229 0.592792 -0.000000 0.000000 0.000000 0.000000 1.000000
0.999383 -0.030506 0.017428 0.000000 0.032117 0.592178 -0.805167 2.134500 0.014241 0.805230 0.592792 0.000000 0.000000 0.000000 0.000000 1.000000
0.999383 -0.030506 0.017428 -0.000000 0.032117 0.592178 -0.805167 2.134500 0.014241 0.805230 0.592792 0.000000 0.000000 0.000000 0.000000 1.000000
0.999383 -0.030506 0.017428 0.000000 0.032117 0.592179 -0.805166 2.134500 0.014241 0.805229 0.592793 0.000000 0.000000 0.000000 0.000000 1.000000
0.999383 -0.030506 0.017429 -0.000000 0.032118 0.592178 -0.805167 2.134500 0.014242 0.805230 0.592792 0.000000 0.000000 0.000000 0.000000 1.000000
0.999383 -0.030506 0.017428 0.000000 0.032118 0.592178 -0.805167 2.134500 0.014242 0.805230 0.592792 -0.000000 0.000000 0.000000 0.000000 1.000000
0.999383 -0.030506 0.017429 0.000000 0.032118 0.592177 -0.805167 2.134500 0.014242 0.805230 0.592792 -0.000000 0.000000 0.000000 0.000000 1.000000
0.999383 -0.030506 0.017428 0.000000 0.032117 0.592178 -0.805167 2.134500 0.014242 0.805230 0.592792 0.000000 0.000000 0.000000 0.000000 1.000000
0.999383 -0.030506 0.017428 0.000000 0.032118 0.592178 -0.805167 2.134500 0.014242 0.805230 0.592792 0.000000 0.000000 0.000000 0.000000 1.000000
0.999383 -0.030506 0.017428 0.000000 0.032117 0.592178 -0.805167 2.134500 0.014242 0.805230 0.592792 0.000000 0.000000 0.000000 0.000000 1.000000
0.999383 -0.030506 0.017428 0.000000 0.032117 0.592178 -0.805167 2.134500 0.014241 0.805229 0.592792 -0.000000 0.000000 0.000000 0.000000 1.000000</float_array>
        <technique_common>
          <accessor source="#mixamorig_LeftHandRing3-Matrix-animation-output-transform-array" count="50" stride="16">
            <param type="float4x4"/>
          </accessor>
        </technique_common>
      </source>
      <source id="mixamorig_LeftHandRing3-Interpolations">
        <Name_array id="mixamorig_LeftHandRing3-Interpolations-array" count="50">
 LINEAR LINEAR LINEAR LINEAR LINEAR LINEAR LINEAR LINEAR LINEAR LINEAR LINEAR
LINEAR LINEAR LINEAR LINEAR LINEAR LINEAR LINEAR LINEAR LINEAR LINEAR LINEAR LINEAR
LINEAR LINEAR LINEAR LINEAR LINEAR LINEAR LINEAR LINEAR LINEAR LINEAR LINEAR LINEAR
LINEAR LINEAR LINEAR LINEAR LINEAR LINEAR LINEAR LINEAR LINEAR LINEAR LINEAR LINEAR
LINEAR LINEAR LINEAR</Name_array>
        <technique_common>
          <accessor source="#mixamorig_LeftHandRing3-Interpolations-array" count="50">
            <param type="name"/>
          </accessor>
        </technique_common>
      </source>
      <sampler id="mixamorig_LeftHandRing3-Matrix-animation-transform">
        <input semantic="INPUT" source="#mixamorig_LeftHandRing3-Matrix-animation-input"/>
        <input semantic="OUTPUT" source="#mixamorig_LeftHandRing3-Matrix-animation-output-transform"/>
        <input semantic="INTERPOLATION" source="#mixamorig_LeftHandRing3-Interpolations"/>
      </sampler>
      <channel source="#mixamorig_LeftHandRing3-Matrix-animation-transform" target="mixamorig_LeftHandRing3/matrix"/>
    </animation>
    <animation id="mixamorig_LeftHandPinky1-anim" name="mixamorig_LeftHandPinky1">
      <source id="mixamorig_LeftHandPinky1-Matrix-animation-input">
        <float_array id="mixamorig_LeftHandPinky1-Matrix-animation-input-array" count="50">

0.000000 0.033333 0.066667 0.100000 0.133333 0.166667 0.200000 0.233333 0.266667 0.300000 0.333333 0.366667 0.400000 0.433333 0.466667 0.500000
0.533333 0.566667 0.600000 0.633333 0.666667 0.700000 0.733333 0.766667 0.800000 0.833333 0.866667 0.900000 0.933333 0.966667 1.000000 1.033333
1.066667 1.100000 1.133333 1.166667 1.200000 1.233333 1.266667 1.300000 1.333333 1.366667 1.400000 1.433333 1.466667 1.500000 1.533333 1.566667
1.600000 1.633333</float_array>
        <technique_common>
          <accessor source="#mixamorig_LeftHandPinky1-Matrix-animation-input-array" count="50">
            <param name="TIME" type="float"/>
          </accessor>
        </technique_common>
      </source>
      <source id="mixamorig_LeftHandPinky1-Matrix-animation-output-transform">
        <float_array id="mixamorig_LeftHandPinky1-Matrix-animation-output-transform-array" count="800">

0.977611 0.010419 -0.210162 5.614200 -0.162922 0.669555 -0.724674 11.636400 0.133164 0.742690 0.656262 0.516600 0.000000 0.000000 0.000000 1.000000
0.977611 0.010419 -0.210161 5.614200 -0.162922 0.669554 -0.724674 11.636400 0.133164 0.742690 0.656261 0.516600 0.000000 0.000000 0.000000 1.000000
0.977611 0.010418 -0.210162 5.614200 -0.162923 0.669554 -0.724675 11.636400 0.133165 0.742690 0.656261 0.516600 0.000000 0.000000 0.000000 1.000000
0.977611 0.010419 -0.210161 5.614200 -0.162922 0.669554 -0.724675 11.636400 0.133164 0.742690 0.656261 0.516600 0.000000 0.000000 0.000000 1.000000
0.977611 0.010419 -0.210162 5.614200 -0.162923 0.669554 -0.724675 11.636400 0.133165 0.742690 0.656261 0.516600 0.000000 0.000000 0.000000 1.000000
0.977611 0.010419 -0.210162 5.614200 -0.162923 0.669554 -0.724675 11.636400 0.133164 0.742690 0.656261 0.516600 0.000000 0.000000 0.000000 1.000000
0.977611 0.010419 -0.210161 5.614200 -0.162922 0.669554 -0.724675 11.636400 0.133164 0.742690 0.656261 0.516600 0.000000 0.000000 0.000000 1.000000
0.977611 0.010419 -0.210162 5.614200 -0.162922 0.669554 -0.724675 11.636400 0.133164 0.742690 0.656261 0.516600 0.000000 0.000000 0.000000 1.000000
0.977611 0.010419 -0.210162 5.614200 -0.162922 0.669554 -0.724675 11.636400 0.133165 0.742690 0.656261 0.516600 0.000000 0.000000 0.000000 1.000000
0.977611 0.010419 -0.210162 5.614200 -0.162923 0.669554 -0.724675 11.636400 0.133165 0.742690 0.656261 0.516600 0.000000 0.000000 0.000000 1.000000
0.977611 0.010419 -0.210162 5.614200 -0.162923 0.669554 -0.724675 11.636400 0.133165 0.742690 0.656261 0.516600 0.000000 0.000000 0.000000 1.000000
0.977611 0.010418 -0.210162 5.614200 -0.162922 0.669554 -0.724675 11.636400 0.133165 0.742690 0.656261 0.516600 0.000000 0.000000 0.000000 1.000000
0.977611 0.010419 -0.210162 5.614200 -0.162923 0.669554 -0.724675 11.636400 0.133165 0.742690 0.656261 0.516600 0.000000 0.000000 0.000000 1.000000
0.977611 0.010419 -0.210162 5.614200 -0.162922 0.669554 -0.724674 11.636400 0.133164 0.742690 0.656261 0.516600 0.000000 0.000000 0.000000 1.000000
0.977611 0.010419 -0.210162 5.614200 -0.162923 0.669554 -0.724675 11.636400 0.133165 0.742690 0.656261 0.516600 0.000000 0.000000 0.000000 1.000000
0.977611 0.010419 -0.210161 5.614200 -0.162923 0.669554 -0.724675 11.636400 0.133164 0.742690 0.656261 0.516600 0.000000 0.000000 0.000000 1.000000
0.977611 0.010419 -0.210162 5.614200 -0.162923 0.669554 -0.724675 11.636400 0.133164 0.742690 0.656261 0.516600 0.000000 0.000000 0.000000 1.000000
0.977611 0.010418 -0.210162 5.614200 -0.162923 0.669554 -0.724675 11.636400 0.133165 0.742690 0.656261 0.516600 0.000000 0.000000 0.000000 1.000000
0.977611 0.010419 -0.210162 5.614200 -0.162923 0.669554 -0.724675 11.636400 0.133165 0.742690 0.656261 0.516600 0.000000 0.000000 0.000000 1.000000
0.977611 0.010419 -0.210161 5.614200 -0.162922 0.669554 -0.724675 11.636400 0.133164 0.742690 0.656261 0.516600 0.000000 0.000000 0.000000 1.000000
0.977611 0.010419 -0.210162 5.614200 -0.162923 0.669554 -0.724675 11.636400 0.133164 0.742690 0.656261 0.516600 0.000000 0.000000 0.000000 1.000000
0.977611 0.010419 -0.210162 5.614200 -0.162923 0.669554 -0.724675 11.636400 0.133164 0.742690 0.656261 0.516600 0.000000 0.000000 0.000000 1.000000
0.977611 0.010419 -0.210162 5.614200 -0.162923 0.669554 -0.724675 11.636400 0.133165 0.742690 0.656261 0.516600 0.000000 0.000000 0.000000 1.000000
0.977611 0.010419 -0.210162 5.614200 -0.162923 0.669554 -0.724675 11.636400 0.133165 0.742690 0.656261 0.516600 0.000000 0.000000 0.000000 1.000000
0.977611 0.010419 -0.210162 5.614200 -0.162923 0.669554 -0.724675 11.636400 0.133164 0.742690 0.656261 0.516600 0.000000 0.000000 0.000000 1.000000
0.977611 0.010419 -0.210162 5.614200 -0.162923 0.669554 -0.724675 11.636400 0.133164 0.742691 0.656261 0.516600 0.000000 0.000000 0.000000 1.000000
0.977611 0.010419 -0.210162 5.614200 -0.162923 0.669554 -0.724675 11.636400 0.133164 0.742690 0.656261 0.516600 0.000000 0.000000 0.000000 1.000000
0.977611 0.010419 -0.210161 5.614200 -0.162922 0.669554 -0.724675 11.636400 0.133164 0.742690 0.656261 0.516600 0.000000 0.000000 0.000000 1.000000
0.977611 0.010419 -0.210161 5.614200 -0.162922 0.669554 -0.724675 11.636400 0.133164 0.742691 0.656261 0.516600 0.000000 0.000000 0.000000 1.000000
0.977611 0.010419 -0.210162 5.614200 -0.162922 0.669554 -0.724675 11.636400 0.133164 0.742690 0.656261 0.516600 0.000000 0.000000 0.000000 1.000000
0.977611 0.010419 -0.210162 5.614200 -0.162923 0.669554 -0.724675 11.636400 0.133165 0.742690 0.656261 0.516600 0.000000 0.000000 0.000000 1.000000
0.977611 0.010419 -0.210162 5.614200 -0.162923 0.669554 -0.724674 11.636400 0.133165 0.742690 0.656261 0.516600 0.000000 0.000000 0.000000 1.000000
0.977611 0.010419 -0.210162 5.614200 -0.162923 0.669554 -0.724675 11.636400 0.133165 0.742690 0.656261 0.516600 0.000000 0.000000 0.000000 1.000000
0.977611 0.010418 -0.210162 5.614200 -0.162922 0.669554 -0.724675 11.636400 0.133165 0.742690 0.656261 0.516600 0.000000 0.000000 0.000000 1.000000
0.977611 0.010419 -0.210162 5.614200 -0.162923 0.669554 -0.724675 11.636400 0.133165 0.742690 0.656261 0.516600 0.000000 0.000000 0.000000 1.000000
0.977611 0.010419 -0.210162 5.614200 -0.162923 0.669554 -0.724675 11.636400 0.133165 0.742690 0.656261 0.516600 0.000000 0.000000 0.000000 1.000000
0.977611 0.010419 -0.210162 5.614200 -0.162922 0.669554 -0.724675 11.636400 0.133165 0.742690 0.656261 0.516600 0.000000 0.000000 0.000000 1.000000
0.977611 0.010419 -0.210162 5.614200 -0.162923 0.669554 -0.724675 11.636400 0.133164 0.742690 0.656261 0.516600 0.000000 0.000000 0.000000 1.000000
0.977611 0.010418 -0.210162 5.614200 -0.162923 0.669554 -0.724675 11.636400 0.133165 0.742690 0.656261 0.516600 0.000000 0.000000 0.000000 1.000000
0.977611 0.010419 -0.210162 5.614200 -0.162923 0.669554 -0.724675 11.636400 0.133164 0.742690 0.656261 0.516600 0.000000 0.000000 0.000000 1.000000
0.977611 0.010419 -0.210162 5.614200 -0.162923 0.669554 -0.724675 11.636400 0.133165 0.742690 0.656261 0.516600 0.000000 0.000000 0.000000 1.000000
0.977611 0.010419 -0.210162 5.614200 -0.162923 0.669554 -0.724675 11.636400 0.133164 0.742690 0.656261 0.516600 0.000000 0.000000 0.000000 1.000000
0.977611 0.010419 -0.210163 5.614200 -0.162923 0.669554 -0.724675 11.636400 0.133165 0.742690 0.656261 0.516600 0.000000 0.000000 0.000000 1.000000
0.977611 0.010418 -0.210162 5.614200 -0.162922 0.669554 -0.724675 11.636400 0.133165 0.742690 0.656261 0.516600 0.000000 0.000000 0.000000 1.000000
0.977611 0.010419 -0.210162 5.614200 -0.162923 0.669554 -0.724675 11.636400 0.133164 0.742690 0.656261 0.516600 0.000000 0.000000 0.000000 1.000000
0.977611 0.010419 -0.210162 5.614200 -0.162923 0.669554 -0.724675 11.636400 0.133164 0.742690 0.656261 0.516600 0.000000 0.000000 0.000000 1.000000
0.977611 0.010419 -0.210162 5.614200 -0.162923 0.669554 -0.724674 11.636400 0.133164 0.742690 0.656261 0.516600 0.000000 0.000000 0.000000 1.000000
0.977611 0.010418 -0.210162 5.614200 -0.162922 0.669554 -0.724675 11.636400 0.133165 0.742690 0.656261 0.516600 0.000000 0.000000 0.000000 1.000000
0.977611 0.010418 -0.210162 5.614200 -0.162923 0.669554 -0.724675 11.636400 0.133165 0.742690 0.656261 0.516600 0.000000 0.000000 0.000000 1.000000
0.977611 0.010419 -0.210162 5.614200 -0.162923 0.669554 -0.724675 11.636400 0.133164 0.742690 0.656261 0.516600 0.000000 0.000000 0.000000 1.000000</float_array>
        <technique_common>
          <accessor source="#mixamorig_LeftHandPinky1-Matrix-animation-output-transform-array" count="50" stride="16">
            <param type="float4x4"/>
          </accessor>
        </technique_common>
      </source>
      <source id="mixamorig_LeftHandPinky1-Interpolations">
        <Name_array id="mixamorig_LeftHandPinky1-Interpolations-array" count="50">
 LINEAR LINEAR LINEAR LINEAR LINEAR LINEAR LINEAR LINEAR LINEAR LINEAR LINEAR
LINEAR LINEAR LINEAR LINEAR LINEAR LINEAR LINEAR LINEAR LINEAR LINEAR LINEAR LINEAR
LINEAR LINEAR LINEAR LINEAR LINEAR LINEAR LINEAR LINEAR LINEAR LINEAR LINEAR LINEAR
LINEAR LINEAR LINEAR LINEAR LINEAR LINEAR LINEAR LINEAR LINEAR LINEAR LINEAR LINEAR
LINEAR LINEAR LINEAR</Name_array>
        <technique_common>
          <accessor source="#mixamorig_LeftHandPinky1-Interpolations-array" count="50">
            <param type="name"/>
          </accessor>
        </technique_common>
      </source>
      <sampler id="mixamorig_LeftHandPinky1-Matrix-animation-transform">
        <input semantic="INPUT" source="#mixamorig_LeftHandPinky1-Matrix-animation-input"/>
        <input semantic="OUTPUT" source="#mixamorig_LeftHandPinky1-Matrix-animation-output-transform"/>
        <input semantic="INTERPOLATION" source="#mixamorig_LeftHandPinky1-Interpolations"/>
      </sampler>
      <channel source="#mixamorig_LeftHandPinky1-Matrix-animation-transform" target="mixamorig_LeftHandPinky1/matrix"/>
    </animation>
    <animation id="mixamorig_LeftHandPinky2-anim" name="mixamorig_LeftHandPinky2">
      <source id="mixamorig_LeftHandPinky2-Matrix-animation-input">
        <float_array id="mixamorig_LeftHandPinky2-Matrix-animation-input-array" count="50">

0.000000 0.033333 0.066667 0.100000 0.133333 0.166667 0.200000 0.233333 0.266667 0.300000 0.333333 0.366667 0.400000 0.433333 0.466667 0.500000
0.533333 0.566667 0.600000 0.633333 0.666667 0.700000 0.733333 0.766667 0.800000 0.833333 0.866667 0.900000 0.933333 0.966667 1.000000 1.033333
1.066667 1.100000 1.133333 1.166667 1.200000 1.233333 1.266667 1.300000 1.333333 1.366667 1.400000 1.433333 1.466667 1.500000 1.533333 1.566667
1.600000 1.633333</float_array>
        <technique_common>
          <accessor source="#mixamorig_LeftHandPinky2-Matrix-animation-input-array" count="50">
            <param name="TIME" type="float"/>
          </accessor>
        </technique_common>
      </source>
      <source id="mixamorig_LeftHandPinky2-Matrix-animation-output-transform">
        <float_array id="mixamorig_LeftHandPinky2-Matrix-animation-output-transform-array" count="800">

0.999596 -0.025380 0.012796 -0.000000 0.026901 0.699403 -0.714221 1.559400 0.009177 0.714276 0.699804 0.000000 0.000000 0.000000 0.000000 1.000000
0.999596 -0.025380 0.012796 0.000000 0.026901 0.699404 -0.714220 1.559400 0.009178 0.714276 0.699804 0.000000 0.000000 0.000000 0.000000 1.000000
0.999596 -0.025380 0.012796 0.000000 0.026901 0.699404 -0.714220 1.559400 0.009177 0.714276 0.699804 0.000000 0.000000 0.000000 0.000000 1.000000
0.999596 -0.025380 0.012796 0.000000 0.026901 0.699404 -0.714221 1.559400 0.009178 0.714276 0.699804 0.000000 0.000000 0.000000 0.000000 1.000000
0.999596 -0.025380 0.012796 -0.000000 0.026901 0.699404 -0.714220 1.559400 0.009177 0.714276 0.699804 -0.000000 0.000000 0.000000 0.000000 1.000000
0.999596 -0.025380 0.012796 0.000000 0.026901 0.699403 -0.714221 1.559400 0.009177 0.714277 0.699803 0.000000 0.000000 0.000000 0.000000 1.000000
0.999596 -0.025380 0.012796 0.000000 0.026901 0.699404 -0.714221 1.559400 0.009177 0.714276 0.699804 0.000000 0.000000 0.000000 0.000000 1.000000
0.999596 -0.025380 0.012796 0.000000 0.026901 0.699403 -0.714221 1.559400 0.009177 0.714276 0.699804 0.000000 0.000000 0.000000 0.000000 1.000000
0.999596 -0.025380 0.012796 0.000000 0.026901 0.699403 -0.714221 1.559400 0.009177 0.714277 0.699803 0.000000 0.000000 0.000000 0.000000 1.000000
0.999596 -0.025379 0.012796 0.000000 0.026901 0.699404 -0.714220 1.559400 0.009177 0.714276 0.699804 0.000000 0.000000 0.000000 0.000000 1.000000
0.999596 -0.025380 0.012796 0.000000 0.026901 0.699404 -0.714220 1.559400 0.009177 0.714276 0.699804 0.000000 0.000000 0.000000 0.000000 1.000000
0.999596 -0.025380 0.012796 0.000000 0.026901 0.699403 -0.714221 1.559400 0.009178 0.714276 0.699804 0.000000 0.000000 0.000000 0.000000 1.000000
0.999596 -0.025380 0.012796 0.000000 0.026901 0.699404 -0.714220 1.559400 0.009177 0.714276 0.699804 0.000000 0.000000 0.000000 0.000000 1.000000
0.999596 -0.025380 0.012796 0.000000 0.026901 0.699404 -0.714221 1.559400 0.009178 0.714276 0.699804 0.000000 0.000000 0.000000 0.000000 1.000000
0.999596 -0.025380 0.012796 0.000000 0.026901 0.699404 -0.714220 1.559400 0.009177 0.714276 0.699804 -0.000000 0.000000 0.000000 0.000000 1.000000
0.999596 -0.025380 0.012796 -0.000000 0.026901 0.699403 -0.714221 1.559400 0.009177 0.714277 0.699803 0.000000 0.000000 0.000000 0.000000 1.000000
0.999596 -0.025380 0.012796 0.000000 0.026901 0.699403 -0.714221 1.559400 0.009177 0.714276 0.699804 -0.000000 0.000000 0.000000 0.000000 1.000000
0.999596 -0.025380 0.012796 -0.000000 0.026901 0.699404 -0.714221 1.559400 0.009178 0.714276 0.699804 -0.000000 0.000000 0.000000 0.000000 1.000000
0.999596 -0.025379 0.012796 0.000000 0.026901 0.699403 -0.714221 1.559400 0.009177 0.714277 0.699803 0.000000 0.000000 0.000000 0.000000 1.000000
0.999596 -0.025380 0.012796 -0.000000 0.026901 0.699403 -0.714221 1.559400 0.009177 0.714276 0.699804 0.000000 0.000000 0.000000 0.000000 1.000000
0.999596 -0.025380 0.012796 -0.000000 0.026901 0.699404 -0.714221 1.559400 0.009177 0.714276 0.699804 0.000000 0.000000 0.000000 0.000000 1.000000
0.999596 -0.025380 0.012796 -0.000000 0.026901 0.699404 -0.714221 1.559400 0.009177 0.714276 0.699804 -0.000000 0.000000 0.000000 0.000000 1.000000
0.999596 -0.025379 0.012796 0.000000 0.026901 0.699403 -0.714221 1.559400 0.009177 0.714276 0.699804 -0.000000 0.000000 0.000000 0.000000 1.000000
0.999596 -0.025379 0.012796 0.000000 0.026901 0.699404 -0.714220 1.559400 0.009177 0.714276 0.699804 0.000000 0.000000 0.000000 0.000000 1.000000
0.999596 -0.025380 0.012796 -0.000000 0.026901 0.699403 -0.714221 1.559400 0.009178 0.714277 0.699803 -0.000000 0.000000 0.000000 0.000000 1.000000
0.999596 -0.025380 0.012796 -0.000000 0.026901 0.699404 -0.714220 1.559400 0.009177 0.714276 0.699804 0.000000 0.000000 0.000000 0.000000 1.000000
0.999596 -0.025379 0.012796 -0.000000 0.026900 0.699404 -0.714221 1.559400 0.009177 0.714276 0.699804 0.000000 0.000000 0.000000 0.000000 1.000000
0.999596 -0.025380 0.012796 0.000000 0.026901 0.699403 -0.714221 1.559400 0.009177 0.714276 0.699803 0.000000 0.000000 0.000000 0.000000 1.000000
0.999596 -0.025380 0.012796 0.000000 0.026901 0.699404 -0.714220 1.559400 0.009178 0.714276 0.699804 0.000000 0.000000 0.000000 0.000000 1.000000
0.999596 -0.025380 0.012796 0.000000 0.026900 0.699404 -0.714221 1.559400 0.009177 0.714276 0.699804 -0.000000 0.000000 0.000000 0.000000 1.000000
0.999596 -0.025380 0.012796 0.000000 0.026901 0.699404 -0.714220 1.559400 0.009177 0.714276 0.699804 -0.000000 0.000000 0.000000 0.000000 1.000000
0.999596 -0.025380 0.012796 -0.000000 0.026901 0.699404 -0.714221 1.559400 0.009177 0.714276 0.699804 0.000000 0.000000 0.000000 0.000000 1.000000
0.999596 -0.025380 0.012796 -0.000000 0.026901 0.699403 -0.714221 1.559400 0.009178 0.714276 0.699804 0.000000 0.000000 0.000000 0.000000 1.000000
0.999596 -0.025380 0.012796 -0.000000 0.026901 0.699404 -0.714221 1.559400 0.009177 0.714276 0.699804 -0.000000 0.000000 0.000000 0.000000 1.000000
0.999596 -0.025379 0.012796 -0.000000 0.026901 0.699403 -0.714221 1.559400 0.009177 0.714277 0.699803 0.000000 0.000000 0.000000 0.000000 1.000000
0.999596 -0.025380 0.012796 -0.000000 0.026901 0.699404 -0.714220 1.559400 0.009177 0.714276 0.699804 -0.000000 0.000000 0.000000 0.000000 1.000000
0.999596 -0.025380 0.012796 -0.000000 0.026901 0.699404 -0.714220 1.559400 0.009177 0.714276 0.699804 0.000000 0.000000 0.000000 0.000000 1.000000
0.999596 -0.025380 0.012796 0.000000 0.026901 0.699403 -0.714221 1.559400 0.009177 0.714276 0.699804 -0.000000 0.000000 0.000000 0.000000 1.000000
0.999596 -0.025379 0.012796 -0.000000 0.026901 0.699404 -0.714221 1.559400 0.009177 0.714276 0.699804 0.000000 0.000000 0.000000 0.000000 1.000000
0.999596 -0.025380 0.012796 0.000000 0.026901 0.699403 -0.714221 1.559400 0.009178 0.714276 0.699803 0.000000 0.000000 0.000000 0.000000 1.000000
0.999596 -0.025380 0.012796 0.000000 0.026901 0.699404 -0.714220 1.559400 0.009177 0.714276 0.699804 -0.000000 0.000000 0.000000 0.000000 1.000000
0.999596 -0.025380 0.012796 0.000000 0.026901 0.699403 -0.714221 1.559400 0.009177 0.714277 0.699803 0.000000 0.000000 0.000000 0.000000 1.000000
0.999596 -0.025380 0.012796 0.000000 0.026901 0.699404 -0.714221 1.559400 0.009177 0.714276 0.699804 -0.000000 0.000000 0.000000 0.000000 1.000000
0.999596 -0.025380 0.012796 0.000000 0.026900 0.699404 -0.714220 1.559400 0.009177 0.714276 0.699804 0.000000 0.000000 0.000000 0.000000 1.000000
0.999596 -0.025380 0.012796 0.000000 0.026901 0.699403 -0.714221 1.559400 0.009177 0.714277 0.699803 0.000000 0.000000 0.000000 0.000000 1.000000
0.999596 -0.025380 0.012796 0.000000 0.026901 0.699403 -0.714221 1.559400 0.009177 0.714276 0.699804 0.000000 0.000000 0.000000 0.000000 1.000000
0.999596 -0.025380 0.012796 0.000000 0.026901 0.699403 -0.714221 1.559400 0.009177 0.714276 0.699804 0.000000 0.000000 0.000000 0.000000 1.000000
0.999596 -0.025380 0.012796 -0.000000 0.026901 0.699404 -0.714220 1.559400 0.009177 0.714276 0.699804 -0.000000 0.000000 0.000000 0.000000 1.000000
0.999596 -0.025380 0.012797 0.000000 0.026901 0.699403 -0.714221 1.559400 0.009177 0.714276 0.699804 0.000000 0.000000 0.000000 0.000000 1.000000
0.999596 -0.025380 0.012796 0.000000 0.026901 0.699404 -0.714221 1.559400 0.009177 0.714276 0.699804 0.000000 0.000000 0.000000 0.000000 1.000000</float_array>
        <technique_common>
          <accessor source="#mixamorig_LeftHandPinky2-Matrix-animation-output-transform-array" count="50" stride="16">
            <param type="float4x4"/>
          </accessor>
        </technique_common>
      </source>
      <source id="mixamorig_LeftHandPinky2-Interpolations">
        <Name_array id="mixamorig_LeftHandPinky2-Interpolations-array" count="50">
 LINEAR LINEAR LINEAR LINEAR LINEAR LINEAR LINEAR LINEAR LINEAR LINEAR LINEAR
LINEAR LINEAR LINEAR LINEAR LINEAR LINEAR LINEAR LINEAR LINEAR LINEAR LINEAR LINEAR
LINEAR LINEAR LINEAR LINEAR LINEAR LINEAR LINEAR LINEAR LINEAR LINEAR LINEAR LINEAR
LINEAR LINEAR LINEAR LINEAR LINEAR LINEAR LINEAR LINEAR LINEAR LINEAR LINEAR LINEAR
LINEAR LINEAR LINEAR</Name_array>
        <technique_common>
          <accessor source="#mixamorig_LeftHandPinky2-Interpolations-array" count="50">
            <param type="name"/>
          </accessor>
        </technique_common>
      </source>
      <sampler id="mixamorig_LeftHandPinky2-Matrix-animation-transform">
        <input semantic="INPUT" source="#mixamorig_LeftHandPinky2-Matrix-animation-input"/>
        <input semantic="OUTPUT" source="#mixamorig_LeftHandPinky2-Matrix-animation-output-transform"/>
        <input semantic="INTERPOLATION" source="#mixamorig_LeftHandPinky2-Interpolations"/>
      </sampler>
      <channel source="#mixamorig_LeftHandPinky2-Matrix-animation-transform" target="mixamorig_LeftHandPinky2/matrix"/>
    </animation>
    <animation id="mixamorig_LeftHandPinky3-anim" name="mixamorig_LeftHandPinky3">
      <source id="mixamorig_LeftHandPinky3-Matrix-animation-input">
        <float_array id="mixamorig_LeftHandPinky3-Matrix-animation-input-array" count="50">

0.000000 0.033333 0.066667 0.100000 0.133333 0.166667 0.200000 0.233333 0.266667 0.300000 0.333333 0.366667 0.400000 0.433333 0.466667 0.500000
0.533333 0.566667 0.600000 0.633333 0.666667 0.700000 0.733333 0.766667 0.800000 0.833333 0.866667 0.900000 0.933333 0.966667 1.000000 1.033333
1.066667 1.100000 1.133333 1.166667 1.200000 1.233333 1.266667 1.300000 1.333333 1.366667 1.400000 1.433333 1.466667 1.500000 1.533333 1.566667
1.600000 1.633333</float_array>
        <technique_common>
          <accessor source="#mixamorig_LeftHandPinky3-Matrix-animation-input-array" count="50">
            <param name="TIME" type="float"/>
          </accessor>
        </technique_common>
      </source>
      <source id="mixamorig_LeftHandPinky3-Matrix-animation-output-transform">
        <float_array id="mixamorig_LeftHandPinky3-Matrix-animation-output-transform-array" count="800">

0.999862 -0.016455 -0.002116 -0.000000 0.014022 0.906317 -0.422365 1.540600 0.008868 0.422277 0.906423 0.000000 0.000000 0.000000 0.000000 1.000000
0.999862 -0.016455 -0.002117 -0.000000 0.014021 0.906317 -0.422365 1.540600 0.008868 0.422277 0.906423 0.000000 0.000000 0.000000 0.000000 1.000000
0.999862 -0.016455 -0.002116 -0.000000 0.014022 0.906317 -0.422365 1.540600 0.008868 0.422277 0.906423 0.000000 0.000000 0.000000 0.000000 1.000000
0.999862 -0.016455 -0.002117 0.000000 0.014022 0.906317 -0.422365 1.540600 0.008868 0.422277 0.906423 0.000000 0.000000 0.000000 0.000000 1.000000
0.999862 -0.016455 -0.002116 0.000000 0.014022 0.906318 -0.422365 1.540600 0.008868 0.422277 0.906424 -0.000000 0.000000 0.000000 0.000000 1.000000
0.999862 -0.016455 -0.002116 0.000000 0.014021 0.906317 -0.422365 1.540600 0.008868 0.422277 0.906423 0.000000 0.000000 0.000000 0.000000 1.000000
0.999862 -0.016455 -0.002116 0.000000 0.014021 0.906317 -0.422365 1.540600 0.008868 0.422277 0.906423 0.000000 0.000000 0.000000 0.000000 1.000000
0.999862 -0.016455 -0.002116 0.000000 0.014022 0.906317 -0.422366 1.540600 0.008868 0.422278 0.906423 0.000000 0.000000 0.000000 0.000000 1.000000
0.999862 -0.016455 -0.002117 0.000000 0.014021 0.906318 -0.422365 1.540600 0.008868 0.422277 0.906424 -0.000000 0.000000 0.000000 0.000000 1.000000
0.999862 -0.016455 -0.002116 0.000000 0.014022 0.906317 -0.422365 1.540600 0.008868 0.422277 0.906423 -0.000000 0.000000 0.000000 0.000000 1.000000
0.999862 -0.016455 -0.002116 -0.000000 0.014021 0.906317 -0.422365 1.540600 0.008868 0.422277 0.906423 -0.000000 0.000000 0.000000 0.000000 1.000000
0.999862 -0.016455 -0.002116 0.000000 0.014021 0.906317 -0.422365 1.540600 0.008868 0.422277 0.906423 -0.000000 0.000000 0.000000 0.000000 1.000000
0.999862 -0.016456 -0.002116 -0.000000 0.014022 0.906317 -0.422365 1.540600 0.008868 0.422277 0.906423 0.000000 0.000000 0.000000 0.000000 1.000000
0.999862 -0.016455 -0.002116 0.000000 0.014021 0.906317 -0.422366 1.540600 0.008868 0.422278 0.906423 0.000000 0.000000 0.000000 0.000000 1.000000
0.999862 -0.016454 -0.002116 0.000000 0.014021 0.906317 -0.422365 1.540600 0.008868 0.422278 0.906423 0.000000 0.000000 0.000000 0.000000 1.000000
0.999862 -0.016455 -0.002117 0.000000 0.014022 0.906317 -0.422365 1.540600 0.008869 0.422277 0.906423 -0.000000 0.000000 0.000000 0.000000 1.000000
0.999862 -0.016456 -0.002116 0.000000 0.014022 0.906317 -0.422365 1.540600 0.008868 0.422277 0.906423 0.000000 0.000000 0.000000 0.000000 1.000000
0.999862 -0.016455 -0.002117 -0.000000 0.014022 0.906317 -0.422366 1.540600 0.008869 0.422278 0.906423 0.000000 0.000000 0.000000 0.000000 1.000000
0.999862 -0.016455 -0.002116 0.000000 0.014022 0.906318 -0.422365 1.540600 0.008868 0.422277 0.906424 0.000000 0.000000 0.000000 0.000000 1.000000
0.999862 -0.016455 -0.002117 -0.000000 0.014022 0.906318 -0.422365 1.540600 0.008868 0.422277 0.906424 0.000000 0.000000 0.000000 0.000000 1.000000
0.999862 -0.016455 -0.002116 0.000000 0.014022 0.906317 -0.422365 1.540600 0.008868 0.422277 0.906423 0.000000 0.000000 0.000000 0.000000 1.000000
0.999862 -0.016455 -0.002117 -0.000000 0.014021 0.906317 -0.422365 1.540600 0.008869 0.422278 0.906423 0.000000 0.000000 0.000000 0.000000 1.000000
0.999862 -0.016455 -0.002116 0.000000 0.014021 0.906317 -0.422365 1.540600 0.008868 0.422277 0.906423 0.000000 0.000000 0.000000 0.000000 1.000000
0.999862 -0.016455 -0.002116 -0.000000 0.014021 0.906317 -0.422365 1.540600 0.008868 0.422277 0.906423 -0.000000 0.000000 0.000000 0.000000 1.000000
0.999862 -0.016455 -0.002117 0.000000 0.014021 0.906318 -0.422365 1.540600 0.008868 0.422277 0.906424 0.000000 0.000000 0.000000 0.000000 1.000000
0.999862 -0.016454 -0.002117 0.000000 0.014021 0.906317 -0.422365 1.540600 0.008868 0.422277 0.906423 0.000000 0.000000 0.000000 0.000000 1.000000
0.999862 -0.016455 -0.002117 0.000000 0.014021 0.906317 -0.422365 1.540600 0.008868 0.422277 0.906423 0.000000 0.000000 0.000000 0.000000 1.000000
0.999862 -0.016455 -0.002116 0.000000 0.014021 0.906317 -0.422365 1.540600 0.008868 0.422277 0.906423 0.000000 0.000000 0.000000 0.000000 1.000000
0.999862 -0.016455 -0.002116 -0.000000 0.014022 0.906317 -0.422365 1.540600 0.008868 0.422277 0.906423 -0.000000 0.000000 0.000000 0.000000 1.000000
0.999862 -0.016454 -0.002117 -0.000000 0.014020 0.906317 -0.422365 1.540600 0.008868 0.422277 0.906423 0.000000 0.000000 0.000000 0.000000 1.000000
0.999862 -0.016455 -0.002117 -0.000000 0.014021 0.906317 -0.422366 1.540600 0.008868 0.422278 0.906423 0.000000 0.000000 0.000000 0.000000 1.000000
0.999862 -0.016455 -0.002117 0.000000 0.014021 0.906317 -0.422365 1.540600 0.008868 0.422277 0.906423 -0.000000 0.000000 0.000000 0.000000 1.000000
0.999862 -0.016455 -0.002116 0.000000 0.014021 0.906317 -0.422365 1.540600 0.008868 0.422277 0.906423 0.000000 0.000000 0.000000 0.000000 1.000000
0.999862 -0.016455 -0.002117 -0.000000 0.014021 0.906317 -0.422365 1.540600 0.008868 0.422277 0.906423 0.000000 0.000000 0.000000 0.000000 1.000000
0.999862 -0.016455 -0.002116 0.000000 0.014022 0.906318 -0.422364 1.540600 0.008868 0.422276 0.906424 0.000000 0.000000 0.000000 0.000000 1.000000
0.999862 -0.016455 -0.002117 0.000000 0.014021 0.906317 -0.422365 1.540600 0.008868 0.422277 0.906423 0.000000 0.000000 0.000000 0.000000 1.000000
0.999862 -0.016454 -0.002117 0.000000 0.014021 0.906317 -0.422365 1.540600 0.008868 0.422277 0.906423 -0.000000 0.000000 0.000000 0.000000 1.000000
0.999862 -0.016455 -0.002116 0.000000 0.014022 0.906318 -0.422365 1.540600 0.008868 0.422277 0.906424 0.000000 0.000000 0.000000 0.000000 1.000000
0.999862 -0.016455 -0.002117 0.000000 0.014022 0.906317 -0.422365 1.540600 0.008869 0.422277 0.906423 0.000000 0.000000 0.000000 0.000000 1.000000
0.999862 -0.016454 -0.002116 0.000000 0.014021 0.906317 -0.422365 1.540600 0.008868 0.422277 0.906423 -0.000000 0.000000 0.000000 0.000000 1.000000
0.999862 -0.016454 -0.002116 0.000000 0.014021 0.906317 -0.422365 1.540600 0.008868 0.422277 0.906423 0.000000 0.000000 0.000000 0.000000 1.000000
0.999862 -0.016455 -0.002117 0.000000 0.014021 0.906317 -0.422365 1.540600 0.008868 0.422277 0.906423 0.000000 0.000000 0.000000 0.000000 1.000000
0.999862 -0.016455 -0.002116 0.000000 0.014021 0.906317 -0.422365 1.540600 0.008868 0.422277 0.906423 -0.000000 0.000000 0.000000 0.000000 1.000000
0.999862 -0.016455 -0.002116 0.000000 0.014022 0.906317 -0.422365 1.540600 0.008868 0.422278 0.906423 -0.000000 0.000000 0.000000 0.000000 1.000000
0.999862 -0.016455 -0.002116 0.000000 0.014022 0.906318 -0.422365 1.540600 0.008868 0.422277 0.906424 0.000000 0.000000 0.000000 0.000000 1.000000
0.999862 -0.016455 -0.002116 0.000000 0.014022 0.906317 -0.422365 1.540600 0.008867 0.422277 0.906423 -0.000000 0.000000 0.000000 0.000000 1.000000
0.999862 -0.016455 -0.002117 0.000000 0.014021 0.906318 -0.422365 1.540600 0.008868 0.422277 0.906424 0.000000 0.000000 0.000000 0.000000 1.000000
0.999862 -0.016455 -0.002116 0.000000 0.014021 0.906317 -0.422365 1.540600 0.008868 0.422278 0.906423 0.000000 0.000000 0.000000 0.000000 1.000000
0.999862 -0.016455 -0.002117 0.000000 0.014021 0.906318 -0.422365 1.540600 0.008869 0.422277 0.906423 -0.000000 0.000000 0.000000 0.000000 1.000000
0.999862 -0.016455 -0.002116 0.000000 0.014021 0.906317 -0.422365 1.540600 0.008868 0.422277 0.906423 0.000000 0.000000 0.000000 0.000000 1.000000</float_array>
        <technique_common>
          <accessor source="#mixamorig_LeftHandPinky3-Matrix-animation-output-transform-array" count="50" stride="16">
            <param type="float4x4"/>
          </accessor>
        </technique_common>
      </source>
      <source id="mixamorig_LeftHandPinky3-Interpolations">
        <Name_array id="mixamorig_LeftHandPinky3-Interpolations-array" count="50">
 LINEAR LINEAR LINEAR LINEAR LINEAR LINEAR LINEAR LINEAR LINEAR LINEAR LINEAR
LINEAR LINEAR LINEAR LINEAR LINEAR LINEAR LINEAR LINEAR LINEAR LINEAR LINEAR LINEAR
LINEAR LINEAR LINEAR LINEAR LINEAR LINEAR LINEAR LINEAR LINEAR LINEAR LINEAR LINEAR
LINEAR LINEAR LINEAR LINEAR LINEAR LINEAR LINEAR LINEAR LINEAR LINEAR LINEAR LINEAR
LINEAR LINEAR LINEAR</Name_array>
        <technique_common>
          <accessor source="#mixamorig_LeftHandPinky3-Interpolations-array" count="50">
            <param type="name"/>
          </accessor>
        </technique_common>
      </source>
      <sampler id="mixamorig_LeftHandPinky3-Matrix-animation-transform">
        <input semantic="INPUT" source="#mixamorig_LeftHandPinky3-Matrix-animation-input"/>
        <input semantic="OUTPUT" source="#mixamorig_LeftHandPinky3-Matrix-animation-output-transform"/>
        <input semantic="INTERPOLATION" source="#mixamorig_LeftHandPinky3-Interpolations"/>
      </sampler>
      <channel source="#mixamorig_LeftHandPinky3-Matrix-animation-transform" target="mixamorig_LeftHandPinky3/matrix"/>
    </animation>
    <animation id="mixamorig_RightShoulder-anim" name="mixamorig_RightShoulder">
      <source id="mixamorig_RightShoulder-Matrix-animation-input">
        <float_array id="mixamorig_RightShoulder-Matrix-animation-input-array" count="50">

0.000000 0.033333 0.066667 0.100000 0.133333 0.166667 0.200000 0.233333 0.266667 0.300000 0.333333 0.366667 0.400000 0.433333 0.466667 0.500000
0.533333 0.566667 0.600000 0.633333 0.666667 0.700000 0.733333 0.766667 0.800000 0.833333 0.866667 0.900000 0.933333 0.966667 1.000000 1.033333
1.066667 1.100000 1.133333 1.166667 1.200000 1.233333 1.266667 1.300000 1.333333 1.366667 1.400000 1.433333 1.466667 1.500000 1.533333 1.566667
1.600000 1.633333</float_array>
        <technique_common>
          <accessor source="#mixamorig_RightShoulder-Matrix-animation-input-array" count="50">
            <param name="TIME" type="float"/>
          </accessor>
        </technique_common>
      </source>
      <source id="mixamorig_RightShoulder-Matrix-animation-output-transform">
        <float_array id="mixamorig_RightShoulder-Matrix-animation-output-transform-array" count="800">

0.282476 -0.923901 0.258096 -6.728800 0.032494 -0.259684 -0.965147 11.756700 0.958724 0.281017 -0.043333 -2.058500 0.000000 0.000000 0.000000 1.000000
0.276715 -0.924811 0.261061 -6.728800 0.032955 -0.262377 -0.964403 11.756700 0.960387 0.275469 -0.042126 -2.058500 0.000000 0.000000 0.000000 1.000000
0.266775 -0.926679 0.264758 -6.728800 0.033323 -0.265681 -0.963485 11.756700 0.963183 0.265856 -0.039997 -2.058500 0.000000 0.000000 0.000000 1.000000
0.266134 -0.926495 0.266044 -6.728800 0.033565 -0.266923 -0.963133 11.756700 0.963351 0.265252 -0.039940 -2.058500 0.000000 0.000000 0.000000 1.000000
0.261659 -0.928591 0.263162 -6.728800 0.032463 -0.264039 -0.963965 11.756700 0.964614 0.260773 -0.038943 -2.058500 0.000000 0.000000 0.000000 1.000000
0.260363 -0.930251 0.258545 -6.728800 0.032277 -0.259244 -0.965272 11.756700 0.964971 0.259666 -0.037472 -2.058500 0.000000 0.000000 0.000000 1.000000
0.256233 -0.932545 0.254372 -6.728800 0.031144 -0.255056 -0.966425 11.756700 0.966113 0.255552 -0.036310 -2.058500 0.000000 0.000000 0.000000 1.000000
0.261024 -0.932739 0.248726 -6.728800 0.030657 -0.249519 -0.967885 11.756700 0.964845 0.260266 -0.036536 -2.058500 0.000000 0.000000 0.000000 1.000000
0.259550 -0.933144 0.248749 -6.728800 0.031133 -0.249357 -0.967911 11.756700 0.965228 0.258966 -0.035670 -2.058500 0.000000 0.000000 0.000000 1.000000
0.263433 -0.932153 0.248383 -6.728800 0.031157 -0.249122 -0.967971 11.756700 0.964174 0.262734 -0.036583 -2.058500 0.000000 0.000000 0.000000 1.000000
0.257511 -0.932753 0.252309 -6.728800 0.031044 -0.252994 -0.966970 11.756700 0.965776 0.256838 -0.036192 -2.058500 0.000000 0.000000 0.000000 1.000000
0.254184 -0.932863 0.255259 -6.728800 0.030972 -0.255941 -0.966196 11.756700 0.966660 0.253497 -0.036163 -2.058500 0.000000 0.000000 0.000000 1.000000
0.253179 -0.932523 0.257491 -6.728800 0.031198 -0.258154 -0.965600 11.756700 0.966916 0.252502 -0.036267 -2.058500 0.000000 0.000000 0.000000 1.000000
0.252622 -0.932093 0.259585 -6.728800 0.031552 -0.260209 -0.965037 11.756700 0.967050 0.251980 -0.036326 -2.058500 0.000000 0.000000 0.000000 1.000000
0.252243 -0.932000 0.260288 -6.728800 0.031445 -0.260950 -0.964840 11.756700 0.967153 0.251559 -0.036516 -2.058500 0.000000 0.000000 0.000000 1.000000
0.252444 -0.931116 0.263239 -6.728800 0.031801 -0.263920 -0.964020 11.756700 0.967089 0.251732 -0.037014 -2.058500 0.000000 0.000000 0.000000 1.000000
0.259281 -0.929121 0.263644 -6.728800 0.031952 -0.264578 -0.963835 11.756700 0.965273 0.258328 -0.038912 -2.058500 0.000000 0.000000 0.000000 1.000000
0.258477 -0.928519 0.266537 -6.728800 0.032342 -0.267441 -0.963031 11.756700 0.965476 0.257542 -0.039097 -2.058500 0.000000 0.000000 0.000000 1.000000
0.257214 -0.927647 0.270763 -6.728800 0.032542 -0.271717 -0.961827 11.756700 0.965806 0.256206 -0.039702 -2.058500 0.000000 0.000000 0.000000 1.000000
0.258329 -0.926266 0.274403 -6.728800 0.032399 -0.275577 -0.960733 11.756700 0.965514 0.257075 -0.041179 -2.058500 0.000000 0.000000 0.000000 1.000000
0.259313 -0.925503 0.276046 -6.728800 0.032249 -0.277366 -0.960223 11.756700 0.965255 0.257901 -0.042078 -2.058500 0.000000 0.000000 0.000000 1.000000
0.259866 -0.925577 0.275276 -6.728800 0.032272 -0.276586 -0.960447 11.756700 0.965105 0.258471 -0.042006 -2.058500 0.000000 0.000000 0.000000 1.000000
0.256836 -0.925598 0.278036 -6.728800 0.032089 -0.279360 -0.959650 11.756700 0.965922 0.255394 -0.042048 -2.058500 0.000000 0.000000 0.000000 1.000000
0.256587 -0.924550 0.281728 -6.728800 0.032286 -0.283125 -0.958540 11.756700 0.965982 0.255045 -0.042796 -2.058500 0.000000 0.000000 0.000000 1.000000
0.253867 -0.924793 0.283388 -6.728800 0.032155 -0.284755 -0.958061 11.756700 0.966704 0.252332 -0.042553 -2.058500 0.000000 0.000000 0.000000 1.000000
0.253252 -0.925149 0.282778 -6.728800 0.032154 -0.284096 -0.958257 11.756700 0.966866 0.251773 -0.042200 -2.058500 0.000000 0.000000 0.000000 1.000000
0.256067 -0.925127 0.280302 -6.728800 0.031922 -0.281719 -0.958966 11.756700 0.966132 0.254507 -0.042607 -2.058500 0.000000 0.000000 0.000000 1.000000
0.257696 -0.924790 0.279923 -6.728800 0.032006 -0.281378 -0.959063 11.756700 0.965696 0.256106 -0.042911 -2.058500 0.000000 0.000000 0.000000 1.000000
0.259888 -0.924057 0.280316 -6.728800 0.032110 -0.281860 -0.958918 11.756700 0.965105 0.258212 -0.043581 -2.058500 0.000000 0.000000 0.000000 1.000000
0.260967 -0.922505 0.284396 -6.728800 0.032607 -0.286013 -0.957671 11.756700 0.964797 0.259194 -0.044560 -2.058500 0.000000 0.000000 0.000000 1.000000
0.264082 -0.919602 0.290848 -6.728800 0.033447 -0.292640 -0.955638 11.756700 0.963920 0.262094 -0.046523 -2.058500 0.000000 0.000000 0.000000 1.000000
0.264985 -0.918137 0.294630 -6.728800 0.033859 -0.296505 -0.954431 11.756700 0.963658 0.262886 -0.047483 -2.058500 0.000000 0.000000 0.000000 1.000000
0.265143 -0.917867 0.295330 -6.728800 0.033969 -0.297210 -0.954208 11.756700 0.963611 0.263034 -0.047624 -2.058500 0.000000 0.000000 0.000000 1.000000
0.266758 -0.918048 0.293306 -6.728800 0.034040 -0.295169 -0.954838 11.756700 0.963162 0.264694 -0.047489 -2.058500 0.000000 0.000000 0.000000 1.000000
0.269559 -0.918400 0.289617 -6.728800 0.034051 -0.291472 -0.955973 11.756700 0.962382 0.267553 -0.047297 -2.058500 0.000000 0.000000 0.000000 1.000000
0.273638 -0.918232 0.286307 -6.728800 0.034234 -0.288182 -0.956964 11.756700 0.961223 0.271663 -0.047423 -2.058500 0.000000 0.000000 0.000000 1.000000
0.279277 -0.918024 0.281489 -6.728800 0.034212 -0.283454 -0.958375 11.756700 0.959601 0.277282 -0.047754 -2.058500 0.000000 0.000000 0.000000 1.000000
0.281741 -0.918364 0.277903 -6.728800 0.034662 -0.279705 -0.959460 11.756700 0.958864 0.279951 -0.046972 -2.058500 0.000000 0.000000 0.000000 1.000000
0.285358 -0.918615 0.273344 -6.728800 0.034760 -0.275095 -0.960788 11.756700 0.957790 0.283670 -0.046570 -2.058500 0.000000 0.000000 0.000000 1.000000
0.286584 -0.919288 0.269776 -6.728800 0.034439 -0.271521 -0.961816 11.756700 0.957436 0.284932 -0.046154 -2.058500 0.000000 0.000000 0.000000 1.000000
0.286492 -0.920047 0.267276 -6.728800 0.034073 -0.269009 -0.962535 11.756700 0.957477 0.284865 -0.045720 -2.058500 0.000000 0.000000 0.000000 1.000000
0.285697 -0.920972 0.264931 -6.728800 0.033661 -0.266639 -0.963209 11.756700 0.957729 0.284103 -0.045177 -2.058500 0.000000 0.000000 0.000000 1.000000
0.284222 -0.922475 0.261261 -6.728800 0.033081 -0.262901 -0.964255 11.756700 0.958188 0.282705 -0.044206 -2.058500 0.000000 0.000000 0.000000 1.000000
0.282276 -0.923914 0.258270 -6.728800 0.032476 -0.259861 -0.965100 11.756700 0.958784 0.280812 -0.043348 -2.058500 0.000000 0.000000 0.000000 1.000000
0.281727 -0.924390 0.257163 -6.728800 0.032156 -0.258772 -0.965403 11.756700 0.958956 0.280250 -0.043178 -2.058500 0.000000 0.000000 0.000000 1.000000
0.281582 -0.924545 0.256765 -6.728800 0.032043 -0.258383 -0.965511 11.756700 0.959002 0.280098 -0.043131 -2.058500 0.000000 0.000000 0.000000 1.000000
0.281578 -0.924499 0.256934 -6.728800 0.032089 -0.258546 -0.965466 11.756700 0.959002 0.280099 -0.043135 -2.058500 0.000000 0.000000 0.000000 1.000000
0.282668 -0.923958 0.257683 -6.728800 0.032378 -0.259295 -0.965255 11.756700 0.958671 0.281190 -0.043378 -2.058500 0.000000 0.000000 0.000000 1.000000
0.281557 -0.924175 0.258121 -6.728800 0.032413 -0.259690 -0.965148 11.756700 0.958997 0.280111 -0.043162 -2.058500 0.000000 0.000000 0.000000 1.000000
0.282637 -0.923888 0.257967 -6.728800 0.032454 -0.259568 -0.965179 11.756700 0.958678 0.281168 -0.043379 -2.058500 0.000000 0.000000 0.000000 1.000000</float_array>
        <technique_common>
          <accessor source="#mixamorig_RightShoulder-Matrix-animation-output-transform-array" count="50" stride="16">
            <param type="float4x4"/>
          </accessor>
        </technique_common>
      </source>
      <source id="mixamorig_RightShoulder-Interpolations">
        <Name_array id="mixamorig_RightShoulder-Interpolations-array" count="50">
 LINEAR LINEAR LINEAR LINEAR LINEAR LINEAR LINEAR LINEAR LINEAR LINEAR LINEAR
LINEAR LINEAR LINEAR LINEAR LINEAR LINEAR LINEAR LINEAR LINEAR LINEAR LINEAR LINEAR
LINEAR LINEAR LINEAR LINEAR LINEAR LINEAR LINEAR LINEAR LINEAR LINEAR LINEAR LINEAR
LINEAR LINEAR LINEAR LINEAR LINEAR LINEAR LINEAR LINEAR LINEAR LINEAR LINEAR LINEAR
LINEAR LINEAR LINEAR</Name_array>
        <technique_common>
          <accessor source="#mixamorig_RightShoulder-Interpolations-array" count="50">
            <param type="name"/>
          </accessor>
        </technique_common>
      </source>
      <sampler id="mixamorig_RightShoulder-Matrix-animation-transform">
        <input semantic="INPUT" source="#mixamorig_RightShoulder-Matrix-animation-input"/>
        <input semantic="OUTPUT" source="#mixamorig_RightShoulder-Matrix-animation-output-transform"/>
        <input semantic="INTERPOLATION" source="#mixamorig_RightShoulder-Interpolations"/>
      </sampler>
      <channel source="#mixamorig_RightShoulder-Matrix-animation-transform" target="mixamorig_RightShoulder/matrix"/>
    </animation>
    <animation id="mixamorig_RightArm-anim" name="mixamorig_RightArm">
      <source id="mixamorig_RightArm-Matrix-animation-input">
        <float_array id="mixamorig_RightArm-Matrix-animation-input-array" count="50">

0.000000 0.033333 0.066667 0.100000 0.133333 0.166667 0.200000 0.233333 0.266667 0.300000 0.333333 0.366667 0.400000 0.433333 0.466667 0.500000
0.533333 0.566667 0.600000 0.633333 0.666667 0.700000 0.733333 0.766667 0.800000 0.833333 0.866667 0.900000 0.933333 0.966667 1.000000 1.033333
1.066667 1.100000 1.133333 1.166667 1.200000 1.233333 1.266667 1.300000 1.333333 1.366667 1.400000 1.433333 1.466667 1.500000 1.533333 1.566667
1.600000 1.633333</float_array>
        <technique_common>
          <accessor source="#mixamorig_RightArm-Matrix-animation-input-array" count="50">
            <param name="TIME" type="float"/>
          </accessor>
        </technique_common>
      </source>
      <source id="mixamorig_RightArm-Matrix-animation-output-transform">
        <float_array id="mixamorig_RightArm-Matrix-animation-output-transform-array" count="800">

0.982097 0.102322 0.158162 -0.000000 0.000232 0.838958 -0.544196 14.448800 -0.188374 0.534490 0.823915 0.000000 0.000000 0.000000 0.000000 1.000000
0.980475 0.096234 0.171484 0.000000 0.014060 0.835524 -0.549274 14.448800 -0.196138 0.540960 0.817858 -0.000000 0.000000 0.000000 0.000000 1.000000
0.976735 0.083574 0.197495 0.000000 0.041034 0.831083 -0.554632 14.448800 -0.210487 0.549833 0.808319 0.000000 0.000000 0.000000 0.000000 1.000000
0.968917 0.057501 0.240610 -0.000000 0.089685 0.824801 -0.558265 14.448800 -0.230556 0.562491 0.794007 0.000000 0.000000 0.000000 0.000000 1.000000
0.957105 0.036019 0.287494 0.000000 0.138336 0.815038 -0.562651 14.448800 -0.254585 0.578286 0.775094 0.000000 0.000000 0.000000 0.000000 1.000000
0.941812 0.005152 0.336099 0.000000 0.195148 0.805743 -0.559191 14.448800 -0.273691 0.592242 0.757854 0.000000 0.000000 0.000000 0.000000 1.000000
0.924479 -0.020525 0.380679 0.000000 0.245278 0.796457 -0.552716 14.448800 -0.291850 0.604347 0.741342 0.000000 0.000000 0.000000 0.000000 1.000000
0.907049 -0.030053 0.419951 0.000000 0.279025 0.789860 -0.546138 14.448800 -0.315289 0.612551 0.724827 0.000000 0.000000 0.000000 0.000000 1.000000
0.887773 -0.044498 0.458126 -0.000000 0.318302 0.778310 -0.541219 14.448800 -0.332481 0.626302 0.705126 0.000000 0.000000 0.000000 0.000000 1.000000
0.868570 -0.044666 0.493549 0.000000 0.348369 0.763356 -0.543991 14.448800 -0.352456 0.644432 0.678589 0.000000 0.000000 0.000000 0.000000 1.000000
0.855543 -0.020934 0.517309 0.000000 0.356785 0.747885 -0.559797 14.448800 -0.375169 0.663499 0.647316 0.000000 0.000000 0.000000 0.000000 1.000000
0.849027 0.012163 0.528209 -0.000000 0.351639 0.733153 -0.582097 14.448800 -0.394338 0.679955 0.618190 -0.000000 0.000000 0.000000 0.000000 1.000000
0.849010 0.054647 0.525543 0.000000 0.328173 0.724994 -0.605546 14.448800 -0.414106 0.686584 0.597594 0.000000 0.000000 0.000000 0.000000 1.000000
0.853821 0.101305 0.510615 0.000000 0.287951 0.725246 -0.625382 14.448800 -0.433676 0.680996 0.590059 0.000000 0.000000 0.000000 0.000000 1.000000
0.864089 0.144379 0.482188 0.000000 0.235161 0.731197 -0.640351 14.448800 -0.445028 0.666712 0.597867 -0.000000 0.000000 0.000000 0.000000 1.000000
0.874336 0.186455 0.448075 0.000000 0.173242 0.742521 -0.647031 14.448800 -0.453347 0.643348 0.616911 0.000000 0.000000 0.000000 0.000000 1.000000
0.886113 0.217586 0.409220 0.000000 0.113447 0.754260 -0.646701 14.448800 -0.449371 0.619475 0.643674 0.000000 0.000000 0.000000 0.000000 1.000000
0.893086 0.254222 0.371172 0.000000 0.048662 0.765607 -0.641466 14.448800 -0.447247 0.590946 0.671382 0.000000 0.000000 0.000000 0.000000 1.000000
0.897287 0.286470 0.335873 -0.000000 -0.011451 0.775693 -0.631006 14.448800 -0.441299 0.562348 0.699300 0.000000 0.000000 0.000000 0.000000 1.000000
0.900375 0.313575 0.301653 0.000000 -0.066450 0.784238 -0.616892 14.448800 -0.430010 0.535389 0.726946 0.000000 0.000000 0.000000 0.000000 1.000000
0.902378 0.337355 0.268153 0.000000 -0.116480 0.790016 -0.601919 14.448800 -0.414906 0.511924 0.752188 0.000000 0.000000 0.000000 0.000000 1.000000
0.903557 0.357352 0.236397 0.000000 -0.160230 0.793509 -0.587086 14.448800 -0.397380 0.492588 0.774240 0.000000 0.000000 0.000000 0.000000 1.000000
0.901957 0.378135 0.208537 0.000000 -0.200844 0.794852 -0.572601 14.448800 -0.382277 0.474578 0.792868 -0.000000 0.000000 0.000000 0.000000 1.000000
0.902104 0.387072 0.190744 -0.000000 -0.223673 0.797448 -0.560399 14.448800 -0.369023 0.462874 0.805959 0.000000 0.000000 0.000000 0.000000 1.000000
0.900490 0.396196 0.179293 0.000000 -0.239353 0.795759 -0.556307 14.448800 -0.363081 0.458034 0.811404 0.000000 0.000000 0.000000 0.000000 1.000000
0.898750 0.402545 0.173800 0.000000 -0.246446 0.791626 -0.559100 14.448800 -0.362648 0.459659 0.810679 0.000000 0.000000 0.000000 0.000000 1.000000
0.899581 0.401681 0.171483 -0.000000 -0.244774 0.788850 -0.563739 14.448800 -0.361718 0.465154 0.807955 0.000000 0.000000 0.000000 0.000000 1.000000
0.903222 0.394010 0.170137 0.000000 -0.237736 0.789383 -0.566000 14.448800 -0.357313 0.470776 0.806658 0.000000 0.000000 0.000000 0.000000 1.000000
0.910924 0.374821 0.172416 0.000000 -0.219841 0.794603 -0.565929 14.448800 -0.349125 0.477614 0.806224 -0.000000 0.000000 0.000000 0.000000 1.000000
0.921582 0.345247 0.177455 0.000000 -0.191620 0.802169 -0.565514 14.448800 -0.337591 0.487164 0.805421 -0.000000 0.000000 0.000000 0.000000 1.000000
0.933099 0.305255 0.190119 -0.000000 -0.151177 0.812646 -0.562808 14.448800 -0.326300 0.496414 0.804427 0.000000 0.000000 0.000000 0.000000 1.000000
0.940941 0.275823 0.196347 0.000000 -0.120241 0.814359 -0.567768 14.448800 -0.316501 0.510628 0.799429 0.000000 0.000000 0.000000 0.000000 1.000000
0.949076 0.246742 0.195890 0.000000 -0.094721 0.816492 -0.569534 14.448800 -0.300471 0.521976 0.798285 -0.000000 0.000000 0.000000 0.000000 1.000000
0.957144 0.220198 0.188120 -0.000000 -0.075792 0.817364 -0.571114 14.448800 -0.279520 0.532380 0.799024 0.000000 0.000000 0.000000 0.000000 1.000000
0.965691 0.194758 0.171783 -0.000000 -0.061617 0.814435 -0.576974 14.448800 -0.252277 0.546594 0.798494 -0.000000 0.000000 0.000000 0.000000 1.000000
0.974952 0.162842 0.151497 0.000000 -0.045184 0.811952 -0.581973 14.448800 -0.217778 0.560550 0.798972 0.000000 0.000000 0.000000 0.000000 1.000000
0.983104 0.121957 0.136500 0.000000 -0.019333 0.810725 -0.585108 14.448800 -0.182022 0.572583 0.799385 0.000000 0.000000 0.000000 0.000000 1.000000
0.987862 0.088767 0.127473 -0.000000 0.002314 0.812131 -0.583470 14.448800 -0.155318 0.576683 0.802068 0.000000 0.000000 0.000000 0.000000 1.000000
0.990308 0.058726 0.125866 -0.000000 0.025482 0.814010 -0.580292 14.448800 -0.136534 0.577875 0.804624 0.000000 0.000000 0.000000 0.000000 1.000000
0.990846 0.037868 0.129579 0.000000 0.043710 0.818159 -0.573329 14.448800 -0.127727 0.573744 0.809014 0.000000 0.000000 0.000000 0.000000 1.000000
0.990204 0.024119 0.137529 -0.000000 0.057893 0.825396 -0.561579 14.448800 -0.127061 0.564039 0.815914 -0.000000 0.000000 0.000000 0.000000 1.000000
0.988898 0.016974 0.147622 0.000000 0.067271 0.834678 -0.546614 14.448800 -0.132495 0.550477 0.824270 0.000000 0.000000 0.000000 0.000000 1.000000
0.987420 0.017228 0.157180 0.000000 0.069761 0.844608 -0.530821 14.448800 -0.141900 0.535108 0.832781 0.000000 0.000000 0.000000 0.000000 1.000000
0.986100 0.024267 0.164369 0.000000 0.065049 0.853919 -0.516324 14.448800 -0.152887 0.519839 0.840472 -0.000000 0.000000 0.000000 0.000000 1.000000
0.984934 0.036724 0.168987 0.000000 0.054346 0.861949 -0.504074 14.448800 -0.164169 0.505663 0.846967 0.000000 0.000000 0.000000 0.000000 1.000000
0.983449 0.055198 0.172574 -0.000000 0.038545 0.866928 -0.496940 14.448800 -0.177040 0.495367 0.850452 -0.000000 0.000000 0.000000 0.000000 1.000000
0.981849 0.075675 0.173913 -0.000000 0.021054 0.867797 -0.496472 14.448800 -0.188492 0.491122 0.850453 0.000000 0.000000 0.000000 0.000000 1.000000
0.980854 0.091563 0.171876 -0.000000 0.007589 0.863933 -0.503549 14.448800 -0.194596 0.495213 0.846698 0.000000 0.000000 0.000000 0.000000 1.000000
0.981604 0.099261 0.163097 -0.000000 0.001473 0.850272 -0.526342 14.448800 -0.190922 0.516899 0.834484 -0.000000 0.000000 0.000000 0.000000 1.000000
0.982097 0.102314 0.158169 0.000000 0.000242 0.838959 -0.544194 14.448800 -0.188376 0.534490 0.823915 -0.000000 0.000000 0.000000 0.000000 1.000000</float_array>
        <technique_common>
          <accessor source="#mixamorig_RightArm-Matrix-animation-output-transform-array" count="50" stride="16">
            <param type="float4x4"/>
          </accessor>
        </technique_common>
      </source>
      <source id="mixamorig_RightArm-Interpolations">
        <Name_array id="mixamorig_RightArm-Interpolations-array" count="50">
 LINEAR LINEAR LINEAR LINEAR LINEAR LINEAR LINEAR LINEAR LINEAR LINEAR LINEAR
LINEAR LINEAR LINEAR LINEAR LINEAR LINEAR LINEAR LINEAR LINEAR LINEAR LINEAR LINEAR
LINEAR LINEAR LINEAR LINEAR LINEAR LINEAR LINEAR LINEAR LINEAR LINEAR LINEAR LINEAR
LINEAR LINEAR LINEAR LINEAR LINEAR LINEAR LINEAR LINEAR LINEAR LINEAR LINEAR LINEAR
LINEAR LINEAR LINEAR</Name_array>
        <technique_common>
          <accessor source="#mixamorig_RightArm-Interpolations-array" count="50">
            <param type="name"/>
          </accessor>
        </technique_common>
      </source>
      <sampler id="mixamorig_RightArm-Matrix-animation-transform">
        <input semantic="INPUT" source="#mixamorig_RightArm-Matrix-animation-input"/>
        <input semantic="OUTPUT" source="#mixamorig_RightArm-Matrix-animation-output-transform"/>
        <input semantic="INTERPOLATION" source="#mixamorig_RightArm-Interpolations"/>
      </sampler>
      <channel source="#mixamorig_RightArm-Matrix-animation-transform" target="mixamorig_RightArm/matrix"/>
    </animation>
    <animation id="mixamorig_RightForeArm-anim" name="mixamorig_RightForeArm">
      <source id="mixamorig_RightForeArm-Matrix-animation-input">
        <float_array id="mixamorig_RightForeArm-Matrix-animation-input-array" count="50">

0.000000 0.033333 0.066667 0.100000 0.133333 0.166667 0.200000 0.233333 0.266667 0.300000 0.333333 0.366667 0.400000 0.433333 0.466667 0.500000
0.533333 0.566667 0.600000 0.633333 0.666667 0.700000 0.733333 0.766667 0.800000 0.833333 0.866667 0.900000 0.933333 0.966667 1.000000 1.033333
1.066667 1.100000 1.133333 1.166667 1.200000 1.233333 1.266667 1.300000 1.333333 1.366667 1.400000 1.433333 1.466667 1.500000 1.533333 1.566667
1.600000 1.633333</float_array>
        <technique_common>
          <accessor source="#mixamorig_RightForeArm-Matrix-animation-input-array" count="50">
            <param name="TIME" type="float"/>
          </accessor>
        </technique_common>
      </source>
      <source id="mixamorig_RightForeArm-Matrix-animation-output-transform">
        <float_array id="mixamorig_RightForeArm-Matrix-animation-output-transform-array" count="800">

0.829687 0.491812 0.264085 0.000000 -0.435015 0.866096 -0.246250 23.160299 -0.349832 0.089430 0.932534 -0.000000 0.000000 0.000000 0.000000 1.000000
0.842924 0.476706 0.249461 -0.000000 -0.421282 0.873183 -0.245100 23.160299 -0.334666 0.101507 0.936854 0.000000 0.000000 0.000000 0.000000 1.000000
0.858073 0.457937 0.232389 0.000000 -0.403176 0.881034 -0.247445 23.160299 -0.318057 0.118633 0.940620 0.000000 0.000000 0.000000 0.000000 1.000000
0.873293 0.438345 0.212633 0.000000 -0.383577 0.887707 -0.254646 23.160299 -0.300378 0.140820 0.943368 0.000000 0.000000 0.000000 0.000000 1.000000
0.891466 0.408523 0.195952 -0.000000 -0.354058 0.897967 -0.261337 23.160299 -0.282721 0.163595 0.945149 0.000000 0.000000 0.000000 0.000000 1.000000
0.904070 0.385336 0.184861 0.000000 -0.327688 0.902657 -0.278983 23.160299 -0.274369 0.191644 0.942335 0.000000 0.000000 0.000000 0.000000 1.000000
0.916043 0.359449 0.177936 0.000000 -0.298339 0.907176 -0.296692 23.160299 -0.268065 0.218698 0.938250 0.000000 0.000000 0.000000 0.000000 1.000000
0.932161 0.317524 0.173934 0.000000 -0.255198 0.917047 -0.306429 23.160299 -0.256805 0.241254 0.935867 0.000000 0.000000 0.000000 0.000000 1.000000
0.941875 0.291961 0.166226 -0.000000 -0.228484 0.919389 -0.320186 23.160299 -0.246308 0.263595 0.932658 -0.000000 0.000000 0.000000 0.000000 1.000000
0.952894 0.259713 0.156661 -0.000000 -0.199693 0.925978 -0.320448 23.160299 -0.228290 0.274069 0.934222 0.000000 0.000000 0.000000 0.000000 1.000000
0.962595 0.228058 0.146292 0.000000 -0.174493 0.934849 -0.309207 23.160299 -0.207278 0.272114 0.939675 0.000000 0.000000 0.000000 0.000000 1.000000
0.970169 0.201822 0.134311 0.000000 -0.155116 0.942550 -0.295868 23.160299 -0.186308 0.266209 0.945739 0.000000 0.000000 0.000000 0.000000 1.000000
0.975933 0.175428 0.129537 0.000000 -0.132842 0.949332 -0.284820 23.160299 -0.172939 0.260758 0.949788 0.000000 0.000000 0.000000 0.000000 1.000000
0.978379 0.154672 0.137296 -0.000000 -0.111572 0.953693 -0.279322 23.160299 -0.174142 0.257964 0.950331 0.000000 0.000000 0.000000 0.000000 1.000000
0.976138 0.155214 0.151867 0.000000 -0.107780 0.953434 -0.281685 23.160299 -0.188517 0.258595 0.947412 0.000000 0.000000 0.000000 0.000000 1.000000
0.972393 0.163690 0.166307 0.000000 -0.111607 0.952131 -0.284589 23.160299 -0.204930 0.258171 0.944114 0.000000 0.000000 0.000000 0.000000 1.000000
0.965015 0.194651 0.175661 -0.000000 -0.137785 0.946483 -0.291865 23.160299 -0.223072 0.257451 0.940190 0.000000 0.000000 0.000000 0.000000 1.000000
0.960726 0.218387 0.171212 0.000000 -0.161831 0.942123 -0.293624 23.160299 -0.225427 0.254385 0.940463 0.000000 0.000000 0.000000 0.000000 1.000000
0.955431 0.248636 0.159163 -0.000000 -0.194545 0.935792 -0.294016 23.160299 -0.222046 0.249948 0.942455 0.000000 0.000000 0.000000 0.000000 1.000000
0.948246 0.282963 0.144089 0.000000 -0.232411 0.927667 -0.292266 23.160299 -0.216367 0.243652 0.945420 0.000000 0.000000 0.000000 0.000000 1.000000
0.939234 0.320214 0.123703 0.000000 -0.275077 0.917643 -0.286816 23.160299 -0.205358 0.235360 0.949965 0.000000 0.000000 0.000000 0.000000 1.000000
0.925710 0.360881 0.113255 0.000000 -0.318044 0.904747 -0.283340 23.160299 -0.204719 0.226270 0.952309 0.000000 0.000000 0.000000 0.000000 1.000000
0.912170 0.395280 0.108169 -0.000000 -0.354707 0.893714 -0.274698 23.160299 -0.205254 0.212203 0.955427 0.000000 0.000000 0.000000 0.000000 1.000000
0.891916 0.440808 0.100869 -0.000000 -0.401282 0.874375 -0.272839 23.160299 -0.208467 0.202873 0.956757 0.000000 0.000000 0.000000 0.000000 1.000000
0.871598 0.480287 0.098186 0.000000 -0.441352 0.855985 -0.269255 23.160299 -0.213366 0.191347 0.958051 -0.000000 0.000000 0.000000 0.000000 1.000000
0.851767 0.513670 0.103135 -0.000000 -0.473854 0.839275 -0.266608 23.160299 -0.223507 0.178217 0.958271 0.000000 0.000000 0.000000 0.000000 1.000000
0.832810 0.542138 0.111865 0.000000 -0.501359 0.824382 -0.262743 23.160299 -0.234662 0.162730 0.958359 0.000000 0.000000 0.000000 0.000000 1.000000
0.813074 0.570272 0.117046 0.000000 -0.530426 0.808549 -0.254749 23.160299 -0.239914 0.145045 0.959898 0.000000 0.000000 0.000000 0.000000 1.000000
0.792026 0.598352 0.121122 -0.000000 -0.559953 0.791061 -0.246324 23.160299 -0.243203 0.127272 0.961589 0.000000 0.000000 0.000000 0.000000 1.000000
0.769585 0.626338 0.124256 0.000000 -0.589221 0.771558 -0.239828 23.160299 -0.246084 0.111354 0.962831 -0.000000 0.000000 0.000000 0.000000 1.000000
0.750486 0.648026 0.129742 -0.000000 -0.610336 0.754897 -0.240043 23.160299 -0.253496 0.100963 0.962053 0.000000 0.000000 0.000000 0.000000 1.000000
0.738682 0.658623 0.143402 0.000000 -0.620899 0.747661 -0.235559 23.160299 -0.262361 0.084966 0.961222 0.000000 0.000000 0.000000 0.000000 1.000000
0.729296 0.667087 0.152060 0.000000 -0.629714 0.741344 -0.232098 23.160299 -0.267558 0.073513 0.960733 0.000000 0.000000 0.000000 0.000000 1.000000
0.727205 0.666715 0.163290 -0.000000 -0.629662 0.742643 -0.228051 23.160299 -0.273311 0.063022 0.959859 -0.000000 0.000000 0.000000 0.000000 1.000000
0.733255 0.656251 0.177964 0.000000 -0.619908 0.752738 -0.221584 23.160299 -0.279375 0.052157 0.958764 0.000000 0.000000 0.000000 0.000000 1.000000
0.736681 0.648133 0.192937 0.000000 -0.611300 0.760255 -0.219830 23.160299 -0.289160 0.044003 0.956269 0.000000 0.000000 0.000000 0.000000 1.000000
0.733196 0.649051 0.202871 0.000000 -0.609637 0.759552 -0.226766 23.160299 -0.301274 0.042586 0.952586 0.000000 0.000000 0.000000 0.000000 1.000000
0.736585 0.642775 0.210436 -0.000000 -0.598963 0.764447 -0.238462 23.160299 -0.314144 0.049604 0.948078 0.000000 0.000000 0.000000 0.000000 1.000000
0.746001 0.629115 0.218395 -0.000000 -0.579821 0.774907 -0.251648 23.160299 -0.327552 0.061100 0.942856 0.000000 0.000000 0.000000 0.000000 1.000000
0.757687 0.611542 0.227876 0.000000 -0.555809 0.787675 -0.265791 23.160299 -0.342034 0.074731 0.936711 0.000000 0.000000 0.000000 0.000000 1.000000
0.767507 0.595233 0.237974 -0.000000 -0.531922 0.798532 -0.281790 23.160299 -0.357760 0.089692 0.929496 0.000000 0.000000 0.000000 0.000000 1.000000
0.775841 0.581665 0.244411 0.000000 -0.511256 0.806594 -0.296688 23.160299 -0.369714 0.105226 0.923168 0.000000 0.000000 0.000000 0.000000 1.000000
0.785256 0.568321 0.245733 -0.000000 -0.493045 0.814015 -0.307060 23.160299 -0.374539 0.119964 0.919418 0.000000 0.000000 0.000000 0.000000 1.000000
0.796529 0.552409 0.245737 -0.000000 -0.474303 0.822981 -0.312633 23.160299 -0.374938 0.132468 0.917537 0.000000 0.000000 0.000000 0.000000 1.000000
0.808919 0.532206 0.249814 -0.000000 -0.452157 0.834751 -0.314238 23.160299 -0.375772 0.141238 0.915886 0.000000 0.000000 0.000000 0.000000 1.000000
0.822936 0.507891 0.254603 0.000000 -0.428764 0.849222 -0.308193 23.160299 -0.372743 0.144458 0.916621 0.000000 0.000000 0.000000 0.000000 1.000000
0.829193 0.495784 0.258141 -0.000000 -0.420683 0.857618 -0.295833 23.160299 -0.368056 0.136707 0.919699 0.000000 0.000000 0.000000 0.000000 1.000000
0.825332 0.501152 0.260143 0.000000 -0.432130 0.857151 -0.280277 23.160299 -0.363444 0.118906 0.923997 0.000000 0.000000 0.000000 0.000000 1.000000
0.823952 0.502299 0.262296 -0.000000 -0.440340 0.858892 -0.261543 23.160299 -0.356657 0.100000 0.928868 -0.000000 0.000000 0.000000 0.000000 1.000000
0.829676 0.491810 0.264120 -0.000000 -0.435003 0.866097 -0.246268 23.160299 -0.349871 0.089430 0.932519 0.000000 0.000000 0.000000 0.000000 1.000000</float_array>
        <technique_common>
          <accessor source="#mixamorig_RightForeArm-Matrix-animation-output-transform-array" count="50" stride="16">
            <param type="float4x4"/>
          </accessor>
        </technique_common>
      </source>
      <source id="mixamorig_RightForeArm-Interpolations">
        <Name_array id="mixamorig_RightForeArm-Interpolations-array" count="50">
 LINEAR LINEAR LINEAR LINEAR LINEAR LINEAR LINEAR LINEAR LINEAR LINEAR LINEAR
LINEAR LINEAR LINEAR LINEAR LINEAR LINEAR LINEAR LINEAR LINEAR LINEAR LINEAR LINEAR
LINEAR LINEAR LINEAR LINEAR LINEAR LINEAR LINEAR LINEAR LINEAR LINEAR LINEAR LINEAR
LINEAR LINEAR LINEAR LINEAR LINEAR LINEAR LINEAR LINEAR LINEAR LINEAR LINEAR LINEAR
LINEAR LINEAR LINEAR</Name_array>
        <technique_common>
          <accessor source="#mixamorig_RightForeArm-Interpolations-array" count="50">
            <param type="name"/>
          </accessor>
        </technique_common>
      </source>
      <sampler id="mixamorig_RightForeArm-Matrix-animation-transform">
        <input semantic="INPUT" source="#mixamorig_RightForeArm-Matrix-animation-input"/>
        <input semantic="OUTPUT" source="#mixamorig_RightForeArm-Matrix-animation-output-transform"/>
        <input semantic="INTERPOLATION" source="#mixamorig_RightForeArm-Interpolations"/>
      </sampler>
      <channel source="#mixamorig_RightForeArm-Matrix-animation-transform" target="mixamorig_RightForeArm/matrix"/>
    </animation>
    <animation id="mixamorig_RightHand-anim" name="mixamorig_RightHand">
      <source id="mixamorig_RightHand-Matrix-animation-input">
        <float_array id="mixamorig_RightHand-Matrix-animation-input-array" count="50">

0.000000 0.033333 0.066667 0.100000 0.133333 0.166667 0.200000 0.233333 0.266667 0.300000 0.333333 0.366667 0.400000 0.433333 0.466667 0.500000
0.533333 0.566667 0.600000 0.633333 0.666667 0.700000 0.733333 0.766667 0.800000 0.833333 0.866667 0.900000 0.933333 0.966667 1.000000 1.033333
1.066667 1.100000 1.133333 1.166667 1.200000 1.233333 1.266667 1.300000 1.333333 1.366667 1.400000 1.433333 1.466667 1.500000 1.533333 1.566667
1.600000 1.633333</float_array>
        <technique_common>
          <accessor source="#mixamorig_RightHand-Matrix-animation-input-array" count="50">
            <param name="TIME" type="float"/>
          </accessor>
        </technique_common>
      </source>
      <source id="mixamorig_RightHand-Matrix-animation-output-transform">
        <float_array id="mixamorig_RightHand-Matrix-animation-output-transform-array" count="800">

0.997992 0.048662 -0.040534 0.000000 -0.043513 0.991886 0.119451 24.071699 0.046018 -0.117448 0.992012 0.000000 0.000000 0.000000 0.000000 1.000000
0.998423 0.040808 -0.038550 -0.000000 -0.036063 0.992518 0.116650 24.071699 0.043022 -0.115076 0.992425 0.000000 0.000000 0.000000 0.000000 1.000000
0.998583 0.037288 -0.037978 -0.000000 -0.032631 0.992642 0.116610 24.071699 0.042047 -0.115205 0.992451 0.000000 0.000000 0.000000 0.000000 1.000000
0.998618 0.036815 -0.037502 0.000000 -0.031960 0.991928 0.122712 24.071699 0.041717 -0.121344 0.991734 0.000000 0.000000 0.000000 0.000000 1.000000
0.998497 0.038379 -0.039131 -0.000000 -0.033076 0.991201 0.128164 24.071699 0.043705 -0.126677 0.990981 0.000000 0.000000 0.000000 0.000000 1.000000
0.998172 0.037951 -0.047030 0.000000 -0.031251 0.990243 0.135805 24.071699 0.051725 -0.134087 0.989619 0.000000 0.000000 0.000000 0.000000 1.000000
0.997800 0.037276 -0.054819 -0.000000 -0.029335 0.989840 0.139127 24.071699 0.059448 -0.137213 0.988756 0.000000 0.000000 0.000000 0.000000 1.000000
0.997311 0.041631 -0.060319 0.000000 -0.033430 0.990803 0.131114 24.071699 0.065222 -0.128745 0.989531 0.000000 0.000000 0.000000 0.000000 1.000000
0.996986 0.036003 -0.068716 0.000000 -0.027006 0.991455 0.127624 24.071699 0.072724 -0.125384 0.989439 0.000000 0.000000 0.000000 0.000000 1.000000
0.996367 0.030691 -0.079447 0.000000 -0.021198 0.992824 0.117687 24.071699 0.082488 -0.115576 0.989868 -0.000000 0.000000 0.000000 0.000000 1.000000
0.995907 0.025566 -0.086696 0.000000 -0.016045 0.993935 0.108790 24.071699 0.088952 -0.106954 0.990277 0.000000 0.000000 0.000000 0.000000 1.000000
0.996495 0.020603 -0.081076 0.000000 -0.011606 0.993873 0.109914 24.071699 0.082844 -0.108588 0.990629 0.000000 0.000000 0.000000 0.000000 1.000000
0.997151 0.019104 -0.072966 0.000000 -0.010657 0.993372 0.114450 24.071699 0.074669 -0.113347 0.990746 -0.000000 0.000000 0.000000 0.000000 1.000000
0.997493 0.017108 -0.068665 0.000000 -0.008907 0.992973 0.118003 24.071699 0.070201 -0.117095 0.990636 0.000000 0.000000 0.000000 0.000000 1.000000
0.997414 0.007319 -0.071503 -0.000000 0.001121 0.993098 0.117285 24.071699 0.071867 -0.117062 0.990521 0.000000 0.000000 0.000000 0.000000 1.000000
0.996767 -0.002752 -0.080305 0.000000 0.011382 0.994170 0.107217 24.071699 0.079542 -0.107785 0.990987 0.000000 0.000000 0.000000 0.000000 1.000000
0.995738 -0.015024 -0.090998 -0.000000 0.023983 0.994881 0.098169 24.071699 0.089057 -0.099933 0.991001 0.000000 0.000000 0.000000 0.000000 1.000000
0.995229 -0.015537 -0.096327 0.000000 0.024183 0.995715 0.089253 24.071699 0.094527 -0.091157 0.991340 0.000000 0.000000 0.000000 0.000000 1.000000
0.994980 -0.009743 -0.099600 0.000000 0.018459 0.996040 0.086965 24.071699 0.098358 -0.088367 0.991220 0.000000 0.000000 0.000000 0.000000 1.000000
0.995213 0.003130 -0.097684 -0.000000 0.005937 0.995706 0.092385 24.071699 0.097553 -0.092523 0.990920 -0.000000 0.000000 0.000000 0.000000 1.000000
0.996265 0.023328 -0.083140 0.000000 -0.014615 0.994480 0.103902 24.071699 0.085105 -0.102298 0.991107 -0.000000 0.000000 0.000000 0.000000 1.000000
0.996150 0.048144 -0.073259 0.000000 -0.039235 0.992175 0.118532 24.071699 0.078393 -0.115201 0.990244 0.000000 0.000000 0.000000 0.000000 1.000000
0.995047 0.078749 -0.060670 -0.000000 -0.070662 0.989571 0.125525 24.071699 0.069922 -0.120616 0.990234 0.000000 0.000000 0.000000 0.000000 1.000000
0.993603 0.101588 -0.049317 0.000000 -0.094365 0.986811 0.131526 24.071699 0.062028 -0.126031 0.990085 0.000000 0.000000 0.000000 0.000000 1.000000
0.990858 0.127397 -0.044388 0.000000 -0.120980 0.984684 0.125543 24.071699 0.059702 -0.119025 0.991095 0.000000 0.000000 0.000000 0.000000 1.000000
0.986562 0.155670 -0.049615 -0.000000 -0.149630 0.982795 0.108276 24.071699 0.065617 -0.099397 0.992882 -0.000000 0.000000 0.000000 0.000000 1.000000
0.981626 0.182683 -0.055106 -0.000000 -0.177831 0.980562 0.082910 24.071699 0.069181 -0.071587 0.995032 -0.000000 0.000000 0.000000 0.000000 1.000000
0.977582 0.204473 -0.050235 0.000000 -0.201800 0.977962 0.053548 24.071699 0.060077 -0.042211 0.997301 0.000000 0.000000 0.000000 0.000000 1.000000
0.974246 0.221530 -0.042062 0.000000 -0.220760 0.975076 0.022196 24.071699 0.045931 -0.012339 0.998868 0.000000 0.000000 0.000000 0.000000 1.000000
0.971087 0.235434 -0.039496 0.000000 -0.236057 0.971667 -0.011857 24.071699 0.035585 0.020838 0.999149 0.000000 0.000000 0.000000 0.000000 1.000000
0.967947 0.246592 -0.047647 0.000000 -0.248754 0.967451 -0.046469 24.071699 0.034637 0.056832 0.997783 0.000000 0.000000 0.000000 0.000000 1.000000
0.966377 0.250228 -0.059179 0.000000 -0.254271 0.964204 -0.075212 24.071699 0.038240 0.087731 0.995410 0.000000 0.000000 0.000000 0.000000 1.000000
0.965376 0.254550 -0.057033 -0.000000 -0.259137 0.960888 -0.097683 24.071699 0.029937 0.109081 0.993582 0.000000 0.000000 0.000000 0.000000 1.000000
0.963517 0.262800 -0.050697 0.000000 -0.267029 0.956746 -0.115464 24.071699 0.018160 0.124789 0.992017 0.000000 0.000000 0.000000 0.000000 1.000000
0.961173 0.271864 -0.047295 -0.000000 -0.275760 0.952620 -0.128344 24.071699 0.010162 0.136403 0.990601 0.000000 0.000000 0.000000 0.000000 1.000000
0.961559 0.270759 -0.045757 0.000000 -0.274462 0.952893 -0.129096 24.071699 0.008647 0.136692 0.990576 0.000000 0.000000 0.000000 0.000000 1.000000
0.966001 0.254867 -0.043406 0.000000 -0.258221 0.959428 -0.113228 24.071699 0.012787 0.120587 0.992620 0.000000 0.000000 0.000000 0.000000 1.000000
0.972076 0.231140 -0.040539 0.000000 -0.233866 0.968459 -0.085986 24.071699 0.019385 0.093065 0.995471 0.000000 0.000000 0.000000 0.000000 1.000000
0.978019 0.204714 -0.039644 0.000000 -0.206649 0.976969 -0.053171 24.071699 0.027846 0.060194 0.997798 -0.000000 0.000000 0.000000 0.000000 1.000000
0.983634 0.175327 -0.041529 0.000000 -0.176178 0.984198 -0.017774 24.071699 0.037757 0.024799 0.998979 0.000000 0.000000 0.000000 0.000000 1.000000
0.988542 0.143813 -0.045848 -0.000000 -0.143104 0.989536 0.018415 24.071699 0.048017 -0.011643 0.998779 0.000000 0.000000 0.000000 0.000000 1.000000
0.992491 0.112599 -0.047782 0.000000 -0.110011 0.992478 0.053721 24.071699 0.053471 -0.048061 0.997412 -0.000000 0.000000 0.000000 0.000000 1.000000
0.995424 0.084497 -0.044616 0.000000 -0.080456 0.993067 0.085699 24.071699 0.051548 -0.081717 0.995322 0.000000 0.000000 0.000000 0.000000 1.000000
0.997331 0.060534 -0.040833 0.000000 -0.055585 0.992036 0.113024 24.071699 0.047349 -0.110452 0.992753 0.000000 0.000000 0.000000 0.000000 1.000000
0.998258 0.042381 -0.041050 0.000000 -0.036562 0.990388 0.133396 24.071699 0.046309 -0.131662 0.990212 -0.000000 0.000000 0.000000 0.000000 1.000000
0.998666 0.030942 -0.041335 0.000000 -0.024691 0.989270 0.143998 24.071699 0.045347 -0.142786 0.988714 0.000000 0.000000 0.000000 0.000000 1.000000
0.998739 0.028421 -0.041394 0.000000 -0.022234 0.989484 0.142924 24.071699 0.045020 -0.141823 0.988868 0.000000 0.000000 0.000000 0.000000 1.000000
0.998626 0.032300 -0.041260 0.000000 -0.026454 0.990476 0.135122 24.071699 0.045231 -0.133845 0.989969 0.000000 0.000000 0.000000 0.000000 1.000000
0.998362 0.039983 -0.040918 0.000000 -0.034530 0.991397 0.126255 24.071699 0.045614 -0.124635 0.991154 0.000000 0.000000 0.000000 0.000000 1.000000
0.997992 0.048662 -0.040534 0.000000 -0.043513 0.991886 0.119451 24.071699 0.046018 -0.117448 0.992012 0.000000 0.000000 0.000000 0.000000 1.000000</float_array>
        <technique_common>
          <accessor source="#mixamorig_RightHand-Matrix-animation-output-transform-array" count="50" stride="16">
            <param type="float4x4"/>
          </accessor>
        </technique_common>
      </source>
      <source id="mixamorig_RightHand-Interpolations">
        <Name_array id="mixamorig_RightHand-Interpolations-array" count="50">
 LINEAR LINEAR LINEAR LINEAR LINEAR LINEAR LINEAR LINEAR LINEAR LINEAR LINEAR
LINEAR LINEAR LINEAR LINEAR LINEAR LINEAR LINEAR LINEAR LINEAR LINEAR LINEAR LINEAR
LINEAR LINEAR LINEAR LINEAR LINEAR LINEAR LINEAR LINEAR LINEAR LINEAR LINEAR LINEAR
LINEAR LINEAR LINEAR LINEAR LINEAR LINEAR LINEAR LINEAR LINEAR LINEAR LINEAR LINEAR
LINEAR LINEAR LINEAR</Name_array>
        <technique_common>
          <accessor source="#mixamorig_RightHand-Interpolations-array" count="50">
            <param type="name"/>
          </accessor>
        </technique_common>
      </source>
      <sampler id="mixamorig_RightHand-Matrix-animation-transform">
        <input semantic="INPUT" source="#mixamorig_RightHand-Matrix-animation-input"/>
        <input semantic="OUTPUT" source="#mixamorig_RightHand-Matrix-animation-output-transform"/>
        <input semantic="INTERPOLATION" source="#mixamorig_RightHand-Interpolations"/>
      </sampler>
      <channel source="#mixamorig_RightHand-Matrix-animation-transform" target="mixamorig_RightHand/matrix"/>
    </animation>
    <animation id="mixamorig_RightHandThumb1-anim" name="mixamorig_RightHandThumb1">
      <source id="mixamorig_RightHandThumb1-Matrix-animation-input">
        <float_array id="mixamorig_RightHandThumb1-Matrix-animation-input-array" count="50">

0.000000 0.033333 0.066667 0.100000 0.133333 0.166667 0.200000 0.233333 0.266667 0.300000 0.333333 0.366667 0.400000 0.433333 0.466667 0.500000
0.533333 0.566667 0.600000 0.633333 0.666667 0.700000 0.733333 0.766667 0.800000 0.833333 0.866667 0.900000 0.933333 0.966667 1.000000 1.033333
1.066667 1.100000 1.133333 1.166667 1.200000 1.233333 1.266667 1.300000 1.333333 1.366667 1.400000 1.433333 1.466667 1.500000 1.533333 1.566667
1.600000 1.633333</float_array>
        <technique_common>
          <accessor source="#mixamorig_RightHandThumb1-Matrix-animation-input-array" count="50">
            <param name="TIME" type="float"/>
          </accessor>
        </technique_common>
      </source>
      <source id="mixamorig_RightHandThumb1-Matrix-animation-output-transform">
        <float_array id="mixamorig_RightHandThumb1-Matrix-animation-output-transform-array" count="800">

0.686582 0.471981 -0.553026 1.509000 -0.625984 0.770631 -0.119462 4.173400 0.369795 0.428206 0.824555 1.927000 0.000000 0.000000 0.000000 1.000000
0.686563 0.472540 -0.552573 1.509000 -0.625958 0.770786 -0.118595 4.173400 0.369875 0.427310 0.824984 1.927000 0.000000 0.000000 0.000000 1.000000
0.686513 0.473967 -0.551412 1.509000 -0.625894 0.771176 -0.116378 4.173400 0.370076 0.425020 0.826076 1.927000 0.000000 0.000000 0.000000 1.000000
0.686443 0.476165 -0.549603 1.509000 -0.625789 0.771770 -0.112953 4.173400 0.370383 0.421471 0.827755 1.927000 0.000000 0.000000 0.000000 1.000000
0.686355 0.478920 -0.547314 1.509000 -0.625650 0.772505 -0.108622 4.173400 0.370781 0.416980 0.829849 1.927000 0.000000 0.000000 0.000000 1.000000
0.686260 0.482054 -0.544676 1.509000 -0.625480 0.773325 -0.103653 4.173400 0.371245 0.411817 0.832217 1.927000 0.000000 0.000000 0.000000 1.000000
0.686177 0.485376 -0.541822 1.509000 -0.625282 0.774177 -0.098349 4.173400 0.371730 0.406277 0.834719 1.927000 0.000000 0.000000 0.000000 1.000000
0.686112 0.488701 -0.538908 1.509000 -0.625067 0.775011 -0.092997 4.173400 0.372212 0.400660 0.837216 1.927000 0.000000 0.000000 0.000000 1.000000
0.686064 0.491868 -0.536080 1.509000 -0.624849 0.775786 -0.087863 4.173400 0.372666 0.395248 0.839583 1.927000 0.000000 0.000000 0.000000 1.000000
0.686355 0.492723 -0.534922 1.509000 -0.624500 0.776244 -0.086285 4.173400 0.372715 0.393281 0.840484 1.927000 0.000000 0.000000 0.000000 1.000000
0.688618 0.488074 -0.536274 1.509000 -0.622717 0.776962 -0.092488 4.173400 0.371523 0.397636 0.838961 1.927000 0.000000 0.000000 0.000000 1.000000
0.692679 0.479736 -0.538562 1.509000 -0.619472 0.778154 -0.103584 4.173400 0.369391 0.405375 0.836195 1.927000 0.000000 0.000000 0.000000 1.000000
0.698054 0.468710 -0.541324 1.509000 -0.615093 0.779543 -0.118207 4.173400 0.366581 0.415479 0.832464 1.927000 0.000000 0.000000 0.000000 1.000000
0.701865 0.459563 -0.544231 1.509000 -0.609896 0.782425 -0.125850 4.173400 0.367984 0.420254 0.829442 1.927000 0.000000 0.000000 0.000000 1.000000
0.705933 0.449287 -0.547539 1.509000 -0.604048 0.785571 -0.134182 4.173400 0.369844 0.425464 0.825951 1.927000 0.000000 0.000000 0.000000 1.000000
0.710096 0.438318 -0.551036 1.509000 -0.597800 0.788804 -0.142909 4.173400 0.372020 0.430889 0.822153 1.927000 0.000000 0.000000 0.000000 1.000000
0.714197 0.427101 -0.554534 1.509000 -0.591412 0.791968 -0.151721 4.173400 0.374373 0.436316 0.818213 1.927000 0.000000 0.000000 0.000000 1.000000
0.718089 0.416088 -0.557869 1.509000 -0.585143 0.794930 -0.160296 4.173400 0.376770 0.441540 0.814302 1.927000 0.000000 0.000000 0.000000 1.000000
0.721637 0.405741 -0.560905 1.509000 -0.579257 0.797581 -0.168303 4.173400 0.379080 0.446361 0.810592 1.927000 0.000000 0.000000 0.000000 1.000000
0.724714 0.396526 -0.563522 1.509000 -0.574018 0.799835 -0.175403 4.173400 0.381173 0.450589 0.807265 1.927000 0.000000 0.000000 0.000000 1.000000
0.727197 0.388914 -0.565624 1.509000 -0.569694 0.801622 -0.181247 4.173400 0.382927 0.454035 0.804499 1.927000 0.000000 0.000000 0.000000 1.000000
0.728969 0.383377 -0.567121 1.509000 -0.566551 0.802879 -0.185486 4.173400 0.384218 0.456517 0.802477 1.927000 0.000000 0.000000 0.000000 1.000000
0.729914 0.380385 -0.567919 1.509000 -0.564854 0.803544 -0.187771 4.173400 0.384923 0.457848 0.801380 1.927000 0.000000 0.000000 0.000000 1.000000
0.730034 0.379987 -0.568031 1.509000 -0.564629 0.803632 -0.188068 4.173400 0.385025 0.458023 0.801231 1.927000 0.000000 0.000000 0.000000 1.000000
0.730028 0.379986 -0.568041 1.509000 -0.564630 0.803633 -0.188061 4.173400 0.385036 0.458023 0.801226 1.927000 0.000000 0.000000 0.000000 1.000000
0.730021 0.379985 -0.568050 1.509000 -0.564632 0.803633 -0.188055 4.173400 0.385045 0.458023 0.801221 1.927000 0.000000 0.000000 0.000000 1.000000
0.730015 0.379986 -0.568057 1.509000 -0.564635 0.803633 -0.188049 4.173400 0.385053 0.458023 0.801217 1.927000 0.000000 0.000000 0.000000 1.000000
0.730009 0.379986 -0.568064 1.509000 -0.564637 0.803632 -0.188044 4.173400 0.385061 0.458023 0.801213 1.927000 0.000000 0.000000 0.000000 1.000000
0.730003 0.379987 -0.568072 1.509000 -0.564639 0.803632 -0.188037 4.173400 0.385069 0.458023 0.801210 1.927000 0.000000 0.000000 0.000000 1.000000
0.729996 0.379988 -0.568080 1.509000 -0.564642 0.803632 -0.188030 4.173400 0.385078 0.458023 0.801205 1.927000 0.000000 0.000000 0.000000 1.000000
0.729503 0.381109 -0.567962 1.509000 -0.565400 0.803294 -0.187193 4.173400 0.384900 0.457684 0.801485 1.927000 0.000000 0.000000 0.000000 1.000000
0.728112 0.384265 -0.567621 1.509000 -0.567531 0.802337 -0.184835 4.173400 0.384397 0.456723 0.802274 1.927000 0.000000 0.000000 0.000000 1.000000
0.725966 0.389153 -0.567039 1.509000 -0.570821 0.800829 -0.181208 4.173400 0.383584 0.455229 0.803511 1.927000 0.000000 0.000000 0.000000 1.000000
0.723166 0.395459 -0.566253 1.509000 -0.575061 0.798840 -0.176523 4.173400 0.382538 0.453285 0.805107 1.927000 0.000000 0.000000 0.000000 1.000000
0.719839 0.402873 -0.565266 1.509000 -0.580036 0.796437 -0.171015 4.173400 0.381301 0.450977 0.806987 1.927000 0.000000 0.000000 0.000000 1.000000
0.716083 0.411087 -0.564120 1.509000 -0.585542 0.793695 -0.164892 4.173400 0.379955 0.448392 0.809061 1.927000 0.000000 0.000000 0.000000 1.000000
0.712044 0.419796 -0.562818 1.509000 -0.591366 0.790694 -0.158397 4.173400 0.378523 0.445617 0.811262 1.927000 0.000000 0.000000 0.000000 1.000000
0.707856 0.428695 -0.561391 1.509000 -0.597304 0.787526 -0.151759 4.173400 0.377052 0.442745 0.813516 1.927000 0.000000 0.000000 0.000000 1.000000
0.703650 0.437487 -0.559895 1.509000 -0.603158 0.784295 -0.145194 4.173400 0.375603 0.439871 0.815743 1.927000 0.000000 0.000000 0.000000 1.000000
0.699571 0.445874 -0.558387 1.509000 -0.608733 0.781118 -0.138920 4.173400 0.374225 0.437093 0.817866 1.927000 0.000000 0.000000 0.000000 1.000000
0.695814 0.453570 -0.556881 1.509000 -0.613829 0.778120 -0.133203 4.173400 0.372904 0.434514 0.819841 1.927000 0.000000 0.000000 0.000000 1.000000
0.692496 0.460286 -0.555505 1.509000 -0.618267 0.775440 -0.128214 4.173400 0.371745 0.432238 0.821569 1.927000 0.000000 0.000000 0.000000 1.000000
0.689798 0.465751 -0.554305 1.509000 -0.621869 0.773211 -0.124192 4.173400 0.370753 0.430372 0.822996 1.927000 0.000000 0.000000 0.000000 1.000000
0.687853 0.469675 -0.553411 1.509000 -0.624451 0.771585 -0.121313 4.173400 0.370026 0.429024 0.824026 1.927000 0.000000 0.000000 0.000000 1.000000
0.686807 0.471773 -0.552925 1.509000 -0.625831 0.770708 -0.119774 4.173400 0.369638 0.428299 0.824577 1.927000 0.000000 0.000000 0.000000 1.000000
0.686669 0.472049 -0.552861 1.509000 -0.626012 0.770592 -0.119571 4.173400 0.369587 0.428204 0.824650 1.927000 0.000000 0.000000 0.000000 1.000000
0.686669 0.472049 -0.552861 1.509000 -0.626012 0.770591 -0.119571 4.173400 0.369587 0.428204 0.824650 1.927000 0.000000 0.000000 0.000000 1.000000
0.686669 0.472049 -0.552861 1.509000 -0.626012 0.770592 -0.119571 4.173400 0.369587 0.428204 0.824650 1.927000 0.000000 0.000000 0.000000 1.000000
0.686669 0.472049 -0.552861 1.509000 -0.626012 0.770592 -0.119571 4.173400 0.369587 0.428204 0.824650 1.927000 0.000000 0.000000 0.000000 1.000000
0.686669 0.472048 -0.552861 1.509000 -0.626012 0.770592 -0.119572 4.173400 0.369587 0.428204 0.824650 1.927000 0.000000 0.000000 0.000000 1.000000</float_array>
        <technique_common>
          <accessor source="#mixamorig_RightHandThumb1-Matrix-animation-output-transform-array" count="50" stride="16">
            <param type="float4x4"/>
          </accessor>
        </technique_common>
      </source>
      <source id="mixamorig_RightHandThumb1-Interpolations">
        <Name_array id="mixamorig_RightHandThumb1-Interpolations-array" count="50">
 LINEAR LINEAR LINEAR LINEAR LINEAR LINEAR LINEAR LINEAR LINEAR LINEAR LINEAR
LINEAR LINEAR LINEAR LINEAR LINEAR LINEAR LINEAR LINEAR LINEAR LINEAR LINEAR LINEAR
LINEAR LINEAR LINEAR LINEAR LINEAR LINEAR LINEAR LINEAR LINEAR LINEAR LINEAR LINEAR
LINEAR LINEAR LINEAR LINEAR LINEAR LINEAR LINEAR LINEAR LINEAR LINEAR LINEAR LINEAR
LINEAR LINEAR LINEAR</Name_array>
        <technique_common>
          <accessor source="#mixamorig_RightHandThumb1-Interpolations-array" count="50">
            <param type="name"/>
          </accessor>
        </technique_common>
      </source>
      <sampler id="mixamorig_RightHandThumb1-Matrix-animation-transform">
        <input semantic="INPUT" source="#mixamorig_RightHandThumb1-Matrix-animation-input"/>
        <input semantic="OUTPUT" source="#mixamorig_RightHandThumb1-Matrix-animation-output-transform"/>
        <input semantic="INTERPOLATION" source="#mixamorig_RightHandThumb1-Interpolations"/>
      </sampler>
      <channel source="#mixamorig_RightHandThumb1-Matrix-animation-transform" target="mixamorig_RightHandThumb1/matrix"/>
    </animation>
    <animation id="mixamorig_RightHandThumb2-anim" name="mixamorig_RightHandThumb2">
      <source id="mixamorig_RightHandThumb2-Matrix-animation-input">
        <float_array id="mixamorig_RightHandThumb2-Matrix-animation-input-array" count="50">

0.000000 0.033333 0.066667 0.100000 0.133333 0.166667 0.200000 0.233333 0.266667 0.300000 0.333333 0.366667 0.400000 0.433333 0.466667 0.500000
0.533333 0.566667 0.600000 0.633333 0.666667 0.700000 0.733333 0.766667 0.800000 0.833333 0.866667 0.900000 0.933333 0.966667 1.000000 1.033333
1.066667 1.100000 1.133333 1.166667 1.200000 1.233333 1.266667 1.300000 1.333333 1.366667 1.400000 1.433333 1.466667 1.500000 1.533333 1.566667
1.600000 1.633333</float_array>
        <technique_common>
          <accessor source="#mixamorig_RightHandThumb2-Matrix-animation-input-array" count="50">
            <param name="TIME" type="float"/>
          </accessor>
        </technique_common>
      </source>
      <source id="mixamorig_RightHandThumb2-Matrix-animation-output-transform">
        <float_array id="mixamorig_RightHandThumb2-Matrix-animation-output-transform-array" count="800">

0.976106 -0.113704 0.185171 0.000000 0.134086 0.985757 -0.101513 3.870400 -0.170991 0.123917 0.977449 0.000000 0.000000 0.000000 0.000000 1.000000
0.976351 -0.112242 0.184769 0.000000 0.132442 0.986047 -0.100851 3.870400 -0.170871 0.122937 0.977594 0.000000 0.000000 0.000000 0.000000 1.000000
0.976959 -0.108587 0.183738 0.000000 0.128299 0.986781 -0.099007 3.870400 -0.170558 0.120299 0.977977 -0.000000 0.000000 0.000000 0.000000 1.000000
0.977864 -0.102928 0.182177 -0.000000 0.121893 0.987876 -0.096137 3.870400 -0.170073 0.116215 0.978555 0.000000 0.000000 0.000000 0.000000 1.000000
0.978947 -0.095757 0.180261 -0.000000 0.113791 0.989189 -0.092498 3.870400 -0.169455 0.111062 0.979260 0.000000 0.000000 0.000000 0.000000 1.000000
0.980106 -0.087507 0.178145 0.000000 0.104494 0.990598 -0.088301 3.870400 -0.168743 0.105160 0.980034 -0.000000 0.000000 0.000000 0.000000 1.000000
0.981248 -0.078649 0.175975 0.000000 0.094537 0.991989 -0.083789 3.870400 -0.167976 0.098854 0.980822 0.000000 0.000000 0.000000 0.000000 1.000000
0.982299 -0.069665 0.173885 0.000000 0.084464 0.993274 -0.079204 3.870400 -0.167198 0.092489 0.981576 0.000000 0.000000 0.000000 0.000000 1.000000
0.983212 -0.061004 0.171970 0.000000 0.074777 0.994393 -0.074778 3.870400 -0.166444 0.086382 0.982260 0.000000 0.000000 0.000000 0.000000 1.000000
0.983569 -0.057322 0.171192 0.000000 0.070666 0.994833 -0.072898 3.870400 -0.166129 0.083798 0.982537 0.000000 0.000000 0.000000 0.000000 1.000000
0.983268 -0.060352 0.171878 0.000000 0.074059 0.994469 -0.074478 3.870400 -0.166432 0.085961 0.982299 0.000000 0.000000 0.000000 0.000000 1.000000
0.982703 -0.065756 0.173119 0.000000 0.080113 0.993785 -0.077285 3.870400 -0.166961 0.089817 0.981864 0.000000 0.000000 0.000000 0.000000 1.000000
0.981908 -0.072852 0.174784 0.000000 0.088071 0.992820 -0.080949 3.870400 -0.167632 0.094878 0.981274 0.000000 0.000000 0.000000 0.000000 1.000000
0.980353 -0.088747 0.176156 0.000000 0.105177 0.990709 -0.086217 3.870400 -0.166868 0.103050 0.980579 -0.000000 0.000000 0.000000 0.000000 1.000000
0.978258 -0.106744 0.177811 0.000000 0.124542 0.987930 -0.092111 3.870400 -0.165832 0.112253 0.979744 0.000000 0.000000 0.000000 0.000000 1.000000
0.975617 -0.125994 0.179711 0.000000 0.145256 0.984494 -0.098347 3.870400 -0.164533 0.122053 0.978791 0.000000 0.000000 0.000000 0.000000 1.000000
0.972489 -0.145656 0.181797 -0.000000 0.166417 0.980486 -0.104650 3.870400 -0.163006 0.132025 0.977752 0.000000 0.000000 0.000000 0.000000 1.000000
0.968999 -0.164898 0.183982 0.000000 0.187130 0.976072 -0.110754 3.870400 -0.161317 0.141749 0.976670 0.000000 0.000000 0.000000 0.000000 1.000000
0.965346 -0.182900 0.186159 0.000000 0.206513 0.971495 -0.116408 3.870400 -0.159561 0.150818 0.975599 0.000000 0.000000 0.000000 0.000000 1.000000
0.961789 -0.198859 0.188195 0.000000 0.223700 0.967071 -0.121374 3.870400 -0.157861 0.158836 0.974603 -0.000000 0.000000 0.000000 0.000000 1.000000
0.958636 -0.211985 0.189946 -0.000000 0.237840 0.963172 -0.125427 3.870400 -0.156362 0.165416 0.973750 0.000000 0.000000 0.000000 0.000000 1.000000
0.956220 -0.221502 0.191258 0.000000 0.248095 0.960196 -0.128346 3.870400 -0.155217 0.170178 0.973112 0.000000 0.000000 0.000000 0.000000 1.000000
0.954872 -0.226635 0.191981 -0.000000 0.253626 0.958539 -0.129915 3.870400 -0.154578 0.172743 0.972762 0.000000 0.000000 0.000000 0.000000 1.000000
0.954695 -0.227333 0.192035 0.000000 0.254363 0.958320 -0.130089 3.870400 -0.154458 0.173042 0.972728 0.000000 0.000000 0.000000 0.000000 1.000000
0.954694 -0.227332 0.192039 0.000000 0.254363 0.958320 -0.130088 3.870400 -0.154462 0.173041 0.972727 0.000000 0.000000 0.000000 0.000000 1.000000
0.954693 -0.227332 0.192046 0.000000 0.254364 0.958320 -0.130086 3.870400 -0.154468 0.173042 0.972726 0.000000 0.000000 0.000000 0.000000 1.000000
0.954691 -0.227332 0.192053 0.000000 0.254365 0.958320 -0.130084 3.870400 -0.154476 0.173042 0.972725 0.000000 0.000000 0.000000 0.000000 1.000000
0.954689 -0.227332 0.192063 0.000000 0.254366 0.958320 -0.130081 3.870400 -0.154486 0.173042 0.972723 0.000000 0.000000 0.000000 0.000000 1.000000
0.954687 -0.227331 0.192076 -0.000000 0.254367 0.958320 -0.130078 3.870400 -0.154499 0.173042 0.972721 0.000000 0.000000 0.000000 0.000000 1.000000
0.954685 -0.227332 0.192087 -0.000000 0.254369 0.958320 -0.130075 3.870400 -0.154511 0.173042 0.972719 0.000000 0.000000 0.000000 0.000000 1.000000
0.955021 -0.225990 0.191999 -0.000000 0.252952 0.958741 -0.129734 3.870400 -0.154759 0.172466 0.972782 -0.000000 0.000000 0.000000 0.000000 1.000000
0.955964 -0.222204 0.191724 0.000000 0.248950 0.959916 -0.128782 3.870400 -0.155423 0.170841 0.972963 0.000000 0.000000 0.000000 0.000000 1.000000
0.957397 -0.216327 0.191293 0.000000 0.242736 0.961703 -0.127306 3.870400 -0.156427 0.168316 0.973242 0.000000 0.000000 0.000000 0.000000 1.000000
0.959197 -0.208715 0.190735 -0.000000 0.234684 0.963950 -0.125396 3.870400 -0.157687 0.165042 0.973599 0.000000 0.000000 0.000000 0.000000 1.000000
0.961239 -0.199721 0.190083 0.000000 0.225166 0.966507 -0.123140 3.870400 -0.159123 0.161167 0.974015 0.000000 0.000000 0.000000 0.000000 1.000000
0.963409 -0.189700 0.189361 -0.000000 0.214557 0.969234 -0.120629 3.870400 -0.160652 0.156844 0.974470 0.000000 0.000000 0.000000 0.000000 1.000000
0.965593 -0.179014 0.188636 -0.000000 0.203243 0.971999 -0.117945 3.870400 -0.162240 0.152225 0.974939 0.000000 0.000000 0.000000 0.000000 1.000000
0.967698 -0.168025 0.187958 -0.000000 0.191610 0.974690 -0.115173 3.870400 -0.163849 0.147467 0.975401 -0.000000 0.000000 0.000000 0.000000 1.000000
0.969658 -0.157098 0.187307 0.000000 0.180037 0.977215 -0.112415 3.870400 -0.165379 0.142726 0.975848 0.000000 0.000000 0.000000 0.000000 1.000000
0.971414 -0.146602 0.186717 -0.000000 0.168920 0.979499 -0.109763 3.870400 -0.166798 0.138165 0.976263 0.000000 0.000000 0.000000 0.000000 1.000000
0.972926 -0.136913 0.186199 0.000000 0.158655 0.981485 -0.107312 3.870400 -0.168059 0.133948 0.976634 0.000000 0.000000 0.000000 0.000000 1.000000
0.974168 -0.128408 0.185764 -0.000000 0.149642 0.983132 -0.105159 3.870400 -0.169127 0.130240 0.976951 0.000000 0.000000 0.000000 0.000000 1.000000
0.975123 -0.121464 0.185423 -0.000000 0.142282 0.984411 -0.103399 3.870400 -0.169973 0.127209 0.977204 0.000000 0.000000 0.000000 0.000000 1.000000
0.975779 -0.116458 0.185186 -0.000000 0.136976 0.985295 -0.102130 3.870400 -0.170569 0.125022 0.977382 0.000000 0.000000 0.000000 0.000000 1.000000
0.976130 -0.113768 0.185008 -0.000000 0.134120 0.985758 -0.101455 3.870400 -0.170831 0.123847 0.977486 0.000000 0.000000 0.000000 0.000000 1.000000
0.976177 -0.113401 0.184984 0.000000 0.133729 0.985821 -0.101362 3.870400 -0.170867 0.123685 0.977500 0.000000 0.000000 0.000000 0.000000 1.000000
0.976177 -0.113401 0.184984 0.000000 0.133729 0.985821 -0.101361 3.870400 -0.170867 0.123684 0.977500 -0.000000 0.000000 0.000000 0.000000 1.000000
0.976177 -0.113401 0.184984 0.000000 0.133729 0.985821 -0.101362 3.870400 -0.170866 0.123685 0.977500 0.000000 0.000000 0.000000 0.000000 1.000000
0.976177 -0.113401 0.184984 0.000000 0.133729 0.985821 -0.101361 3.870400 -0.170867 0.123684 0.977500 0.000000 0.000000 0.000000 0.000000 1.000000
0.976177 -0.113401 0.184985 0.000000 0.133729 0.985821 -0.101361 3.870400 -0.170867 0.123685 0.977500 0.000000 0.000000 0.000000 0.000000 1.000000</float_array>
        <technique_common>
          <accessor source="#mixamorig_RightHandThumb2-Matrix-animation-output-transform-array" count="50" stride="16">
            <param type="float4x4"/>
          </accessor>
        </technique_common>
      </source>
      <source id="mixamorig_RightHandThumb2-Interpolations">
        <Name_array id="mixamorig_RightHandThumb2-Interpolations-array" count="50">
 LINEAR LINEAR LINEAR LINEAR LINEAR LINEAR LINEAR LINEAR LINEAR LINEAR LINEAR
LINEAR LINEAR LINEAR LINEAR LINEAR LINEAR LINEAR LINEAR LINEAR LINEAR LINEAR LINEAR
LINEAR LINEAR LINEAR LINEAR LINEAR LINEAR LINEAR LINEAR LINEAR LINEAR LINEAR LINEAR
LINEAR LINEAR LINEAR LINEAR LINEAR LINEAR LINEAR LINEAR LINEAR LINEAR LINEAR LINEAR
LINEAR LINEAR LINEAR</Name_array>
        <technique_common>
          <accessor source="#mixamorig_RightHandThumb2-Interpolations-array" count="50">
            <param type="name"/>
          </accessor>
        </technique_common>
      </source>
      <sampler id="mixamorig_RightHandThumb2-Matrix-animation-transform">
        <input semantic="INPUT" source="#mixamorig_RightHandThumb2-Matrix-animation-input"/>
        <input semantic="OUTPUT" source="#mixamorig_RightHandThumb2-Matrix-animation-output-transform"/>
        <input semantic="INTERPOLATION" source="#mixamorig_RightHandThumb2-Interpolations"/>
      </sampler>
      <channel source="#mixamorig_RightHandThumb2-Matrix-animation-transform" target="mixamorig_RightHandThumb2/matrix"/>
    </animation>
    <animation id="mixamorig_RightHandThumb3-anim" name="mixamorig_RightHandThumb3">
      <source id="mixamorig_RightHandThumb3-Matrix-animation-input">
        <float_array id="mixamorig_RightHandThumb3-Matrix-animation-input-array" count="50">

0.000000 0.033333 0.066667 0.100000 0.133333 0.166667 0.200000 0.233333 0.266667 0.300000 0.333333 0.366667 0.400000 0.433333 0.466667 0.500000
0.533333 0.566667 0.600000 0.633333 0.666667 0.700000 0.733333 0.766667 0.800000 0.833333 0.866667 0.900000 0.933333 0.966667 1.000000 1.033333
1.066667 1.100000 1.133333 1.166667 1.200000 1.233333 1.266667 1.300000 1.333333 1.366667 1.400000 1.433333 1.466667 1.500000 1.533333 1.566667
1.600000 1.633333</float_array>
        <technique_common>
          <accessor source="#mixamorig_RightHandThumb3-Matrix-animation-input-array" count="50">
            <param name="TIME" type="float"/>
          </accessor>
        </technique_common>
      </source>
      <source id="mixamorig_RightHandThumb3-Matrix-animation-output-transform">
        <float_array id="mixamorig_RightHandThumb3-Matrix-animation-output-transform-array" count="800">

0.985863 -0.167546 -0.001642 -0.000000 0.167157 0.984156 -0.059125 4.710300 0.011522 0.058015 0.998249 -0.000000 0.000000 0.000000 0.000000 1.000000
0.985863 -0.167546 -0.001642 -0.000000 0.167157 0.984156 -0.059125 4.710300 0.011522 0.058015 0.998249 0.000000 0.000000 0.000000 0.000000 1.000000
0.985863 -0.167546 -0.001641 0.000000 0.167157 0.984156 -0.059125 4.710300 0.011522 0.058015 0.998249 -0.000000 0.000000 0.000000 0.000000 1.000000
0.985863 -0.167546 -0.001642 0.000000 0.167157 0.984156 -0.059125 4.710300 0.011522 0.058014 0.998249 0.000000 0.000000 0.000000 0.000000 1.000000
0.985863 -0.167546 -0.001641 -0.000000 0.167158 0.984156 -0.059124 4.710300 0.011522 0.058014 0.998249 0.000000 0.000000 0.000000 0.000000 1.000000
0.985863 -0.167546 -0.001642 -0.000000 0.167158 0.984156 -0.059125 4.710300 0.011522 0.058014 0.998249 0.000000 0.000000 0.000000 0.000000 1.000000
0.985863 -0.167546 -0.001641 0.000000 0.167157 0.984156 -0.059125 4.710300 0.011521 0.058015 0.998249 0.000000 0.000000 0.000000 0.000000 1.000000
0.985863 -0.167546 -0.001642 0.000000 0.167158 0.984156 -0.059125 4.710300 0.011522 0.058014 0.998249 0.000000 0.000000 0.000000 0.000000 1.000000
0.985863 -0.167546 -0.001642 -0.000000 0.167157 0.984156 -0.059125 4.710300 0.011522 0.058014 0.998249 0.000000 0.000000 0.000000 0.000000 1.000000
0.985802 -0.167901 -0.001631 0.000000 0.167512 0.984090 -0.059210 4.710300 0.011546 0.058096 0.998244 0.000000 0.000000 0.000000 0.000000 1.000000
0.985353 -0.170523 -0.001544 0.000000 0.170126 0.983604 -0.059841 4.710300 0.011723 0.058701 0.998207 0.000000 0.000000 0.000000 0.000000 1.000000
0.984532 -0.175199 -0.001389 0.000000 0.174790 0.982716 -0.060967 4.710300 0.012046 0.059782 0.998139 0.000000 0.000000 0.000000 0.000000 1.000000
0.983420 -0.181340 -0.001007 0.000000 0.180925 0.981514 -0.062416 4.710300 0.012307 0.061199 0.998050 0.000000 0.000000 0.000000 0.000000 1.000000
0.981366 -0.192146 -0.000312 0.000000 0.191721 0.979297 -0.064965 4.710300 0.012788 0.063694 0.997888 0.000000 0.000000 0.000000 0.000000 1.000000
0.978898 -0.204347 0.000507 0.000000 0.203910 0.976636 -0.067840 4.710300 0.013367 0.066512 0.997696 0.000000 0.000000 0.000000 0.000000 1.000000
0.976087 -0.217376 0.001426 0.000000 0.216927 0.973609 -0.070906 4.710300 0.014025 0.069520 0.997482 0.000000 0.000000 0.000000 0.000000 1.000000
0.973029 -0.230670 0.002409 0.000000 0.230211 0.970321 -0.074032 4.710300 0.014740 0.072589 0.997253 0.000000 0.000000 0.000000 0.000000 1.000000
0.969851 -0.243674 0.003414 -0.000000 0.243206 0.966907 -0.077085 4.710300 0.015482 0.075591 0.997019 0.000000 0.000000 0.000000 0.000000 1.000000
0.966709 -0.255840 0.004395 -0.000000 0.255363 0.963535 -0.079939 4.710300 0.016217 0.078400 0.996790 0.000000 0.000000 0.000000 0.000000 1.000000
0.963785 -0.266629 0.005298 -0.000000 0.266146 0.960399 -0.082467 4.710300 0.016900 0.080891 0.996580 0.000000 0.000000 0.000000 0.000000 1.000000
0.961279 -0.275509 0.006065 -0.000000 0.275020 0.957714 -0.084546 4.710300 0.017485 0.082940 0.996401 0.000000 0.000000 0.000000 0.000000 1.000000
0.959406 -0.281951 0.006636 0.000000 0.281459 0.955707 -0.086054 4.710300 0.017921 0.084428 0.996268 0.000000 0.000000 0.000000 0.000000 1.000000
0.958375 -0.285426 0.006948 0.000000 0.284933 0.954603 -0.086866 4.710300 0.018161 0.085230 0.996196 0.000000 0.000000 0.000000 0.000000 1.000000
0.958238 -0.285886 0.006969 0.000000 0.285390 0.954457 -0.086979 4.710300 0.018215 0.085336 0.996186 0.000000 0.000000 0.000000 0.000000 1.000000
0.958238 -0.285886 0.006967 0.000000 0.285390 0.954457 -0.086980 4.710300 0.018217 0.085336 0.996186 0.000000 0.000000 0.000000 0.000000 1.000000
0.958239 -0.285885 0.006965 -0.000000 0.285389 0.954457 -0.086981 4.710300 0.018219 0.085336 0.996186 0.000000 0.000000 0.000000 0.000000 1.000000
0.958238 -0.285886 0.006962 -0.000000 0.285389 0.954457 -0.086981 4.710300 0.018222 0.085336 0.996186 0.000000 0.000000 0.000000 0.000000 1.000000
0.958239 -0.285885 0.006956 0.000000 0.285389 0.954457 -0.086983 4.710300 0.018228 0.085336 0.996186 0.000000 0.000000 0.000000 0.000000 1.000000
0.958239 -0.285885 0.006949 0.000000 0.285387 0.954457 -0.086985 4.710300 0.018236 0.085335 0.996185 -0.000000 0.000000 0.000000 0.000000 1.000000
0.958239 -0.285885 0.006940 -0.000000 0.285386 0.954457 -0.086988 4.710300 0.018245 0.085336 0.996185 0.000000 0.000000 0.000000 0.000000 1.000000
0.958653 -0.284496 0.006864 -0.000000 0.284003 0.954900 -0.086648 4.710300 0.018097 0.085015 0.996215 0.000000 0.000000 0.000000 0.000000 1.000000
0.959811 -0.280573 0.006513 0.000000 0.280081 0.956140 -0.085731 4.710300 0.017826 0.084110 0.996297 -0.000000 0.000000 0.000000 0.000000 1.000000
0.961573 -0.274483 0.005976 0.000000 0.273995 0.958029 -0.084306 4.710300 0.017415 0.082704 0.996422 -0.000000 0.000000 0.000000 0.000000 1.000000
0.963795 -0.266590 0.005295 0.000000 0.266107 0.960410 -0.082458 4.710300 0.016897 0.080882 0.996580 0.000000 0.000000 0.000000 0.000000 1.000000
0.966331 -0.257261 0.004512 -0.000000 0.256783 0.963130 -0.080272 4.710300 0.016305 0.078728 0.996763 0.000000 0.000000 0.000000 0.000000 1.000000
0.969044 -0.246862 0.003668 -0.000000 0.246392 0.966040 -0.077833 4.710300 0.015671 0.076327 0.996960 -0.000000 0.000000 0.000000 0.000000 1.000000
0.971805 -0.235768 0.002797 0.000000 0.235306 0.969006 -0.075229 4.710300 0.015026 0.073766 0.997162 0.000000 0.000000 0.000000 0.000000 1.000000
0.974506 -0.224354 0.001936 0.000000 0.223901 0.971908 -0.072547 4.710300 0.014395 0.071131 0.997363 0.000000 0.000000 0.000000 0.000000 1.000000
0.977051 -0.213003 0.001113 0.000000 0.212558 0.974647 -0.069878 4.710300 0.013800 0.068511 0.997555 0.000000 0.000000 0.000000 0.000000 1.000000
0.979365 -0.202100 0.000355 0.000000 0.201665 0.977139 -0.067310 4.710300 0.013257 0.065993 0.997732 0.000000 0.000000 0.000000 0.000000 1.000000
0.981388 -0.192035 -0.000319 0.000000 0.191610 0.979321 -0.064939 4.710300 0.012783 0.063669 0.997889 0.000000 0.000000 0.000000 0.000000 1.000000
0.983075 -0.183201 -0.000889 0.000000 0.182784 0.981142 -0.062856 4.710300 0.012387 0.061629 0.998022 -0.000000 0.000000 0.000000 0.000000 1.000000
0.984391 -0.175990 -0.001340 0.000000 0.175580 0.982564 -0.061154 4.710300 0.012079 0.059964 0.998127 0.000000 0.000000 0.000000 0.000000 1.000000
0.985305 -0.170796 -0.001656 0.000000 0.170392 0.983552 -0.059927 4.710300 0.011864 0.058765 0.998201 0.000000 0.000000 0.000000 0.000000 1.000000
0.985783 -0.168013 -0.001747 0.000000 0.167616 0.984070 -0.059257 4.710300 0.011676 0.058122 0.998241 0.000000 0.000000 0.000000 0.000000 1.000000
0.985846 -0.167647 -0.001760 -0.000000 0.167251 0.984137 -0.059169 4.710300 0.011651 0.058038 0.998246 0.000000 0.000000 0.000000 0.000000 1.000000
0.985845 -0.167647 -0.001760 0.000000 0.167251 0.984137 -0.059170 4.710300 0.011652 0.058038 0.998246 -0.000000 0.000000 0.000000 0.000000 1.000000
0.985846 -0.167647 -0.001760 0.000000 0.167251 0.984137 -0.059170 4.710300 0.011652 0.058038 0.998246 0.000000 0.000000 0.000000 0.000000 1.000000
0.985845 -0.167647 -0.001760 0.000000 0.167251 0.984137 -0.059170 4.710300 0.011652 0.058038 0.998246 0.000000 0.000000 0.000000 0.000000 1.000000
0.985846 -0.167647 -0.001760 0.000000 0.167251 0.984137 -0.059170 4.710300 0.011652 0.058038 0.998246 0.000000 0.000000 0.000000 0.000000 1.000000</float_array>
        <technique_common>
          <accessor source="#mixamorig_RightHandThumb3-Matrix-animation-output-transform-array" count="50" stride="16">
            <param type="float4x4"/>
          </accessor>
        </technique_common>
      </source>
      <source id="mixamorig_RightHandThumb3-Interpolations">
        <Name_array id="mixamorig_RightHandThumb3-Interpolations-array" count="50">
 LINEAR LINEAR LINEAR LINEAR LINEAR LINEAR LINEAR LINEAR LINEAR LINEAR LINEAR
LINEAR LINEAR LINEAR LINEAR LINEAR LINEAR LINEAR LINEAR LINEAR LINEAR LINEAR LINEAR
LINEAR LINEAR LINEAR LINEAR LINEAR LINEAR LINEAR LINEAR LINEAR LINEAR LINEAR LINEAR
LINEAR LINEAR LINEAR LINEAR LINEAR LINEAR LINEAR LINEAR LINEAR LINEAR LINEAR LINEAR
LINEAR LINEAR LINEAR</Name_array>
        <technique_common>
          <accessor source="#mixamorig_RightHandThumb3-Interpolations-array" count="50">
            <param type="name"/>
          </accessor>
        </technique_common>
      </source>
      <sampler id="mixamorig_RightHandThumb3-Matrix-animation-transform">
        <input semantic="INPUT" source="#mixamorig_RightHandThumb3-Matrix-animation-input"/>
        <input semantic="OUTPUT" source="#mixamorig_RightHandThumb3-Matrix-animation-output-transform"/>
        <input semantic="INTERPOLATION" source="#mixamorig_RightHandThumb3-Interpolations"/>
      </sampler>
      <channel source="#mixamorig_RightHandThumb3-Matrix-animation-transform" target="mixamorig_RightHandThumb3/matrix"/>
    </animation>
    <animation id="mixamorig_RightHandIndex1-anim" name="mixamorig_RightHandIndex1">
      <source id="mixamorig_RightHandIndex1-Matrix-animation-input">
        <float_array id="mixamorig_RightHandIndex1-Matrix-animation-input-array" count="50">

0.000000 0.033333 0.066667 0.100000 0.133333 0.166667 0.200000 0.233333 0.266667 0.300000 0.333333 0.366667 0.400000 0.433333 0.466667 0.500000
0.533333 0.566667 0.600000 0.633333 0.666667 0.700000 0.733333 0.766667 0.800000 0.833333 0.866667 0.900000 0.933333 0.966667 1.000000 1.033333
1.066667 1.100000 1.133333 1.166667 1.200000 1.233333 1.266667 1.300000 1.333333 1.366667 1.400000 1.433333 1.466667 1.500000 1.533333 1.566667
1.600000 1.633333</float_array>
        <technique_common>
          <accessor source="#mixamorig_RightHandIndex1-Matrix-animation-input-array" count="50">
            <param name="TIME" type="float"/>
          </accessor>
        </technique_common>
      </source>
      <source id="mixamorig_RightHandIndex1-Matrix-animation-output-transform">
        <float_array id="mixamorig_RightHandIndex1-Matrix-animation-output-transform-array" count="800">

0.994699 0.100621 0.021190 2.855500 -0.100578 0.994924 -0.003077 14.669400 -0.021392 0.000929 0.999771 0.399000 0.000000 0.000000 0.000000 1.000000
0.994703 0.100569 0.021273 2.855500 -0.100544 0.994930 -0.002258 14.669400 -0.021392 0.000107 0.999771 0.399000 0.000000 0.000000 0.000000 1.000000
0.994711 0.100438 0.021484 2.855500 -0.100458 0.994941 -0.000165 14.669400 -0.021392 -0.001994 0.999769 0.399000 0.000000 0.000000 0.000000 1.000000
0.994718 0.100304 0.021811 2.855500 -0.100394 0.994943 0.003072 14.669400 -0.021392 -0.005245 0.999757 0.399000 0.000000 0.000000 0.000000 1.000000
0.994727 0.100127 0.022221 2.855500 -0.100307 0.994931 0.007159 14.669400 -0.021392 -0.009350 0.999727 0.399000 0.000000 0.000000 0.000000 1.000000
0.994737 0.099919 0.022693 2.855500 -0.100205 0.994896 0.011843 14.669400 -0.021394 -0.014055 0.999672 0.399000 0.000000 0.000000 0.000000 1.000000
0.994747 0.099702 0.023196 2.855500 -0.100104 0.994834 0.016854 14.669400 -0.021396 -0.019087 0.999589 0.399000 0.000000 0.000000 0.000000 1.000000
0.994757 0.099483 0.023705 2.855500 -0.100004 0.994746 0.021916 14.669400 -0.021400 -0.024172 0.999479 0.399000 0.000000 0.000000 0.000000 1.000000
0.994766 0.099273 0.024193 2.855500 -0.099911 0.994636 0.026780 14.669400 -0.021404 -0.029057 0.999349 0.399000 0.000000 0.000000 0.000000 1.000000
0.994855 0.098349 0.024292 2.855500 -0.099017 0.994692 0.028009 14.669400 -0.021409 -0.030270 0.999312 0.399000 0.000000 0.000000 0.000000 1.000000
0.995432 0.092563 0.023396 2.855500 -0.093039 0.995458 0.020153 14.669400 -0.021424 -0.022238 0.999523 0.399000 0.000000 0.000000 0.000000 1.000000
0.996369 0.082264 0.021927 2.855500 -0.082416 0.996579 0.006091 14.669400 -0.021351 -0.007876 0.999741 0.399000 0.000000 0.000000 0.000000 1.000000
0.997435 0.068735 0.019965 2.855500 -0.068496 0.997574 -0.012436 14.669400 -0.020771 0.011037 0.999723 0.399000 0.000000 0.000000 0.000000 1.000000
0.997928 0.061365 0.019324 2.855500 -0.060665 0.997545 -0.034972 14.669400 -0.021423 0.033727 0.999201 0.399000 0.000000 0.000000 0.000000 1.000000
0.998409 0.053217 0.018612 2.855500 -0.052008 0.996822 -0.060345 14.669400 -0.021764 0.059281 0.998004 0.399000 0.000000 0.000000 0.000000 1.000000
0.998844 0.044626 0.017847 2.855500 -0.042904 0.995249 -0.087400 14.669400 -0.021662 0.086534 0.996013 0.399000 0.000000 0.000000 0.000000 1.000000
0.999209 0.035926 0.017050 2.855500 -0.033734 0.992795 -0.114980 14.669400 -0.021058 0.114314 0.993221 0.399000 0.000000 0.000000 0.000000 1.000000
0.999491 0.027455 0.016251 2.855500 -0.024875 0.989564 -0.141931 14.669400 -0.019979 0.141454 0.989743 0.399000 0.000000 0.000000 0.000000 1.000000
0.999689 0.019550 0.015483 2.855500 -0.016690 0.985796 -0.167115 14.669400 -0.018531 0.166805 0.985816 0.399000 0.000000 0.000000 0.000000 1.000000
0.999812 0.012549 0.014786 2.855500 -0.009522 0.981850 -0.189419 14.669400 -0.016895 0.189242 0.981785 0.399000 0.000000 0.000000 0.000000 1.000000
0.999876 0.006792 0.014200 2.855500 -0.003694 0.978175 -0.207748 14.669400 -0.015301 0.207670 0.978079 0.399000 0.000000 0.000000 0.000000 1.000000
0.999902 0.002619 0.013768 2.855500 0.000489 0.975268 -0.221024 14.669400 -0.014006 0.221009 0.975171 0.399000 0.000000 0.000000 0.000000 1.000000
0.999908 0.000370 0.013594 2.855500 0.002742 0.973615 -0.228180 14.669400 -0.013320 0.228196 0.973524 0.399000 0.000000 0.000000 0.000000 1.000000
0.999908 0.000073 0.013581 2.855500 0.003041 0.973392 -0.229125 14.669400 -0.013236 0.229145 0.973302 0.399000 0.000000 0.000000 0.000000 1.000000
0.999908 0.000073 0.013578 2.855500 0.003041 0.973392 -0.229126 14.669400 -0.013234 0.229146 0.973302 0.399000 0.000000 0.000000 0.000000 1.000000
0.999908 0.000073 0.013578 2.855500 0.003040 0.973392 -0.229126 14.669400 -0.013233 0.229146 0.973302 0.399000 0.000000 0.000000 0.000000 1.000000
0.999908 0.000073 0.013576 2.855500 0.003040 0.973392 -0.229125 14.669400 -0.013232 0.229145 0.973302 0.399000 0.000000 0.000000 0.000000 1.000000
0.999908 0.000073 0.013576 2.855500 0.003040 0.973392 -0.229126 14.669400 -0.013231 0.229146 0.973302 0.399000 0.000000 0.000000 0.000000 1.000000
0.999908 0.000073 0.013575 2.855500 0.003039 0.973392 -0.229125 14.669400 -0.013230 0.229145 0.973302 0.399000 0.000000 0.000000 0.000000 1.000000
0.999908 0.000073 0.013575 2.855500 0.003039 0.973392 -0.229125 14.669400 -0.013231 0.229146 0.973302 0.399000 0.000000 0.000000 0.000000 1.000000
0.999907 0.001280 0.013602 2.855500 0.001834 0.974018 -0.226464 14.669400 -0.013538 0.226468 0.973925 0.399000 0.000000 0.000000 0.000000 1.000000
0.999893 0.004684 0.013883 2.855500 -0.001530 0.975735 -0.218948 14.669400 -0.014572 0.218904 0.975638 0.399000 0.000000 0.000000 0.000000 1.000000
0.999848 0.009957 0.014315 2.855500 -0.006775 0.978259 -0.207278 14.669400 -0.016068 0.207149 0.978177 0.399000 0.000000 0.000000 0.000000 1.000000
0.999749 0.016774 0.014867 2.855500 -0.013607 0.981271 -0.192149 14.669400 -0.017811 0.191899 0.981253 0.399000 0.000000 0.000000 0.000000 1.000000
0.999572 0.024807 0.015505 2.855500 -0.021729 0.984460 -0.174262 14.669400 -0.019587 0.173850 0.984577 0.399000 0.000000 0.000000 0.000000 1.000000
0.999300 0.033729 0.016201 2.855500 -0.030830 0.987539 -0.154326 14.669400 -0.021204 0.153718 0.987887 0.399000 0.000000 0.000000 0.000000 1.000000
0.998922 0.043214 0.016924 2.855500 -0.040586 0.990276 -0.133062 14.669400 -0.022509 0.132231 0.990963 0.399000 0.000000 0.000000 0.000000 1.000000
0.998442 0.052936 0.017647 2.855500 -0.050655 0.992506 -0.111200 14.669400 -0.023401 0.110133 0.993641 0.399000 0.000000 0.000000 0.000000 1.000000
0.997872 0.062569 0.018344 2.855500 -0.060690 0.994138 -0.089478 14.669400 -0.023835 0.088174 0.995820 0.399000 0.000000 0.000000 0.000000 1.000000
0.997239 0.071789 0.018993 2.855500 -0.070332 0.995159 -0.068642 14.669400 -0.023828 0.067116 0.997461 0.399000 0.000000 0.000000 0.000000 1.000000
0.996581 0.080275 0.019574 2.855500 -0.079227 0.995630 -0.049435 14.669400 -0.023457 0.047716 0.998585 0.399000 0.000000 0.000000 0.000000 1.000000
0.995945 0.087702 0.020069 2.855500 -0.087021 0.995673 -0.032603 14.669400 -0.022842 0.030725 0.999267 0.399000 0.000000 0.000000 0.000000 1.000000
0.995385 0.093751 0.020462 2.855500 -0.093369 0.995452 -0.018885 14.669400 -0.022140 0.016887 0.999612 0.399000 0.000000 0.000000 0.000000 1.000000
0.994960 0.098100 0.020739 2.855500 -0.097931 0.995152 -0.009016 14.669400 -0.021523 0.006940 0.999744 0.399000 0.000000 0.000000 0.000000 1.000000
0.994726 0.100429 0.020830 2.855500 -0.100372 0.994943 -0.003726 14.669400 -0.021099 0.001616 0.999776 0.399000 0.000000 0.000000 0.000000 1.000000
0.994695 0.100735 0.020831 2.855500 -0.100693 0.994913 -0.003030 14.669400 -0.021031 0.000916 0.999778 0.399000 0.000000 0.000000 0.000000 1.000000
0.994695 0.100735 0.020832 2.855500 -0.100694 0.994913 -0.003030 14.669400 -0.021031 0.000916 0.999778 0.399000 0.000000 0.000000 0.000000 1.000000
0.994695 0.100735 0.020831 2.855500 -0.100694 0.994913 -0.003029 14.669400 -0.021030 0.000916 0.999778 0.399000 0.000000 0.000000 0.000000 1.000000
0.994695 0.100735 0.020832 2.855500 -0.100693 0.994913 -0.003030 14.669400 -0.021031 0.000916 0.999778 0.399000 0.000000 0.000000 0.000000 1.000000
0.994695 0.100735 0.020832 2.855500 -0.100694 0.994913 -0.003030 14.669400 -0.021031 0.000916 0.999778 0.399000 0.000000 0.000000 0.000000 1.000000</float_array>
        <technique_common>
          <accessor source="#mixamorig_RightHandIndex1-Matrix-animation-output-transform-array" count="50" stride="16">
            <param type="float4x4"/>
          </accessor>
        </technique_common>
      </source>
      <source id="mixamorig_RightHandIndex1-Interpolations">
        <Name_array id="mixamorig_RightHandIndex1-Interpolations-array" count="50">
 LINEAR LINEAR LINEAR LINEAR LINEAR LINEAR LINEAR LINEAR LINEAR LINEAR LINEAR
LINEAR LINEAR LINEAR LINEAR LINEAR LINEAR LINEAR LINEAR LINEAR LINEAR LINEAR LINEAR
LINEAR LINEAR LINEAR LINEAR LINEAR LINEAR LINEAR LINEAR LINEAR LINEAR LINEAR LINEAR
LINEAR LINEAR LINEAR LINEAR LINEAR LINEAR LINEAR LINEAR LINEAR LINEAR LINEAR LINEAR
LINEAR LINEAR LINEAR</Name_array>
        <technique_common>
          <accessor source="#mixamorig_RightHandIndex1-Interpolations-array" count="50">
            <param type="name"/>
          </accessor>
        </technique_common>
      </source>
      <sampler id="mixamorig_RightHandIndex1-Matrix-animation-transform">
        <input semantic="INPUT" source="#mixamorig_RightHandIndex1-Matrix-animation-input"/>
        <input semantic="OUTPUT" source="#mixamorig_RightHandIndex1-Matrix-animation-output-transform"/>
        <input semantic="INTERPOLATION" source="#mixamorig_RightHandIndex1-Interpolations"/>
      </sampler>
      <channel source="#mixamorig_RightHandIndex1-Matrix-animation-transform" target="mixamorig_RightHandIndex1/matrix"/>
    </animation>
    <animation id="mixamorig_RightHandIndex2-anim" name="mixamorig_RightHandIndex2">
      <source id="mixamorig_RightHandIndex2-Matrix-animation-input">
        <float_array id="mixamorig_RightHandIndex2-Matrix-animation-input-array" count="50">

0.000000 0.033333 0.066667 0.100000 0.133333 0.166667 0.200000 0.233333 0.266667 0.300000 0.333333 0.366667 0.400000 0.433333 0.466667 0.500000
0.533333 0.566667 0.600000 0.633333 0.666667 0.700000 0.733333 0.766667 0.800000 0.833333 0.866667 0.900000 0.933333 0.966667 1.000000 1.033333
1.066667 1.100000 1.133333 1.166667 1.200000 1.233333 1.266667 1.300000 1.333333 1.366667 1.400000 1.433333 1.466667 1.500000 1.533333 1.566667
1.600000 1.633333</float_array>
        <technique_common>
          <accessor source="#mixamorig_RightHandIndex2-Matrix-animation-input-array" count="50">
            <param name="TIME" type="float"/>
          </accessor>
        </technique_common>
      </source>
      <source id="mixamorig_RightHandIndex2-Matrix-animation-output-transform">
        <float_array id="mixamorig_RightHandIndex2-Matrix-animation-output-transform-array" count="800">

0.999991 0.003461 -0.002616 0.000000 -0.003660 0.996770 -0.080226 3.248600 0.002329 0.080235 0.996773 0.000000 0.000000 0.000000 0.000000 1.000000
0.999991 0.003429 -0.002614 0.000000 -0.003625 0.996836 -0.079406 3.248600 0.002333 0.079415 0.996839 0.000000 0.000000 0.000000 0.000000 1.000000
0.999991 0.003346 -0.002606 0.000000 -0.003537 0.997001 -0.077308 3.248600 0.002340 0.077317 0.997004 -0.000000 0.000000 0.000000 0.000000 1.000000
0.999991 0.003217 -0.002596 0.000000 -0.003401 0.997247 -0.074067 3.248600 0.002351 0.074075 0.997250 0.000000 0.000000 0.000000 0.000000 1.000000
0.999992 0.003047 -0.002584 -0.000000 -0.003221 0.997544 -0.069971 3.248600 0.002364 0.069979 0.997546 0.000000 0.000000 0.000000 0.000000 1.000000
0.999993 0.002841 -0.002568 0.000000 -0.003003 0.997863 -0.065275 3.248600 0.002378 0.065282 0.997864 0.000000 0.000000 0.000000 0.000000 1.000000
0.999993 0.002615 -0.002554 -0.000000 -0.002764 0.998179 -0.060253 3.248600 0.002392 0.060259 0.998180 0.000000 0.000000 0.000000 0.000000 1.000000
0.999994 0.002385 -0.002541 -0.000000 -0.002522 0.998474 -0.055174 3.248600 0.002405 0.055180 0.998474 0.000000 0.000000 0.000000 0.000000 1.000000
0.999994 0.002167 -0.002529 -0.000000 -0.002291 0.998732 -0.050295 3.248600 0.002417 0.050301 0.998731 0.000000 0.000000 0.000000 0.000000 1.000000
0.999995 0.002103 -0.002525 -0.000000 -0.002224 0.998794 -0.049038 3.248600 0.002419 0.049044 0.998794 0.000000 0.000000 0.000000 0.000000 1.000000
0.999994 0.002432 -0.002542 0.000000 -0.002573 0.998386 -0.056738 3.248600 0.002400 0.056745 0.998386 -0.000000 0.000000 0.000000 0.000000 1.000000
0.999992 0.003064 -0.002585 0.000000 -0.003238 0.997509 -0.070472 3.248600 0.002362 0.070480 0.997510 0.000000 0.000000 0.000000 0.000000 1.000000
0.999989 0.003871 -0.002652 0.000000 -0.004091 0.996068 -0.088501 3.248600 0.002299 0.088510 0.996073 0.000000 0.000000 0.000000 0.000000 1.000000
0.999984 0.004874 -0.002758 0.000000 -0.005149 0.993851 -0.110610 3.248600 0.002202 0.110622 0.993860 0.000000 0.000000 0.000000 0.000000 1.000000
0.999978 0.005998 -0.002905 0.000000 -0.006336 0.990764 -0.135453 3.248600 0.002066 0.135468 0.990780 0.000000 0.000000 0.000000 0.000000 1.000000
0.999969 0.007194 -0.003095 0.000000 -0.007600 0.986781 -0.161882 3.248600 0.001889 0.161901 0.986805 0.000000 0.000000 0.000000 0.000000 1.000000
0.999959 0.008407 -0.003326 0.000000 -0.008884 0.981983 -0.188759 3.248600 0.001679 0.188780 0.982018 0.000000 0.000000 0.000000 0.000000 1.000000
0.999948 0.009590 -0.003586 -0.000000 -0.010137 0.976570 -0.214961 3.248600 0.001440 0.214986 0.976616 0.000000 0.000000 0.000000 0.000000 1.000000
0.999935 0.010692 -0.003861 0.000000 -0.011305 0.970857 -0.239391 3.248600 0.001189 0.239419 0.970916 -0.000000 0.000000 0.000000 0.000000 1.000000
0.999923 0.011674 -0.004134 0.000000 -0.012348 0.965265 -0.260981 3.248600 0.000943 0.261012 0.965335 0.000000 0.000000 0.000000 0.000000 1.000000
0.999913 0.012419 -0.004356 0.000000 -0.013141 0.960290 -0.278693 3.248600 0.000722 0.278727 0.960370 0.000000 0.000000 0.000000 0.000000 1.000000
0.999906 0.012934 -0.004517 0.000000 -0.013689 0.956471 -0.291508 3.248600 0.000550 0.291542 0.956558 0.000000 0.000000 0.000000 0.000000 1.000000
0.999902 0.013215 -0.004603 0.000000 -0.013987 0.954336 -0.298407 3.248600 0.000450 0.298442 0.954428 0.000000 0.000000 0.000000 0.000000 1.000000
0.999901 0.013260 -0.004607 0.000000 -0.014031 0.954050 -0.299318 3.248600 0.000427 0.299353 0.954142 0.000000 0.000000 0.000000 0.000000 1.000000
0.999901 0.013268 -0.004600 0.000000 -0.014036 0.954050 -0.299317 3.248600 0.000417 0.299352 0.954143 0.000000 0.000000 0.000000 0.000000 1.000000
0.999901 0.013275 -0.004591 0.000000 -0.014040 0.954050 -0.299317 3.248600 0.000407 0.299352 0.954143 0.000000 0.000000 0.000000 0.000000 1.000000
0.999901 0.013281 -0.004583 -0.000000 -0.014044 0.954050 -0.299318 3.248600 0.000398 0.299353 0.954142 0.000000 0.000000 0.000000 0.000000 1.000000
0.999901 0.013285 -0.004576 0.000000 -0.014045 0.954050 -0.299317 3.248600 0.000390 0.299352 0.954143 0.000000 0.000000 0.000000 0.000000 1.000000
0.999901 0.013288 -0.004569 -0.000000 -0.014047 0.954050 -0.299318 3.248600 0.000381 0.299352 0.954143 0.000000 0.000000 0.000000 0.000000 1.000000
0.999901 0.013291 -0.004562 -0.000000 -0.014047 0.954050 -0.299317 3.248600 0.000374 0.299352 0.954143 0.000000 0.000000 0.000000 0.000000 1.000000
0.999903 0.013193 -0.004523 0.000000 -0.013941 0.954849 -0.296766 3.248600 0.000403 0.296800 0.954940 -0.000000 0.000000 0.000000 0.000000 1.000000
0.999907 0.012912 -0.004421 0.000000 -0.013639 0.957063 -0.289558 3.248600 0.000492 0.289591 0.957150 0.000000 0.000000 0.000000 0.000000 1.000000
0.999913 0.012472 -0.004272 0.000000 -0.013168 0.960388 -0.278354 3.248600 0.000631 0.278387 0.960469 0.000000 0.000000 0.000000 0.000000 1.000000
0.999922 0.011816 -0.004066 -0.000000 -0.012470 0.964493 -0.263815 3.248600 0.000804 0.263845 0.964565 0.000000 0.000000 0.000000 0.000000 1.000000
0.999932 0.011044 -0.003840 0.000000 -0.011650 0.969048 -0.246597 3.248600 0.000998 0.246625 0.969110 0.000000 0.000000 0.000000 0.000000 1.000000
0.999942 0.010176 -0.003607 -0.000000 -0.010730 0.973749 -0.227371 3.248600 0.001199 0.227396 0.973802 0.000000 0.000000 0.000000 0.000000 1.000000
0.999952 0.009249 -0.003380 -0.000000 -0.009748 0.978330 -0.206821 3.248600 0.001394 0.206844 0.978373 0.000000 0.000000 0.000000 0.000000 1.000000
0.999961 0.008292 -0.003169 0.000000 -0.008736 0.982577 -0.185649 3.248600 0.001575 0.185669 0.982611 -0.000000 0.000000 0.000000 0.000000 1.000000
0.999969 0.007337 -0.002984 0.000000 -0.007728 0.986336 -0.164567 3.248600 0.001736 0.164585 0.986361 0.000000 0.000000 0.000000 0.000000 1.000000
0.999975 0.006418 -0.002828 0.000000 -0.006759 0.989511 -0.144302 3.248600 0.001872 0.144318 0.989530 -0.000000 0.000000 0.000000 0.000000 1.000000
0.999981 0.005568 -0.002703 0.000000 -0.005863 0.992065 -0.125585 3.248600 0.001982 0.125599 0.992079 0.000000 0.000000 0.000000 0.000000 1.000000
0.999985 0.004817 -0.002608 0.000000 -0.005073 0.994012 -0.109152 3.248600 0.002066 0.109164 0.994022 0.000000 0.000000 0.000000 0.000000 1.000000
0.999988 0.004213 -0.002542 0.000000 -0.004437 0.995397 -0.095739 3.248600 0.002126 0.095749 0.995403 0.000000 0.000000 0.000000 0.000000 1.000000
0.999990 0.003830 -0.002504 0.000000 -0.004031 0.996280 -0.086076 3.248600 0.002166 0.086086 0.996285 0.000000 0.000000 0.000000 0.000000 1.000000
0.999990 0.003624 -0.002486 -0.000000 -0.003814 0.996715 -0.080897 3.248600 0.002184 0.080906 0.996719 0.000000 0.000000 0.000000 0.000000 1.000000
0.999990 0.003597 -0.002483 0.000000 -0.003785 0.996770 -0.080216 3.248600 0.002186 0.080225 0.996774 -0.000000 0.000000 0.000000 0.000000 1.000000
0.999990 0.003597 -0.002483 0.000000 -0.003784 0.996770 -0.080217 3.248600 0.002187 0.080225 0.996774 0.000000 0.000000 0.000000 0.000000 1.000000
0.999990 0.003597 -0.002483 -0.000000 -0.003784 0.996770 -0.080217 3.248600 0.002186 0.080225 0.996774 0.000000 0.000000 0.000000 0.000000 1.000000
0.999990 0.003597 -0.002483 -0.000000 -0.003785 0.996770 -0.080217 3.248600 0.002187 0.080225 0.996774 -0.000000 0.000000 0.000000 0.000000 1.000000
0.999990 0.003597 -0.002483 0.000000 -0.003785 0.996770 -0.080217 3.248600 0.002187 0.080225 0.996774 0.000000 0.000000 0.000000 0.000000 1.000000</float_array>
        <technique_common>
          <accessor source="#mixamorig_RightHandIndex2-Matrix-animation-output-transform-array" count="50" stride="16">
            <param type="float4x4"/>
          </accessor>
        </technique_common>
      </source>
      <source id="mixamorig_RightHandIndex2-Interpolations">
        <Name_array id="mixamorig_RightHandIndex2-Interpolations-array" count="50">
 LINEAR LINEAR LINEAR LINEAR LINEAR LINEAR LINEAR LINEAR LINEAR LINEAR LINEAR
LINEAR LINEAR LINEAR LINEAR LINEAR LINEAR LINEAR LINEAR LINEAR LINEAR LINEAR LINEAR
LINEAR LINEAR LINEAR LINEAR LINEAR LINEAR LINEAR LINEAR LINEAR LINEAR LINEAR LINEAR
LINEAR LINEAR LINEAR LINEAR LINEAR LINEAR LINEAR LINEAR LINEAR LINEAR LINEAR LINEAR
LINEAR LINEAR LINEAR</Name_array>
        <technique_common>
          <accessor source="#mixamorig_RightHandIndex2-Interpolations-array" count="50">
            <param type="name"/>
          </accessor>
        </technique_common>
      </source>
      <sampler id="mixamorig_RightHandIndex2-Matrix-animation-transform">
        <input semantic="INPUT" source="#mixamorig_RightHandIndex2-Matrix-animation-input"/>
        <input semantic="OUTPUT" source="#mixamorig_RightHandIndex2-Matrix-animation-output-transform"/>
        <input semantic="INTERPOLATION" source="#mixamorig_RightHandIndex2-Interpolations"/>
      </sampler>
      <channel source="#mixamorig_RightHandIndex2-Matrix-animation-transform" target="mixamorig_RightHandIndex2/matrix"/>
    </animation>
    <animation id="mixamorig_RightHandIndex3-anim" name="mixamorig_RightHandIndex3">
      <source id="mixamorig_RightHandIndex3-Matrix-animation-input">
        <float_array id="mixamorig_RightHandIndex3-Matrix-animation-input-array" count="50">

0.000000 0.033333 0.066667 0.100000 0.133333 0.166667 0.200000 0.233333 0.266667 0.300000 0.333333 0.366667 0.400000 0.433333 0.466667 0.500000
0.533333 0.566667 0.600000 0.633333 0.666667 0.700000 0.733333 0.766667 0.800000 0.833333 0.866667 0.900000 0.933333 0.966667 1.000000 1.033333
1.066667 1.100000 1.133333 1.166667 1.200000 1.233333 1.266667 1.300000 1.333333 1.366667 1.400000 1.433333 1.466667 1.500000 1.533333 1.566667
1.600000 1.633333</float_array>
        <technique_common>
          <accessor source="#mixamorig_RightHandIndex3-Matrix-animation-input-array" count="50">
            <param name="TIME" type="float"/>
          </accessor>
        </technique_common>
      </source>
      <source id="mixamorig_RightHandIndex3-Matrix-animation-output-transform">
        <float_array id="mixamorig_RightHandIndex3-Matrix-animation-output-transform-array" count="800">

0.999966 0.007971 -0.002017 0.000000 -0.008167 0.991258 -0.131682 2.659600 0.000950 0.131694 0.991290 0.000000 0.000000 0.000000 0.000000 1.000000
0.999966 0.007938 -0.002010 0.000000 -0.008132 0.991367 -0.130865 2.659600 0.000954 0.130877 0.991398 0.000000 0.000000 0.000000 0.000000 1.000000
0.999967 0.007853 -0.001995 -0.000000 -0.008045 0.991641 -0.128780 2.659600 0.000967 0.128792 0.991671 0.000000 0.000000 0.000000 0.000000 1.000000
0.999968 0.007723 -0.001970 0.000000 -0.007910 0.992055 -0.125555 2.659600 0.000985 0.125567 0.992085 0.000000 0.000000 0.000000 0.000000 1.000000
0.999970 0.007558 -0.001939 0.000000 -0.007738 0.992564 -0.121481 2.659600 0.001006 0.121492 0.992592 -0.000000 0.000000 0.000000 0.000000 1.000000
0.999971 0.007369 -0.001905 0.000000 -0.007542 0.993126 -0.116807 2.659600 0.001031 0.116818 0.993153 -0.000000 0.000000 0.000000 0.000000 1.000000
0.999973 0.007163 -0.001869 -0.000000 -0.007327 0.993703 -0.111807 2.659600 0.001056 0.111817 0.993728 0.000000 0.000000 0.000000 0.000000 1.000000
0.999974 0.006934 -0.001831 0.000000 -0.007090 0.994261 -0.106750 2.659600 0.001081 0.106761 0.994284 0.000000 0.000000 0.000000 0.000000 1.000000
0.999976 0.006704 -0.001795 0.000000 -0.006852 0.994772 -0.101892 2.659600 0.001103 0.101902 0.994794 0.000000 0.000000 0.000000 0.000000 1.000000
0.999976 0.006628 -0.001785 0.000000 -0.006774 0.994900 -0.100641 2.659600 0.001108 0.100650 0.994921 0.000000 0.000000 0.000000 0.000000 1.000000
0.999974 0.006975 -0.001839 0.000000 -0.007133 0.994092 -0.108308 2.659600 0.001073 0.108318 0.994116 0.000000 0.000000 0.000000 0.000000 1.000000
0.999969 0.007649 -0.001951 -0.000000 -0.007830 0.992502 -0.121976 2.659600 0.001004 0.121988 0.992531 0.000000 0.000000 0.000000 0.000000 1.000000
0.999961 0.008519 -0.002114 0.000000 -0.008731 0.990127 -0.139903 2.659600 0.000901 0.139916 0.990163 0.000000 0.000000 0.000000 0.000000 1.000000
0.999951 0.009593 -0.002307 0.000000 -0.009840 0.986764 -0.161865 2.659600 0.000723 0.161880 0.986810 0.000000 0.000000 0.000000 0.000000 1.000000
0.999938 0.010803 -0.002517 0.000000 -0.011083 0.982390 -0.186511 2.659600 0.000457 0.186527 0.982450 -0.000000 0.000000 0.000000 0.000000 1.000000
0.999923 0.012089 -0.002783 0.000000 -0.012404 0.977040 -0.212695 2.659600 0.000148 0.212713 0.977115 0.000000 0.000000 0.000000 0.000000 1.000000
0.999906 0.013395 -0.003085 0.000000 -0.013744 0.970852 -0.239284 2.659600 -0.000210 0.239303 0.970945 0.000000 0.000000 0.000000 0.000000 1.000000
0.999887 0.014666 -0.003417 -0.000000 -0.015047 0.964085 -0.265167 2.659600 -0.000595 0.265188 0.964197 -0.000000 0.000000 0.000000 0.000000 1.000000
0.999867 0.015851 -0.003752 0.000000 -0.016259 0.957111 -0.289265 2.659600 -0.000995 0.289287 0.957242 0.000000 0.000000 0.000000 0.000000 1.000000
0.999849 0.016894 -0.004087 0.000000 -0.017328 0.950405 -0.310533 2.659600 -0.001361 0.310557 0.950554 -0.000000 0.000000 0.000000 0.000000 1.000000
0.999833 0.017737 -0.004443 0.000000 -0.018213 0.944516 -0.327959 2.659600 -0.001621 0.327986 0.944681 0.000000 0.000000 0.000000 0.000000 1.000000
0.999822 0.018288 -0.004691 -0.000000 -0.018793 0.940037 -0.340556 2.659600 -0.001819 0.340583 0.940213 -0.000000 0.000000 0.000000 0.000000 1.000000
0.999816 0.018567 -0.004818 -0.000000 -0.019084 0.937547 -0.347336 2.659600 -0.001932 0.347364 0.937728 0.000000 0.000000 0.000000 0.000000 1.000000
0.999815 0.018609 -0.004833 -0.000000 -0.019127 0.937214 -0.348230 2.659600 -0.001951 0.348259 0.937396 -0.000000 0.000000 0.000000 0.000000 1.000000
0.999815 0.018616 -0.004830 0.000000 -0.019132 0.937214 -0.348230 2.659600 -0.001956 0.348258 0.937397 -0.000000 0.000000 0.000000 0.000000 1.000000
0.999815 0.018619 -0.004828 0.000000 -0.019135 0.937214 -0.348231 2.659600 -0.001958 0.348259 0.937396 0.000000 0.000000 0.000000 0.000000 1.000000
0.999815 0.018623 -0.004827 0.000000 -0.019138 0.937214 -0.348231 2.659600 -0.001961 0.348258 0.937397 0.000000 0.000000 0.000000 0.000000 1.000000
0.999815 0.018625 -0.004825 -0.000000 -0.019140 0.937214 -0.348230 2.659600 -0.001964 0.348258 0.937397 0.000000 0.000000 0.000000 0.000000 1.000000
0.999815 0.018626 -0.004824 0.000000 -0.019140 0.937213 -0.348231 2.659600 -0.001965 0.348259 0.937396 0.000000 0.000000 0.000000 0.000000 1.000000
0.999815 0.018627 -0.004823 0.000000 -0.019141 0.937214 -0.348230 2.659600 -0.001966 0.348258 0.937397 -0.000000 0.000000 0.000000 0.000000 1.000000
0.999817 0.018528 -0.004773 0.000000 -0.019036 0.938143 -0.345724 2.659600 -0.001927 0.345752 0.938324 0.000000 0.000000 0.000000 0.000000 1.000000
0.999823 0.018247 -0.004636 0.000000 -0.018739 0.940729 -0.338640 2.659600 -0.001817 0.338667 0.940905 -0.000000 0.000000 0.000000 0.000000 1.000000
0.999833 0.017719 -0.004397 0.000000 -0.018181 0.944632 -0.327628 2.659600 -0.001651 0.327654 0.944796 0.000000 0.000000 0.000000 0.000000 1.000000
0.999846 0.017030 -0.004132 -0.000000 -0.017468 0.949486 -0.313323 2.659600 -0.001412 0.313347 0.949638 -0.000000 0.000000 0.000000 0.000000 1.000000
0.999861 0.016196 -0.003867 0.000000 -0.016614 0.954930 -0.296366 2.659600 -0.001107 0.296389 0.955067 0.000000 0.000000 0.000000 0.000000 1.000000
0.999877 0.015266 -0.003586 0.000000 -0.015662 0.960623 -0.277412 2.659600 -0.000790 0.277434 0.960744 0.000000 0.000000 0.000000 0.000000 1.000000
0.999893 0.014271 -0.003309 -0.000000 -0.014642 0.966266 -0.257131 2.659600 -0.000472 0.257151 0.966371 0.000000 0.000000 0.000000 0.000000 1.000000
0.999908 0.013244 -0.003048 0.000000 -0.013589 0.971607 -0.236209 2.659600 -0.000167 0.236228 0.971698 0.000000 0.000000 0.000000 0.000000 1.000000
0.999921 0.012219 -0.002811 0.000000 -0.012538 0.976456 -0.215354 2.659600 0.000113 0.215372 0.976532 0.000000 0.000000 0.000000 0.000000 1.000000
0.999933 0.011232 -0.002616 0.000000 -0.011526 0.980679 -0.195282 2.659600 0.000373 0.195299 0.980744 0.000000 0.000000 0.000000 0.000000 1.000000
0.999944 0.010323 -0.002433 0.000000 -0.010590 0.984203 -0.176725 2.659600 0.000570 0.176741 0.984257 0.000000 0.000000 0.000000 0.000000 1.000000
0.999952 0.009529 -0.002247 0.000000 -0.009766 0.987001 -0.160418 2.659600 0.000689 0.160432 0.987047 -0.000000 0.000000 0.000000 0.000000 1.000000
0.999958 0.008871 -0.002107 -0.000000 -0.009084 0.989081 -0.147096 2.659600 0.000779 0.147109 0.989120 0.000000 0.000000 0.000000 0.000000 1.000000
0.999962 0.008447 -0.002020 0.000000 -0.008645 0.990465 -0.137494 2.659600 0.000839 0.137506 0.990501 0.000000 0.000000 0.000000 0.000000 1.000000
0.999964 0.008239 -0.001978 -0.000000 -0.008428 0.991168 -0.132345 2.659600 0.000870 0.132357 0.991202 0.000000 0.000000 0.000000 0.000000 1.000000
0.999964 0.008212 -0.001972 0.000000 -0.008400 0.991258 -0.131668 2.659600 0.000874 0.131680 0.991292 0.000000 0.000000 0.000000 0.000000 1.000000
0.999964 0.008211 -0.001972 -0.000000 -0.008399 0.991258 -0.131668 2.659600 0.000874 0.131679 0.991292 0.000000 0.000000 0.000000 0.000000 1.000000
0.999964 0.008212 -0.001973 0.000000 -0.008400 0.991258 -0.131667 2.659600 0.000874 0.131679 0.991292 0.000000 0.000000 0.000000 0.000000 1.000000
0.999964 0.008211 -0.001973 -0.000000 -0.008400 0.991258 -0.131668 2.659600 0.000874 0.131680 0.991292 0.000000 0.000000 0.000000 0.000000 1.000000
0.999964 0.008212 -0.001972 -0.000000 -0.008400 0.991258 -0.131667 2.659600 0.000874 0.131679 0.991292 0.000000 0.000000 0.000000 0.000000 1.000000</float_array>
        <technique_common>
          <accessor source="#mixamorig_RightHandIndex3-Matrix-animation-output-transform-array" count="50" stride="16">
            <param type="float4x4"/>
          </accessor>
        </technique_common>
      </source>
      <source id="mixamorig_RightHandIndex3-Interpolations">
        <Name_array id="mixamorig_RightHandIndex3-Interpolations-array" count="50">
 LINEAR LINEAR LINEAR LINEAR LINEAR LINEAR LINEAR LINEAR LINEAR LINEAR LINEAR
LINEAR LINEAR LINEAR LINEAR LINEAR LINEAR LINEAR LINEAR LINEAR LINEAR LINEAR LINEAR
LINEAR LINEAR LINEAR LINEAR LINEAR LINEAR LINEAR LINEAR LINEAR LINEAR LINEAR LINEAR
LINEAR LINEAR LINEAR LINEAR LINEAR LINEAR LINEAR LINEAR LINEAR LINEAR LINEAR LINEAR
LINEAR LINEAR LINEAR</Name_array>
        <technique_common>
          <accessor source="#mixamorig_RightHandIndex3-Interpolations-array" count="50">
            <param type="name"/>
          </accessor>
        </technique_common>
      </source>
      <sampler id="mixamorig_RightHandIndex3-Matrix-animation-transform">
        <input semantic="INPUT" source="#mixamorig_RightHandIndex3-Matrix-animation-input"/>
        <input semantic="OUTPUT" source="#mixamorig_RightHandIndex3-Matrix-animation-output-transform"/>
        <input semantic="INTERPOLATION" source="#mixamorig_RightHandIndex3-Interpolations"/>
      </sampler>
      <channel source="#mixamorig_RightHandIndex3-Matrix-animation-transform" target="mixamorig_RightHandIndex3/matrix"/>
    </animation>
    <animation id="mixamorig_RightHandMiddle1-anim" name="mixamorig_RightHandMiddle1">
      <source id="mixamorig_RightHandMiddle1-Matrix-animation-input">
        <float_array id="mixamorig_RightHandMiddle1-Matrix-animation-input-array" count="50">

0.000000 0.033333 0.066667 0.100000 0.133333 0.166667 0.200000 0.233333 0.266667 0.300000 0.333333 0.366667 0.400000 0.433333 0.466667 0.500000
0.533333 0.566667 0.600000 0.633333 0.666667 0.700000 0.733333 0.766667 0.800000 0.833333 0.866667 0.900000 0.933333 0.966667 1.000000 1.033333
1.066667 1.100000 1.133333 1.166667 1.200000 1.233333 1.266667 1.300000 1.333333 1.366667 1.400000 1.433333 1.466667 1.500000 1.533333 1.566667
1.600000 1.633333</float_array>
        <technique_common>
          <accessor source="#mixamorig_RightHandMiddle1-Matrix-animation-input-array" count="50">
            <param name="TIME" type="float"/>
          </accessor>
        </technique_common>
      </source>
      <source id="mixamorig_RightHandMiddle1-Matrix-animation-output-transform">
        <float_array id="mixamorig_RightHandMiddle1-Matrix-animation-output-transform-array" count="800">

0.996167 -0.083429 -0.026269 -0.000000 0.081092 0.993483 -0.080101 14.409800 0.032781 0.077663 0.996441 0.000000 0.000000 0.000000 0.000000 1.000000
0.996255 -0.082869 -0.024675 0.000000 0.080693 0.993605 -0.078974 14.409800 0.031061 0.076688 0.996571 0.000000 0.000000 0.000000 0.000000 1.000000
0.996466 -0.081434 -0.020600 0.000000 0.079652 0.993913 -0.076103 14.409800 0.026672 0.074193 0.996887 0.000000 0.000000 0.000000 0.000000 1.000000
0.996755 -0.079214 -0.014296 -0.000000 0.077996 0.994373 -0.071682 14.409800 0.019894 0.070335 0.997325 0.000000 0.000000 0.000000 0.000000 1.000000
0.997056 -0.076413 -0.006334 0.000000 0.075829 0.994925 -0.066131 14.409800 0.011355 0.065456 0.997791 0.000000 0.000000 0.000000 0.000000 1.000000
0.997313 -0.073202 0.002800 0.000000 0.073238 0.995519 -0.059815 14.409800 0.001592 0.059860 0.998206 0.000000 0.000000 0.000000 0.000000 1.000000
0.997484 -0.069765 0.012570 0.000000 0.070338 0.996108 -0.053118 14.409800 -0.008816 0.053869 0.998509 0.000000 0.000000 0.000000 0.000000 1.000000
0.997548 -0.066292 0.022446 -0.000000 0.067277 0.996654 -0.046412 14.409800 -0.019295 0.047808 0.998670 0.000000 0.000000 0.000000 0.000000 1.000000
0.997505 -0.062955 0.031935 0.000000 0.064214 0.997133 -0.040031 14.409800 -0.029324 0.041982 0.998688 0.000000 0.000000 0.000000 0.000000 1.000000
0.997467 -0.061336 0.036020 -0.000000 0.062727 0.997275 -0.038827 14.409800 -0.033540 0.040988 0.998597 0.000000 0.000000 0.000000 0.000000 1.000000
0.997587 -0.061008 0.033144 0.000000 0.062680 0.996679 -0.051988 14.409800 -0.029862 0.053940 0.998098 0.000000 0.000000 0.000000 0.000000 1.000000
0.997780 -0.060424 0.027992 -0.000000 0.062385 0.995196 -0.075458 14.409800 -0.023298 0.077037 0.996756 0.000000 0.000000 0.000000 0.000000 1.000000
0.997994 -0.059659 0.021185 0.000000 0.061582 0.992433 -0.106232 14.409800 -0.014687 0.107323 0.994116 0.000000 0.000000 0.000000 0.000000 1.000000
0.998069 -0.059761 0.016956 0.000000 0.061523 0.988699 -0.136708 14.409800 -0.008595 0.137487 0.990466 0.000000 0.000000 0.000000 0.000000 1.000000
0.998130 -0.059900 0.012216 0.000000 0.061107 0.983415 -0.170766 14.409800 -0.001785 0.171193 0.985236 -0.000000 0.000000 0.000000 0.000000 1.000000
0.998169 -0.060069 0.007152 0.000000 0.060249 0.976523 -0.206818 14.409800 0.005440 0.206870 0.978353 0.000000 0.000000 0.000000 0.000000 1.000000
0.998181 -0.060264 0.001959 0.000000 0.058929 0.968161 -0.243292 14.409800 0.012765 0.242965 0.969951 -0.000000 0.000000 0.000000 0.000000 1.000000
0.998165 -0.060474 -0.003159 0.000000 0.057201 0.958686 -0.278655 14.409800 0.019880 0.277963 0.960386 0.000000 0.000000 0.000000 0.000000 1.000000
0.998125 -0.060691 -0.007987 0.000000 0.055191 0.948662 -0.311438 14.409800 0.026478 0.310413 0.950233 0.000000 0.000000 0.000000 0.000000 1.000000
0.998068 -0.060899 -0.012303 0.000000 0.053091 0.938838 -0.340242 14.409800 0.032271 0.338932 0.940257 0.000000 0.000000 0.000000 0.000000 1.000000
0.998006 -0.061083 -0.015881 0.000000 0.051138 0.930095 -0.363742 14.409800 0.036989 0.362205 0.931364 0.000000 0.000000 0.000000 0.000000 1.000000
0.997953 -0.061223 -0.018491 0.000000 0.049595 0.923383 -0.380664 14.409800 0.040380 0.378967 0.924529 0.000000 0.000000 0.000000 0.000000 1.000000
0.997921 -0.061302 -0.019904 0.000000 0.048719 0.919633 -0.389746 14.409800 0.042197 0.387966 0.920707 -0.000000 0.000000 0.000000 0.000000 1.000000
0.997916 -0.061314 -0.020092 0.000000 0.048602 0.919131 -0.390944 14.409800 0.042438 0.389152 0.920195 0.000000 0.000000 0.000000 0.000000 1.000000
0.997916 -0.061314 -0.020092 0.000000 0.048602 0.919131 -0.390944 14.409800 0.042438 0.389152 0.920195 0.000000 0.000000 0.000000 0.000000 1.000000
0.997916 -0.061314 -0.020092 0.000000 0.048602 0.919130 -0.390944 14.409800 0.042437 0.389153 0.920195 0.000000 0.000000 0.000000 0.000000 1.000000
0.997916 -0.061314 -0.020090 0.000000 0.048603 0.919130 -0.390944 14.409800 0.042435 0.389153 0.920195 0.000000 0.000000 0.000000 0.000000 1.000000
0.997916 -0.061315 -0.020085 -0.000000 0.048605 0.919130 -0.390944 14.409800 0.042431 0.389153 0.920195 -0.000000 0.000000 0.000000 0.000000 1.000000
0.997917 -0.061315 -0.020077 0.000000 0.048609 0.919130 -0.390943 14.409800 0.042424 0.389153 0.920196 -0.000000 0.000000 0.000000 0.000000 1.000000
0.997917 -0.061315 -0.020067 -0.000000 0.048613 0.919130 -0.390943 14.409800 0.042415 0.389153 0.920196 0.000000 0.000000 0.000000 0.000000 1.000000
0.997900 -0.061571 -0.020138 0.000000 0.048984 0.920608 -0.387402 14.409800 0.042392 0.385602 0.921691 0.000000 0.000000 0.000000 0.000000 1.000000
0.997852 -0.062297 -0.020273 -0.000000 0.050063 0.924702 -0.377385 14.409800 0.042256 0.375560 0.925834 0.000000 0.000000 0.000000 0.000000 1.000000
0.997776 -0.063426 -0.020491 0.000000 0.051741 0.930829 -0.361773 14.409800 0.042020 0.359908 0.932041 0.000000 0.000000 0.000000 0.000000 1.000000
0.997676 -0.064894 -0.020791 0.000000 0.053920 0.938357 -0.341437 14.409800 0.041667 0.339523 0.939675 0.000000 0.000000 0.000000 0.000000 1.000000
0.997553 -0.066632 -0.021169 0.000000 0.056500 0.946655 -0.317258 14.409800 0.041179 0.315286 0.948103 0.000000 0.000000 0.000000 0.000000 1.000000
0.997412 -0.068574 -0.021620 0.000000 0.059378 0.955138 -0.290148 14.409800 0.040547 0.288114 0.956737 -0.000000 0.000000 0.000000 0.000000 1.000000
0.997256 -0.070649 -0.022137 0.000000 0.062449 0.963301 -0.261056 14.409800 0.039768 0.258958 0.965070 0.000000 0.000000 0.000000 0.000000 1.000000
0.997089 -0.072788 -0.022707 0.000000 0.065605 0.970746 -0.230974 14.409800 0.038854 0.228812 0.972695 0.000000 0.000000 0.000000 0.000000 1.000000
0.996917 -0.074919 -0.023312 -0.000000 0.068738 0.977192 -0.200925 14.409800 0.037834 0.198703 0.979329 0.000000 0.000000 0.000000 0.000000 1.000000
0.996746 -0.076968 -0.023930 0.000000 0.071738 0.982487 -0.171967 14.409800 0.036747 0.169691 0.984812 -0.000000 0.000000 0.000000 0.000000 1.000000
0.996584 -0.078861 -0.024533 0.000000 0.074498 0.986598 -0.145169 14.409800 0.035652 0.142845 0.989103 0.000000 0.000000 0.000000 0.000000 1.000000
0.996437 -0.080524 -0.025087 0.000000 0.076909 0.989594 -0.121608 14.409800 0.034618 0.119246 0.992261 0.000000 0.000000 0.000000 0.000000 1.000000
0.996314 -0.081881 -0.025558 -0.000000 0.078869 0.991616 -0.102360 14.409800 0.033725 0.099967 0.994419 0.000000 0.000000 0.000000 0.000000 1.000000
0.996224 -0.082860 -0.025907 -0.000000 0.080277 0.992837 -0.088490 14.409800 0.033054 0.086077 0.995740 0.000000 0.000000 0.000000 0.000000 1.000000
0.996175 -0.083386 -0.026099 -0.000000 0.081031 0.993410 -0.081055 14.409800 0.032686 0.078630 0.996368 0.000000 0.000000 0.000000 0.000000 1.000000
0.996172 -0.083428 -0.026096 0.000000 0.081105 0.993484 -0.080073 14.409800 0.032606 0.077650 0.996447 0.000000 0.000000 0.000000 0.000000 1.000000
0.996172 -0.083428 -0.026096 0.000000 0.081105 0.993484 -0.080073 14.409800 0.032606 0.077650 0.996447 0.000000 0.000000 0.000000 0.000000 1.000000
0.996172 -0.083428 -0.026096 0.000000 0.081105 0.993484 -0.080072 14.409800 0.032606 0.077649 0.996447 -0.000000 0.000000 0.000000 0.000000 1.000000
0.996172 -0.083428 -0.026097 0.000000 0.081105 0.993484 -0.080073 14.409800 0.032607 0.077650 0.996447 0.000000 0.000000 0.000000 0.000000 1.000000
0.996172 -0.083428 -0.026096 0.000000 0.081106 0.993484 -0.080073 14.409800 0.032607 0.077650 0.996447 0.000000 0.000000 0.000000 0.000000 1.000000</float_array>
        <technique_common>
          <accessor source="#mixamorig_RightHandMiddle1-Matrix-animation-output-transform-array" count="50" stride="16">
            <param type="float4x4"/>
          </accessor>
        </technique_common>
      </source>
      <source id="mixamorig_RightHandMiddle1-Interpolations">
        <Name_array id="mixamorig_RightHandMiddle1-Interpolations-array" count="50">
 LINEAR LINEAR LINEAR LINEAR LINEAR LINEAR LINEAR LINEAR LINEAR LINEAR LINEAR
LINEAR LINEAR LINEAR LINEAR LINEAR LINEAR LINEAR LINEAR LINEAR LINEAR LINEAR LINEAR
LINEAR LINEAR LINEAR LINEAR LINEAR LINEAR LINEAR LINEAR LINEAR LINEAR LINEAR LINEAR
LINEAR LINEAR LINEAR LINEAR LINEAR LINEAR LINEAR LINEAR LINEAR LINEAR LINEAR LINEAR
LINEAR LINEAR LINEAR</Name_array>
        <technique_common>
          <accessor source="#mixamorig_RightHandMiddle1-Interpolations-array" count="50">
            <param type="name"/>
          </accessor>
        </technique_common>
      </source>
      <sampler id="mixamorig_RightHandMiddle1-Matrix-animation-transform">
        <input semantic="INPUT" source="#mixamorig_RightHandMiddle1-Matrix-animation-input"/>
        <input semantic="OUTPUT" source="#mixamorig_RightHandMiddle1-Matrix-animation-output-transform"/>
        <input semantic="INTERPOLATION" source="#mixamorig_RightHandMiddle1-Interpolations"/>
      </sampler>
      <channel source="#mixamorig_RightHandMiddle1-Matrix-animation-transform" target="mixamorig_RightHandMiddle1/matrix"/>
    </animation>
    <animation id="mixamorig_RightHandMiddle2-anim" name="mixamorig_RightHandMiddle2">
      <source id="mixamorig_RightHandMiddle2-Matrix-animation-input">
        <float_array id="mixamorig_RightHandMiddle2-Matrix-animation-input-array" count="50">

0.000000 0.033333 0.066667 0.100000 0.133333 0.166667 0.200000 0.233333 0.266667 0.300000 0.333333 0.366667 0.400000 0.433333 0.466667 0.500000
0.533333 0.566667 0.600000 0.633333 0.666667 0.700000 0.733333 0.766667 0.800000 0.833333 0.866667 0.900000 0.933333 0.966667 1.000000 1.033333
1.066667 1.100000 1.133333 1.166667 1.200000 1.233333 1.266667 1.300000 1.333333 1.366667 1.400000 1.433333 1.466667 1.500000 1.533333 1.566667
1.600000 1.633333</float_array>
        <technique_common>
          <accessor source="#mixamorig_RightHandMiddle2-Matrix-animation-input-array" count="50">
            <param name="TIME" type="float"/>
          </accessor>
        </technique_common>
      </source>
      <source id="mixamorig_RightHandMiddle2-Matrix-animation-output-transform">
        <float_array id="mixamorig_RightHandMiddle2-Matrix-animation-output-transform-array" count="800">

0.999800 0.015892 -0.012134 0.000000 -0.018212 0.974272 -0.224638 3.259100 0.008252 0.224814 0.974367 0.000000 0.000000 0.000000 0.000000 1.000000
0.999801 0.015852 -0.012116 0.000000 -0.018162 0.974490 -0.223696 3.259100 0.008261 0.223872 0.974584 0.000000 0.000000 0.000000 0.000000 1.000000
0.999804 0.015712 -0.012063 0.000000 -0.017993 0.975042 -0.221290 3.259100 0.008285 0.221463 0.975133 0.000000 0.000000 0.000000 0.000000 1.000000
0.999808 0.015527 -0.011987 0.000000 -0.017764 0.975884 -0.217564 3.259100 0.008320 0.217735 0.975972 0.000000 0.000000 0.000000 0.000000 1.000000
0.999812 0.015294 -0.011893 0.000000 -0.017476 0.976928 -0.212854 3.259100 0.008363 0.213022 0.977012 0.000000 0.000000 0.000000 0.000000 1.000000
0.999818 0.015013 -0.011786 0.000000 -0.017133 0.978096 -0.207448 3.259100 0.008413 0.207612 0.978175 0.000000 0.000000 0.000000 0.000000 1.000000
0.999824 0.014713 -0.011677 -0.000000 -0.016766 0.979312 -0.201660 3.259100 0.008469 0.201820 0.979386 0.000000 0.000000 0.000000 0.000000 1.000000
0.999829 0.014406 -0.011578 0.000000 -0.016395 0.980506 -0.195804 3.259100 0.008531 0.195960 0.980575 0.000000 0.000000 0.000000 0.000000 1.000000
0.999834 0.014110 -0.011487 0.000000 -0.016038 0.981620 -0.190171 3.259100 0.008592 0.190324 0.981684 0.000000 0.000000 0.000000 0.000000 1.000000
0.999835 0.014059 -0.011481 -0.000000 -0.015978 0.981802 -0.189235 3.259100 0.008612 0.189387 0.981865 0.000000 0.000000 0.000000 0.000000 1.000000
0.999823 0.014717 -0.011724 0.000000 -0.016782 0.979260 -0.201914 3.259100 0.008509 0.202075 0.979333 0.000000 0.000000 0.000000 0.000000 1.000000
0.999801 0.015925 -0.011988 0.000000 -0.018211 0.974313 -0.224461 3.259100 0.008106 0.224635 0.974409 0.000000 0.000000 0.000000 0.000000 1.000000
0.999770 0.017503 -0.012377 0.000000 -0.020073 0.967020 -0.253909 3.259100 0.007525 0.254099 0.967149 -0.000000 0.000000 0.000000 0.000000 1.000000
0.999736 0.019065 -0.012814 0.000000 -0.021914 0.958845 -0.283082 3.259100 0.006890 0.283288 0.959010 0.000000 0.000000 0.000000 0.000000 1.000000
0.999694 0.020803 -0.013361 0.000000 -0.023957 0.948616 -0.315521 3.259100 0.006110 0.315744 0.948825 -0.000000 0.000000 0.000000 0.000000 1.000000
0.999646 0.022632 -0.014008 0.000000 -0.026102 0.936509 -0.349670 3.259100 0.005204 0.349912 0.936768 0.000000 0.000000 0.000000 0.000000 1.000000
0.999592 0.024471 -0.014735 -0.000000 -0.028254 0.922893 -0.384018 3.259100 0.004201 0.384278 0.923208 0.000000 0.000000 0.000000 0.000000 1.000000
0.999535 0.026245 -0.015512 0.000000 -0.030324 0.908342 -0.417128 3.259100 0.003142 0.417404 0.908715 0.000000 0.000000 0.000000 0.000000 1.000000
0.999478 0.027880 -0.016297 -0.000000 -0.032226 0.893629 -0.447648 3.259100 0.002083 0.447940 0.894061 0.000000 0.000000 0.000000 0.000000 1.000000
0.999425 0.029308 -0.017041 0.000000 -0.033884 0.879696 -0.474327 3.259100 0.001090 0.474632 0.880184 0.000000 0.000000 0.000000 0.000000 1.000000
0.999379 0.030468 -0.017687 0.000000 -0.035229 0.867611 -0.495995 3.259100 0.000233 0.496310 0.868145 0.000000 0.000000 0.000000 0.000000 1.000000
0.999345 0.031301 -0.018174 0.000000 -0.036192 0.858497 -0.511541 3.259100 -0.000410 0.511863 0.859067 0.000000 0.000000 0.000000 0.000000 1.000000
0.999326 0.031719 -0.018488 0.000000 -0.036706 0.853460 -0.519865 3.259100 -0.000711 0.520193 0.854048 0.000000 0.000000 0.000000 0.000000 1.000000
0.999324 0.031750 -0.018524 0.000000 -0.036751 0.852788 -0.520963 3.259100 -0.000744 0.521292 0.853378 0.000000 0.000000 0.000000 0.000000 1.000000
0.999324 0.031751 -0.018520 0.000000 -0.036750 0.852787 -0.520964 3.259100 -0.000747 0.521292 0.853378 0.000000 0.000000 0.000000 0.000000 1.000000
0.999324 0.031751 -0.018516 -0.000000 -0.036748 0.852788 -0.520964 3.259100 -0.000750 0.521292 0.853378 0.000000 0.000000 0.000000 0.000000 1.000000
0.999324 0.031748 -0.018513 0.000000 -0.036744 0.852788 -0.520964 3.259100 -0.000752 0.521292 0.853378 0.000000 0.000000 0.000000 0.000000 1.000000
0.999325 0.031743 -0.018509 -0.000000 -0.036738 0.852788 -0.520963 3.259100 -0.000753 0.521292 0.853378 -0.000000 0.000000 0.000000 0.000000 1.000000
0.999325 0.031737 -0.018505 0.000000 -0.036730 0.852787 -0.520965 3.259100 -0.000753 0.521293 0.853377 0.000000 0.000000 0.000000 0.000000 1.000000
0.999325 0.031728 -0.018499 0.000000 -0.036720 0.852788 -0.520965 3.259100 -0.000754 0.521293 0.853378 -0.000000 0.000000 0.000000 0.000000 1.000000
0.999331 0.031630 -0.018371 0.000000 -0.036572 0.854791 -0.517681 3.259100 -0.000671 0.518007 0.855376 0.000000 0.000000 0.000000 0.000000 1.000000
0.999352 0.031132 -0.018073 -0.000000 -0.035997 0.860376 -0.508387 3.259100 -0.000278 0.508708 0.860939 0.000000 0.000000 0.000000 0.000000 1.000000
0.999384 0.030354 -0.017621 0.000000 -0.035096 0.868830 -0.493865 3.259100 0.000319 0.494179 0.869360 0.000000 0.000000 0.000000 0.000000 1.000000
0.999424 0.029338 -0.017057 0.000000 -0.033919 0.879397 -0.474880 3.259100 0.001068 0.475185 0.879885 -0.000000 0.000000 0.000000 0.000000 1.000000
0.999470 0.028123 -0.016421 -0.000000 -0.032510 0.891319 -0.452209 3.259100 0.001919 0.452503 0.891761 0.000000 0.000000 0.000000 0.000000 1.000000
0.999518 0.026756 -0.015750 -0.000000 -0.030919 0.903880 -0.426667 3.259100 0.002820 0.426948 0.904272 0.000000 0.000000 0.000000 0.000000 1.000000
0.999567 0.025280 -0.015079 0.000000 -0.029198 0.916435 -0.399116 3.259100 0.003730 0.399384 0.916776 0.000000 0.000000 0.000000 0.000000 1.000000
0.999614 0.023746 -0.014439 0.000000 -0.027407 0.928437 -0.370478 3.259100 0.004608 0.370730 0.928729 0.000000 0.000000 0.000000 0.000000 1.000000
0.999657 0.022207 -0.013850 -0.000000 -0.025604 0.939451 -0.341725 3.259100 0.005423 0.341962 0.939698 -0.000000 0.000000 0.000000 0.000000 1.000000
0.999697 0.020715 -0.013331 -0.000000 -0.023853 0.949165 -0.313875 3.259100 0.006152 0.314098 0.949371 0.000000 0.000000 0.000000 0.000000 1.000000
0.999730 0.019328 -0.012893 0.000000 -0.022223 0.957377 -0.287985 3.259100 0.006778 0.288194 0.957548 0.000000 0.000000 0.000000 0.000000 1.000000
0.999757 0.018103 -0.012540 0.000000 -0.020781 0.963989 -0.265130 3.259100 0.007289 0.265326 0.964131 -0.000000 0.000000 0.000000 0.000000 1.000000
0.999778 0.017100 -0.012273 0.000000 -0.019598 0.968972 -0.246393 3.259100 0.007679 0.246579 0.969092 0.000000 0.000000 0.000000 0.000000 1.000000
0.999793 0.016375 -0.012094 0.000000 -0.018742 0.972330 -0.232857 3.259100 0.007946 0.233035 0.972436 0.000000 0.000000 0.000000 0.000000 1.000000
0.999801 0.016001 -0.011938 0.000000 -0.018282 0.974051 -0.225589 3.259100 0.008018 0.225762 0.974149 -0.000000 0.000000 0.000000 0.000000 1.000000
0.999801 0.015972 -0.011923 0.000000 -0.018243 0.974273 -0.224630 3.259100 0.008028 0.224803 0.974371 0.000000 0.000000 0.000000 0.000000 1.000000
0.999801 0.015972 -0.011923 0.000000 -0.018243 0.974273 -0.224631 3.259100 0.008028 0.224804 0.974371 0.000000 0.000000 0.000000 0.000000 1.000000
0.999801 0.015972 -0.011923 -0.000000 -0.018243 0.974273 -0.224631 3.259100 0.008028 0.224804 0.974371 -0.000000 0.000000 0.000000 0.000000 1.000000
0.999801 0.015972 -0.011922 0.000000 -0.018242 0.974273 -0.224631 3.259100 0.008027 0.224804 0.974371 0.000000 0.000000 0.000000 0.000000 1.000000
0.999801 0.015972 -0.011923 -0.000000 -0.018243 0.974273 -0.224631 3.259100 0.008028 0.224804 0.974371 0.000000 0.000000 0.000000 0.000000 1.000000</float_array>
        <technique_common>
          <accessor source="#mixamorig_RightHandMiddle2-Matrix-animation-output-transform-array" count="50" stride="16">
            <param type="float4x4"/>
          </accessor>
        </technique_common>
      </source>
      <source id="mixamorig_RightHandMiddle2-Interpolations">
        <Name_array id="mixamorig_RightHandMiddle2-Interpolations-array" count="50">
 LINEAR LINEAR LINEAR LINEAR LINEAR LINEAR LINEAR LINEAR LINEAR LINEAR LINEAR
LINEAR LINEAR LINEAR LINEAR LINEAR LINEAR LINEAR LINEAR LINEAR LINEAR LINEAR LINEAR
LINEAR LINEAR LINEAR LINEAR LINEAR LINEAR LINEAR LINEAR LINEAR LINEAR LINEAR LINEAR
LINEAR LINEAR LINEAR LINEAR LINEAR LINEAR LINEAR LINEAR LINEAR LINEAR LINEAR LINEAR
LINEAR LINEAR LINEAR</Name_array>
        <technique_common>
          <accessor source="#mixamorig_RightHandMiddle2-Interpolations-array" count="50">
            <param type="name"/>
          </accessor>
        </technique_common>
      </source>
      <sampler id="mixamorig_RightHandMiddle2-Matrix-animation-transform">
        <input semantic="INPUT" source="#mixamorig_RightHandMiddle2-Matrix-animation-input"/>
        <input semantic="OUTPUT" source="#mixamorig_RightHandMiddle2-Matrix-animation-output-transform"/>
        <input semantic="INTERPOLATION" source="#mixamorig_RightHandMiddle2-Interpolations"/>
      </sampler>
      <channel source="#mixamorig_RightHandMiddle2-Matrix-animation-transform" target="mixamorig_RightHandMiddle2/matrix"/>
    </animation>
    <animation id="mixamorig_RightHandMiddle3-anim" name="mixamorig_RightHandMiddle3">
      <source id="mixamorig_RightHandMiddle3-Matrix-animation-input">
        <float_array id="mixamorig_RightHandMiddle3-Matrix-animation-input-array" count="50">

0.000000 0.033333 0.066667 0.100000 0.133333 0.166667 0.200000 0.233333 0.266667 0.300000 0.333333 0.366667 0.400000 0.433333 0.466667 0.500000
0.533333 0.566667 0.600000 0.633333 0.666667 0.700000 0.733333 0.766667 0.800000 0.833333 0.866667 0.900000 0.933333 0.966667 1.000000 1.033333
1.066667 1.100000 1.133333 1.166667 1.200000 1.233333 1.266667 1.300000 1.333333 1.366667 1.400000 1.433333 1.466667 1.500000 1.533333 1.566667
1.600000 1.633333</float_array>
        <technique_common>
          <accessor source="#mixamorig_RightHandMiddle3-Matrix-animation-input-array" count="50">
            <param name="TIME" type="float"/>
          </accessor>
        </technique_common>
      </source>
      <source id="mixamorig_RightHandMiddle3-Matrix-animation-output-transform">
        <float_array id="mixamorig_RightHandMiddle3-Matrix-animation-output-transform-array" count="800">

0.999647 0.020146 -0.017318 -0.000000 -0.024246 0.958287 -0.284778 2.639800 0.010859 0.285097 0.958437 0.000000 0.000000 0.000000 0.000000 1.000000
0.999648 0.020123 -0.017299 -0.000000 -0.024208 0.958563 -0.283851 2.639800 0.010870 0.284170 0.958712 0.000000 0.000000 0.000000 0.000000 1.000000
0.999650 0.020064 -0.017249 0.000000 -0.024110 0.959264 -0.281480 2.639800 0.010899 0.281797 0.959412 0.000000 0.000000 0.000000 0.000000 1.000000
0.999655 0.019877 -0.017146 0.000000 -0.023861 0.960338 -0.277816 2.639800 0.010944 0.278129 0.960481 0.000000 0.000000 0.000000 0.000000 1.000000
0.999662 0.019649 -0.017019 0.000000 -0.023553 0.961674 -0.273182 2.639800 0.010999 0.273491 0.961812 0.000000 0.000000 0.000000 0.000000 1.000000
0.999669 0.019362 -0.016943 -0.000000 -0.023195 0.963178 -0.267861 2.639800 0.011133 0.268165 0.963309 0.000000 0.000000 0.000000 0.000000 1.000000
0.999676 0.019056 -0.016864 0.000000 -0.022813 0.964754 -0.262161 2.639800 0.011273 0.262461 0.964877 0.000000 0.000000 0.000000 0.000000 1.000000
0.999684 0.018754 -0.016755 -0.000000 -0.022425 0.966313 -0.256392 2.639800 0.011382 0.256686 0.966428 0.000000 0.000000 0.000000 0.000000 1.000000
0.999691 0.018451 -0.016632 0.000000 -0.022035 0.967777 -0.250842 2.639800 0.011468 0.251131 0.967885 -0.000000 0.000000 0.000000 0.000000 1.000000
0.999692 0.018417 -0.016623 0.000000 -0.021989 0.968018 -0.249916 2.639800 0.011489 0.250205 0.968125 0.000000 0.000000 0.000000 0.000000 1.000000
0.999676 0.019072 -0.016858 -0.000000 -0.022830 0.964687 -0.262409 2.639800 0.011258 0.262709 0.964809 0.000000 0.000000 0.000000 0.000000 1.000000
0.999647 0.020261 -0.017198 0.000000 -0.024320 0.958338 -0.284600 2.639800 0.010715 0.284917 0.958492 0.000000 0.000000 0.000000 0.000000 1.000000
0.999606 0.021812 -0.017684 -0.000000 -0.026259 0.949216 -0.313527 2.639800 0.009947 0.313867 0.949415 -0.000000 0.000000 0.000000 0.000000 1.000000
0.999562 0.023344 -0.018216 0.000000 -0.028170 0.939231 -0.342127 2.639800 0.009122 0.342490 0.939477 0.000000 0.000000 0.000000 0.000000 1.000000
0.999508 0.025046 -0.018868 -0.000000 -0.030286 0.926991 -0.373858 2.639800 0.008127 0.374245 0.927294 0.000000 0.000000 0.000000 0.000000 1.000000
0.999447 0.026832 -0.019626 0.000000 -0.032501 0.912771 -0.407177 2.639800 0.006989 0.407590 0.913138 -0.000000 0.000000 0.000000 0.000000 1.000000
0.999381 0.028623 -0.020466 0.000000 -0.034715 0.897031 -0.440602 2.639800 0.005747 0.441040 0.897469 -0.000000 0.000000 0.000000 0.000000 1.000000
0.999311 0.030345 -0.021351 -0.000000 -0.036835 0.880435 -0.472733 2.639800 0.004453 0.473194 0.880947 0.000000 0.000000 0.000000 0.000000 1.000000
0.999243 0.031928 -0.022236 -0.000000 -0.038778 0.863841 -0.502271 2.639800 0.003172 0.502752 0.864425 0.000000 0.000000 0.000000 0.000000 1.000000
0.999179 0.033308 -0.023067 -0.000000 -0.040467 0.848266 -0.528023 2.639800 0.001979 0.528522 0.848917 -0.000000 0.000000 0.000000 0.000000 1.000000
0.999124 0.034427 -0.023782 0.000000 -0.041832 0.834848 -0.548889 2.639800 0.000958 0.549403 0.835557 -0.000000 0.000000 0.000000 0.000000 1.000000
0.999083 0.035229 -0.024318 0.000000 -0.042807 0.824778 -0.563834 2.639800 0.000194 0.564359 0.825530 0.000000 0.000000 0.000000 0.000000 1.000000
0.999061 0.035657 -0.024615 0.000000 -0.043327 0.819229 -0.571827 2.639800 -0.000224 0.572356 0.820005 -0.000000 0.000000 0.000000 0.000000 1.000000
0.999059 0.035677 -0.024660 0.000000 -0.043370 0.818490 -0.572881 2.639800 -0.000255 0.573411 0.819267 -0.000000 0.000000 0.000000 0.000000 1.000000
0.999059 0.035675 -0.024661 -0.000000 -0.043369 0.818490 -0.572881 2.639800 -0.000253 0.573412 0.819267 0.000000 0.000000 0.000000 0.000000 1.000000
0.999059 0.035672 -0.024662 0.000000 -0.043366 0.818491 -0.572881 2.639800 -0.000250 0.573411 0.819268 0.000000 0.000000 0.000000 0.000000 1.000000
0.999059 0.035666 -0.024663 -0.000000 -0.043362 0.818491 -0.572881 2.639800 -0.000246 0.573412 0.819267 -0.000000 0.000000 0.000000 0.000000 1.000000
0.999060 0.035657 -0.024664 0.000000 -0.043355 0.818491 -0.572881 2.639800 -0.000240 0.573412 0.819267 0.000000 0.000000 0.000000 0.000000 1.000000
0.999060 0.035644 -0.024667 0.000000 -0.043346 0.818491 -0.572882 2.639800 -0.000231 0.573413 0.819267 -0.000000 0.000000 0.000000 0.000000 1.000000
0.999061 0.035628 -0.024669 0.000000 -0.043334 0.818491 -0.572882 2.639800 -0.000219 0.573413 0.819266 0.000000 0.000000 0.000000 0.000000 1.000000
0.999067 0.035544 -0.024537 0.000000 -0.043191 0.820696 -0.569731 2.639800 -0.000113 0.570259 0.821465 -0.000000 0.000000 0.000000 0.000000 1.000000
0.999092 0.035066 -0.024208 0.000000 -0.042609 0.826851 -0.560805 2.639800 0.000352 0.561327 0.827594 -0.000000 0.000000 0.000000 0.000000 1.000000
0.999130 0.034317 -0.023710 0.000000 -0.041698 0.836198 -0.546841 2.639800 0.001060 0.547353 0.836901 0.000000 0.000000 0.000000 0.000000 1.000000
0.999178 0.033337 -0.023084 0.000000 -0.040502 0.847932 -0.528555 2.639800 0.001953 0.529055 0.848585 -0.000000 0.000000 0.000000 0.000000 1.000000
0.999232 0.032165 -0.022374 0.000000 -0.039068 0.861250 -0.506677 2.639800 0.002973 0.507162 0.861846 -0.000000 0.000000 0.000000 0.000000 1.000000
0.999290 0.030840 -0.021621 0.000000 -0.037444 0.875386 -0.481972 2.639800 0.004062 0.482440 0.875920 -0.000000 0.000000 0.000000 0.000000 1.000000
0.999350 0.029409 -0.020860 0.000000 -0.035684 0.889641 -0.455265 2.639800 0.005169 0.455713 0.890112 0.000000 0.000000 0.000000 0.000000 1.000000
0.999408 0.027918 -0.020125 0.000000 -0.033844 0.903411 -0.427437 2.639800 0.006248 0.427865 0.903821 0.000000 0.000000 0.000000 0.000000 1.000000
0.999462 0.026417 -0.019444 0.000000 -0.031987 0.916204 -0.399433 2.639800 0.007263 0.399840 0.916556 -0.000000 0.000000 0.000000 0.000000 1.000000
0.999511 0.024959 -0.018833 -0.000000 -0.030179 0.927641 -0.372251 2.639800 0.008179 0.372637 0.927941 -0.000000 0.000000 0.000000 0.000000 1.000000
0.999554 0.023603 -0.018310 0.000000 -0.028491 0.937459 -0.346929 2.639800 0.008977 0.347296 0.937713 -0.000000 0.000000 0.000000 0.000000 1.000000
0.999589 0.022402 -0.017883 0.000000 -0.026996 0.945488 -0.324535 2.639800 0.009637 0.324884 0.945705 0.000000 0.000000 0.000000 0.000000 1.000000
0.999617 0.021417 -0.017554 0.000000 -0.025765 0.951634 -0.306151 2.639800 0.010149 0.306486 0.951821 0.000000 0.000000 0.000000 0.000000 1.000000
0.999635 0.020704 -0.017331 -0.000000 -0.024874 0.955833 -0.292854 2.639800 0.010502 0.293179 0.956000 -0.000000 0.000000 0.000000 0.000000 1.000000
0.999646 0.020331 -0.017180 0.000000 -0.024394 0.958006 -0.285709 2.639800 0.010650 0.286026 0.958163 0.000000 0.000000 0.000000 0.000000 1.000000
0.999646 0.020308 -0.017161 0.000000 -0.024356 0.958287 -0.284767 2.639800 0.010662 0.285084 0.958443 0.000000 0.000000 0.000000 0.000000 1.000000
0.999646 0.020307 -0.017161 0.000000 -0.024356 0.958287 -0.284767 2.639800 0.010662 0.285084 0.958443 -0.000000 0.000000 0.000000 0.000000 1.000000
0.999646 0.020307 -0.017161 -0.000000 -0.024356 0.958287 -0.284767 2.639800 0.010662 0.285084 0.958443 0.000000 0.000000 0.000000 0.000000 1.000000
0.999646 0.020308 -0.017161 0.000000 -0.024356 0.958287 -0.284767 2.639800 0.010662 0.285084 0.958443 0.000000 0.000000 0.000000 0.000000 1.000000
0.999646 0.020308 -0.017161 -0.000000 -0.024356 0.958287 -0.284767 2.639800 0.010662 0.285084 0.958443 -0.000000 0.000000 0.000000 0.000000 1.000000</float_array>
        <technique_common>
          <accessor source="#mixamorig_RightHandMiddle3-Matrix-animation-output-transform-array" count="50" stride="16">
            <param type="float4x4"/>
          </accessor>
        </technique_common>
      </source>
      <source id="mixamorig_RightHandMiddle3-Interpolations">
        <Name_array id="mixamorig_RightHandMiddle3-Interpolations-array" count="50">
 LINEAR LINEAR LINEAR LINEAR LINEAR LINEAR LINEAR LINEAR LINEAR LINEAR LINEAR
LINEAR LINEAR LINEAR LINEAR LINEAR LINEAR LINEAR LINEAR LINEAR LINEAR LINEAR LINEAR
LINEAR LINEAR LINEAR LINEAR LINEAR LINEAR LINEAR LINEAR LINEAR LINEAR LINEAR LINEAR
LINEAR LINEAR LINEAR LINEAR LINEAR LINEAR LINEAR LINEAR LINEAR LINEAR LINEAR LINEAR
LINEAR LINEAR LINEAR</Name_array>
        <technique_common>
          <accessor source="#mixamorig_RightHandMiddle3-Interpolations-array" count="50">
            <param type="name"/>
          </accessor>
        </technique_common>
      </source>
      <sampler id="mixamorig_RightHandMiddle3-Matrix-animation-transform">
        <input semantic="INPUT" source="#mixamorig_RightHandMiddle3-Matrix-animation-input"/>
        <input semantic="OUTPUT" source="#mixamorig_RightHandMiddle3-Matrix-animation-output-transform"/>
        <input semantic="INTERPOLATION" source="#mixamorig_RightHandMiddle3-Interpolations"/>
      </sampler>
      <channel source="#mixamorig_RightHandMiddle3-Matrix-animation-transform" target="mixamorig_RightHandMiddle3/matrix"/>
    </animation>
    <animation id="mixamorig_RightHandRing1-anim" name="mixamorig_RightHandRing1">
      <source id="mixamorig_RightHandRing1-Matrix-animation-input">
        <float_array id="mixamorig_RightHandRing1-Matrix-animation-input-array" count="50">

0.000000 0.033333 0.066667 0.100000 0.133333 0.166667 0.200000 0.233333 0.266667 0.300000 0.333333 0.366667 0.400000 0.433333 0.466667 0.500000
0.533333 0.566667 0.600000 0.633333 0.666667 0.700000 0.733333 0.766667 0.800000 0.833333 0.866667 0.900000 0.933333 0.966667 1.000000 1.033333
1.066667 1.100000 1.133333 1.166667 1.200000 1.233333 1.266667 1.300000 1.333333 1.366667 1.400000 1.433333 1.466667 1.500000 1.533333 1.566667
1.600000 1.633333</float_array>
        <technique_common>
          <accessor source="#mixamorig_RightHandRing1-Matrix-animation-input-array" count="50">
            <param name="TIME" type="float"/>
          </accessor>
        </technique_common>
      </source>
      <source id="mixamorig_RightHandRing1-Matrix-animation-output-transform">
        <float_array id="mixamorig_RightHandRing1-Matrix-animation-output-transform-array" count="800">

0.989127 -0.146006 -0.017615 -3.304900 0.137485 0.960562 -0.241699 13.191500 0.052210 0.236649 0.970191 -0.322000 0.000000 0.000000 0.000000 1.000000
0.989117 -0.146046 -0.017855 -3.304900 0.137552 0.960947 -0.240124 13.191500 0.052227 0.235055 0.970578 -0.322000 0.000000 0.000000 0.000000 1.000000
0.989081 -0.146188 -0.018661 -3.304900 0.137718 0.961913 -0.236130 13.191500 0.052470 0.230982 0.971542 -0.322000 0.000000 0.000000 0.000000 1.000000
0.989041 -0.146294 -0.019901 -3.304900 0.137873 0.963389 -0.229942 13.191500 0.052811 0.224679 0.973001 -0.322000 0.000000 0.000000 0.000000 1.000000
0.989016 -0.146240 -0.021485 -3.304900 0.137897 0.965223 -0.222101 13.191500 0.053218 0.216699 0.974787 -0.322000 0.000000 0.000000 0.000000 1.000000
0.988998 -0.146080 -0.023303 -3.304900 0.137848 0.967259 -0.213091 13.191500 0.053669 0.207534 0.976754 -0.322000 0.000000 0.000000 0.000000 1.000000
0.988997 -0.145761 -0.025254 -3.304900 0.137673 0.969363 -0.203423 13.191500 0.054132 0.197708 0.978765 -0.322000 0.000000 0.000000 0.000000 1.000000
0.989022 -0.145237 -0.027233 -3.304900 0.137320 0.971419 -0.193617 13.191500 0.054575 0.187752 0.980699 -0.322000 0.000000 0.000000 0.000000 1.000000
0.989081 -0.144461 -0.029140 -3.304900 0.136736 0.973339 -0.184160 13.191500 0.054967 0.178164 0.982464 -0.322000 0.000000 0.000000 0.000000 1.000000
0.989474 -0.141607 -0.029809 -3.304900 0.133996 0.974353 -0.180780 13.191500 0.054644 0.174882 0.983072 -0.322000 0.000000 0.000000 0.000000 1.000000
0.990410 -0.135296 -0.027971 -3.304900 0.127632 0.973515 -0.189681 13.191500 0.052893 0.184292 0.981447 -0.322000 0.000000 0.000000 0.000000 1.000000
0.991551 -0.127356 -0.024652 -3.304900 0.119632 0.971251 -0.205813 13.191500 0.050155 0.201125 0.978281 -0.322000 0.000000 0.000000 0.000000 1.000000
0.992763 -0.118368 -0.020282 -3.304900 0.110723 0.967557 -0.227098 13.191500 0.046505 0.223208 0.973661 -0.322000 0.000000 0.000000 0.000000 1.000000
0.993431 -0.113431 -0.015087 -3.304900 0.105762 0.960498 -0.257407 13.191500 0.043689 0.254121 0.966185 -0.322000 0.000000 0.000000 0.000000 1.000000
0.994110 -0.107980 -0.009278 -3.304900 0.100611 0.951301 -0.291383 13.191500 0.040290 0.288733 0.956561 -0.322000 0.000000 0.000000 0.000000 1.000000
0.994754 -0.102245 -0.003128 -3.304900 0.095593 0.940049 -0.327368 13.191500 0.036412 0.325352 0.944892 -0.322000 0.000000 0.000000 0.000000 1.000000
0.995333 -0.096455 0.003098 -3.304900 0.090970 0.927049 -0.363738 13.191500 0.032212 0.362322 0.931496 -0.322000 0.000000 0.000000 0.000000 1.000000
0.995824 -0.090840 0.009146 -3.304900 0.086935 0.912851 -0.398929 13.191500 0.027890 0.398058 0.916936 -0.322000 0.000000 0.000000 0.000000 1.000000
0.996218 -0.085622 0.014768 -3.304900 0.083598 0.898247 -0.431466 13.191500 0.023678 0.431069 0.902008 -0.322000 0.000000 0.000000 0.000000 1.000000
0.996517 -0.081022 0.019726 -3.304900 0.080998 0.884233 -0.459970 13.191500 0.019826 0.459965 0.887715 -0.322000 0.000000 0.000000 0.000000 1.000000
0.996728 -0.077255 0.023789 -3.304900 0.079115 0.871951 -0.483159 13.191500 0.016584 0.483460 0.875209 -0.322000 0.000000 0.000000 0.000000 1.000000
0.996860 -0.074534 0.026724 -3.304900 0.077896 0.862622 -0.499816 13.191500 0.014200 0.500329 0.865719 -0.322000 0.000000 0.000000 0.000000 1.000000
0.996925 -0.073070 0.028304 -3.304900 0.077291 0.857442 -0.508743 13.191500 0.012905 0.509367 0.860453 -0.322000 0.000000 0.000000 0.000000 1.000000
0.996932 -0.072893 0.028522 -3.304900 0.077232 0.856747 -0.509921 13.191500 0.012733 0.510559 0.859748 -0.322000 0.000000 0.000000 0.000000 1.000000
0.996932 -0.072886 0.028518 -3.304900 0.077224 0.856748 -0.509921 13.191500 0.012733 0.510559 0.859748 -0.322000 0.000000 0.000000 0.000000 1.000000
0.996933 -0.072881 0.028516 -3.304900 0.077219 0.856749 -0.509921 13.191500 0.012733 0.510559 0.859749 -0.322000 0.000000 0.000000 0.000000 1.000000
0.996933 -0.072879 0.028514 -3.304900 0.077216 0.856749 -0.509920 13.191500 0.012733 0.510558 0.859749 -0.322000 0.000000 0.000000 0.000000 1.000000
0.996933 -0.072878 0.028514 -3.304900 0.077215 0.856749 -0.509921 13.191500 0.012733 0.510559 0.859749 -0.322000 0.000000 0.000000 0.000000 1.000000
0.996933 -0.072877 0.028513 -3.304900 0.077214 0.856750 -0.509920 13.191500 0.012733 0.510558 0.859749 -0.322000 0.000000 0.000000 0.000000 1.000000
0.996933 -0.072877 0.028513 -3.304900 0.077214 0.856749 -0.509920 13.191500 0.012733 0.510558 0.859749 -0.322000 0.000000 0.000000 0.000000 1.000000
0.996885 -0.073745 0.027977 -3.304900 0.077734 0.858495 -0.506896 13.191500 0.013363 0.507491 0.861553 -0.322000 0.000000 0.000000 0.000000 1.000000
0.996742 -0.076193 0.026465 -3.304900 0.079229 0.863357 -0.498335 13.191500 0.015121 0.498808 0.866580 -0.322000 0.000000 0.000000 0.000000 1.000000
0.996504 -0.079991 0.024113 -3.304900 0.081629 0.870706 -0.484982 13.191500 0.017799 0.485255 0.874191 -0.322000 0.000000 0.000000 0.000000 1.000000
0.996166 -0.084908 0.021062 -3.304900 0.084881 0.879873 -0.467566 13.191500 0.021169 0.467562 0.883707 -0.322000 0.000000 0.000000 0.000000 1.000000
0.995724 -0.090711 0.017448 -3.304900 0.088926 0.890189 -0.446829 13.191500 0.025001 0.446470 0.894449 -0.322000 0.000000 0.000000 0.000000 1.000000
0.995177 -0.097169 0.013412 -3.304900 0.093684 0.901022 -0.423537 13.191500 0.029070 0.422751 0.905780 -0.322000 0.000000 0.000000 0.000000 1.000000
0.994531 -0.104048 0.009097 -3.304900 0.099038 0.911806 -0.398499 13.191500 0.033168 0.397221 0.917124 -0.322000 0.000000 0.000000 0.000000 1.000000
0.993797 -0.111111 0.004647 -3.304900 0.104834 0.922068 -0.372559 13.191500 0.037111 0.370735 0.927997 -0.322000 0.000000 0.000000 0.000000 1.000000
0.992999 -0.118123 0.000209 -3.304900 0.110873 0.931438 -0.346600 13.191500 0.040746 0.344196 0.938013 -0.322000 0.000000 0.000000 0.000000 1.000000
0.992168 -0.124845 -0.004062 -3.304900 0.116920 0.939652 -0.321535 13.191500 0.043959 0.318541 0.946889 -0.322000 0.000000 0.000000 0.000000 1.000000
0.991345 -0.131039 -0.008015 -3.304900 0.122706 0.946552 -0.298299 13.191500 0.046675 0.294733 0.954439 -0.322000 0.000000 0.000000 0.000000 1.000000
0.990578 -0.136467 -0.011491 -3.304900 0.127939 0.952071 -0.277837 13.191500 0.048856 0.273749 0.960560 -0.322000 0.000000 0.000000 0.000000 1.000000
0.989921 -0.140891 -0.014333 -3.304900 0.132312 0.956202 -0.261096 13.191500 0.050491 0.256568 0.965206 -0.322000 0.000000 0.000000 0.000000 1.000000
0.989431 -0.144074 -0.016383 -3.304900 0.135515 0.958970 -0.249021 13.191500 0.051588 0.244169 0.968360 -0.322000 0.000000 0.000000 0.000000 1.000000
0.989163 -0.145779 -0.017483 -3.304900 0.137251 0.960383 -0.242542 13.191500 0.052148 0.237514 0.969983 -0.322000 0.000000 0.000000 0.000000 1.000000
0.989127 -0.146003 -0.017627 -3.304900 0.137480 0.960565 -0.241690 13.191500 0.052219 0.236638 0.970194 -0.322000 0.000000 0.000000 0.000000 1.000000
0.989127 -0.146003 -0.017627 -3.304900 0.137480 0.960565 -0.241690 13.191500 0.052219 0.236639 0.970193 -0.322000 0.000000 0.000000 0.000000 1.000000
0.989127 -0.146003 -0.017627 -3.304900 0.137480 0.960565 -0.241690 13.191500 0.052220 0.236638 0.970193 -0.322000 0.000000 0.000000 0.000000 1.000000
0.989127 -0.146003 -0.017627 -3.304900 0.137480 0.960565 -0.241690 13.191500 0.052220 0.236638 0.970193 -0.322000 0.000000 0.000000 0.000000 1.000000
0.989127 -0.146003 -0.017627 -3.304900 0.137480 0.960565 -0.241690 13.191500 0.052220 0.236639 0.970193 -0.322000 0.000000 0.000000 0.000000 1.000000</float_array>
        <technique_common>
          <accessor source="#mixamorig_RightHandRing1-Matrix-animation-output-transform-array" count="50" stride="16">
            <param type="float4x4"/>
          </accessor>
        </technique_common>
      </source>
      <source id="mixamorig_RightHandRing1-Interpolations">
        <Name_array id="mixamorig_RightHandRing1-Interpolations-array" count="50">
 LINEAR LINEAR LINEAR LINEAR LINEAR LINEAR LINEAR LINEAR LINEAR LINEAR LINEAR
LINEAR LINEAR LINEAR LINEAR LINEAR LINEAR LINEAR LINEAR LINEAR LINEAR LINEAR LINEAR
LINEAR LINEAR LINEAR LINEAR LINEAR LINEAR LINEAR LINEAR LINEAR LINEAR LINEAR LINEAR
LINEAR LINEAR LINEAR LINEAR LINEAR LINEAR LINEAR LINEAR LINEAR LINEAR LINEAR LINEAR
LINEAR LINEAR LINEAR</Name_array>
        <technique_common>
          <accessor source="#mixamorig_RightHandRing1-Interpolations-array" count="50">
            <param type="name"/>
          </accessor>
        </technique_common>
      </source>
      <sampler id="mixamorig_RightHandRing1-Matrix-animation-transform">
        <input semantic="INPUT" source="#mixamorig_RightHandRing1-Matrix-animation-input"/>
        <input semantic="OUTPUT" source="#mixamorig_RightHandRing1-Matrix-animation-output-transform"/>
        <input semantic="INTERPOLATION" source="#mixamorig_RightHandRing1-Interpolations"/>
      </sampler>
      <channel source="#mixamorig_RightHandRing1-Matrix-animation-transform" target="mixamorig_RightHandRing1/matrix"/>
    </animation>
    <animation id="mixamorig_RightHandRing2-anim" name="mixamorig_RightHandRing2">
      <source id="mixamorig_RightHandRing2-Matrix-animation-input">
        <float_array id="mixamorig_RightHandRing2-Matrix-animation-input-array" count="50">

0.000000 0.033333 0.066667 0.100000 0.133333 0.166667 0.200000 0.233333 0.266667 0.300000 0.333333 0.366667 0.400000 0.433333 0.466667 0.500000
0.533333 0.566667 0.600000 0.633333 0.666667 0.700000 0.733333 0.766667 0.800000 0.833333 0.866667 0.900000 0.933333 0.966667 1.000000 1.033333
1.066667 1.100000 1.133333 1.166667 1.200000 1.233333 1.266667 1.300000 1.333333 1.366667 1.400000 1.433333 1.466667 1.500000 1.533333 1.566667
1.600000 1.633333</float_array>
        <technique_common>
          <accessor source="#mixamorig_RightHandRing2-Matrix-animation-input-array" count="50">
            <param name="TIME" type="float"/>
          </accessor>
        </technique_common>
      </source>
      <source id="mixamorig_RightHandRing2-Matrix-animation-output-transform">
        <float_array id="mixamorig_RightHandRing2-Matrix-animation-output-transform-array" count="800">

0.999864 0.014198 0.008350 -0.000000 -0.010730 0.946063 -0.323804 2.717600 -0.012497 0.323671 0.946087 0.000000 0.000000 0.000000 0.000000 1.000000
0.999865 0.014115 0.008373 0.000000 -0.010665 0.946596 -0.322244 2.717600 -0.012475 0.322112 0.946620 0.000000 0.000000 0.000000 0.000000 1.000000
0.999868 0.013904 0.008432 0.000000 -0.010498 0.947946 -0.318258 2.717600 -0.012418 0.318127 0.947967 0.000000 0.000000 0.000000 0.000000 1.000000
0.999872 0.013577 0.008521 0.000000 -0.010240 0.950000 -0.312081 2.717600 -0.012332 0.311953 0.950017 0.000000 0.000000 0.000000 0.000000 1.000000
0.999876 0.013163 0.008630 -0.000000 -0.009913 0.952537 -0.304262 2.717600 -0.012225 0.304138 0.952549 0.000000 0.000000 0.000000 0.000000 1.000000
0.999881 0.012687 0.008752 0.000000 -0.009537 0.955366 -0.295272 2.717600 -0.012107 0.295154 0.955373 0.000000 0.000000 0.000000 0.000000 1.000000
0.999886 0.012177 0.008876 -0.000000 -0.009135 0.958296 -0.285630 2.717600 -0.011984 0.285517 0.958299 0.000000 0.000000 0.000000 0.000000 1.000000
0.999892 0.011660 0.008997 -0.000000 -0.008726 0.961159 -0.275856 2.717600 -0.011864 0.275748 0.961157 0.000000 0.000000 0.000000 0.000000 1.000000
0.999896 0.011162 0.009108 0.000000 -0.008333 0.963815 -0.266441 2.717600 -0.011752 0.266337 0.963808 0.000000 0.000000 0.000000 0.000000 1.000000
0.999898 0.010995 0.009143 0.000000 -0.008200 0.964689 -0.263264 2.717600 -0.011714 0.263162 0.964680 0.000000 0.000000 0.000000 0.000000 1.000000
0.999893 0.011490 0.009035 0.000000 -0.008592 0.962076 -0.272645 2.717600 -0.011825 0.272539 0.962072 -0.000000 0.000000 0.000000 0.000000 1.000000
0.999884 0.012372 0.008829 0.000000 -0.009289 0.957186 -0.289324 2.717600 -0.012030 0.289209 0.957190 0.000000 0.000000 0.000000 0.000000 1.000000
0.999872 0.013525 0.008535 -0.000000 -0.010200 0.950319 -0.311111 2.717600 -0.012319 0.310984 0.950335 -0.000000 0.000000 0.000000 0.000000 1.000000
0.999853 0.015210 0.007952 -0.000000 -0.011583 0.939867 -0.341344 2.717600 -0.012666 0.341202 0.939905 0.000000 0.000000 0.000000 0.000000 1.000000
0.999828 0.017087 0.007233 0.000000 -0.013128 0.926912 -0.375048 2.717600 -0.013112 0.374889 0.926977 0.000000 0.000000 0.000000 0.000000 1.000000
0.999798 0.019064 0.006389 0.000000 -0.014762 0.911726 -0.410535 2.717600 -0.013651 0.410357 0.911823 0.000000 0.000000 0.000000 0.000000 1.000000
0.999764 0.021050 0.005446 0.000000 -0.016409 0.894792 -0.446181 2.717600 -0.014265 0.445986 0.894926 0.000000 0.000000 0.000000 0.000000 1.000000
0.999727 0.022957 0.004443 0.000000 -0.018000 0.876831 -0.480461 2.717600 -0.014926 0.480250 0.877005 0.000000 0.000000 0.000000 0.000000 1.000000
0.999689 0.024714 0.003444 -0.000000 -0.019467 0.858784 -0.511968 2.717600 -0.015610 0.511742 0.858997 0.000000 0.000000 0.000000 0.000000 1.000000
0.999652 0.026272 0.002541 0.000000 -0.020752 0.841781 -0.539420 2.717600 -0.016311 0.539179 0.842033 0.000000 0.000000 0.000000 0.000000 1.000000
0.999619 0.027538 0.001750 0.000000 -0.021802 0.827089 -0.561647 2.717600 -0.016914 0.561395 0.827375 0.000000 0.000000 0.000000 0.000000 1.000000
0.999596 0.028409 0.001175 0.000000 -0.022514 0.816040 -0.577556 2.717600 -0.017367 0.577297 0.816350 0.000000 0.000000 0.000000 0.000000 1.000000
0.999583 0.028865 0.000861 0.000000 -0.022884 0.809943 -0.586062 2.717600 -0.017614 0.585798 0.810266 0.000000 0.000000 0.000000 0.000000 1.000000
0.999581 0.028929 0.000808 0.000000 -0.022942 0.809129 -0.587182 2.717600 -0.017640 0.586918 0.809454 0.000000 0.000000 0.000000 0.000000 1.000000
0.999581 0.028934 0.000796 0.000000 -0.022953 0.809129 -0.587183 2.717600 -0.017634 0.586918 0.809454 -0.000000 0.000000 0.000000 0.000000 1.000000
0.999581 0.028938 0.000787 0.000000 -0.022962 0.809129 -0.587182 2.717600 -0.017629 0.586918 0.809455 0.000000 0.000000 0.000000 0.000000 1.000000
0.999581 0.028941 0.000778 0.000000 -0.022969 0.809130 -0.587181 2.717600 -0.017623 0.586917 0.809455 0.000000 0.000000 0.000000 0.000000 1.000000
0.999581 0.028943 0.000772 0.000000 -0.022975 0.809129 -0.587181 2.717600 -0.017619 0.586917 0.809455 -0.000000 0.000000 0.000000 0.000000 1.000000
0.999581 0.028943 0.000767 0.000000 -0.022978 0.809129 -0.587181 2.717600 -0.017615 0.586918 0.809455 -0.000000 0.000000 0.000000 0.000000 1.000000
0.999581 0.028944 0.000763 0.000000 -0.022981 0.809129 -0.587181 2.717600 -0.017613 0.586918 0.809455 -0.000000 0.000000 0.000000 0.000000 1.000000
0.999585 0.028792 0.000864 0.000000 -0.022861 0.811218 -0.584297 2.717600 -0.017524 0.584035 0.811539 0.000000 0.000000 0.000000 0.000000 1.000000
0.999598 0.028318 0.001179 0.000000 -0.022467 0.817054 -0.576123 2.717600 -0.017278 0.575865 0.817362 -0.000000 0.000000 0.000000 0.000000 1.000000
0.999618 0.027587 0.001654 0.000000 -0.021862 0.825934 -0.563343 2.717600 -0.016907 0.563091 0.826222 0.000000 0.000000 0.000000 0.000000 1.000000
0.999642 0.026645 0.002239 0.000000 -0.021089 0.837120 -0.546613 2.717600 -0.016439 0.546370 0.837383 -0.000000 0.000000 0.000000 0.000000 1.000000
0.999670 0.025531 0.002952 -0.000000 -0.020150 0.849871 -0.526606 2.717600 -0.015953 0.526373 0.850104 -0.000000 0.000000 0.000000 0.000000 1.000000
0.999698 0.024275 0.003710 -0.000000 -0.019097 0.863478 -0.504026 2.717600 -0.015439 0.503803 0.863681 0.000000 0.000000 0.000000 0.000000 1.000000
0.999727 0.022914 0.004476 0.000000 -0.017960 0.877293 -0.479619 2.717600 -0.014917 0.479408 0.877465 -0.000000 0.000000 0.000000 0.000000 1.000000
0.999755 0.021497 0.005221 0.000000 -0.016781 0.890745 -0.454194 2.717600 -0.014414 0.453996 0.890887 0.000000 0.000000 0.000000 0.000000 1.000000
0.999781 0.020071 0.005923 0.000000 -0.015596 0.903354 -0.428612 2.717600 -0.013954 0.428425 0.903469 0.000000 0.000000 0.000000 0.000000 1.000000
0.999804 0.018688 0.006556 -0.000000 -0.014451 0.914744 -0.403776 2.717600 -0.013542 0.403602 0.914835 0.000000 0.000000 0.000000 0.000000 1.000000
0.999823 0.017403 0.007118 -0.000000 -0.013385 0.924628 -0.380637 2.717600 -0.013206 0.380474 0.924697 0.000000 0.000000 0.000000 0.000000 1.000000
0.999839 0.016244 0.007566 0.000000 -0.012430 0.932804 -0.360169 2.717600 -0.012908 0.360017 0.932856 0.000000 0.000000 0.000000 0.000000 1.000000
0.999852 0.015335 0.007855 0.000000 -0.011706 0.939132 -0.343358 2.717600 -0.012642 0.343215 0.939172 0.000000 0.000000 0.000000 0.000000 1.000000
0.999860 0.014692 0.008049 0.000000 -0.011198 0.943496 -0.331195 2.717600 -0.012460 0.331059 0.943528 0.000000 0.000000 0.000000 0.000000 1.000000
0.999864 0.014347 0.008149 -0.000000 -0.010925 0.945768 -0.324658 2.717600 -0.012365 0.324525 0.945796 0.000000 0.000000 0.000000 0.000000 1.000000
0.999864 0.014301 0.008162 0.000000 -0.010888 0.946064 -0.323797 2.717600 -0.012352 0.323664 0.946091 0.000000 0.000000 0.000000 0.000000 1.000000
0.999864 0.014301 0.008162 0.000000 -0.010889 0.946064 -0.323797 2.717600 -0.012352 0.323664 0.946091 0.000000 0.000000 0.000000 0.000000 1.000000
0.999864 0.014301 0.008161 -0.000000 -0.010889 0.946064 -0.323797 2.717600 -0.012352 0.323665 0.946091 0.000000 0.000000 0.000000 0.000000 1.000000
0.999864 0.014301 0.008161 0.000000 -0.010889 0.946064 -0.323798 2.717600 -0.012352 0.323665 0.946091 0.000000 0.000000 0.000000 0.000000 1.000000
0.999864 0.014301 0.008161 0.000000 -0.010888 0.946064 -0.323797 2.717600 -0.012352 0.323664 0.946092 0.000000 0.000000 0.000000 0.000000 1.000000</float_array>
        <technique_common>
          <accessor source="#mixamorig_RightHandRing2-Matrix-animation-output-transform-array" count="50" stride="16">
            <param type="float4x4"/>
          </accessor>
        </technique_common>
      </source>
      <source id="mixamorig_RightHandRing2-Interpolations">
        <Name_array id="mixamorig_RightHandRing2-Interpolations-array" count="50">
 LINEAR LINEAR LINEAR LINEAR LINEAR LINEAR LINEAR LINEAR LINEAR LINEAR LINEAR
LINEAR LINEAR LINEAR LINEAR LINEAR LINEAR LINEAR LINEAR LINEAR LINEAR LINEAR LINEAR
LINEAR LINEAR LINEAR LINEAR LINEAR LINEAR LINEAR LINEAR LINEAR LINEAR LINEAR LINEAR
LINEAR LINEAR LINEAR LINEAR LINEAR LINEAR LINEAR LINEAR LINEAR LINEAR LINEAR LINEAR
LINEAR LINEAR LINEAR</Name_array>
        <technique_common>
          <accessor source="#mixamorig_RightHandRing2-Interpolations-array" count="50">
            <param type="name"/>
          </accessor>
        </technique_common>
      </source>
      <sampler id="mixamorig_RightHandRing2-Matrix-animation-transform">
        <input semantic="INPUT" source="#mixamorig_RightHandRing2-Matrix-animation-input"/>
        <input semantic="OUTPUT" source="#mixamorig_RightHandRing2-Matrix-animation-output-transform"/>
        <input semantic="INTERPOLATION" source="#mixamorig_RightHandRing2-Interpolations"/>
      </sampler>
      <channel source="#mixamorig_RightHandRing2-Matrix-animation-transform" target="mixamorig_RightHandRing2/matrix"/>
    </animation>
    <animation id="mixamorig_RightHandRing3-anim" name="mixamorig_RightHandRing3">
      <source id="mixamorig_RightHandRing3-Matrix-animation-input">
        <float_array id="mixamorig_RightHandRing3-Matrix-animation-input-array" count="50">

0.000000 0.033333 0.066667 0.100000 0.133333 0.166667 0.200000 0.233333 0.266667 0.300000 0.333333 0.366667 0.400000 0.433333 0.466667 0.500000
0.533333 0.566667 0.600000 0.633333 0.666667 0.700000 0.733333 0.766667 0.800000 0.833333 0.866667 0.900000 0.933333 0.966667 1.000000 1.033333
1.066667 1.100000 1.133333 1.166667 1.200000 1.233333 1.266667 1.300000 1.333333 1.366667 1.400000 1.433333 1.466667 1.500000 1.533333 1.566667
1.600000 1.633333</float_array>
        <technique_common>
          <accessor source="#mixamorig_RightHandRing3-Matrix-animation-input-array" count="50">
            <param name="TIME" type="float"/>
          </accessor>
        </technique_common>
      </source>
      <source id="mixamorig_RightHandRing3-Matrix-animation-output-transform">
        <float_array id="mixamorig_RightHandRing3-Matrix-animation-output-transform-array" count="800">

0.999829 0.017146 0.006937 -0.000000 -0.013288 0.926731 -0.375490 2.134500 -0.012867 0.375333 0.926801 0.000000 0.000000 0.000000 0.000000 1.000000
0.999830 0.017065 0.006966 -0.000000 -0.013222 0.927349 -0.373963 2.134500 -0.012841 0.373807 0.927418 0.000000 0.000000 0.000000 0.000000 1.000000
0.999833 0.016856 0.007036 0.000000 -0.013056 0.928918 -0.370056 2.134500 -0.012774 0.369902 0.928983 0.000000 0.000000 0.000000 0.000000 1.000000
0.999838 0.016532 0.007144 0.000000 -0.012798 0.931311 -0.364001 2.134500 -0.012671 0.363851 0.931371 0.000000 0.000000 0.000000 0.000000 1.000000
0.999844 0.016122 0.007278 0.000000 -0.012471 0.934275 -0.356334 2.134500 -0.012544 0.356188 0.934330 0.000000 0.000000 0.000000 0.000000 1.000000
0.999850 0.015651 0.007426 0.000000 -0.012096 0.937596 -0.347515 2.134500 -0.012401 0.347374 0.937645 0.000000 0.000000 0.000000 0.000000 1.000000
0.999857 0.015146 0.007580 0.000000 -0.011692 0.941056 -0.338050 2.134500 -0.012253 0.337913 0.941098 0.000000 0.000000 0.000000 0.000000 1.000000
0.999863 0.014634 0.007730 0.000000 -0.011283 0.944454 -0.328449 2.134500 -0.012107 0.328317 0.944490 0.000000 0.000000 0.000000 0.000000 1.000000
0.999869 0.014140 0.007870 0.000000 -0.010889 0.947626 -0.319195 2.134500 -0.011971 0.319068 0.947656 0.000000 0.000000 0.000000 0.000000 1.000000
0.999871 0.013974 0.007916 0.000000 -0.010756 0.948674 -0.316072 2.134500 -0.011926 0.315946 0.948702 0.000000 0.000000 0.000000 0.000000 1.000000
0.999865 0.014465 0.007779 0.000000 -0.011149 0.945547 -0.325294 2.134500 -0.012060 0.325163 0.945581 0.000000 0.000000 0.000000 0.000000 1.000000
0.999854 0.015339 0.007521 0.000000 -0.011847 0.939743 -0.341678 2.134500 -0.012309 0.341539 0.939787 0.000000 0.000000 0.000000 0.000000 1.000000
0.999839 0.016492 0.007079 0.000000 -0.012798 0.931682 -0.363049 2.134500 -0.012582 0.362900 0.931743 0.000000 0.000000 0.000000 0.000000 1.000000
0.999815 0.018144 0.006407 0.000000 -0.014172 0.919574 -0.392660 2.134500 -0.013016 0.392497 0.919661 0.000000 0.000000 0.000000 0.000000 1.000000
0.999785 0.019976 0.005587 0.000000 -0.015699 0.904776 -0.425597 2.134500 -0.013557 0.425418 0.904895 0.000000 0.000000 0.000000 0.000000 1.000000
0.999749 0.021901 0.004635 0.000000 -0.017312 0.887651 -0.460191 2.134500 -0.014193 0.459995 0.887808 0.000000 0.000000 0.000000 0.000000 1.000000
0.999710 0.023829 0.003584 0.000000 -0.018934 0.868773 -0.494848 2.134500 -0.014905 0.494636 0.868972 0.000000 0.000000 0.000000 0.000000 1.000000
0.999667 0.025671 0.002469 -0.000000 -0.020496 0.848945 -0.528084 2.134500 -0.015653 0.527858 0.849188 0.000000 0.000000 0.000000 0.000000 1.000000
0.999624 0.027391 0.001407 0.000000 -0.021934 0.829183 -0.558547 2.134500 -0.016466 0.558306 0.829472 0.000000 0.000000 0.000000 0.000000 1.000000
0.999582 0.028894 0.000420 0.000000 -0.023188 0.810689 -0.585018 2.134500 -0.017244 0.584764 0.811020 0.000000 0.000000 0.000000 0.000000 1.000000
0.999546 0.030115 -0.000440 0.000000 -0.024213 0.794790 -0.606401 2.134500 -0.017912 0.606136 0.795159 0.000000 0.000000 0.000000 0.000000 1.000000
0.999520 0.030954 -0.001063 0.000000 -0.024907 0.782879 -0.621676 2.134500 -0.018411 0.621404 0.783274 0.000000 0.000000 0.000000 0.000000 1.000000
0.999506 0.031394 -0.001405 0.000000 -0.025270 0.776320 -0.629832 2.134500 -0.018682 0.629556 0.776730 -0.000000 0.000000 0.000000 0.000000 1.000000
0.999504 0.031457 -0.001464 0.000000 -0.025329 0.775447 -0.630905 2.134500 -0.018711 0.630629 0.775859 -0.000000 0.000000 0.000000 0.000000 1.000000
0.999504 0.031462 -0.001477 0.000000 -0.025341 0.775447 -0.630905 2.134500 -0.018704 0.630629 0.775859 0.000000 0.000000 0.000000 0.000000 1.000000
0.999504 0.031465 -0.001488 0.000000 -0.025351 0.775447 -0.630904 2.134500 -0.018698 0.630629 0.775859 -0.000000 0.000000 0.000000 0.000000 1.000000
0.999504 0.031467 -0.001497 0.000000 -0.025358 0.775446 -0.630904 2.134500 -0.018692 0.630629 0.775859 0.000000 0.000000 0.000000 0.000000 1.000000
0.999504 0.031469 -0.001505 0.000000 -0.025365 0.775446 -0.630904 2.134500 -0.018686 0.630629 0.775860 0.000000 0.000000 0.000000 0.000000 1.000000
0.999504 0.031470 -0.001511 0.000000 -0.025369 0.775446 -0.630904 2.134500 -0.018683 0.630629 0.775860 0.000000 0.000000 0.000000 0.000000 1.000000
0.999504 0.031469 -0.001514 0.000000 -0.025371 0.775446 -0.630903 2.134500 -0.018680 0.630629 0.775860 -0.000000 0.000000 0.000000 0.000000 1.000000
0.999509 0.031313 -0.001399 0.000000 -0.025243 0.777691 -0.628139 2.134500 -0.018581 0.627866 0.778100 -0.000000 0.000000 0.000000 0.000000 1.000000
0.999523 0.030850 -0.001054 0.000000 -0.024851 0.783970 -0.620301 2.134500 -0.018310 0.620032 0.784363 0.000000 0.000000 0.000000 0.000000 1.000000
0.999545 0.030149 -0.000544 0.000000 -0.024266 0.793544 -0.608029 2.134500 -0.017900 0.607766 0.793914 0.000000 0.000000 0.000000 0.000000 1.000000
0.999572 0.029244 0.000090 -0.000000 -0.023517 0.805637 -0.591943 2.134500 -0.017383 0.591687 0.805980 0.000000 0.000000 0.000000 0.000000 1.000000
0.999603 0.028158 0.000843 0.000000 -0.022601 0.819474 -0.572670 2.134500 -0.016815 0.572424 0.819785 0.000000 0.000000 0.000000 0.000000 1.000000
0.999635 0.026948 0.001670 0.000000 -0.021571 0.834309 -0.550875 2.134500 -0.016239 0.550638 0.834586 0.000000 0.000000 0.000000 0.000000 1.000000
0.999668 0.025634 0.002511 0.000000 -0.020458 0.849452 -0.527270 2.134500 -0.015649 0.527044 0.849694 -0.000000 0.000000 0.000000 0.000000 1.000000
0.999700 0.024262 0.003334 -0.000000 -0.019299 0.864288 -0.502626 2.134500 -0.015076 0.502411 0.864497 0.000000 0.000000 0.000000 0.000000 1.000000
0.999730 0.022879 0.004115 0.000000 -0.018134 0.878294 -0.477778 2.134500 -0.014545 0.477574 0.878471 0.000000 0.000000 0.000000 0.000000 1.000000
0.999756 0.021535 0.004822 0.000000 -0.017005 0.891038 -0.453610 2.134500 -0.014065 0.453418 0.891187 0.000000 0.000000 0.000000 0.000000 1.000000
0.999779 0.020284 0.005455 -0.000000 -0.015952 0.902186 -0.431052 2.134500 -0.013665 0.430869 0.902311 -0.000000 0.000000 0.000000 0.000000 1.000000
0.999799 0.019154 0.005966 -0.000000 -0.015009 0.911482 -0.411066 2.134500 -0.013312 0.410894 0.911586 0.000000 0.000000 0.000000 0.000000 1.000000
0.999813 0.018260 0.006308 0.000000 -0.014290 0.918729 -0.394630 2.134500 -0.013001 0.394466 0.918818 0.000000 0.000000 0.000000 0.000000 1.000000
0.999823 0.017627 0.006538 0.000000 -0.013783 0.923759 -0.382727 2.134500 -0.012786 0.382569 0.923838 0.000000 0.000000 0.000000 0.000000 1.000000
0.999828 0.017285 0.006658 -0.000000 -0.013510 0.926389 -0.376326 2.134500 -0.012672 0.376172 0.926463 0.000000 0.000000 0.000000 0.000000 1.000000
0.999829 0.017241 0.006673 0.000000 -0.013474 0.926731 -0.375483 2.134500 -0.012658 0.375329 0.926805 0.000000 0.000000 0.000000 0.000000 1.000000
0.999829 0.017240 0.006673 0.000000 -0.013474 0.926731 -0.375483 2.134500 -0.012657 0.375329 0.926805 0.000000 0.000000 0.000000 0.000000 1.000000
0.999829 0.017241 0.006673 0.000000 -0.013474 0.926731 -0.375483 2.134500 -0.012658 0.375329 0.926805 0.000000 0.000000 0.000000 0.000000 1.000000
0.999829 0.017241 0.006674 -0.000000 -0.013474 0.926731 -0.375483 2.134500 -0.012658 0.375329 0.926805 0.000000 0.000000 0.000000 0.000000 1.000000
0.999829 0.017241 0.006674 0.000000 -0.013474 0.926732 -0.375483 2.134500 -0.012658 0.375328 0.926805 0.000000 0.000000 0.000000 0.000000 1.000000</float_array>
        <technique_common>
          <accessor source="#mixamorig_RightHandRing3-Matrix-animation-output-transform-array" count="50" stride="16">
            <param type="float4x4"/>
          </accessor>
        </technique_common>
      </source>
      <source id="mixamorig_RightHandRing3-Interpolations">
        <Name_array id="mixamorig_RightHandRing3-Interpolations-array" count="50">
 LINEAR LINEAR LINEAR LINEAR LINEAR LINEAR LINEAR LINEAR LINEAR LINEAR LINEAR
LINEAR LINEAR LINEAR LINEAR LINEAR LINEAR LINEAR LINEAR LINEAR LINEAR LINEAR LINEAR
LINEAR LINEAR LINEAR LINEAR LINEAR LINEAR LINEAR LINEAR LINEAR LINEAR LINEAR LINEAR
LINEAR LINEAR LINEAR LINEAR LINEAR LINEAR LINEAR LINEAR LINEAR LINEAR LINEAR LINEAR
LINEAR LINEAR LINEAR</Name_array>
        <technique_common>
          <accessor source="#mixamorig_RightHandRing3-Interpolations-array" count="50">
            <param type="name"/>
          </accessor>
        </technique_common>
      </source>
      <sampler id="mixamorig_RightHandRing3-Matrix-animation-transform">
        <input semantic="INPUT" source="#mixamorig_RightHandRing3-Matrix-animation-input"/>
        <input semantic="OUTPUT" source="#mixamorig_RightHandRing3-Matrix-animation-output-transform"/>
        <input semantic="INTERPOLATION" source="#mixamorig_RightHandRing3-Interpolations"/>
      </sampler>
      <channel source="#mixamorig_RightHandRing3-Matrix-animation-transform" target="mixamorig_RightHandRing3/matrix"/>
    </animation>
    <animation id="mixamorig_RightHandPinky1-anim" name="mixamorig_RightHandPinky1">
      <source id="mixamorig_RightHandPinky1-Matrix-animation-input">
        <float_array id="mixamorig_RightHandPinky1-Matrix-animation-input-array" count="50">

0.000000 0.033333 0.066667 0.100000 0.133333 0.166667 0.200000 0.233333 0.266667 0.300000 0.333333 0.366667 0.400000 0.433333 0.466667 0.500000
0.533333 0.566667 0.600000 0.633333 0.666667 0.700000 0.733333 0.766667 0.800000 0.833333 0.866667 0.900000 0.933333 0.966667 1.000000 1.033333
1.066667 1.100000 1.133333 1.166667 1.200000 1.233333 1.266667 1.300000 1.333333 1.366667 1.400000 1.433333 1.466667 1.500000 1.533333 1.566667
1.600000 1.633333</float_array>
        <technique_common>
          <accessor source="#mixamorig_RightHandPinky1-Matrix-animation-input-array" count="50">
            <param name="TIME" type="float"/>
          </accessor>
        </technique_common>
      </source>
      <source id="mixamorig_RightHandPinky1-Matrix-animation-output-transform">
        <float_array id="mixamorig_RightHandPinky1-Matrix-animation-output-transform-array" count="800">

0.993453 -0.113870 0.009191 -5.922000 0.108846 0.919041 -0.378835 11.636400 0.034691 0.377356 0.925418 0.517000 0.000000 0.000000 0.000000 1.000000
0.993292 -0.115312 0.008626 -5.922000 0.110050 0.919784 -0.376677 11.636400 0.035501 0.375100 0.926304 0.517000 0.000000 0.000000 0.000000 1.000000
0.992869 -0.118994 0.007193 -5.922000 0.113147 0.921648 -0.371163 11.636400 0.037537 0.369330 0.928540 0.517000 0.000000 0.000000 0.000000 1.000000
0.992184 -0.124688 0.004979 -5.922000 0.117994 0.924433 -0.362630 11.636400 0.040613 0.360383 0.931920 0.517000 0.000000 0.000000 0.000000 1.000000
0.991264 -0.131873 0.002179 -5.922000 0.124201 0.927782 -0.351845 11.636400 0.044378 0.349042 0.936056 0.517000 0.000000 0.000000 0.000000 1.000000
0.990137 -0.140102 -0.001033 -5.922000 0.131435 0.931388 -0.339471 11.636400 0.048522 0.335987 0.940616 0.517000 0.000000 0.000000 0.000000 1.000000
0.988843 -0.148897 -0.004459 -5.922000 0.139314 0.934969 -0.326226 11.636400 0.052743 0.321965 0.945281 0.517000 0.000000 0.000000 0.000000 1.000000
0.987443 -0.157776 -0.007915 -5.922000 0.147415 0.938298 -0.312836 11.636400 0.056785 0.307741 0.949774 0.517000 0.000000 0.000000 0.000000 1.000000
0.986012 -0.166294 -0.011235 -5.922000 0.155321 0.941218 -0.299972 11.636400 0.060458 0.294031 0.953882 0.517000 0.000000 0.000000 0.000000 1.000000
0.985467 -0.169402 -0.012533 -5.922000 0.158237 0.942336 -0.294897 11.636400 0.061766 0.288628 0.955447 0.517000 0.000000 0.000000 0.000000 1.000000
0.986618 -0.162703 -0.010595 -5.922000 0.151943 0.941052 -0.302215 11.636400 0.059141 0.296561 0.953181 0.517000 0.000000 0.000000 0.000000 1.000000
0.988550 -0.150728 -0.007124 -5.922000 0.140822 0.938486 -0.315298 11.636400 0.054210 0.310684 0.948966 0.517000 0.000000 0.000000 0.000000 1.000000
0.990847 -0.134963 -0.002545 -5.922000 0.126445 0.934580 -0.332525 11.636400 0.047257 0.329160 0.943091 0.517000 0.000000 0.000000 0.000000 1.000000
0.992265 -0.124071 0.004102 -5.922000 0.117143 0.924898 -0.361719 11.636400 0.041085 0.359402 0.932278 0.517000 0.000000 0.000000 0.000000 1.000000
0.993647 -0.111948 0.011584 -5.922000 0.107417 0.912607 -0.394474 11.636400 0.033589 0.393212 0.918834 0.517000 0.000000 0.000000 0.000000 1.000000
0.994884 -0.099115 0.019555 -5.922000 0.097889 0.897910 -0.429157 11.636400 0.024977 0.428875 0.903018 0.517000 0.000000 0.000000 0.000000 1.000000
0.995903 -0.086095 0.027667 -5.922000 0.089079 0.881256 -0.464170 11.636400 0.015581 0.464732 0.885314 0.517000 0.000000 0.000000 0.000000 1.000000
0.996667 -0.073408 0.035583 -5.922000 0.081368 0.863360 -0.497985 11.636400 0.005835 0.499221 0.866455 0.517000 0.000000 0.000000 0.000000 1.000000
0.997177 -0.061571 0.042970 -5.922000 0.074990 0.845193 -0.529174 11.636400 -0.003736 0.530902 0.847425 0.517000 0.000000 0.000000 0.000000 1.000000
0.997466 -0.051097 0.049506 -5.922000 0.070029 0.827944 -0.556422 11.636400 -0.012557 0.558479 0.829424 0.517000 0.000000 0.000000 0.000000 1.000000
0.997589 -0.042492 0.054873 -5.922000 0.066450 0.812951 -0.578529 11.636400 -0.020027 0.580780 0.813814 0.517000 0.000000 0.000000 0.000000 1.000000
0.997613 -0.036259 0.058759 -5.922000 0.064144 0.801629 -0.594370 11.636400 -0.025552 0.596721 0.802042 0.517000 0.000000 0.000000 0.000000 1.000000
0.997604 -0.032901 0.060852 -5.922000 0.063004 0.795366 -0.602846 11.636400 -0.028565 0.605236 0.795533 0.517000 0.000000 0.000000 0.000000 1.000000
0.997602 -0.032458 0.061129 -5.922000 0.062859 0.794530 -0.603963 11.636400 -0.028966 0.606357 0.794665 0.517000 0.000000 0.000000 0.000000 1.000000
0.997602 -0.032458 0.061129 -5.922000 0.062859 0.794530 -0.603963 11.636400 -0.028965 0.606357 0.794665 0.517000 0.000000 0.000000 0.000000 1.000000
0.997602 -0.032458 0.061129 -5.922000 0.062859 0.794530 -0.603963 11.636400 -0.028966 0.606357 0.794665 0.517000 0.000000 0.000000 0.000000 1.000000
0.997602 -0.032457 0.061129 -5.922000 0.062859 0.794529 -0.603963 11.636400 -0.028966 0.606358 0.794664 0.517000 0.000000 0.000000 0.000000 1.000000
0.997602 -0.032458 0.061129 -5.922000 0.062859 0.794530 -0.603963 11.636400 -0.028966 0.606357 0.794665 0.517000 0.000000 0.000000 0.000000 1.000000
0.997602 -0.032458 0.061129 -5.922000 0.062859 0.794530 -0.603963 11.636400 -0.028966 0.606357 0.794664 0.517000 0.000000 0.000000 0.000000 1.000000
0.997602 -0.032458 0.061129 -5.922000 0.062859 0.794530 -0.603963 11.636400 -0.028966 0.606357 0.794665 0.517000 0.000000 0.000000 0.000000 1.000000
0.997607 -0.033424 0.060521 -5.922000 0.063171 0.796403 -0.601458 11.636400 -0.028096 0.603842 0.796609 0.517000 0.000000 0.000000 0.000000 1.000000
0.997615 -0.036149 0.058804 -5.922000 0.064082 0.801641 -0.594361 11.636400 -0.025654 0.596711 0.802046 0.517000 0.000000 0.000000 0.000000 1.000000
0.997606 -0.040376 0.056139 -5.922000 0.065591 0.809619 -0.583280 11.636400 -0.021900 0.585566 0.810329 0.517000 0.000000 0.000000 0.000000 1.000000
0.997558 -0.045848 0.052682 -5.922000 0.067712 0.819680 -0.568805 11.636400 -0.017104 0.570984 0.820783 0.517000 0.000000 0.000000 0.000000 1.000000
0.997448 -0.052308 0.048594 -5.922000 0.070458 0.831169 -0.551537 11.636400 -0.011540 0.553553 0.832734 0.517000 0.000000 0.000000 0.000000 1.000000
0.997257 -0.059496 0.044033 -5.922000 0.073815 0.843457 -0.532101 11.636400 -0.005482 0.533891 0.845535 0.517000 0.000000 0.000000 0.000000 1.000000
0.996974 -0.067152 0.039163 -5.922000 0.077733 0.855965 -0.511158 11.636400 0.000803 0.512655 0.858594 0.517000 0.000000 0.000000 0.000000 1.000000
0.996598 -0.075014 0.034149 -5.922000 0.082118 0.868181 -0.489406 11.636400 0.007065 0.490545 0.871387 0.517000 0.000000 0.000000 0.000000 1.000000
0.996138 -0.082820 0.029159 -5.922000 0.086824 0.879673 -0.467585 11.636400 0.013075 0.468311 0.883467 0.517000 0.000000 0.000000 0.000000 1.000000
0.995616 -0.090305 0.024361 -5.922000 0.091658 0.890095 -0.446464 11.636400 0.018634 0.446739 0.894470 0.517000 0.000000 0.000000 0.000000 1.000000
0.995065 -0.097203 0.019930 -5.922000 0.096385 0.899178 -0.426837 11.636400 0.023569 0.426651 0.904109 0.517000 0.000000 0.000000 0.000000 1.000000
0.994526 -0.103250 0.016038 -5.922000 0.100738 0.906724 -0.409517 11.636400 0.027740 0.408891 0.912162 0.517000 0.000000 0.000000 0.000000 1.000000
0.994048 -0.108179 0.012859 -5.922000 0.104427 0.912588 -0.395320 11.636400 0.031030 0.394310 0.918453 0.517000 0.000000 0.000000 0.000000 1.000000
0.993683 -0.111725 0.010569 -5.922000 0.107159 0.916647 -0.385064 11.636400 0.033333 0.383764 0.922829 0.517000 0.000000 0.000000 0.000000 1.000000
0.993480 -0.113626 0.009341 -5.922000 0.108649 0.918767 -0.379557 11.636400 0.034545 0.378097 0.925121 0.517000 0.000000 0.000000 0.000000 1.000000
0.993453 -0.113876 0.009180 -5.922000 0.108847 0.919042 -0.378832 11.636400 0.034703 0.377351 0.925420 0.517000 0.000000 0.000000 0.000000 1.000000
0.993453 -0.113876 0.009180 -5.922000 0.108847 0.919042 -0.378833 11.636400 0.034703 0.377351 0.925420 0.517000 0.000000 0.000000 0.000000 1.000000
0.993453 -0.113875 0.009180 -5.922000 0.108846 0.919042 -0.378832 11.636400 0.034703 0.377351 0.925420 0.517000 0.000000 0.000000 0.000000 1.000000
0.993453 -0.113875 0.009179 -5.922000 0.108846 0.919042 -0.378832 11.636400 0.034703 0.377351 0.925420 0.517000 0.000000 0.000000 0.000000 1.000000
0.993453 -0.113876 0.009180 -5.922000 0.108847 0.919042 -0.378832 11.636400 0.034703 0.377351 0.925420 0.517000 0.000000 0.000000 0.000000 1.000000</float_array>
        <technique_common>
          <accessor source="#mixamorig_RightHandPinky1-Matrix-animation-output-transform-array" count="50" stride="16">
            <param type="float4x4"/>
          </accessor>
        </technique_common>
      </source>
      <source id="mixamorig_RightHandPinky1-Interpolations">
        <Name_array id="mixamorig_RightHandPinky1-Interpolations-array" count="50">
 LINEAR LINEAR LINEAR LINEAR LINEAR LINEAR LINEAR LINEAR LINEAR LINEAR LINEAR
LINEAR LINEAR LINEAR LINEAR LINEAR LINEAR LINEAR LINEAR LINEAR LINEAR LINEAR LINEAR
LINEAR LINEAR LINEAR LINEAR LINEAR LINEAR LINEAR LINEAR LINEAR LINEAR LINEAR LINEAR
LINEAR LINEAR LINEAR LINEAR LINEAR LINEAR LINEAR LINEAR LINEAR LINEAR LINEAR LINEAR
LINEAR LINEAR LINEAR</Name_array>
        <technique_common>
          <accessor source="#mixamorig_RightHandPinky1-Interpolations-array" count="50">
            <param type="name"/>
          </accessor>
        </technique_common>
      </source>
      <sampler id="mixamorig_RightHandPinky1-Matrix-animation-transform">
        <input semantic="INPUT" source="#mixamorig_RightHandPinky1-Matrix-animation-input"/>
        <input semantic="OUTPUT" source="#mixamorig_RightHandPinky1-Matrix-animation-output-transform"/>
        <input semantic="INTERPOLATION" source="#mixamorig_RightHandPinky1-Interpolations"/>
      </sampler>
      <channel source="#mixamorig_RightHandPinky1-Matrix-animation-transform" target="mixamorig_RightHandPinky1/matrix"/>
    </animation>
    <animation id="mixamorig_RightHandPinky2-anim" name="mixamorig_RightHandPinky2">
      <source id="mixamorig_RightHandPinky2-Matrix-animation-input">
        <float_array id="mixamorig_RightHandPinky2-Matrix-animation-input-array" count="50">

0.000000 0.033333 0.066667 0.100000 0.133333 0.166667 0.200000 0.233333 0.266667 0.300000 0.333333 0.366667 0.400000 0.433333 0.466667 0.500000
0.533333 0.566667 0.600000 0.633333 0.666667 0.700000 0.733333 0.766667 0.800000 0.833333 0.866667 0.900000 0.933333 0.966667 1.000000 1.033333
1.066667 1.100000 1.133333 1.166667 1.200000 1.233333 1.266667 1.300000 1.333333 1.366667 1.400000 1.433333 1.466667 1.500000 1.533333 1.566667
1.600000 1.633333</float_array>
        <technique_common>
          <accessor source="#mixamorig_RightHandPinky2-Matrix-animation-input-array" count="50">
            <param name="TIME" type="float"/>
          </accessor>
        </technique_common>
      </source>
      <source id="mixamorig_RightHandPinky2-Matrix-animation-output-transform">
        <float_array id="mixamorig_RightHandPinky2-Matrix-animation-output-transform-array" count="800">

0.999887 0.008376 0.012457 0.000000 -0.004432 0.957583 -0.288124 1.559300 -0.014342 0.288037 0.957512 0.000000 0.000000 0.000000 0.000000 1.000000
0.999888 0.008250 0.012476 0.000000 -0.004340 0.958268 -0.285839 1.559300 -0.014314 0.285753 0.958196 0.000000 0.000000 0.000000 0.000000 1.000000
0.999889 0.007941 0.012575 0.000000 -0.004103 0.959994 -0.279992 1.559300 -0.014296 0.279909 0.959920 0.000000 0.000000 0.000000 0.000000 1.000000
0.999891 0.007460 0.012717 0.000000 -0.003736 0.962592 -0.270928 1.559300 -0.014263 0.270851 0.962515 0.000000 0.000000 0.000000 0.000000 1.000000
0.999894 0.006846 0.012876 0.000000 -0.003271 0.965751 -0.259450 1.559300 -0.014211 0.259380 0.965671 0.000000 0.000000 0.000000 0.000000 1.000000
0.999896 0.006142 0.013062 0.000000 -0.002736 0.969203 -0.246246 1.559300 -0.014172 0.246185 0.969119 0.000000 0.000000 0.000000 0.000000 1.000000
0.999898 0.005384 0.013249 0.000000 -0.002162 0.972696 -0.232074 1.559300 -0.014136 0.232022 0.972608 0.000000 0.000000 0.000000 0.000000 1.000000
0.999899 0.004614 0.013435 0.000000 -0.001579 0.976014 -0.217702 1.559300 -0.014117 0.217659 0.975923 0.000000 0.000000 0.000000 0.000000 1.000000
0.999900 0.003865 0.013568 0.000000 -0.001018 0.979001 -0.203851 1.559300 -0.014071 0.203817 0.978908 0.000000 0.000000 0.000000 0.000000 1.000000
0.999901 0.003572 0.013624 0.000000 -0.000798 0.980117 -0.198417 1.559300 -0.014062 0.198386 0.980023 0.000000 0.000000 0.000000 0.000000 1.000000
0.999900 0.004018 0.013561 -0.000000 -0.001130 0.978425 -0.206601 1.559300 -0.014098 0.206565 0.978331 0.000000 0.000000 0.000000 0.000000 1.000000
0.999899 0.004798 0.013380 0.000000 -0.001720 0.975233 -0.221175 1.559300 -0.014110 0.221129 0.975142 0.000000 0.000000 0.000000 0.000000 1.000000
0.999897 0.005821 0.013142 0.000000 -0.002493 0.970708 -0.240250 1.559300 -0.014155 0.240193 0.970622 0.000000 0.000000 0.000000 0.000000 1.000000
0.999891 0.007493 0.012696 -0.000000 -0.003763 0.962404 -0.271597 1.559300 -0.014254 0.271519 0.962327 0.000000 0.000000 0.000000 0.000000 1.000000
0.999882 0.009435 0.012107 -0.000000 -0.005267 0.951791 -0.306703 1.559300 -0.014417 0.306603 0.951728 0.000000 0.000000 0.000000 0.000000 1.000000
0.999869 0.011484 0.011401 0.000000 -0.006865 0.939009 -0.343823 1.559300 -0.014654 0.343700 0.938965 0.000000 0.000000 0.000000 0.000000 1.000000
0.999852 0.013554 0.010593 0.000000 -0.008492 0.924429 -0.381260 1.559300 -0.014960 0.381113 0.924407 -0.000000 0.000000 0.000000 0.000000 1.000000
0.999832 0.015551 0.009721 0.000000 -0.010075 0.908668 -0.417399 1.559300 -0.015324 0.417231 0.908671 0.000000 0.000000 0.000000 0.000000 1.000000
0.999810 0.017392 0.008831 0.000000 -0.011546 0.892584 -0.450733 1.559300 -0.015722 0.450545 0.892615 -0.000000 0.000000 0.000000 0.000000 1.000000
0.999787 0.019013 0.007977 -0.000000 -0.012854 0.877245 -0.479871 1.559300 -0.016121 0.479667 0.877303 0.000000 0.000000 0.000000 0.000000 1.000000
0.999768 0.020272 0.007264 -0.000000 -0.013858 0.863866 -0.503531 1.559300 -0.016483 0.503314 0.863947 0.000000 0.000000 0.000000 0.000000 1.000000
0.999754 0.021151 0.006741 0.000000 -0.014553 0.853736 -0.520503 1.559300 -0.016764 0.520277 0.853833 0.000000 0.000000 0.000000 0.000000 1.000000
0.999744 0.021651 0.006495 0.000000 -0.014927 0.848122 -0.529591 1.559300 -0.016975 0.529358 0.848228 0.000000 0.000000 0.000000 0.000000 1.000000
0.999743 0.021715 0.006450 0.000000 -0.014980 0.847372 -0.530789 1.559300 -0.016991 0.530556 0.847480 0.000000 0.000000 0.000000 0.000000 1.000000
0.999744 0.021712 0.006440 0.000000 -0.014984 0.847372 -0.530789 1.559300 -0.016982 0.530556 0.847480 -0.000000 0.000000 0.000000 0.000000 1.000000
0.999744 0.021712 0.006432 0.000000 -0.014988 0.847372 -0.530789 1.559300 -0.016975 0.530556 0.847480 0.000000 0.000000 0.000000 0.000000 1.000000
0.999744 0.021711 0.006427 0.000000 -0.014990 0.847372 -0.530788 1.559300 -0.016970 0.530556 0.847480 0.000000 0.000000 0.000000 0.000000 1.000000
0.999744 0.021711 0.006423 0.000000 -0.014992 0.847372 -0.530788 1.559300 -0.016967 0.530555 0.847481 0.000000 0.000000 0.000000 0.000000 1.000000
0.999744 0.021711 0.006421 0.000000 -0.014993 0.847372 -0.530788 1.559300 -0.016965 0.530555 0.847480 0.000000 0.000000 0.000000 0.000000 1.000000
0.999744 0.021712 0.006419 0.000000 -0.014995 0.847372 -0.530788 1.559300 -0.016964 0.530556 0.847480 0.000000 0.000000 0.000000 0.000000 1.000000
0.999746 0.021562 0.006488 0.000000 -0.014885 0.849065 -0.528079 1.559300 -0.016895 0.527848 0.849171 -0.000000 0.000000 0.000000 0.000000 1.000000
0.999753 0.021173 0.006738 0.000000 -0.014574 0.853793 -0.520409 1.559300 -0.016772 0.520183 0.853890 0.000000 0.000000 0.000000 0.000000 1.000000
0.999763 0.020557 0.007106 0.000000 -0.014090 0.860983 -0.508438 1.559300 -0.016570 0.508218 0.861069 0.000000 0.000000 0.000000 0.000000 1.000000
0.999777 0.019718 0.007583 -0.000000 -0.013422 0.870031 -0.492815 1.559300 -0.016315 0.492603 0.870101 0.000000 0.000000 0.000000 0.000000 1.000000
0.999792 0.018687 0.008154 -0.000000 -0.012587 0.880332 -0.474190 1.559300 -0.016039 0.473989 0.880385 0.000000 0.000000 0.000000 0.000000 1.000000
0.999808 0.017531 0.008760 0.000000 -0.011657 0.891312 -0.453241 1.559300 -0.015754 0.453052 0.891345 0.000000 0.000000 0.000000 0.000000 1.000000
0.999823 0.016285 0.009376 -0.000000 -0.010660 0.902443 -0.430676 1.559300 -0.015474 0.430500 0.902458 0.000000 0.000000 0.000000 0.000000 1.000000
0.999838 0.014989 0.009975 0.000000 -0.009628 0.913265 -0.407251 1.559300 -0.015214 0.407089 0.913262 0.000000 0.000000 0.000000 0.000000 1.000000
0.999851 0.013690 0.010536 -0.000000 -0.008599 0.923396 -0.383752 1.559300 -0.014983 0.383604 0.923376 0.000000 0.000000 0.000000 0.000000 1.000000
0.999862 0.012430 0.011044 0.000000 -0.007606 0.932533 -0.361005 1.559300 -0.014786 0.360871 0.932499 0.000000 0.000000 0.000000 0.000000 1.000000
0.999871 0.011252 0.011485 -0.000000 -0.006680 0.940451 -0.339864 1.559300 -0.014625 0.339744 0.940404 0.000000 0.000000 0.000000 0.000000 1.000000
0.999877 0.010256 0.011835 0.000000 -0.005912 0.946993 -0.321201 1.559300 -0.014502 0.321092 0.946937 0.000000 0.000000 0.000000 0.000000 1.000000
0.999882 0.009450 0.012113 0.000000 -0.005292 0.952049 -0.305899 1.559300 -0.014423 0.305799 0.951987 0.000000 0.000000 0.000000 0.000000 1.000000
0.999886 0.008850 0.012254 -0.000000 -0.004844 0.955534 -0.294842 1.559300 -0.014318 0.294749 0.955467 0.000000 0.000000 0.000000 0.000000 1.000000
0.999888 0.008522 0.012308 0.000000 -0.004603 0.957347 -0.288904 1.559300 -0.014245 0.288815 0.957279 -0.000000 0.000000 0.000000 0.000000 1.000000
0.999888 0.008479 0.012314 0.000000 -0.004572 0.957583 -0.288122 1.559300 -0.014235 0.288033 0.957515 0.000000 0.000000 0.000000 0.000000 1.000000
0.999888 0.008479 0.012314 0.000000 -0.004572 0.957583 -0.288121 1.559300 -0.014235 0.288033 0.957515 0.000000 0.000000 0.000000 0.000000 1.000000
0.999888 0.008478 0.012314 0.000000 -0.004571 0.957583 -0.288121 1.559300 -0.014235 0.288033 0.957515 0.000000 0.000000 0.000000 0.000000 1.000000
0.999888 0.008479 0.012315 -0.000000 -0.004571 0.957583 -0.288122 1.559300 -0.014235 0.288033 0.957515 0.000000 0.000000 0.000000 0.000000 1.000000
0.999888 0.008479 0.012314 0.000000 -0.004572 0.957583 -0.288122 1.559300 -0.014235 0.288033 0.957515 0.000000 0.000000 0.000000 0.000000 1.000000</float_array>
        <technique_common>
          <accessor source="#mixamorig_RightHandPinky2-Matrix-animation-output-transform-array" count="50" stride="16">
            <param type="float4x4"/>
          </accessor>
        </technique_common>
      </source>
      <source id="mixamorig_RightHandPinky2-Interpolations">
        <Name_array id="mixamorig_RightHandPinky2-Interpolations-array" count="50">
 LINEAR LINEAR LINEAR LINEAR LINEAR LINEAR LINEAR LINEAR LINEAR LINEAR LINEAR
LINEAR LINEAR LINEAR LINEAR LINEAR LINEAR LINEAR LINEAR LINEAR LINEAR LINEAR LINEAR
LINEAR LINEAR LINEAR LINEAR LINEAR LINEAR LINEAR LINEAR LINEAR LINEAR LINEAR LINEAR
LINEAR LINEAR LINEAR LINEAR LINEAR LINEAR LINEAR LINEAR LINEAR LINEAR LINEAR LINEAR
LINEAR LINEAR LINEAR</Name_array>
        <technique_common>
          <accessor source="#mixamorig_RightHandPinky2-Interpolations-array" count="50">
            <param type="name"/>
          </accessor>
        </technique_common>
      </source>
      <sampler id="mixamorig_RightHandPinky2-Matrix-animation-transform">
        <input semantic="INPUT" source="#mixamorig_RightHandPinky2-Matrix-animation-input"/>
        <input semantic="OUTPUT" source="#mixamorig_RightHandPinky2-Matrix-animation-output-transform"/>
        <input semantic="INTERPOLATION" source="#mixamorig_RightHandPinky2-Interpolations"/>
      </sampler>
      <channel source="#mixamorig_RightHandPinky2-Matrix-animation-transform" target="mixamorig_RightHandPinky2/matrix"/>
    </animation>
    <animation id="mixamorig_RightHandPinky3-anim" name="mixamorig_RightHandPinky3">
      <source id="mixamorig_RightHandPinky3-Matrix-animation-input">
        <float_array id="mixamorig_RightHandPinky3-Matrix-animation-input-array" count="50">

0.000000 0.033333 0.066667 0.100000 0.133333 0.166667 0.200000 0.233333 0.266667 0.300000 0.333333 0.366667 0.400000 0.433333 0.466667 0.500000
0.533333 0.566667 0.600000 0.633333 0.666667 0.700000 0.733333 0.766667 0.800000 0.833333 0.866667 0.900000 0.933333 0.966667 1.000000 1.033333
1.066667 1.100000 1.133333 1.166667 1.200000 1.233333 1.266667 1.300000 1.333333 1.366667 1.400000 1.433333 1.466667 1.500000 1.533333 1.566667
1.600000 1.633333</float_array>
        <technique_common>
          <accessor source="#mixamorig_RightHandPinky3-Matrix-animation-input-array" count="50">
            <param name="TIME" type="float"/>
          </accessor>
        </technique_common>
      </source>
      <source id="mixamorig_RightHandPinky3-Matrix-animation-output-transform">
        <float_array id="mixamorig_RightHandPinky3-Matrix-animation-output-transform-array" count="800">

0.999222 0.023378 0.031762 0.000000 -0.001158 0.822404 -0.568903 1.540600 -0.039421 0.568424 0.821791 0.000000 0.000000 0.000000 0.000000 1.000000
0.999224 0.023221 0.031818 0.000000 -0.001091 0.823760 -0.566938 1.540600 -0.039376 0.566463 0.823146 0.000000 0.000000 0.000000 0.000000 1.000000
0.999229 0.022849 0.031939 0.000000 -0.000955 0.827201 -0.561905 1.540600 -0.039259 0.561441 0.826585 0.000000 0.000000 0.000000 0.000000 1.000000
0.999229 0.022409 0.032245 0.000000 -0.000789 0.832465 -0.554077 1.540600 -0.039259 0.553624 0.831841 0.000000 0.000000 0.000000 0.000000 1.000000
0.999229 0.021839 0.032631 0.000000 -0.000569 0.839007 -0.544120 1.540600 -0.039260 0.543682 0.838373 0.000000 0.000000 0.000000 0.000000 1.000000
0.999229 0.021185 0.033063 0.000000 -0.000321 0.846360 -0.532611 1.540600 -0.039266 0.532190 0.845714 0.000000 0.000000 0.000000 0.000000 1.000000
0.999228 0.020480 0.033514 0.000000 -0.000057 0.854049 -0.520193 1.540600 -0.039276 0.519789 0.853391 -0.000000 0.000000 0.000000 0.000000 1.000000
0.999228 0.019760 0.033959 0.000000 0.000210 0.861634 -0.507530 1.540600 -0.039289 0.507146 0.860964 0.000000 0.000000 0.000000 0.000000 1.000000
0.999227 0.019063 0.034377 0.000000 0.000466 0.868743 -0.495262 1.540600 -0.039306 0.494896 0.868063 0.000000 0.000000 0.000000 0.000000 1.000000
0.999227 0.018725 0.034569 0.000000 0.000636 0.871480 -0.490431 1.540600 -0.039309 0.490074 0.870794 0.000000 0.000000 0.000000 0.000000 1.000000
0.999227 0.019201 0.034296 -0.000000 0.000415 0.867348 -0.497702 1.540600 -0.039303 0.497332 0.866670 0.000000 0.000000 0.000000 0.000000 1.000000
0.999228 0.019934 0.033853 -0.000000 0.000146 0.859821 -0.510595 1.540600 -0.039286 0.510206 0.859154 -0.000000 0.000000 0.000000 0.000000 1.000000
0.999229 0.020887 0.033255 -0.000000 -0.000209 0.849639 -0.527365 1.540600 -0.039270 0.526952 0.848988 -0.000000 0.000000 0.000000 0.000000 1.000000
0.999229 0.022437 0.032225 0.000000 -0.000797 0.832082 -0.554653 1.540600 -0.039259 0.554199 0.831458 0.000000 0.000000 0.000000 0.000000 1.000000
0.999228 0.024149 0.030999 -0.000000 -0.001461 0.811168 -0.584812 1.540600 -0.039268 0.584315 0.810576 0.000000 0.000000 0.000000 0.000000 1.000000
0.999225 0.025930 0.029620 0.000000 -0.002171 0.787571 -0.616220 1.540600 -0.039306 0.615678 0.787017 0.000000 0.000000 0.000000 0.000000 1.000000
0.999220 0.027695 0.028136 0.000000 -0.002895 0.762164 -0.647377 1.540600 -0.039373 0.646791 0.761650 0.000000 0.000000 0.000000 0.000000 1.000000
0.999214 0.029368 0.026612 0.000000 -0.003604 0.736034 -0.676935 1.540600 -0.039468 0.676308 0.735561 0.000000 0.000000 0.000000 0.000000 1.000000
0.999207 0.030881 0.025123 -0.000000 -0.004264 0.710461 -0.703723 1.540600 -0.039581 0.703058 0.710030 0.000000 0.000000 0.000000 0.000000 1.000000
0.999200 0.032183 0.023752 0.000000 -0.004848 0.686889 -0.726746 1.540600 -0.039704 0.726049 0.686496 0.000000 0.000000 0.000000 0.000000 1.000000
0.999193 0.033215 0.022595 -0.000000 -0.005318 0.666870 -0.745155 1.540600 -0.039818 0.744433 0.666508 0.000000 0.000000 0.000000 0.000000 1.000000
0.999187 0.033979 0.021697 0.000000 -0.005708 0.652002 -0.758196 1.540600 -0.039909 0.757455 0.651666 -0.000000 0.000000 0.000000 0.000000 1.000000
0.999184 0.034392 0.021197 0.000000 -0.005931 0.643861 -0.765119 1.540600 -0.039962 0.764369 0.643540 0.000000 0.000000 0.000000 0.000000 1.000000
0.999182 0.034462 0.021158 0.000000 -0.005949 0.642779 -0.766029 1.540600 -0.039999 0.765276 0.642458 0.000000 0.000000 0.000000 0.000000 1.000000
0.999182 0.034456 0.021165 0.000000 -0.005939 0.642779 -0.766029 1.540600 -0.039999 0.765276 0.642458 0.000000 0.000000 0.000000 0.000000 1.000000
0.999182 0.034453 0.021173 -0.000000 -0.005932 0.642779 -0.766029 1.540600 -0.040001 0.765276 0.642458 -0.000000 0.000000 0.000000 0.000000 1.000000
0.999182 0.034451 0.021179 0.000000 -0.005926 0.642779 -0.766029 1.540600 -0.040004 0.765276 0.642457 0.000000 0.000000 0.000000 0.000000 1.000000
0.999182 0.034452 0.021185 -0.000000 -0.005921 0.642779 -0.766029 1.540600 -0.040008 0.765276 0.642457 -0.000000 0.000000 0.000000 0.000000 1.000000
0.999182 0.034455 0.021191 0.000000 -0.005919 0.642779 -0.766029 1.540600 -0.040015 0.765276 0.642457 -0.000000 0.000000 0.000000 0.000000 1.000000
0.999181 0.034461 0.021199 0.000000 -0.005917 0.642780 -0.766028 1.540600 -0.040024 0.765276 0.642457 -0.000000 0.000000 0.000000 0.000000 1.000000
0.999184 0.034294 0.021317 0.000000 -0.005846 0.645224 -0.763971 1.540600 -0.039954 0.763223 0.644898 0.000000 0.000000 0.000000 0.000000 1.000000
0.999187 0.033952 0.021729 0.000000 -0.005671 0.652086 -0.758124 1.540600 -0.039909 0.757385 0.651748 -0.000000 0.000000 0.000000 0.000000 1.000000
0.999191 0.033441 0.022334 0.000000 -0.005436 0.662615 -0.748941 1.540600 -0.039844 0.748214 0.662261 0.000000 0.000000 0.000000 0.000000 1.000000
0.999196 0.032752 0.023121 -0.000000 -0.005109 0.676038 -0.736849 1.540600 -0.039764 0.736139 0.675661 0.000000 0.000000 0.000000 0.000000 1.000000
0.999201 0.031931 0.024023 0.000000 -0.004735 0.691578 -0.722287 1.540600 -0.039678 0.721596 0.691176 0.000000 0.000000 0.000000 0.000000 1.000000
0.999207 0.030995 0.025008 0.000000 -0.004314 0.708479 -0.705718 1.540600 -0.039592 0.705051 0.708051 -0.000000 0.000000 0.000000 0.000000 1.000000
0.999212 0.029974 0.026029 0.000000 -0.003866 0.726022 -0.687661 1.540600 -0.039510 0.687018 0.725565 -0.000000 0.000000 0.000000 0.000000 1.000000
0.999216 0.028901 0.027050 0.000000 -0.003404 0.743536 -0.668687 1.540600 -0.039439 0.668071 0.743052 0.000000 0.000000 0.000000 0.000000 1.000000
0.999220 0.027811 0.028033 0.000000 -0.002944 0.760416 -0.649430 1.540600 -0.039378 0.648841 0.759904 -0.000000 0.000000 0.000000 0.000000 1.000000
0.999223 0.026744 0.028950 -0.000000 -0.002503 0.776117 -0.630584 1.540600 -0.039333 0.630022 0.775581 0.000000 0.000000 0.000000 0.000000 1.000000
0.999225 0.025741 0.029771 0.000000 -0.002095 0.790163 -0.612893 1.540600 -0.039300 0.612356 0.789605 0.000000 0.000000 0.000000 0.000000 1.000000
0.999227 0.024848 0.030471 0.000000 -0.001737 0.802137 -0.597137 1.540600 -0.039280 0.596622 0.801560 0.000000 0.000000 0.000000 0.000000 1.000000
0.999228 0.024110 0.031029 -0.000000 -0.001446 0.811663 -0.584124 1.540600 -0.039268 0.583628 0.811071 0.000000 0.000000 0.000000 0.000000 1.000000
0.999228 0.023574 0.031423 0.000000 -0.001236 0.818384 -0.574670 1.540600 -0.039263 0.574188 0.817782 0.000000 0.000000 0.000000 0.000000 1.000000
0.999230 0.023208 0.031628 0.000000 -0.001062 0.821939 -0.569575 1.540600 -0.039215 0.569103 0.821331 0.000000 0.000000 0.000000 0.000000 1.000000
0.999231 0.023154 0.031647 -0.000000 -0.001039 0.822404 -0.568903 1.540600 -0.039199 0.568433 0.821795 0.000000 0.000000 0.000000 0.000000 1.000000
0.999231 0.023154 0.031647 -0.000000 -0.001039 0.822404 -0.568903 1.540600 -0.039199 0.568433 0.821795 0.000000 0.000000 0.000000 0.000000 1.000000
0.999231 0.023154 0.031647 0.000000 -0.001039 0.822404 -0.568903 1.540600 -0.039200 0.568433 0.821795 0.000000 0.000000 0.000000 0.000000 1.000000
0.999231 0.023154 0.031647 0.000000 -0.001039 0.822404 -0.568903 1.540600 -0.039199 0.568433 0.821795 0.000000 0.000000 0.000000 0.000000 1.000000
0.999231 0.023154 0.031647 0.000000 -0.001038 0.822404 -0.568903 1.540600 -0.039199 0.568432 0.821796 0.000000 0.000000 0.000000 0.000000 1.000000</float_array>
        <technique_common>
          <accessor source="#mixamorig_RightHandPinky3-Matrix-animation-output-transform-array" count="50" stride="16">
            <param type="float4x4"/>
          </accessor>
        </technique_common>
      </source>
      <source id="mixamorig_RightHandPinky3-Interpolations">
        <Name_array id="mixamorig_RightHandPinky3-Interpolations-array" count="50">
 LINEAR LINEAR LINEAR LINEAR LINEAR LINEAR LINEAR LINEAR LINEAR LINEAR LINEAR
LINEAR LINEAR LINEAR LINEAR LINEAR LINEAR LINEAR LINEAR LINEAR LINEAR LINEAR LINEAR
LINEAR LINEAR LINEAR LINEAR LINEAR LINEAR LINEAR LINEAR LINEAR LINEAR LINEAR LINEAR
LINEAR LINEAR LINEAR LINEAR LINEAR LINEAR LINEAR LINEAR LINEAR LINEAR LINEAR LINEAR
LINEAR LINEAR LINEAR</Name_array>
        <technique_common>
          <accessor source="#mixamorig_RightHandPinky3-Interpolations-array" count="50">
            <param type="name"/>
          </accessor>
        </technique_common>
      </source>
      <sampler id="mixamorig_RightHandPinky3-Matrix-animation-transform">
        <input semantic="INPUT" source="#mixamorig_RightHandPinky3-Matrix-animation-input"/>
        <input semantic="OUTPUT" source="#mixamorig_RightHandPinky3-Matrix-animation-output-transform"/>
        <input semantic="INTERPOLATION" source="#mixamorig_RightHandPinky3-Interpolations"/>
      </sampler>
      <channel source="#mixamorig_RightHandPinky3-Matrix-animation-transform" target="mixamorig_RightHandPinky3/matrix"/>
    </animation>
    <animation id="mixamorig_RightUpLeg-anim" name="mixamorig_RightUpLeg">
      <source id="mixamorig_RightUpLeg-Matrix-animation-input">
        <float_array id="mixamorig_RightUpLeg-Matrix-animation-input-array" count="50">

0.000000 0.033333 0.066667 0.100000 0.133333 0.166667 0.200000 0.233333 0.266667 0.300000 0.333333 0.366667 0.400000 0.433333 0.466667 0.500000
0.533333 0.566667 0.600000 0.633333 0.666667 0.700000 0.733333 0.766667 0.800000 0.833333 0.866667 0.900000 0.933333 0.966667 1.000000 1.033333
1.066667 1.100000 1.133333 1.166667 1.200000 1.233333 1.266667 1.300000 1.333333 1.366667 1.400000 1.433333 1.466667 1.500000 1.533333 1.566667
1.600000 1.633333</float_array>
        <technique_common>
          <accessor source="#mixamorig_RightUpLeg-Matrix-animation-input-array" count="50">
            <param name="TIME" type="float"/>
          </accessor>
        </technique_common>
      </source>
      <source id="mixamorig_RightUpLeg-Matrix-animation-output-transform">
        <float_array id="mixamorig_RightUpLeg-Matrix-animation-output-transform-array" count="800">

-0.655520 -0.592562 -0.468150 -9.941000 -0.034962 -0.595442 0.802637 -5.272400 -0.754368 0.542512 0.369606 -1.010900 0.000000 0.000000 0.000000 1.000000
-0.651100 -0.593723 -0.472823 -9.941000 -0.032812 -0.600361 0.799056 -5.272400 -0.758282 0.535779 0.371414 -1.010900 0.000000 0.000000 0.000000 1.000000
-0.646633 -0.591466 -0.481700 -9.941000 -0.031857 -0.609997 0.791763 -5.272400 -0.762136 0.527325 0.375602 -1.010900 0.000000 0.000000 0.000000 1.000000
-0.641355 -0.587276 -0.493730 -9.941000 -0.035408 -0.620170 0.783668 -5.272400 -0.766426 0.520092 0.376955 -1.010900 0.000000 0.000000 0.000000 1.000000
-0.631671 -0.586317 -0.507172 -9.941000 -0.040206 -0.628559 0.776722 -5.272400 -0.774193 0.511024 0.373470 -1.010900 0.000000 0.000000 0.000000 1.000000
-0.615321 -0.588336 -0.524635 -9.941000 -0.043786 -0.639009 0.767952 -5.272400 -0.787060 0.495509 0.367434 -1.010900 0.000000 0.000000 0.000000 1.000000
-0.601789 -0.587479 -0.541035 -9.941000 -0.045042 -0.651389 0.757406 -5.272400 -0.797384 0.480168 0.365538 -1.010900 0.000000 0.000000 0.000000 1.000000
-0.596804 -0.580783 -0.553638 -9.941000 -0.045935 -0.664128 0.746207 -5.272400 -0.801071 0.470771 0.369676 -1.010900 0.000000 0.000000 0.000000 1.000000
-0.595255 -0.572119 -0.564226 -9.941000 -0.043632 -0.678129 0.733647 -5.272400 -0.802351 0.461325 0.378697 -1.010900 0.000000 0.000000 0.000000 1.000000
-0.593600 -0.561658 -0.576350 -9.941000 -0.040765 -0.694271 0.718558 -5.272400 -0.803727 0.450031 0.389224 -1.010900 0.000000 0.000000 0.000000 1.000000
-0.589615 -0.552500 -0.589150 -9.941000 -0.036198 -0.710622 0.702642 -5.272400 -0.806873 0.435614 0.398995 -1.010900 0.000000 0.000000 0.000000 1.000000
-0.587013 -0.540768 -0.602484 -9.941000 -0.033188 -0.727495 0.685310 -5.272400 -0.808897 0.422281 0.409102 -1.010900 0.000000 0.000000 0.000000 1.000000
-0.584720 -0.527014 -0.616733 -9.941000 -0.030980 -0.745178 0.666146 -5.272400 -0.810644 0.408615 0.419393 -1.010900 0.000000 0.000000 0.000000 1.000000
-0.583443 -0.513561 -0.629165 -9.941000 -0.030076 -0.760493 0.648649 -5.272400 -0.811597 0.397373 0.428259 -1.010900 0.000000 0.000000 0.000000 1.000000
-0.581252 -0.499421 -0.642437 -9.941000 -0.029187 -0.776199 0.629813 -5.272400 -0.813200 0.384831 0.436590 -1.010900 0.000000 0.000000 0.000000 1.000000
-0.576442 -0.488501 -0.655043 -9.941000 -0.026701 -0.789942 0.612600 -5.272400 -0.816702 0.370619 0.442312 -1.010900 0.000000 0.000000 0.000000 1.000000
-0.566925 -0.482818 -0.667445 -9.941000 -0.022080 -0.801036 0.598209 -5.272400 -0.823474 0.353877 0.443466 -1.010900 0.000000 0.000000 0.000000 1.000000
-0.551711 -0.481093 -0.681296 -9.941000 -0.015823 -0.810682 0.585273 -5.272400 -0.833885 0.333682 0.439650 -1.010900 0.000000 0.000000 0.000000 1.000000
-0.538237 -0.480254 -0.692573 -9.941000 -0.010022 -0.818054 0.575054 -5.272400 -0.842734 0.316456 0.435494 -1.010900 0.000000 0.000000 0.000000 1.000000
-0.530516 -0.481120 -0.697908 -9.941000 -0.005331 -0.821411 0.570312 -5.272400 -0.847658 0.306280 0.433207 -1.010900 0.000000 0.000000 0.000000 1.000000
-0.520636 -0.489243 -0.699699 -9.941000 0.003970 -0.820911 0.571042 -5.272400 -0.853769 0.294528 0.429338 -1.010900 0.000000 0.000000 0.000000 1.000000
-0.507408 -0.499853 -0.701914 -9.941000 0.021546 -0.821669 0.569558 -5.272400 -0.861436 0.273875 0.427691 -1.010900 0.000000 0.000000 0.000000 1.000000
-0.488485 -0.519707 -0.700919 -9.941000 0.039399 -0.815597 0.577278 -5.272400 -0.871683 0.254376 0.418882 -1.010900 0.000000 0.000000 0.000000 1.000000
-0.460978 -0.555046 -0.692403 -9.941000 0.054384 -0.796454 0.602249 -5.272400 -0.885743 0.239968 0.397334 -1.010900 0.000000 0.000000 0.000000 1.000000
-0.434874 -0.587583 -0.682372 -9.941000 0.064383 -0.776126 0.627283 -5.272400 -0.898187 0.228855 0.375347 -1.010900 0.000000 0.000000 0.000000 1.000000
-0.413810 -0.616266 -0.670058 -9.941000 0.063326 -0.753736 0.654119 -5.272400 -0.908158 0.228249 0.350929 -1.010900 0.000000 0.000000 0.000000 1.000000
-0.402211 -0.637722 -0.656914 -9.941000 0.059545 -0.734212 0.676304 -5.272400 -0.913608 0.232901 0.333282 -1.010900 0.000000 0.000000 0.000000 1.000000
-0.402482 -0.651027 -0.643562 -9.941000 0.056890 -0.719447 0.692213 -5.272400 -0.913658 0.241991 0.326602 -1.010900 0.000000 0.000000 0.000000 1.000000
-0.418043 -0.658483 -0.625812 -9.941000 0.061044 -0.707701 0.703870 -5.272400 -0.906374 0.256046 0.336046 -1.010900 0.000000 0.000000 0.000000 1.000000
-0.465194 -0.665466 -0.583737 -9.941000 0.067159 -0.684066 0.726322 -5.272400 -0.882657 0.298677 0.362916 -1.010900 0.000000 0.000000 0.000000 1.000000
-0.491376 -0.669278 -0.557330 -9.941000 0.061333 -0.664914 0.744397 -5.272400 -0.868785 0.331596 0.367771 -1.010900 0.000000 0.000000 0.000000 1.000000
-0.526200 -0.668217 -0.525927 -9.941000 0.057490 -0.645015 0.762004 -5.272400 -0.848415 0.370731 0.377822 -1.010900 0.000000 0.000000 0.000000 1.000000
-0.544544 -0.668308 -0.506790 -9.941000 0.043047 -0.625707 0.778870 -5.272400 -0.837627 0.402313 0.369494 -1.010900 0.000000 0.000000 0.000000 1.000000
-0.556768 -0.667572 -0.494325 -9.941000 0.023454 -0.607489 0.793982 -5.272400 -0.830337 0.430469 0.353887 -1.010900 0.000000 0.000000 0.000000 1.000000
-0.576184 -0.661207 -0.480434 -9.941000 0.003243 -0.589662 0.807644 -5.272400 -0.817314 0.463793 0.341898 -1.010900 0.000000 0.000000 0.000000 1.000000
-0.599981 -0.641265 -0.478333 -9.941000 -0.022285 -0.584277 0.811248 -5.272400 -0.799704 0.497393 0.336265 -1.010900 0.000000 0.000000 0.000000 1.000000
-0.625355 -0.608405 -0.488645 -9.941000 -0.045491 -0.596706 0.801169 -5.272400 -0.779013 0.523244 0.345476 -1.010900 0.000000 0.000000 0.000000 1.000000
-0.648732 -0.567393 -0.507161 -9.941000 -0.062838 -0.624212 0.778724 -5.272400 -0.758418 0.537052 0.369292 -1.010900 0.000000 0.000000 0.000000 1.000000
-0.666779 -0.528705 -0.525240 -9.941000 -0.073446 -0.654730 0.752286 -5.272400 -0.741628 0.540185 0.397729 -1.010900 0.000000 0.000000 0.000000 1.000000
-0.673885 -0.515683 -0.529103 -9.941000 -0.070322 -0.668112 0.740730 -5.272400 -0.735482 0.536375 0.413966 -1.010900 0.000000 0.000000 0.000000 1.000000
-0.670770 -0.534829 -0.513834 -9.941000 -0.068724 -0.645009 0.761078 -5.272400 -0.738474 0.545821 0.395898 -1.010900 0.000000 0.000000 0.000000 1.000000
-0.666884 -0.560042 -0.491548 -9.941000 -0.064319 -0.613929 0.786737 -5.272400 -0.742381 0.556277 0.373398 -1.010900 0.000000 0.000000 0.000000 1.000000
-0.663898 -0.579615 -0.472531 -9.941000 -0.057428 -0.590493 0.804997 -5.272400 -0.745615 0.561572 0.358741 -1.010900 0.000000 0.000000 0.000000 1.000000
-0.661334 -0.593630 -0.458520 -9.941000 -0.050583 -0.574599 0.816870 -5.272400 -0.748384 0.563418 0.349975 -1.010900 0.000000 0.000000 0.000000 1.000000
-0.658485 -0.601947 -0.451727 -9.941000 -0.042887 -0.569239 0.821053 -5.272400 -0.751371 0.560024 0.349020 -1.010900 0.000000 0.000000 0.000000 1.000000
-0.656158 -0.605237 -0.450717 -9.941000 -0.036560 -0.571076 0.820083 -5.272400 -0.753737 0.554582 0.352589 -1.010900 0.000000 0.000000 0.000000 1.000000
-0.654496 -0.604654 -0.453905 -9.941000 -0.032139 -0.577558 0.815717 -5.272400 -0.755382 0.548471 0.358577 -1.010900 0.000000 0.000000 0.000000 1.000000
-0.653775 -0.601845 -0.458652 -9.941000 -0.030035 -0.585012 0.810468 -5.272400 -0.756093 0.543639 0.364389 -1.010900 0.000000 0.000000 0.000000 1.000000
-0.654370 -0.597146 -0.463913 -9.941000 -0.031648 -0.591336 0.805804 -5.272400 -0.755512 0.541976 0.368055 -1.010900 0.000000 0.000000 0.000000 1.000000
-0.655465 -0.592625 -0.468147 -9.941000 -0.034820 -0.595504 0.802597 -5.272400 -0.754423 0.542375 0.369696 -1.010900 0.000000 0.000000 0.000000 1.000000</float_array>
        <technique_common>
          <accessor source="#mixamorig_RightUpLeg-Matrix-animation-output-transform-array" count="50" stride="16">
            <param type="float4x4"/>
          </accessor>
        </technique_common>
      </source>
      <source id="mixamorig_RightUpLeg-Interpolations">
        <Name_array id="mixamorig_RightUpLeg-Interpolations-array" count="50">
 LINEAR LINEAR LINEAR LINEAR LINEAR LINEAR LINEAR LINEAR LINEAR LINEAR LINEAR
LINEAR LINEAR LINEAR LINEAR LINEAR LINEAR LINEAR LINEAR LINEAR LINEAR LINEAR LINEAR
LINEAR LINEAR LINEAR LINEAR LINEAR LINEAR LINEAR LINEAR LINEAR LINEAR LINEAR LINEAR
LINEAR LINEAR LINEAR LINEAR LINEAR LINEAR LINEAR LINEAR LINEAR LINEAR LINEAR LINEAR
LINEAR LINEAR LINEAR</Name_array>
        <technique_common>
          <accessor source="#mixamorig_RightUpLeg-Interpolations-array" count="50">
            <param type="name"/>
          </accessor>
        </technique_common>
      </source>
      <sampler id="mixamorig_RightUpLeg-Matrix-animation-transform">
        <input semantic="INPUT" source="#mixamorig_RightUpLeg-Matrix-animation-input"/>
        <input semantic="OUTPUT" source="#mixamorig_RightUpLeg-Matrix-animation-output-transform"/>
        <input semantic="INTERPOLATION" source="#mixamorig_RightUpLeg-Interpolations"/>
      </sampler>
      <channel source="#mixamorig_RightUpLeg-Matrix-animation-transform" target="mixamorig_RightUpLeg/matrix"/>
    </animation>
    <animation id="mixamorig_RightLeg-anim" name="mixamorig_RightLeg">
      <source id="mixamorig_RightLeg-Matrix-animation-input">
        <float_array id="mixamorig_RightLeg-Matrix-animation-input-array" count="50">

0.000000 0.033333 0.066667 0.100000 0.133333 0.166667 0.200000 0.233333 0.266667 0.300000 0.333333 0.366667 0.400000 0.433333 0.466667 0.500000
0.533333 0.566667 0.600000 0.633333 0.666667 0.700000 0.733333 0.766667 0.800000 0.833333 0.866667 0.900000 0.933333 0.966667 1.000000 1.033333
1.066667 1.100000 1.133333 1.166667 1.200000 1.233333 1.266667 1.300000 1.333333 1.366667 1.400000 1.433333 1.466667 1.500000 1.533333 1.566667
1.600000 1.633333</float_array>
        <technique_common>
          <accessor source="#mixamorig_RightLeg-Matrix-animation-input-array" count="50">
            <param name="TIME" type="float"/>
          </accessor>
        </technique_common>
      </source>
      <source id="mixamorig_RightLeg-Matrix-animation-output-transform">
        <float_array id="mixamorig_RightLeg-Matrix-animation-output-transform-array" count="800">

0.939244 0.083224 -0.333007 -0.000000 0.206395 0.638250 0.741645 43.364799 0.274265 -0.765317 0.582296 0.000000 0.000000 0.000000 0.000000 1.000000
0.945128 0.075681 -0.317813 0.000000 0.210645 0.602423 0.769880 43.364799 0.249723 -0.794581 0.553425 -0.000000 0.000000 0.000000 0.000000 1.000000
0.952626 0.065968 -0.296903 0.000000 0.208148 0.570364 0.794581 43.364799 0.221760 -0.818739 0.529612 0.000000 0.000000 0.000000 0.000000 1.000000
0.960581 0.052798 -0.272940 0.000000 0.200598 0.548095 0.812005 43.364799 0.192469 -0.834748 0.515899 0.000000 0.000000 0.000000 0.000000 1.000000
0.967870 0.034125 -0.249126 0.000000 0.193457 0.531848 0.824446 43.364799 0.160632 -0.846152 0.508158 0.000000 0.000000 0.000000 0.000000 1.000000
0.973140 0.008782 -0.230047 0.000000 0.191545 0.523442 0.830252 43.364799 0.127707 -0.852016 0.507700 0.000000 0.000000 0.000000 0.000000 1.000000
0.976850 -0.014329 -0.213446 0.000000 0.189409 0.521734 0.831816 43.364799 0.099443 -0.852988 0.512370 0.000000 0.000000 0.000000 0.000000 1.000000
0.979237 -0.027450 -0.200850 -0.000000 0.185162 0.524432 0.831075 43.364799 0.082519 -0.851010 0.518626 0.000000 0.000000 0.000000 0.000000 1.000000
0.982607 -0.037361 -0.181898 0.000000 0.173865 0.529140 0.830531 43.364799 0.065220 -0.847711 0.526433 0.000000 0.000000 0.000000 0.000000 1.000000
0.985460 -0.047832 -0.163034 0.000000 0.163007 0.536811 0.827806 43.364799 0.047922 -0.842345 0.536803 0.000000 0.000000 0.000000 0.000000 1.000000
0.987707 -0.058330 -0.145025 0.000000 0.153007 0.550655 0.820590 43.364799 0.031994 -0.832693 0.552810 -0.000000 0.000000 0.000000 0.000000 1.000000
0.989809 -0.066375 -0.125985 -0.000000 0.141239 0.570376 0.809149 43.364799 0.018152 -0.818698 0.573938 0.000000 0.000000 0.000000 0.000000 1.000000
0.992064 -0.072092 -0.103014 0.000000 0.125668 0.595076 0.793784 43.364799 0.004076 -0.800430 0.599413 0.000000 0.000000 0.000000 0.000000 1.000000
0.993996 -0.075671 -0.079029 0.000000 0.109031 0.624587 0.773307 43.364799 -0.009156 -0.777280 0.629088 -0.000000 0.000000 0.000000 0.000000 1.000000
0.995433 -0.078889 -0.053751 0.000000 0.092347 0.653185 0.751546 43.364799 -0.024179 -0.753078 0.657487 0.000000 0.000000 0.000000 0.000000 1.000000
0.996069 -0.083518 -0.029529 -0.000000 0.078590 0.679329 0.729613 43.364799 -0.040876 -0.729065 0.683222 0.000000 0.000000 0.000000 0.000000 1.000000
0.995684 -0.092499 -0.007516 0.000000 0.070419 0.700287 0.710379 43.364799 -0.060446 -0.707843 0.703779 0.000000 0.000000 0.000000 0.000000 1.000000
0.994184 -0.106911 0.012935 0.000000 0.067847 0.715096 0.695726 43.364799 -0.083631 -0.690802 0.718191 0.000000 0.000000 0.000000 0.000000 1.000000
0.992260 -0.118651 0.036631 -0.000000 0.061357 0.724928 0.686087 43.364799 -0.107960 -0.678529 0.726597 -0.000000 0.000000 0.000000 0.000000 1.000000
0.991212 -0.118611 0.058562 0.000000 0.046841 0.728749 0.683177 43.364799 -0.123709 -0.674431 0.727900 -0.000000 0.000000 0.000000 0.000000 1.000000
0.991385 -0.113623 0.065157 0.000000 0.038435 0.727928 0.684576 43.364799 -0.125213 -0.676174 0.726024 0.000000 0.000000 0.000000 0.000000 1.000000
0.993484 -0.104435 0.045630 0.000000 0.046694 0.738222 0.672940 43.364799 -0.103964 -0.666424 0.738289 -0.000000 0.000000 0.000000 0.000000 1.000000
0.995773 -0.090233 -0.017125 0.000000 0.078912 0.745166 0.662194 43.364799 -0.046991 -0.660746 0.749137 0.000000 0.000000 0.000000 0.000000 1.000000
0.992102 -0.078330 -0.097967 0.000000 0.123933 0.732538 0.669349 43.364799 0.019335 -0.676204 0.736460 0.000000 0.000000 0.000000 0.000000 1.000000
0.984250 -0.067661 -0.163324 -0.000000 0.161374 0.721112 0.673763 43.364799 0.072187 -0.689507 0.720673 0.000000 0.000000 0.000000 0.000000 1.000000
0.972690 -0.053156 -0.225938 -0.000000 0.195405 0.712866 0.673527 43.364799 0.125262 -0.699282 0.703785 0.000000 0.000000 0.000000 0.000000 1.000000
0.960032 -0.038654 -0.277208 0.000000 0.220750 0.713453 0.665022 43.364799 0.172069 -0.699636 0.693470 0.000000 0.000000 0.000000 0.000000 1.000000
0.949154 -0.027739 -0.313586 -0.000000 0.235943 0.722137 0.650269 43.364799 0.208415 -0.691194 0.691964 0.000000 0.000000 0.000000 0.000000 1.000000
0.942814 -0.022566 -0.332554 -0.000000 0.240884 0.735720 0.633001 43.364799 0.230383 -0.676909 0.699083 0.000000 0.000000 0.000000 0.000000 1.000000
0.938749 -0.017738 -0.344143 0.000000 0.247683 0.729075 0.638046 43.364799 0.239588 -0.684204 0.688812 0.000000 0.000000 0.000000 0.000000 1.000000
0.942272 -0.013474 -0.334578 0.000000 0.238993 0.726911 0.643803 43.364799 0.234534 -0.686599 0.688168 -0.000000 0.000000 0.000000 0.000000 1.000000
0.948393 -0.004353 -0.317068 0.000000 0.223336 0.718993 0.658157 43.364799 0.225105 -0.695004 0.682860 0.000000 0.000000 0.000000 0.000000 1.000000
0.953913 0.002344 -0.300075 0.000000 0.210022 0.709025 0.673182 43.364799 0.214338 -0.705179 0.675856 0.000000 0.000000 0.000000 0.000000 1.000000
0.959109 0.006743 -0.282958 0.000000 0.197840 0.698960 0.687251 43.364799 0.202410 -0.715129 0.669044 0.000000 0.000000 0.000000 0.000000 1.000000
0.960797 0.011228 -0.277026 0.000000 0.193136 0.689763 0.697800 43.364799 0.198917 -0.723948 0.660554 -0.000000 0.000000 0.000000 0.000000 1.000000
0.958942 0.025947 -0.282411 -0.000000 0.183663 0.701956 0.688132 43.364799 0.216095 -0.711748 0.668369 0.000000 0.000000 0.000000 0.000000 1.000000
0.954146 0.039999 -0.296656 0.000000 0.170169 0.742840 0.647481 43.364799 0.246267 -0.668273 0.701971 -0.000000 0.000000 0.000000 0.000000 1.000000
0.948624 0.048174 -0.312718 0.000000 0.149172 0.803515 0.576291 43.364799 0.279036 -0.593332 0.755047 0.000000 0.000000 0.000000 0.000000 1.000000
0.944475 0.049448 -0.324842 0.000000 0.126280 0.858065 0.497773 43.364799 0.303349 -0.511155 0.804176 0.000000 0.000000 0.000000 0.000000 1.000000
0.941884 0.052043 -0.331883 -0.000000 0.121571 0.868164 0.481156 43.364799 0.313169 -0.493541 0.811383 0.000000 0.000000 0.000000 0.000000 1.000000
0.939992 0.060016 -0.335877 0.000000 0.141482 0.827224 0.543768 43.364799 0.310480 -0.558658 0.769092 0.000000 0.000000 0.000000 0.000000 1.000000
0.939031 0.069998 -0.336633 0.000000 0.167958 0.760916 0.626735 43.364799 0.300019 -0.645064 0.702767 0.000000 0.000000 0.000000 0.000000 1.000000
0.939342 0.076689 -0.334298 0.000000 0.186543 0.703678 0.685594 43.364799 0.287816 -0.706368 0.646689 0.000000 0.000000 0.000000 0.000000 1.000000
0.940007 0.080875 -0.331431 0.000000 0.197810 0.662312 0.722644 43.364799 0.277954 -0.744850 0.606580 0.000000 0.000000 0.000000 0.000000 1.000000
0.940200 0.083255 -0.330291 -0.000000 0.204697 0.636943 0.743238 43.364799 0.272254 -0.766402 0.581812 0.000000 0.000000 0.000000 0.000000 1.000000
0.940080 0.084347 -0.330357 0.000000 0.208325 0.624924 0.752376 43.364799 0.269909 -0.776115 0.569907 0.000000 0.000000 0.000000 0.000000 1.000000
0.939771 0.084559 -0.331181 -0.000000 0.209592 0.622821 0.753767 43.364799 0.270005 -0.777781 0.567586 0.000000 0.000000 0.000000 0.000000 1.000000
0.939446 0.084313 -0.332163 0.000000 0.209391 0.626068 0.751129 43.364799 0.271287 -0.775197 0.570503 0.000000 0.000000 0.000000 0.000000 1.000000
0.939281 0.083777 -0.332766 0.000000 0.208011 0.632254 0.746315 43.364799 0.272916 -0.770219 0.576437 0.000000 0.000000 0.000000 0.000000 1.000000
0.939223 0.083217 -0.333070 0.000000 0.206413 0.638350 0.741554 43.364799 0.274325 -0.765235 0.582376 0.000000 0.000000 0.000000 0.000000 1.000000</float_array>
        <technique_common>
          <accessor source="#mixamorig_RightLeg-Matrix-animation-output-transform-array" count="50" stride="16">
            <param type="float4x4"/>
          </accessor>
        </technique_common>
      </source>
      <source id="mixamorig_RightLeg-Interpolations">
        <Name_array id="mixamorig_RightLeg-Interpolations-array" count="50">
 LINEAR LINEAR LINEAR LINEAR LINEAR LINEAR LINEAR LINEAR LINEAR LINEAR LINEAR
LINEAR LINEAR LINEAR LINEAR LINEAR LINEAR LINEAR LINEAR LINEAR LINEAR LINEAR LINEAR
LINEAR LINEAR LINEAR LINEAR LINEAR LINEAR LINEAR LINEAR LINEAR LINEAR LINEAR LINEAR
LINEAR LINEAR LINEAR LINEAR LINEAR LINEAR LINEAR LINEAR LINEAR LINEAR LINEAR LINEAR
LINEAR LINEAR LINEAR</Name_array>
        <technique_common>
          <accessor source="#mixamorig_RightLeg-Interpolations-array" count="50">
            <param type="name"/>
          </accessor>
        </technique_common>
      </source>
      <sampler id="mixamorig_RightLeg-Matrix-animation-transform">
        <input semantic="INPUT" source="#mixamorig_RightLeg-Matrix-animation-input"/>
        <input semantic="OUTPUT" source="#mixamorig_RightLeg-Matrix-animation-output-transform"/>
        <input semantic="INTERPOLATION" source="#mixamorig_RightLeg-Interpolations"/>
      </sampler>
      <channel source="#mixamorig_RightLeg-Matrix-animation-transform" target="mixamorig_RightLeg/matrix"/>
    </animation>
    <animation id="mixamorig_RightFoot-anim" name="mixamorig_RightFoot">
      <source id="mixamorig_RightFoot-Matrix-animation-input">
        <float_array id="mixamorig_RightFoot-Matrix-animation-input-array" count="50">

0.000000 0.033333 0.066667 0.100000 0.133333 0.166667 0.200000 0.233333 0.266667 0.300000 0.333333 0.366667 0.400000 0.433333 0.466667 0.500000
0.533333 0.566667 0.600000 0.633333 0.666667 0.700000 0.733333 0.766667 0.800000 0.833333 0.866667 0.900000 0.933333 0.966667 1.000000 1.033333
1.066667 1.100000 1.133333 1.166667 1.200000 1.233333 1.266667 1.300000 1.333333 1.366667 1.400000 1.433333 1.466667 1.500000 1.533333 1.566667
1.600000 1.633333</float_array>
        <technique_common>
          <accessor source="#mixamorig_RightFoot-Matrix-animation-input-array" count="50">
            <param name="TIME" type="float"/>
          </accessor>
        </technique_common>
      </source>
      <source id="mixamorig_RightFoot-Matrix-animation-output-transform">
        <float_array id="mixamorig_RightFoot-Matrix-animation-output-transform-array" count="800">

0.986464 0.030808 0.161057 0.000000 0.105648 0.631754 -0.767936 44.493000 -0.125407 0.774557 0.619948 -0.000000 0.000000 0.000000 0.000000 1.000000
0.988739 0.052153 0.140267 -0.000000 0.081480 0.598579 -0.796909 44.493000 -0.125522 0.799364 0.587589 0.000000 0.000000 0.000000 0.000000 1.000000
0.989701 0.076680 0.120883 0.000000 0.056976 0.563674 -0.824030 44.493000 -0.131325 0.822430 0.553500 0.000000 0.000000 0.000000 0.000000 1.000000
0.989765 0.100408 0.101406 0.000000 0.032235 0.534919 -0.844288 44.493000 -0.139017 0.838916 0.526207 -0.000000 0.000000 0.000000 0.000000 1.000000
0.989082 0.123367 0.080603 0.000000 0.006314 0.510987 -0.859565 44.493000 -0.147229 0.850690 0.504629 -0.000000 0.000000 0.000000 0.000000 1.000000
0.987950 0.144533 0.055358 0.000000 -0.023285 0.492408 -0.870053 44.493000 -0.153010 0.858280 0.489840 -0.000000 0.000000 0.000000 0.000000 1.000000
0.986057 0.163225 0.032377 0.000000 -0.050265 0.477638 -0.877118 44.493000 -0.158632 0.863261 0.479183 -0.000000 0.000000 0.000000 0.000000 1.000000
0.984824 0.173158 0.011756 0.000000 -0.071597 0.467039 -0.881333 44.493000 -0.158101 0.867117 0.472348 0.000000 0.000000 0.000000 0.000000 1.000000
0.982849 0.184400 0.002263 0.000000 -0.083257 0.454643 -0.886774 44.493000 -0.164550 0.871376 0.462198 0.000000 0.000000 0.000000 0.000000 1.000000
0.981106 0.193394 -0.005490 0.000000 -0.092866 0.445847 -0.890279 44.493000 -0.169727 0.873967 0.455383 -0.000000 0.000000 0.000000 0.000000 1.000000
0.979568 0.200916 -0.008894 0.000000 -0.098363 0.440057 -0.892567 44.493000 -0.175417 0.875205 0.450828 -0.000000 0.000000 0.000000 0.000000 1.000000
0.977913 0.208850 -0.008209 0.000000 -0.101622 0.440779 -0.891844 44.493000 -0.182643 0.872981 0.452268 -0.000000 0.000000 0.000000 0.000000 1.000000
0.976019 0.217683 0.000731 0.000000 -0.098721 0.445621 -0.889762 44.493000 -0.194012 0.868353 0.456424 0.000000 0.000000 0.000000 0.000000 1.000000
0.974131 0.225566 0.013750 0.000000 -0.093108 0.456050 -0.885070 44.493000 -0.205913 0.860894 0.465254 0.000000 0.000000 0.000000 0.000000 1.000000
0.971330 0.235620 0.031647 0.000000 -0.085315 0.469726 -0.878680 44.493000 -0.221900 0.850789 0.476361 0.000000 0.000000 0.000000 0.000000 1.000000
0.967696 0.246531 0.052791 0.000000 -0.075834 0.484310 -0.871604 44.493000 -0.240445 0.839444 0.487361 -0.000000 0.000000 0.000000 0.000000 1.000000
0.963527 0.257212 0.073879 0.000000 -0.066594 0.497836 -0.864711 44.493000 -0.259193 0.828252 0.496807 0.000000 0.000000 0.000000 0.000000 1.000000
0.958676 0.267618 0.096550 -0.000000 -0.056135 0.510625 -0.857969 44.493000 -0.278908 0.817094 0.504546 0.000000 0.000000 0.000000 0.000000 1.000000
0.952705 0.276240 0.126667 0.000000 -0.039374 0.525498 -0.849883 44.493000 -0.301335 0.804701 0.511521 0.000000 0.000000 0.000000 0.000000 1.000000
0.946629 0.277622 0.163770 0.000000 -0.011061 0.535766 -0.844294 44.493000 -0.322137 0.797421 0.510242 0.000000 0.000000 0.000000 0.000000 1.000000
0.943392 0.262239 0.203080 -0.000000 0.030781 0.540414 -0.840836 44.493000 -0.330247 0.799490 0.501750 -0.000000 0.000000 0.000000 0.000000 1.000000
0.941021 0.223342 0.254161 0.000000 0.086244 0.568037 -0.818472 44.493000 -0.327172 0.792119 0.515273 -0.000000 0.000000 0.000000 0.000000 1.000000
0.947831 0.205649 0.243567 0.000000 0.073556 0.602361 -0.794827 44.493000 -0.310171 0.771278 0.555810 0.000000 0.000000 0.000000 0.000000 1.000000
0.959582 0.211380 0.185800 0.000000 0.009006 0.636796 -0.770979 44.493000 -0.281286 0.741491 0.609155 -0.000000 0.000000 0.000000 0.000000 1.000000
0.965087 0.226029 0.132357 -0.000000 -0.054958 0.668803 -0.741406 44.493000 -0.256100 0.708247 0.657875 -0.000000 0.000000 0.000000 0.000000 1.000000
0.966979 0.243933 0.073814 -0.000000 -0.121193 0.694909 -0.708812 44.493000 -0.224196 0.676461 0.701525 -0.000000 0.000000 0.000000 0.000000 1.000000
0.965829 0.258421 0.019811 0.000000 -0.177205 0.714203 -0.677135 44.493000 -0.189135 0.650486 0.735592 0.000000 0.000000 0.000000 0.000000 1.000000
0.963435 0.266825 -0.024435 0.000000 -0.217599 0.725943 -0.652425 44.493000 -0.156345 0.633886 0.757459 0.000000 0.000000 0.000000 0.000000 1.000000
0.961629 0.270342 -0.046744 0.000000 -0.237130 0.733315 -0.637196 44.493000 -0.137983 0.623830 0.769283 0.000000 0.000000 0.000000 0.000000 1.000000
0.960711 0.269827 -0.065015 0.000000 -0.241917 0.699254 -0.672696 44.493000 -0.136050 0.661995 0.737057 0.000000 0.000000 0.000000 0.000000 1.000000
0.961303 0.271750 -0.045272 0.000000 -0.229020 0.696934 -0.679583 44.493000 -0.153125 0.663653 0.732200 0.000000 0.000000 0.000000 0.000000 1.000000
0.966222 0.257621 -0.006823 0.000000 -0.187857 0.685949 -0.702982 44.493000 -0.176422 0.680518 0.711175 0.000000 0.000000 0.000000 0.000000 1.000000
0.968082 0.249825 0.020111 0.000000 -0.156714 0.665984 -0.729319 44.493000 -0.195595 0.702889 0.683879 0.000000 0.000000 0.000000 0.000000 1.000000
0.969107 0.242635 0.044261 0.000000 -0.127066 0.644976 -0.753565 44.493000 -0.211389 0.724662 0.655881 0.000000 0.000000 0.000000 0.000000 1.000000
0.970882 0.231073 0.063191 0.000000 -0.099416 0.628641 -0.771315 44.493000 -0.217954 0.742574 0.633309 -0.000000 0.000000 0.000000 0.000000 1.000000
0.977583 0.192331 0.085677 -0.000000 -0.055833 0.629150 -0.775276 44.493000 -0.203013 0.753113 0.625784 0.000000 0.000000 0.000000 0.000000 1.000000
0.983719 0.136528 0.116865 0.000000 0.001146 0.645503 -0.763757 44.493000 -0.179711 0.751456 0.634837 -0.000000 0.000000 0.000000 0.000000 1.000000
0.985821 0.075649 0.149779 0.000000 0.059232 0.678267 -0.732424 44.493000 -0.156997 0.730911 0.664169 -0.000000 0.000000 0.000000 0.000000 1.000000
0.984430 0.024802 0.174018 0.000000 0.103771 0.717066 -0.689237 44.493000 -0.141877 0.696564 0.703328 -0.000000 0.000000 0.000000 0.000000 1.000000
0.981002 -0.012341 0.193602 -0.000000 0.139616 0.737804 -0.660418 44.493000 -0.134690 0.674902 0.725511 0.000000 0.000000 0.000000 0.000000 1.000000
0.981126 -0.018586 0.192476 -0.000000 0.142781 0.740898 -0.656265 44.493000 -0.130407 0.671360 0.729568 0.000000 0.000000 0.000000 0.000000 1.000000
0.983101 -0.004793 0.183000 -0.000000 0.133053 0.705305 -0.696306 44.493000 -0.125734 0.708888 0.694024 -0.000000 0.000000 0.000000 0.000000 1.000000
0.983995 0.008949 0.177971 0.000000 0.126163 0.670329 -0.731260 44.493000 -0.125843 0.742010 0.658471 0.000000 0.000000 0.000000 0.000000 1.000000
0.984216 0.020248 0.175809 0.000000 0.121722 0.643675 -0.755557 44.493000 -0.128463 0.765031 0.631051 -0.000000 0.000000 0.000000 0.000000 1.000000
0.984636 0.027147 0.172498 0.000000 0.117444 0.628090 -0.769227 44.493000 -0.129227 0.777667 0.615252 0.000000 0.000000 0.000000 0.000000 1.000000
0.985179 0.030740 0.168751 0.000000 0.113399 0.621418 -0.775229 44.493000 -0.128695 0.782876 0.608722 0.000000 0.000000 0.000000 0.000000 1.000000
0.985754 0.031983 0.165122 0.000000 0.109833 0.621108 -0.775990 44.493000 -0.127377 0.783072 0.608747 0.000000 0.000000 0.000000 0.000000 1.000000
0.986206 0.031930 0.162412 0.000000 0.107244 0.624141 -0.773916 44.493000 -0.126079 0.780659 0.612107 0.000000 0.000000 0.000000 0.000000 1.000000
0.986408 0.031360 0.161296 0.000000 0.106032 0.628410 -0.770622 44.493000 -0.125526 0.777250 0.616543 0.000000 0.000000 0.000000 0.000000 1.000000
0.986447 0.030799 0.161165 0.000000 0.105742 0.631731 -0.767942 44.493000 -0.125465 0.774576 0.619912 0.000000 0.000000 0.000000 0.000000 1.000000</float_array>
        <technique_common>
          <accessor source="#mixamorig_RightFoot-Matrix-animation-output-transform-array" count="50" stride="16">
            <param type="float4x4"/>
          </accessor>
        </technique_common>
      </source>
      <source id="mixamorig_RightFoot-Interpolations">
        <Name_array id="mixamorig_RightFoot-Interpolations-array" count="50">
 LINEAR LINEAR LINEAR LINEAR LINEAR LINEAR LINEAR LINEAR LINEAR LINEAR LINEAR
LINEAR LINEAR LINEAR LINEAR LINEAR LINEAR LINEAR LINEAR LINEAR LINEAR LINEAR LINEAR
LINEAR LINEAR LINEAR LINEAR LINEAR LINEAR LINEAR LINEAR LINEAR LINEAR LINEAR LINEAR
LINEAR LINEAR LINEAR LINEAR LINEAR LINEAR LINEAR LINEAR LINEAR LINEAR LINEAR LINEAR
LINEAR LINEAR LINEAR</Name_array>
        <technique_common>
          <accessor source="#mixamorig_RightFoot-Interpolations-array" count="50">
            <param type="name"/>
          </accessor>
        </technique_common>
      </source>
      <sampler id="mixamorig_RightFoot-Matrix-animation-transform">
        <input semantic="INPUT" source="#mixamorig_RightFoot-Matrix-animation-input"/>
        <input semantic="OUTPUT" source="#mixamorig_RightFoot-Matrix-animation-output-transform"/>
        <input semantic="INTERPOLATION" source="#mixamorig_RightFoot-Interpolations"/>
      </sampler>
      <channel source="#mixamorig_RightFoot-Matrix-animation-transform" target="mixamorig_RightFoot/matrix"/>
    </animation>
    <animation id="mixamorig_RightToeBase-anim" name="mixamorig_RightToeBase">
      <source id="mixamorig_RightToeBase-Matrix-animation-input">
        <float_array id="mixamorig_RightToeBase-Matrix-animation-input-array" count="50">

0.000000 0.033333 0.066667 0.100000 0.133333 0.166667 0.200000 0.233333 0.266667 0.300000 0.333333 0.366667 0.400000 0.433333 0.466667 0.500000
0.533333 0.566667 0.600000 0.633333 0.666667 0.700000 0.733333 0.766667 0.800000 0.833333 0.866667 0.900000 0.933333 0.966667 1.000000 1.033333
1.066667 1.100000 1.133333 1.166667 1.200000 1.233333 1.266667 1.300000 1.333333 1.366667 1.400000 1.433333 1.466667 1.500000 1.533333 1.566667
1.600000 1.633333</float_array>
        <technique_common>
          <accessor source="#mixamorig_RightToeBase-Matrix-animation-input-array" count="50">
            <param name="TIME" type="float"/>
          </accessor>
        </technique_common>
      </source>
      <source id="mixamorig_RightToeBase-Matrix-animation-output-transform">
        <float_array id="mixamorig_RightToeBase-Matrix-animation-output-transform-array" count="800">

0.994511 -0.089204 0.054687 0.000000 0.102592 0.728608 -0.677204 20.000000 0.020564 0.679097 0.733761 0.000000 0.000000 0.000000 0.000000 1.000000
0.994523 -0.089124 0.054599 0.000000 0.102471 0.728511 -0.677327 20.000000 0.020590 0.679212 0.733653 0.000000 0.000000 0.000000 0.000000 1.000000
0.994569 -0.088828 0.054244 0.000000 0.102001 0.728200 -0.677732 20.000000 0.020701 0.679584 0.733306 0.000000 0.000000 0.000000 0.000000 1.000000
0.994635 -0.088381 0.053763 0.000000 0.101331 0.727756 -0.678309 20.000000 0.020823 0.680117 0.732807 0.000000 0.000000 0.000000 0.000000 1.000000
0.994718 -0.087816 0.053154 0.000000 0.100484 0.727221 -0.679008 20.000000 0.020974 0.680762 0.732204 0.000000 0.000000 0.000000 0.000000 1.000000
0.994833 -0.087176 0.052044 0.000000 0.099242 0.726728 -0.679718 20.000000 0.021433 0.681371 0.731624 -0.000000 0.000000 0.000000 0.000000 1.000000
0.994974 -0.086491 0.050454 0.000000 0.097639 0.726312 -0.680395 20.000000 0.022202 0.681902 0.731107 0.000000 0.000000 0.000000 0.000000 1.000000
0.995129 -0.085791 0.048568 0.000000 0.095821 0.725857 -0.681139 20.000000 0.023182 0.682474 0.730542 0.000000 0.000000 0.000000 0.000000 1.000000
0.995370 -0.085154 0.044586 0.000000 0.092629 0.725900 -0.681534 20.000000 0.025670 0.682509 0.730426 0.000000 0.000000 0.000000 0.000000 1.000000
0.995211 -0.084371 0.049356 0.000000 0.095264 0.724091 -0.683094 20.000000 0.021895 0.684525 0.728661 0.000000 0.000000 0.000000 0.000000 1.000000
0.995440 -0.083863 0.045465 -0.000000 0.092228 0.724299 -0.683290 20.000000 0.024372 0.684367 0.728730 0.000000 0.000000 0.000000 0.000000 1.000000
0.995380 -0.083332 0.047695 0.000000 0.093339 0.723315 -0.684180 20.000000 0.022515 0.685471 0.727752 0.000000 0.000000 0.000000 0.000000 1.000000
0.995380 -0.082987 0.048285 0.000000 0.093480 0.722931 -0.684567 20.000000 0.021904 0.685918 0.727349 0.000000 0.000000 0.000000 0.000000 1.000000
0.995757 -0.082994 0.039755 0.000000 0.087690 0.724718 -0.683443 20.000000 0.027910 0.684029 0.728921 0.000000 0.000000 0.000000 0.000000 1.000000
0.995658 -0.082775 0.042593 0.000000 0.089451 0.724024 -0.683950 20.000000 0.025776 0.684790 0.728285 0.000000 0.000000 0.000000 0.000000 1.000000
0.995613 -0.082576 0.043992 0.000000 0.090253 0.723644 -0.684247 20.000000 0.024668 0.685216 0.727922 -0.000000 0.000000 0.000000 0.000000 1.000000
0.995625 -0.082400 0.044050 0.000000 0.090161 0.723554 -0.684354 20.000000 0.024518 0.685332 0.727818 0.000000 0.000000 0.000000 0.000000 1.000000
0.995648 -0.082241 0.043843 0.000000 0.089903 0.723556 -0.684386 20.000000 0.024562 0.685348 0.727801 0.000000 0.000000 0.000000 0.000000 1.000000
0.995659 -0.081793 0.044422 -0.000000 0.089953 0.722970 -0.684998 20.000000 0.023913 0.686020 0.727189 -0.000000 0.000000 0.000000 0.000000 1.000000
0.995192 -0.089657 0.039420 0.000000 0.092857 0.735745 -0.670862 20.000000 0.031145 0.671297 0.740533 0.000000 0.000000 0.000000 0.000000 1.000000
0.996229 -0.080078 0.033405 0.000000 0.082347 0.751310 -0.654792 20.000000 0.027337 0.655073 0.755071 0.000000 0.000000 0.000000 0.000000 1.000000
0.998716 -0.030805 0.040208 0.000000 0.049504 0.761727 -0.646004 20.000000 -0.010728 0.647165 0.762275 0.000000 0.000000 0.000000 0.000000 1.000000
0.994283 0.064203 0.085314 0.000000 0.006647 0.760252 -0.649594 20.000000 -0.106567 0.646448 0.755479 0.000000 0.000000 0.000000 0.000000 1.000000
0.978607 0.143858 0.147080 0.000000 -0.011722 0.752719 -0.658238 20.000000 -0.205403 0.642432 0.738303 0.000000 0.000000 0.000000 0.000000 1.000000
0.959986 0.194151 0.201821 0.000000 -0.011397 0.747157 -0.664550 20.000000 -0.279815 0.635658 0.719473 -0.000000 0.000000 0.000000 0.000000 1.000000
0.940942 0.229839 0.248601 0.000000 -0.009001 0.750993 -0.660248 20.000000 -0.338448 0.619018 0.708710 -0.000000 0.000000 0.000000 0.000000 1.000000
0.926694 0.245662 0.284410 0.000000 -0.005269 0.765194 -0.643778 20.000000 -0.375780 0.595087 0.710395 0.000000 0.000000 0.000000 0.000000 1.000000
0.921577 0.238612 0.306203 -0.000000 0.000832 0.787568 -0.616227 20.000000 -0.388195 0.568156 0.725606 -0.000000 0.000000 0.000000 0.000000 1.000000
0.928569 0.206235 0.308588 0.000000 0.014447 0.810703 -0.585279 20.000000 -0.370878 0.547930 0.749815 -0.000000 0.000000 0.000000 0.000000 1.000000
0.964924 0.080671 0.249826 -0.000000 0.067366 0.843670 -0.532619 20.000000 -0.253737 0.530767 0.808643 -0.000000 0.000000 0.000000 0.000000 1.000000
0.980213 0.003794 0.197911 0.000000 0.101039 0.850169 -0.516724 20.000000 -0.170218 0.526496 0.832963 -0.000000 0.000000 0.000000 0.000000 1.000000
0.986602 -0.121963 0.108357 0.000000 0.160919 0.836847 -0.523251 20.000000 -0.026861 0.533677 0.845261 -0.000000 0.000000 0.000000 0.000000 1.000000
0.982614 -0.176814 0.056619 0.000000 0.178209 0.812738 -0.554706 20.000000 0.052064 0.555152 0.830118 -0.000000 0.000000 0.000000 0.000000 1.000000
0.980252 -0.196755 0.019858 0.000000 0.169404 0.783670 -0.597632 20.000000 0.102025 0.589194 0.801525 -0.000000 0.000000 0.000000 0.000000 1.000000
0.981294 -0.191064 0.023597 0.000000 0.165093 0.772119 -0.613658 20.000000 0.099028 0.606075 0.789219 -0.000000 0.000000 0.000000 0.000000 1.000000
0.985162 -0.169461 0.027182 0.000000 0.148761 0.764141 -0.627661 20.000000 0.085593 0.622392 0.778012 0.000000 0.000000 0.000000 0.000000 1.000000
0.989080 -0.144037 0.031214 0.000000 0.130176 0.754502 -0.643259 20.000000 0.069102 0.640297 0.765012 0.000000 0.000000 0.000000 0.000000 1.000000
0.992296 -0.118809 0.035114 0.000000 0.112423 0.744444 -0.658152 20.000000 0.052054 0.657029 0.752066 0.000000 0.000000 0.000000 0.000000 1.000000
0.994462 -0.097867 0.038297 0.000000 0.098209 0.735691 -0.670159 20.000000 0.037411 0.670209 0.741229 0.000000 0.000000 0.000000 0.000000 1.000000
0.995140 -0.090226 0.039447 0.000000 0.093141 0.732410 -0.674463 20.000000 0.031963 0.674859 0.737254 0.000000 0.000000 0.000000 0.000000 1.000000
0.995153 -0.090077 0.039451 0.000000 0.093032 0.732382 -0.674509 20.000000 0.031865 0.674910 0.737212 0.000000 0.000000 0.000000 0.000000 1.000000
0.995061 -0.089983 0.041918 -0.000000 0.094610 0.731853 -0.674863 20.000000 0.030049 0.675496 0.736752 -0.000000 0.000000 0.000000 0.000000 1.000000
0.994473 -0.089717 0.054537 0.000000 0.102877 0.728901 -0.676845 20.000000 0.020972 0.678715 0.734103 0.000000 0.000000 0.000000 0.000000 1.000000
0.994472 -0.089715 0.054567 0.000000 0.102895 0.728893 -0.676851 20.000000 0.020950 0.678724 0.734095 0.000000 0.000000 0.000000 0.000000 1.000000
0.994471 -0.089717 0.054582 0.000000 0.102907 0.728890 -0.676853 20.000000 0.020941 0.678727 0.734092 0.000000 0.000000 0.000000 0.000000 1.000000
0.994470 -0.089715 0.054592 0.000000 0.102913 0.728887 -0.676855 20.000000 0.020933 0.678731 0.734089 0.000000 0.000000 0.000000 0.000000 1.000000
0.994470 -0.089716 0.054593 0.000000 0.102914 0.728886 -0.676855 20.000000 0.020933 0.678731 0.734089 0.000000 0.000000 0.000000 0.000000 1.000000
0.994471 -0.089717 0.054581 0.000000 0.102906 0.728890 -0.676853 20.000000 0.020942 0.678727 0.734092 0.000000 0.000000 0.000000 0.000000 1.000000
0.994470 -0.089716 0.054592 0.000000 0.102913 0.728887 -0.676855 20.000000 0.020933 0.678731 0.734089 0.000000 0.000000 0.000000 0.000000 1.000000
0.994469 -0.089714 0.054608 -0.000000 0.102922 0.728883 -0.676858 20.000000 0.020921 0.678735 0.734085 0.000000 0.000000 0.000000 0.000000 1.000000</float_array>
        <technique_common>
          <accessor source="#mixamorig_RightToeBase-Matrix-animation-output-transform-array" count="50" stride="16">
            <param type="float4x4"/>
          </accessor>
        </technique_common>
      </source>
      <source id="mixamorig_RightToeBase-Interpolations">
        <Name_array id="mixamorig_RightToeBase-Interpolations-array" count="50">
 LINEAR LINEAR LINEAR LINEAR LINEAR LINEAR LINEAR LINEAR LINEAR LINEAR LINEAR
LINEAR LINEAR LINEAR LINEAR LINEAR LINEAR LINEAR LINEAR LINEAR LINEAR LINEAR LINEAR
LINEAR LINEAR LINEAR LINEAR LINEAR LINEAR LINEAR LINEAR LINEAR LINEAR LINEAR LINEAR
LINEAR LINEAR LINEAR LINEAR LINEAR LINEAR LINEAR LINEAR LINEAR LINEAR LINEAR LINEAR
LINEAR LINEAR LINEAR</Name_array>
        <technique_common>
          <accessor source="#mixamorig_RightToeBase-Interpolations-array" count="50">
            <param type="name"/>
          </accessor>
        </technique_common>
      </source>
      <sampler id="mixamorig_RightToeBase-Matrix-animation-transform">
        <input semantic="INPUT" source="#mixamorig_RightToeBase-Matrix-animation-input"/>
        <input semantic="OUTPUT" source="#mixamorig_RightToeBase-Matrix-animation-output-transform"/>
        <input semantic="INTERPOLATION" source="#mixamorig_RightToeBase-Interpolations"/>
      </sampler>
      <channel source="#mixamorig_RightToeBase-Matrix-animation-transform" target="mixamorig_RightToeBase/matrix"/>
    </animation>
    <animation id="mixamorig_LeftUpLeg-anim" name="mixamorig_LeftUpLeg">
      <source id="mixamorig_LeftUpLeg-Matrix-animation-input">
        <float_array id="mixamorig_LeftUpLeg-Matrix-animation-input-array" count="50">

0.000000 0.033333 0.066667 0.100000 0.133333 0.166667 0.200000 0.233333 0.266667 0.300000 0.333333 0.366667 0.400000 0.433333 0.466667 0.500000
0.533333 0.566667 0.600000 0.633333 0.666667 0.700000 0.733333 0.766667 0.800000 0.833333 0.866667 0.900000 0.933333 0.966667 1.000000 1.033333
1.066667 1.100000 1.133333 1.166667 1.200000 1.233333 1.266667 1.300000 1.333333 1.366667 1.400000 1.433333 1.466667 1.500000 1.533333 1.566667
1.600000 1.633333</float_array>
        <technique_common>
          <accessor source="#mixamorig_LeftUpLeg-Matrix-animation-input-array" count="50">
            <param name="TIME" type="float"/>
          </accessor>
        </technique_common>
      </source>
      <source id="mixamorig_LeftUpLeg-Matrix-animation-output-transform">
        <float_array id="mixamorig_LeftUpLeg-Matrix-animation-output-transform-array" count="800">

-0.915134 0.403111 0.005553 9.618300 -0.326768 -0.749748 0.575413 -5.272300 0.236119 0.524766 0.817844 -1.010900 0.000000 0.000000 0.000000 1.000000
-0.911611 0.411041 -0.003198 9.618300 -0.344347 -0.759402 0.552028 -5.272300 0.224477 0.504336 0.833820 -1.010900 0.000000 0.000000 0.000000 1.000000
-0.905142 0.424943 -0.011896 9.618300 -0.366253 -0.765313 0.529296 -5.272300 0.215817 0.483445 0.848354 -1.010900 0.000000 0.000000 0.000000 1.000000
-0.893869 0.448001 -0.017137 9.618300 -0.391854 -0.762129 0.515374 -5.272300 0.217828 0.467392 0.856794 -1.010900 0.000000 0.000000 0.000000 1.000000
-0.880052 0.474747 -0.011155 9.618300 -0.413292 -0.754141 0.510354 -5.272300 0.233876 0.453749 0.859892 -1.010900 0.000000 0.000000 0.000000 1.000000
-0.866900 0.498402 0.008919 9.618300 -0.425429 -0.749063 0.507854 -5.272300 0.259796 0.436464 0.861397 -1.010900 0.000000 0.000000 0.000000 1.000000
-0.856762 0.514479 0.035635 9.618300 -0.435098 -0.758205 0.485609 -5.272300 0.276854 0.400546 0.873450 -1.010900 0.000000 0.000000 0.000000 1.000000
-0.848407 0.526015 0.059277 9.618300 -0.442562 -0.766293 0.465761 -5.272300 0.290421 0.368921 0.882923 -1.010900 0.000000 0.000000 0.000000 1.000000
-0.846196 0.527408 0.076111 9.618300 -0.441331 -0.773689 0.454568 -5.272300 0.298629 0.351063 0.887454 -1.010900 0.000000 0.000000 0.000000 1.000000
-0.846351 0.524827 0.090816 9.618300 -0.436199 -0.780822 0.447267 -5.272300 0.305649 0.338931 0.889778 -1.010900 0.000000 0.000000 0.000000 1.000000
-0.848806 0.517593 0.107820 9.618300 -0.424696 -0.788962 0.444041 -5.272300 0.314899 0.331114 0.889495 -1.010900 0.000000 0.000000 0.000000 1.000000
-0.848317 0.512967 0.131235 9.618300 -0.412724 -0.795873 0.442995 -5.272300 0.331688 0.321637 0.886867 -1.010900 0.000000 0.000000 0.000000 1.000000
-0.848285 0.507723 0.150431 9.618300 -0.401024 -0.801465 0.443659 -5.272300 0.345821 0.316023 0.883480 -1.010900 0.000000 0.000000 0.000000 1.000000
-0.850880 0.497548 0.168668 9.618300 -0.385366 -0.809308 0.443298 -5.272300 0.357067 0.312195 0.880362 -1.010900 0.000000 0.000000 0.000000 1.000000
-0.850501 0.491823 0.186436 9.618300 -0.371862 -0.812939 0.448162 -5.272300 0.371977 0.311834 0.874296 -1.010900 0.000000 0.000000 0.000000 1.000000
-0.845806 0.490855 0.208983 9.618300 -0.358387 -0.812957 0.458977 -5.272300 0.395185 0.313309 0.863520 -1.010900 0.000000 0.000000 0.000000 1.000000
-0.839131 0.491869 0.232217 9.618300 -0.342791 -0.809689 0.476338 -5.272300 0.422320 0.320108 0.848043 -1.010900 0.000000 0.000000 0.000000 1.000000
-0.828419 0.497160 0.257978 9.618300 -0.325214 -0.801941 0.501125 -5.272300 0.456023 0.331244 0.826027 -1.010900 0.000000 0.000000 0.000000 1.000000
-0.814346 0.505681 0.284830 9.618300 -0.307270 -0.791989 0.527578 -5.272300 0.492368 0.342111 0.800333 -1.010900 0.000000 0.000000 0.000000 1.000000
-0.815358 0.499464 0.292791 9.618300 -0.286212 -0.787337 0.546062 -5.272300 0.503263 0.361436 0.784914 -1.010900 0.000000 0.000000 0.000000 1.000000
-0.821166 0.502412 0.270681 9.618300 -0.279944 -0.767940 0.576108 -5.272300 0.497310 0.397305 0.771254 -1.010900 0.000000 0.000000 0.000000 1.000000
-0.827201 0.499308 0.257742 9.618300 -0.266150 -0.752133 0.602876 -5.272300 0.494877 0.430102 0.755056 -1.010900 0.000000 0.000000 0.000000 1.000000
-0.833620 0.490524 0.253899 9.618300 -0.240436 -0.736109 0.632719 -5.272300 0.497261 0.466401 0.731575 -1.010900 0.000000 0.000000 0.000000 1.000000
-0.842772 0.475402 0.252446 9.618300 -0.209671 -0.721890 0.659480 -5.272300 0.495756 0.502861 0.708066 -1.010900 0.000000 0.000000 0.000000 1.000000
-0.856628 0.453219 0.246537 9.618300 -0.182942 -0.713622 0.676222 -5.272300 0.482411 0.534169 0.694222 -1.010900 0.000000 0.000000 0.000000 1.000000
-0.868779 0.432822 0.240601 9.618300 -0.160994 -0.706340 0.689322 -5.272300 0.468300 0.560133 0.683335 -1.010900 0.000000 0.000000 0.000000 1.000000
-0.879728 0.414369 0.233190 9.618300 -0.143718 -0.699225 0.700307 -5.272300 0.453238 0.582566 0.674680 -1.010900 0.000000 0.000000 0.000000 1.000000
-0.888930 0.398993 0.224961 9.618300 -0.132113 -0.693604 0.708138 -5.272300 0.438576 0.599765 0.669278 -1.010900 0.000000 0.000000 0.000000 1.000000
-0.895813 0.387010 0.218500 9.618300 -0.124618 -0.690649 0.712373 -5.272300 0.426602 0.610924 0.666920 -1.010900 0.000000 0.000000 0.000000 1.000000
-0.901630 0.377386 0.211289 9.618300 -0.122562 -0.691433 0.711968 -5.272300 0.414779 0.616036 0.669671 -1.010900 0.000000 0.000000 0.000000 1.000000
-0.906102 0.371538 0.202332 9.618300 -0.127349 -0.695614 0.707039 -5.272300 0.403437 0.614883 0.677612 -1.010900 0.000000 0.000000 0.000000 1.000000
-0.908708 0.370156 0.192961 9.618300 -0.137374 -0.701689 0.699114 -5.272300 0.394179 0.608783 0.688481 -1.010900 0.000000 0.000000 0.000000 1.000000
-0.909075 0.374182 0.183222 9.618300 -0.152063 -0.707422 0.690240 -5.272300 0.387891 0.599619 0.699999 -1.010900 0.000000 0.000000 0.000000 1.000000
-0.907609 0.382531 0.172962 9.618300 -0.170355 -0.712135 0.681060 -5.272300 0.383699 0.588672 0.711506 -1.010900 0.000000 0.000000 0.000000 1.000000
-0.905788 0.392552 0.159537 9.618300 -0.191341 -0.714852 0.672588 -5.272300 0.378071 0.578696 0.722615 -1.010900 0.000000 0.000000 0.000000 1.000000
-0.904725 0.400934 0.143958 9.618300 -0.211383 -0.715918 0.665416 -5.272300 0.369850 0.571588 0.732460 -1.010900 0.000000 0.000000 0.000000 1.000000
-0.904612 0.407071 0.126376 9.618300 -0.230012 -0.715826 0.659309 -5.272300 0.358848 0.567351 0.741175 -1.010900 0.000000 0.000000 0.000000 1.000000
-0.904944 0.411622 0.107904 9.618300 -0.248244 -0.716623 0.651787 -5.272300 0.345616 0.563045 0.750687 -1.010900 0.000000 0.000000 0.000000 1.000000
-0.907827 0.410490 0.085726 9.618300 -0.264433 -0.719032 0.642703 -5.272300 0.325463 0.560795 0.761304 -1.010900 0.000000 0.000000 0.000000 1.000000
-0.913596 0.401991 0.061193 9.618300 -0.275983 -0.723536 0.632715 -5.272300 0.298621 0.561158 0.771963 -1.010900 0.000000 0.000000 0.000000 1.000000
-0.918449 0.393405 0.041033 9.618300 -0.283950 -0.727999 0.624011 -5.272300 0.275361 0.561471 0.780338 -1.010900 0.000000 0.000000 0.000000 1.000000
-0.921819 0.386805 0.025152 9.618300 -0.290385 -0.732103 0.616200 -5.272300 0.256763 0.560721 0.787188 -1.010900 0.000000 0.000000 0.000000 1.000000
-0.924945 0.379928 0.011502 9.618300 -0.295104 -0.736852 0.608246 -5.272300 0.239564 0.559200 0.793665 -1.010900 0.000000 0.000000 0.000000 1.000000
-0.925303 0.379199 0.004800 9.618300 -0.299846 -0.739303 0.602929 -5.272300 0.232179 0.556452 0.797780 -1.010900 0.000000 0.000000 0.000000 1.000000
-0.922838 0.385161 0.004529 9.618300 -0.306564 -0.741540 0.596773 -5.272300 0.233212 0.549336 0.802398 -1.010900 0.000000 0.000000 0.000000 1.000000
-0.920631 0.390396 0.005403 9.618300 -0.312369 -0.744789 0.589673 -5.272300 0.234230 0.541184 0.807624 -1.010900 0.000000 0.000000 0.000000 1.000000
-0.918648 0.395021 0.006668 9.618300 -0.317481 -0.748158 0.582636 -5.272300 0.235143 0.533120 0.812706 -1.010900 0.000000 0.000000 0.000000 1.000000
-0.917048 0.398708 0.007372 9.618300 -0.321602 -0.750378 0.577499 -5.272300 0.235785 0.527224 0.816358 -1.010900 0.000000 0.000000 0.000000 1.000000
-0.915835 0.401502 0.006513 9.618300 -0.324853 -0.750336 0.575732 -5.272300 0.236044 0.525160 0.817612 -1.010900 0.000000 0.000000 0.000000 1.000000
-0.915155 0.403063 0.005595 9.618300 -0.326709 -0.749781 0.575403 -5.272300 0.236119 0.524755 0.817851 -1.010900 0.000000 0.000000 0.000000 1.000000</float_array>
        <technique_common>
          <accessor source="#mixamorig_LeftUpLeg-Matrix-animation-output-transform-array" count="50" stride="16">
            <param type="float4x4"/>
          </accessor>
        </technique_common>
      </source>
      <source id="mixamorig_LeftUpLeg-Interpolations">
        <Name_array id="mixamorig_LeftUpLeg-Interpolations-array" count="50">
 LINEAR LINEAR LINEAR LINEAR LINEAR LINEAR LINEAR LINEAR LINEAR LINEAR LINEAR
LINEAR LINEAR LINEAR LINEAR LINEAR LINEAR LINEAR LINEAR LINEAR LINEAR LINEAR LINEAR
LINEAR LINEAR LINEAR LINEAR LINEAR LINEAR LINEAR LINEAR LINEAR LINEAR LINEAR LINEAR
LINEAR LINEAR LINEAR LINEAR LINEAR LINEAR LINEAR LINEAR LINEAR LINEAR LINEAR LINEAR
LINEAR LINEAR LINEAR</Name_array>
        <technique_common>
          <accessor source="#mixamorig_LeftUpLeg-Interpolations-array" count="50">
            <param type="name"/>
          </accessor>
        </technique_common>
      </source>
      <sampler id="mixamorig_LeftUpLeg-Matrix-animation-transform">
        <input semantic="INPUT" source="#mixamorig_LeftUpLeg-Matrix-animation-input"/>
        <input semantic="OUTPUT" source="#mixamorig_LeftUpLeg-Matrix-animation-output-transform"/>
        <input semantic="INTERPOLATION" source="#mixamorig_LeftUpLeg-Interpolations"/>
      </sampler>
      <channel source="#mixamorig_LeftUpLeg-Matrix-animation-transform" target="mixamorig_LeftUpLeg/matrix"/>
    </animation>
    <animation id="mixamorig_LeftLeg-anim" name="mixamorig_LeftLeg">
      <source id="mixamorig_LeftLeg-Matrix-animation-input">
        <float_array id="mixamorig_LeftLeg-Matrix-animation-input-array" count="50">

0.000000 0.033333 0.066667 0.100000 0.133333 0.166667 0.200000 0.233333 0.266667 0.300000 0.333333 0.366667 0.400000 0.433333 0.466667 0.500000
0.533333 0.566667 0.600000 0.633333 0.666667 0.700000 0.733333 0.766667 0.800000 0.833333 0.866667 0.900000 0.933333 0.966667 1.000000 1.033333
1.066667 1.100000 1.133333 1.166667 1.200000 1.233333 1.266667 1.300000 1.333333 1.366667 1.400000 1.433333 1.466667 1.500000 1.533333 1.566667
1.600000 1.633333</float_array>
        <technique_common>
          <accessor source="#mixamorig_LeftLeg-Matrix-animation-input-array" count="50">
            <param name="TIME" type="float"/>
          </accessor>
        </technique_common>
      </source>
      <source id="mixamorig_LeftLeg-Matrix-animation-output-transform">
        <float_array id="mixamorig_LeftLeg-Matrix-animation-output-transform-array" count="800">

0.992617 -0.119334 0.021688 0.000000 0.042095 0.506648 0.861125 43.365002 -0.113750 -0.853854 0.507931 0.000000 0.000000 0.000000 0.000000 1.000000
0.991290 -0.128414 0.029220 0.000000 0.047308 0.554282 0.830984 43.365002 -0.122906 -0.822364 0.555529 0.000000 0.000000 0.000000 0.000000 1.000000
0.990323 -0.131536 0.044248 0.000000 0.046432 0.614505 0.787546 43.365002 -0.130781 -0.777870 0.614666 0.000000 0.000000 0.000000 0.000000 1.000000
0.988611 -0.127180 0.080462 0.000000 0.028448 0.682932 0.729928 43.365002 -0.147782 -0.719326 0.678772 -0.000000 0.000000 0.000000 0.000000 1.000000
0.985613 -0.115773 0.123143 -0.000000 0.006300 0.753230 0.657727 43.365002 -0.168902 -0.647488 0.743122 0.000000 0.000000 0.000000 0.000000 1.000000
0.983437 -0.100475 0.150855 0.000000 -0.005928 0.814017 0.580811 43.365002 -0.181156 -0.572085 0.799939 0.000000 0.000000 0.000000 0.000000 1.000000
0.993520 -0.080707 0.080025 0.000000 0.030390 0.867104 0.497200 43.365002 -0.109517 -0.491546 0.863938 0.000000 0.000000 0.000000 0.000000 1.000000
0.996982 -0.068503 0.036525 0.000000 0.042994 0.878960 0.474953 43.365002 -0.064639 -0.471949 0.879253 0.000000 0.000000 0.000000 0.000000 1.000000
0.998061 -0.061536 0.009393 0.000000 0.049454 0.875480 0.480717 43.365002 -0.037805 -0.479320 0.876825 0.000000 0.000000 0.000000 0.000000 1.000000
0.997882 -0.061235 -0.021936 0.000000 0.063853 0.857930 0.509782 43.365002 -0.012397 -0.510104 0.860024 -0.000000 0.000000 0.000000 0.000000 1.000000
0.996601 -0.060641 -0.055764 0.000000 0.081296 0.833508 0.546493 43.365002 0.013340 -0.549169 0.835605 -0.000000 0.000000 0.000000 0.000000 1.000000
0.995048 -0.052192 -0.084587 0.000000 0.091660 0.810968 0.577866 43.365002 0.038438 -0.582758 0.811736 0.000000 0.000000 0.000000 0.000000 1.000000
0.993602 -0.042147 -0.104782 -0.000000 0.097152 0.792067 0.602654 43.365002 0.057594 -0.608978 0.791093 -0.000000 0.000000 0.000000 0.000000 1.000000
0.992131 -0.031762 -0.121106 0.000000 0.100638 0.777743 0.620474 43.365002 0.074482 -0.627780 0.774819 0.000000 0.000000 0.000000 0.000000 1.000000
0.991023 -0.020126 -0.132165 0.000000 0.100231 0.766053 0.634915 43.365002 0.088467 -0.642462 0.761194 0.000000 0.000000 0.000000 0.000000 1.000000
0.989762 -0.006327 -0.142591 0.000000 0.097829 0.757516 0.645444 43.365002 0.103931 -0.652785 0.750380 0.000000 0.000000 0.000000 0.000000 1.000000
0.986908 0.006904 -0.161138 0.000000 0.101526 0.749711 0.653931 43.365002 0.125321 -0.661729 0.739195 0.000000 0.000000 0.000000 0.000000 1.000000
0.982565 0.021991 -0.184614 0.000000 0.108816 0.737114 0.666950 43.365002 0.150748 -0.675410 0.721870 0.000000 0.000000 0.000000 0.000000 1.000000
0.981979 0.042223 -0.184214 0.000000 0.097296 0.722683 0.684297 43.365002 0.162022 -0.689888 0.705552 0.000000 0.000000 0.000000 0.000000 1.000000
0.975736 0.051295 -0.212857 0.000000 0.110561 0.723690 0.681211 43.365002 0.188985 -0.688216 0.700459 0.000000 0.000000 0.000000 0.000000 1.000000
0.982012 0.059385 -0.179235 0.000000 0.083977 0.712840 0.696281 43.365002 0.169115 -0.698808 0.695031 0.000000 0.000000 0.000000 0.000000 1.000000
0.986448 0.065281 -0.150525 0.000000 0.060876 0.706326 0.705264 43.365002 0.152360 -0.704870 0.692780 0.000000 0.000000 0.000000 0.000000 1.000000
0.988396 0.077910 -0.130395 0.000000 0.040782 0.690809 0.721886 43.365002 0.146320 -0.718827 0.679616 0.000000 0.000000 0.000000 0.000000 1.000000
0.989137 0.091340 -0.115177 0.000000 0.024148 0.671910 0.740239 43.365002 0.145002 -0.734979 0.662405 0.000000 0.000000 0.000000 0.000000 1.000000
0.990314 0.095400 -0.100884 0.000000 0.013151 0.658864 0.752147 43.365002 0.138223 -0.746189 0.651227 -0.000000 0.000000 0.000000 0.000000 1.000000
0.991298 0.097883 -0.088022 0.000000 0.003985 0.646041 0.763293 43.365002 0.131579 -0.757001 0.640029 0.000000 0.000000 0.000000 0.000000 1.000000
0.992192 0.097869 -0.077310 0.000000 -0.001883 0.631554 0.775329 43.365002 0.124706 -0.769130 0.626807 -0.000000 0.000000 0.000000 0.000000 1.000000
0.993085 0.095562 -0.068196 -0.000000 -0.005454 0.617809 0.786309 43.365002 0.117274 -0.780500 0.614058 -0.000000 0.000000 0.000000 0.000000 1.000000
0.993961 0.092806 -0.058549 0.000000 -0.009912 0.607317 0.794398 43.365002 0.109283 -0.789020 0.604569 0.000000 0.000000 0.000000 0.000000 1.000000
0.994762 0.089062 -0.050172 0.000000 -0.013201 0.598633 0.800914 43.365002 0.101366 -0.796056 0.596673 0.000000 0.000000 0.000000 0.000000 1.000000
0.995490 0.084611 -0.042915 -0.000000 -0.015454 0.590927 0.806577 43.365002 0.093604 -0.802276 0.589569 0.000000 0.000000 0.000000 0.000000 1.000000
0.996297 0.079341 -0.033113 0.000000 -0.019487 0.583530 0.811858 43.365002 0.083736 -0.808207 0.582915 -0.000000 0.000000 0.000000 0.000000 1.000000
0.997107 0.073295 -0.020155 0.000000 -0.025904 0.576899 0.816405 43.365002 0.071466 -0.813520 0.577129 0.000000 0.000000 0.000000 0.000000 1.000000
0.997795 0.066175 -0.005145 0.000000 -0.033615 0.570654 0.820503 43.365002 0.057232 -0.818520 0.571620 -0.000000 0.000000 0.000000 0.000000 1.000000
0.998403 0.055893 0.008170 0.000000 -0.038401 0.565539 0.823827 43.365002 0.041425 -0.822825 0.566782 0.000000 0.000000 0.000000 0.000000 1.000000
0.998932 0.042117 0.018994 0.000000 -0.039347 0.560029 0.827538 43.365002 0.024216 -0.827402 0.561088 0.000000 0.000000 0.000000 0.000000 1.000000
0.999329 0.025179 0.026607 -0.000000 -0.036095 0.552825 0.832515 43.365002 0.006252 -0.832917 0.553362 -0.000000 0.000000 0.000000 0.000000 1.000000
0.999481 0.006231 0.031603 0.000000 -0.029857 0.547377 0.836353 43.365002 -0.012088 -0.836863 0.547279 0.000000 0.000000 0.000000 0.000000 1.000000
0.999379 -0.017133 0.030782 -0.000000 -0.016605 0.541512 0.840529 43.365002 -0.031070 -0.840518 0.540892 0.000000 0.000000 0.000000 0.000000 1.000000
0.998699 -0.045184 0.023621 0.000000 0.004156 0.533875 0.845553 43.365002 -0.050816 -0.844355 0.533369 -0.000000 0.000000 0.000000 0.000000 1.000000
0.997303 -0.071224 0.017700 0.000000 0.022406 0.525145 0.850718 43.365002 -0.069887 -0.848027 0.525324 0.000000 0.000000 0.000000 0.000000 1.000000
0.995608 -0.092552 0.014113 0.000000 0.035970 0.517323 0.855034 43.365002 -0.086436 -0.850771 0.518380 -0.000000 0.000000 0.000000 0.000000 1.000000
0.993816 -0.110525 0.010690 0.000000 0.047666 0.511582 0.857911 43.365002 -0.100289 -0.852096 0.513687 0.000000 0.000000 0.000000 0.000000 1.000000
0.992821 -0.119008 0.012016 0.000000 0.050499 0.508099 0.859817 43.365002 -0.108430 -0.853037 0.510461 0.000000 0.000000 0.000000 0.000000 1.000000
0.992721 -0.119224 0.017052 -0.000000 0.045969 0.505952 0.861336 43.365002 -0.111319 -0.854282 0.507750 0.000000 0.000000 0.000000 0.000000 1.000000
0.992647 -0.119301 0.020454 0.000000 0.042902 0.504785 0.862179 43.365002 -0.113184 -0.854962 0.506191 0.000000 0.000000 0.000000 0.000000 1.000000
0.992600 -0.119338 0.022426 0.000000 0.041165 0.504462 0.862452 43.365002 -0.114236 -0.855147 0.505642 -0.000000 0.000000 0.000000 0.000000 1.000000
0.992582 -0.119345 0.023193 0.000000 0.040453 0.504098 0.862699 43.365002 -0.114650 -0.855361 0.505186 0.000000 0.000000 0.000000 0.000000 1.000000
0.992595 -0.119325 0.022727 0.000000 0.040885 0.504380 0.862513 43.365002 -0.114383 -0.855197 0.505524 0.000000 0.000000 0.000000 0.000000 1.000000
0.992621 -0.119299 0.021703 0.000000 0.042043 0.506495 0.861217 43.365002 -0.113735 -0.853950 0.507774 -0.000000 0.000000 0.000000 0.000000 1.000000</float_array>
        <technique_common>
          <accessor source="#mixamorig_LeftLeg-Matrix-animation-output-transform-array" count="50" stride="16">
            <param type="float4x4"/>
          </accessor>
        </technique_common>
      </source>
      <source id="mixamorig_LeftLeg-Interpolations">
        <Name_array id="mixamorig_LeftLeg-Interpolations-array" count="50">
 LINEAR LINEAR LINEAR LINEAR LINEAR LINEAR LINEAR LINEAR LINEAR LINEAR LINEAR
LINEAR LINEAR LINEAR LINEAR LINEAR LINEAR LINEAR LINEAR LINEAR LINEAR LINEAR LINEAR
LINEAR LINEAR LINEAR LINEAR LINEAR LINEAR LINEAR LINEAR LINEAR LINEAR LINEAR LINEAR
LINEAR LINEAR LINEAR LINEAR LINEAR LINEAR LINEAR LINEAR LINEAR LINEAR LINEAR LINEAR
LINEAR LINEAR LINEAR</Name_array>
        <technique_common>
          <accessor source="#mixamorig_LeftLeg-Interpolations-array" count="50">
            <param type="name"/>
          </accessor>
        </technique_common>
      </source>
      <sampler id="mixamorig_LeftLeg-Matrix-animation-transform">
        <input semantic="INPUT" source="#mixamorig_LeftLeg-Matrix-animation-input"/>
        <input semantic="OUTPUT" source="#mixamorig_LeftLeg-Matrix-animation-output-transform"/>
        <input semantic="INTERPOLATION" source="#mixamorig_LeftLeg-Interpolations"/>
      </sampler>
      <channel source="#mixamorig_LeftLeg-Matrix-animation-transform" target="mixamorig_LeftLeg/matrix"/>
    </animation>
    <animation id="mixamorig_LeftFoot-anim" name="mixamorig_LeftFoot">
      <source id="mixamorig_LeftFoot-Matrix-animation-input">
        <float_array id="mixamorig_LeftFoot-Matrix-animation-input-array" count="50">

0.000000 0.033333 0.066667 0.100000 0.133333 0.166667 0.200000 0.233333 0.266667 0.300000 0.333333 0.366667 0.400000 0.433333 0.466667 0.500000
0.533333 0.566667 0.600000 0.633333 0.666667 0.700000 0.733333 0.766667 0.800000 0.833333 0.866667 0.900000 0.933333 0.966667 1.000000 1.033333
1.066667 1.100000 1.133333 1.166667 1.200000 1.233333 1.266667 1.300000 1.333333 1.366667 1.400000 1.433333 1.466667 1.500000 1.533333 1.566667
1.600000 1.633333</float_array>
        <technique_common>
          <accessor source="#mixamorig_LeftFoot-Matrix-animation-input-array" count="50">
            <param name="TIME" type="float"/>
          </accessor>
        </technique_common>
      </source>
      <source id="mixamorig_LeftFoot-Matrix-animation-output-transform">
        <float_array id="mixamorig_LeftFoot-Matrix-animation-output-transform-array" count="800">

0.928682 0.114048 -0.352907 -0.000000 -0.368096 0.167109 -0.914647 44.493000 -0.045340 0.979320 0.197172 0.000000 0.000000 0.000000 0.000000 1.000000
0.915979 0.120483 -0.382708 0.000000 -0.400124 0.203680 -0.893541 44.493000 -0.029707 0.971596 0.234775 -0.000000 0.000000 0.000000 0.000000 1.000000
0.904073 0.132846 -0.406207 0.000000 -0.427052 0.243651 -0.870782 44.493000 -0.016707 0.960722 0.277010 -0.000000 0.000000 0.000000 0.000000 1.000000
0.878824 0.171601 -0.445220 0.000000 -0.477073 0.299754 -0.826165 44.493000 -0.008314 0.938457 0.345297 0.000000 0.000000 0.000000 0.000000 1.000000
0.854120 0.216998 -0.472643 0.000000 -0.520052 0.347449 -0.780273 44.493000 -0.005098 0.912245 0.409613 -0.000000 0.000000 0.000000 0.000000 1.000000
0.851129 0.228524 -0.472606 -0.000000 -0.524942 0.363735 -0.769502 44.493000 -0.003947 0.903036 0.429547 -0.000000 0.000000 0.000000 0.000000 1.000000
0.858611 0.187699 -0.477029 0.000000 -0.509413 0.416454 -0.753036 44.493000 0.057317 0.889570 0.453188 0.000000 0.000000 0.000000 0.000000 1.000000
0.869052 0.149555 -0.471574 0.000000 -0.485276 0.443071 -0.753787 44.493000 0.096208 0.883924 0.457628 0.000000 0.000000 0.000000 0.000000 1.000000
0.884024 0.119992 -0.451777 0.000000 -0.450312 0.477847 -0.754242 44.493000 0.125377 0.870209 0.476462 0.000000 0.000000 0.000000 0.000000 1.000000
0.894992 0.089236 -0.437066 0.000000 -0.417762 0.511216 -0.751087 44.493000 0.156411 0.854807 0.494814 0.000000 0.000000 0.000000 0.000000 1.000000
0.903707 0.055409 -0.424550 0.000000 -0.385699 0.535838 -0.751075 44.493000 0.185874 0.842501 0.505612 0.000000 0.000000 0.000000 0.000000 1.000000
0.912116 0.024520 -0.409197 0.000000 -0.351797 0.559241 -0.750659 44.493000 0.210434 0.828642 0.518719 0.000000 0.000000 0.000000 0.000000 1.000000
0.917085 0.005178 -0.398658 0.000000 -0.328429 0.576693 -0.748037 44.493000 0.226030 0.816944 0.530577 -0.000000 0.000000 0.000000 0.000000 1.000000
0.923156 -0.015124 -0.384127 0.000000 -0.300952 0.593278 -0.746625 44.493000 0.239187 0.804855 0.543137 0.000000 0.000000 0.000000 0.000000 1.000000
0.933083 -0.037698 -0.357679 0.000000 -0.262444 0.608636 -0.748789 44.493000 0.245924 0.792553 0.558015 -0.000000 0.000000 0.000000 0.000000 1.000000
0.942533 -0.059796 -0.328717 -0.000000 -0.223460 0.618601 -0.753258 44.493000 0.248387 0.783427 0.569690 0.000000 0.000000 0.000000 0.000000 1.000000
0.949757 -0.088029 -0.300355 0.000000 -0.182259 0.624596 -0.759382 44.493000 0.254448 0.775971 0.577170 0.000000 0.000000 0.000000 0.000000 1.000000
0.954731 -0.120153 -0.272126 -0.000000 -0.140089 0.625400 -0.767626 44.493000 0.262420 0.770998 0.580256 0.000000 0.000000 0.000000 0.000000 1.000000
0.957968 -0.117219 -0.261836 0.000000 -0.139710 0.606534 -0.782686 44.493000 0.250558 0.786369 0.564663 0.000000 0.000000 0.000000 0.000000 1.000000
0.953167 -0.128807 -0.273645 0.000000 -0.161838 0.547126 -0.821256 44.493000 0.255502 0.827080 0.500657 0.000000 0.000000 0.000000 0.000000 1.000000
0.955086 -0.103923 -0.277509 0.000000 -0.184887 0.522870 -0.832120 44.493000 0.231577 0.846054 0.480172 0.000000 0.000000 0.000000 0.000000 1.000000
0.958675 -0.070249 -0.275693 0.000000 -0.201913 0.514687 -0.833264 44.493000 0.200432 0.854495 0.479234 0.000000 0.000000 0.000000 0.000000 1.000000
0.964584 -0.059531 -0.256972 0.000000 -0.195215 0.494064 -0.847226 44.493000 0.177397 0.867385 0.464945 0.000000 0.000000 0.000000 0.000000 1.000000
0.974557 -0.069214 -0.213186 0.000000 -0.155637 0.475478 -0.865851 44.493000 0.161294 0.877001 0.452608 -0.000000 0.000000 0.000000 0.000000 1.000000
0.981553 -0.071042 -0.177501 0.000000 -0.126386 0.455516 -0.881210 44.493000 0.143458 0.887388 0.438135 -0.000000 0.000000 0.000000 0.000000 1.000000
0.986576 -0.071349 -0.146890 0.000000 -0.101585 0.436134 -0.894129 44.493000 0.127859 0.897049 0.423032 -0.000000 0.000000 0.000000 0.000000 1.000000
0.990202 -0.070019 -0.120819 0.000000 -0.081167 0.415450 -0.905988 44.493000 0.113631 0.906917 0.405696 -0.000000 0.000000 0.000000 0.000000 1.000000
0.992728 -0.066715 -0.100198 0.000000 -0.065926 0.395128 -0.916258 44.493000 0.100719 0.916200 0.387856 0.000000 0.000000 0.000000 0.000000 1.000000
0.994578 -0.061814 -0.083622 0.000000 -0.054324 0.376847 -0.924681 44.493000 0.088671 0.924211 0.371445 0.000000 0.000000 0.000000 0.000000 1.000000
0.995730 -0.054383 -0.074593 0.000000 -0.050264 0.358353 -0.932232 44.493000 0.077428 0.932001 0.354089 0.000000 0.000000 0.000000 0.000000 1.000000
0.996336 -0.044606 -0.072966 0.000000 -0.053586 0.339324 -0.939142 44.493000 0.066650 0.939611 0.335691 0.000000 0.000000 0.000000 0.000000 1.000000
0.996616 -0.032306 -0.075588 0.000000 -0.061326 0.320125 -0.945388 44.493000 0.054740 0.946824 0.317060 -0.000000 0.000000 0.000000 0.000000 1.000000
0.996575 -0.017848 -0.080743 0.000000 -0.071628 0.301615 -0.950736 44.493000 0.041322 0.953263 0.299303 0.000000 0.000000 0.000000 0.000000 1.000000
0.996079 -0.001920 -0.088444 0.000000 -0.084251 0.284318 -0.955021 44.493000 0.026980 0.958728 0.283041 -0.000000 0.000000 0.000000 0.000000 1.000000
0.994595 0.014133 -0.102869 0.000000 -0.102841 0.270843 -0.957114 44.493000 0.014334 0.962520 0.270832 0.000000 0.000000 0.000000 0.000000 1.000000
0.992087 0.029803 -0.121964 -0.000000 -0.125518 0.258364 -0.957859 44.493000 0.002964 0.965588 0.260060 -0.000000 0.000000 0.000000 0.000000 1.000000
0.988438 0.044204 -0.145038 -0.000000 -0.151474 0.245326 -0.957534 44.493000 -0.006746 0.968432 0.249185 0.000000 0.000000 0.000000 0.000000 1.000000
0.983499 0.057650 -0.171482 0.000000 -0.180279 0.233036 -0.955612 44.493000 -0.015129 0.970758 0.239584 0.000000 0.000000 0.000000 0.000000 1.000000
0.976230 0.068374 -0.205668 0.000000 -0.215830 0.220020 -0.951319 44.493000 -0.019795 0.973096 0.229547 0.000000 0.000000 0.000000 0.000000 1.000000
0.966178 0.075560 -0.246556 0.000000 -0.257060 0.206267 -0.944126 44.493000 -0.020482 0.975574 0.218714 0.000000 0.000000 0.000000 0.000000 1.000000
0.955373 0.081907 -0.283820 0.000000 -0.294591 0.192987 -0.935934 44.493000 -0.021886 0.977777 0.208504 -0.000000 0.000000 0.000000 0.000000 1.000000
0.944922 0.087663 -0.315336 -0.000000 -0.326390 0.180822 -0.927778 44.493000 -0.024313 0.979601 0.199475 -0.000000 0.000000 0.000000 0.000000 1.000000
0.935157 0.091855 -0.342118 0.000000 -0.353255 0.170029 -0.919946 44.493000 -0.026332 0.981149 0.191452 -0.000000 0.000000 0.000000 0.000000 1.000000
0.929613 0.098263 -0.355197 0.000000 -0.367137 0.162949 -0.915783 44.493000 -0.032108 0.981729 0.187555 0.000000 0.000000 0.000000 0.000000 1.000000
0.928360 0.106263 -0.356168 0.000000 -0.369500 0.160176 -0.915322 44.493000 -0.040215 0.981352 0.187966 0.000000 0.000000 0.000000 0.000000 1.000000
0.927990 0.111449 -0.355547 0.000000 -0.369862 0.159959 -0.915213 44.493000 -0.045127 0.980812 0.189661 0.000000 0.000000 0.000000 0.000000 1.000000
0.928193 0.114329 -0.354099 0.000000 -0.369057 0.161441 -0.915278 44.493000 -0.047477 0.980238 0.192042 0.000000 0.000000 0.000000 0.000000 1.000000
0.928609 0.115367 -0.352670 0.000000 -0.367941 0.163321 -0.915394 44.493000 -0.048008 0.979804 0.194109 0.000000 0.000000 0.000000 0.000000 1.000000
0.928826 0.114901 -0.352249 0.000000 -0.367526 0.165195 -0.915224 44.493000 -0.046971 0.979545 0.195667 0.000000 0.000000 0.000000 0.000000 1.000000
0.928731 0.113978 -0.352799 -0.000000 -0.367971 0.167006 -0.914716 44.493000 -0.045338 0.979346 0.197045 0.000000 0.000000 0.000000 0.000000 1.000000</float_array>
        <technique_common>
          <accessor source="#mixamorig_LeftFoot-Matrix-animation-output-transform-array" count="50" stride="16">
            <param type="float4x4"/>
          </accessor>
        </technique_common>
      </source>
      <source id="mixamorig_LeftFoot-Interpolations">
        <Name_array id="mixamorig_LeftFoot-Interpolations-array" count="50">
 LINEAR LINEAR LINEAR LINEAR LINEAR LINEAR LINEAR LINEAR LINEAR LINEAR LINEAR
LINEAR LINEAR LINEAR LINEAR LINEAR LINEAR LINEAR LINEAR LINEAR LINEAR LINEAR LINEAR
LINEAR LINEAR LINEAR LINEAR LINEAR LINEAR LINEAR LINEAR LINEAR LINEAR LINEAR LINEAR
LINEAR LINEAR LINEAR LINEAR LINEAR LINEAR LINEAR LINEAR LINEAR LINEAR LINEAR LINEAR
LINEAR LINEAR LINEAR</Name_array>
        <technique_common>
          <accessor source="#mixamorig_LeftFoot-Interpolations-array" count="50">
            <param type="name"/>
          </accessor>
        </technique_common>
      </source>
      <sampler id="mixamorig_LeftFoot-Matrix-animation-transform">
        <input semantic="INPUT" source="#mixamorig_LeftFoot-Matrix-animation-input"/>
        <input semantic="OUTPUT" source="#mixamorig_LeftFoot-Matrix-animation-output-transform"/>
        <input semantic="INTERPOLATION" source="#mixamorig_LeftFoot-Interpolations"/>
      </sampler>
      <channel source="#mixamorig_LeftFoot-Matrix-animation-transform" target="mixamorig_LeftFoot/matrix"/>
    </animation>
    <animation id="mixamorig_LeftToeBase-anim" name="mixamorig_LeftToeBase">
      <source id="mixamorig_LeftToeBase-Matrix-animation-input">
        <float_array id="mixamorig_LeftToeBase-Matrix-animation-input-array" count="50">

0.000000 0.033333 0.066667 0.100000 0.133333 0.166667 0.200000 0.233333 0.266667 0.300000 0.333333 0.366667 0.400000 0.433333 0.466667 0.500000
0.533333 0.566667 0.600000 0.633333 0.666667 0.700000 0.733333 0.766667 0.800000 0.833333 0.866667 0.900000 0.933333 0.966667 1.000000 1.033333
1.066667 1.100000 1.133333 1.166667 1.200000 1.233333 1.266667 1.300000 1.333333 1.366667 1.400000 1.433333 1.466667 1.500000 1.533333 1.566667
1.600000 1.633333</float_array>
        <technique_common>
          <accessor source="#mixamorig_LeftToeBase-Matrix-animation-input-array" count="50">
            <param name="TIME" type="float"/>
          </accessor>
        </technique_common>
      </source>
      <source id="mixamorig_LeftToeBase-Matrix-animation-output-transform">
        <float_array id="mixamorig_LeftToeBase-Matrix-animation-output-transform-array" count="800">

0.995216 0.036592 -0.090585 0.000000 -0.087006 0.753686 -0.651450 20.000000 0.044435 0.656215 0.753265 0.000000 0.000000 0.000000 0.000000 1.000000
0.994560 0.057923 -0.086572 0.000000 -0.100340 0.755842 -0.647020 20.000000 0.027958 0.652187 0.757542 0.000000 0.000000 0.000000 0.000000 1.000000
0.993535 0.077930 -0.082555 0.000000 -0.112933 0.752693 -0.648613 20.000000 0.011592 0.653743 0.756628 0.000000 0.000000 0.000000 0.000000 1.000000
0.992462 0.094442 -0.078096 0.000000 -0.122526 0.752272 -0.647359 20.000000 -0.002388 0.652049 0.758173 -0.000000 0.000000 0.000000 0.000000 1.000000
0.992681 0.096835 -0.072163 0.000000 -0.120569 0.760490 -0.638058 20.000000 -0.006907 0.642089 0.766599 0.000000 0.000000 0.000000 0.000000 1.000000
0.995071 0.071807 -0.068397 0.000000 -0.098791 0.777899 -0.620575 20.000000 0.008644 0.624273 0.781158 -0.000000 0.000000 0.000000 0.000000 1.000000
0.993725 0.046783 -0.101593 -0.000000 -0.098023 0.801715 -0.589614 20.000000 0.053865 0.595873 0.801270 0.000000 0.000000 0.000000 0.000000 1.000000
0.991526 0.026237 -0.127229 0.000000 -0.095294 0.812521 -0.575091 20.000000 0.088287 0.582342 0.808136 0.000000 0.000000 0.000000 0.000000 1.000000
0.989963 0.015811 -0.140440 -0.000000 -0.094188 0.814675 -0.572218 20.000000 0.105365 0.579703 0.807987 -0.000000 0.000000 0.000000 0.000000 1.000000
0.989465 0.014609 -0.144031 0.000000 -0.094874 0.816907 -0.568912 20.000000 0.109349 0.576584 0.809687 0.000000 0.000000 0.000000 0.000000 1.000000
0.989580 0.013957 -0.143304 -0.000000 -0.092120 0.826294 -0.555655 20.000000 0.110656 0.563066 0.818970 0.000000 0.000000 0.000000 0.000000 1.000000
0.988944 0.004373 -0.148225 0.000000 -0.087248 0.825403 -0.557761 20.000000 0.119906 0.564526 0.816659 -0.000000 0.000000 0.000000 0.000000 1.000000
0.988744 -0.000493 -0.149614 0.000000 -0.083898 0.826150 -0.557170 20.000000 0.123878 0.563451 0.816809 -0.000000 0.000000 0.000000 0.000000 1.000000
0.989954 0.005136 -0.141294 0.000000 -0.084414 0.823148 -0.561517 20.000000 0.113422 0.567803 0.815313 -0.000000 0.000000 0.000000 0.000000 1.000000
0.991168 0.012335 -0.132038 0.000000 -0.086474 0.814980 -0.573001 20.000000 0.100540 0.579358 0.808849 -0.000000 0.000000 0.000000 0.000000 1.000000
0.990251 0.003419 -0.139250 0.000000 -0.085076 0.806408 -0.585208 20.000000 0.110291 0.591350 0.798837 -0.000000 0.000000 0.000000 0.000000 1.000000
0.990393 0.004342 -0.138211 0.000000 -0.086435 0.799616 -0.594258 20.000000 0.107936 0.600496 0.792310 0.000000 0.000000 0.000000 0.000000 1.000000
0.983137 0.006392 -0.182759 -0.000000 -0.117656 0.787183 -0.605392 20.000000 0.139995 0.616686 0.774661 -0.000000 0.000000 0.000000 0.000000 1.000000
0.971403 -0.009447 -0.237247 -0.000000 -0.143296 0.773393 -0.617519 20.000000 0.189319 0.633856 0.749923 0.000000 0.000000 0.000000 0.000000 1.000000
0.982362 -0.009356 -0.186753 -0.000000 -0.105266 0.797778 -0.593691 20.000000 0.154542 0.602878 0.782723 0.000000 0.000000 0.000000 0.000000 1.000000
0.986415 -0.014873 -0.163598 -0.000000 -0.086810 0.798285 -0.595990 20.000000 0.139462 0.602096 0.786150 0.000000 0.000000 0.000000 0.000000 1.000000
0.992397 0.000609 -0.123076 -0.000000 -0.080774 0.757724 -0.647556 20.000000 0.092864 0.652574 0.752013 0.000000 0.000000 0.000000 0.000000 1.000000
0.994351 0.028026 -0.102371 0.000000 -0.089592 0.738778 -0.667967 20.000000 0.056909 0.673366 0.737116 0.000000 0.000000 0.000000 0.000000 1.000000
0.995272 0.045706 -0.085698 0.000000 -0.091320 0.740835 -0.665451 20.000000 0.033073 0.670131 0.741506 0.000000 0.000000 0.000000 0.000000 1.000000
0.996062 0.047022 -0.075163 0.000000 -0.084968 0.748371 -0.657815 20.000000 0.025318 0.661611 0.749419 0.000000 0.000000 0.000000 0.000000 1.000000
0.996439 0.049456 -0.068295 0.000000 -0.082040 0.755755 -0.649695 20.000000 0.019483 0.652984 0.757121 -0.000000 0.000000 0.000000 0.000000 1.000000
0.996663 0.051575 -0.063273 0.000000 -0.080228 0.761914 -0.642690 20.000000 0.015062 0.645622 0.763509 0.000000 0.000000 0.000000 0.000000 1.000000
0.996719 0.053100 -0.061083 0.000000 -0.079886 0.766662 -0.637061 20.000000 0.013002 0.639851 0.768389 -0.000000 0.000000 0.000000 0.000000 1.000000
0.996747 0.053792 -0.060012 -0.000000 -0.079652 0.770944 -0.631903 20.000000 0.012275 0.634627 0.772721 0.000000 0.000000 0.000000 0.000000 1.000000
0.996841 0.052969 -0.059176 0.000000 -0.078417 0.774492 -0.627704 20.000000 0.012583 0.630362 0.776199 0.000000 0.000000 0.000000 0.000000 1.000000
0.997000 0.050456 -0.058692 0.000000 -0.076110 0.776924 -0.624977 20.000000 0.014066 0.627570 0.778433 0.000000 0.000000 0.000000 0.000000 1.000000
0.997239 0.045914 -0.058367 0.000000 -0.072317 0.779120 -0.622690 20.000000 0.016885 0.625191 0.780289 0.000000 0.000000 0.000000 0.000000 1.000000
0.997504 0.040016 -0.058168 0.000000 -0.067533 0.781090 -0.620756 20.000000 0.020594 0.623135 0.781843 0.000000 0.000000 0.000000 0.000000 1.000000
0.997744 0.033426 -0.058216 0.000000 -0.062375 0.782175 -0.619929 20.000000 0.024813 0.622162 0.782496 0.000000 0.000000 0.000000 0.000000 1.000000
0.997914 0.026675 -0.058784 0.000000 -0.057510 0.780979 -0.621904 20.000000 0.029320 0.623987 0.780884 0.000000 0.000000 0.000000 0.000000 1.000000
0.998002 0.021201 -0.059525 0.000000 -0.053828 0.778637 -0.625162 20.000000 0.033094 0.627117 0.778222 -0.000000 0.000000 0.000000 0.000000 1.000000
0.998028 0.017500 -0.060286 0.000000 -0.051593 0.775745 -0.628933 20.000000 0.035760 0.630803 0.775118 0.000000 0.000000 0.000000 0.000000 1.000000
0.998019 0.015164 -0.061058 0.000000 -0.050467 0.772468 -0.633045 20.000000 0.037566 0.634872 0.771703 0.000000 0.000000 0.000000 0.000000 1.000000
0.997957 0.016366 -0.061755 0.000000 -0.052039 0.768983 -0.637147 20.000000 0.037061 0.639059 0.768264 0.000000 0.000000 0.000000 0.000000 1.000000
0.997828 0.021461 -0.062283 0.000000 -0.056455 0.765817 -0.640575 20.000000 0.033950 0.642700 0.765365 0.000000 0.000000 0.000000 0.000000 1.000000
0.997518 0.027516 -0.064810 -0.000000 -0.062848 0.762958 -0.643385 20.000000 0.031744 0.645862 0.762794 0.000000 0.000000 0.000000 0.000000 1.000000
0.996335 0.032733 -0.079026 0.000000 -0.076236 0.758777 -0.646874 20.000000 0.038789 0.650527 0.758492 -0.000000 0.000000 0.000000 0.000000 1.000000
0.995133 0.036120 -0.091686 0.000000 -0.087154 0.756817 -0.647790 20.000000 0.045992 0.652628 0.756281 -0.000000 0.000000 0.000000 0.000000 1.000000
0.995216 0.036591 -0.090584 -0.000000 -0.087006 0.753686 -0.651450 20.000000 0.044435 0.656215 0.753265 0.000000 0.000000 0.000000 0.000000 1.000000
0.995216 0.036592 -0.090584 0.000000 -0.087006 0.753687 -0.651449 20.000000 0.044435 0.656214 0.753265 0.000000 0.000000 0.000000 0.000000 1.000000
0.995216 0.036592 -0.090584 0.000000 -0.087006 0.753687 -0.651450 20.000000 0.044435 0.656215 0.753265 0.000000 0.000000 0.000000 0.000000 1.000000
0.995216 0.036592 -0.090584 0.000000 -0.087006 0.753687 -0.651449 20.000000 0.044435 0.656214 0.753265 0.000000 0.000000 0.000000 0.000000 1.000000
0.995216 0.036592 -0.090584 0.000000 -0.087006 0.753687 -0.651449 20.000000 0.044435 0.656214 0.753265 0.000000 0.000000 0.000000 0.000000 1.000000
0.995216 0.036592 -0.090585 0.000000 -0.087006 0.753687 -0.651449 20.000000 0.044435 0.656214 0.753265 -0.000000 0.000000 0.000000 0.000000 1.000000
0.995216 0.036592 -0.090584 0.000000 -0.087006 0.753687 -0.651449 20.000000 0.044435 0.656214 0.753265 0.000000 0.000000 0.000000 0.000000 1.000000</float_array>
        <technique_common>
          <accessor source="#mixamorig_LeftToeBase-Matrix-animation-output-transform-array" count="50" stride="16">
            <param type="float4x4"/>
          </accessor>
        </technique_common>
      </source>
      <source id="mixamorig_LeftToeBase-Interpolations">
        <Name_array id="mixamorig_LeftToeBase-Interpolations-array" count="50">
 LINEAR LINEAR LINEAR LINEAR LINEAR LINEAR LINEAR LINEAR LINEAR LINEAR LINEAR
LINEAR LINEAR LINEAR LINEAR LINEAR LINEAR LINEAR LINEAR LINEAR LINEAR LINEAR LINEAR
LINEAR LINEAR LINEAR LINEAR LINEAR LINEAR LINEAR LINEAR LINEAR LINEAR LINEAR LINEAR
LINEAR LINEAR LINEAR LINEAR LINEAR LINEAR LINEAR LINEAR LINEAR LINEAR LINEAR LINEAR
LINEAR LINEAR LINEAR</Name_array>
        <technique_common>
          <accessor source="#mixamorig_LeftToeBase-Interpolations-array" count="50">
            <param type="name"/>
          </accessor>
        </technique_common>
      </source>
      <sampler id="mixamorig_LeftToeBase-Matrix-animation-transform">
        <input semantic="INPUT" source="#mixamorig_LeftToeBase-Matrix-animation-input"/>
        <input semantic="OUTPUT" source="#mixamorig_LeftToeBase-Matrix-animation-output-transform"/>
        <input semantic="INTERPOLATION" source="#mixamorig_LeftToeBase-Interpolations"/>
      </sampler>
      <channel source="#mixamorig_LeftToeBase-Matrix-animation-transform" target="mixamorig_LeftToeBase/matrix"/>
    </animation>
  </library_animations>
  <library_visual_scenes>
    <visual_scene id="RootNode" name="RootNode">
      <node id="mixamorig_Hips" name="mixamorig_Hips" sid="mixamorig_Hips" type="JOINT">
        <matrix sid="matrix">0.636210 0.128210 0.760789 0.761625 -0.042081 0.990394 -0.131714 89.285011 -0.770368 0.051783 0.635494 0.505865 0.000000 0.000000 0.000000 1.000000</matrix>
        <node id="mixamorig_Spine" name="mixamorig_Spine" sid="mixamorig_Spine" type="JOINT">
          <matrix sid="matrix">0.997918 -0.033776 -0.054935 -0.038100 0.031275 0.998462 -0.045768 9.490500 0.056397 0.043955 0.997440 -1.392100 0.000000 0.000000 0.000000 1.000000</matrix>
          <node id="mixamorig_Spine1" name="mixamorig_Spine1" sid="mixamorig_Spine1" type="JOINT">
            <matrix sid="matrix">0.992458 -0.059485 -0.107182 0.000000 0.048216 0.993321 -0.104823 11.190800 0.112702 0.098865 0.988698 0.000000 0.000000 0.000000 0.000000 1.000000</matrix>
            <node id="mixamorig_Spine2" name="mixamorig_Spine2" sid="mixamorig_Spine2" type="JOINT">
              <matrix sid="matrix">0.992693 -0.048869 -0.110329 -0.000000 0.044252 0.998055 -0.043918 12.789500 0.112261 0.038714 0.992924 0.000000 0.000000 0.000000 0.000000 1.000000</matrix>
              <node id="mixamorig_Neck" name="mixamorig_Neck" sid="mixamorig_Neck" type="JOINT">
                <matrix sid="matrix">0.986666 -0.004572 -0.162694 -0.056900 -0.001954 0.999201 -0.039925 14.235800 0.162747 0.039711 0.985868 -2.088100 0.000000 0.000000 0.000000 1.000000</matrix>
                <node id="mixamorig_Head" name="mixamorig_Head" sid="mixamorig_Head" type="JOINT">
                  <matrix sid="matrix">0.917659 -0.056501 -0.393331 0.000000 0.089684 0.993749 0.066488 3.280200 0.387115 -0.096289 0.916990 0.313300 0.000000 0.000000 0.000000 1.000000</matrix>
                  <node id="mixamorig_HeadTop_End" name="mixamorig_HeadTop_End" sid="mixamorig_HeadTop_End" type="JOINT">
                    <matrix sid="matrix">1.000000 -0.000000 0.000000 0.000000 -0.000000 1.000000 -0.000000 25.653500 -0.000000 0.000000 1.000000 2.450500 0.000000 0.000000 0.000000 1.000000</matrix>
                  </node>
                </node>
              </node>
              <node id="mixamorig_LeftShoulder" name="mixamorig_LeftShoulder" sid="mixamorig_LeftShoulder" type="JOINT">
                <matrix sid="matrix">0.415830 0.881548 -0.223514 6.728800 -0.081445 -0.208685 -0.974586 11.756600 -0.905788 0.423466 -0.014980 -2.058500 0.000000 0.000000 0.000000 1.000000</matrix>
                <node id="mixamorig_LeftArm" name="mixamorig_LeftArm" sid="mixamorig_LeftArm" type="JOINT">
                  <matrix sid="matrix">0.813920 0.403317 -0.418174 -0.000000 -0.580056 0.604660 -0.545823 14.448800 0.032714 0.686820 0.726091 0.000000 0.000000 0.000000 0.000000 1.000000</matrix>
                  <node id="mixamorig_LeftForeArm" name="mixamorig_LeftForeArm" sid="mixamorig_LeftForeArm" type="JOINT">
                    <matrix sid="matrix">0.661911 -0.741067 -0.112664 -0.000000 0.705053 0.666550 -0.242099 23.160299 0.254508 0.080814 0.963688 0.000000 0.000000 0.000000 0.000000 1.000000</matrix>
                    <node id="mixamorig_LeftHand" name="mixamorig_LeftHand" sid="mixamorig_LeftHand" type="JOINT">
                      <matrix sid="matrix">0.813014 -0.577493 0.074227 0.000000 0.582243 0.806107 -0.105759 24.071800 0.001240 0.129201 0.991618 0.000000 0.000000 0.000000 0.000000 1.000000</matrix>
                      <node id="mixamorig_LeftHandThumb1" name="mixamorig_LeftHandThumb1" sid="mixamorig_LeftHandThumb1" type="JOINT">
                        <matrix sid="matrix">0.162847 -0.401708 0.901172 -1.509000 0.683730 0.704441 0.190460 4.173400 -0.711332 0.585143 0.389376 1.926500 0.000000 0.000000 0.000000 1.000000</matrix>
                        <node id="mixamorig_LeftHandThumb2" name="mixamorig_LeftHandThumb2" sid="mixamorig_LeftHandThumb2" type="JOINT">
                          <matrix sid="matrix">0.966720 0.168390 -0.192609 0.000000 -0.187540 0.978501 -0.085818 3.870400 0.174017 0.119083 0.977516 0.000000 0.000000 0.000000 0.000000 1.000000</matrix>
                          <node id="mixamorig_LeftHandThumb3" name="mixamorig_LeftHandThumb3" sid="mixamorig_LeftHandThumb3" type="JOINT">
                            <matrix sid="matrix">0.834774 0.545640 -0.073679 -0.000000 -0.547725 0.809318 -0.212137 4.710600 -0.056121 0.217442 0.974459 -0.000000 0.000000 0.000000 0.000000 1.000000</matrix>
                            <node id="mixamorig_LeftHandThumb4" name="mixamorig_LeftHandThumb4" sid="mixamorig_LeftHandThumb4" type="JOINT">
                              <matrix sid="matrix">1.000000 -0.000000 0.000000 0.000000 -0.000000 1.000000 -0.000000 3.830400 0.000000 -0.000000 1.000000 0.000000 0.000000 0.000000 0.000000 1.000000</matrix>
                            </node>
                          </node>
                        </node>
                      </node>
                      <node id="mixamorig_LeftHandIndex1" name="mixamorig_LeftHandIndex1" sid="mixamorig_LeftHandIndex1" type="JOINT">
                        <matrix sid="matrix">0.986395 -0.045835 0.157875 -2.855500 0.131995 0.793267 -0.594394 14.669400 -0.097993 0.607146 0.788525 0.398800 0.000000 0.000000 0.000000 1.000000</matrix>
                        <node id="mixamorig_LeftHandIndex2" name="mixamorig_LeftHandIndex2" sid="mixamorig_LeftHandIndex2" type="JOINT">
                          <matrix sid="matrix">0.997605 -0.006902 0.068816 0.000000 0.066699 0.359191 -0.930878 3.248600 -0.018293 0.933239 0.358791 0.000000 0.000000 0.000000 0.000000 1.000000</matrix>
                          <node id="mixamorig_LeftHandIndex3" name="mixamorig_LeftHandIndex3" sid="mixamorig_LeftHandIndex3" type="JOINT">
                            <matrix sid="matrix">0.998568 -0.016908 0.050759 -0.000000 0.052787 0.465791 -0.883319 2.659600 -0.008708 0.884733 0.466016 0.000000 0.000000 0.000000 0.000000 1.000000</matrix>
                            <node id="mixamorig_LeftHandIndex4" name="mixamorig_LeftHandIndex4" sid="mixamorig_LeftHandIndex4" type="JOINT">
                              <matrix sid="matrix">1.000000 -0.000000 0.000000 0.000000 -0.000000 1.000000 -0.000000 3.633200 0.000000 0.000000 1.000000 -0.000000 0.000000 0.000000 0.000000 1.000000</matrix>
                            </node>
                          </node>
                        </node>
                      </node>
                      <node id="mixamorig_LeftHandMiddle1" name="mixamorig_LeftHandMiddle1" sid="mixamorig_LeftHandMiddle1" type="JOINT">
                        <matrix sid="matrix">0.999456 -0.024822 0.021721 0.000000 0.032911 0.706714 -0.706733 14.409800 0.002192 0.707064 0.707147 -0.000000 0.000000 0.000000 0.000000 1.000000</matrix>
                        <node id="mixamorig_LeftHandMiddle2" name="mixamorig_LeftHandMiddle2" sid="mixamorig_LeftHandMiddle2" type="JOINT">
                          <matrix sid="matrix">0.998229 -0.039528 0.044466 -0.000000 0.055900 0.367263 -0.928436 3.259100 0.020368 0.929277 0.368822 0.000000 0.000000 0.000000 0.000000 1.000000</matrix>
                          <node id="mixamorig_LeftHandMiddle3" name="mixamorig_LeftHandMiddle3" sid="mixamorig_LeftHandMiddle3" type="JOINT">
                            <matrix sid="matrix">0.999366 -0.034587 0.008491 0.000000 0.031647 0.753099 -0.657145 2.639900 0.016334 0.656997 0.753716 0.000000 0.000000 0.000000 0.000000 1.000000</matrix>
                            <node id="mixamorig_LeftHandMiddle4" name="mixamorig_LeftHandMiddle4" sid="mixamorig_LeftHandMiddle4" type="JOINT">
                              <matrix sid="matrix">1.000000 0.000000 0.000000 0.000000 0.000000 1.000000 0.000000 3.673900 0.000000 0.000000 1.000000 0.000000 0.000000 0.000000 0.000000 1.000000</matrix>
                            </node>
                          </node>
                        </node>
                      </node>
                      <node id="mixamorig_LeftHandRing1" name="mixamorig_LeftHandRing1" sid="mixamorig_LeftHandRing1" type="JOINT">
                        <matrix sid="matrix">0.995481 -0.089986 -0.030333 3.304900 0.021231 0.522250 -0.852528 13.191500 0.092557 0.848032 0.521800 -0.322000 0.000000 0.000000 0.000000 1.000000</matrix>
                        <node id="mixamorig_LeftHandRing2" name="mixamorig_LeftHandRing2" sid="mixamorig_LeftHandRing2" type="JOINT">
                          <matrix sid="matrix">0.999492 -0.029131 0.012926 0.000000 0.029098 0.668701 -0.742962 2.717600 0.013000 0.742960 0.669209 0.000000 0.000000 0.000000 0.000000 1.000000</matrix>
                          <node id="mixamorig_LeftHandRing3" name="mixamorig_LeftHandRing3" sid="mixamorig_LeftHandRing3" type="JOINT">
                            <matrix sid="matrix">0.999383 -0.030506 0.017428 0.000000 0.032117 0.592178 -0.805167 2.134500 0.014242 0.805230 0.592792 -0.000000 0.000000 0.000000 0.000000 1.000000</matrix>
                            <node id="mixamorig_LeftHandRing4" name="mixamorig_LeftHandRing4" sid="mixamorig_LeftHandRing4" type="JOINT">
                              <matrix sid="matrix">1.000000 0.000000 0.000000 0.000000 0.000000 1.000000 -0.000000 2.786900 0.000000 0.000000 1.000000 -0.000000 0.000000 0.000000 0.000000 1.000000</matrix>
                            </node>
                          </node>
                        </node>
                      </node>
                      <node id="mixamorig_LeftHandPinky1" name="mixamorig_LeftHandPinky1" sid="mixamorig_LeftHandPinky1" type="JOINT">
                        <matrix sid="matrix">0.977611 0.010419 -0.210162 5.614200 -0.162922 0.669555 -0.724674 11.636400 0.133164 0.742690 0.656262 0.516600 0.000000 0.000000 0.000000 1.000000</matrix>
                        <node id="mixamorig_LeftHandPinky2" name="mixamorig_LeftHandPinky2" sid="mixamorig_LeftHandPinky2" type="JOINT">
                          <matrix sid="matrix">0.999596 -0.025380 0.012796 -0.000000 0.026901 0.699403 -0.714221 1.559400 0.009177 0.714276 0.699804 0.000000 0.000000 0.000000 0.000000 1.000000</matrix>
                          <node id="mixamorig_LeftHandPinky3" name="mixamorig_LeftHandPinky3" sid="mixamorig_LeftHandPinky3" type="JOINT">
                            <matrix sid="matrix">0.999862 -0.016455 -0.002116 -0.000000 0.014022 0.906317 -0.422365 1.540600 0.008868 0.422277 0.906423 0.000000 0.000000 0.000000 0.000000 1.000000</matrix>
                            <node id="mixamorig_LeftHandPinky4" name="mixamorig_LeftHandPinky4" sid="mixamorig_LeftHandPinky4" type="JOINT">
                              <matrix sid="matrix">1.000000 -0.000000 -0.000000 0.000000 -0.000000 1.000000 -0.000000 1.668700 0.000000 0.000000 1.000000 0.000000 0.000000 0.000000 0.000000 1.000000</matrix>
                            </node>
                          </node>
                        </node>
                      </node>
                    </node>
                  </node>
                </node>
              </node>
              <node id="mixamorig_RightShoulder" name="mixamorig_RightShoulder" sid="mixamorig_RightShoulder" type="JOINT">
                <matrix sid="matrix">0.282476 -0.923901 0.258096 -6.728800 0.032494 -0.259684 -0.965147 11.756700 0.958724 0.281017 -0.043333 -2.058500 0.000000 0.000000 0.000000 1.000000</matrix>
                <node id="mixamorig_RightArm" name="mixamorig_RightArm" sid="mixamorig_RightArm" type="JOINT">
                  <matrix sid="matrix">0.982097 0.102322 0.158162 -0.000000 0.000232 0.838958 -0.544196 14.448800 -0.188374 0.534490 0.823915 0.000000 0.000000 0.000000 0.000000 1.000000</matrix>
                  <node id="mixamorig_RightForeArm" name="mixamorig_RightForeArm" sid="mixamorig_RightForeArm" type="JOINT">
                    <matrix sid="matrix">0.829687 0.491812 0.264085 0.000000 -0.435015 0.866096 -0.246250 23.160299 -0.349832 0.089430 0.932534 -0.000000 0.000000 0.000000 0.000000 1.000000</matrix>
                    <node id="mixamorig_RightHand" name="mixamorig_RightHand" sid="mixamorig_RightHand" type="JOINT">
                      <matrix sid="matrix">0.997992 0.048662 -0.040534 0.000000 -0.043513 0.991886 0.119451 24.071699 0.046018 -0.117448 0.992012 0.000000 0.000000 0.000000 0.000000 1.000000</matrix>
                      <node id="mixamorig_RightHandThumb1" name="mixamorig_RightHandThumb1" sid="mixamorig_RightHandThumb1" type="JOINT">
                        <matrix sid="matrix">0.686582 0.471981 -0.553026 1.509000 -0.625984 0.770631 -0.119462 4.173400 0.369795 0.428206 0.824555 1.927000 0.000000 0.000000 0.000000 1.000000</matrix>
                        <node id="mixamorig_RightHandThumb2" name="mixamorig_RightHandThumb2" sid="mixamorig_RightHandThumb2" type="JOINT">
                          <matrix sid="matrix">0.976106 -0.113704 0.185171 0.000000 0.134086 0.985757 -0.101513 3.870400 -0.170991 0.123917 0.977449 0.000000 0.000000 0.000000 0.000000 1.000000</matrix>
                          <node id="mixamorig_RightHandThumb3" name="mixamorig_RightHandThumb3" sid="mixamorig_RightHandThumb3" type="JOINT">
                            <matrix sid="matrix">0.985863 -0.167546 -0.001642 -0.000000 0.167157 0.984156 -0.059125 4.710300 0.011522 0.058015 0.998249 -0.000000 0.000000 0.000000 0.000000 1.000000</matrix>
                            <node id="mixamorig_RightHandThumb4" name="mixamorig_RightHandThumb4" sid="mixamorig_RightHandThumb4" type="JOINT">
                              <matrix sid="matrix">1.000000 -0.000000 0.000000 0.000000 -0.000000 1.000000 0.000000 3.830400 0.000000 0.000000 1.000000 0.000000 0.000000 0.000000 0.000000 1.000000</matrix>
                            </node>
                          </node>
                        </node>
                      </node>
                      <node id="mixamorig_RightHandIndex1" name="mixamorig_RightHandIndex1" sid="mixamorig_RightHandIndex1" type="JOINT">
                        <matrix sid="matrix">0.994699 0.100621 0.021190 2.855500 -0.100578 0.994924 -0.003077 14.669400 -0.021392 0.000929 0.999771 0.399000 0.000000 0.000000 0.000000 1.000000</matrix>
                        <node id="mixamorig_RightHandIndex2" name="mixamorig_RightHandIndex2" sid="mixamorig_RightHandIndex2" type="JOINT">
                          <matrix sid="matrix">0.999991 0.003461 -0.002616 0.000000 -0.003660 0.996770 -0.080226 3.248600 0.002329 0.080235 0.996773 0.000000 0.000000 0.000000 0.000000 1.000000</matrix>
                          <node id="mixamorig_RightHandIndex3" name="mixamorig_RightHandIndex3" sid="mixamorig_RightHandIndex3" type="JOINT">
                            <matrix sid="matrix">0.999966 0.007971 -0.002017 0.000000 -0.008167 0.991258 -0.131682 2.659600 0.000950 0.131694 0.991290 0.000000 0.000000 0.000000 0.000000 1.000000</matrix>
                            <node id="mixamorig_RightHandIndex4" name="mixamorig_RightHandIndex4" sid="mixamorig_RightHandIndex4" type="JOINT">
                              <matrix sid="matrix">1.000000 0.000000 0.000000 0.000000 0.000000 1.000000 0.000000 3.633100 0.000000 -0.000000 1.000000 0.000000 0.000000 0.000000 0.000000 1.000000</matrix>
                            </node>
                          </node>
                        </node>
                      </node>
                      <node id="mixamorig_RightHandMiddle1" name="mixamorig_RightHandMiddle1" sid="mixamorig_RightHandMiddle1" type="JOINT">
                        <matrix sid="matrix">0.996167 -0.083429 -0.026269 -0.000000 0.081092 0.993483 -0.080101 14.409800 0.032781 0.077663 0.996441 0.000000 0.000000 0.000000 0.000000 1.000000</matrix>
                        <node id="mixamorig_RightHandMiddle2" name="mixamorig_RightHandMiddle2" sid="mixamorig_RightHandMiddle2" type="JOINT">
                          <matrix sid="matrix">0.999800 0.015892 -0.012134 0.000000 -0.018212 0.974272 -0.224638 3.259100 0.008252 0.224814 0.974367 0.000000 0.000000 0.000000 0.000000 1.000000</matrix>
                          <node id="mixamorig_RightHandMiddle3" name="mixamorig_RightHandMiddle3" sid="mixamorig_RightHandMiddle3" type="JOINT">
                            <matrix sid="matrix">0.999647 0.020146 -0.017318 -0.000000 -0.024246 0.958287 -0.284778 2.639800 0.010859 0.285097 0.958437 0.000000 0.000000 0.000000 0.000000 1.000000</matrix>
                            <node id="mixamorig_RightHandMiddle4" name="mixamorig_RightHandMiddle4" sid="mixamorig_RightHandMiddle4" type="JOINT">
                              <matrix sid="matrix">1.000000 -0.000000 0.000000 0.000000 0.000000 1.000000 0.000000 3.673900 0.000000 0.000000 1.000000 0.000000 0.000000 0.000000 0.000000 1.000000</matrix>
                            </node>
                          </node>
                        </node>
                      </node>
                      <node id="mixamorig_RightHandRing1" name="mixamorig_RightHandRing1" sid="mixamorig_RightHandRing1" type="JOINT">
                        <matrix sid="matrix">0.989127 -0.146006 -0.017615 -3.304900 0.137485 0.960562 -0.241699 13.191500 0.052210 0.236649 0.970191 -0.322000 0.000000 0.000000 0.000000 1.000000</matrix>
                        <node id="mixamorig_RightHandRing2" name="mixamorig_RightHandRing2" sid="mixamorig_RightHandRing2" type="JOINT">
                          <matrix sid="matrix">0.999864 0.014198 0.008350 -0.000000 -0.010730 0.946063 -0.323804 2.717600 -0.012497 0.323671 0.946087 0.000000 0.000000 0.000000 0.000000 1.000000</matrix>
                          <node id="mixamorig_RightHandRing3" name="mixamorig_RightHandRing3" sid="mixamorig_RightHandRing3" type="JOINT">
                            <matrix sid="matrix">0.999829 0.017146 0.006937 -0.000000 -0.013288 0.926731 -0.375490 2.134500 -0.012867 0.375333 0.926801 0.000000 0.000000 0.000000 0.000000 1.000000</matrix>
                            <node id="mixamorig_RightHandRing4" name="mixamorig_RightHandRing4" sid="mixamorig_RightHandRing4" type="JOINT">
                              <matrix sid="matrix">1.000000 -0.000000 0.000000 0.000000 -0.000000 1.000000 0.000000 2.786800 0.000000 -0.000000 1.000000 -0.000000 0.000000 0.000000 0.000000 1.000000</matrix>
                            </node>
                          </node>
                        </node>
                      </node>
                      <node id="mixamorig_RightHandPinky1" name="mixamorig_RightHandPinky1" sid="mixamorig_RightHandPinky1" type="JOINT">
                        <matrix sid="matrix">0.993453 -0.113870 0.009191 -5.922000 0.108846 0.919041 -0.378835 11.636400 0.034691 0.377356 0.925418 0.517000 0.000000 0.000000 0.000000 1.000000</matrix>
                        <node id="mixamorig_RightHandPinky2" name="mixamorig_RightHandPinky2" sid="mixamorig_RightHandPinky2" type="JOINT">
                          <matrix sid="matrix">0.999887 0.008376 0.012457 0.000000 -0.004432 0.957583 -0.288124 1.559300 -0.014342 0.288037 0.957512 0.000000 0.000000 0.000000 0.000000 1.000000</matrix>
                          <node id="mixamorig_RightHandPinky3" name="mixamorig_RightHandPinky3" sid="mixamorig_RightHandPinky3" type="JOINT">
                            <matrix sid="matrix">0.999222 0.023378 0.031762 0.000000 -0.001158 0.822404 -0.568903 1.540600 -0.039421 0.568424 0.821791 0.000000 0.000000 0.000000 0.000000 1.000000</matrix>
                            <node id="mixamorig_RightHandPinky4" name="mixamorig_RightHandPinky4" sid="mixamorig_RightHandPinky4" type="JOINT">
                              <matrix sid="matrix">1.000000 -0.000000 0.000000 0.000000 -0.000000 1.000000 0.000000 1.668700 0.000000 0.000000 1.000000 0.000000 0.000000 0.000000 0.000000 1.000000</matrix>
                            </node>
                          </node>
                        </node>
                      </node>
                    </node>
                  </node>
                </node>
              </node>
            </node>
          </node>
        </node>
        <node id="mixamorig_RightUpLeg" name="mixamorig_RightUpLeg" sid="mixamorig_RightUpLeg" type="JOINT">
          <matrix sid="matrix">-0.655520 -0.592562 -0.468150 -9.941000 -0.034962 -0.595442 0.802637 -5.272400 -0.754368 0.542512 0.369606 -1.010900 0.000000 0.000000 0.000000 1.000000</matrix>
          <node id="mixamorig_RightLeg" name="mixamorig_RightLeg" sid="mixamorig_RightLeg" type="JOINT">
            <matrix sid="matrix">0.939244 0.083224 -0.333007 -0.000000 0.206395 0.638250 0.741645 43.364799 0.274265 -0.765317 0.582296 0.000000 0.000000 0.000000 0.000000 1.000000</matrix>
            <node id="mixamorig_RightFoot" name="mixamorig_RightFoot" sid="mixamorig_RightFoot" type="JOINT">
              <matrix sid="matrix">0.986464 0.030808 0.161057 0.000000 0.105648 0.631754 -0.767936 44.493000 -0.125407 0.774557 0.619948 -0.000000 0.000000 0.000000 0.000000 1.000000</matrix>
              <node id="mixamorig_RightToeBase" name="mixamorig_RightToeBase" sid="mixamorig_RightToeBase" type="JOINT">
                <matrix sid="matrix">0.994511 -0.089204 0.054687 0.000000 0.102592 0.728608 -0.677204 20.000000 0.020564 0.679097 0.733761 0.000000 0.000000 0.000000 0.000000 1.000000</matrix>
                <node id="mixamorig_RightToe_End" name="mixamorig_RightToe_End" sid="mixamorig_RightToe_End" type="JOINT">
                  <matrix sid="matrix">1.000000 0.000000 0.000000 0.000000 -0.000000 1.000000 -0.000000 10.000000 -0.000000 0.000000 1.000000 0.000000 0.000000 0.000000 0.000000 1.000000</matrix>
                </node>
              </node>
            </node>
          </node>
        </node>
        <node id="mixamorig_LeftUpLeg" name="mixamorig_LeftUpLeg" sid="mixamorig_LeftUpLeg" type="JOINT">
          <matrix sid="matrix">-0.915134 0.403111 0.005553 9.618300 -0.326768 -0.749748 0.575413 -5.272300 0.236119 0.524766 0.817844 -1.010900 0.000000 0.000000 0.000000 1.000000</matrix>
          <node id="mixamorig_LeftLeg" name="mixamorig_LeftLeg" sid="mixamorig_LeftLeg" type="JOINT">
            <matrix sid="matrix">0.992617 -0.119334 0.021688 0.000000 0.042095 0.506648 0.861125 43.365002 -0.113750 -0.853854 0.507931 0.000000 0.000000 0.000000 0.000000 1.000000</matrix>
            <node id="mixamorig_LeftFoot" name="mixamorig_LeftFoot" sid="mixamorig_LeftFoot" type="JOINT">
              <matrix sid="matrix">0.928682 0.114048 -0.352907 -0.000000 -0.368096 0.167109 -0.914647 44.493000 -0.045340 0.979320 0.197172 0.000000 0.000000 0.000000 0.000000 1.000000</matrix>
              <node id="mixamorig_LeftToeBase" name="mixamorig_LeftToeBase" sid="mixamorig_LeftToeBase" type="JOINT">
                <matrix sid="matrix">0.995216 0.036592 -0.090585 0.000000 -0.087006 0.753686 -0.651450 20.000000 0.044435 0.656215 0.753265 0.000000 0.000000 0.000000 0.000000 1.000000</matrix>
                <node id="mixamorig_LeftToe_End" name="mixamorig_LeftToe_End" sid="mixamorig_LeftToe_End" type="JOINT">
                  <matrix sid="matrix">1.000000 -0.000000 -0.000000 0.000000 -0.000000 1.000000 0.000000 10.000000 0.000000 0.000000 1.000000 0.000000 0.000000 0.000000 0.000000 1.000000</matrix>
                </node>
              </node>
            </node>
          </node>
        </node>
      </node>
    </visual_scene>
  </library_visual_scenes>
  <scene>
    <instance_visual_scene url="#RootNode"/>
  </scene>
</COLLADA>
